system_id,timestamp,ac_power,poa_irradiance,ambient_temp,sin_hora,cos_hora,sin_dia_anual,cos_dia_anual,max_ac_power_system,global_max_ac_power_system,ac_power_norm,experiment,predicted_ac_power_norm,predicted_ac_power,residual_ac_power_norm,residual_ac_power,target
1239,2019-08-31 06:00:00,280.0,55.13025,11.747224562000005,1.0,6.123233995736766e-17,-0.8631421280499115,-0.5049610547215202,18550.0,18550.0,0.01509433962264151,regresion_individual_normalizada,0.03820544799159627,708.7110602441107,-0.023111108368954757,-428.71106024411074,ac_power_norm
1239,2019-08-31 07:00:00,2855.0,203.21975,15.266947065800004,0.9659258262890684,-0.2588190451025206,-0.8631421280499115,-0.5049610547215202,18550.0,18550.0,0.15390835579514825,regresion_individual_normalizada,0.18659654677012663,3461.365942585849,-0.03268819097497838,-606.3659425858491,ac_power_norm
1239,2019-08-31 08:00:00,6860.0,377.35825,16.932086087900004,0.8660254037844387,-0.4999999999999998,-0.8631421280499115,-0.5049610547215202,18550.0,18550.0,0.36981132075471695,regresion_individual_normalizada,0.3622121984591304,6719.036281416868,0.007599122295586569,140.9637185831316,ac_power_norm
1239,2019-08-31 09:00:00,10375.0,449.9938,19.347225170000005,0.7071067811865476,-0.7071067811865475,-0.8631421280499115,-0.5049610547215202,18550.0,18550.0,0.5592991913746631,regresion_individual_normalizada,0.44627271294151744,8278.358825065148,0.11302647843314567,2096.6411749348517,ac_power_norm
1239,2019-08-31 10:00:00,12405.0,614.0664999999999,21.1465308695,0.4999999999999999,-0.8660254037844387,-0.8631421280499115,-0.5049610547215202,18550.0,18550.0,0.668733153638814,regresion_individual_normalizada,0.6169121953246992,11443.72122327317,0.05182095831411482,961.2787767268292,ac_power_norm
1239,2019-08-31 11:00:00,9600.0,507.8205,21.47139200660001,0.258819045102521,-0.9659258262890682,-0.8631421280499115,-0.5049610547215202,18550.0,18550.0,0.5175202156334232,regresion_individual_normalizada,0.5272461130089621,9780.415396316246,-0.009725897375538861,-180.4153963162462,ac_power_norm
1239,2019-08-31 12:00:00,5580.0,302.9425,20.8441697342,1.2246467991473532e-16,-1.0,-0.8631421280499115,-0.5049610547215202,18550.0,18550.0,0.3008086253369272,regresion_individual_normalizada,0.33271242352993763,6171.815456480343,-0.031903798193010424,-591.8154564803426,ac_power_norm
1239,2019-08-31 13:00:00,12200.0,613.39,20.3463919166,-0.2588190451025208,-0.9659258262890684,-0.8631421280499115,-0.5049610547215202,18550.0,18550.0,0.6576819407008087,regresion_individual_normalizada,0.638985363660634,11853.17849590476,0.01869657704017469,346.82150409524,ac_power_norm
1239,2019-08-31 14:00:00,6395.0,334.7725,20.512503041,-0.4999999999999997,-0.8660254037844388,-0.8631421280499115,-0.5049610547215202,18550.0,18550.0,0.34474393530997305,regresion_individual_normalizada,0.35995945529004303,6677.247895630298,-0.01521551998006998,-282.24789563029844,ac_power_norm
1239,2019-08-31 15:00:00,6225.0,331.84925,20.8036141754,-0.7071067811865471,-0.7071067811865479,-0.8631421280499115,-0.5049610547215202,18550.0,18550.0,0.33557951482479786,regresion_individual_normalizada,0.3483418349766692,6461.741038817214,-0.012762320151871342,-236.74103881721385,ac_power_norm
1239,2019-08-31 16:00:00,6270.0,348.692,20.741669726000005,-0.8660254037844385,-0.5000000000000004,-0.8631421280499115,-0.5049610547215202,18550.0,18550.0,0.3380053908355795,regresion_individual_normalizada,0.3525958901010517,6540.653761374509,-0.014590499265472179,-270.6537613745086,ac_power_norm
1239,2019-08-31 17:00:00,1120.0,91.4105,19.364864060300004,-0.9659258262890684,-0.2588190451025206,-0.8631421280499115,-0.5049610547215202,18550.0,18550.0,0.06037735849056604,regresion_individual_normalizada,0.08860639159625738,1643.6485641105744,-0.028229033105691345,-523.6485641105744,ac_power_norm
1239,2019-08-31 18:00:00,330.0,53.38475,18.539308438700004,-1.0,-1.8369701987210287e-16,-0.8631421280499115,-0.5049610547215202,18550.0,18550.0,0.01778975741239892,regresion_individual_normalizada,0.04054746449475269,752.1554663776624,-0.022757707082353768,-422.1554663776624,ac_power_norm
1239,2019-09-01 06:00:00,270.0,58.48975,5.821390754600005,1.0,6.123233995736766e-17,-0.8717063187093217,-0.4900286664290594,18550.0,18550.0,0.014555256064690027,regresion_individual_normalizada,0.028118116528471626,521.5910616031487,-0.0135628604637816,-251.59106160314866,ac_power_norm
1239,2019-09-01 07:00:00,3030.0,215.39325,9.1315299083,0.9659258262890684,-0.2588190451025206,-0.8717063187093217,-0.4900286664290594,18550.0,18550.0,0.1633423180592992,regresion_individual_normalizada,0.18862167024326765,3498.9319830126146,-0.025279352183968457,-468.93198301261464,ac_power_norm
1239,2019-09-01 08:00:00,7020.0,379.8015,13.721530275500005,0.8660254037844387,-0.4999999999999998,-0.8717063187093217,-0.4900286664290594,18550.0,18550.0,0.3784366576819407,regresion_individual_normalizada,0.36187735192072007,6712.824878129357,0.01655930576122061,307.1751218706431,ac_power_norm
1239,2019-09-01 09:00:00,10700.0,533.65125,17.463613908200003,0.7071067811865476,-0.7071067811865475,-0.8717063187093217,-0.4900286664290594,18550.0,18550.0,0.5768194070080862,regresion_individual_normalizada,0.5247792671922202,9734.655406415686,0.05204013981586597,965.3445935843138,ac_power_norm
1239,2019-09-01 10:00:00,12800.0,660.90625,20.6248641611,0.4999999999999999,-0.8660254037844387,-0.8717063187093217,-0.4900286664290594,18550.0,18550.0,0.6900269541778976,regresion_individual_normalizada,0.661701273249915,12274.558618785923,0.0283256809279826,525.4413812140774,ac_power_norm
1239,2019-09-01 11:00:00,14600.0,748.17175,21.8033364776,0.258819045102521,-0.9659258262890682,-0.8717063187093217,-0.4900286664290594,18550.0,18550.0,0.7870619946091644,regresion_individual_normalizada,0.7586922013893544,14073.740335772525,0.028369793219809925,526.2596642274748,ac_power_norm
1239,2019-09-01 12:00:00,15035.0,770.90475,19.210141825700003,1.2246467991473532e-16,-1.0,-0.8717063187093217,-0.4900286664290594,18550.0,18550.0,0.8105121293800539,regresion_individual_normalizada,0.7898647385841586,14651.990900736142,0.020647390795895282,383.00909926385793,ac_power_norm
1239,2019-09-01 13:00:00,14619.5,754.30225,19.601252968100003,-0.2588190451025208,-0.9659258262890684,-0.8717063187093217,-0.4900286664290594,18550.0,18550.0,0.7881132075471698,regresion_individual_normalizada,0.776667323873306,14407.178857849825,0.0114458836738639,212.32114215017464,ac_power_norm
1239,2019-09-01 14:00:00,13105.0,679.9957499999999,22.755280998200003,-0.4999999999999997,-0.8660254037844388,-0.8717063187093217,-0.4900286664290594,18550.0,18550.0,0.7064690026954178,regresion_individual_normalizada,0.6988778415562864,12964.183960869113,0.007591161139131386,140.81603913088657,ac_power_norm
1239,2019-09-01 15:00:00,10744.0,564.7484000000001,22.7705587772,-0.7071067811865471,-0.7071067811865479,-0.8717063187093217,-0.4900286664290594,18550.0,18550.0,0.5791913746630728,regresion_individual_normalizada,0.5759099313777152,10683.129227056617,0.0032814432853576214,60.87077294338269,ac_power_norm
1239,2019-09-01 16:00:00,7470.0,420.48925,23.44430883110001,-0.8660254037844385,-0.5000000000000004,-0.8717063187093217,-0.4900286664290594,18550.0,18550.0,0.4026954177897574,regresion_individual_normalizada,0.4193544197256976,7779.02448591169,-0.016659001935940165,-309.02448591169014,ac_power_norm
1239,2019-09-01 17:00:00,3310.0,254.99,22.763614332200007,-0.9659258262890684,-0.2588190451025206,-0.8717063187093217,-0.4900286664290594,18550.0,18550.0,0.1784366576819407,regresion_individual_normalizada,0.24352577418054827,4517.403111049171,-0.06508911649860757,-1207.4031110491705,ac_power_norm
1239,2019-09-01 18:00:00,205.0,73.914,20.7808363958,-1.0,-1.8369701987210287e-16,-0.8717063187093217,-0.4900286664290594,18550.0,18550.0,0.011051212938005392,regresion_individual_normalizada,0.057835931132963286,1072.8565225164689,-0.04678471819495789,-867.8565225164689,ac_power_norm
1239,2019-09-02 06:00:00,10.0,5.36675,10.068057761000002,1.0,6.123233995736766e-17,-0.8800122039735356,-0.4749510720670502,18550.0,18550.0,0.0005390835579514825,regresion_individual_normalizada,-0.008715597285838803,-161.67432965230978,0.009254680843790285,171.67432965230978,ac_power_norm
1239,2019-09-02 07:00:00,10.0,20.8568,9.97922442056,0.9659258262890684,-0.2588190451025206,-0.8800122039735356,-0.4749510720670502,18550.0,18550.0,0.0005390835579514825,regresion_individual_normalizada,0.011721056793291551,217.42560351555827,-0.011181973235340068,-207.42560351555827,ac_power_norm
1239,2019-09-02 08:00:00,265.0,40.07675,10.162224435200004,0.8660254037844387,-0.4999999999999998,-0.8800122039735356,-0.4749510720670502,18550.0,18550.0,0.014285714285714285,regresion_individual_normalizada,0.03649837687245147,677.0448909839748,-0.022212662586737188,-412.0448909839748,ac_power_norm
1239,2019-09-02 09:00:00,500.0,47.071000000000005,10.402224454400002,0.7071067811865476,-0.7071067811865475,-0.8800122039735356,-0.4749510720670502,18550.0,18550.0,0.026954177897574125,regresion_individual_normalizada,0.0496823625697979,921.607825669751,-0.02272818467222377,-421.60782566975104,ac_power_norm
1239,2019-09-02 10:00:00,1520.0,89.55625,10.606668915200002,0.4999999999999999,-0.8660254037844387,-0.8800122039735356,-0.4749510720670502,18550.0,18550.0,0.08194070080862534,regresion_individual_normalizada,0.0963769478807161,1787.7923831872836,-0.014436247072090763,-267.7923831872836,ac_power_norm
1239,2019-09-02 11:00:00,3055.0,160.91775,11.3997245342,0.258819045102521,-0.9659258262890682,-0.8800122039735356,-0.4749510720670502,18550.0,18550.0,0.1646900269541779,regresion_individual_normalizada,0.17318905048547797,3212.6568865056165,-0.008499023531300082,-157.6568865056165,ac_power_norm
1239,2019-09-02 12:00:00,2535.0,133.90925,11.980696802900002,1.2246467991473532e-16,-1.0,-0.8800122039735356,-0.4749510720670502,18550.0,18550.0,0.1366576819407008,regresion_individual_normalizada,0.15073421281523863,2796.1196477226767,-0.014076530874537835,-261.11964772267675,ac_power_norm
1239,2019-09-02 13:00:00,1495.0,87.15675,12.592363518500004,-0.2588190451025208,-0.9659258262890684,-0.8800122039735356,-0.4749510720670502,18550.0,18550.0,0.08059299191374664,regresion_individual_normalizada,0.10563049059971874,1959.4456006247826,-0.025037498685972104,-464.4456006247826,ac_power_norm
1239,2019-09-02 14:00:00,1885.0,102.886,12.900419098700002,-0.4999999999999997,-0.8660254037844388,-0.8800122039735356,-0.4749510720670502,18550.0,18550.0,0.10161725067385445,regresion_individual_normalizada,0.1194374593902586,2215.564871689297,-0.01782020871640415,-330.564871689297,ac_power_norm
1239,2019-09-02 15:00:00,1550.0,93.61425,12.9241691006,-0.7071067811865471,-0.7071067811865479,-0.8800122039735356,-0.4749510720670502,18550.0,18550.0,0.08355795148247978,regresion_individual_normalizada,0.10521106773077088,1951.6653064057998,-0.021653116248291096,-401.6653064057998,ac_power_norm
1239,2019-09-02 16:00:00,1135.0,70.85975,13.346113578800002,-0.8660254037844385,-0.5000000000000004,-0.8800122039735356,-0.4749510720670502,18550.0,18550.0,0.06118598382749326,regresion_individual_normalizada,0.07678815444892256,1424.4202650275136,-0.015602170621429302,-289.42026502751355,ac_power_norm
1239,2019-09-02 17:00:00,5.0,24.0635,13.957780294400004,-0.9659258262890684,-0.2588190451025206,-0.8800122039735356,-0.4749510720670502,18550.0,18550.0,0.00026954177897574127,regresion_individual_normalizada,0.023766870287933256,440.8754438411619,-0.023497328508957516,-435.8754438411619,ac_power_norm
1239,2019-09-02 18:00:00,15.0,11.17,13.441669142000004,-1.0,-1.8369701987210287e-16,-0.8800122039735356,-0.4749510720670502,18550.0,18550.0,0.0008086253369272237,regresion_individual_normalizada,0.0026464065060493383,49.09084068721523,-0.0018377811691221145,-34.09084068721523,ac_power_norm
1239,2019-09-03 06:00:00,10.0,9.92625,13.012919107700004,1.0,6.123233995736766e-17,-0.888057322629493,-0.4597327394521046,18550.0,18550.0,0.0005390835579514825,regresion_individual_normalizada,2.463506481774347e-06,0.045698045236914134,0.0005366200514697082,9.954301954763086,ac_power_norm
1239,2019-09-03 07:00:00,195.0,39.79325,12.560141293700005,0.9659258262890684,-0.2588190451025206,-0.888057322629493,-0.4597327394521046,18550.0,18550.0,0.010512129380053909,regresion_individual_normalizada,0.034980004950441304,648.8790918306862,-0.024467875570387397,-453.8790918306862,ac_power_norm
1239,2019-09-03 08:00:00,5145.0,286.493,14.495002559600003,0.8660254037844387,-0.4999999999999998,-0.888057322629493,-0.4597327394521046,18550.0,18550.0,0.27735849056603773,regresion_individual_normalizada,0.2766206294342495,5131.312676005327,0.0007378611317882533,13.687323994672624,ac_power_norm
1239,2019-09-03 09:00:00,7985.0,403.9525,16.507224942800004,0.7071067811865476,-0.7071067811865475,-0.888057322629493,-0.4597327394521046,18550.0,18550.0,0.43045822102425874,regresion_individual_normalizada,0.40242419017583986,7464.9687277618295,0.02803403084841888,520.0312722381705,ac_power_norm
1239,2019-09-03 10:00:00,12525.0,652.856,17.913613944200005,0.4999999999999999,-0.8660254037844387,-0.888057322629493,-0.4597327394521046,18550.0,18550.0,0.6752021563342318,regresion_individual_normalizada,0.6534527158283059,12121.547878615074,0.021749440505925866,403.4521213849257,ac_power_norm
1239,2019-09-03 11:00:00,14655.0,725.068,20.368891918400003,0.258819045102521,-0.9659258262890682,-0.888057322629493,-0.4597327394521046,18550.0,18550.0,0.7900269541778976,regresion_individual_normalizada,0.7368967625564147,13669.434945421492,0.053130191621482914,985.5650545785084,ac_power_norm
1239,2019-09-03 12:00:00,15395.0,761.15275,18.516808436900007,1.2246467991473532e-16,-1.0,-0.888057322629493,-0.4597327394521046,18550.0,18550.0,0.8299191374663073,regresion_individual_normalizada,0.7796661104920781,14462.806349628048,0.050253026974229176,932.1936503719517,ac_power_norm
1239,2019-09-03 13:00:00,13755.0,680.5844999999999,18.664586226500003,-0.2588190451025208,-0.9659258262890684,-0.888057322629493,-0.4597327394521046,18550.0,18550.0,0.7415094339622641,regresion_individual_normalizada,0.704287331656428,13064.530002226738,0.03722210230583611,690.4699977732616,ac_power_norm
1239,2019-09-03 14:00:00,12175.0,628.8142499999999,20.977780856000003,-0.4999999999999997,-0.8660254037844388,-0.888057322629493,-0.4597327394521046,18550.0,18550.0,0.6563342318059299,regresion_individual_normalizada,0.6505689347940511,12068.053740429648,0.005765297011878778,106.94625957035169,ac_power_norm
1239,2019-09-03 15:00:00,10695.0,556.493,22.3433365208,-0.7071067811865471,-0.7071067811865479,-0.888057322629493,-0.4597327394521046,18550.0,18550.0,0.5765498652291106,regresion_individual_normalizada,0.5692459501128755,10559.51237459384,0.007303915116235071,135.48762540616008,ac_power_norm
1239,2019-09-03 16:00:00,6500.0,361.86875,21.382919777300003,-0.8660254037844385,-0.5000000000000004,-0.888057322629493,-0.4597327394521046,18550.0,18550.0,0.3504043126684636,regresion_individual_normalizada,0.366843139926874,6804.940245643513,-0.016438827258410393,-304.94024564351275,ac_power_norm
1239,2019-09-03 17:00:00,2289.25,159.369,18.902225134400005,-0.9659258262890684,-0.2588190451025206,-0.888057322629493,-0.4597327394521046,18550.0,18550.0,0.12340970350404312,regresion_individual_normalizada,0.15806476415993015,2932.101375166704,-0.03465506065588703,-642.8513751667042,ac_power_norm
1239,2019-09-03 18:00:00,285.0,46.8835,16.936391643800004,-1.0,-1.8369701987210287e-16,-0.888057322629493,-0.4597327394521046,18550.0,18550.0,0.015363881401617251,regresion_individual_normalizada,0.03856926991938532,715.4599570045978,-0.023205388517768072,-430.45995700459775,ac_power_norm
1239,2019-09-04 06:00:00,5.0,18.08575,11.6122245512,1.0,6.123233995736766e-17,-0.8958392907349089,-0.4443781781046134,18550.0,18550.0,0.00026954177897574127,regresion_individual_normalizada,0.0062909298537129,116.69674878637429,-0.006021388074737158,-111.69674878637429,ac_power_norm
1239,2019-09-04 07:00:00,260.0,47.16725,11.9512523561,0.9659258262890684,-0.2588190451025206,-0.8958392907349089,-0.4443781781046134,18550.0,18550.0,0.014016172506738544,regresion_individual_normalizada,0.041184878669114924,763.9794993120819,-0.02716870616237638,-503.9794993120819,ac_power_norm
1239,2019-09-04 08:00:00,2390.0,133.32025,12.700835749400005,0.8660254037844387,-0.4999999999999998,-0.8958392907349089,-0.4443781781046134,18550.0,18550.0,0.12884097035040432,regresion_individual_normalizada,0.13120829106397225,2433.913799236685,-0.002367320713567933,-43.91379923668501,ac_power_norm
1239,2019-09-04 09:00:00,4045.0,218.33875,15.3176415143,0.7071067811865476,-0.7071067811865475,-0.8958392907349089,-0.4443781781046134,18550.0,18550.0,0.21805929919137465,regresion_individual_normalizada,0.22599222950118802,4192.155857247038,-0.007932930309813374,-147.1558572470376,ac_power_norm
1239,2019-09-04 10:00:00,3705.0,199.03125,17.005141649300004,0.4999999999999999,-0.8660254037844387,-0.8958392907349089,-0.4443781781046134,18550.0,18550.0,0.19973045822102425,regresion_individual_normalizada,0.21945042835441364,4070.805445974373,-0.019719970133389386,-365.805445974373,ac_power_norm
1239,2019-09-04 11:00:00,1165.0,78.56099999999999,17.346808343300005,0.258819045102521,-0.9659258262890682,-0.8958392907349089,-0.4443781781046134,18550.0,18550.0,0.06280323450134771,regresion_individual_normalizada,0.10871756047643213,2016.710746837816,-0.04591432597508442,-851.710746837816,ac_power_norm
1239,2019-09-04 12:00:00,2870.0,155.922,15.895558227200004,1.2246467991473532e-16,-1.0,-0.8958392907349089,-0.4443781781046134,18550.0,18550.0,0.15471698113207547,regresion_individual_normalizada,0.184630486229814,3424.89551956305,-0.029913505097738546,-554.8955195630501,ac_power_norm
1239,2019-09-04 13:00:00,830.0,61.304,16.126252690100003,-0.2588190451025208,-0.9659258262890684,-0.8958392907349089,-0.4443781781046134,18550.0,18550.0,0.044743935309973046,regresion_individual_normalizada,0.09047665962501555,1678.3420360440384,-0.04573272431504251,-848.3420360440384,ac_power_norm
1239,2019-09-04 14:00:00,5530.0,281.12625,17.075419432700006,-0.4999999999999997,-0.8660254037844388,-0.8958392907349089,-0.4443781781046134,18550.0,18550.0,0.2981132075471698,regresion_individual_normalizada,0.30700925361747267,5695.021654604118,-0.008896046070302865,-165.02165460411834,ac_power_norm
1239,2019-09-04 15:00:00,3710.0,209.04475,19.32403072370001,-0.7071067811865471,-0.7071067811865479,-0.8958392907349089,-0.4443781781046134,18550.0,18550.0,0.2,regresion_individual_normalizada,0.23019988027752386,4270.207779148068,-0.03019988027752385,-560.2077791480679,ac_power_norm
1239,2019-09-04 16:00:00,1290.0,91.847,19.581391855400003,-0.8660254037844385,-0.5000000000000004,-0.8958392907349089,-0.4443781781046134,18550.0,18550.0,0.06954177897574124,regresion_individual_normalizada,0.1044773220850756,1938.0543246781524,-0.03493554310933436,-648.0543246781524,ac_power_norm
1239,2019-09-04 17:00:00,1585.0,121.4955,19.445141844500004,-0.9659258262890684,-0.2588190451025206,-0.8958392907349089,-0.4443781781046134,18550.0,18550.0,0.08544474393530997,regresion_individual_normalizada,0.12183399652284,2260.0206354986817,-0.03638925258753002,-675.0206354986817,ac_power_norm
1239,2019-09-04 18:00:00,230.0,30.085,19.0723640369,-1.0,-1.8369701987210287e-16,-0.8958392907349089,-0.4443781781046134,18550.0,18550.0,0.012398921832884097,regresion_individual_normalizada,0.021744406184513634,403.35873472272795,-0.009345484351629537,-173.35873472272795,ac_power_norm
1239,2019-09-05 06:00:00,185.0,47.211,8.224585391300003,1.0,6.123233995736766e-17,-0.9033558023246842,-0.4288919379124841,18550.0,18550.0,0.009973045822102426,regresion_individual_normalizada,0.025931146251770842,481.0227629703491,-0.015958100429668415,-296.0227629703491,ac_power_norm
1239,2019-09-05 07:00:00,2405.0,168.92425,9.8769466346,0.9659258262890684,-0.2588190451025206,-0.9033558023246842,-0.4288919379124841,18550.0,18550.0,0.12964959568733153,regresion_individual_normalizada,0.14842174896391702,2753.223443280661,-0.01877215327658549,-348.22344328066083,ac_power_norm
1239,2019-09-05 08:00:00,6405.0,350.39325,12.635974633100002,0.8660254037844387,-0.4999999999999998,-0.9033558023246842,-0.4288919379124841,18550.0,18550.0,0.3452830188679245,regresion_individual_normalizada,0.3328991115215848,6175.2785187253985,0.012383907346339706,229.7214812746015,ac_power_norm
1239,2019-09-05 09:00:00,8760.0,429.63075,14.559585898100003,0.7071067811865476,-0.7071067811865475,-0.9033558023246842,-0.4288919379124841,18550.0,18550.0,0.47223719676549863,regresion_individual_normalizada,0.42398777557334444,7864.973236885539,0.048249421192154196,895.0267631144607,ac_power_norm
1239,2019-09-05 10:00:00,12000.0,597.28975,17.720975039900004,0.4999999999999999,-0.8660254037844387,-0.9033558023246842,-0.4288919379124841,18550.0,18550.0,0.6469002695417789,regresion_individual_normalizada,0.6005950076836999,11141.037392532633,0.04630526185807904,858.962607467367,ac_power_norm
1239,2019-09-05 11:00:00,14445.0,713.30925,20.2100030168,0.258819045102521,-0.9659258262890682,-0.9033558023246842,-0.4288919379124841,18550.0,18550.0,0.7787061994609165,regresion_individual_normalizada,0.7255577574999423,13459.09640162393,0.053148441960974124,985.9035983760696,ac_power_norm
1239,2019-09-05 12:00:00,15040.0,747.343,19.394447396000004,1.2246467991473532e-16,-1.0,-0.9033558023246842,-0.4288919379124841,18550.0,18550.0,0.8107816711590297,regresion_individual_normalizada,0.76669131200376,14222.123837669747,0.04409035915526971,817.8761623302526,ac_power_norm
1239,2019-09-05 13:00:00,14705.0,723.34475,19.684169641400004,-0.2588190451025208,-0.9659258262890684,-0.9033558023246842,-0.4288919379124841,18550.0,18550.0,0.7927223719676549,regresion_individual_normalizada,0.7464089287156854,13845.885627675965,0.04631344325196951,859.1143723240348,ac_power_norm
1239,2019-09-05 14:00:00,13445.0,657.3934999999999,21.039725305400005,-0.4999999999999997,-0.8660254037844388,-0.9033558023246842,-0.4288919379124841,18550.0,18550.0,0.7247978436657682,regresion_individual_normalizada,0.6787920871128603,12591.59321594356,0.04600575655290784,853.4067840564403,ac_power_norm
1239,2019-09-05 15:00:00,10280.0,515.5,21.242225321600007,-0.7071067811865471,-0.7071067811865479,-0.9033558023246842,-0.4288919379124841,18550.0,18550.0,0.554177897574124,regresion_individual_normalizada,0.5310944634985237,9851.802297897615,0.023083434075600207,428.19770210238494,ac_power_norm
1239,2019-09-05 16:00:00,7400.0,405.08675,20.5461141548,-0.8660254037844385,-0.5000000000000004,-0.9033558023246842,-0.4288919379124841,18550.0,18550.0,0.39892183288409705,regresion_individual_normalizada,0.41091850476238767,7622.538263342291,-0.011996671878290621,-222.53826334229143,ac_power_norm
1239,2019-09-05 17:00:00,2175.0,163.38275,19.533614073800003,-0.9659258262890684,-0.2588190451025206,-0.9033558023246842,-0.4288919379124841,18550.0,18550.0,0.11725067385444744,regresion_individual_normalizada,0.16333628161237565,3029.8880239095683,-0.04608560775792821,-854.8880239095683,ac_power_norm
1239,2019-09-05 18:00:00,10.0,28.7105,16.946113866800005,-1.0,-1.8369701987210287e-16,-0.9033558023246842,-0.4288919379124841,18550.0,18550.0,0.0005390835579514825,regresion_individual_normalizada,0.02307235289535628,427.99214620885897,-0.022533269337404797,-417.99214620885897,ac_power_norm
1239,2019-09-06 06:00:00,195.0,44.83275,6.530001922400004,1.0,6.123233995736766e-17,-0.9106046300942162,-0.4132786077829044,18550.0,18550.0,0.010512129380053909,regresion_individual_normalizada,0.018833238400911265,349.356572336904,-0.008321109020857356,-154.35657233690398,ac_power_norm
1239,2019-09-06 07:00:00,2665.0,198.00575,8.903752112300005,0.9659258262890684,-0.2588190451025206,-0.9106046300942162,-0.4132786077829044,18550.0,18550.0,0.1436657681940701,regresion_individual_normalizada,0.17233351481920822,3196.7866998963127,-0.02866774662513813,-531.7866998963127,ac_power_norm
1239,2019-09-06 08:00:00,5295.75,294.30325,12.057919031300004,0.8660254037844387,-0.4999999999999998,-0.9106046300942162,-0.4132786077829044,18550.0,18550.0,0.2854851752021563,regresion_individual_normalizada,0.27983665307496997,5190.969914540693,0.005648522127186362,104.78008545930697,ac_power_norm
1239,2019-09-06 09:00:00,10069.5,507.9295,16.429863825500004,0.7071067811865476,-0.7071067811865475,-0.9106046300942162,-0.4132786077829044,18550.0,18550.0,0.5428301886792453,regresion_individual_normalizada,0.5000218527303637,9275.405368148247,0.04280833594888156,794.0946318517526,ac_power_norm
1239,2019-09-06 10:00:00,11490.0,581.97425,17.595836141000003,0.4999999999999999,-0.8660254037844387,-0.9106046300942162,-0.4132786077829044,18550.0,18550.0,0.6194070080862534,regresion_individual_normalizada,0.5859807825966068,10869.943517167056,0.03342622548964658,620.0564828329443,ac_power_norm
1239,2019-09-06 11:00:00,14175.0,716.73425,18.861391797800007,0.258819045102521,-0.9659258262890682,-0.9106046300942162,-0.4132786077829044,18550.0,18550.0,0.7641509433962265,regresion_individual_normalizada,0.7280496809798707,13505.3215821766,0.036101262416355806,669.6784178233993,ac_power_norm
1239,2019-09-06 12:00:00,12675.0,634.8137499999999,17.394586124900005,1.2246467991473532e-16,-1.0,-0.9106046300942162,-0.4132786077829044,18550.0,18550.0,0.683288409703504,regresion_individual_normalizada,0.6560126504143033,12169.034665185327,0.027275759289200674,505.96533481467304,ac_power_norm
1239,2019-09-06 13:00:00,14760.0,743.4377499999999,18.2215306355,-0.2588190451025208,-0.9659258262890684,-0.9106046300942162,-0.4132786077829044,18550.0,18550.0,0.7956873315363882,regresion_individual_normalizada,0.7646836534858115,14184.881772161803,0.03100367805057669,575.1182278381966,ac_power_norm
1239,2019-09-06 14:00:00,13050.0,674.8905,21.848336481200004,-0.4999999999999997,-0.8660254037844388,-0.9106046300942162,-0.4132786077829044,18550.0,18550.0,0.7035040431266847,regresion_individual_normalizada,0.6956915300873203,12905.077883119791,0.007812513039364366,144.9221168802087,ac_power_norm
1239,2019-09-06 15:00:00,10565.0,548.77,22.8636143402,-0.7071067811865471,-0.7071067811865479,-0.9106046300942162,-0.4132786077829044,18550.0,18550.0,0.5695417789757412,regresion_individual_normalizada,0.5625269463207387,10434.874854249703,0.0070148326550024676,130.12514575029672,ac_power_norm
1239,2019-09-06 16:00:00,7065.0,400.549,20.7752808398,-0.8660254037844385,-0.5000000000000004,-0.9106046300942162,-0.4132786077829044,18550.0,18550.0,0.3808625336927224,regresion_individual_normalizada,0.4069579079063995,7549.069191663711,-0.026095374213677136,-484.0691916637106,ac_power_norm
1239,2019-09-06 17:00:00,2835.0,228.5925,21.316669772000004,-0.9659258262890684,-0.2588190451025206,-0.9106046300942162,-0.4132786077829044,18550.0,18550.0,0.15283018867924528,regresion_individual_normalizada,0.22531004196741622,4179.501278495571,-0.07247985328817094,-1344.5012784955707,ac_power_norm
1239,2019-09-06 18:00:00,60.0,46.229,17.321669452400005,-1.0,-1.8369701987210287e-16,-0.9106046300942162,-0.4132786077829044,18550.0,18550.0,0.003234501347708895,regresion_individual_normalizada,0.04071864803413168,755.3309210331427,-0.03748414668642278,-695.3309210331427,ac_power_norm
1239,2019-09-07 06:00:00,20.0,6.501250000000001,7.397640880700004,1.0,6.123233995736766e-17,-0.9175836260593934,-0.3975428142825566,18550.0,18550.0,0.001078167115902965,regresion_individual_normalizada,-0.012649624522012216,-234.6505348833266,0.013727791637915182,254.6505348833266,ac_power_norm
1239,2019-09-07 07:00:00,80.0,32.528,8.0894464916,0.9659258262890684,-0.2588190451025206,-0.9175836260593934,-0.3975428142825566,18550.0,18550.0,0.00431266846361186,regresion_individual_normalizada,0.018525571725428708,343.64935550670253,-0.014212903261816848,-263.64935550670253,ac_power_norm
1239,2019-09-07 08:00:00,800.0,64.86025000000001,9.38889104,0.8660254037844387,-0.4999999999999998,-0.9175836260593934,-0.3975428142825566,18550.0,18550.0,0.0431266846361186,regresion_individual_normalizada,0.05898280245573878,1094.1309855539544,-0.01585611781962018,-294.13098555395436,ac_power_norm
1239,2019-09-07 09:00:00,1075.0,74.4028,10.506891129440003,0.7071067811865476,-0.7071067811865475,-0.9175836260593934,-0.3975428142825566,18550.0,18550.0,0.057951482479784364,regresion_individual_normalizada,0.07812686990053769,1449.2534366549742,-0.020175387420753324,-374.25343665497417,ac_power_norm
1239,2019-09-07 10:00:00,1540.0,94.94525,11.7218078933,0.4999999999999999,-0.8660254037844387,-0.9175836260593934,-0.3975428142825566,18550.0,18550.0,0.0830188679245283,regresion_individual_normalizada,0.10766545527167368,1997.1941952895468,-0.02464658734714538,-457.19419528954677,ac_power_norm
1239,2019-09-07 11:00:00,950.0,68.6345,12.2562523805,0.258819045102521,-0.9659258262890682,-0.9175836260593934,-0.3975428142825566,18550.0,18550.0,0.05121293800539083,regresion_individual_normalizada,0.08787969614910199,1630.168363565842,-0.036666758143711155,-680.1683635658419,ac_power_norm
1239,2019-09-07 12:00:00,1430.0,88.618,12.448891284800002,1.2246467991473532e-16,-1.0,-0.9175836260593934,-0.3975428142825566,18550.0,18550.0,0.07708894878706199,regresion_individual_normalizada,0.10996000899851041,2039.7581669223682,-0.03287106021144842,-609.7581669223682,ac_power_norm
1239,2019-09-07 13:00:00,1370.0,86.9165,12.629030188100002,-0.2588190451025208,-0.9659258262890684,-0.9175836260593934,-0.3975428142825566,18550.0,18550.0,0.0738544474393531,regresion_individual_normalizada,0.1084253597168314,2011.2904227472225,-0.0345709122774783,-641.2904227472225,ac_power_norm
1239,2019-09-07 14:00:00,880.0,62.3295,11.973613469000004,-0.4999999999999997,-0.8660254037844388,-0.9175836260593934,-0.3975428142825566,18550.0,18550.0,0.04743935309973046,regresion_individual_normalizada,0.07897660990060681,1465.0161136562565,-0.03153725680087636,-585.0161136562565,ac_power_norm
1239,2019-09-07 15:00:00,625.0,49.1085,11.6248634411,-0.7071067811865471,-0.7071067811865479,-0.9175836260593934,-0.3975428142825566,18550.0,18550.0,0.03369272237196765,regresion_individual_normalizada,0.06027701880491766,1118.1386988312227,-0.02658429643295001,-493.13869883122265,ac_power_norm
1239,2019-09-07 16:00:00,205.0,34.775,10.582780024400003,-0.8660254037844385,-0.5000000000000004,-0.9175836260593934,-0.3975428142825566,18550.0,18550.0,0.011051212938005392,regresion_individual_normalizada,0.0373160970098165,692.213599532096,-0.026264884071811108,-487.21359953209605,ac_power_norm
1239,2019-09-07 17:00:00,-15.0,26.35425,9.248474362100003,-0.9659258262890684,-0.2588190451025206,-0.9175836260593934,-0.3975428142825566,18550.0,18550.0,-0.0008086253369272237,regresion_individual_normalizada,0.019245716728077636,357.00804530584014,-0.02005434206500486,-372.00804530584014,ac_power_norm
1239,2019-09-07 18:00:00,-45.0,8.77025,8.725140986900001,-1.0,-1.8369701987210287e-16,-0.9175836260593934,-0.3975428142825566,18550.0,18550.0,-0.002425876010781671,regresion_individual_normalizada,-0.00460581219576036,-85.43781623135467,0.002179936184978689,40.437816231354674,ac_power_norm
1239,2019-09-08 06:00:00,60.0,16.646,6.324724128200002,1.0,6.123233995736766e-17,-0.9242907221930934,-0.3816892202666586,18550.0,18550.0,0.003234501347708895,regresion_individual_normalizada,-0.00687281430753809,-127.49070540483157,0.010107315655246986,187.49070540483157,ac_power_norm
1239,2019-09-08 07:00:00,1785.0,121.648,7.0531964087000025,0.9659258262890684,-0.2588190451025206,-0.9242907221930934,-0.3816892202666586,18550.0,18550.0,0.09622641509433963,regresion_individual_normalizada,0.09645315003550409,1789.2059331586008,-0.00022673494116445814,-4.205933158600828,ac_power_norm
1239,2019-09-08 08:00:00,4185.0,229.836,8.812224327200003,0.8660254037844387,-0.4999999999999998,-0.9242907221930934,-0.3816892202666586,18550.0,18550.0,0.22560646900269543,regresion_individual_normalizada,0.21040783876171643,3903.06540902984,0.015198630240979005,281.9345909701601,ac_power_norm
1239,2019-09-08 09:00:00,10040.0,492.8545,11.333613417800004,0.7071067811865476,-0.7071067811865475,-0.9242907221930934,-0.3816892202666586,18550.0,18550.0,0.5412398921832884,regresion_individual_normalizada,0.47477700114319027,8807.11337120618,0.06646289104009812,1232.88662879382,ac_power_norm
1239,2019-09-08 10:00:00,9810.0,525.18625,13.994308075100005,0.4999999999999999,-0.8660254037844387,-0.9242907221930934,-0.3816892202666586,18550.0,18550.0,0.5288409703504043,regresion_individual_normalizada,0.5256910969247464,9751.569847954044,0.0031498734256579786,58.430152045955765,ac_power_norm
1239,2019-09-08 11:00:00,10095.0,494.92725,15.054585937700004,0.258819045102521,-0.9659258262890682,-0.9242907221930934,-0.3816892202666586,18550.0,18550.0,0.5442048517520216,regresion_individual_normalizada,0.5098087004237808,9456.951392861134,0.03439615132824081,638.0486071388659,ac_power_norm
1239,2019-09-08 12:00:00,5705.0,292.23075,14.923752593900003,1.2246467991473532e-16,-1.0,-0.9242907221930934,-0.3816892202666586,18550.0,18550.0,0.30754716981132074,regresion_individual_normalizada,0.31829502923614433,5904.372792330478,-0.010747859424823591,-199.37279233047775,ac_power_norm
1239,2019-09-08 13:00:00,6510.0,325.50075,15.793058219000004,-0.2588190451025208,-0.9659258262890684,-0.9242907221930934,-0.3816892202666586,18550.0,18550.0,0.35094339622641507,regresion_individual_normalizada,0.35365348089317117,6560.272070568325,-0.0027100846667560963,-50.272070568325034,ac_power_norm
1239,2019-09-08 14:00:00,7305.0,371.66425,17.166947217800008,-0.4999999999999997,-0.8660254037844388,-0.9242907221930934,-0.3816892202666586,18550.0,18550.0,0.39380053908355794,regresion_individual_normalizada,0.3982780618340068,7388.058047020827,-0.004477522750448881,-83.05804702082696,ac_power_norm
1239,2019-09-08 15:00:00,11650.0,566.005,17.481947243000004,-0.7071067811865471,-0.7071067811865479,-0.9242907221930934,-0.3816892202666586,18550.0,18550.0,0.628032345013477,regresion_individual_normalizada,0.5802952243647137,10764.47641196544,0.04773712064876334,885.5235880345608,ac_power_norm
1239,2019-09-08 16:00:00,2130.0,123.917,15.726947102600004,-0.8660254037844385,-0.5000000000000004,-0.9242907221930934,-0.3816892202666586,18550.0,18550.0,0.11482479784366577,regresion_individual_normalizada,0.13742937105409664,2549.3148330534927,-0.02260457321043087,-419.31483305349275,ac_power_norm
1239,2019-09-08 17:00:00,2450.0,182.29775,15.475141526900003,-0.9659258262890684,-0.2588190451025206,-0.9242907221930934,-0.3816892202666586,18550.0,18550.0,0.1320754716981132,regresion_individual_normalizada,0.18378498872423318,3409.2115408345257,-0.05170951702611998,-959.2115408345257,ac_power_norm
1239,2019-09-08 18:00:00,70.0,61.9585,13.870696954100003,-1.0,-1.8369701987210287e-16,-0.9242907221930934,-0.3816892202666586,18550.0,18550.0,0.0037735849056603774,regresion_individual_normalizada,0.05664781432903149,1050.816955803534,-0.05287422942337111,-980.816955803534,ac_power_norm
1239,2019-09-09 06:00:00,80.0,38.81125,5.911390761800003,1.0,6.123233995736766e-17,-0.9307239310379792,-0.3657225234972692,18550.0,18550.0,0.00431266846361186,regresion_individual_normalizada,0.011718603969869762,217.38010364108408,-0.007405935506257902,-137.38010364108408,ac_power_norm
1239,2019-09-09 07:00:00,2300.0,179.81075,9.134446575200002,0.9659258262890684,-0.2588190451025206,-0.9307239310379792,-0.3657225234972692,18550.0,18550.0,0.12398921832884097,regresion_individual_normalizada,0.15679192712585513,2908.4902481846125,-0.03280270879701416,-608.4902481846125,ac_power_norm
1239,2019-09-09 08:00:00,6230.0,330.737,12.385557946400002,0.8660254037844387,-0.4999999999999998,-0.9307239310379792,-0.3657225234972692,18550.0,18550.0,0.33584905660377357,regresion_individual_normalizada,0.31447961497567944,5833.596857798853,0.02136944162809412,396.4031422011467,ac_power_norm
1239,2019-09-09 09:00:00,9895.0,487.575,15.1658359466,0.7071067811865476,-0.7071067811865475,-0.9307239310379792,-0.3657225234972692,18550.0,18550.0,0.5334231805929919,regresion_individual_normalizada,0.479248492959873,8890.059544405643,0.05417468763311889,1004.9404555943565,ac_power_norm
1239,2019-09-09 10:00:00,11385.0,594.9114999999999,19.020280699400004,0.4999999999999999,-0.8660254037844387,-0.9307239310379792,-0.3657225234972692,18550.0,18550.0,0.6137466307277628,regresion_individual_normalizada,0.5995423453560829,11121.510506355336,0.014204285371679948,263.4894936446635,ac_power_norm
1239,2019-09-09 11:00:00,9370.0,460.479,16.631113841600005,0.258819045102521,-0.9659258262890682,-0.9307239310379792,-0.3657225234972692,18550.0,18550.0,0.505121293800539,regresion_individual_normalizada,0.48026797381047076,8908.970914184232,0.02485331999006829,461.02908581576776,ac_power_norm
1239,2019-09-09 12:00:00,7025.0,354.844,16.404724934600004,1.2246467991473532e-16,-1.0,-0.9307239310379792,-0.3657225234972692,18550.0,18550.0,0.37870619946091644,regresion_individual_normalizada,0.3832648827547554,7109.563575100713,-0.004558683293838961,-84.56357510071302,ac_power_norm
1239,2019-09-09 13:00:00,3935.0,219.62575,16.5973638389,-0.2588190451025208,-0.9659258262890684,-0.9307239310379792,-0.3657225234972692,18550.0,18550.0,0.21212938005390836,regresion_individual_normalizada,0.2518834059144536,4672.437179713113,-0.03975402586054522,-737.4371797131134,ac_power_norm
1239,2019-09-09 14:00:00,11930.0,580.49125,17.879863941500005,-0.4999999999999997,-0.8660254037844388,-0.9307239310379792,-0.3657225234972692,18550.0,18550.0,0.6431266846361186,regresion_individual_normalizada,0.6031552939843758,11188.530703410172,0.03997139065174271,741.4692965898284,ac_power_norm
1239,2019-09-09 15:00:00,5100.0,270.698,18.258197305100005,-0.7071067811865471,-0.7071067811865479,-0.9307239310379792,-0.3657225234972692,18550.0,18550.0,0.2749326145552561,regresion_individual_normalizada,0.29393197836960777,5452.438198756224,-0.01899936381435169,-352.43819875622376,ac_power_norm
1239,2019-09-09 16:00:00,3800.0,218.3385,18.831808462100003,-0.8660254037844385,-0.5000000000000004,-0.9307239310379792,-0.3657225234972692,18550.0,18550.0,0.20485175202156333,regresion_individual_normalizada,0.23279757747501434,4318.395062161516,-0.027945825453451006,-518.3950621615159,ac_power_norm
1239,2019-09-09 17:00:00,2200.0,152.88925,17.234447223200004,-0.9659258262890684,-0.2588190451025206,-0.9307239310379792,-0.3657225234972692,18550.0,18550.0,0.11859838274932614,regresion_individual_normalizada,0.15725202762514182,2917.0251124463807,-0.03865364487581567,-717.0251124463807,ac_power_norm
1239,2019-09-09 18:00:00,295.0,52.35925,15.670697098100003,-1.0,-1.8369701987210287e-16,-0.9307239310379792,-0.3657225234972692,18550.0,18550.0,0.015902964959568732,regresion_individual_normalizada,0.049507570850758215,918.3654392815649,-0.03360460589118948,-623.3654392815649,ac_power_norm
1239,2019-09-10 06:00:00,75.0,25.9615,3.492501679400001,1.0,6.123233995736766e-17,-0.9368813462954316,-0.3496474552512282,18550.0,18550.0,0.004043126684636119,regresion_individual_normalizada,-0.010024874212539878,-185.96141664261472,0.014068000897175997,260.9614166426147,ac_power_norm
1239,2019-09-10 07:00:00,2025.0,138.949,5.930974096700003,0.9659258262890684,-0.2588190451025206,-0.9368813462954316,-0.3496474552512282,18550.0,18550.0,0.1091644204851752,regresion_individual_normalizada,0.10769710585380429,1997.7813135880697,0.0014673146313709112,27.21868641193032,ac_power_norm
1239,2019-09-10 08:00:00,6175.0,332.59125,10.465974459500003,0.8660254037844387,-0.4999999999999998,-0.9368813462954316,-0.3496474552512282,18550.0,18550.0,0.3328840970350404,regresion_individual_normalizada,0.3108225653864236,5765.758587918158,0.022061531648616794,409.2414120818421,ac_power_norm
1239,2019-09-10 09:00:00,9905.0,494.18525,15.544030421300004,0.7071067811865476,-0.7071067811865475,-0.9368813462954316,-0.3496474552512282,18550.0,18550.0,0.5339622641509434,regresion_individual_normalizada,0.486053501737074,9016.292457222722,0.04790876241386938,888.7075427772779,ac_power_norm
1239,2019-09-10 10:00:00,11845.0,618.6477500000001,19.8612529889,0.4999999999999999,-0.8660254037844387,-0.9368813462954316,-0.3496474552512282,18550.0,18550.0,0.638544474393531,regresion_individual_normalizada,0.6223557961518615,11544.700018617032,0.016188678241669474,300.2999813829683,ac_power_norm
1239,2019-09-10 11:00:00,13415.0,700.1977499999999,21.5852809046,0.258819045102521,-0.9659258262890682,-0.9368813462954316,-0.3496474552512282,18550.0,18550.0,0.7231805929919137,regresion_individual_normalizada,0.713368339988069,13232.982706778681,0.009812253003844695,182.01729322131905,ac_power_norm
1239,2019-09-10 12:00:00,13390.0,692.32175,18.951252916100003,1.2246467991473532e-16,-1.0,-0.9368813462954316,-0.3496474552512282,18550.0,18550.0,0.721832884097035,regresion_individual_normalizada,0.7131158899355512,13228.299758304474,0.00871699416148386,161.70024169552562,ac_power_norm
1239,2019-09-10 13:00:00,10480.0,540.93775,19.577225188400003,-0.2588190451025208,-0.9659258262890684,-0.9368813462954316,-0.3496474552512282,18550.0,18550.0,0.5649595687331537,regresion_individual_normalizada,0.5702517842172645,10578.170597230257,-0.0052922154841108515,-98.17059723025704,ac_power_norm
1239,2019-09-10 14:00:00,7730.0,406.22125,19.444864066700003,-0.4999999999999997,-0.8660254037844388,-0.9368813462954316,-0.3496474552512282,18550.0,18550.0,0.41671159029649596,regresion_individual_normalizada,0.4356030188975437,8080.436000549436,-0.018891428601047755,-350.43600054943636,ac_power_norm
1239,2019-09-10 15:00:00,4480.0,244.67075,17.7675028214,-0.7071067811865471,-0.7071067811865479,-0.9368813462954316,-0.3496474552512282,18550.0,18550.0,0.24150943396226415,regresion_individual_normalizada,0.26866709398188254,4983.774593363921,-0.02715766001961839,-503.77459336392076,ac_power_norm
1239,2019-09-10 16:00:00,3475.0,198.7255,18.4761139892,-0.8660254037844385,-0.5000000000000004,-0.9368813462954316,-0.3496474552512282,18550.0,18550.0,0.18733153638814015,regresion_individual_normalizada,0.214442755086248,3977.9131068499005,-0.027111218698107842,-502.9131068499005,ac_power_norm
1239,2019-09-10 17:00:00,775.0,66.67099999999999,16.894030529300004,-0.9659258262890684,-0.2588190451025206,-0.9368813462954316,-0.3496474552512282,18550.0,18550.0,0.04177897574123989,regresion_individual_normalizada,0.07488864514528096,1389.1843674449617,-0.033109669404041066,-614.1843674449617,ac_power_norm
1239,2019-09-10 18:00:00,10.0,20.04925,15.610141537700004,-1.0,-1.8369701987210287e-16,-0.9368813462954316,-0.3496474552512282,18550.0,18550.0,0.0005390835579514825,regresion_individual_normalizada,0.019648997940075894,364.48891178840785,-0.01910991438212441,-354.48891178840785,ac_power_norm
1239,2019-09-11 06:00:00,10.0,2.90175,13.409308028300002,1.0,6.123233995736766e-17,-0.9427611433904206,-0.333468778918187,18550.0,18550.0,0.0005390835579514825,regresion_individual_normalizada,-0.0008763810269244027,-16.256868049447668,0.001415464584875885,26.256868049447668,ac_power_norm
1239,2019-09-11 07:00:00,335.0,49.305,13.797502503800004,0.9659258262890684,-0.2588190451025206,-0.9427611433904206,-0.333468778918187,18550.0,18550.0,0.018059299191374664,regresion_individual_normalizada,0.05021508662502787,931.489856894267,-0.0321557874336532,-596.489856894267,ac_power_norm
1239,2019-09-11 08:00:00,240.0,44.724,14.866252589300004,0.8660254037844387,-0.4999999999999998,-0.9427611433904206,-0.333468778918187,18550.0,18550.0,0.01293800539083558,regresion_individual_normalizada,0.05694003069229506,1056.2375693420734,-0.044002025301459476,-816.2375693420734,ac_power_norm
1239,2019-09-11 09:00:00,1085.0,82.96775,15.690280433000002,0.7071067811865476,-0.7071067811865475,-0.9427611433904206,-0.333468778918187,18550.0,18550.0,0.05849056603773585,regresion_individual_normalizada,0.10283039636662955,1907.5038526009782,-0.0443398303288937,-822.5038526009782,ac_power_norm
1239,2019-09-11 10:00:00,1835.0,112.7255,16.213474919300005,0.4999999999999999,-0.8660254037844387,-0.9427611433904206,-0.333468778918187,18550.0,18550.0,0.09892183288409703,regresion_individual_normalizada,0.13973934719116915,2592.1648903961877,-0.04081751430707212,-757.1648903961877,ac_power_norm
1239,2019-09-11 11:00:00,2175.0,131.33475,17.860141717700003,0.258819045102521,-0.9659258262890682,-0.9427611433904206,-0.333468778918187,18550.0,18550.0,0.11725067385444744,regresion_individual_normalizada,0.16655953155592787,3089.679310362462,-0.04930885770148043,-914.6793103624618,ac_power_norm
1239,2019-09-11 12:00:00,3095.0,170.059,17.576113917200004,1.2246467991473532e-16,-1.0,-0.9427611433904206,-0.333468778918187,18550.0,18550.0,0.16684636118598384,regresion_individual_normalizada,0.20671501855970487,3834.563594282525,-0.03986865737372103,-739.5635942825252,ac_power_norm
1239,2019-09-11 13:00:00,1195.0,78.779,17.332641675500003,-0.2588190451025208,-0.9659258262890684,-0.9427611433904206,-0.333468778918187,18550.0,18550.0,0.06442048517520216,regresion_individual_normalizada,0.11626218372312444,2156.6635080639585,-0.05184169854792228,-961.6635080639585,ac_power_norm
1239,2019-09-11 14:00:00,2905.0,158.2345,17.285002782800007,-0.4999999999999997,-0.8660254037844388,-0.9427611433904206,-0.333468778918187,18550.0,18550.0,0.15660377358490565,regresion_individual_normalizada,0.1907676741146147,3538.7403548261027,-0.03416390052970905,-633.7403548261027,ac_power_norm
1239,2019-09-11 15:00:00,930.0,78.0375,16.756252740500006,-0.7071067811865471,-0.7071067811865479,-0.9427611433904206,-0.333468778918187,18550.0,18550.0,0.05013477088948787,regresion_individual_normalizada,0.10469898284190793,1942.166131717392,-0.05456421195242006,-1012.1661317173921,ac_power_norm
1239,2019-09-11 16:00:00,310.0,44.9635,15.697363766900004,-0.8660254037844385,-0.5000000000000004,-0.9427611433904206,-0.333468778918187,18550.0,18550.0,0.016711590296495958,regresion_individual_normalizada,0.06274738751067484,1163.9640383230183,-0.04603579721417888,-853.9640383230183,ac_power_norm
1239,2019-09-11 17:00:00,-20.0,24.609,15.154447056800004,-0.9659258262890684,-0.2588190451025206,-0.9427611433904206,-0.333468778918187,18550.0,18550.0,-0.001078167115902965,regresion_individual_normalizada,0.03366644420570293,624.5125400157893,-0.034744611321605896,-644.5125400157893,ac_power_norm
1239,2019-09-11 18:00:00,0.0,6.34875,14.275558097600005,-1.0,-1.8369701987210287e-16,-0.9427611433904206,-0.333468778918187,18550.0,18550.0,0.0,regresion_individual_normalizada,0.006582249021662039,122.10071935183082,-0.006582249021662039,-122.10071935183082,ac_power_norm
1239,2019-09-12 06:00:00,5.0,14.726,7.828057581800003,1.0,6.123233995736766e-17,-0.9483615800121716,-0.3171912885891059,18550.0,18550.0,0.00026954177897574127,regresion_individual_normalizada,-0.002304472135936181,-42.74795812161616,0.0025740139149119223,47.74795812161616,ac_power_norm
1239,2019-09-12 07:00:00,1920.0,140.58475,9.272085475100004,0.9659258262890684,-0.2588190451025206,-0.9483615800121716,-0.3171912885891059,18550.0,18550.0,0.10350404312668464,regresion_individual_normalizada,0.12220884774599841,2266.9741256882703,-0.018704804619313772,-346.9741256882703,ac_power_norm
1239,2019-09-12 08:00:00,4500.0,283.24225,12.554446848800003,0.8660254037844387,-0.4999999999999998,-0.9483615800121716,-0.3171912885891059,18550.0,18550.0,0.24258760107816713,regresion_individual_normalizada,0.27174807136304213,5040.9267237844315,-0.029160470284875006,-540.9267237844315,ac_power_norm
1239,2019-09-12 09:00:00,8575.0,468.529,14.800141472900004,0.7071067811865476,-0.7071067811865475,-0.9483615800121716,-0.3171912885891059,18550.0,18550.0,0.46226415094339623,regresion_individual_normalizada,0.4609028291074743,8549.74747994365,0.0013613218359219137,25.252520056350477,ac_power_norm
1239,2019-09-12 10:00:00,10475.0,606.5837499999999,17.7195861509,0.4999999999999999,-0.8660254037844387,-0.9483615800121716,-0.3171912885891059,18550.0,18550.0,0.5646900269541779,regresion_individual_normalizada,0.6091784587794753,11300.260410359268,-0.04448843182529738,-825.2604103592676,ac_power_norm
1239,2019-09-12 11:00:00,8925.0,446.4945,18.360697313300005,0.258819045102521,-0.9659258262890682,-0.9483615800121716,-0.3171912885891059,18550.0,18550.0,0.4811320754716981,regresion_individual_normalizada,0.4705266973455979,8728.270235760841,0.01060537812610024,196.7297642391586,ac_power_norm
1239,2019-09-12 12:00:00,15075.0,784.71425,18.51125288090001,1.2246467991473532e-16,-1.0,-0.9483615800121716,-0.3171912885891059,18550.0,18550.0,0.8126684636118598,regresion_individual_normalizada,0.8004097824551817,14847.60146454362,0.012258681156678164,227.39853545637925,ac_power_norm
1239,2019-09-12 13:00:00,13100.0,680.41,19.658752972700007,-0.2588190451025208,-0.9659258262890684,-0.9483615800121716,-0.3171912885891059,18550.0,18550.0,0.706199460916442,regresion_individual_normalizada,0.705032885953569,13078.360034438707,0.0011665749628729793,21.63996556129314,ac_power_norm
1239,2019-09-12 14:00:00,12360.0,648.8854999999999,20.264864132300005,-0.4999999999999997,-0.8660254037844388,-0.9483615800121716,-0.3171912885891059,18550.0,18550.0,0.6663072776280323,regresion_individual_normalizada,0.6716284486692115,12458.707722813873,-0.005321171041179129,-98.70772281387326,ac_power_norm
1239,2019-09-12 15:00:00,12695.0,651.307,18.567502885400003,-0.7071067811865471,-0.7071067811865479,-0.9483615800121716,-0.3171912885891059,18550.0,18550.0,0.684366576819407,regresion_individual_normalizada,0.6638538744932783,12314.489371850312,0.020512702326128784,380.5106281496883,ac_power_norm
1239,2019-09-12 16:00:00,6975.0,391.64825,19.8316696532,-0.8660254037844385,-0.5000000000000004,-0.9483615800121716,-0.3171912885891059,18550.0,18550.0,0.37601078167115903,regresion_individual_normalizada,0.40236858395708247,7463.9372324038795,-0.026357802285923437,-488.93723240387953,ac_power_norm
1239,2019-09-12 17:00:00,2800.0,221.7855,18.628058445800004,-0.9659258262890684,-0.2588190451025206,-0.9483615800121716,-0.3171912885891059,18550.0,18550.0,0.1509433962264151,regresion_individual_normalizada,0.2259740467150369,4191.818566563935,-0.07503065048862181,-1391.8185665639348,ac_power_norm
1239,2019-09-12 18:00:00,-15.0,48.17075,15.601669314800002,-1.0,-1.8369701987210287e-16,-0.9483615800121716,-0.3171912885891059,18550.0,18550.0,-0.0008086253369272237,regresion_individual_normalizada,0.048259967262092224,895.2223927118107,-0.049068592599019446,-910.2223927118107,ac_power_norm
1239,2019-09-13 06:00:00,55.0,27.074,3.699168362600004,1.0,6.123233995736766e-17,-0.9536809966304456,-0.300819807635668,18550.0,18550.0,0.0029649595687331535,regresion_individual_normalizada,-0.007843980585769378,-145.50583986602197,0.010808940154502532,200.50583986602197,ac_power_norm
1239,2019-09-13 07:00:00,2130.0,163.143,5.973057433400004,0.9659258262890684,-0.2588190451025206,-0.9536809966304456,-0.300819807635668,18550.0,18550.0,0.11482479784366577,regresion_individual_normalizada,0.1298098897272805,2407.973454441053,-0.014985091883614729,-277.97345444105304,ac_power_norm
1239,2019-09-13 08:00:00,6055.0,329.62425,10.29166889,0.8660254037844387,-0.4999999999999998,-0.9536809966304456,-0.300819807635668,18550.0,18550.0,0.3264150943396226,regresion_individual_normalizada,0.3074373876050123,5702.9635400729785,0.0189777067346103,352.0364599270215,ac_power_norm
1239,2019-09-13 09:00:00,9975.0,490.6725,14.579308121900002,0.7071067811865476,-0.7071067811865475,-0.9536809966304456,-0.300819807635668,18550.0,18550.0,0.5377358490566038,regresion_individual_normalizada,0.48085612595173693,8919.88113640472,0.05687972310486683,1055.1188635952803,ac_power_norm
1239,2019-09-13 10:00:00,12245.0,619.8262500000001,17.93055839,0.4999999999999999,-0.8660254037844387,-0.9536809966304456,-0.300819807635668,18550.0,18550.0,0.6601078167115902,regresion_individual_normalizada,0.6217888722206522,11534.183579693097,0.03831894449093809,710.8164203069027,ac_power_norm
1239,2019-09-13 11:00:00,13945.0,704.4300000000001,19.478752958300003,0.258819045102521,-0.9659258262890682,-0.9536809966304456,-0.300819807635668,18550.0,18550.0,0.7517520215633423,regresion_individual_normalizada,0.7163150352170304,13287.643903275915,0.03543698634631187,657.3560967240846,ac_power_norm
1239,2019-09-13 12:00:00,14660.0,739.598,17.3495861213,1.2246467991473532e-16,-1.0,-0.9536809966304456,-0.300819807635668,18550.0,18550.0,0.7902964959568733,regresion_individual_normalizada,0.7554740695734967,14014.043990588365,0.034822426383376626,645.956009411635,ac_power_norm
1239,2019-09-13 13:00:00,14095.0,711.673,18.06403062290001,-0.2588190451025208,-0.9659258262890684,-0.9536809966304456,-0.300819807635668,18550.0,18550.0,0.7598382749326146,regresion_individual_normalizada,0.7330336179780239,13597.773613492343,0.026804656954590667,497.22638650765657,ac_power_norm
1239,2019-09-13 14:00:00,12620.0,637.58425,20.032641891500003,-0.4999999999999997,-0.8660254037844388,-0.9536809966304456,-0.300819807635668,18550.0,18550.0,0.6803234501347709,regresion_individual_normalizada,0.6607965811680989,12257.776580668235,0.019526868966671995,362.2234193317654,ac_power_norm
1239,2019-09-13 15:00:00,9910.0,517.61625,20.72180861330001,-0.7071067811865471,-0.7071067811865479,-0.9536809966304456,-0.300819807635668,18550.0,18550.0,0.5342318059299191,regresion_individual_normalizada,0.5367027358836591,9955.835750641876,-0.0024709299537399865,-45.835750641876075,ac_power_norm
1239,2019-09-13 16:00:00,6270.0,362.436,20.682503054600005,-0.8660254037844385,-0.5000000000000004,-0.9536809966304456,-0.300819807635668,18550.0,18550.0,0.3380053908355795,regresion_individual_normalizada,0.3748560264374179,6953.579290414102,-0.03685063560183838,-683.5792904141017,ac_power_norm
1239,2019-09-13 17:00:00,2130.0,197.00225,19.044169590200006,-0.9659258262890684,-0.2588190451025206,-0.9536809966304456,-0.300819807635668,18550.0,18550.0,0.11482479784366577,regresion_individual_normalizada,0.20313137068095555,3768.0869261317252,-0.08830657283728978,-1638.0869261317252,ac_power_norm
1239,2019-09-13 18:00:00,-125.0,33.641,15.219308173100004,-1.0,-1.8369701987210287e-16,-0.9536809966304456,-0.300819807635668,18550.0,18550.0,-0.006738544474393531,regresion_individual_normalizada,0.03517419448286489,652.4813076571438,-0.04191273895725842,-777.4813076571438,ac_power_norm
1239,2019-09-14 06:00:00,15.0,10.843,6.732640827500002,1.0,6.123233995736766e-17,-0.9587178169872964,-0.2843591872810036,18550.0,18550.0,0.0008086253369272237,regresion_individual_normalizada,-0.009020324393113219,-167.3270174922502,0.009828949730040443,182.3270174922502,ac_power_norm
1239,2019-09-14 07:00:00,240.0,50.13425,7.341390876200003,0.9659258262890684,-0.2588190451025206,-0.9587178169872964,-0.2843591872810036,18550.0,18550.0,0.01293800539083558,regresion_individual_normalizada,0.03367525592364659,624.6759973836442,-0.02073725053281101,-384.67599738364424,ac_power_norm
1239,2019-09-14 08:00:00,150.0,38.266000000000005,8.657640981500002,0.8660254037844387,-0.4999999999999998,-0.9587178169872964,-0.2843591872810036,18550.0,18550.0,0.008086253369272238,regresion_individual_normalizada,0.03389663319586428,628.7825457832823,-0.02581037982659204,-478.78254578328233,ac_power_norm
1239,2019-09-14 09:00:00,110.0,32.572,8.896807667300001,0.7071067811865476,-0.7071067811865475,-0.9587178169872964,-0.2843591872810036,18550.0,18550.0,0.005929919137466307,regresion_individual_normalizada,0.034741951788277964,644.4632056725562,-0.028812032650811656,-534.4632056725562,ac_power_norm
1239,2019-09-14 10:00:00,840.0,64.8208,9.086002126880002,0.4999999999999999,-0.8660254037844387,-0.9587178169872964,-0.2843591872810036,18550.0,18550.0,0.045283018867924525,regresion_individual_normalizada,0.07051748625408888,1308.0993700133488,-0.025234467386164354,-468.0993700133488,ac_power_norm
1239,2019-09-14 11:00:00,985.0,67.45649999999999,9.7205577332,0.258819045102521,-0.9659258262890682,-0.9587178169872964,-0.2843591872810036,18550.0,18550.0,0.05309973045822102,regresion_individual_normalizada,0.07938451752826858,1472.5828001493821,-0.026284787070047562,-487.58280014938214,ac_power_norm
1239,2019-09-14 12:00:00,840.0,60.75875,10.3633355624,1.2246467991473532e-16,-1.0,-0.9587178169872964,-0.2843591872810036,18550.0,18550.0,0.045283018867924525,regresion_individual_normalizada,0.07753270984590796,1438.2317676415926,-0.032249690977983435,-598.2317676415926,ac_power_norm
1239,2019-09-14 13:00:00,1390.0,84.27675,10.641946695800003,-0.2588190451025208,-0.9659258262890684,-0.9587178169872964,-0.2843591872810036,18550.0,18550.0,0.07493261455525606,regresion_individual_normalizada,0.10164654047055896,1885.5433257288687,-0.026713925915302902,-495.5433257288687,ac_power_norm
1239,2019-09-14 14:00:00,1420.0,86.02175,10.945418942300003,-0.4999999999999997,-0.8660254037844388,-0.9587178169872964,-0.2843591872810036,18550.0,18550.0,0.07654986522911052,regresion_individual_normalizada,0.10252804563958098,1901.8952466142273,-0.025978180410470467,-481.8952466142273,ac_power_norm
1239,2019-09-14 15:00:00,1225.0,83.42575,11.862363460100005,-0.7071067811865471,-0.7071067811865479,-0.9587178169872964,-0.2843591872810036,18550.0,18550.0,0.0660377358490566,regresion_individual_normalizada,0.09942349414547522,1844.3058163985652,-0.03338575829641861,-619.3058163985652,ac_power_norm
1239,2019-09-14 16:00:00,820.0,66.06025,12.981946883000004,-0.8660254037844385,-0.5000000000000004,-0.9587178169872964,-0.2843591872810036,18550.0,18550.0,0.044204851752021566,regresion_individual_normalizada,0.07990129676294488,1482.1690549526277,-0.03569644501092332,-662.1690549526277,ac_power_norm
1239,2019-09-14 17:00:00,810.0,66.27825,13.558474706900004,-0.9659258262890684,-0.2588190451025206,-0.9587178169872964,-0.2843591872810036,18550.0,18550.0,0.04366576819407008,regresion_individual_normalizada,0.07376745004129681,1368.3861982660558,-0.03010168184722673,-558.3861982660558,ac_power_norm
1239,2019-09-14 18:00:00,20.0,21.99075,13.4826413675,-1.0,-1.8369701987210287e-16,-0.9587178169872964,-0.2843591872810036,18550.0,18550.0,0.001078167115902965,regresion_individual_normalizada,0.023112271734765308,428.73264067989646,-0.022034104618862342,-408.73264067989646,ac_power_norm
1239,2019-09-15 06:00:00,15.0,12.71875,13.7987525039,1.0,6.123233995736766e-17,-0.9634705485641486,-0.2678143051621748,18550.0,18550.0,0.0008086253369272237,regresion_individual_normalizada,0.011107465263966707,206.0434806465824,-0.010298839927039482,-191.0434806465824,ac_power_norm
1239,2019-09-15 07:00:00,390.0,61.086000000000006,14.351669214800005,0.9659258262890684,-0.2588190451025206,-0.9634705485641486,-0.2678143051621748,18550.0,18550.0,0.021024258760107817,regresion_individual_normalizada,0.06434797530140353,1193.6549418410355,-0.043323716541295715,-803.6549418410355,ac_power_norm
1239,2019-09-15 08:00:00,1505.0,148.41725,14.786113694,0.8660254037844387,-0.4999999999999998,-0.9634705485641486,-0.2678143051621748,18550.0,18550.0,0.08113207547169811,regresion_individual_normalizada,0.15463417516165745,2868.463949248746,-0.07350209968995934,-1363.4639492487458,ac_power_norm
1239,2019-09-15 09:00:00,8845.0,454.392,16.356947153000004,0.7071067811865476,-0.7071067811865475,-0.9634705485641486,-0.2678143051621748,18550.0,18550.0,0.4768194070080862,regresion_individual_normalizada,0.451121532777131,8368.30443301578,0.02569787423095521,476.6955669842191,ac_power_norm
1239,2019-09-15 10:00:00,8380.0,475.37925000000007,17.460975019100005,0.4999999999999999,-0.8660254037844387,-0.9634705485641486,-0.2678143051621748,18550.0,18550.0,0.4517520215633423,regresion_individual_normalizada,0.48649142751762525,9024.415980451948,-0.03473940595428293,-644.4159804519477,ac_power_norm
1239,2019-09-15 11:00:00,4955.0,253.92075,17.497363910900006,0.258819045102521,-0.9659258262890682,-0.9634705485641486,-0.2678143051621748,18550.0,18550.0,0.2671159029649596,regresion_individual_normalizada,0.286519142135363,5314.930086610983,-0.01940323917040343,-359.9300866109834,ac_power_norm
1239,2019-09-15 12:00:00,3415.0,195.80225,17.532502802600003,1.2246467991473532e-16,-1.0,-0.9634705485641486,-0.2678143051621748,18550.0,18550.0,0.18409703504043126,regresion_individual_normalizada,0.23455420592952997,4350.9805199927805,-0.05045717088909871,-935.9805199927805,ac_power_norm
1239,2019-09-15 13:00:00,3220.0,176.84349999999998,17.365002789200002,-0.2588190451025208,-0.9659258262890684,-0.9634705485641486,-0.2678143051621748,18550.0,18550.0,0.17358490566037735,regresion_individual_normalizada,0.2157502999414327,4002.1680639135766,-0.04216539428105534,-782.1680639135766,ac_power_norm
1239,2019-09-15 14:00:00,4920.0,260.095,16.868752749500004,-0.4999999999999997,-0.8660254037844388,-0.9634705485641486,-0.2678143051621748,18550.0,18550.0,0.2652291105121294,regresion_individual_normalizada,0.2923924918536033,5423.880723884341,-0.02716338134147389,-503.880723884341,ac_power_norm
1239,2019-09-15 15:00:00,4315.0,238.27875,16.826530523900004,-0.7071067811865471,-0.7071067811865479,-0.9634705485641486,-0.2678143051621748,18550.0,18550.0,0.2326145552560647,regresion_individual_normalizada,0.2644593724753251,4905.72135941728,-0.031844817219260385,-590.7213594172799,ac_power_norm
1239,2019-09-15 16:00:00,3215.0,186.879,16.6086138398,-0.8660254037844385,-0.5000000000000004,-0.9634705485641486,-0.2678143051621748,18550.0,18550.0,0.17331536388140162,regresion_individual_normalizada,0.2051878712065816,3806.235010882089,-0.03187250732517999,-591.2350108820888,ac_power_norm
1239,2019-09-15 17:00:00,1460.0,103.73725,15.960419343500003,-0.9659258262890684,-0.2588190451025206,-0.9634705485641486,-0.2678143051621748,18550.0,18550.0,0.07870619946091645,regresion_individual_normalizada,0.11425450551633409,2119.4210773279974,-0.035548306055417644,-659.4210773279974,ac_power_norm
1239,2019-09-15 18:00:00,-20.0,21.3365,14.631530348300004,-1.0,-1.8369701987210287e-16,-0.9634705485641486,-0.2678143051621748,18550.0,18550.0,-0.001078167115902965,regresion_individual_normalizada,0.02485127266151721,460.99110787114427,-0.025929439777420175,-480.99110787114427,ac_power_norm
1239,2019-09-16 06:00:00,60.0,37.37866666666666,8.494585412900003,1.0,6.123233995736766e-17,-0.9679377830240642,-0.2511900638848195,18550.0,18550.0,0.003234501347708895,regresion_individual_normalizada,0.021396051181562403,396.89674941798256,-0.01816154983385351,-336.89674941798256,ac_power_norm
1239,2019-09-16 07:00:00,585.0,77.66625,9.826252186100003,0.9659258262890684,-0.2588190451025206,-0.9679377830240642,-0.2511900638848195,18550.0,18550.0,0.03153638814016173,regresion_individual_normalizada,0.06847301310411516,1270.1743930813361,-0.03693662496395343,-685.1743930813361,ac_power_norm
1239,2019-09-16 08:00:00,2465.0,139.2105,11.374585643300003,0.8660254037844387,-0.4999999999999998,-0.9679377830240642,-0.2511900638848195,18550.0,18550.0,0.13288409703504042,regresion_individual_normalizada,0.13762347405360756,2552.91544369442,-0.004739377018567137,-87.91544369441999,ac_power_norm
1239,2019-09-16 09:00:00,5985.0,314.57075,13.5570858179,0.7071067811865476,-0.7071067811865475,-0.9679377830240642,-0.2511900638848195,18550.0,18550.0,0.32264150943396225,regresion_individual_normalizada,0.31591205489571583,5860.168618315529,0.0067294545382464155,124.83138168447113,ac_power_norm
1239,2019-09-16 10:00:00,5195.0,269.71625,15.411808188500004,0.4999999999999999,-0.8660254037844387,-0.9679377830240642,-0.2511900638848195,18550.0,18550.0,0.28005390835579513,regresion_individual_normalizada,0.2895274053283099,5370.733368840149,-0.009473496972514761,-175.73336884014861,ac_power_norm
1239,2019-09-16 11:00:00,6020.0,312.82550000000003,16.241530477100003,0.258819045102521,-0.9659258262890682,-0.9679377830240642,-0.2511900638848195,18550.0,18550.0,0.32452830188679244,regresion_individual_normalizada,0.340349507849134,6313.483370601435,-0.015821205962341545,-293.4833706014351,ac_power_norm
1239,2019-09-16 12:00:00,8750.0,449.178,16.904030530100002,1.2246467991473532e-16,-1.0,-0.9679377830240642,-0.2511900638848195,18550.0,18550.0,0.4716981132075472,regresion_individual_normalizada,0.4775279300842375,8858.143103062606,-0.005829816876690319,-108.14310306260631,ac_power_norm
1239,2019-09-16 13:00:00,3620.0,200.8635,16.383613821800004,-0.2588190451025208,-0.9659258262890684,-0.9679377830240642,-0.2511900638848195,18550.0,18550.0,0.19514824797843666,regresion_individual_normalizada,0.23751194559280575,4405.846590746547,-0.04236369761436909,-785.846590746547,ac_power_norm
1239,2019-09-16 14:00:00,3530.0,197.11125,16.6226416187,-0.4999999999999997,-0.8660254037844388,-0.9679377830240642,-0.2511900638848195,18550.0,18550.0,0.1902964959568733,regresion_individual_normalizada,0.23120712186014947,4288.8921105057725,-0.040910625903276154,-758.8921105057725,ac_power_norm
1239,2019-09-16 15:00:00,965.0,71.383,15.7619471054,-0.7071067811865471,-0.7071067811865479,-0.9679377830240642,-0.2511900638848195,18550.0,18550.0,0.05202156334231806,regresion_individual_normalizada,0.1007088432598307,1868.1490424698595,-0.04868727991751264,-903.1490424698595,ac_power_norm
1239,2019-09-16 16:00:00,275.0,40.49125,15.262919287700006,-0.8660254037844385,-0.5000000000000004,-0.9679377830240642,-0.2511900638848195,18550.0,18550.0,0.014824797843665768,regresion_individual_normalizada,0.062215442676148494,1154.0964616425545,-0.047390644832482724,-879.0964616425545,ac_power_norm
1239,2019-09-16 17:00:00,-90.0,24.609,14.6525025722,-0.9659258262890684,-0.2588190451025206,-0.9679377830240642,-0.2511900638848195,18550.0,18550.0,-0.004851752021563342,regresion_individual_normalizada,0.037553575287330665,696.6188215799839,-0.04240532730889401,-786.6188215799839,ac_power_norm
1239,2019-09-16 18:00:00,-55.0,7.221,13.907085845900005,-1.0,-1.8369701987210287e-16,-0.9679377830240642,-0.2511900638848195,18550.0,18550.0,-0.0029649595687331535,regresion_individual_normalizada,0.011526712397087635,213.82051496597563,-0.014491671965820789,-268.82051496597563,ac_power_norm
1239,2019-09-17 06:00:00,10.0,5.08325,9.360696593300002,1.0,6.123233995736766e-17,-0.9721181966290612,-0.2344913895704105,18550.0,18550.0,0.0005390835579514825,regresion_individual_normalizada,-0.004018291285753081,-74.53930335071965,0.004557374843704564,84.53930335071965,ac_power_norm
1239,2019-09-17 07:00:00,70.0,23.36525,9.744724401800005,0.9659258262890684,-0.2588190451025206,-0.9721181966290612,-0.2344913895704105,18550.0,18550.0,0.0037735849056603774,regresion_individual_normalizada,0.01975783097740874,366.5077646309322,-0.015984246071748365,-296.5077646309322,ac_power_norm
1239,2019-09-17 08:00:00,490.0,66.3655,10.1047244306,0.8660254037844387,-0.4999999999999998,-0.9721181966290612,-0.2344913895704105,18550.0,18550.0,0.026415094339622643,regresion_individual_normalizada,0.06678540580204692,1238.8692776279704,-0.04037031146242428,-748.8692776279704,ac_power_norm
1239,2019-09-17 09:00:00,2550.0,155.9875,10.376113341200002,0.7071067811865476,-0.7071067811865475,-0.9721181966290612,-0.2344913895704105,18550.0,18550.0,0.13746630727762804,regresion_individual_normalizada,0.15780442122427674,2927.2720137103333,-0.020338113946648695,-377.27201371033334,ac_power_norm
1239,2019-09-17 10:00:00,8595.0,423.5220000000001,12.361807944500004,0.4999999999999999,-0.8660254037844387,-0.9721181966290612,-0.2344913895704105,18550.0,18550.0,0.4633423180592992,regresion_individual_normalizada,0.42435833093195313,7871.8470387877305,0.038983987127346076,723.1529612122695,ac_power_norm
1239,2019-09-17 11:00:00,5375.0,287.10375,13.786252502900002,0.258819045102521,-0.9659258262890682,-0.9721181966290612,-0.2344913895704105,18550.0,18550.0,0.28975741239892183,regresion_individual_normalizada,0.3087714098525124,5727.709652764105,-0.01901399745359056,-352.70965276410516,ac_power_norm
1239,2019-09-17 12:00:00,5080.0,268.8655,13.852363619300004,1.2246467991473532e-16,-1.0,-0.9721181966290612,-0.2344913895704105,18550.0,18550.0,0.2738544474393531,regresion_individual_normalizada,0.2956252674927769,5483.848711991011,-0.02177082005342379,-403.84871199101144,ac_power_norm
1239,2019-09-17 13:00:00,3685.0,201.7145,13.4191691402,-0.2588190451025208,-0.9659258262890684,-0.9721181966290612,-0.2344913895704105,18550.0,18550.0,0.19865229110512128,regresion_individual_normalizada,0.22956588012682277,4258.447076352562,-0.030913589021701493,-573.4470763525624,ac_power_norm
1239,2019-09-17 14:00:00,5315.0,278.50825,13.600696932500002,-0.4999999999999997,-0.8660254037844388,-0.9721181966290612,-0.2344913895704105,18550.0,18550.0,0.2865229110512129,regresion_individual_normalizada,0.30228153089368104,5607.322398077783,-0.015758619842468125,-292.32239807778296,ac_power_norm
1239,2019-09-17 15:00:00,2900.0,165.97925,13.002919106900004,-0.7071067811865471,-0.7071067811865479,-0.9721181966290612,-0.2344913895704105,18550.0,18550.0,0.15633423180592992,regresion_individual_normalizada,0.1857212574351011,3445.1293254211255,-0.02938702562917117,-545.1293254211255,ac_power_norm
1239,2019-09-17 16:00:00,1400.0,93.134,12.214169043800002,-0.8660254037844385,-0.5000000000000004,-0.9721181966290612,-0.2344913895704105,18550.0,18550.0,0.07547169811320754,regresion_individual_normalizada,0.105942822307692,1965.2393538076867,-0.03047112419448446,-565.2393538076867,ac_power_norm
1239,2019-09-17 17:00:00,210.0,39.008,11.4266689808,-0.9659258262890684,-0.2588190451025206,-0.9721181966290612,-0.2344913895704105,18550.0,18550.0,0.011320754716981131,regresion_individual_normalizada,0.04456039776926904,826.5953786199407,-0.03323964305228791,-616.5953786199407,ac_power_norm
1239,2019-09-17 18:00:00,-115.0,6.719250000000001,10.231252218500003,-1.0,-1.8369701987210287e-16,-0.9721181966290612,-0.2344913895704105,18550.0,18550.0,-0.0061994609164420485,regresion_individual_normalizada,0.004015817297792011,74.49341087404181,-0.010215278214234059,-189.4934108740418,ac_power_norm
1239,2019-09-18 06:00:00,45.0,23.14725,0.2568069761000027,1.0,6.123233995736766e-17,-0.9760105506323682,-0.2177232303965322,18550.0,18550.0,0.002425876010781671,regresion_individual_normalizada,-0.030759663948511894,-570.5917662448957,0.03318553995929356,615.5917662448957,ac_power_norm
1239,2019-09-18 07:00:00,2090.0,164.84475,2.944029413300004,0.9659258262890684,-0.2588190451025206,-0.9760105506323682,-0.2177232303965322,18550.0,18550.0,0.11266846361185984,regresion_individual_normalizada,0.11498547274561777,2132.9805194312094,-0.00231700913375793,-42.98051943120936,ac_power_norm
1239,2019-09-18 08:00:00,5805.0,318.345,7.105279746200002,0.8660254037844387,-0.4999999999999998,-0.9760105506323682,-0.2177232303965322,18550.0,18550.0,0.3129380053908356,regresion_individual_normalizada,0.283378232140113,5256.6662061990955,0.02955977325072262,548.3337938009045,ac_power_norm
1239,2019-09-18 09:00:00,9800.0,473.69975,11.537641211900002,0.7071067811865476,-0.7071067811865475,-0.9760105506323682,-0.2177232303965322,18550.0,18550.0,0.5283018867924528,regresion_individual_normalizada,0.455718046723047,8453.569766712522,0.07258384006940583,1346.4302332874777,ac_power_norm
1239,2019-09-18 10:00:00,12130.0,599.5585,15.655141541300004,0.4999999999999999,-0.8660254037844387,-0.9760105506323682,-0.2177232303965322,18550.0,18550.0,0.6539083557951483,regresion_individual_normalizada,0.5982319758695354,11097.203152379881,0.05567637992561292,1032.7968476201186,ac_power_norm
1239,2019-09-18 11:00:00,13830.0,680.99925,17.567641694300008,0.258819045102521,-0.9659258262890682,-0.9760105506323682,-0.2177232303965322,18550.0,18550.0,0.7455525606469002,regresion_individual_normalizada,0.6910402686394364,12818.796983261544,0.05451229200746388,1011.2030167384564,ac_power_norm
1239,2019-09-18 12:00:00,14765.75,706.89525,15.932224896800006,1.2246467991473532e-16,-1.0,-0.9760105506323682,-0.2177232303965322,18550.0,18550.0,0.7959973045822103,regresion_individual_normalizada,0.7201163761762817,13358.158778070025,0.07588092840592864,1407.5912219299753,ac_power_norm
1239,2019-09-18 13:00:00,14030.0,682.11175,16.158474914900005,-0.2588190451025208,-0.9659258262890684,-0.9760105506323682,-0.2177232303965322,18550.0,18550.0,0.75633423180593,regresion_individual_normalizada,0.7002619128403271,12989.858483188069,0.05607231896560283,1040.141516811931,ac_power_norm
1239,2019-09-18 14:00:00,12450.0,606.34325,18.535141771700005,-0.4999999999999997,-0.8660254037844388,-0.9760105506323682,-0.2177232303965322,18550.0,18550.0,0.6711590296495957,regresion_individual_normalizada,0.6300050447101604,11686.593579373475,0.04115398493943534,763.4064206265248,ac_power_norm
1239,2019-09-18 15:00:00,9605.0,485.328,19.731947423,-0.7071067811865471,-0.7071067811865479,-0.9760105506323682,-0.2177232303965322,18550.0,18550.0,0.517789757412399,regresion_individual_normalizada,0.5074561723372044,9413.311996855142,0.010333585075194551,191.68800314485816,ac_power_norm
1239,2019-09-18 16:00:00,5720.0,332.242,19.842780765200008,-0.8660254037844385,-0.5000000000000004,-0.9760105506323682,-0.2177232303965322,18550.0,18550.0,0.30835579514824796,regresion_individual_normalizada,0.34947142876848364,6482.695003655372,-0.04111563362023568,-762.6950036553717,ac_power_norm
1239,2019-09-18 17:00:00,1725.0,166.59,18.795280681400005,-0.9659258262890684,-0.2588190451025206,-0.9760105506323682,-0.2177232303965322,18550.0,18550.0,0.09299191374663072,regresion_individual_normalizada,0.17875346848917467,3315.87684047419,-0.08576155474254395,-1590.87684047419,ac_power_norm
1239,2019-09-18 18:00:00,-100.0,30.565,15.0631970495,-1.0,-1.8369701987210287e-16,-0.9760105506323682,-0.2177232303965322,18550.0,18550.0,-0.005390835579514825,regresion_individual_normalizada,0.03682085869856899,683.0269288584548,-0.042211694278083814,-783.0269288584548,ac_power_norm
1239,2019-09-19 06:00:00,30.0,21.48925,-0.4294430787999985,1.0,6.123233995736766e-17,-0.97961369164549,-0.2008905551306352,18550.0,18550.0,0.0016172506738544475,regresion_individual_normalizada,-0.036853767779635234,-683.6373923122336,0.03847101845348968,713.6373923122336,ac_power_norm
1239,2019-09-19 07:00:00,1930.0,151.646,2.5855571624000024,0.9659258262890684,-0.2588190451025206,-0.97961369164549,-0.2008905551306352,18550.0,18550.0,0.10404312668463613,regresion_individual_normalizada,0.10081129613628201,1870.0495433280312,0.003231830548354117,59.95045667196882,ac_power_norm
1239,2019-09-19 08:00:00,5785.0,305.21125,6.337501907000002,0.8660254037844387,-0.4999999999999998,-0.97961369164549,-0.2008905551306352,18550.0,18550.0,0.31185983827493263,regresion_individual_normalizada,0.2673861229026822,4960.012579844755,0.04447371537225042,824.9874201552448,ac_power_norm
1239,2019-09-19 09:00:00,9460.0,463.53325,12.080419033100004,0.7071067811865476,-0.7071067811865475,-0.97961369164549,-0.2008905551306352,18550.0,18550.0,0.5099730458221025,regresion_individual_normalizada,0.44822461585357704,8314.566624083855,0.06174842996852542,1145.4333759161455,ac_power_norm
1239,2019-09-19 10:00:00,11655.0,589.19575,16.704308291900006,0.4999999999999999,-0.8660254037844387,-0.97961369164549,-0.2008905551306352,18550.0,18550.0,0.6283018867924528,regresion_individual_normalizada,0.5910099349208064,10963.23429278096,0.037291951871646356,691.7657072190395,ac_power_norm
1239,2019-09-19 11:00:00,13200.0,665.2915,20.285975245100005,0.258819045102521,-0.9659258262890682,-0.97961369164549,-0.2008905551306352,18550.0,18550.0,0.7115902964959568,regresion_individual_normalizada,0.6804898149056962,12623.086066500664,0.031100481590260687,576.913933499336,ac_power_norm
1239,2019-09-19 12:00:00,13680.0,702.5097499999999,19.95403077410001,1.2246467991473532e-16,-1.0,-0.97961369164549,-0.2008905551306352,18550.0,18550.0,0.7374663072776281,regresion_individual_normalizada,0.7237375055310751,13425.330727601442,0.013728801746552999,254.66927239855795,ac_power_norm
1239,2019-09-19 13:00:00,13364.5,671.50875,19.862641877900003,-0.2588190451025208,-0.9659258262890684,-0.97961369164549,-0.2008905551306352,18550.0,18550.0,0.7204582210242587,regresion_individual_normalizada,0.6971372728935934,12931.896412176158,0.02332094813066532,432.60358782384174,ac_power_norm
1239,2019-09-19 14:00:00,11905.0,599.4712499999999,21.623197574300008,-0.4999999999999997,-0.8660254037844388,-0.97961369164549,-0.2008905551306352,18550.0,18550.0,0.6417789757412399,regresion_individual_normalizada,0.6266450459781001,11624.265602893756,0.015133929763139764,280.7343971062437,ac_power_norm
1239,2019-09-19 15:00:00,9075.0,474.2015,23.109725471000004,-0.7071067811865471,-0.7071067811865479,-0.97961369164549,-0.2008905551306352,18550.0,18550.0,0.48921832884097033,regresion_individual_normalizada,0.4980163312988191,9238.202945593095,-0.008798002457848786,-163.20294559309514,ac_power_norm
1239,2019-09-19 16:00:00,5465.0,318.08325,22.4895865325,-0.8660254037844385,-0.5000000000000004,-0.97961369164549,-0.2008905551306352,18550.0,18550.0,0.2946091644204852,regresion_individual_normalizada,0.336539277255099,6242.803593082087,-0.04193011283461384,-777.803593082087,ac_power_norm
1239,2019-09-19 17:00:00,1500.0,154.395,21.4756975625,-0.9659258262890684,-0.2588190451025206,-0.97961369164549,-0.2008905551306352,18550.0,18550.0,0.08086253369272237,regresion_individual_normalizada,0.16776075330095408,3111.961973732698,-0.08689821960823171,-1611.961973732698,ac_power_norm
1239,2019-09-19 18:00:00,-50.0,23.25625,18.590002887200008,-1.0,-1.8369701987210287e-16,-0.97961369164549,-0.2008905551306352,18550.0,18550.0,-0.0026954177897574125,regresion_individual_normalizada,0.03281702767626189,608.7558633946581,-0.0355124454660193,-658.7558633946581,ac_power_norm
1239,2019-09-20 06:00:00,35.0,17.606,7.6072242308000035,1.0,6.123233995736766e-17,-0.9829265519799822,-0.1839983516576798,18550.0,18550.0,0.0018867924528301887,regresion_individual_normalizada,0.002239556030349983,41.543764362992185,-0.00035276357751979443,-6.543764362992185,ac_power_norm
1239,2019-09-20 07:00:00,780.0,112.311,9.826113297200004,0.9659258262890684,-0.2588190451025206,-0.9829265519799822,-0.1839983516576798,18550.0,18550.0,0.042048517520215635,regresion_individual_normalizada,0.10090175373448454,1871.7275317746883,-0.058853236214268904,-1091.7275317746883,ac_power_norm
1239,2019-09-20 08:00:00,3355.0,196.80575,12.738474641300002,0.8660254037844387,-0.4999999999999998,-0.9829265519799822,-0.1839983516576798,18550.0,18550.0,0.18086253369272237,regresion_individual_normalizada,0.19580385780621445,3632.161562305278,-0.014941324113492083,-277.16156230527804,ac_power_norm
1239,2019-09-20 09:00:00,3265.0,184.10875,15.106808164100002,0.7071067811865476,-0.7071067811865475,-0.9829265519799822,-0.1839983516576798,18550.0,18550.0,0.17601078167115902,regresion_individual_normalizada,0.20132866723017062,3734.646777119665,-0.0253178855590116,-469.6467771196649,ac_power_norm
1239,2019-09-20 10:00:00,6085.0,318.01775,17.746252819700004,0.4999999999999999,-0.8660254037844387,-0.9829265519799822,-0.1839983516576798,18550.0,18550.0,0.3280323450134771,regresion_individual_normalizada,0.34196350338145126,6343.422987725921,-0.01393115836797415,-258.4229877259213,ac_power_norm
1239,2019-09-20 11:00:00,6675.0,341.29549999999995,20.7598641719,0.258819045102521,-0.9659258262890682,-0.9829265519799822,-0.1839983516576798,18550.0,18550.0,0.35983827493261455,regresion_individual_normalizada,0.3777466368700307,7007.2001139390695,-0.01790836193741613,-332.2001139390695,ac_power_norm
1239,2019-09-20 12:00:00,11430.0,557.322,21.531947567000003,1.2246467991473532e-16,-1.0,-0.9829265519799822,-0.1839983516576798,18550.0,18550.0,0.6161725067385445,regresion_individual_normalizada,0.5887627735991703,10921.549450264609,0.027409733139374226,508.4505497353912,ac_power_norm
1239,2019-09-20 13:00:00,12900.0,632.87225,23.437503275000005,-0.2588190451025208,-0.9659258262890684,-0.9829265519799822,-0.1839983516576798,18550.0,18550.0,0.6954177897574124,regresion_individual_normalizada,0.6630450252402498,12299.485218206633,0.032372764517162644,600.5147817933666,ac_power_norm
1239,2019-09-20 14:00:00,11170.0,558.82725,25.265558976800005,-0.4999999999999997,-0.8660254037844388,-0.9829265519799822,-0.1839983516576798,18550.0,18550.0,0.6021563342318059,regresion_individual_normalizada,0.5878122371817502,10903.916999721467,0.014344097050055682,266.0830002785333,ac_power_norm
1239,2019-09-20 15:00:00,8875.0,468.79075,25.027781180000005,-0.7071067811865471,-0.7071067811865479,-0.9829265519799822,-0.1839983516576798,18550.0,18550.0,0.4784366576819407,regresion_individual_normalizada,0.4922141808559601,9130.57305487806,-0.013777523174019368,-255.57305487805934,ac_power_norm
1239,2019-09-20 16:00:00,3940.0,229.9885,25.150281189800005,-0.8660254037844385,-0.5000000000000004,-0.9829265519799822,-0.1839983516576798,18550.0,18550.0,0.21239892183288409,regresion_individual_normalizada,0.2513497643368125,4662.538128447872,-0.03895084250392841,-722.5381284478717,ac_power_norm
1239,2019-09-20 17:00:00,690.0,57.46425000000001,23.4372254972,-0.9659258262890684,-0.2588190451025206,-0.9829265519799822,-0.1839983516576798,18550.0,18550.0,0.03719676549865229,regresion_individual_normalizada,0.07564051395312768,1403.1315338305185,-0.03844374845447539,-713.1315338305185,ac_power_norm
1239,2019-09-20 18:00:00,-50.0,20.52925,22.5275032022,-1.0,-1.8369701987210287e-16,-0.9829265519799822,-0.1839983516576798,18550.0,18550.0,-0.0026954177897574125,regresion_individual_normalizada,0.028452557223870134,527.794936502791,-0.031147975013627545,-577.794936502791,ac_power_norm
1239,2019-09-21 06:00:00,15.0,17.82375,10.992085612700002,1.0,6.123233995736766e-17,-0.9859481499638304,-0.1670516255021195,18550.0,18550.0,0.0008086253369272237,regresion_individual_normalizada,0.013914634360182754,258.11646738139007,-0.01310600902325553,-243.11646738139007,ac_power_norm
1239,2019-09-21 07:00:00,1015.0,146.08275,13.277085795500003,0.9659258262890684,-0.2588190451025206,-0.9859481499638304,-0.1670516255021195,18550.0,18550.0,0.05471698113207547,regresion_individual_normalizada,0.14157211503871167,2626.1627339681013,-0.0868551339066362,-1611.1627339681013,ac_power_norm
1239,2019-09-21 08:00:00,4855.0,304.70975000000004,17.079724988600006,0.8660254037844387,-0.4999999999999998,-0.9859481499638304,-0.1670516255021195,18550.0,18550.0,0.26172506738544477,regresion_individual_normalizada,0.3030869650408362,5622.263201507511,-0.041361897655391444,-767.2632015075114,ac_power_norm
1239,2019-09-21 09:00:00,9360.0,459.36625,19.194725157800008,0.7071067811865476,-0.7071067811865475,-0.9859481499638304,-0.1670516255021195,18550.0,18550.0,0.5045822102425876,regresion_individual_normalizada,0.4610586583533987,8552.638112455546,0.04352355188918894,807.3618875444536,ac_power_norm
1239,2019-09-21 10:00:00,11615.0,580.1594,21.71855869304,0.4999999999999999,-0.8660254037844387,-0.9859481499638304,-0.1670516255021195,18550.0,18550.0,0.6261455525606469,regresion_individual_normalizada,0.5895314082182992,10935.80762244945,0.036614144342347665,679.1923775505493,ac_power_norm
1239,2019-09-21 11:00:00,13330.0,658.63725,23.063336578400005,0.258819045102521,-0.9659258262890682,-0.9859481499638304,-0.1670516255021195,18550.0,18550.0,0.7185983827493262,regresion_individual_normalizada,0.6763338245141888,12545.992444738202,0.04226455823513742,784.0075552617982,ac_power_norm
1239,2019-09-21 12:00:00,14220.0,694.4815,21.163475315300005,1.2246467991473532e-16,-1.0,-0.9859481499638304,-0.1670516255021195,18550.0,18550.0,0.7665768194070081,regresion_individual_normalizada,0.7176183248986274,13311.819926869539,0.048958494508380634,908.1800731304611,ac_power_norm
1239,2019-09-21 13:00:00,13110.0,651.329,21.783614253800007,-0.2588190451025208,-0.9659258262890684,-0.9859481499638304,-0.1670516255021195,18550.0,18550.0,0.7067385444743935,regresion_individual_normalizada,0.680187801780219,12617.483723023062,0.026550742694174567,492.51627697693766,ac_power_norm
1239,2019-09-21 14:00:00,11675.0,583.71975,23.2461143708,-0.4999999999999997,-0.8660254037844388,-0.9859481499638304,-0.1670516255021195,18550.0,18550.0,0.6293800539083558,regresion_individual_normalizada,0.612789038838206,11367.236670448721,0.016591015070149817,307.76332955127873,ac_power_norm
1239,2019-09-21 15:00:00,9050.0,462.9225,25.095281185400005,-0.7071067811865471,-0.7071067811865479,-0.9859481499638304,-0.1670516255021195,18550.0,18550.0,0.48787061994609165,regresion_individual_normalizada,0.48736434223877906,9040.608548529352,0.0005062777073125968,9.391451470648462,ac_power_norm
1239,2019-09-21 16:00:00,5115.0,308.26575,24.9968089553,-0.8660254037844385,-0.5000000000000004,-0.9859481499638304,-0.1670516255021195,18550.0,18550.0,0.2757412398921833,regresion_individual_normalizada,0.3268270568079889,6062.641903788194,-0.051085816915805604,-947.6419037881942,ac_power_norm
1239,2019-09-21 17:00:00,1420.0,152.0605,23.938058870600003,-0.9659258262890684,-0.2588190451025206,-0.9859481499638304,-0.1670516255021195,18550.0,18550.0,0.07654986522911052,regresion_individual_normalizada,0.1654342385283763,3068.8051247013805,-0.08888437329926578,-1648.8051247013805,ac_power_norm
1239,2019-09-21 18:00:00,-30.0,18.7185,19.842919654100005,-1.0,-1.8369701987210287e-16,-0.9859481499638304,-0.1670516255021195,18550.0,18550.0,-0.0016172506738544475,regresion_individual_normalizada,0.03067720343869626,569.0621237878156,-0.032294454112550705,-599.0621237878156,ac_power_norm
1239,2019-09-22 06:00:00,20.0,16.864,8.262502061000003,1.0,6.123233995736766e-17,-0.9886775902323404,-0.1500553983446526,18550.0,18550.0,0.001078167115902965,regresion_individual_normalizada,0.0048337202821151365,89.66551123323578,-0.0037555531662121716,-69.66551123323578,ac_power_norm
1239,2019-09-22 07:00:00,1115.0,142.11200000000002,11.073474508100002,0.9659258262890684,-0.2588190451025206,-0.9886775902323404,-0.1500553983446526,18550.0,18550.0,0.060107816711590295,regresion_individual_normalizada,0.13232269926037282,2454.586071279916,-0.07221488254878253,-1339.5860712799158,ac_power_norm
1239,2019-09-22 08:00:00,3505.0,222.17825,13.187224677200003,0.8660254037844387,-0.4999999999999998,-0.9886775902323404,-0.1500553983446526,18550.0,18550.0,0.1889487870619946,regresion_individual_normalizada,0.2207724437524689,4095.328831608298,-0.031823656690474295,-590.3288316082981,ac_power_norm
1239,2019-09-22 09:00:00,8400.0,422.82375,18.6533362256,0.7071067811865476,-0.7071067811865475,-0.9886775902323404,-0.1500553983446526,18550.0,18550.0,0.4528301886792453,regresion_individual_normalizada,0.4275953435533567,7931.893622914767,0.025234845125888583,468.10637708523336,ac_power_norm
1239,2019-09-22 10:00:00,10485.0,535.2875,22.545697648100003,0.4999999999999999,-0.8660254037844387,-0.9886775902323404,-0.1500553983446526,18550.0,18550.0,0.5652291105121294,regresion_individual_normalizada,0.5490224101155625,10184.365707643685,0.01620670039656691,300.6342923563152,ac_power_norm
1239,2019-09-22 11:00:00,12295.0,614.43725,25.413058988600003,0.258819045102521,-0.9659258262890682,-0.9886775902323404,-0.1500553983446526,18550.0,18550.0,0.6628032345013477,regresion_individual_normalizada,0.6352440811646423,11783.777705604114,0.027559153336705444,511.2222943958859,ac_power_norm
1239,2019-09-22 12:00:00,10595.0,529.3315,25.134725633,1.2246467991473532e-16,-1.0,-0.9886775902323404,-0.1500553983446526,18550.0,18550.0,0.5711590296495956,regresion_individual_normalizada,0.5642159664765527,10466.206178140053,0.00694306317304294,128.79382185994655,ac_power_norm
1239,2019-09-22 13:00:00,10100.0,511.9,26.151531269900005,-0.2588190451025208,-0.9659258262890684,-0.9886775902323404,-0.1500553983446526,18550.0,18550.0,0.5444743935309974,regresion_individual_normalizada,0.5487483687265644,10179.28223987777,-0.004273975195567048,-79.28223987776983,ac_power_norm
1239,2019-09-22 14:00:00,7840.0,407.02875,27.238336912400005,-0.4999999999999997,-0.8660254037844388,-0.9886775902323404,-0.1500553983446526,18550.0,18550.0,0.4226415094339623,regresion_individual_normalizada,0.4432391965120433,8222.087095298402,-0.020597687078081017,-382.08709529840235,ac_power_norm
1239,2019-09-22 15:00:00,6765.0,363.854,27.543753603500004,-0.7071067811865471,-0.7071067811865479,-0.9886775902323404,-0.1500553983446526,18550.0,18550.0,0.3646900269541779,regresion_individual_normalizada,0.3910916240845619,7254.749626768623,-0.02640159713038398,-489.7496267686229,ac_power_norm
1239,2019-09-22 16:00:00,1580.0,116.6085,25.912503473000005,-0.8660254037844385,-0.5000000000000004,-0.9886775902323404,-0.1500553983446526,18550.0,18550.0,0.08517520215633423,regresion_individual_normalizada,0.14523599336393136,2694.127676900927,-0.060060791207597136,-1114.1276769009269,ac_power_norm
1239,2019-09-22 17:00:00,730.0,67.0635,25.189586748500005,-0.9659258262890684,-0.2588190451025206,-0.9886775902323404,-0.1500553983446526,18550.0,18550.0,0.039353099730458224,regresion_individual_normalizada,0.08497136234932579,1576.2187715799932,-0.04561826261886756,-846.2187715799932,ac_power_norm
1239,2019-09-22 18:00:00,-65.0,9.861,24.1629199997,-1.0,-1.8369701987210287e-16,-0.9886775902323404,-0.1500553983446526,18550.0,18550.0,-0.003504043126684636,regresion_individual_normalizada,0.01870150983241764,346.9130073913472,-0.022205552959102277,-411.9130073913472,ac_power_norm
1239,2019-09-23 06:00:00,0.0,5.018,23.5231977263,1.0,6.123233995736766e-17,-0.9911140639934546,-0.1330147065341963,18550.0,18550.0,0.0,regresion_individual_normalizada,0.010326106580270902,191.54927706402523,-0.010326106580270902,-191.54927706402523,ac_power_norm
1239,2019-09-23 07:00:00,30.0,32.114000000000004,23.345836601,0.9659258262890684,-0.2588190451025206,-0.9911140639934546,-0.1330147065341963,18550.0,18550.0,0.0016172506738544475,regresion_individual_normalizada,0.048798671084409495,905.2153486157962,-0.04718142041055505,-875.2153486157962,ac_power_norm
1239,2019-09-23 08:00:00,650.0,82.40074999999999,23.381114381600003,0.8660254037844387,-0.4999999999999998,-0.9911140639934546,-0.1330147065341963,18550.0,18550.0,0.03504043126684636,regresion_individual_normalizada,0.10792893802337888,2002.0818003336783,-0.07288850675653252,-1352.0818003336783,ac_power_norm
1239,2019-09-23 09:00:00,235.0,46.01075,22.9650032372,0.7071067811865476,-0.7071067811865475,-0.9911140639934546,-0.1330147065341963,18550.0,18550.0,0.012668463611859838,regresion_individual_normalizada,0.08767072362849762,1626.2919233086309,-0.07500226001663779,-1391.2919233086309,ac_power_norm
1239,2019-09-23 10:00:00,130.0,41.64775,22.021392050600006,0.4999999999999999,-0.8660254037844387,-0.9911140639934546,-0.1330147065341963,18550.0,18550.0,0.007008086253369272,regresion_individual_normalizada,0.092677633354139,1719.1700987192785,-0.08566954710076974,-1589.1700987192785,ac_power_norm
1239,2019-09-23 11:00:00,800.0,86.04400000000001,19.87389187880001,0.258819045102521,-0.9659258262890682,-0.9911140639934546,-0.1330147065341963,18550.0,18550.0,0.0431266846361186,regresion_individual_normalizada,0.13788078809898893,2557.688619236245,-0.09475410346287033,-1757.688619236245,ac_power_norm
1239,2019-09-23 12:00:00,465.0,61.52224999999999,19.5912529673,1.2246467991473532e-16,-1.0,-0.9911140639934546,-0.1330147065341963,18550.0,18550.0,0.025067385444743934,regresion_individual_normalizada,0.11672486966762696,2165.24633233448,-0.09165748422288303,-1700.24633233448,ac_power_norm
1239,2019-09-23 13:00:00,80.0,36.1935,18.252363971300003,-0.2588190451025208,-0.9659258262890684,-0.9911140639934546,-0.1330147065341963,18550.0,18550.0,0.00431266846361186,regresion_individual_normalizada,0.08867979009323101,1645.0101062294352,-0.08436712162961915,-1565.0101062294352,ac_power_norm
1239,2019-09-23 14:00:00,210.0,41.473,17.600002808000006,-0.4999999999999997,-0.8660254037844388,-0.9911140639934546,-0.1330147065341963,18550.0,18550.0,0.011320754716981131,regresion_individual_normalizada,0.0886177266254724,1643.858828902513,-0.07729697190849127,-1433.858828902513,ac_power_norm
1239,2019-09-23 15:00:00,500.0,65.013,17.397641680700005,-0.7071067811865471,-0.7071067811865479,-0.9911140639934546,-0.1330147065341963,18550.0,18550.0,0.026954177897574125,regresion_individual_normalizada,0.1048213298552195,1944.4356688143216,-0.07786715195764538,-1444.4356688143216,ac_power_norm
1239,2019-09-23 16:00:00,195.0,41.88775,17.934725057,-0.8660254037844385,-0.5000000000000004,-0.9911140639934546,-0.1330147065341963,18550.0,18550.0,0.010512129380053909,regresion_individual_normalizada,0.07536581648014179,1398.0358957066303,-0.06485368710008788,-1203.0358957066303,ac_power_norm
1239,2019-09-23 17:00:00,-50.0,18.15125,18.719447342,-0.9659258262890684,-0.2588190451025206,-0.9911140639934546,-0.1330147065341963,18550.0,18550.0,-0.0026954177897574125,regresion_individual_normalizada,0.04373794990058366,811.3389706558269,-0.04643336769034107,-861.3389706558269,ac_power_norm
1239,2019-09-23 18:00:00,0.0,4.952500000000001,18.6123640001,-1.0,-1.8369701987210287e-16,-0.9911140639934546,-0.1330147065341963,18550.0,18550.0,0.0,regresion_individual_normalizada,0.020526794701086648,380.77204170515733,-0.020526794701086648,-380.77204170515733,ac_power_norm
1239,2019-09-24 06:00:00,15.0,4.363333333333333,12.693613526600004,1.0,6.123233995736766e-17,-0.9932568492674144,-0.1159345995955006,18550.0,18550.0,0.0008086253369272237,regresion_individual_normalizada,0.008270636350169953,153.42030429565264,-0.00746201101324273,-138.42030429565264,ac_power_norm
1239,2019-09-24 07:00:00,20.0,16.886,12.686669081600003,0.9659258262890684,-0.2588190451025206,-0.9932568492674144,-0.1159345995955006,18550.0,18550.0,0.001078167115902965,regresion_individual_normalizada,0.027285385349484395,506.14389823293556,-0.02620721823358143,-486.14389823293556,ac_power_norm
1239,2019-09-24 08:00:00,50.0,26.33225,12.446113506800003,0.8660254037844387,-0.4999999999999998,-0.9932568492674144,-0.1159345995955006,18550.0,18550.0,0.0026954177897574125,regresion_individual_normalizada,0.042744846299763314,792.9168988606095,-0.040049428510005904,-742.9168988606095,ac_power_norm
1239,2019-09-24 09:00:00,310.0,49.21775,12.394030169300002,0.7071067811865476,-0.7071067811865475,-0.9932568492674144,-0.1159345995955006,18550.0,18550.0,0.016711590296495958,regresion_individual_normalizada,0.07045084130932724,1306.8631062880204,-0.053739251012831286,-996.8631062880204,ac_power_norm
1239,2019-09-24 10:00:00,425.0,56.32975,11.850002348000002,0.4999999999999999,-0.8660254037844387,-0.9932568492674144,-0.1159345995955006,18550.0,18550.0,0.022911051212938006,regresion_individual_normalizada,0.08044155817961401,1492.19090423184,-0.05753050696667601,-1067.19090423184,ac_power_norm
1239,2019-09-24 11:00:00,170.0,35.5825,11.475835651400002,0.258819045102521,-0.9659258262890682,-0.9932568492674144,-0.1159345995955006,18550.0,18550.0,0.009164420485175202,regresion_individual_normalizada,0.06274463213715945,1163.9129261443077,-0.05358021165198425,-993.9129261443077,ac_power_norm
1239,2019-09-24 12:00:00,540.0,61.58775,11.872502349800005,1.2246467991473532e-16,-1.0,-0.9932568492674144,-0.1159345995955006,18550.0,18550.0,0.029110512129380053,regresion_individual_normalizada,0.0912975368274154,1693.5693081485556,-0.062187024698035345,-1153.5693081485556,ac_power_norm
1239,2019-09-24 13:00:00,1150.0,116.49975,12.267502381400002,-0.2588190451025208,-0.9659258262890684,-0.9932568492674144,-0.1159345995955006,18550.0,18550.0,0.06199460916442048,regresion_individual_normalizada,0.14594579013159212,2707.2944069410337,-0.08395118096717163,-1557.2944069410337,ac_power_norm
1239,2019-09-24 14:00:00,1145.0,115.12525,12.950974658300003,-0.4999999999999997,-0.8660254037844388,-0.9932568492674144,-0.1159345995955006,18550.0,18550.0,0.06172506738544475,regresion_individual_normalizada,0.1452712774471483,2694.782196644601,-0.08354621006170354,-1549.7821966446008,ac_power_norm
1239,2019-09-24 15:00:00,925.75,95.4905,12.142363482500002,-0.7071067811865471,-0.7071067811865479,-0.9932568492674144,-0.1159345995955006,18550.0,18550.0,0.04990566037735849,regresion_individual_normalizada,0.1185204020237218,2198.5534575400393,-0.0686147416463633,-1272.8034575400393,ac_power_norm
1239,2019-09-24 16:00:00,875.0,94.63975,11.765557896800004,-0.8660254037844385,-0.5000000000000004,-0.9932568492674144,-0.1159345995955006,18550.0,18550.0,0.04716981132075472,regresion_individual_normalizada,0.11027017288954288,2045.5117071010204,-0.06310036156878816,-1170.5117071010204,ac_power_norm
1239,2019-09-24 17:00:00,-80.0,20.5295,11.4363912038,-0.9659258262890684,-0.2588190451025206,-0.9932568492674144,-0.1159345995955006,18550.0,18550.0,-0.00431266846361186,regresion_individual_normalizada,0.032056790160832946,594.6534574834511,-0.03636945862444481,-674.6534574834511,ac_power_norm
1239,2019-09-24 18:00:00,15.0,3.294,10.878196714700003,-1.0,-1.8369701987210287e-16,-0.9932568492674144,-0.1159345995955006,18550.0,18550.0,0.0008086253369272237,regresion_individual_normalizada,0.00769131953695891,142.67397741058778,-0.0068826942000316865,-127.67397741058778,ac_power_norm
1239,2019-09-25 06:00:00,5.0,1.876,7.9122242552000035,1.0,6.123233995736766e-17,-0.9951053111006974,-0.0988201387328721,18550.0,18550.0,0.00026954177897574127,regresion_individual_normalizada,-0.008362375223264974,-155.12206039156527,0.008631917002240716,160.12206039156527,ac_power_norm
1239,2019-09-25 07:00:00,10.0,20.72525,8.193474277700002,0.9659258262890684,-0.2588190451025206,-0.9951053111006974,-0.0988201387328721,18550.0,18550.0,0.0005390835579514825,regresion_individual_normalizada,0.014709856171466376,272.8678319807013,-0.014170772613514893,-262.8678319807013,ac_power_norm
1239,2019-09-25 08:00:00,865.0,95.25025,8.729307653900003,0.8660254037844387,-0.4999999999999998,-0.9951053111006974,-0.0988201387328721,18550.0,18550.0,0.046630727762803234,regresion_individual_normalizada,0.09001375078112397,1669.7550769898498,-0.04338302301832074,-804.7550769898498,ac_power_norm
1239,2019-09-25 09:00:00,1610.0,161.8995,9.999307755500006,0.7071067811865476,-0.7071067811865475,-0.9951053111006974,-0.0988201387328721,18550.0,18550.0,0.08679245283018867,regresion_individual_normalizada,0.16391089304160356,3040.547065921746,-0.07711844021141488,-1430.5470659217458,ac_power_norm
1239,2019-09-25 10:00:00,1960.0,183.825,10.723335591200003,0.4999999999999999,-0.8660254037844387,-0.9951053111006974,-0.0988201387328721,18550.0,18550.0,0.10566037735849057,regresion_individual_normalizada,0.19468874449058676,3611.4762103003845,-0.08902836713209619,-1651.4762103003845,ac_power_norm
1239,2019-09-25 11:00:00,1450.0,143.421,11.065141174100004,0.258819045102521,-0.9659258262890682,-0.9951053111006974,-0.0988201387328721,18550.0,18550.0,0.07816711590296496,regresion_individual_normalizada,0.16356038108490167,3034.045069124926,-0.08539326518193671,-1584.0450691249262,ac_power_norm
1239,2019-09-25 12:00:00,2955.0,272.509,11.2691689682,1.2246467991473532e-16,-1.0,-0.9951053111006974,-0.0988201387328721,18550.0,18550.0,0.15929919137466308,regresion_individual_normalizada,0.29036152205771565,5386.206234170625,-0.13106233068305256,-2431.206234170625,ac_power_norm
1239,2019-09-25 13:00:00,1225.0,129.0005,11.599724550200005,-0.2588190451025208,-0.9659258262890684,-0.9951053111006974,-0.0988201387328721,18550.0,18550.0,0.0660377358490566,regresion_individual_normalizada,0.15534187953069775,2881.5918652944433,-0.08930414368164115,-1656.5918652944433,ac_power_norm
1239,2019-09-25 14:00:00,1740.75,172.9605,12.388474613300003,-0.4999999999999997,-0.8660254037844388,-0.9951053111006974,-0.0988201387328721,18550.0,18550.0,0.09384097035040431,regresion_individual_normalizada,0.19912847184739196,3693.8331527691207,-0.10528750149698765,-1953.0831527691207,ac_power_norm
1239,2019-09-25 15:00:00,540.0,72.62675,11.599585661300004,-0.7071067811865471,-0.7071067811865479,-0.9951053111006974,-0.0988201387328721,18550.0,18550.0,0.029110512129380053,regresion_individual_normalizada,0.09485057311791534,1759.4781313373296,-0.06574006098853528,-1219.4781313373296,ac_power_norm
1239,2019-09-25 16:00:00,270.0,48.6725,10.944168942200005,-0.8660254037844385,-0.5000000000000004,-0.9951053111006974,-0.0988201387328721,18550.0,18550.0,0.014555256064690027,regresion_individual_normalizada,0.06374506913425107,1182.4710324403572,-0.04918981306956104,-912.4710324403572,ac_power_norm
1239,2019-09-25 17:00:00,-35.0,21.53275,10.626530027900005,-0.9659258262890684,-0.2588190451025206,-0.9951053111006974,-0.0988201387328721,18550.0,18550.0,-0.0018867924528301887,regresion_individual_normalizada,0.030814909584394673,571.6165727905212,-0.03270170203722486,-606.6165727905212,ac_power_norm
1239,2019-09-25 18:00:00,20.0,0.371,9.540835496600003,-1.0,-1.8369701987210287e-16,-0.9951053111006974,-0.0988201387328721,18550.0,18550.0,0.001078167115902965,regresion_individual_normalizada,0.001247770500539952,23.14614278501611,-0.00016960338463698692,-3.14614278501611,ac_power_norm
1239,2019-09-26 06:00:00,5.0,7.41725,7.271113092800001,1.0,6.123233995736766e-17,-0.99665890175417,-0.0816763953304228,18550.0,18550.0,0.00026954177897574127,regresion_individual_normalizada,-0.005831019123266397,-108.16540473659167,0.006100560902242138,113.16540473659167,ac_power_norm
1239,2019-09-26 07:00:00,360.0,56.96275,7.663474235300002,0.9659258262890684,-0.2588190451025206,-0.99665890175417,-0.0816763953304228,18550.0,18550.0,0.01940700808625337,regresion_individual_normalizada,0.044697652522059705,829.1414542842075,-0.025290644435806336,-469.1414542842075,ac_power_norm
1239,2019-09-26 08:00:00,830.0,93.98525,8.9008354454,0.8660254037844387,-0.4999999999999998,-0.99665890175417,-0.0816763953304228,18550.0,18550.0,0.044743935309973046,regresion_individual_normalizada,0.09003248308397746,1670.102561207782,-0.045288547774004415,-840.102561207782,ac_power_norm
1239,2019-09-26 09:00:00,4530.0,389.51,12.090419033900002,0.7071067811865476,-0.7071067811865475,-0.99665890175417,-0.0816763953304228,18550.0,18550.0,0.24420485175202156,regresion_individual_normalizada,0.38056977646036244,7059.569353339723,-0.13636492470834088,-2529.5693533397234,ac_power_norm
1239,2019-09-26 10:00:00,3400.0,309.77125,14.3431969919,0.4999999999999999,-0.8660254037844387,-0.99665890175417,-0.0816763953304228,18550.0,18550.0,0.18328840970350405,regresion_individual_normalizada,0.3272225522868482,6069.9783449210345,-0.14393414258334417,-2669.9783449210345,ac_power_norm
1239,2019-09-26 11:00:00,3995.0,365.31575,15.735280436600002,0.258819045102521,-0.9659258262890682,-0.99665890175417,-0.0816763953304228,18550.0,18550.0,0.21536388140161725,regresion_individual_normalizada,0.3920648011662949,7272.80206163477,-0.17670091976467764,-3277.8020616347703,ac_power_norm
1239,2019-09-26 12:00:00,6785.0,603.9,18.152641741100005,1.2246467991473532e-16,-1.0,-0.99665890175417,-0.0816763953304228,18550.0,18550.0,0.3657681940700809,regresion_individual_normalizada,0.6282709549575989,11654.42621446346,-0.262502760887518,-4869.4262144634595,ac_power_norm
1239,2019-09-26 13:00:00,5270.0,484.3025,20.869447514000008,-0.2588190451025208,-0.9659258262890684,-0.99665890175417,-0.0816763953304228,18550.0,18550.0,0.28409703504043127,regresion_individual_normalizada,0.5234369135756374,9709.754746828074,-0.2393398785352061,-4439.754746828074,ac_power_norm
1239,2019-09-26 14:00:00,3340.0,309.94575,21.261808656500005,-0.4999999999999997,-0.8660254037844388,-0.99665890175417,-0.0816763953304228,18550.0,18550.0,0.18005390835579516,regresion_individual_normalizada,0.35523437834371613,6589.597718275934,-0.17518046998792097,-3249.5977182759343,ac_power_norm
1239,2019-09-26 15:00:00,1340.0,136.91975,20.80639195340001,-0.7071067811865471,-0.7071067811865479,-0.99665890175417,-0.0816763953304228,18550.0,18550.0,0.07223719676549865,regresion_individual_normalizada,0.18230989289019667,3381.8485131131483,-0.11007269612469801,-2041.8485131131483,ac_power_norm
1239,2019-09-26 16:00:00,255.0,46.033,19.9384752173,-0.8660254037844385,-0.5000000000000004,-0.99665890175417,-0.0816763953304228,18550.0,18550.0,0.013746630727762802,regresion_individual_normalizada,0.0852438567266445,1581.2735422792555,-0.0714972259988817,-1326.2735422792555,ac_power_norm
1239,2019-09-26 17:00:00,15.0,7.875499999999999,17.192224997600004,-0.9659258262890684,-0.2588190451025206,-0.99665890175417,-0.0816763953304228,18550.0,18550.0,0.0008086253369272237,regresion_individual_normalizada,0.03591231601156125,666.1734620144612,-0.03510369067463403,-651.1734620144612,ac_power_norm
1239,2019-09-26 18:00:00,15.0,1.65825,16.0518082397,-1.0,-1.8369701987210287e-16,-0.99665890175417,-0.0816763953304228,18550.0,18550.0,0.0008086253369272237,regresion_individual_normalizada,0.01907985888274577,353.93138227493404,-0.018271233545818548,-338.93138227493404,ac_power_norm
1239,2019-09-27 06:00:00,15.0,10.29725,8.237224281200003,1.0,6.123233995736766e-17,-0.9979171608653922,-0.0645084494493162,18550.0,18550.0,0.0008086253369272237,regresion_individual_normalizada,0.001130694417866611,20.974381451425632,-0.00032206908093938716,-5.974381451425632,ac_power_norm
1239,2019-09-27 07:00:00,710.0,120.29575,9.7966688504,0.9659258262890684,-0.2588190451025206,-0.9979171608653922,-0.0645084494493162,18550.0,18550.0,0.03827493261455526,regresion_individual_normalizada,0.11021381709877345,2044.4663071822476,-0.0719388844842182,-1334.4663071822476,ac_power_norm
1239,2019-09-27 08:00:00,2780.0,309.553,11.332363417700002,0.8660254037844387,-0.4999999999999998,-0.9979171608653922,-0.0645084494493162,18550.0,18550.0,0.14986522911051212,regresion_individual_normalizada,0.2937071759581834,5448.268114024302,-0.1438419468476713,-2668.268114024302,ac_power_norm
1239,2019-09-27 09:00:00,3630.0,349.9135,12.991807994900004,0.7071067811865476,-0.7071067811865475,-0.9979171608653922,-0.0645084494493162,18550.0,18550.0,0.19568733153638815,regresion_individual_normalizada,0.34834982180238416,6461.889194434226,-0.15266249026599601,-2831.889194434226,ac_power_norm
1239,2019-09-27 10:00:00,6109.5,553.9404999999999,15.312085958300006,0.4999999999999999,-0.8660254037844387,-0.9979171608653922,-0.0645084494493162,18550.0,18550.0,0.32935309973045823,regresion_individual_normalizada,0.5545536110862883,10286.969485650648,-0.22520051135583008,-4177.4694856506485,ac_power_norm
1239,2019-09-27 11:00:00,4945.0,445.07675,16.351252708100002,0.258819045102521,-0.9659258262890682,-0.9979171608653922,-0.0645084494493162,18550.0,18550.0,0.26657681940700806,regresion_individual_normalizada,0.4685636567309112,8691.855832358404,-0.20198683732390316,-3746.855832358404,ac_power_norm
1239,2019-09-27 12:00:00,5900.0,481.139,15.8465304455,1.2246467991473532e-16,-1.0,-0.9979171608653922,-0.0645084494493162,18550.0,18550.0,0.31805929919137466,regresion_individual_normalizada,0.5069157608958985,9403.287364618918,-0.18885646170452386,-3503.287364618918,ac_power_norm
1239,2019-09-27 13:00:00,7909.999999999999,672.0545000000001,17.249863891100006,-0.2588190451025208,-0.9659258262890684,-0.9979171608653922,-0.0645084494493162,18550.0,18550.0,0.4264150943396226,regresion_individual_normalizada,0.6923863994429054,12843.767709665895,-0.26597130510328276,-4933.767709665896,ac_power_norm
1239,2019-09-27 14:00:00,6450.0,541.2435,18.598475110100004,-0.4999999999999997,-0.8660254037844388,-0.9979171608653922,-0.0645084494493162,18550.0,18550.0,0.3477088948787062,regresion_individual_normalizada,0.5700449538162933,10574.33389329224,-0.22233605893758707,-4124.33389329224,ac_power_norm
1239,2019-09-27 15:00:00,4805.0,428.147,19.291530721100003,-0.7071067811865471,-0.7071067811865479,-0.9979171608653922,-0.0645084494493162,18550.0,18550.0,0.2590296495956873,regresion_individual_normalizada,0.45686439942172613,8474.834609273019,-0.19783474982603882,-3669.834609273019,ac_power_norm
1239,2019-09-27 16:00:00,2650.0,274.472,19.068197369900005,-0.8660254037844385,-0.5000000000000004,-0.9979171608653922,-0.0645084494493162,18550.0,18550.0,0.14285714285714285,regresion_individual_normalizada,0.30083723562519865,5580.530720847435,-0.1579800927680558,-2930.530720847435,ac_power_norm
1239,2019-09-27 17:00:00,460.0,119.07399999999998,18.573197330300005,-0.9659258262890684,-0.2588190451025206,-0.9979171608653922,-0.0645084494493162,18550.0,18550.0,0.024797843665768194,regresion_individual_normalizada,0.14271019891382872,2647.274189851523,-0.11791235524806053,-2187.274189851523,ac_power_norm
1239,2019-09-27 18:00:00,-30.0,10.6245,14.988613710200005,-1.0,-1.8369701987210287e-16,-0.9979171608653922,-0.0645084494493162,18550.0,18550.0,-0.0016172506738544475,regresion_individual_normalizada,0.026805470878386792,497.241484794075,-0.02842272155224124,-527.241484794075,ac_power_norm
1239,2019-09-28 06:00:00,20.0,1.65825,9.833196631100003,1.0,6.123233995736766e-17,-0.9988797155850336,-0.0473213883224323,18550.0,18550.0,0.001078167115902965,regresion_individual_normalizada,0.0002050371126360931,3.803438439399527,0.000873130003266872,16.196561560600472,ac_power_norm
1239,2019-09-28 07:00:00,20.0,18.08575,9.948613307,0.9659258262890684,-0.2588190451025206,-0.9988797155850336,-0.0473213883224323,18550.0,18550.0,0.001078167115902965,regresion_individual_normalizada,0.021348962022175233,396.0232455113506,-0.020270794906272267,-376.0232455113506,ac_power_norm
1239,2019-09-28 08:00:00,310.0,51.661,10.3409744495,0.8660254037844387,-0.4999999999999998,-0.9988797155850336,-0.0473213883224323,18550.0,18550.0,0.016711590296495958,regresion_individual_normalizada,0.059550665154867885,1104.6648386227994,-0.04283907485837193,-794.6648386227994,ac_power_norm
1239,2019-09-28 09:00:00,595.0,74.41575,11.024446726400004,0.7071067811865476,-0.7071067811865475,-0.9988797155850336,-0.0473213883224323,18550.0,18550.0,0.03207547169811321,regresion_individual_normalizada,0.0899488403006452,1668.5509875769685,-0.057873368602532,-1073.5509875769685,ac_power_norm
1239,2019-09-28 10:00:00,1900.0,179.74525,13.015696885700004,0.4999999999999999,-0.8660254037844387,-0.9988797155850336,-0.0473213883224323,18550.0,18550.0,0.10242587601078167,regresion_individual_normalizada,0.20263362327857826,3758.853711817627,-0.10020774726779659,-1858.8537118176268,ac_power_norm
1239,2019-09-28 11:00:00,2880.0,269.9345,15.299308179500004,0.258819045102521,-0.9659258262890682,-0.9988797155850336,-0.0473213883224323,18550.0,18550.0,0.15525606469002695,regresion_individual_normalizada,0.3022724212938489,5607.153415000897,-0.14701635660382195,-2727.1534150008974,ac_power_norm
1239,2019-09-28 12:00:00,1595.0,161.83425,16.393336044800005,1.2246467991473532e-16,-1.0,-0.9988797155850336,-0.0473213883224323,18550.0,18550.0,0.08598382749326146,regresion_individual_normalizada,0.20832109943199456,3864.3563944634993,-0.1223372719387331,-2269.3563944634993,ac_power_norm
1239,2019-09-28 13:00:00,1505.0,148.70025,16.330141595300006,-0.2588190451025208,-0.9659258262890684,-0.9988797155850336,-0.0473213883224323,18550.0,18550.0,0.08113207547169811,regresion_individual_normalizada,0.1957350495277376,3630.885168739532,-0.11460297405603949,-2125.885168739532,ac_power_norm
1239,2019-09-28 14:00:00,615.0,77.90625,16.088474909300004,-0.4999999999999997,-0.8660254037844388,-0.9988797155850336,-0.0473213883224323,18550.0,18550.0,0.03315363881401617,regresion_individual_normalizada,0.12422411546366152,2304.3573418509213,-0.09107047664964535,-1689.3573418509213,ac_power_norm
1239,2019-09-28 15:00:00,250.0,42.60725,15.558058200200003,-0.7071067811865471,-0.7071067811865479,-0.9988797155850336,-0.0473213883224323,18550.0,18550.0,0.013477088948787063,regresion_individual_normalizada,0.08333797197981938,1545.9193802256493,-0.06986088303103231,-1295.9193802256493,ac_power_norm
1239,2019-09-28 16:00:00,-15.0,25.307,15.001391489000005,-0.8660254037844385,-0.5000000000000004,-0.9988797155850336,-0.0473213883224323,18550.0,18550.0,-0.0008086253369272237,regresion_individual_normalizada,0.05823764296123608,1080.3082769309294,-0.059046268298163306,-1095.3082769309294,ac_power_norm
1239,2019-09-28 17:00:00,-120.0,12.108,14.1983358692,-0.9659258262890684,-0.2588190451025206,-0.9988797155850336,-0.0473213883224323,18550.0,18550.0,-0.00646900269541779,regresion_individual_normalizada,0.03581022102800904,664.2796000695678,-0.04227922372342683,-784.2796000695678,ac_power_norm
1239,2019-09-28 18:00:00,10.0,1.7235,13.957919183300003,-1.0,-1.8369701987210287e-16,-0.9988797155850336,-0.0473213883224323,18550.0,18550.0,0.0005390835579514825,regresion_individual_normalizada,0.017547787751555605,325.51146279135645,-0.017008704193604122,-315.51146279135645,ac_power_norm
1239,2019-09-29 06:00:00,20.0,6.174,7.711252016900004,1.0,6.123233995736766e-17,-0.9995462806873572,-0.0301203048469083,18550.0,18550.0,0.001078167115902965,regresion_individual_normalizada,-0.0037941156640889234,-70.38084556884952,0.004872282779991888,90.38084556884952,ac_power_norm
1239,2019-09-29 07:00:00,255.0,43.1965,7.0222241840000015,0.9659258262890684,-0.2588190451025206,-0.9995462806873572,-0.0301203048469083,18550.0,18550.0,0.013746630727762802,regresion_individual_normalizada,0.03030777294466651,562.2091881235638,-0.016561142216903704,-307.20918812356376,ac_power_norm
1239,2019-09-29 08:00:00,3225.0,337.87075000000004,8.837640995900005,0.8660254037844387,-0.4999999999999998,-0.9995462806873572,-0.0301203048469083,18550.0,18550.0,0.1738544474393531,regresion_individual_normalizada,0.30780917707139344,5709.860234674348,-0.13395472963204033,-2484.8602346743482,ac_power_norm
1239,2019-09-29 09:00:00,3315.0,292.25275,10.056807760100003,0.7071067811865476,-0.7071067811865475,-0.9995462806873572,-0.0301203048469083,18550.0,18550.0,0.17870619946091645,regresion_individual_normalizada,0.28357910463487723,5260.392390976973,-0.10487290517396078,-1945.3923909769728,ac_power_norm
1239,2019-09-29 10:00:00,6155.0,517.02675,11.359030086500002,0.4999999999999999,-0.8660254037844387,-0.9995462806873572,-0.0301203048469083,18550.0,18550.0,0.3318059299191375,regresion_individual_normalizada,0.5048864934514121,9365.644453523695,-0.17308056353227463,-3210.644453523695,ac_power_norm
1239,2019-09-29 11:00:00,5085.0,450.29075,12.419307949100002,0.258819045102521,-0.9659258262890682,-0.9995462806873572,-0.0301203048469083,18550.0,18550.0,0.27412398921832887,regresion_individual_normalizada,0.45829089282182206,8501.2960618448,-0.1841669036034932,-3416.2960618447996,ac_power_norm
1239,2019-09-29 12:00:00,3345.0,285.577,11.693752335500005,1.2246467991473532e-16,-1.0,-0.9995462806873572,-0.0301203048469083,18550.0,18550.0,0.18032345013477089,regresion_individual_normalizada,0.30577923742927204,5672.204854312997,-0.12545578729450116,-2327.2048543129968,ac_power_norm
1239,2019-09-29 13:00:00,5920.0,526.8442500000001,12.229585711700004,-0.2588190451025208,-0.9659258262890684,-0.9995462806873572,-0.0301203048469083,18550.0,18550.0,0.31913746630727763,regresion_individual_normalizada,0.5373989636901837,9968.750776452907,-0.21826149738290607,-4048.7507764529073,ac_power_norm
1239,2019-09-29 14:00:00,4555.0,405.58875,13.122502449800002,-0.4999999999999997,-0.8660254037844388,-0.9995462806873572,-0.0301203048469083,18550.0,18550.0,0.24555256064690026,regresion_individual_normalizada,0.4252565161218998,7888.508374061241,-0.17970395547499954,-3333.508374061241,ac_power_norm
1239,2019-09-29 15:00:00,5035.0,438.9025,14.016946965800004,-0.7071067811865471,-0.7071067811865479,-0.9995462806873572,-0.0301203048469083,18550.0,18550.0,0.2714285714285714,regresion_individual_normalizada,0.45421474944056034,8425.683602122393,-0.18278617801198893,-3390.6836021223935,ac_power_norm
1239,2019-09-29 16:00:00,2630.0,274.95225,13.2647246834,-0.8660254037844385,-0.5000000000000004,-0.9995462806873572,-0.0301203048469083,18550.0,18550.0,0.1417789757412399,regresion_individual_normalizada,0.2888704314867193,5358.546504078643,-0.1470914557454794,-2728.546504078643,ac_power_norm
1239,2019-09-29 17:00:00,430.0,113.14,12.9959746619,-0.9659258262890684,-0.2588190451025206,-0.9995462806873572,-0.0301203048469083,18550.0,18550.0,0.023180592991913745,regresion_individual_normalizada,0.12760389013922416,2367.052162082608,-0.10442329714731041,-1937.052162082608,ac_power_norm
1239,2019-09-29 18:00:00,-30.0,10.16625,9.512641049900004,-1.0,-1.8369701987210287e-16,-0.9995462806873572,-0.0301203048469083,18550.0,18550.0,-0.0016172506738544475,regresion_individual_normalizada,0.012805871001666969,237.54890708092228,-0.014423121675521415,-267.5489070809223,ac_power_norm
1239,2019-09-30 06:00:00,0.0,8.7265,1.4730570734000006,1.0,6.123233995736766e-17,-0.999916658654738,-0.0129102960750088,18550.0,18550.0,0.0,regresion_individual_normalizada,-0.03591883475888683,-666.2943847773507,0.03591883475888683,666.2943847773507,ac_power_norm
1239,2019-09-30 07:00:00,740.0,113.1835,4.029862833500002,0.9659258262890684,-0.2588190451025206,-0.999916658654738,-0.0129102960750088,18550.0,18550.0,0.039892183288409704,regresion_individual_normalizada,0.07470730788557498,1385.820561277416,-0.03481512459716527,-645.8205612774159,ac_power_norm
1239,2019-09-30 08:00:00,2910.0,276.58825,7.154446416800003,0.8660254037844387,-0.4999999999999998,-0.999916658654738,-0.0129102960750088,18550.0,18550.0,0.1568733153638814,regresion_individual_normalizada,0.24451331983744373,4535.722082984581,-0.08764000447356232,-1625.722082984581,ac_power_norm
1239,2019-09-30 09:00:00,2891.0,262.277,8.135974273100002,0.7071067811865476,-0.7071067811865475,-0.999916658654738,-0.0129102960750088,18550.0,18550.0,0.15584905660377357,regresion_individual_normalizada,0.24616570648549985,4566.373855306022,-0.09031664988172627,-1675.373855306022,ac_power_norm
1239,2019-09-30 10:00:00,5715.0,479.91725,10.325418892700004,0.4999999999999999,-0.8660254037844387,-0.999916658654738,-0.0129102960750088,18550.0,18550.0,0.30808625336927226,regresion_individual_normalizada,0.4656631788227919,8638.05196716279,-0.15757692545351965,-2923.05196716279,ac_power_norm
1239,2019-09-30 11:00:00,7465.0,620.197,11.8259745683,0.258819045102521,-0.9659258262890682,-0.999916658654738,-0.0129102960750088,18550.0,18550.0,0.40242587601078167,regresion_individual_normalizada,0.6120371736779813,11353.289571726553,-0.2096112976671996,-3888.289571726553,ac_power_norm
1239,2019-09-30 12:00:00,7785.0,637.40975,10.941391164200004,1.2246467991473532e-16,-1.0,-0.999916658654738,-0.0129102960750088,18550.0,18550.0,0.4196765498652291,regresion_individual_normalizada,0.6310615883194561,11706.192463325911,-0.21138503845422701,-3921.1924633259114,ac_power_norm
1239,2019-09-30 13:00:00,7435.0,612.12475,11.445002315600004,-0.2588190451025208,-0.9659258262890684,-0.999916658654738,-0.0129102960750088,18550.0,18550.0,0.40080862533692724,regresion_individual_normalizada,0.6132456454358923,11375.706722835803,-0.2124370200989651,-3940.706722835803,ac_power_norm
1239,2019-09-30 14:00:00,6255.0,527.38975,13.406530250300005,-0.4999999999999997,-0.8660254037844388,-0.999916658654738,-0.0129102960750088,18550.0,18550.0,0.3371967654986523,regresion_individual_normalizada,0.5411619086973174,10038.553406335237,-0.2039651431986651,-3783.553406335237,ac_power_norm
1239,2019-09-30 15:00:00,4540.0,407.61775,14.847919254500002,-0.7071067811865471,-0.7071067811865479,-0.999916658654738,-0.0129102960750088,18550.0,18550.0,0.24474393530997304,regresion_individual_normalizada,0.4278945689716181,7937.444254423515,-0.18315063366164505,-3397.4442544235153,ac_power_norm
1239,2019-09-30 16:00:00,2410.0,251.67425000000003,14.6286136814,-0.8660254037844385,-0.5000000000000004,-0.999916658654738,-0.0129102960750088,18550.0,18550.0,0.1299191374663073,regresion_individual_normalizada,0.2719347326144155,5044.389289997407,-0.1420155951481082,-2634.389289997407,ac_power_norm
1239,2019-09-30 17:00:00,170.0,52.01025,12.365974611500006,-0.9659258262890684,-0.2588190451025206,-0.999916658654738,-0.0129102960750088,18550.0,18550.0,0.009164420485175202,regresion_individual_normalizada,0.06922551431866522,1284.1332906112398,-0.06006109383349002,-1114.1332906112398,ac_power_norm
1239,2019-09-30 18:00:00,-45.0,5.090333333333333,9.279029920100005,-1.0,-1.8369701987210287e-16,-0.999916658654738,-0.0129102960750088,18550.0,18550.0,-0.002425876010781671,regresion_individual_normalizada,0.00784061380479311,145.4433860789122,-0.010266489815574781,-190.4433860789122,ac_power_norm
1239,2019-10-01 06:00:00,15.0,2.57425,6.694585268900001,1.0,6.123233995736766e-17,-0.99999073973619,0.0043035382962438,18550.0,18550.0,0.0008086253369272237,regresion_individual_normalizada,-0.010806592045754716,-200.46228244875,0.01161521738268194,215.46228244875,ac_power_norm
1239,2019-10-01 07:00:00,200.0,35.212,6.828057501800002,0.9659258262890684,-0.2588190451025206,-0.99999073973619,0.0043035382962438,18550.0,18550.0,0.01078167115902965,regresion_individual_normalizada,0.022899995442583004,424.7949154599147,-0.012118324283553354,-224.7949154599147,ac_power_norm
1239,2019-10-01 08:00:00,635.0,74.852,7.280974204700002,0.8660254037844387,-0.4999999999999998,-0.99999073973619,0.0043035382962438,18550.0,18550.0,0.03423180592991914,regresion_individual_normalizada,0.06582556483010311,1221.0642275984128,-0.031593758900183976,-586.0642275984128,ac_power_norm
1239,2019-10-01 09:00:00,1260.0,127.14625,8.135974273100002,0.7071067811865476,-0.7071067811865475,-0.99999073973619,0.0043035382962438,18550.0,18550.0,0.06792452830188679,regresion_individual_normalizada,0.12382201891563854,2296.898450885095,-0.05589749061375175,-1036.898450885095,ac_power_norm
1239,2019-10-01 10:00:00,1770.0,167.419,9.1244465744,0.4999999999999999,-0.8660254037844387,-0.99999073973619,0.0043035382962438,18550.0,18550.0,0.0954177897574124,regresion_individual_normalizada,0.17250256290116367,3199.922541816586,-0.07708477314375127,-1429.922541816586,ac_power_norm
1239,2019-10-01 11:00:00,1555.0,155.44175,9.546529941500005,0.258819045102521,-0.9659258262890682,-0.99999073973619,0.0043035382962438,18550.0,18550.0,0.08382749326145553,regresion_individual_normalizada,0.16865032006574396,3128.4634372195505,-0.08482282680428843,-1573.4634372195505,ac_power_norm
1239,2019-10-01 12:00:00,915.0,95.643,9.595696612100005,1.2246467991473532e-16,-1.0,-0.99999073973619,0.0043035382962438,18550.0,18550.0,0.049326145552560645,regresion_individual_normalizada,0.11503758007868092,2133.947110459531,-0.06571143452612027,-1218.947110459531,ac_power_norm
1239,2019-10-01 13:00:00,475.0,68.08925,9.8248632971,-0.2588190451025208,-0.9659258262890684,-0.99999073973619,0.0043035382962438,18550.0,18550.0,0.025606469002695417,regresion_individual_normalizada,0.0903463380632396,1675.9245710730947,-0.06473986906054419,-1200.9245710730947,ac_power_norm
1239,2019-10-01 14:00:00,235.0,42.25825,8.597224310000001,-0.4999999999999997,-0.8660254037844388,-0.99999073973619,0.0043035382962438,18550.0,18550.0,0.012668463611859838,regresion_individual_normalizada,0.056569518356947665,1049.3645655213793,-0.04390105474508783,-814.3645655213793,ac_power_norm
1239,2019-10-01 15:00:00,-30.0,22.4055,8.3834742929,-0.7071067811865471,-0.7071067811865479,-0.99999073973619,0.0043035382962438,18550.0,18550.0,-0.0016172506738544475,regresion_individual_normalizada,0.0335672318790044,622.6721513555316,-0.035184482552858845,-652.6721513555316,ac_power_norm
1239,2019-10-01 16:00:00,-93.33333333333331,17.947666666666667,8.345002067600001,-0.8660254037844385,-0.5000000000000004,-0.99999073973619,0.0043035382962438,18550.0,18550.0,-0.005031446540880502,regresion_individual_normalizada,0.025494745400959043,472.92752718779025,-0.030526191941839545,-566.2608605211235,ac_power_norm
1239,2019-10-01 17:00:00,75.0,17.36575,8.232918725300003,-0.9659258262890684,-0.2588190451025206,-0.99999073973619,0.0043035382962438,18550.0,18550.0,0.004043126684636119,regresion_individual_normalizada,0.0200644451269624,372.1954571051525,-0.01602131844232628,-297.1954571051525,ac_power_norm
1239,2019-10-01 18:00:00,10.0,0.0,8.601529865900002,-1.0,-1.8369701987210287e-16,-0.99999073973619,0.0043035382962438,18550.0,18550.0,0.0005390835579514825,regresion_individual_normalizada,0.0009546132259160567,17.70807534074285,-0.00041552966796457415,-7.708075340742852,ac_power_norm
1239,2019-10-02 06:00:00,5.0,2.63975,6.274029679700005,1.0,6.123233995736766e-17,-0.9997685019798908,0.0215160974362222,18550.0,18550.0,0.00026954177897574127,regresion_individual_normalizada,-0.012487029920477136,-231.63440502485088,0.012756571699452877,236.63440502485088,ac_power_norm
1239,2019-10-02 07:00:00,5.0,16.84225,5.461251836900004,0.9659258262890684,-0.2588190451025206,-0.9997685019798908,0.0215160974362222,18550.0,18550.0,0.00026954177897574127,regresion_individual_normalizada,-0.0006666230093496234,-12.365856823435514,0.0009361647883253646,17.365856823435514,ac_power_norm
1239,2019-10-02 08:00:00,400.0,55.36975,5.011251800900002,0.8660254037844387,-0.4999999999999998,-0.9997685019798908,0.0215160974362222,18550.0,18550.0,0.0215633423180593,regresion_individual_normalizada,0.034552416339895115,640.9473231050544,-0.012989074021835814,-240.94732310505435,ac_power_norm
1239,2019-10-02 09:00:00,1210.0,120.8845,5.244724041800003,0.7071067811865476,-0.7071067811865475,-0.9997685019798908,0.0215160974362222,18550.0,18550.0,0.06522911051212937,regresion_individual_normalizada,0.09960017303095403,1847.5832097241973,-0.03437106251882466,-637.5832097241973,ac_power_norm
1239,2019-10-02 10:00:00,1486.6666666666667,154.32925,6.368335242800002,0.4999999999999999,-0.8660254037844387,-0.9997685019798908,0.0215160974362222,18550.0,18550.0,0.08014375561545373,regresion_individual_normalizada,0.14286018482260746,2650.0564284593684,-0.06271642920715373,-1163.3897617927016,ac_power_norm
1239,2019-10-02 11:00:00,1440.0,140.99925,7.0095852941000025,0.258819045102521,-0.9659258262890682,-0.9997685019798908,0.0215160974362222,18550.0,18550.0,0.07762803234501348,regresion_individual_normalizada,0.13889928725981326,2576.581778669536,-0.06127125491479979,-1136.581778669536,ac_power_norm
1239,2019-10-02 12:00:00,2485.0,226.498,7.643890900400001,1.2246467991473532e-16,-1.0,-0.9997685019798908,0.0215160974362222,18550.0,18550.0,0.1339622641509434,regresion_individual_normalizada,0.22638457807456497,4199.43392328318,-0.09242231392362157,-1714.4339232831799,ac_power_norm
1239,2019-10-02 13:00:00,1970.0,187.272,7.957363147700003,-0.2588190451025208,-0.9659258262890684,-0.9997685019798908,0.0215160974362222,18550.0,18550.0,0.10619946091644204,regresion_individual_normalizada,0.1923783026704644,3568.617514537115,-0.08617884175402236,-1598.6175145371149,ac_power_norm
1239,2019-10-02 14:00:00,3085.0,274.21025,9.0401410121,-0.4999999999999997,-0.8660254037844388,-0.9997685019798908,0.0215160974362222,18550.0,18550.0,0.16630727762803235,regresion_individual_normalizada,0.28041960881283023,5201.783743478001,-0.11411233118479788,-2116.7837434780013,ac_power_norm
1239,2019-10-02 15:00:00,2105.0,187.054,8.265418727900002,-0.7071067811865471,-0.7071067811865479,-0.9997685019798908,0.0215160974362222,18550.0,18550.0,0.11347708894878707,regresion_individual_normalizada,0.18978333981907283,3520.480953643801,-0.07630625087028577,-1415.480953643801,ac_power_norm
1239,2019-10-02 16:00:00,1090.0,113.99075,7.590279785000002,-0.8660254037844385,-0.5000000000000004,-0.9997685019798908,0.0215160974362222,18550.0,18550.0,0.05876010781671159,regresion_individual_normalizada,0.11235300497865605,2084.1482423540697,-0.05359289716194446,-994.1482423540697,ac_power_norm
1239,2019-10-02 17:00:00,150.0,36.739,6.672085267100001,-0.9659258262890684,-0.2588190451025206,-0.9997685019798908,0.0215160974362222,18550.0,18550.0,0.008086253369272238,regresion_individual_normalizada,0.030321080319551177,562.4560399276744,-0.022234826950278938,-412.4560399276744,ac_power_norm
1239,2019-10-02 18:00:00,-60.0,3.40325,5.646807407300002,-1.0,-1.8369701987210287e-16,-0.9997685019798908,0.0215160974362222,18550.0,18550.0,-0.003234501347708895,regresion_individual_normalizada,-0.009803957112313563,-181.8634044334166,0.006569455764604668,121.8634044334166,ac_power_norm
1239,2019-10-03 06:00:00,0.0,5.694,-0.4251375228999982,1.0,6.123233995736766e-17,-0.9992500112396836,0.0387222808921739,18550.0,18550.0,0.0,regresion_individual_normalizada,-0.05218373257406027,-968.008239248818,0.05218373257406027,968.008239248818,ac_power_norm
1239,2019-10-03 07:00:00,615.0,104.348,1.0834737089000015,0.9659258262890684,-0.2588190451025206,-0.9992500112396836,0.0387222808921739,18550.0,18550.0,0.03315363881401617,regresion_individual_normalizada,0.046276083454486666,858.4213480807276,-0.013122444640470493,-243.42134808072763,ac_power_norm
1239,2019-10-03 08:00:00,2882.75,264.06575,4.825696230500004,0.8660254037844387,-0.4999999999999998,-0.9992500112396836,0.0387222808921739,18550.0,18550.0,0.1554043126684636,regresion_individual_normalizada,0.21863791561398865,4055.7333346394894,-0.06323360294552505,-1172.9833346394894,ac_power_norm
1239,2019-10-03 09:00:00,3745.0,321.74875,6.545557479200003,0.7071067811865476,-0.7071067811865475,-0.9992500112396836,0.0387222808921739,18550.0,18550.0,0.2018867924528302,regresion_individual_normalizada,0.2897190043997798,5374.287531615916,-0.08783221194694962,-1629.2875316159161,ac_power_norm
1239,2019-10-03 10:00:00,4430.0,384.36175,7.622779787600002,0.4999999999999999,-0.8660254037844387,-0.9992500112396836,0.0387222808921739,18550.0,18550.0,0.23881401617250675,regresion_individual_normalizada,0.36209820813322796,6716.921760871379,-0.12328419196072121,-2286.921760871379,ac_power_norm
1239,2019-10-03 11:00:00,5800.0,502.80275000000006,9.016113232400002,0.258819045102521,-0.9659258262890682,-0.9992500112396836,0.0387222808921739,18550.0,18550.0,0.31266846361185985,regresion_individual_normalizada,0.4876339503815153,9045.60977957711,-0.17496548676965545,-3245.6097795771093,ac_power_norm
1239,2019-10-03 12:00:00,7040.0,585.74875,10.028891091200004,1.2246467991473532e-16,-1.0,-0.9992500112396836,0.0387222808921739,18550.0,18550.0,0.37951482479784365,regresion_individual_normalizada,0.5768233151506656,10700.072496044848,-0.197308490352822,-3660.072496044848,ac_power_norm
1239,2019-10-03 13:00:00,7055.0,597.9005,11.097502287800005,-0.2588190451025208,-0.9659258262890684,-0.9992500112396836,0.0387222808921739,18550.0,18550.0,0.38032345013477087,regresion_individual_normalizada,0.597105536289096,11076.307698162731,-0.21678208615432515,-4021.307698162731,ac_power_norm
1239,2019-10-03 14:00:00,5480.0,494.3165,12.053891253200003,-0.4999999999999997,-0.8660254037844388,-0.9992500112396836,0.0387222808921739,18550.0,18550.0,0.2954177897574124,regresion_individual_normalizada,0.5038451905013406,9346.328283799869,-0.20842740074392818,-3866.3282837998686,ac_power_norm
1239,2019-10-03 15:00:00,3525.0,319.56675,11.734585672100003,-0.7071067811865471,-0.7071067811865479,-0.9992500112396836,0.0387222808921739,18550.0,18550.0,0.19002695417789758,regresion_individual_normalizada,0.3334212275641105,6184.96377131425,-0.14339427338621294,-2659.96377131425,ac_power_norm
1239,2019-10-03 16:00:00,1630.0,177.9565,10.6630578086,-0.8660254037844385,-0.5000000000000004,-0.9992500112396836,0.0387222808921739,18550.0,18550.0,0.08787061994609165,regresion_individual_normalizada,0.1889197879417871,3504.462066320151,-0.10104916799569545,-1874.4620663201508,ac_power_norm
1239,2019-10-03 17:00:00,310.0,55.283,9.5648632763,-0.9659258262890684,-0.2588190451025206,-0.9992500112396836,0.0387222808921739,18550.0,18550.0,0.016711590296495958,regresion_individual_normalizada,0.06291393634276939,1167.0535191583722,-0.04620234604627343,-857.0535191583722,ac_power_norm
1239,2019-10-03 18:00:00,-95.0,1.92,7.280974204700003,-1.0,-1.8369701987210287e-16,-0.9992500112396836,0.0387222808921739,18550.0,18550.0,-0.005121293800539084,regresion_individual_normalizada,-0.002266692418448235,-42.04714436221476,-0.0028546013820908486,-52.95285563778524,ac_power_norm
1239,2019-10-04 06:00:00,0.0,1.7746666666666666,3.4952794574000032,1.0,6.123233995736766e-17,-0.9984354211555644,0.055916990100603,18550.0,18550.0,0.0,regresion_individual_normalizada,-0.028420430182942224,-527.1989798935782,0.028420430182942224,527.1989798935782,ac_power_norm
1239,2019-10-04 07:00:00,190.0,33.2045,3.1818072101000032,0.9659258262890684,-0.2588190451025206,-0.9984354211555644,0.055916990100603,18550.0,18550.0,0.010242587601078167,regresion_individual_normalizada,-0.0006655606454914129,-12.346149973865709,0.01090814824656958,202.34614997386572,ac_power_norm
1239,2019-10-04 08:00:00,704.0,76.72824999999999,3.4068072281000017,0.8660254037844387,-0.4999999999999998,-0.9984354211555644,0.055916990100603,18550.0,18550.0,0.03795148247978437,regresion_individual_normalizada,0.04254798451374334,789.2651127299389,-0.00459650203395897,-85.26511272993889,ac_power_norm
1239,2019-10-04 09:00:00,1855.0,175.666,5.067362916500001,0.7071067811865476,-0.7071067811865475,-0.9984354211555644,0.055916990100603,18550.0,18550.0,0.1,regresion_individual_normalizada,0.14798772479423047,2745.172294932975,-0.04798772479423047,-890.1722949329751,ac_power_norm
1239,2019-10-04 10:00:00,1610.0,158.38675,5.717362968500003,0.4999999999999999,-0.8660254037844387,-0.9984354211555644,0.055916990100603,18550.0,18550.0,0.08679245283018867,regresion_individual_normalizada,0.14209570539220504,2635.8753350254033,-0.05530325256201636,-1025.8753350254033,ac_power_norm
1239,2019-10-04 11:00:00,4880.0,416.95525,7.892779809200002,0.258819045102521,-0.9659258262890682,-0.9984354211555644,0.055916990100603,18550.0,18550.0,0.26307277628032344,regresion_individual_normalizada,0.40114003449996544,7441.147639974359,-0.138067258219642,-2561.1476399743588,ac_power_norm
1239,2019-10-04 12:00:00,1220.0,131.291,8.164168719800003,1.2246467991473532e-16,-1.0,-0.9984354211555644,0.055916990100603,18550.0,18550.0,0.06576819407008086,regresion_individual_normalizada,0.1405651489360086,2607.4835127629594,-0.07479695486592775,-1387.4835127629594,ac_power_norm
1239,2019-10-04 13:00:00,1725.0,165.2375,7.161390861800003,-0.2588190451025208,-0.9659258262890684,-0.9984354211555644,0.055916990100603,18550.0,18550.0,0.09299191374663072,regresion_individual_normalizada,0.16636060027328206,3085.9891350693824,-0.07336868652665134,-1360.9891350693824,ac_power_norm
1239,2019-10-04 14:00:00,2220.0,198.59475,7.244446424000003,-0.4999999999999997,-0.8660254037844388,-0.9984354211555644,0.055916990100603,18550.0,18550.0,0.1196765498652291,regresion_individual_normalizada,0.19753863928027673,3664.341758649133,-0.07786208941504763,-1444.3417586491332,ac_power_norm
1239,2019-10-04 15:00:00,1590.0,154.76575,7.2161130884,-0.7071067811865471,-0.7071067811865479,-0.9984354211555644,0.055916990100603,18550.0,18550.0,0.08571428571428572,regresion_individual_normalizada,0.15311852870047415,2840.3487073937954,-0.06740424298618844,-1250.3487073937954,ac_power_norm
1239,2019-10-04 16:00:00,535.0,68.8525,6.160140781700001,-0.8660254037844385,-0.5000000000000004,-0.9984354211555644,0.055916990100603,18550.0,18550.0,0.028840970350404314,regresion_individual_normalizada,0.06170133339580608,1144.5597344922028,-0.03286036304540177,-609.5597344922028,ac_power_norm
1239,2019-10-04 17:00:00,215.0,53.90825,5.898612983000004,-0.9659258262890684,-0.2588190451025206,-0.9984354211555644,0.055916990100603,18550.0,18550.0,0.011590296495956873,regresion_individual_normalizada,0.04251774683368109,788.7042037647842,-0.03092745033772422,-573.7042037647842,ac_power_norm
1239,2019-10-04 18:00:00,-65.0,1.309,5.080140695300004,-1.0,-1.8369701987210287e-16,-0.9984354211555644,0.055916990100603,18550.0,18550.0,-0.003504043126684636,regresion_individual_normalizada,-0.014145035995017284,-262.39041770757063,0.010640992868332647,197.39041770757063,ac_power_norm
1239,2019-10-05 06:00:00,5.0,3.9705,2.931390523400001,1.0,6.123233995736766e-17,-0.9973249731081556,0.0730951298980777,18550.0,18550.0,0.00026954177897574127,regresion_individual_normalizada,-0.029966739084764254,-555.8830100223769,0.030236280863739994,560.8830100223769,ac_power_norm
1239,2019-10-05 07:00:00,185.0,42.86925,2.6080571642000034,0.9659258262890684,-0.2588190451025206,-0.9973249731081556,0.0730951298980777,18550.0,18550.0,0.009973045822102426,regresion_individual_normalizada,0.0037971351912904835,70.43685779843847,0.006175910630811942,114.56314220156153,ac_power_norm
1239,2019-10-05 08:00:00,840.0,91.54175,3.7511128112000014,0.8660254037844387,-0.4999999999999998,-0.9973249731081556,0.0730951298980777,18550.0,18550.0,0.045283018867924525,regresion_individual_normalizada,0.058269821948737546,1080.9051971490815,-0.012986803080813021,-240.90519714908146,ac_power_norm
1239,2019-10-05 09:00:00,2720.0,267.16375,6.248890788800002,0.7071067811865476,-0.7071067811865475,-0.9973249731081556,0.0730951298980777,18550.0,18550.0,0.14663072776280323,regresion_individual_normalizada,0.23847330082018403,4423.679730214414,-0.0918425730573808,-1703.6797302144141,ac_power_norm
1239,2019-10-05 10:00:00,6215.0,524.99,9.4059743747,0.4999999999999999,-0.8660254037844387,-0.9973249731081556,0.0730951298980777,18550.0,18550.0,0.33504043126684635,regresion_individual_normalizada,0.49992701743912443,9273.646173495757,-0.16488658617227808,-3058.6461734957575,ac_power_norm
1239,2019-10-05 11:00:00,7545.0,619.3895,10.602502248200004,0.258819045102521,-0.9659258262890682,-0.9973249731081556,0.0730951298980777,18550.0,18550.0,0.4067385444743935,regresion_individual_normalizada,0.6028409031890452,11182.698754156787,-0.19610235871465165,-3637.698754156787,ac_power_norm
1239,2019-10-05 12:00:00,7730.0,625.9345,10.751668926800004,1.2246467991473532e-16,-1.0,-0.9973249731081556,0.0730951298980777,18550.0,18550.0,0.41671159029649596,regresion_individual_normalizada,0.6172057505174806,11449.166672099265,-0.20049416022098465,-3719.1666720992653,ac_power_norm
1239,2019-10-05 13:00:00,7157.25,592.7955,12.0693079211,-0.2588190451025208,-0.9659258262890684,-0.9973249731081556,0.0730951298980777,18550.0,18550.0,0.3858355795148248,regresion_individual_normalizada,0.5968187527178128,11070.987862915428,-0.21098317320298804,-3913.737862915428,ac_power_norm
1239,2019-10-05 14:00:00,6075.0,508.64975,13.919724735800004,-0.4999999999999997,-0.8660254037844388,-0.9973249731081556,0.0730951298980777,18550.0,18550.0,0.3274932614555256,regresion_individual_normalizada,0.5256184075456525,9750.221459971854,-0.19812514609012688,-3675.2214599718536,ac_power_norm
1239,2019-10-05 15:00:00,4485.0,389.292,14.821113696800005,-0.7071067811865471,-0.7071067811865479,-0.9973249731081556,0.0730951298980777,18550.0,18550.0,0.24177897574123988,regresion_individual_normalizada,0.41195360209052684,7641.739318779273,-0.17017462634928696,-3156.739318779273,ac_power_norm
1239,2019-10-05 16:00:00,2150.0,237.297,14.801391473000004,-0.8660254037844385,-0.5000000000000004,-0.9973249731081556,0.0730951298980777,18550.0,18550.0,0.11590296495956873,regresion_individual_normalizada,0.26172462680898484,4854.991827306669,-0.1458216618494161,-2704.9918273066687,ac_power_norm
1239,2019-10-05 17:00:00,225.0,81.98599999999999,14.016946965800004,-0.9659258262890684,-0.2588190451025206,-0.9973249731081556,0.0730951298980777,18550.0,18550.0,0.012129380053908356,regresion_individual_normalizada,0.1062101076850118,1970.1974975569688,-0.09408072763110344,-1745.1974975569688,ac_power_norm
1239,2019-10-05 18:00:00,-50.0,2.3125,9.175141022900004,-1.0,-1.8369701987210287e-16,-0.9973249731081556,0.0730951298980777,18550.0,18550.0,-0.0026954177897574125,regresion_individual_normalizada,0.007961498580139774,147.6857986615928,-0.010656916369897186,-197.6857986615928,ac_power_norm
1239,2019-10-06 06:00:00,10.0,6.63225,-1.1172209115999987,1.0,6.123233995736766e-17,-0.9959189961471792,0.0902516100310407,18550.0,18550.0,0.0005390835579514825,regresion_individual_normalizada,-0.05707429091755131,-1058.7280965205769,0.05761337447550279,1068.7280965205769,ac_power_norm
1239,2019-10-06 07:00:00,280.0,44.28725,0.3243069815000021,0.9659258262890684,-0.2588190451025206,-0.9959189961471792,0.0902516100310407,18550.0,18550.0,0.01509433962264151,regresion_individual_normalizada,-0.012410944262272378,-230.2230160651526,0.027505283884913887,510.2230160651526,ac_power_norm
1239,2019-10-06 08:00:00,1225.0,116.4125,1.9330571102000027,0.8660254037844387,-0.4999999999999998,-0.9959189961471792,0.0902516100310407,18550.0,18550.0,0.0660377358490566,regresion_individual_normalizada,0.06635585513627269,1230.9011127778585,-0.00031811928721608984,-5.901112777858543,ac_power_norm
1239,2019-10-06 09:00:00,2560.0,231.64675,4.441668422000001,0.7071067811865476,-0.7071067811865475,-0.9959189961471792,0.0902516100310407,18550.0,18550.0,0.13800539083557953,regresion_individual_normalizada,0.19357717169514518,3590.856534944943,-0.055571780859565656,-1030.8565349449432,ac_power_norm
1239,2019-10-06 10:00:00,2840.0,267.862,6.247224122000002,0.4999999999999999,-0.8660254037844387,-0.9959189961471792,0.0902516100310407,18550.0,18550.0,0.15309973045822103,regresion_individual_normalizada,0.24606992765391805,4564.59715798018,-0.09297019719569702,-1724.5971579801799,ac_power_norm
1239,2019-10-06 11:00:00,4060.0,363.025,8.465002077200001,0.258819045102521,-0.9659258262890682,-0.9959189961471792,0.0902516100310407,18550.0,18550.0,0.2188679245283019,regresion_individual_normalizada,0.35490392067636467,6583.467728546565,-0.13603599614806278,-2523.467728546565,ac_power_norm
1239,2019-10-06 12:00:00,4485.0,392.1062500000001,10.760002260800002,1.2246467991473532e-16,-1.0,-0.9959189961471792,0.0902516100310407,18550.0,18550.0,0.24177897574123988,regresion_individual_normalizada,0.4010227689786444,7438.972364553854,-0.15924379323740454,-2953.9723645538543,ac_power_norm
1239,2019-10-06 13:00:00,6980.0,599.275,13.107085781900006,-0.2588190451025208,-0.9659258262890684,-0.9959189961471792,0.0902516100310407,18550.0,18550.0,0.3762803234501348,regresion_individual_normalizada,0.6077109067330406,11273.037319897903,-0.23143058328290583,-4293.037319897903,ac_power_norm
1239,2019-10-06 14:00:00,2620.0,241.87875000000005,13.035280220600004,-0.4999999999999997,-0.8660254037844388,-0.9959189961471792,0.0902516100310407,18550.0,18550.0,0.14123989218328842,regresion_individual_normalizada,0.2725595545946115,5055.979737730044,-0.1313196624113231,-2435.979737730044,ac_power_norm
1239,2019-10-06 15:00:00,1775.0,173.39675,12.651391301000002,-0.7071067811865471,-0.7071067811865479,-0.9959189961471792,0.0902516100310407,18550.0,18550.0,0.09568733153638814,regresion_individual_normalizada,0.20166298906724162,3740.848447197332,-0.10597565753085347,-1965.848447197332,ac_power_norm
1239,2019-10-06 16:00:00,415.0,60.14775,12.315419051900005,-0.8660254037844385,-0.5000000000000004,-0.9959189961471792,0.0902516100310407,18550.0,18550.0,0.022371967654986523,regresion_individual_normalizada,0.08787554767125863,1630.0914093018475,-0.0655035800162721,-1215.0914093018475,ac_power_norm
1239,2019-10-06 17:00:00,-30.0,9.9265,11.968057913000004,-0.9659258262890684,-0.2588190451025206,-0.9959189961471792,0.0902516100310407,18550.0,18550.0,-0.0016172506738544475,regresion_individual_normalizada,0.03318220344571124,615.5298739179435,-0.034799454119565684,-645.5298739179435,ac_power_norm
1239,2019-10-06 18:00:00,10.0,2.1597500000000003,10.755696704900004,-1.0,-1.8369701987210287e-16,-0.9959189961471792,0.0902516100310407,18550.0,18550.0,0.0005390835579514825,regresion_individual_normalizada,0.014935984994785115,277.0625216532639,-0.014396901436833632,-267.0625216532639,ac_power_norm
1239,2019-10-07 06:00:00,10.0,2.5307500000000003,12.9636135482,1.0,6.123233995736766e-17,-0.994217906893952,0.107381346664163,18550.0,18550.0,0.0005390835579514825,regresion_individual_normalizada,0.017123974228072977,317.64972193075374,-0.016584890670121494,-307.64972193075374,ac_power_norm
1239,2019-10-07 07:00:00,10.0,11.12625,13.1295857837,0.9659258262890684,-0.2588190451025206,-0.994217906893952,0.107381346664163,18550.0,18550.0,0.0005390835579514825,regresion_individual_normalizada,0.033205043080203014,615.9535491377659,-0.032665959522251535,-605.9535491377659,ac_power_norm
1239,2019-10-07 08:00:00,15.0,23.62725,13.426252474100004,0.8660254037844387,-0.4999999999999998,-0.994217906893952,0.107381346664163,18550.0,18550.0,0.0008086253369272237,regresion_individual_normalizada,0.053343697817508126,989.5255945147758,-0.052535072480580904,-974.5255945147758,ac_power_norm
1239,2019-10-07 09:00:00,725.0,79.76075,14.101252528100003,0.7071067811865476,-0.7071067811865475,-0.994217906893952,0.107381346664163,18550.0,18550.0,0.03908355795148248,regresion_individual_normalizada,0.11393755588356266,2113.5416616400876,-0.07485399793208018,-1388.5416616400876,ac_power_norm
1239,2019-10-07 10:00:00,910.0,93.7235,15.378058185800004,0.4999999999999999,-0.8660254037844387,-0.994217906893952,0.107381346664163,18550.0,18550.0,0.04905660377358491,regresion_individual_normalizada,0.139121352981479,2580.701097806436,-0.0900647492078941,-1670.7010978064359,ac_power_norm
1239,2019-10-07 11:00:00,635.0,75.7905,14.105419195100003,0.258819045102521,-0.9659258262890682,-0.994217906893952,0.107381346664163,18550.0,18550.0,0.03423180592991914,regresion_individual_normalizada,0.1221579137351993,2266.029299787947,-0.08792610780528015,-1631.029299787947,ac_power_norm
1239,2019-10-07 12:00:00,435.0,56.76625,12.017363472500003,1.2246467991473532e-16,-1.0,-0.994217906893952,0.107381346664163,18550.0,18550.0,0.02345013477088949,regresion_individual_normalizada,0.0958290018828796,1777.6279849274165,-0.07237886711199011,-1342.6279849274165,ac_power_norm
1239,2019-10-07 13:00:00,535.0,66.693,12.214169043800004,-0.2588190451025208,-0.9659258262890684,-0.994217906893952,0.107381346664163,18550.0,18550.0,0.028840970350404314,regresion_individual_normalizada,0.10619880149983138,1969.987767821872,-0.07735783114942707,-1434.987767821872,ac_power_norm
1239,2019-10-07 14:00:00,600.0,72.23424999999999,12.474169064600002,-0.4999999999999997,-0.8660254037844388,-0.994217906893952,0.107381346664163,18550.0,18550.0,0.03234501347708895,regresion_individual_normalizada,0.11062905293948025,2052.1689320273586,-0.07828403946239129,-1452.1689320273586,ac_power_norm
1239,2019-10-07 15:00:00,410.0,60.14775,12.274585715300004,-0.7071067811865471,-0.7071067811865479,-0.994217906893952,0.107381346664163,18550.0,18550.0,0.022102425876010783,regresion_individual_normalizada,0.09409350343745795,1745.4344887648451,-0.07199107756144717,-1335.4344887648451,ac_power_norm
1239,2019-10-07 16:00:00,190.0,42.10575,11.965141246100004,-0.8660254037844385,-0.5000000000000004,-0.994217906893952,0.107381346664163,18550.0,18550.0,0.010242587601078167,regresion_individual_normalizada,0.07016705092771368,1301.5987947090887,-0.05992446332663551,-1111.5987947090887,ac_power_norm
1239,2019-10-07 17:00:00,-45.0,10.42825,11.686946779400005,-0.9659258262890684,-0.2588190451025206,-0.994217906893952,0.107381346664163,18550.0,18550.0,-0.002425876010781671,regresion_individual_normalizada,0.03326638137097118,617.0913744315154,-0.03569225738175286,-662.0913744315154,ac_power_norm
1239,2019-10-07 18:00:00,10.0,1.46175,10.979307833900004,-1.0,-1.8369701987210287e-16,-0.994217906893952,0.107381346664163,18550.0,18550.0,0.0005390835579514825,regresion_individual_normalizada,0.015870174101430226,294.3917295815307,-0.015331090543478743,-284.3917295815307,ac_power_norm
1430,2010-07-28 09:00:00,191.623333,621.359516,20.03361625,0.7071067811865476,-0.7071067811865475,-0.4405187843504952,-0.8977433935342336,332.82999975,332.82999975,0.5757393658742747,regresion_individual_normalizada,0.5557264148223089,184.96242250637746,0.020012951051965766,6.660910493622538,ac_power_norm
1430,2010-07-28 10:00:00,259.51499975,878.2463329999999,21.91698325,0.4999999999999999,-0.8660254037844387,-0.4405187843504952,-0.8977433935342336,332.82999975,332.82999975,0.7797223806295424,regresion_individual_normalizada,0.7707454781506311,256.52721730018817,0.008976902478911253,2.9877824498118457,ac_power_norm
1430,2010-07-28 11:00:00,287.753333,959.7943495,23.73344975,0.258819045102521,-0.9659258262890682,-0.4405187843504952,-0.8977433935342336,332.82999975,332.82999975,0.8645654935436751,regresion_individual_normalizada,0.850275498051434,282.9971938038899,0.014289995492241081,4.756139196110098,ac_power_norm
1430,2010-07-28 12:00:00,279.52999975,915.3721995,24.574533,1.2246467991473532e-16,-1.0,-0.4405187843504952,-0.8977433935342336,332.82999975,332.82999975,0.8398581857403615,regresion_individual_normalizada,0.827712212857526,275.48745559844235,0.012145972882835476,4.0425441515576495,ac_power_norm
1430,2010-07-28 13:00:00,237.9866665,760.9736330000001,25.39211625,-0.2588190451025208,-0.9659258262890684,-0.4405187843504952,-0.8977433935342336,332.82999975,332.82999975,0.7150397099983773,regresion_individual_normalizada,0.7125471086864017,237.15705400595832,0.002492601311975595,0.8296124940416973,ac_power_norm
1430,2010-07-28 14:00:00,189.9716665,612.12409975,26.2245495,-0.4999999999999997,-0.8660254037844388,-0.4405187843504952,-0.8977433935342336,332.82999975,332.82999975,0.5707768730063222,regresion_individual_normalizada,0.5938439526865273,197.64908262419593,-0.02306707968020516,-7.677416124195929,ac_power_norm
1430,2010-07-28 15:00:00,103.593333,342.1999995,24.15964975,-0.7071067811865471,-0.7071067811865479,-0.4405187843504952,-0.8977433935342336,332.82999975,332.82999975,0.31124998671337467,regresion_individual_normalizada,0.35853037397532445,119.32966428057465,-0.047280387261949774,-15.736331280574646,ac_power_norm
1430,2010-07-28 16:00:00,223.83999975,721.46476625,25.78129975,-0.8660254037844385,-0.5000000000000004,-0.4405187843504952,-0.8977433935342336,332.82999975,332.82999975,0.6725355284022891,regresion_individual_normalizada,0.6973186516997132,232.08856667088588,-0.024783123297424048,-8.248566920885878,ac_power_norm
1430,2010-07-28 17:00:00,238.263333,723.0618665,25.05646625,-0.9659258262890684,-0.2588190451025206,-0.4405187843504952,-0.8977433935342336,332.82999975,332.82999975,0.7158709646935905,regresion_individual_normalizada,0.7000852568333129,233.00937585681024,0.015785707860277554,5.253957143189751,ac_power_norm
1430,2010-07-28 18:00:00,15.413333,50.5739995,23.54094975,-1.0,-1.8369701987210287e-16,-0.4405187843504952,-0.8977433935342336,332.82999975,332.82999975,0.046309927024539496,regresion_individual_normalizada,0.06755548611023954,22.484492425182154,-0.02124555908570004,-7.071159425182154,ac_power_norm
1430,2010-07-29 06:00:00,65.87166625,283.813483,19.0241995,1.0,6.123233995736766e-17,-0.455906693508459,-0.8900275764346766,332.82999975,332.82999975,0.1979138488101387,regresion_individual_normalizada,0.26624769280054167,88.61521952824236,-0.06833384399040296,-22.74355327824236,ac_power_norm
1430,2010-07-29 07:00:00,204.8149995,695.52993275,21.34566625,0.9659258262890684,-0.2588190451025206,-0.455906693508459,-0.8900275764346766,332.82999975,332.82999975,0.6153742140247079,regresion_individual_normalizada,0.6131542703265558,204.076135639499,0.002219943698152149,0.7388638605009987,ac_power_norm
1430,2010-07-29 08:00:00,274.43166625,931.9852165,21.83089975,0.8660254037844387,-0.4999999999999998,-0.455906693508459,-0.8900275764346766,332.82999975,332.82999975,0.8245400548512303,regresion_individual_normalizada,0.8061350344743339,268.3059233225588,0.018405020376896397,6.125742927441195,ac_power_norm
1430,2010-07-29 09:00:00,288.0849995,977.47291625,23.23426625,0.7071067811865476,-0.7071067811865475,-0.455906693508459,-0.8900275764346766,332.82999975,332.82999975,0.8655619977657978,regresion_individual_normalizada,0.8497575145417993,282.8247933525077,0.015804483223998522,5.260206147492283,ac_power_norm
1430,2010-07-29 10:00:00,290.20666625,977.544133,24.86693325,0.4999999999999999,-0.8660254037844387,-0.455906693508459,-0.8900275764346766,332.82999975,332.82999975,0.8719366237057482,regresion_individual_normalizada,0.8615498965844892,286.7496518648281,0.010386727121258987,3.457014385171931,ac_power_norm
1430,2010-07-29 11:00:00,286.393333,963.9943495,26.34249975,0.258819045102521,-0.9659258262890682,-0.455906693508459,-0.8900275764346766,332.82999975,332.82999975,0.8604793234237292,regresion_individual_normalizada,0.8642566124294317,287.6505280988236,-0.003777289005702511,-1.2571950988236154,ac_power_norm
1430,2010-07-29 12:00:00,293.10499975,989.0085495,28.032683,1.2246467991473532e-16,-1.0,-0.455906693508459,-0.8900275764346766,332.82999975,332.82999975,0.8806447735184965,regresion_individual_normalizada,0.9002362132595383,299.6256186341131,-0.019591439741041827,-6.520618884113105,ac_power_norm
1430,2010-07-29 13:00:00,157.9199995,515.2499162500001,27.4111665,-0.2588190451025208,-0.9659258262890684,-0.455906693508459,-0.8900275764346766,332.82999975,332.82999975,0.47447645830790225,regresion_individual_normalizada,0.5078843575186465,169.03915058596002,-0.03340789921074422,-11.119151085960027,ac_power_norm
1430,2010-07-29 14:00:00,77.3899995,245.40714975,26.69946625,-0.4999999999999997,-0.8660254037844388,-0.455906693508459,-0.8900275764346766,332.82999975,332.82999975,0.2325211055437619,regresion_individual_normalizada,0.2737841111592356,91.12356564868237,-0.04126300561547372,-13.733566148682371,ac_power_norm
1430,2010-07-29 15:00:00,39.09499975,130.688933,22.27668275,-0.7071067811865471,-0.7071067811865479,-0.455906693508459,-0.8900275764346766,332.82999975,332.82999975,0.11746236751304147,regresion_individual_normalizada,0.1743628005383339,58.033170859582974,-0.05690043302529242,-18.938171109582974,ac_power_norm
1430,2010-07-29 16:00:00,73.7649995,239.304883,21.89829975,-0.8660254037844385,-0.5000000000000004,-0.455906693508459,-0.8900275764346766,332.82999975,332.82999975,0.22162965945199475,regresion_individual_normalizada,0.26676409142590346,88.78709248259243,-0.045134431973908706,-15.022092982592426,ac_power_norm
1430,2010-07-29 17:00:00,81.32666625,261.1554165,22.98634975,-0.9659258262890684,-0.2588190451025206,-0.455906693508459,-0.8900275764346766,332.82999975,332.82999975,0.24434896587172802,regresion_individual_normalizada,0.2795908647102948,93.05622743162971,-0.03524189883856679,-11.729561181629705,ac_power_norm
1430,2010-07-29 18:00:00,26.28666625,84.74596625,23.3859165,-1.0,-1.8369701987210287e-16,-0.455906693508459,-0.8900275764346766,332.82999975,332.82999975,0.07897925748804138,regresion_individual_normalizada,0.1033763017890695,34.406734498611925,-0.024397044301028112,-8.120068248611926,ac_power_norm
1430,2010-07-31 06:00:00,0.0,47.3249,15.9435,1.0,6.123233995736766e-17,-0.4862727071086902,-0.8738071036110807,332.82999975,332.82999975,0.0,regresion_individual_normalizada,0.07277544835664931,24.22185245834973,-0.07277544835664931,-24.22185245834973,ac_power_norm
1430,2010-07-31 11:00:00,286.45499975,954.80466625,25.29026625,0.258819045102521,-0.9659258262890682,-0.4862727071086902,-0.8738071036110807,332.82999975,332.82999975,0.8606646034467029,regresion_individual_normalizada,0.8573469299560748,285.35077848294367,0.00331767349062817,1.1042212670563458,ac_power_norm
1430,2010-07-31 12:00:00,280.0016665,922.0097665,25.8501665,1.2246467991473532e-16,-1.0,-0.4862727071086902,-0.8738071036110807,332.82999975,332.82999975,0.8412753258730247,regresion_individual_normalizada,0.8429974386805827,280.574837305309,-0.0017221128075580738,-0.5731708053090188,ac_power_norm
1430,2010-07-31 13:00:00,292.3066665,965.751683,26.526733,-0.2588190451025208,-0.9659258262890684,-0.4862727071086902,-0.8738071036110807,332.82999975,332.82999975,0.878246151847975,regresion_individual_normalizada,0.8920800674780085,296.91100863568556,-0.013833915630033444,-4.604342135685556,ac_power_norm
1430,2010-07-31 14:00:00,238.523333,793.8055165,27.1921165,-0.4999999999999997,-0.8660254037844388,-0.4862727071086902,-0.8738071036110807,332.82999975,332.82999975,0.7166521442753448,regresion_individual_normalizada,0.7584894062580054,252.4480288952296,-0.04183726198266058,-13.924695895229604,ac_power_norm
1430,2010-07-31 15:00:00,190.81499975000003,630.9966499999999,27.067733,-0.7071067811865471,-0.7071067811865479,-0.4862727071086902,-0.8738071036110807,332.82999975,332.82999975,0.5733106988352242,regresion_individual_normalizada,0.6217578940750867,206.93967972957165,-0.04844719523986252,-16.124679979571624,ac_power_norm
1430,2010-07-31 16:00:00,135.50499975,433.99558275,26.627083,-0.8660254037844385,-0.5000000000000004,-0.4862727071086902,-0.8738071036110807,332.82999975,332.82999975,0.4071297655012542,regresion_individual_normalizada,0.44436877491921206,147.89925924526915,-0.03723900941795788,-12.394259495269154,ac_power_norm
1430,2010-07-31 17:00:00,153.8666665,473.08731625,26.53676625,-0.9659258262890684,-0.2588190451025206,-0.4862727071086902,-0.8738071036110807,332.82999975,332.82999975,0.46229806993232136,regresion_individual_normalizada,0.47652959831844527,158.60334608919575,-0.014231528386123904,-4.736679589195745,ac_power_norm
1430,2010-07-31 18:00:00,69.018333,201.1096495,25.711883,-1.0,-1.8369701987210287e-16,-0.4862727071086902,-0.8738071036110807,332.82999975,332.82999975,0.2073681250243128,regresion_individual_normalizada,0.21299416596787107,70.890848205838,-0.005626040943558286,-1.872515205837999,ac_power_norm
1430,2010-08-02 06:00:00,66.4616665,279.37826625,19.599233,1.0,6.123233995736766e-17,-0.5160623910158526,-0.8565509959010037,332.82999975,332.82999975,0.1996865263044847,regresion_individual_normalizada,0.2700079619174934,89.86674989749733,-0.07032143561300869,-23.40508339749732,ac_power_norm
1430,2010-08-02 07:00:00,210.94999975,706.998233,21.3529165,0.9659258262890684,-0.2588190451025206,-0.5160623910158526,-0.8565509959010037,332.82999975,332.82999975,0.6338070483683915,regresion_individual_normalizada,0.629633657557805,209.56097008755583,0.004173390810586541,1.389029662444159,ac_power_norm
1430,2010-08-02 08:00:00,186.508333,590.1972497500001,21.6802165,0.8660254037844387,-0.4999999999999998,-0.5160623910158526,-0.8565509959010037,332.82999975,332.82999975,0.5603711598716846,regresion_individual_normalizada,0.5381679971921285,179.11845437091412,0.022203162679556132,7.389878629085871,ac_power_norm
1430,2010-08-02 09:00:00,143.14999975,465.78721625,22.7200165,0.7071067811865476,-0.7071067811865475,-0.5160623910158526,-0.8565509959010037,332.82999975,332.82999975,0.4300994497416845,regresion_individual_normalizada,0.4443185860024385,147.88255486811198,-0.014219136260753995,-4.732555118111975,ac_power_norm
1430,2010-08-02 10:00:00,195.4749995,646.217333,23.642833,0.4999999999999999,-0.8660254037844387,-0.5160623910158526,-0.8565509959010037,332.82999975,332.82999975,0.5873118398186099,regresion_individual_normalizada,0.5997286062277238,199.60767186084118,-0.012416766409113933,-4.132672360841184,ac_power_norm
1430,2010-08-02 11:00:00,272.933333,907.25838275,25.81819975,0.258819045102521,-0.9659258262890682,-0.5160623910158526,-0.8565509959010037,332.82999975,332.82999975,0.8200382573836781,regresion_individual_normalizada,0.8248809245436721,274.5451179096502,-0.004842667159994041,-1.6117849096501686,ac_power_norm
1430,2010-08-02 12:00:00,247.603333,839.722983,26.42629975,1.2246467991473532e-16,-1.0,-0.5160623910158526,-0.8565509959010037,332.82999975,332.82999975,0.7439333388996885,regresion_individual_normalizada,0.7816032013579179,260.14099331255505,-0.03766986245822945,-12.537660312555062,ac_power_norm
1430,2010-08-02 13:00:00,193.7516665,649.6200662499999,26.7650165,-0.2588190451025208,-0.9659258262890684,-0.5160623910158526,-0.8565509959010037,332.82999975,332.82999975,0.582134022310289,regresion_individual_normalizada,0.6323616256761919,210.46891971571657,-0.05022760336590293,-16.717253215716568,ac_power_norm
1430,2010-08-02 14:00:00,227.76666625,753.06569975,27.53401625,-0.4999999999999997,-0.8660254037844388,-0.5160623910158526,-0.8565509959010037,332.82999975,332.82999975,0.684333342610592,regresion_individual_normalizada,0.7287509041667664,242.55016325163712,-0.04441756155617438,-14.78349700163713,ac_power_norm
1430,2010-08-02 15:00:00,19.25333325,66.84488300000001,22.69206625,-0.7071067811865471,-0.7071067811865479,-0.5160623910158526,-0.8565509959010037,332.82999975,332.82999975,0.05784734929081464,regresion_individual_normalizada,0.12680259996453486,42.20370931449549,-0.06895525067372021,-22.95037606449549,ac_power_norm
1430,2010-08-02 16:00:00,10.17333325,37.680316000000005,18.470533,-0.8660254037844385,-0.5000000000000004,-0.5160623910158526,-0.8565509959010037,332.82999975,332.82999975,0.030566154666470988,regresion_individual_normalizada,0.09664803701420502,32.16736613527585,-0.06608188234773403,-21.99403288527585,ac_power_norm
1430,2010-08-02 17:00:00,16.013333,56.32789975,18.062883,-0.9659258262890684,-0.2588190451025206,-0.5160623910158526,-0.8565509959010037,332.82999975,332.82999975,0.048112649136280265,regresion_individual_normalizada,0.10546051207857217,35.100422208746046,-0.057347862942291904,-19.087089208746047,ac_power_norm
1430,2010-08-02 18:00:00,4.4366665,19.7169165,19.42779975,-1.0,-1.8369701987210287e-16,-0.5160623910158526,-0.8565509959010037,332.82999975,332.82999975,0.013330128003282553,regresion_individual_normalizada,0.06088937600924872,20.26581100193591,-0.04755924800596617,-15.829144501935907,ac_power_norm
1430,2010-08-03 06:00:00,62.8949995,280.1412165,16.759549749999998,1.0,6.123233995736766e-17,-0.5307300481619331,-0.8475409228928312,332.82999975,332.82999975,0.1889703438609578,regresion_individual_normalizada,0.27240915750564965,90.66593982450308,-0.08343881364469186,-27.770940324503087,ac_power_norm
1430,2010-08-03 07:00:00,130.3116665,432.4137495,18.2345165,0.9659258262890684,-0.2588190451025206,-0.5307300481619331,-0.8475409228928312,332.82999975,332.82999975,0.3915262043622316,regresion_individual_normalizada,0.4024175414422735,133.9366302176275,-0.010891337080041863,-3.6249637176275087,ac_power_norm
1430,2010-08-03 08:00:00,287.27999975,982.964783,21.6052165,0.8660254037844387,-0.4999999999999998,-0.5307300481619331,-0.8475409228928312,332.82999975,332.82999975,0.8631433463503465,regresion_individual_normalizada,0.8533669043591727,284.02610656452174,0.009776441991173779,3.253893185478262,ac_power_norm
1430,2010-08-03 09:00:00,307.018333,1062.5228165,22.6188995,0.7071067811865476,-0.7071067811865475,-0.5307300481619331,-0.8475409228928312,332.82999975,332.82999975,0.9224478960148182,regresion_individual_normalizada,0.9221060056211015,306.90454162034473,0.00034189039371679275,0.11379137965525388,ac_power_norm
1430,2010-08-03 10:00:00,293.33666625,985.2701665,23.3800495,0.4999999999999999,-0.8660254037844387,-0.5307300481619331,-0.8475409228928312,332.82999975,332.82999975,0.8813408240553291,regresion_individual_normalizada,0.8708295888216429,289.8382118298,0.010511235233686245,3.498454420200005,ac_power_norm
1430,2010-08-03 11:00:00,251.053333,836.401633,24.63388325,0.258819045102521,-0.9659258262890682,-0.5307300481619331,-0.8475409228928312,332.82999975,332.82999975,0.754298991042198,regresion_individual_normalizada,0.7659741084467053,254.93916232282342,-0.01167511740450733,-3.8858293228234118,ac_power_norm
1430,2010-08-03 12:00:00,234.0199995,767.74218275,25.65201625,1.2246467991473532e-16,-1.0,-0.5307300481619331,-0.8475409228928312,332.82999975,332.82999975,0.70312171281369,regresion_individual_normalizada,0.7225997803514053,240.50288471370828,-0.019478067537715305,-6.482885213708272,ac_power_norm
1430,2010-08-03 13:00:00,66.788333,206.07879975,24.640683,-0.2588190451025208,-0.9659258262890684,-0.5307300481619331,-0.8475409228928312,332.82999975,332.82999975,0.20066800784234293,regresion_individual_normalizada,0.25495570968803993,84.85690879173141,-0.054287701845697006,-18.06857579173142,ac_power_norm
1430,2010-08-03 14:00:00,203.41666625,674.79828275,25.9427165,-0.4999999999999997,-0.8660254037844388,-0.5307300481619331,-0.8475409228928312,332.82999975,332.82999975,0.6111728702424457,regresion_individual_normalizada,0.6612262766585624,220.07594149496276,-0.050053406416116664,-16.65927524496277,ac_power_norm
1430,2010-08-03 15:00:00,196.92499975,690.80606625,26.5347165,-0.7071067811865471,-0.7071067811865479,-0.5307300481619331,-0.8475409228928312,332.82999975,332.82999975,0.5916684190064511,regresion_individual_normalizada,0.6810314656287868,226.66770253497126,-0.08936304662233574,-29.742702784971243,ac_power_norm
1430,2010-08-03 16:00:00,79.8999995,253.23868299999995,25.00254975,-0.8660254037844385,-0.5000000000000004,-0.5307300481619331,-0.8475409228928312,332.82999975,332.82999975,0.24006249304454413,regresion_individual_normalizada,0.2886440590863169,96.06940211353785,-0.04858156604177277,-16.16940261353784,ac_power_norm
1430,2010-08-03 17:00:00,16.2599995,57.0119665,21.4877165,-0.9659258262890684,-0.2588190451025206,-0.5307300481619331,-0.8475409228928312,332.82999975,332.82999975,0.04885376772590644,regresion_individual_normalizada,0.10491193862233038,34.917840505442236,-0.05605817089642394,-18.657841005442236,ac_power_norm
1430,2010-08-03 18:00:00,105.63999975,297.0555495,21.8808995,-1.0,-1.8369701987210287e-16,-0.5307300481619331,-0.8475409228928312,332.82999975,332.82999975,0.3173992723893574,regresion_individual_normalizada,0.31819191915572564,105.9038163730522,-0.0007926467663682546,-0.2638166230521932,ac_power_norm
1430,2010-08-04 06:00:00,39.03499975,182.60958325,14.93829975,1.0,6.123233995736766e-17,-0.5452404385406507,-0.8382797052177745,332.82999975,332.82999975,0.11728209530186738,regresion_individual_normalizada,0.1922574678061471,63.98905296185558,-0.07497537250427973,-24.95405321185558,ac_power_norm
1430,2010-08-04 07:00:00,149.77999975,510.019983,18.53351625,0.9659258262890684,-0.2588190451025206,-0.5452404385406507,-0.8382797052177745,332.82999975,332.82999975,0.45001952907642,regresion_individual_normalizada,0.46754511605034405,155.61304085814973,-0.017525586973924034,-5.833041108149729,ac_power_norm
1430,2010-08-04 08:00:00,182.23333275,589.904783,21.15504975,0.8660254037844387,-0.4999999999999998,-0.5452404385406507,-0.8382797052177745,332.82999975,332.82999975,0.5475267640743974,regresion_individual_normalizada,0.5408050102896373,179.99613143949875,0.006721753784760032,2.2372013105012343,ac_power_norm
1430,2010-08-04 09:00:00,249.14666625,817.909183,21.41759975,0.7071067811865476,-0.7071067811865475,-0.5452404385406507,-0.8382797052177745,332.82999975,332.82999975,0.7485703405256214,regresion_individual_normalizada,0.7272756249460655,242.05914606898006,0.02129471557955598,7.087520181019954,ac_power_norm
1430,2010-08-04 10:00:00,295.938333,993.586183,23.23551625,0.4999999999999999,-0.8660254037844387,-0.5452404385406507,-0.8382797052177745,332.82999975,332.82999975,0.889157627684672,regresion_individual_normalizada,0.8784467955945223,292.3734467581132,0.010710832090149669,3.564886241886825,ac_power_norm
1430,2010-08-04 11:00:00,284.363333,942.1537995,23.7502665,0.258819045102521,-0.9659258262890682,-0.5452404385406507,-0.8382797052177745,332.82999975,332.82999975,0.8543801136123397,regresion_individual_normalizada,0.8487298158646903,282.48274440206245,0.005650297747649358,1.8805885979375603,ac_power_norm
1430,2010-08-04 12:00:00,288.773333,949.79859975,25.265133,1.2246467991473532e-16,-1.0,-0.5452404385406507,-0.8382797052177745,332.82999975,332.82999975,0.8676301211336342,regresion_individual_normalizada,0.8714473036648411,290.04380586090724,-0.0038171825312068863,-1.2704728609072617,ac_power_norm
1430,2010-08-04 13:00:00,249.7799995,814.35396625,25.584733,-0.2588190451025208,-0.9659258262890684,-0.5452404385406507,-0.8382797052177745,332.82999975,332.82999975,0.7504732136154142,regresion_individual_normalizada,0.7722216524484171,257.01853239135124,-0.021748438833002925,-7.238532891351241,ac_power_norm
1430,2010-08-04 14:00:00,83.22499975,269.488033,25.18976625,-0.4999999999999997,-0.8660254037844388,-0.5452404385406507,-0.8382797052177745,332.82999975,332.82999975,0.2500525788315751,regresion_individual_normalizada,0.3126681787979416,104.06534987115187,-0.06261559996636651,-20.84035012115187,ac_power_norm
1430,2010-08-04 15:00:00,72.0366665,235.13541625,25.1524995,-0.7071067811865471,-0.7071067811865479,-0.5452404385406507,-0.8382797052177745,332.82999975,332.82999975,0.2164368192594093,regresion_individual_normalizada,0.2799139899172744,93.16377319418794,-0.0634771706578651,-21.127106694187944,ac_power_norm
1430,2010-08-04 16:00:00,124.58499975,385.72439975,22.815233,-0.8660254037844385,-0.5000000000000004,-0.5452404385406507,-0.8382797052177745,332.82999975,332.82999975,0.3743202230675722,regresion_individual_normalizada,0.41100705972925294,136.7954795869355,-0.036686836661680766,-12.210479836935505,ac_power_norm
1430,2010-08-04 17:00:00,46.2599995,157.37146625,20.816533,-0.9659258262890684,-0.2588190451025206,-0.5452404385406507,-0.8382797052177745,332.82999975,332.82999975,0.13898987331294493,regresion_individual_normalizada,0.19997037790230401,66.55614082723125,-0.06098050458935908,-20.296141327231247,ac_power_norm
1430,2010-08-04 18:00:00,21.00166625,66.6198495,18.54504975,-1.0,-1.8369701987210287e-16,-0.5452404385406507,-0.8382797052177745,332.82999975,332.82999975,0.0631002802204581,regresion_individual_normalizada,0.10967698445987736,36.50379071036174,-0.04657670423941926,-15.502124460361742,ac_power_norm
1430,2010-08-05 06:00:00,26.518333,131.79023275,14.805883,1.0,6.123233995736766e-17,-0.5595892624101763,-0.828770087174504,332.82999975,332.82999975,0.07967530877600824,regresion_individual_normalizada,0.15192735839481122,50.56598265656318,-0.07225204961880298,-24.04764965656318,ac_power_norm
1430,2010-08-05 07:00:00,188.40166625,625.5428995,17.1707665,0.9659258262890684,-0.2588190451025206,-0.5595892624101763,-0.828770087174504,332.82999975,332.82999975,0.566059749396133,regresion_individual_normalizada,0.5578276402122098,185.66177335237288,0.008232109183923253,2.7398928976271293,ac_power_norm
1430,2010-08-05 08:00:00,281.078333,943.42041625,18.94244975,0.8660254037844387,-0.4999999999999998,-0.5595892624101763,-0.828770087174504,332.82999975,332.82999975,0.8445102100505589,regresion_individual_normalizada,0.8129356466813968,270.5693710817354,0.03157456336916209,10.50896191826456,ac_power_norm
1430,2010-08-05 09:00:00,295.163333,984.58099975,19.7491995,0.7071067811865476,-0.7071067811865475,-0.5595892624101763,-0.828770087174504,332.82999975,332.82999975,0.8868291116236736,regresion_individual_normalizada,0.8499799297713055,282.89881981328864,0.036849181852368074,12.264513186711383,ac_power_norm
1430,2010-08-05 10:00:00,297.7316665,975.078533,21.77659975,0.4999999999999999,-0.8660254037844387,-0.5595892624101763,-0.828770087174504,332.82999975,332.82999975,0.8945457642749646,regresion_individual_normalizada,0.8585234577930938,285.74236224264456,0.03602230648187077,11.989304257355457,ac_power_norm
1430,2010-08-05 11:00:00,288.11499975000004,946.50273275,22.85686625,0.258819045102521,-0.9659258262890682,-0.5595892624101763,-0.828770087174504,332.82999975,332.82999975,0.8656521346225192,regresion_individual_normalizada,0.8497922698787526,282.83636097129715,0.01585986474376666,5.278638778702884,ac_power_norm
1430,2010-08-05 12:00:00,251.68666625,825.65561625,23.94386625,1.2246467991473532e-16,-1.0,-0.5595892624101763,-0.828770087174504,332.82999975,332.82999975,0.7562018641319906,regresion_individual_normalizada,0.7682468372733593,255.69559465763047,-0.012044973141368653,-4.008928407630464,ac_power_norm
1430,2010-08-05 13:00:00,153.973333,490.82183325,24.03009975,-0.2588190451025208,-0.9659258262890684,-0.5595892624101763,-0.828770087174504,332.82999975,332.82999975,0.4626185533625413,regresion_individual_normalizada,0.5013255180547308,166.85617204882467,-0.03870696469218948,-12.882839048824678,ac_power_norm
1430,2010-08-05 14:00:00,79.94666625,263.41635,23.93548325,-0.4999999999999997,-0.8660254037844388,-0.5595892624101763,-0.828770087174504,332.82999975,332.82999975,0.24020270501472427,regresion_individual_normalizada,0.30996627465032206,103.16607511437513,-0.0697635696355978,-23.219408864375126,ac_power_norm
1430,2010-08-05 15:00:00,151.14166625,525.2621995,24.890933,-0.7071067811865471,-0.7071067811865479,-0.5595892624101763,-0.828770087174504,332.82999975,332.82999975,0.4541107062570311,regresion_individual_normalizada,0.5388218316168634,179.3360700823352,-0.08471112535983227,-28.19440383233521,ac_power_norm
1430,2010-08-05 16:00:00,121.1799995,406.950683,24.997433,-0.8660254037844385,-0.5000000000000004,-0.5595892624101763,-0.828770087174504,332.82999975,332.82999975,0.3640897743323091,regresion_individual_normalizada,0.4331154131044683,144.15380283528134,-0.06902563877215923,-22.973803335281346,ac_power_norm
1430,2010-08-05 17:00:00,35.23333275,117.51041625,24.11999975,-0.9659258262890684,-0.2588190451025206,-0.5595892624101763,-0.828770087174504,332.82999975,332.82999975,0.10585984669790872,regresion_individual_normalizada,0.16159415499157914,53.78338256544875,-0.05573430829367042,-18.550049815448745,ac_power_norm
1430,2010-08-05 18:00:00,0.91499975,9.80889975,21.3159995,-1.0,-1.8369701987210287e-16,-0.5595892624101763,-0.828770087174504,332.82999975,332.82999975,0.002749150469270461,regresion_individual_normalizada,0.05495943730581611,18.292149504754917,-0.05221028683654565,-17.377149754754917,ac_power_norm
1430,2010-08-06 06:00:00,45.8466665,215.6448495,15.732483,1.0,6.123233995736766e-17,-0.5737722679043243,-0.8190148866680802,332.82999975,332.82999975,0.1377479990819247,regresion_individual_normalizada,0.2233948398644044,74.352504496221,-0.0856468407824797,-28.505837996221004,ac_power_norm
1430,2010-08-06 07:00:00,199.9316665,677.97728275,19.29909975,0.9659258262890684,-0.2588190451025206,-0.5737722679043243,-0.8190148866680802,332.82999975,332.82999975,0.600702060061219,regresion_individual_normalizada,0.607935781312918,202.33926594239458,-0.007233721251699077,-2.40759944239457,ac_power_norm
1430,2010-08-06 08:00:00,276.368333,939.38573275,22.19716625,0.8660254037844387,-0.4999999999999998,-0.5737722679043243,-0.8190148866680802,332.82999975,332.82999975,0.8303588414733939,regresion_individual_normalizada,0.8265583211706748,275.1034058285961,0.003800520302719046,1.2649271714038832,ac_power_norm
1430,2010-08-06 09:00:00,290.40166625,980.631483,23.7056495,0.7071067811865476,-0.7071067811865475,-0.5737722679043243,-0.8190148866680802,332.82999975,332.82999975,0.8725225083920639,regresion_individual_normalizada,0.868235816125861,288.9749264641114,0.004286692266202929,1.4267397858886284,ac_power_norm
1430,2010-08-06 10:00:00,288.5599995,970.100433,24.666883,0.4999999999999999,-0.8660254037844387,-0.5737722679043243,-0.8190148866680802,332.82999975,332.82999975,0.8669891527709259,regresion_individual_normalizada,0.8701609406797601,289.61566566890434,-0.0031717879088342116,-1.055666168904338,ac_power_norm
1430,2010-08-06 11:00:00,282.60833275,946.1199495,25.701833,0.258819045102521,-0.9659258262890682,-0.5737722679043243,-0.8190148866680802,332.82999975,332.82999975,0.8491071506843637,regresion_individual_normalizada,0.8641233978703402,287.6061902971545,-0.015016247185976495,-4.997857547154524,ac_power_norm
1430,2010-08-06 12:00:00,261.783333,872.0906662499999,26.5837495,1.2246467991473532e-16,-1.0,-0.5737722679043243,-0.8190148866680802,332.82999975,332.82999975,0.7865376714738288,regresion_individual_normalizada,0.8176050048715082,272.12347356698285,-0.03106733339767942,-10.340140566982825,ac_power_norm
1430,2010-08-06 13:00:00,126.75499975,425.06791625,25.65968275,-0.2588190451025208,-0.9659258262890684,-0.5737722679043243,-0.8190148866680802,332.82999975,332.82999975,0.38084006803836795,regresion_individual_normalizada,0.4504455027354613,149.9217765628322,-0.06960543469709335,-23.16677681283221,ac_power_norm
1430,2010-08-06 14:00:00,225.64999975,743.15899975,26.98401625,-0.4999999999999997,-0.8660254037844388,-0.5737722679043243,-0.8190148866680802,332.82999975,332.82999975,0.6779737401060404,regresion_individual_normalizada,0.7288619008559358,242.58710627966565,-0.05088816074989544,-16.93710652966564,ac_power_norm
1430,2010-08-06 15:00:00,61.43333274999999,214.94416625,20.359483,-0.7071067811865471,-0.7071067811865479,-0.5737722679043243,-0.8190148866680802,332.82999975,332.82999975,0.18457871224392233,regresion_individual_normalizada,0.26621970596381755,88.60590466938247,-0.08164099371989522,-27.172571919382477,ac_power_norm
1430,2010-08-06 16:00:00,150.88999975000002,467.3130995,20.23971625,-0.8660254037844385,-0.5000000000000004,-0.5737722679043243,-0.8190148866680802,332.82999975,332.82999975,0.4533545649831405,regresion_individual_normalizada,0.4830749378850171,160.7818314555015,-0.029720372901876624,-9.891831705501488,ac_power_norm
1430,2010-08-06 17:00:00,245.94666625,751.8971497499999,24.80231625,-0.9659258262890684,-0.2588190451025206,-0.5737722679043243,-0.8190148866680802,332.82999975,332.82999975,0.7389558225963373,regresion_individual_normalizada,0.7445501148314622,247.80861453321802,-0.005594292235124865,-1.8619482832180267,ac_power_norm
1430,2010-08-06 18:00:00,108.223333,296.61688325,23.570783,-1.0,-1.8369701987210287e-16,-0.5737722679043243,-0.8190148866680802,332.82999975,332.82999975,0.3251609923423076,regresion_individual_normalizada,0.32325374965308373,107.58854541622243,0.0019072426892238759,0.6347875837775661,ac_power_norm
1430,2010-08-07 06:00:00,57.1216665,273.72479975,19.248483,1.0,6.123233995736766e-17,-0.5877852522924734,-0.8090169943749472,332.82999975,332.82999975,0.1716241520983867,regresion_individual_normalizada,0.2754426243375229,91.6755685893971,-0.10381847223913623,-34.5539020893971,ac_power_norm
1430,2010-08-07 07:00:00,175.2249995,572.30631625,21.79339975,0.9659258262890684,-0.2588190451025206,-0.5877852522924734,-0.8090169943749472,332.82999975,332.82999975,0.526469968547359,regresion_individual_normalizada,0.5298882794204738,176.36271590704422,-0.003418310873114838,-1.1377164070442234,ac_power_norm
1430,2010-08-07 08:00:00,283.63166625,949.017883,24.83064975,0.8660254037844387,-0.4999999999999998,-0.5877852522924734,-0.8090169943749472,332.82999975,332.82999975,0.8521817938979223,regresion_individual_normalizada,0.846010750544959,281.57775789237604,0.006171043352963257,2.053908357623982,ac_power_norm
1430,2010-08-07 09:00:00,289.57499975,985.62496625,26.67428325,0.7071067811865476,-0.7071067811865475,-0.5877852522924734,-0.8090169943749472,332.82999975,332.82999975,0.870038758427755,regresion_individual_normalizada,0.8856916885258099,294.7847644706224,-0.015652930098054907,-5.209764720622388,ac_power_norm
1430,2010-08-07 10:00:00,289.03499975,972.59134975,27.07394975,0.4999999999999999,-0.8660254037844387,-0.5877852522924734,-0.8090169943749472,332.82999975,332.82999975,0.8684163085271882,regresion_individual_normalizada,0.8836786795097984,294.11477468032655,-0.015262370982610185,-5.0797749303265505,ac_power_norm
1430,2010-08-07 11:00:00,275.60666625,933.373783,28.09259975,0.258819045102521,-0.9659258262890682,-0.5877852522924734,-0.8090169943749472,332.82999975,332.82999975,0.8280703856533893,regresion_individual_normalizada,0.8646976124017869,287.7973061195123,-0.03662722674839758,-12.190639869512324,ac_power_norm
1430,2010-08-07 12:00:00,252.05999975000003,853.2777995,29.07949975,1.2246467991473532e-16,-1.0,-0.5877852522924734,-0.8090169943749472,332.82999975,332.82999975,0.7573235583911634,regresion_individual_normalizada,0.8117768919844381,270.18370275623636,-0.054453333593274755,-18.123703006236326,ac_power_norm
1430,2010-08-07 13:00:00,101.33333325,339.78016625,27.5362165,-0.2588190451025208,-0.9659258262890684,-0.5877852522924734,-0.8090169943749472,332.82999975,332.82999975,0.304459734176952,regresion_individual_normalizada,0.38058855477814235,126.67128859166199,-0.07612882060119036,-25.337955341661996,ac_power_norm
1430,2010-08-07 14:00:00,178.33166649999998,591.1979495,28.11573325,-0.4999999999999997,-0.8660254037844388,-0.5877852522924734,-0.8090169943749472,332.82999975,332.82999975,0.5358040640385512,regresion_individual_normalizada,0.6023091296849024,200.4665474824488,-0.06650506564635117,-22.134880982448806,ac_power_norm
1430,2010-08-07 15:00:00,40.03999975,134.20739974999998,26.51271625,-0.7071067811865471,-0.7071067811865479,-0.5877852522924734,-0.8090169943749472,332.82999975,332.82999975,0.12030165483903317,regresion_individual_normalizada,0.19582812730863514,65.177475563176,-0.07552647246960197,-25.137475813176003,ac_power_norm
1430,2010-08-07 16:00:00,14.66666625,52.962016250000005,24.7190665,-0.8660254037844385,-0.5000000000000004,-0.5877852522924734,-0.8090169943749472,332.82999975,332.82999975,0.04406653925732847,regresion_individual_normalizada,0.11630574580734993,38.71004134798384,-0.07223920655002145,-24.04337509798384,ac_power_norm
1430,2010-08-07 17:00:00,105.45833325,324.4807495,22.58489975,-0.9659258262890684,-0.2588190451025206,-0.5877852522924734,-0.8090169943749472,332.82999975,332.82999975,0.3168534486951698,regresion_individual_normalizada,0.35851988228652387,119.32617233179377,-0.04166643359135408,-13.867839081793775,ac_power_norm
1430,2010-08-07 18:00:00,84.64666625000001,233.056433,23.4731665,-1.0,-1.8369701987210287e-16,-0.5877852522924734,-0.8090169943749472,332.82999975,332.82999975,0.2543240282233603,regresion_individual_normalizada,0.2662051235998707,88.60105122119369,-0.011881095376510387,-3.954384971193676,ac_power_norm
1430,2010-08-08 06:00:00,65.613333,271.98659975,15.959383,1.0,6.123233995736766e-17,-0.6016240632249227,-0.7987793728863648,332.82999975,332.82999975,0.19713767704018392,regresion_individual_normalizada,0.2732848933478755,90.95741098465217,-0.07614721630769156,-25.344077984652174,ac_power_norm
1430,2010-08-08 07:00:00,181.898333,616.3227995,19.45924975,0.9659258262890684,-0.2588190451025206,-0.6016240632249227,-0.7987793728863648,332.82999975,332.82999975,0.5465202449798097,regresion_individual_normalizada,0.5623863392038899,187.1790451366341,-0.01586609422408025,-5.280712136634094,ac_power_norm
1430,2010-08-08 08:00:00,282.1516665,962.635083,23.0093165,0.8660254037844387,-0.4999999999999998,-0.6016240632249227,-0.7987793728863648,332.82999975,332.82999975,0.8477350801067625,regresion_individual_normalizada,0.851942839444672,283.5521350393845,-0.004207759337909511,-1.4004685393845193,ac_power_norm
1430,2010-08-08 09:00:00,303.14166625,1028.699283,23.57069975,0.7071067811865476,-0.7071067811865475,-0.6016240632249227,-0.7987793728863648,332.82999975,332.82999975,0.9108003078980262,regresion_individual_normalizada,0.909090521604778,302.57259807844565,0.00170978629324825,0.5690681715543633,ac_power_norm
1430,2010-08-08 10:00:00,298.3949995,992.574033,25.139783,0.4999999999999999,-0.8660254037844387,-0.6016240632249227,-0.7987793728863648,332.82999975,332.82999975,0.89653877271921,regresion_individual_normalizada,0.8940670489752418,297.572335686913,0.0024717237439682016,0.8226638130869901,ac_power_norm
1430,2010-08-08 11:00:00,289.39333275,963.7260995,25.723683,0.258819045102521,-0.9659258262890682,-0.6016240632249227,-0.7987793728863648,332.82999975,332.82999975,0.869492933231299,regresion_individual_normalizada,0.8825701697360744,293.7458293726151,-0.013077236504775436,-4.352496622615092,ac_power_norm
1430,2010-08-08 12:00:00,233.293333,781.0567665,25.9776665,1.2246467991473532e-16,-1.0,-0.6016240632249227,-0.7987793728863648,332.82999975,332.82999975,0.7009384165346711,regresion_individual_normalizada,0.7458549578560578,248.24290543676798,-0.04491654132138667,-14.949572436767994,ac_power_norm
1430,2010-08-08 13:00:00,182.12999975,605.132983,25.5223495,-0.2588190451025208,-0.9659258262890684,-0.6016240632249227,-0.7987793728863648,332.82999975,332.82999975,0.5472162962677766,regresion_individual_normalizada,0.6071640823952453,202.08242139181849,-0.05994778612746876,-19.95242164181849,ac_power_norm
1430,2010-08-08 14:00:00,153.5466665,516.13744975,25.68556625,-0.4999999999999997,-0.8660254037844388,-0.6016240632249227,-0.7987793728863648,332.82999975,332.82999975,0.46133661813939286,regresion_individual_normalizada,0.5369882623538917,178.72580322499874,-0.07565164421449888,-25.179136724998756,ac_power_norm
1430,2010-08-08 15:00:00,147.863333,499.875383,25.85551625,-0.7071067811865471,-0.7071067811865479,-0.6016240632249227,-0.7987793728863648,332.82999975,332.82999975,0.44426083319131454,regresion_individual_normalizada,0.5250530422686095,174.75340392699803,-0.08079220907729495,-26.89007092699802,ac_power_norm
1430,2010-08-08 16:00:00,78.3416665,259.927133,24.467233,-0.8660254037844385,-0.5000000000000004,-0.6016240632249227,-0.7987793728863648,332.82999975,332.82999975,0.23538042411695193,regresion_individual_normalizada,0.3080381818260844,102.52434798016613,-0.07265775770913246,-24.182681480166124,ac_power_norm
1430,2010-08-08 17:00:00,154.2216665,474.77596625,25.88161625,-0.9659258262890684,-0.2588190451025206,-0.6016240632249227,-0.7987793728863648,332.82999975,332.82999975,0.46336468051510127,regresion_individual_normalizada,0.49870788275002326,165.98494449101327,-0.03534320223492199,-11.763277991013268,ac_power_norm
1430,2010-08-08 18:00:00,28.7266665,88.99178325,22.504333000000003,-1.0,-1.8369701987210287e-16,-0.6016240632249227,-0.7987793728863648,332.82999975,332.82999975,0.08631032816025473,regresion_individual_normalizada,0.13464541191213555,44.814032413054726,-0.04833508375188082,-16.087365913054725,ac_power_norm
1430,2010-08-10 06:00:00,13.1566665,108.552283,15.19011625,1.0,6.123233995736766e-17,-0.6287628145958345,-0.7775971469736268,332.82999975,332.82999975,0.039529689360581745,regresion_individual_normalizada,0.14142689698112357,47.07111408687064,-0.10189720762054183,-33.91444758687064,ac_power_norm
1430,2010-08-10 07:00:00,144.88166625,506.633783,17.114832749999998,0.9659258262890684,-0.2588190451025206,-0.6287628145958345,-0.7775971469736268,332.82999975,332.82999975,0.4353023055578691,regresion_individual_normalizada,0.47101631684065215,156.7683606163202,-0.035714011282783065,-11.8866943663202,ac_power_norm
1430,2010-08-10 08:00:00,272.83999975,897.1087332499999,20.074483,0.8660254037844387,-0.4999999999999998,-0.6287628145958345,-0.7775971469736268,332.82999975,332.82999975,0.819757834194452,regresion_individual_normalizada,0.7904725000784047,263.09296200347734,0.02928533411604728,9.747037746522665,ac_power_norm
1430,2010-08-10 09:00:00,302.34999975,1005.3405995,23.223133,0.7071067811865476,-0.7071067811865475,-0.6287628145958345,-0.7775971469736268,332.82999975,332.82999975,0.9084217167235689,regresion_individual_normalizada,0.8928960995790158,297.18260859965983,0.015525617144553028,5.1673911503401655,ac_power_norm
1430,2010-08-10 10:00:00,302.47666625,997.6043665,25.282383,0.4999999999999999,-0.8660254037844387,-0.6287628145958345,-0.7775971469736268,332.82999975,332.82999975,0.9088022908908469,regresion_individual_normalizada,0.9029044172529355,300.5136769685684,0.005897873637911388,1.9629892814315895,ac_power_norm
1430,2010-08-10 11:00:00,306.69666625,1013.48373275,26.91116625,0.258819045102521,-0.9659258262890682,-0.6287628145958345,-0.7775971469736268,332.82999975,332.82999975,0.9214814364100904,regresion_individual_normalizada,0.9319819408865648,310.1915491522799,-0.010500504476474437,-3.494882902279869,ac_power_norm
1430,2010-08-10 12:00:00,271.79833325000004,899.8006495,26.968233,1.2246467991473532e-16,-1.0,-0.6287628145958345,-0.7775971469736268,332.82999975,332.82999975,0.8166281088067694,regresion_individual_normalizada,0.850945517195774,283.2201962755331,-0.034317408389004656,-11.42186302553307,ac_power_norm
1430,2010-08-10 13:00:00,231.338333,767.804433,26.96511625,-0.2588190451025208,-0.9659258262890684,-0.6287628145958345,-0.7775971469736268,332.82999975,332.82999975,0.6950645469872492,regresion_individual_normalizada,0.7517793562480892,250.2147229521067,-0.05671480926084005,-18.876389952106706,ac_power_norm
1430,2010-08-10 14:00:00,177.848333,583.128633,25.71983275,-0.4999999999999997,-0.8660254037844388,-0.6287628145958345,-0.7775971469736268,332.82999975,332.82999975,0.5343518707255595,regresion_individual_normalizada,0.5993692547279312,199.48806890125505,-0.06501738400237178,-21.63973590125505,ac_power_norm
1430,2010-08-10 15:00:00,301.55999975,1005.6304995,27.81389975,-0.7071067811865471,-0.7071067811865479,-0.6287628145958345,-0.7775971469736268,332.82999975,332.82999975,0.9060481326097768,regresion_individual_normalizada,0.9734724768441163,324.00084422465915,-0.06742434423433952,-22.440844474659173,ac_power_norm
1430,2010-08-10 16:00:00,294.03999975,974.3372495,28.26066625,-0.8660254037844385,-0.5000000000000004,-0.6287628145958345,-0.7775971469736268,332.82999975,332.82999975,0.8834540154759591,regresion_individual_normalizada,0.9558810919257377,318.145903586673,-0.07242707644977853,-24.105903836673008,ac_power_norm
1430,2010-08-10 17:00:00,209.21166625,664.7377495,26.93888325,-0.9659258262890684,-0.2588190451025206,-0.6287628145958345,-0.7775971469736268,332.82999975,332.82999975,0.6285841613050087,regresion_individual_normalizada,0.6783129550631195,225.76290066407984,-0.04972879375811079,-16.55123441407983,ac_power_norm
1430,2010-08-10 18:00:00,38.03666625,117.47101625,25.47311625,-1.0,-1.8369701987210287e-16,-0.6287628145958345,-0.7775971469736268,332.82999975,332.82999975,0.11428256550963148,regresion_individual_normalizada,0.1610696093813659,53.60879805013262,-0.046787043871734435,-15.572131800132617,ac_power_norm
1430,2010-08-12 06:00:00,17.54,111.84054975,18.0980665,1.0,6.123233995736766e-17,-0.655156357209085,-0.7554933140726804,332.82999975,332.82999975,0.05269957639988851,regresion_individual_normalizada,0.14941468826334314,49.72969065733483,-0.09671511186345463,-32.18969065733483,ac_power_norm
1430,2010-08-12 07:00:00,80.64833300000001,283.5286995,19.37426625,0.9659258262890684,-0.2588190451025206,-0.655156357209085,-0.7554933140726804,332.82999975,332.82999975,0.24231088862355474,regresion_individual_normalizada,0.29957153102980943,99.7063925977586,-0.0572606424062547,-19.058059597758586,ac_power_norm
1430,2010-08-12 08:00:00,223.57999975,729.7782997500001,22.10736625,0.8660254037844387,-0.4999999999999998,-0.655156357209085,-0.7554933140726804,332.82999975,332.82999975,0.6717543488205348,regresion_individual_normalizada,0.6714046537058793,223.46361072507665,0.000349695114655435,0.11638902492336456,ac_power_norm
1430,2010-08-12 09:00:00,74.36833275,247.837066,23.796433,0.7071067811865476,-0.7071067811865475,-0.655156357209085,-0.7554933140726804,332.82999975,332.82999975,0.22344239643620042,regresion_individual_normalizada,0.2896170353098538,96.39323778977437,-0.06617463887365335,-22.02490503977438,ac_power_norm
1430,2010-08-12 10:00:00,155.30499974999998,524.210583,25.039333,0.4999999999999999,-0.8660254037844387,-0.655156357209085,-0.7554933140726804,332.82999975,332.82999975,0.46661959518869955,regresion_individual_normalizada,0.5267644029123775,175.3229960896355,-0.06014480772367792,-20.017996339635516,ac_power_norm
1430,2010-08-12 11:00:00,168.91333325,561.2017165,26.77206625,0.258819045102521,-0.9659258262890682,-0.655156357209085,-0.7554933140726804,332.82999975,332.82999975,0.5075063346960207,regresion_individual_normalizada,0.5687985071283501,189.31320698532915,-0.06129217243232943,-20.39987373532915,ac_power_norm
1430,2010-08-12 12:00:00,150.05999975,497.57896625,23.58694975,1.2246467991473532e-16,-1.0,-0.655156357209085,-0.7554933140726804,332.82999975,332.82999975,0.4508607993952324,regresion_individual_normalizada,0.5163675227188416,171.86260245742017,-0.06550672332360918,-21.802602707420164,ac_power_norm
1430,2010-08-12 13:00:00,193.463333,657.45168325,26.417983,-0.2588190451025208,-0.9659258262890684,-0.655156357209085,-0.7554933140726804,332.82999975,332.82999975,0.5812677136836131,regresion_individual_normalizada,0.6631114777100655,220.70339296046325,-0.08184376402645244,-27.240059960463242,ac_power_norm
1430,2010-08-12 14:00:00,135.54333325000002,425.48369975,27.77623325,-0.4999999999999997,-0.8660254037844388,-0.655156357209085,-0.7554933140726804,332.82999975,332.82999975,0.40724493991470495,regresion_individual_normalizada,0.4715317080158344,156.93989826102722,-0.06428676810112943,-21.396565011027207,ac_power_norm
1430,2010-08-12 15:00:00,233.18499975,778.975183,28.422383,-0.7071067811865471,-0.7071067811865479,-0.655156357209085,-0.7554933140726804,332.82999975,332.82999975,0.7006129252926516,regresion_individual_normalizada,0.7842916878796602,261.03580228091437,-0.08367876258700857,-27.850802530914365,ac_power_norm
1430,2010-08-12 16:00:00,203.52499975,688.5312329999999,27.72874975,-0.8660254037844385,-0.5000000000000004,-0.655156357209085,-0.7554933140726804,332.82999975,332.82999975,0.6114983622355995,regresion_individual_normalizada,0.7060849085248417,235.00623992780186,-0.09458654628924223,-31.48124017780185,ac_power_norm
1430,2010-08-12 17:00:00,118.668333,366.28594975,25.35531625,-0.9659258262890684,-0.2588190451025206,-0.655156357209085,-0.7554933140726804,332.82999975,332.82999975,0.35654337977086153,regresion_individual_normalizada,0.4093009395457526,136.2276316066876,-0.05275755977489105,-17.55929860668759,ac_power_norm
1430,2010-08-12 18:00:00,112.62666625,316.8449665,25.176733,-1.0,-1.8369701987210287e-16,-0.655156357209085,-0.7554933140726804,332.82999975,332.82999975,0.3383909693675382,regresion_individual_normalizada,0.3560026157134028,118.48835049889121,-0.017611646345864596,-5.861684248891208,ac_power_norm
1430,2010-08-13 06:00:00,11.98,89.403783,13.838683,1.0,6.123233995736766e-17,-0.6680638642135333,-0.7441039398713608,332.82999975,332.82999975,0.03599435149775738,regresion_individual_normalizada,0.12892077240612854,42.90870064770157,-0.09292642090837117,-30.92870064770157,ac_power_norm
1430,2010-08-13 07:00:00,135.2899995,479.2683665,16.173299749999998,0.9659258262890684,-0.2588190451025206,-0.6680638642135333,-0.7441039398713608,332.82999975,332.82999975,0.40648378932674617,regresion_individual_normalizada,0.4508051520594753,150.04147864725388,-0.04432136273272913,-14.751479147253889,ac_power_norm
1430,2010-08-13 08:00:00,265.3949995,891.3014665000001,20.0553495,0.8660254037844387,-0.4999999999999998,-0.6680638642135333,-0.7441039398713608,332.82999975,332.82999975,0.7973890565734676,regresion_individual_normalizada,0.7908396605028902,263.215164007467,0.006549396070577362,2.179835492532959,ac_power_norm
1430,2010-08-13 09:00:00,301.82833275,1009.291383,21.15024975,0.7071067811865476,-0.7071067811865475,-0.6680638642135333,-0.7441039398713608,332.82999975,332.82999975,0.9068543489971265,regresion_individual_normalizada,0.8896511481944214,296.1025914311365,0.0172032008027051,5.725741318863527,ac_power_norm
1430,2010-08-13 10:00:00,300.813333,997.570033,22.1471165,0.4999999999999999,-0.8660254037844387,-0.6680638642135333,-0.7441039398713608,332.82999975,332.82999975,0.9038047448425658,regresion_individual_normalizada,0.8918603836549761,296.8378912689206,0.01194436118758968,3.9754417310793997,ac_power_norm
1430,2010-08-13 11:00:00,294.198333,971.066733,22.809483,0.258819045102521,-0.9659258262890682,-0.6680638642135333,-0.7441039398713608,332.82999975,332.82999975,0.8839297335606238,regresion_individual_normalizada,0.8834950290720778,294.0536503051859,0.0004347044885459894,0.1446826948140938,ac_power_norm
1430,2010-08-13 12:00:00,289.08999975,943.255033,24.10208325,1.2246467991473532e-16,-1.0,-0.6680638642135333,-0.7441039398713608,332.82999975,332.82999975,0.8685815580540979,regresion_individual_normalizada,0.8791640973940471,292.6121863158697,-0.010582539339949237,-3.5221865658696743,ac_power_norm
1430,2010-08-13 13:00:00,289.91999975,940.788333,25.60491625,-0.2588190451025208,-0.9659258262890684,-0.6680638642135333,-0.7441039398713608,332.82999975,332.82999975,0.8710753236420059,regresion_individual_normalizada,0.895839479502196,298.162253738756,-0.024764155860190096,-8.242253988756033,ac_power_norm
1430,2010-08-13 14:00:00,291.878333,925.215383,26.32151625,-0.4999999999999997,-0.8660254037844388,-0.6680638642135333,-0.7441039398713608,332.82999975,332.82999975,0.8769592080618929,regresion_individual_normalizada,0.8968319655723067,298.49258287722284,-0.01987275751041384,-6.614249877222846,ac_power_norm
1430,2010-08-13 15:00:00,294.1999995,949.214883,26.89214975,-0.7071067811865471,-0.7071067811865479,-0.6680638642135333,-0.7441039398713608,332.82999975,332.82999975,0.8839347406212892,regresion_individual_normalizada,0.9288083340764266,309.135277598455,-0.04487359345513742,-14.935278098455,ac_power_norm
1430,2010-08-13 16:00:00,286.97833275,932.7354665,27.1830995,-0.8660254037844385,-0.5000000000000004,-0.6680638642135333,-0.7441039398713608,332.82999975,332.82999975,0.8622369767315423,regresion_individual_normalizada,0.9232015119471382,307.26915899056564,-0.06096453521559586,-20.29082624056565,ac_power_norm
1430,2010-08-13 17:00:00,254.216666,790.1064662499999,26.95024975,-0.9659258262890684,-0.2588190451025206,-0.6680638642135333,-0.7441039398713608,332.82999975,332.82999975,0.7638033416186967,regresion_individual_normalizada,0.7995832363219293,266.12528834513193,-0.03577989470323262,-11.908622345131931,ac_power_norm
1430,2010-08-13 18:00:00,142.008333,392.801933,25.69441625,-1.0,-1.8369701987210287e-16,-0.6680638642135333,-0.7441039398713608,332.82999975,332.82999975,0.4266692699175775,regresion_individual_normalizada,0.4296744911110817,143.0085607690827,-0.003005221193504215,-1.0002277690826986,ac_power_norm
1430,2010-08-15 06:00:00,8.823333250000001,66.570233,12.57831625,1.0,6.123233995736766e-17,-0.6932812268869771,-0.7206671495538615,332.82999975,332.82999975,0.026510029915054256,regresion_individual_normalizada,0.11100675440328399,36.946378040293325,-0.08449672448822973,-28.123044790293324,ac_power_norm
1430,2010-08-15 07:00:00,123.73333325,441.86653275,14.7311665,0.9659258262890684,-0.2588190451025206,-0.6932812268869771,-0.7206671495538615,332.82999975,332.82999975,0.37176135968194074,regresion_individual_normalizada,0.4186701523981233,139.34598671799984,-0.046908792716182535,-15.612653467999834,ac_power_norm
1430,2010-08-15 08:00:00,257.12166625,849.0740165,15.81661625,0.8660254037844387,-0.4999999999999998,-0.6932812268869771,-0.7206671495538615,332.82999975,332.82999975,0.7725315219275091,regresion_individual_normalizada,0.7355500081655115,244.8131090338397,0.03698151376199754,12.308557216160267,ac_power_norm
1430,2010-08-15 09:00:00,295.178333,980.45979975,17.22861625,0.7071067811865476,-0.7071067811865475,-0.6932812268869771,-0.7206671495538615,332.82999975,332.82999975,0.8868741796764671,regresion_individual_normalizada,0.8437900838603858,280.8386534003047,0.0430840958160813,14.33967959969533,ac_power_norm
1430,2010-08-15 10:00:00,296.69999975,983.27511625,18.44919975,0.4999999999999999,-0.8660254037844387,-0.6932812268869771,-0.7206671495538615,332.82999975,332.82999975,0.8914460835046767,regresion_individual_normalizada,0.8588875513563661,285.86354350321744,0.032558532148310615,10.836456246782575,ac_power_norm
1430,2010-08-15 11:00:00,290.13666625,954.4117665,20.333533,0.258819045102521,-0.9659258262890682,-0.6932812268869771,-0.7206671495538615,332.82999975,332.82999975,0.8717263061260451,regresion_individual_normalizada,0.8582058445316874,285.63665102093006,0.013520461594357713,4.500015229069959,ac_power_norm
1430,2010-08-15 12:00:00,284.99666625,928.0891995,21.477333,1.2246467991473532e-16,-1.0,-0.6932812268869771,-0.7206671495538615,332.82999975,332.82999975,0.8562829867021323,regresion_individual_normalizada,0.8553764159159951,284.6949322954766,0.0009065707861372063,0.30173395452339946,ac_power_norm
1430,2010-08-15 13:00:00,286.438333,920.42794975,22.81734975,-0.2588190451025208,-0.9659258262890684,-0.6932812268869771,-0.7206671495538615,332.82999975,332.82999975,0.8606145275821099,regresion_individual_normalizada,0.8684690825653412,289.0525645331052,-0.007854554983231288,-2.614231533105226,ac_power_norm
1430,2010-08-15 14:00:00,294.29333325000005,942.52649975,23.869833,-0.4999999999999997,-0.8660254037844388,-0.6932812268869771,-0.7206671495538615,332.82999975,332.82999975,0.8842151653127838,regresion_individual_normalizada,0.903216388464519,300.61751034684175,-0.019001223151735247,-6.324177096841709,ac_power_norm
1430,2010-08-15 15:00:00,292.698333,956.4984995,24.737033,-0.7071067811865471,-0.7071067811865479,-0.6932812268869771,-0.7206671495538615,332.82999975,332.82999975,0.8794229282812719,regresion_individual_normalizada,0.9296211125435294,309.4057946554576,-0.05019818426225753,-16.70746165545762,ac_power_norm
1430,2010-08-15 16:00:00,284.72999975,917.057033,25.05724975,-0.8660254037844385,-0.5000000000000004,-0.6932812268869771,-0.7206671495538615,332.82999975,332.82999975,0.8554817773754482,regresion_individual_normalizada,0.9059331520466332,301.52173076919763,-0.05045137467118499,-16.79173101919764,ac_power_norm
1430,2010-08-15 17:00:00,248.68499975,764.7756494999999,25.32879975,-0.9659258262890684,-0.2588190451025206,-0.6932812268869771,-0.7206671495538615,332.82999975,332.82999975,0.7471832465126215,regresion_individual_normalizada,0.777646207588657,258.8239870773212,-0.030462961076035522,-10.138987327321189,ac_power_norm
1430,2010-08-15 18:00:00,132.72666625,371.24503325,24.56851625,-1.0,-1.8369701987210287e-16,-0.6932812268869771,-0.7206671495538615,332.82999975,332.82999975,0.398782160110854,regresion_individual_normalizada,0.4148298591937616,138.0678219317522,-0.016047699082907596,-5.341155681752213,ac_power_norm
1430,2010-08-16 06:00:00,0.91,22.04136625,13.4352665,1.0,6.123233995736766e-17,-0.7055836101071774,-0.70862667826446,332.82999975,332.82999975,0.002734128536140168,regresion_individual_normalizada,0.07807463073352337,25.98557932751993,-0.07534050219738321,-25.07557932751993,ac_power_norm
1430,2010-08-16 07:00:00,36.7299995,123.245283,13.8590495,0.9659258262890684,-0.2588190451025206,-0.7055836101071774,-0.70862667826446,332.82999975,332.82999975,0.11035663710479571,regresion_individual_normalizada,0.16633597057403976,55.36160104457366,-0.05597933346924405,-18.631601544573662,ac_power_norm
1430,2010-08-16 08:00:00,105.9299995,335.385683,15.25064975,0.8660254037844387,-0.4999999999999998,-0.7055836101071774,-0.70862667826446,332.82999975,332.82999975,0.3182705873255645,regresion_individual_normalizada,0.3422343730363333,113.90586629212423,-0.023963785710768792,-7.975866792124236,ac_power_norm
1430,2010-08-16 09:00:00,174.278333,591.1051495,17.52284975,0.7071067811865476,-0.7071067811865475,-0.7055836101071774,-0.70862667826446,332.82999975,332.82999975,0.5236256741607019,regresion_individual_normalizada,0.5539432073756392,184.36891757234818,-0.030317533214937242,-10.090584572348178,ac_power_norm
1430,2010-08-16 10:00:00,156.003333,503.42554975,17.764682999999998,0.4999999999999999,-0.8660254037844387,-0.7055836101071774,-0.70862667826446,332.82999975,332.82999975,0.46871776317393093,regresion_individual_normalizada,0.4929694676624821,164.07502779886156,-0.024251704488551185,-8.071694798861557,ac_power_norm
1430,2010-08-16 11:00:00,84.91666625,264.06474975000003,18.05611625,0.258819045102521,-0.9659258262890682,-0.7055836101071774,-0.70862667826446,332.82999975,332.82999975,0.25513525317364366,regresion_individual_normalizada,0.31364988579030373,104.39209140917433,-0.05851463261666007,-19.47542515917432,ac_power_norm
1430,2010-08-16 12:00:00,89.783333,264.371233,16.767366250000002,1.2246467991473532e-16,-1.0,-0.7055836101071774,-0.70862667826446,332.82999975,332.82999975,0.26975733277480796,regresion_individual_normalizada,0.3133830675997551,104.30328631088072,-0.04362573482494714,-14.519953310880723,ac_power_norm
1430,2010-08-16 13:00:00,125.68166625,371.2692665,18.172733,-0.2588190451025208,-0.9659258262890684,-0.7055836101071774,-0.70862667826446,332.82999975,332.82999975,0.3776151979821645,regresion_individual_normalizada,0.40823584500446375,135.8731361907767,-0.030620647022299274,-10.191469940776699,ac_power_norm
1430,2010-08-16 14:00:00,148.60166625,466.63414975,20.07069975,-0.4999999999999997,-0.8660254037844388,-0.7055836101071774,-0.70862667826446,332.82999975,332.82999975,0.44647918265066183,regresion_individual_normalizada,0.4974447868844506,165.5645482943905,-0.050965604233788764,-16.96288204439051,ac_power_norm
1430,2010-08-16 15:00:00,235.28499975,743.27218275,22.0961665,-0.7071067811865471,-0.7071067811865479,-0.7055836101071774,-0.70862667826446,332.82999975,332.82999975,0.7069224526837442,regresion_individual_normalizada,0.7404191733753,246.43371328939634,-0.03349672069155585,-11.14871353939634,ac_power_norm
1430,2010-08-16 16:00:00,186.6716665,617.09971625,23.30809975,-0.8660254037844385,-0.5000000000000004,-0.7055836101071774,-0.70862667826446,332.82999975,332.82999975,0.5608619013917479,regresion_individual_normalizada,0.6421193822801818,213.71659384378307,-0.08125748088843399,-27.044927343783087,ac_power_norm
1430,2010-08-16 17:00:00,22.9466665,76.9957995,20.357633,-0.9659258262890684,-0.2588190451025206,-0.7055836101071774,-0.70862667826446,332.82999975,332.82999975,0.06894410515048531,regresion_individual_normalizada,0.15401058543573862,51.25934311207424,-0.08506648028525331,-28.31267661207424,ac_power_norm
1430,2010-08-16 18:00:00,45.2,132.21484974999998,17.37196625,-1.0,-1.8369701987210287e-16,-0.7055836101071774,-0.70862667826446,332.82999975,332.82999975,0.13580506575113802,regresion_individual_normalizada,0.19265357905857058,64.12089066990066,-0.05684851330743257,-18.920890669900658,ac_power_norm
1430,2010-08-19 06:00:00,0.0,11.44911625,19.89691625,1.0,6.123233995736766e-17,-0.7412220108485957,-0.6712599575675315,332.82999975,332.82999975,0.0,regresion_individual_normalizada,0.07938458410636064,26.421571108273866,-0.07938458410636064,-26.421571108273866,ac_power_norm
1430,2010-08-19 07:00:00,11.56999975,71.2610665,20.669833,0.9659258262890684,-0.2588190451025206,-0.7412220108485957,-0.6712599575675315,332.82999975,332.82999975,0.03476249063693363,regresion_individual_normalizada,0.139966573432361,46.585074600501066,-0.10520408279542737,-35.015074850501065,ac_power_norm
1430,2010-08-19 08:00:00,50.293333,161.0145495,22.087483,0.8660254037844387,-0.4999999999999998,-0.7412220108485957,-0.6712599575675315,332.82999975,332.82999975,0.15110817245373626,regresion_individual_normalizada,0.22508541637913876,74.91517907719741,-0.0739772439254025,-24.62184607719741,ac_power_norm
1430,2010-08-19 09:00:00,55.75499975,178.59909975,22.07066625,0.7071067811865476,-0.7071067811865475,-0.7412220108485957,-0.6712599575675315,332.82999975,332.82999975,0.16751795148237686,regresion_individual_normalizada,0.24849167682300607,82.7054847348782,-0.08097372534062922,-26.950484984878194,ac_power_norm
1430,2010-08-19 10:00:00,106.97833275,337.8422995,22.542333,0.4999999999999999,-0.8660254037844387,-0.7412220108485957,-0.6712599575675315,332.82999975,332.82999975,0.32142034320931134,regresion_individual_normalizada,0.38674730727547557,128.72110618380972,-0.06532696406616423,-21.742773433809717,ac_power_norm
1430,2010-08-19 11:00:00,155.013333,486.6002995,23.197333,0.258819045102521,-0.9659258262890682,-0.7412220108485957,-0.6712599575675315,332.82999975,332.82999975,0.46574327168955865,regresion_individual_normalizada,0.5158140108561247,171.67837710429046,-0.050070739166566014,-16.665044104290473,ac_power_norm
1430,2010-08-19 12:00:00,97.3399995,314.95411625,23.27904975,1.2246467991473532e-16,-1.0,-0.7412220108485957,-0.6712599575675315,332.82999975,332.82999975,0.29246161575914253,regresion_individual_normalizada,0.3827382886367655,127.3867845112901,-0.09027667287762298,-30.046785011290098,ac_power_norm
1430,2010-08-19 13:00:00,129.37333275,412.9867665,23.3391995,-0.2588190451025208,-0.9659258262890684,-0.7412220108485957,-0.6712599575675315,332.82999975,332.82999975,0.3887069460300356,regresion_individual_normalizada,0.4680902260776565,155.79446982840386,-0.07938328004762091,-26.42113707840386,ac_power_norm
1430,2010-08-19 14:00:00,175.373333,578.75443275,23.681233,-0.4999999999999997,-0.8660254037844388,-0.7412220108485957,-0.6712599575675315,332.82999975,332.82999975,0.5269156420146288,regresion_individual_normalizada,0.6112566298596827,203.44454396338404,-0.08434098784505384,-28.071210963384033,ac_power_norm
1430,2010-08-19 15:00:00,167.5916665,549.92168275,24.12691625,-0.7071067811865471,-0.7071067811865479,-0.7412220108485957,-0.6712599575675315,332.82999975,332.82999975,0.5035353382383915,regresion_individual_normalizada,0.5919186939558656,197.00829876135109,-0.08838335571747413,-29.416632261351083,ac_power_norm
1430,2010-08-19 16:00:00,55.21999975,174.8186495,22.74018275,-0.8660254037844385,-0.5000000000000004,-0.7412220108485957,-0.6712599575675315,332.82999975,332.82999975,0.16591052426607467,regresion_individual_normalizada,0.25883162197632115,86.14692867767107,-0.09292109771024648,-30.92692892767107,ac_power_norm
1430,2010-08-19 17:00:00,90.96833275,307.22806625,20.8888495,-0.9659258262890684,-0.2588190451025206,-0.7412220108485957,-0.6712599575675315,332.82999975,332.82999975,0.27331770819436174,regresion_individual_normalizada,0.36797721553879903,122.47385655578418,-0.09465950734443729,-31.50552380578418,ac_power_norm
1430,2010-08-19 18:00:00,41.00166625,117.52824975,18.86879975,-1.0,-1.8369701987210287e-16,-0.7412220108485957,-0.6712599575675315,332.82999975,332.82999975,0.12319101727848376,regresion_individual_normalizada,0.1871178642516688,62.27843871210346,-0.06392684697318503,-21.27677246210346,ac_power_norm
1430,2010-08-20 06:00:00,0.0,22.4940165,16.72033275,1.0,6.123233995736766e-17,-0.7526668275320083,-0.6584015846980489,332.82999975,332.82999975,0.0,regresion_individual_normalizada,0.08976703600503567,29.877162571114265,-0.08976703600503567,-29.877162571114265,ac_power_norm
1430,2010-08-20 07:00:00,37.38999975,169.231383,17.61554975,0.9659258262890684,-0.2588190451025206,-0.7526668275320083,-0.6584015846980489,332.82999975,332.82999975,0.11233963217884478,regresion_individual_normalizada,0.21923320149506068,72.96738639879274,-0.1068935693162159,-35.57738664879274,ac_power_norm
1430,2010-08-20 08:00:00,226.9366665,753.8960995,19.86409975,0.8660254037844387,-0.4999999999999998,-0.7526668275320083,-0.6584015846980489,332.82999975,332.82999975,0.6818395777738181,regresion_individual_normalizada,0.6957484069589297,231.56594211420347,-0.013908829185111604,-4.629275614203465,ac_power_norm
1430,2010-08-20 09:00:00,292.2816665,972.9473495,22.52659975,0.7071067811865476,-0.7071067811865475,-0.7526668275320083,-0.6584015846980489,332.82999975,332.82999975,0.8781710384266525,regresion_individual_normalizada,0.8834573185998698,294.0410991287303,-0.005286280173217306,-1.7594326287303375,ac_power_norm
1430,2010-08-20 10:00:00,290.3066665,974.1580165,23.27288275,0.4999999999999999,-0.8660254037844387,-0.7526668275320083,-0.6584015846980489,332.82999975,332.82999975,0.8722370781421724,regresion_individual_normalizada,0.8946842163370201,297.77774749977937,-0.02244713819484767,-7.47108099977936,ac_power_norm
1430,2010-08-20 11:00:00,283.888333,946.65271625,24.10983275,0.258819045102521,-0.9659258262890682,-0.7526668275320083,-0.6584015846980489,332.82999975,332.82999975,0.8529529586072115,regresion_individual_normalizada,0.8868953461370688,295.18537783307676,-0.03394238752985723,-11.297044833076768,ac_power_norm
1430,2010-08-20 12:00:00,281.068333,921.975433,25.5156165,1.2246467991473532e-16,-1.0,-0.7526668275320083,-0.6584015846980489,332.82999975,332.82999975,0.8444801646820299,regresion_individual_normalizada,0.8857500706590633,294.8041957960185,-0.041269905977033394,-13.735862796018523,ac_power_norm
1430,2010-08-20 13:00:00,264.693333,842.8446665,25.606533,-0.2588190451025208,-0.9659258262890684,-0.7526668275320083,-0.6584015846980489,332.82999975,332.82999975,0.7952808737157714,regresion_individual_normalizada,0.8326226826968277,277.1218072738295,-0.037341808981056324,-12.428474273829522,ac_power_norm
1430,2010-08-20 14:00:00,256.028333,835.6094664999999,26.2163665,-0.4999999999999997,-0.8660254037844388,-0.7526668275320083,-0.6584015846980489,332.82999975,332.82999975,0.7692465618853818,regresion_individual_normalizada,0.838667672274007,279.13376115329083,-0.0694211103886252,-23.10542815329086,ac_power_norm
1430,2010-08-20 15:00:00,267.848333,888.17213325,26.55586625,-0.7071067811865471,-0.7071067811865479,-0.7526668275320083,-0.6584015846980489,332.82999975,332.82999975,0.8047601874866751,regresion_individual_normalizada,0.8924940761524365,297.04880314269195,-0.08773388866576137,-29.200470142691927,ac_power_norm
1430,2010-08-20 16:00:00,283.79833325,930.17321625,26.68064975,-0.8660254037844385,-0.5000000000000004,-0.7526668275320083,-0.6584015846980489,332.82999975,332.82999975,0.8526825510415846,regresion_individual_normalizada,0.9361600027531509,311.5821334822912,-0.08347745171156629,-27.78380023229124,ac_power_norm
1430,2010-08-20 17:00:00,206.728333,656.4623832499999,26.14573275,-0.9659258262890684,-0.2588190451025206,-0.7526668275320083,-0.6584015846980489,332.82999975,332.82999975,0.6211228950373485,regresion_individual_normalizada,0.6950660215709197,231.3388237856827,-0.07394312653357116,-24.610490785682714,ac_power_norm
1430,2010-08-20 18:00:00,83.27333300000001,234.52006625,25.06904975,-1.0,-1.8369701987210287e-16,-0.7526668275320083,-0.6584015846980489,332.82999975,332.82999975,0.25019779786242063,regresion_individual_normalizada,0.30004885917972096,99.86526172577432,-0.04985106131730033,-16.59192872577431,ac_power_norm
1430,2010-08-22 06:00:00,3.29333325,50.03731625,19.7137,1.0,6.123233995736766e-17,-0.7748840413670406,-0.6321034111873488,332.82999975,332.82999975,0.009894941118510156,regresion_individual_normalizada,0.11891669374952231,39.579043150924335,-0.10902175263101216,-36.28570990092433,ac_power_norm
1430,2010-08-22 07:00:00,115.753333,430.13758275,20.62406625,0.9659258262890684,-0.2588190451025206,-0.7748840413670406,-0.6321034111873488,332.82999975,332.82999975,0.3477851548446543,regresion_individual_normalizada,0.4427040818534426,147.3451994526053,-0.09491892700878835,-31.591866452605302,ac_power_norm
1430,2010-08-22 08:00:00,253.94333275,850.83769975,23.99008325,0.8660254037844387,-0.4999999999999998,-0.7748840413670406,-0.6321034111873488,332.82999975,332.82999975,0.7629821017959484,regresion_individual_normalizada,0.7970311672953831,265.27588321166456,-0.03404906549943476,-11.332550461664567,ac_power_norm
1430,2010-08-22 09:00:00,289.663333,993.385283,27.646433,0.7071067811865476,-0.7071067811865475,-0.7748840413670406,-0.6321034111873488,332.82999975,332.82999975,0.8703041589327165,regresion_individual_normalizada,0.9325047263251909,310.3655478296871,-0.06220056739247437,-20.70221482968708,ac_power_norm
1430,2010-08-22 10:00:00,292.613333,982.297283,29.36503325,0.4999999999999999,-0.8660254037844387,-0.7748840413670406,-0.6321034111873488,332.82999975,332.82999975,0.8791675426487753,regresion_individual_normalizada,0.939153593379833,312.5784902498214,-0.05998605073105767,-19.965157249821402,ac_power_norm
1430,2010-08-22 11:00:00,279.633333,938.78169975,29.7244165,0.258819045102521,-0.9659258262890682,-0.7748840413670406,-0.6321034111873488,332.82999975,332.82999975,0.8401686542981166,regresion_individual_normalizada,0.9152295878148617,304.61586348361305,-0.07506093351674514,-24.98253048361306,ac_power_norm
1430,2010-08-22 12:00:00,274.323333,913.60084975,30.008783,1.2246467991473532e-16,-1.0,-0.7748840413670406,-0.6321034111873488,332.82999975,332.82999975,0.8242145636092107,regresion_individual_normalizada,0.906374452664366,301.6686088536873,-0.08215988905515526,-27.345275853687326,ac_power_norm
1430,2010-08-22 13:00:00,277.11833275000004,911.2918,30.5492165,-0.2588190451025208,-0.9659258262890684,-0.7748840413670406,-0.6321034111873488,332.82999975,332.82999975,0.8326122433619357,regresion_individual_normalizada,0.9170212625229219,305.2121865762488,-0.0844090191609862,-28.09385382624879,ac_power_norm
1430,2010-08-22 14:00:00,244.558333,836.3952662500001,30.5481165,-0.4999999999999997,-0.8660254037844388,-0.7748840413670406,-0.6321034111873488,332.82999975,332.82999975,0.7347845241826041,regresion_individual_normalizada,0.8622468774442786,286.98162800421755,-0.12746235326167454,-42.42329500421755,ac_power_norm
1430,2010-08-22 15:00:00,85.32999975,261.04611624999995,29.56858275,-0.7071067811865471,-0.7071067811865479,-0.7748840413670406,-0.6321034111873488,332.82999975,332.82999975,0.2563771289069323,regresion_individual_normalizada,0.3541509689176761,117.8720668963324,-0.0977738400107438,-32.5420671463324,ac_power_norm
1430,2010-08-22 16:00:00,165.8116665,549.8339665,30.18518325,-0.8660254037844385,-0.5000000000000004,-0.7748840413670406,-0.6321034111873488,332.82999975,332.82999975,0.49818726264022717,regresion_individual_normalizada,0.6130276781652504,204.0340019704834,-0.11484041552502322,-38.22233547048339,ac_power_norm
1430,2010-08-22 17:00:00,121.74166625,378.345483,29.12314975,-0.9659258262890684,-0.2588190451025206,-0.7748840413670406,-0.6321034111873488,332.82999975,332.82999975,0.36577732278173336,regresion_individual_normalizada,0.44879860791736054,149.37364056093546,-0.08302128513562718,-27.631974310935462,ac_power_norm
1430,2010-08-22 18:00:00,42.538333,134.02048299999998,27.949033,-1.0,-1.8369701987210287e-16,-0.7748840413670406,-0.6321034111873488,332.82999975,332.82999975,0.12780798915948682,regresion_individual_normalizada,0.2072961391101451,68.99437392820556,-0.07948814995065828,-26.45604092820556,ac_power_norm
1430,2010-08-23 06:00:00,0.0,14.002483,22.83468275,1.0,6.123233995736766e-17,-0.7856498550787144,-0.6186714032625032,332.82999975,332.82999975,0.0,regresion_individual_normalizada,0.08938846979560162,29.751164379722972,-0.08938846979560162,-29.751164379722972,ac_power_norm
1430,2010-08-23 07:00:00,17.78833325,101.125133,20.669933,0.9659258262890684,-0.2588190451025206,-0.7856498550787144,-0.6186714032625032,332.82999975,332.82999975,0.05344570280131426,regresion_individual_normalizada,0.17413201512347146,57.956358550012006,-0.1206863123221572,-40.168025300012005,ac_power_norm
1430,2010-08-23 08:00:00,206.6749995,711.0798665,21.655683,0.8660254037844387,-0.4999999999999998,-0.7856498550787144,-0.6186714032625032,332.82999975,332.82999975,0.6209626525711044,regresion_individual_normalizada,0.6773752716456038,225.45081149246252,-0.05641261907449946,-18.775811992462508,ac_power_norm
1430,2010-08-23 09:00:00,267.0166665,965.6422995,24.305483,0.7071067811865476,-0.7071067811865475,-0.7856498550787144,-0.6186714032625032,332.82999975,332.82999975,0.8022614148381015,regresion_individual_normalizada,0.8950845531218381,297.91099159177026,-0.09282313828373656,-30.89432509177027,ac_power_norm
1430,2010-08-23 10:00:00,248.338333,838.18944975,25.89734975,0.4999999999999999,-0.8660254037844387,-0.7856498550787144,-0.6186714032625032,332.82999975,332.82999975,0.746141673486571,regresion_individual_normalizada,0.8100126186317214,269.5964996566927,-0.06387094514515035,-21.25816665669268,ac_power_norm
1430,2010-08-23 11:00:00,192.3949995,654.6974162500001,24.85663275,0.258819045102521,-0.9659258262890682,-0.7856498550787144,-0.6186714032625032,332.82999975,332.82999975,0.578057866311674,regresion_individual_normalizada,0.6670286199790212,222.00713542086046,-0.08897075366734719,-29.612135920860453,ac_power_norm
1430,2010-08-23 12:00:00,192.9849995,646.8722164999999,24.99068275,1.2246467991473532e-16,-1.0,-0.7856498550787144,-0.6186714032625032,332.82999975,332.82999975,0.5798305430548857,regresion_individual_normalizada,0.6694232589429951,222.80414310664128,-0.08959271588810946,-29.81914360664129,ac_power_norm
1430,2010-08-23 13:00:00,217.308333,725.9864665,25.51618275,-0.2588190451025208,-0.9659258262890684,-0.7856498550787144,-0.6186714032625032,332.82999975,332.82999975,0.6529108949410442,regresion_individual_normalizada,0.7441634057396056,247.6799061462721,-0.09125251079856145,-30.371573146272084,ac_power_norm
1430,2010-08-23 14:00:00,118.30333275,382.6153995,25.2682995,-0.4999999999999997,-0.8660254037844388,-0.7856498550787144,-0.6186714032625032,332.82999975,332.82999975,0.35544672306841835,regresion_individual_normalizada,0.46077621495149235,153.36014750711115,-0.105329491883074,-35.056814757111155,ac_power_norm
1430,2010-08-23 15:00:00,35.818333,116.3292165,19.08379975,-0.7071067811865471,-0.7071067811865479,-0.7856498550787144,-0.6186714032625032,332.82999975,332.82999975,0.1076175015079902,regresion_individual_normalizada,0.21529783379231826,71.65757796727283,-0.10768033228432806,-35.839244967272826,ac_power_norm
1430,2010-08-23 16:00:00,70.4949995,237.02616625,19.81579975,-0.8660254037844385,-0.5000000000000004,-0.7856498550787144,-0.6186714032625032,332.82999975,332.82999975,0.21180482394300756,regresion_individual_normalizada,0.3167693322905151,105.43033678705982,-0.10496450834750756,-34.93533728705981,ac_power_norm
1430,2010-08-23 17:00:00,83.30166650000001,261.52678275,19.7909995,-0.9659258262890684,-0.2588190451025206,-0.7856498550787144,-0.6186714032625032,332.82999975,332.82999975,0.25028292690734233,regresion_individual_normalizada,0.33332641586912626,110.9410309103897,-0.08304348896178393,-27.63936441038969,ac_power_norm
1430,2010-08-23 18:00:00,53.48666625,159.500033,19.596983,-1.0,-1.8369701987210287e-16,-0.7856498550787144,-0.6186714032625032,332.82999975,332.82999975,0.16070265988695628,regresion_individual_normalizada,0.23453922320947904,78.0616896021761,-0.07383656332252275,-24.575023352176103,ac_power_norm
1430,2010-08-24 06:00:00,0.0,3.99791625,9.75896625,1.0,6.123233995736766e-17,-0.7961828637826154,-0.6050560696488494,332.82999975,332.82999975,0.0,regresion_individual_normalizada,0.06407419009113582,21.32581267201419,-0.06407419009113582,-21.32581267201419,ac_power_norm
1430,2010-08-24 07:00:00,0.0,16.83301625,9.8404495,0.9659258262890684,-0.2588190451025206,-0.7961828637826154,-0.6050560696488494,332.82999975,332.82999975,0.0,regresion_individual_normalizada,0.0792816615806949,26.38731540408227,-0.0792816615806949,-26.38731540408227,ac_power_norm
1430,2010-08-24 08:00:00,6.4616665,40.0619995,10.04724975,0.8660254037844387,-0.4999999999999998,-0.7961828637826154,-0.6050560696488494,332.82999975,332.82999975,0.01941431513040765,regresion_individual_normalizada,0.10275722132291153,34.20068594721534,-0.08334290619250387,-27.73901944721534,ac_power_norm
1430,2010-08-24 09:00:00,37.14499975,117.215533,11.0407995,0.7071067811865476,-0.7071067811865475,-0.7961828637826154,-0.6050560696488494,332.82999975,332.82999975,0.11160352064988395,regresion_individual_normalizada,0.17065208721211195,56.7981341441442,-0.059048566562228,-19.653134394144203,ac_power_norm
1430,2010-08-24 10:00:00,180.84666650000003,605.22081625,14.85968275,0.4999999999999999,-0.8660254037844387,-0.7961828637826154,-0.6050560696488494,332.82999975,332.82999975,0.543360474223598,regresion_individual_normalizada,0.5638786611692157,187.6757346559804,-0.02051818694561769,-6.829068155980366,ac_power_norm
1430,2010-08-24 11:00:00,236.4966665,783.7257665,16.9071165,0.258819045102521,-0.9659258262890682,-0.7961828637826154,-0.6050560696488494,332.82999975,332.82999975,0.7105629500875544,regresion_individual_normalizada,0.7183738546763119,239.09636987232344,-0.007810904588757439,-2.5997033723234324,ac_power_norm
1430,2010-08-24 12:00:00,264.2166665,864.39508325,18.464533,1.2246467991473532e-16,-1.0,-0.7961828637826154,-0.6050560696488494,332.82999975,332.82999975,0.793848711649978,regresion_individual_normalizada,0.8000262335552049,266.2727311141723,-0.006177521905226913,-2.056064614172328,ac_power_norm
1430,2010-08-24 13:00:00,284.41999975,896.6255832499999,19.82024975,-0.2588190451025208,-0.9659258262890684,-0.7961828637826154,-0.6050560696488494,332.82999975,332.82999975,0.8545503709510488,regresion_individual_normalizada,0.8458399849734859,281.5209219872653,0.008710385977562907,2.8990777627346915,ac_power_norm
1430,2010-08-24 14:00:00,285.65666625,907.904283,21.777583,-0.4999999999999997,-0.8660254037844388,-0.7961828637826154,-0.6050560696488494,332.82999975,332.82999975,0.8582659810250473,regresion_individual_normalizada,0.8802841783438653,292.98498285811763,-0.022018197318818045,-7.328316608117632,ac_power_norm
1430,2010-08-24 15:00:00,285.62166625,923.78361625,22.656983,-0.7071067811865471,-0.7071067811865479,-0.7961828637826154,-0.6050560696488494,332.82999975,332.82999975,0.8581608222351956,regresion_individual_normalizada,0.9094100218297598,302.6789373382465,-0.0512491995945642,-17.057271088246523,ac_power_norm
1430,2010-08-24 16:00:00,276.45166625,870.3956329999999,23.1535495,-0.8660254037844385,-0.5000000000000004,-0.7961828637826154,-0.6050560696488494,332.82999975,332.82999975,0.830609219294091,regresion_individual_normalizada,0.8762460654934414,291.6409777591206,-0.04563684619935038,-15.189311509120557,ac_power_norm
1430,2010-08-24 17:00:00,233.573333,694.96529975,23.0250995,-0.9659258262890684,-0.2588190451025206,-0.7961828637826154,-0.6050560696488494,332.82999975,332.82999975,0.7017796868534835,regresion_individual_normalizada,0.7284393541247998,242.44647005124727,-0.0266596672713163,-8.873137051247284,ac_power_norm
1430,2010-08-24 18:00:00,106.33499975,290.72564950000003,22.2672665,-1.0,-1.8369701987210287e-16,-0.7961828637826154,-0.6050560696488494,332.82999975,332.82999975,0.3194874255021237,regresion_individual_normalizada,0.36056562900871936,120.00705821283066,-0.041078203506595634,-13.672058462830663,ac_power_norm
1430,2010-08-25 06:00:00,3.31333325,48.14406625,12.7337165,1.0,6.123233995736766e-17,-0.8064799463209447,-0.5912614448635782,332.82999975,332.82999975,0.009955031855568182,regresion_individual_normalizada,0.11078381820555291,36.87217818565822,-0.10082878634998474,-33.55884493565822,ac_power_norm
1430,2010-08-25 07:00:00,105.0766665,391.98303275,15.09106625,0.9659258262890684,-0.2588190451025206,-0.8064799463209447,-0.5912614448635782,332.82999975,332.82999975,0.3157067168792677,regresion_individual_normalizada,0.39613388811814654,131.84524188332924,-0.08042717123887883,-26.768575383329235,ac_power_norm
1430,2010-08-25 08:00:00,239.82499975,805.0829162499999,19.669433,0.8660254037844387,-0.4999999999999998,-0.8064799463209447,-0.5912614448635782,332.82999975,332.82999975,0.720563049995916,regresion_individual_normalizada,0.7433393339706196,247.4056303396065,-0.02277628397470355,-7.5806305896065,ac_power_norm
1430,2010-08-25 09:00:00,283.6449995,952.861816,21.1846995,0.7071067811865476,-0.7071067811865475,-0.8064799463209447,-0.5912614448635782,332.82999975,332.82999975,0.852221854138916,regresion_individual_normalizada,0.8689182118154835,289.2020482213178,-0.016696357676567408,-5.557048721317813,ac_power_norm
1430,2010-08-25 10:00:00,288.54333325,960.5788495,22.70399975,0.4999999999999999,-0.8660254037844387,-0.8064799463209447,-0.5912614448635782,332.82999975,332.82999975,0.8669390784086012,regresion_individual_normalizada,0.8909122990101557,296.5223402568221,-0.02397322060155449,-7.979007006822087,ac_power_norm
1430,2010-08-25 11:00:00,281.358333,922.3365495,23.7340165,0.258819045102521,-0.9659258262890682,-0.8064799463209447,-0.5912614448635782,332.82999975,332.82999975,0.8453514803693714,regresion_individual_normalizada,0.8766336184388102,291.7699670058308,-0.0312821380694388,-10.411634005830763,ac_power_norm
1430,2010-08-25 12:00:00,276.2466665,903.32924975,24.6269495,1.2246467991473532e-16,-1.0,-0.8064799463209447,-0.5912614448635782,332.82999975,332.82999975,0.8299932899903805,regresion_individual_normalizada,0.8773657722450114,292.0136497569657,-0.047372482254630977,-15.766983256965716,ac_power_norm
1430,2010-08-25 13:00:00,276.9999995,878.37726625,25.430533,-0.2588190451025208,-0.9659258262890684,-0.8064799463209447,-0.5912614448635782,332.82999975,332.82999975,0.8322567067513871,regresion_individual_normalizada,0.8725921831773475,290.42485610876855,-0.04033547642596047,-13.42485660876855,ac_power_norm
1430,2010-08-25 14:00:00,280.99499975,882.7349664999999,26.0688665,-0.4999999999999997,-0.8660254037844388,-0.8064799463209447,-0.5912614448635782,332.82999975,332.82999975,0.8442598322298619,regresion_individual_normalizada,0.8894829465170255,296.0466088668909,-0.045223114287163635,-15.051609116890916,ac_power_norm
1430,2010-08-25 15:00:00,280.303333,924.3278165,26.807416250000003,-0.7071067811865471,-0.7071067811865479,-0.8064799463209447,-0.5912614448635782,332.82999975,332.82999975,0.8421816939895606,regresion_individual_normalizada,0.9370351971624238,311.87342443731075,-0.09485350317286323,-31.570091437310737,ac_power_norm
1430,2010-08-25 16:00:00,272.865,883.747133,26.9813165,-0.8660254037844385,-0.5000000000000004,-0.8064799463209447,-0.5912614448635782,332.82999975,332.82999975,0.8198329483669088,regresion_individual_normalizada,0.9099121902918095,302.8460740673449,-0.09007924192490069,-29.981074067344878,ac_power_norm
1430,2010-08-25 17:00:00,230.58999975,703.2317995000001,26.623133,-0.9659258262890684,-0.2588190451025206,-0.8064799463209447,-0.5912614448635782,332.82999975,332.82999975,0.6928161521593728,regresion_individual_normalizada,0.7514821405936867,250.1158006659262,-0.05866598843431392,-19.525800915926197,ac_power_norm
1430,2010-08-25 18:00:00,103.548333,285.81108325,25.5296665,-1.0,-1.8369701987210287e-16,-0.8064799463209447,-0.5912614448635782,332.82999975,332.82999975,0.31111478255499414,regresion_individual_normalizada,0.3616400764904371,120.36466656790218,-0.05052529393544297,-16.816333567902177,ac_power_norm
1430,2010-08-26 06:00:00,1.995,52.49274975,18.32576625,1.0,6.123233995736766e-17,-0.8165380514459157,-0.5772916165517278,332.82999975,332.82999975,0.005994051021538061,regresion_individual_normalizada,0.1283345582590352,42.71359099327105,-0.12234050723749713,-40.71859099327105,ac_power_norm
1430,2010-08-26 07:00:00,108.59166625,411.7368495,20.25469975,0.9659258262890684,-0.2588190451025206,-0.8165380514459157,-0.5772916165517278,332.82999975,332.82999975,0.3262676631660815,regresion_individual_normalizada,0.4350053731428698,144.78283823439003,-0.10873770997678828,-36.191171984390024,ac_power_norm
1430,2010-08-26 08:00:00,249.1699995,834.885933,23.20664975,0.8660254037844387,-0.4999999999999998,-0.8165380514459157,-0.5772916165517278,332.82999975,332.82999975,0.7486404461351444,regresion_individual_normalizada,0.789415518311364,262.7411667622174,-0.04077507217621967,-13.571167262217415,ac_power_norm
1430,2010-08-26 09:00:00,286.7516665,982.5999495,26.74098325,0.7071067811865476,-0.7071067811865475,-0.8165380514459157,-0.5772916165517278,332.82999975,332.82999975,0.8615559496301084,regresion_individual_normalizada,0.9295741788899867,309.39017372756075,-0.06801822925987833,-22.63850722756075,ac_power_norm
1430,2010-08-26 10:00:00,286.303333,973.17636625,27.96643325,0.4999999999999999,-0.8660254037844387,-0.8165380514459157,-0.5772916165517278,332.82999975,332.82999975,0.8602089151069682,regresion_individual_normalizada,0.9359267422188353,311.50449737871327,-0.07571782711186714,-25.20116437871326,ac_power_norm
1430,2010-08-26 11:00:00,278.96166625,939.6642165,28.9000995,0.258819045102521,-0.9659258262890682,-0.8165380514459157,-0.5772916165517278,332.82999975,332.82999975,0.8381506067948732,regresion_individual_normalizada,0.9233929454101388,307.3328737900083,-0.08524233861526564,-28.3712075400083,ac_power_norm
1430,2010-08-26 12:00:00,273.22166625,909.19113275,29.2398995,1.2246467991473532e-16,-1.0,-0.8165380514459157,-0.5772916165517278,332.82999975,332.82999975,0.8209045652592198,regresion_individual_normalizada,0.9107656679158456,303.1301370247395,-0.08986110265662572,-29.9084707747395,ac_power_norm
1430,2010-08-26 13:00:00,273.37666625,900.38171625,29.47411625,-0.2588190451025208,-0.9659258262890684,-0.8165380514459157,-0.5772916165517278,332.82999975,332.82999975,0.8213702684714196,regresion_individual_normalizada,0.914905005540162,304.5078327652059,-0.09353473706874238,-31.131166515205848,ac_power_norm
1430,2010-08-26 14:00:00,281.33333275,923.88404975,30.1643995,-0.4999999999999997,-0.8660254037844388,-0.8165380514459157,-0.5772916165517278,332.82999975,332.82999975,0.8452763661969146,regresion_individual_normalizada,0.9473087399449163,315.2927676790393,-0.10203237374800167,-33.959434929039276,ac_power_norm
1430,2010-08-26 15:00:00,284.2016665,945.04799975,30.55509975,-0.7071067811865471,-0.7071067811865479,-0.8165380514459157,-0.5772916165517278,332.82999975,332.82999975,0.8538943806552101,regresion_individual_normalizada,0.9753345815448118,324.6206085317261,-0.12144020088960172,-40.41894203172609,ac_power_norm
1430,2010-08-26 16:00:00,277.40166625,894.5210997499998,30.0833665,-0.8660254037844385,-0.5000000000000004,-0.8165380514459157,-0.5772916165517278,332.82999975,332.82999975,0.8334635293043472,regresion_individual_normalizada,0.934921329632721,311.1698659079282,-0.10145780032837382,-33.76819965792822,ac_power_norm
1430,2010-08-26 17:00:00,232.99999975,716.518333,29.46914975,-0.9659258262890684,-0.2588190451025206,-0.8165380514459157,-0.5772916165517278,332.82999975,332.82999975,0.7000570859748648,regresion_individual_normalizada,0.7740197607864305,257.61699678904273,-0.07396267481156571,-24.61699703904273,ac_power_norm
1430,2010-08-26 18:00:00,90.90333275,256.2433665,28.03241625,-1.0,-1.8369701987210287e-16,-0.8165380514459157,-0.5772916165517278,332.82999975,332.82999975,0.2731224132989232,regresion_individual_normalizada,0.3363411255939754,111.94441674735755,-0.06321871229505222,-21.041083997357546,ac_power_norm
1430,2010-08-27 06:00:00,0.0,44.877316500000006,19.20434975,1.0,6.123233995736766e-17,-0.8263541987239094,-0.5631507242749187,332.82999975,332.82999975,0.0,regresion_individual_normalizada,0.12498735070296756,41.59953990322185,-0.12498735070296756,-41.59953990322185,ac_power_norm
1430,2010-08-27 07:00:00,100.45666625,384.21119975,21.37716625,0.9659258262890684,-0.2588190451025206,-0.8263541987239094,-0.5631507242749187,332.82999975,332.82999975,0.3018257558677296,regresion_individual_normalizada,0.41821050212768174,139.1930013186037,-0.11638474625995215,-38.73633506860371,ac_power_norm
1430,2010-08-27 08:00:00,236.268333,801.14244975,25.05294975,0.8660254037844387,-0.4999999999999998,-0.8263541987239094,-0.5631507242749187,332.82999975,332.82999975,0.7098769136720525,regresion_individual_normalizada,0.7741821198510559,257.6710347564814,-0.06430520617900337,-21.402701756481378,ac_power_norm
1430,2010-08-27 09:00:00,278.7249995,954.878533,27.6610995,0.7071067811865476,-0.7071067811865475,-0.8263541987239094,-0.5631507242749187,332.82999975,332.82999975,0.8374395328226418,regresion_individual_normalizada,0.914992977643398,304.53711252030394,-0.07755344482075621,-25.81211302030391,ac_power_norm
1430,2010-08-27 10:00:00,278.26999950000004,947.5835165,29.479533,0.4999999999999999,-0.8660254037844387,-0.8263541987239094,-0.5631507242749187,332.82999975,332.82999975,0.8360724685545718,regresion_individual_normalizada,0.925845505975099,308.14915952223083,-0.08977303742052711,-29.879160022230792,ac_power_norm
1430,2010-08-27 11:00:00,233.25833275,784.28781625,29.379133,0.258819045102521,-0.9659258262890682,-0.8263541987239094,-0.5631507242749187,332.82999975,332.82999975,0.7008332569936854,regresion_individual_normalizada,0.8020851559398601,266.95800225094234,-0.1012518989461747,-33.69966950094235,ac_power_norm
1430,2010-08-27 12:00:00,96.74999975,300.38203275,27.84966625,1.2246467991473532e-16,-1.0,-0.8263541987239094,-0.5631507242749187,332.82999975,332.82999975,0.29068893976706495,regresion_individual_normalizada,0.4021568949085482,133.84987923187288,-0.11146795514148328,-37.099879481872875,ac_power_norm
1430,2010-08-27 13:00:00,155.21999975,500.58621625,28.13341625,-0.2588190451025208,-0.9659258262890684,-0.8263541987239094,-0.5631507242749187,332.82999975,332.82999975,0.466364209556203,regresion_individual_normalizada,0.5771125736473428,192.08037774276698,-0.1107483640911398,-36.860377992766985,ac_power_norm
1430,2010-08-27 14:00:00,175.4716665,622.36789975,28.58981625,-0.4999999999999997,-0.8660254037844388,-0.8263541987239094,-0.5631507242749187,332.82999975,332.82999975,0.5272110886392536,regresion_individual_normalizada,0.6867987428811602,228.58722542143687,-0.15958765424190657,-53.11555892143687,ac_power_norm
1430,2010-08-27 15:00:00,188.39666625,637.23126625,29.13711625,-0.7071067811865471,-0.7071067811865479,-0.8263541987239094,-0.5631507242749187,332.82999975,332.82999975,0.5660447267118685,regresion_individual_normalizada,0.7045594080833786,234.49850761625106,-0.13851468137151013,-46.10184136625105,ac_power_norm
1430,2010-08-27 16:00:00,204.553333,675.15308275,29.25269975,-0.8660254037844385,-0.5000000000000004,-0.8263541987239094,-0.5631507242749187,332.82999975,332.82999975,0.6145880273822882,regresion_individual_normalizada,0.7396317266304868,246.171627389517,-0.12504369924819858,-41.61829438951699,ac_power_norm
1430,2010-08-27 17:00:00,67.33333275000001,217.91328325,28.15331625,-0.9659258262890684,-0.2588190451025206,-0.8263541987239094,-0.5631507242749187,332.82999975,332.82999975,0.20230547967603996,regresion_individual_normalizada,0.3138729211306326,104.46632426144022,-0.11156744145459263,-37.13299151144021,ac_power_norm
1430,2010-08-27 18:00:00,25.448333,81.8150495,26.86076625,-1.0,-1.8369701987210287e-16,-0.8263541987239094,-0.5631507242749187,332.82999975,332.82999975,0.07646045434340389,regresion_individual_normalizada,0.17367633474899233,57.80469445108803,-0.09721588040558844,-32.356361451088034,ac_power_norm
1430,2010-08-28 06:00:00,0.0,19.6087995,20.962233,1.0,6.123233995736766e-17,-0.8359254794186365,-0.5488429582847199,332.82999975,332.82999975,0.0,regresion_individual_normalizada,0.1069081453008234,35.58223797374602,-0.1069081453008234,-35.58223797374602,ac_power_norm
1430,2010-08-28 07:00:00,6.995,83.65636624999999,21.158083,0.9659258262890684,-0.2588190451025206,-0.8359254794186365,-0.5488429582847199,332.82999975,332.82999975,0.021016735286044478,regresion_individual_normalizada,0.1714845735621098,57.07521057580586,-0.15046783827606533,-50.080210575805864,ac_power_norm
1430,2010-08-28 08:00:00,217.413333,742.485083,23.57684975,0.8660254037844387,-0.4999999999999998,-0.8359254794186365,-0.5488429582847199,332.82999975,332.82999975,0.6532263713105987,regresion_individual_normalizada,0.7226450758603811,240.51796041794938,-0.06941870454978238,-23.104627417949388,ac_power_norm
1430,2010-08-28 09:00:00,277.8049995,955.335033,27.39181625,0.7071067811865476,-0.7071067811865475,-0.8359254794186365,-0.5488429582847199,332.82999975,332.82999975,0.8346753589179726,regresion_individual_normalizada,0.9166127020861459,305.07620540617876,-0.08193734316817325,-27.27120590617875,ac_power_norm
1430,2010-08-28 10:00:00,283.31999975,950.07829975,27.804383,0.4999999999999999,-0.8660254037844387,-0.8359254794186365,-0.5488429582847199,332.82999975,332.82999975,0.8512453804128575,regresion_individual_normalizada,0.9220106405613246,306.872801267523,-0.07076526014846718,-23.552801517522994,ac_power_norm
1430,2010-08-28 11:00:00,265.55499975,862.2143664999999,28.08836625,0.258819045102521,-0.9659258262890682,-0.8359254794186365,-0.5488429582847199,332.82999975,332.82999975,0.797869783221066,regresion_individual_normalizada,0.8623370027203441,287.0116243998279,-0.06446721949927803,-21.456624649827916,ac_power_norm
1430,2010-08-28 12:00:00,211.5299995,698.6834165,28.16883325,1.2246467991473532e-16,-1.0,-0.8359254794186365,-0.5488429582847199,332.82999975,332.82999975,0.63554967899194,regresion_individual_normalizada,0.7387905247529318,245.8916501688207,-0.1032408457609918,-34.36165066882069,ac_power_norm
1430,2010-08-28 13:00:00,259.72666625,910.420683,29.04471625,-0.2588190451025208,-0.9659258262890684,-0.8359254794186365,-0.5488429582847199,332.82999975,332.82999975,0.780358340429317,regresion_individual_normalizada,0.9268141000564141,308.4715366900728,-0.14645575962709712,-48.744870440072816,ac_power_norm
1430,2010-08-28 14:00:00,158.4849995,548.09946625,28.859633,-0.4999999999999997,-0.8660254037844388,-0.8359254794186365,-0.5488429582847199,332.82999975,332.82999975,0.47617402162979144,regresion_individual_normalizada,0.6266141652155315,208.5559924520318,-0.15044014358574004,-50.070992952031816,ac_power_norm
1430,2010-08-28 15:00:00,46.99333275,158.94699975,27.65816625,-0.7071067811865471,-0.7071067811865479,-0.8359254794186365,-0.5488429582847199,332.82999975,332.82999975,0.14119320008802783,regresion_individual_normalizada,0.2799621801837283,93.17981236055975,-0.1387689800957005,-46.18647961055975,ac_power_norm
1430,2010-08-28 16:00:00,39.708333,137.4727665,27.39789975,-0.8660254037844385,-0.5000000000000004,-0.8359254794186365,-0.5488429582847199,332.82999975,332.82999975,0.11930514986577619,regresion_individual_normalizada,0.25228183718107605,83.96696380590708,-0.13297668731529988,-44.25863080590708,ac_power_norm
1430,2010-08-28 17:00:00,79.06166625,247.49114975,27.194033,-0.9659258262890684,-0.2588190451025206,-0.8359254794186365,-0.5488429582847199,332.82999975,332.82999975,0.23754368989990662,regresion_individual_normalizada,0.34431217297877764,114.59742044644852,-0.10676848307887102,-35.53575419644852,ac_power_norm
1430,2010-08-28 18:00:00,12.93499975,45.9276665,25.41756625,-1.0,-1.8369701987210287e-16,-0.8359254794186365,-0.5488429582847199,332.82999975,332.82999975,0.03886368344114389,regresion_individual_normalizada,0.14360624783493492,47.796467430999826,-0.10474256439379104,-34.86146768099982,ac_power_norm
1430,2010-08-29 06:00:00,0.27333325,35.71193325,15.98369975,1.0,6.123233995736766e-17,-0.8452490573530634,-0.5343725582809785,332.82999975,332.82999975,0.0008212398227482799,regresion_individual_normalizada,0.11581364239880507,38.54625457064088,-0.11499240257605679,-38.27292132064088,ac_power_norm
1430,2010-08-29 07:00:00,105.45666625,406.2729165,18.57568275,0.9659258262890684,-0.2588190451025206,-0.8452490573530634,-0.5343725582809785,332.82999975,332.82999975,0.316848440132236,regresion_individual_normalizada,0.43020100200278927,143.18379938903811,-0.11335256187055326,-37.727133139038116,ac_power_norm
1430,2010-08-29 08:00:00,248.47666625,831.07251625,22.02574975,0.8660254037844387,-0.4999999999999998,-0.8452490573530634,-0.5343725582809785,332.82999975,332.82999975,0.7465573008341775,regresion_individual_normalizada,0.7861212072887849,261.644721225396,-0.03956390645460739,-13.16805497539599,ac_power_norm
1430,2010-08-29 09:00:00,290.37666625,1008.04006625,24.4091665,0.7071067811865476,-0.7071067811865475,-0.8452490573530634,-0.5343725582809785,332.82999975,332.82999975,0.8724473949707414,regresion_individual_normalizada,0.9424418231463474,313.67291176218833,-0.06999442817560597,-23.296245512188307,ac_power_norm
1430,2010-08-29 10:00:00,254.06166625,908.19923325,25.39926625,0.4999999999999999,-0.8660254037844387,-0.8452490573530634,-0.5343725582809785,332.82999975,332.82999975,0.7633376391576312,regresion_individual_normalizada,0.8773498690902004,292.00835670995394,-0.11401222993256921,-37.94669045995394,ac_power_norm
1430,2010-08-29 11:00:00,237.87499975,783.64181625,25.6609165,0.258819045102521,-0.9659258262890682,-0.8452490573530634,-0.5343725582809785,332.82999975,332.82999975,0.7147042031327586,regresion_individual_normalizada,0.7890075137165729,262.60537059303505,-0.07430331058381423,-24.730370843035047,ac_power_norm
1430,2010-08-29 12:00:00,272.778333,905.83043275,26.6505995,1.2246467991473532e-16,-1.0,-0.8452490573530634,-0.5343725582809785,332.82999975,332.82999975,0.8195725541714782,regresion_individual_normalizada,0.901909160297178,300.1824255962325,-0.08233660612569982,-27.404092596232545,ac_power_norm
1430,2010-08-29 13:00:00,294.608333,978.7521165,27.930533,-0.2588190451025208,-0.9659258262890684,-0.8452490573530634,-0.5343725582809785,332.82999975,332.82999975,0.8851615936703133,regresion_individual_normalizada,0.9794067189222162,325.97593801402957,-0.09424512525190287,-31.36760501402955,ac_power_norm
1430,2010-08-29 14:00:00,202.923333,713.64341625,27.73406625,-0.4999999999999997,-0.8660254037844388,-0.8452490573530634,-0.5343725582809785,332.82999975,332.82999975,0.6096906323120592,regresion_individual_normalizada,0.7669315659038833,255.2578328880566,-0.15724093359182412,-52.3344998880566,ac_power_norm
1430,2010-08-29 15:00:00,153.63166625,521.0672995,28.247583,-0.7071067811865471,-0.7071067811865479,-0.8452490573530634,-0.5343725582809785,332.82999975,332.82999975,0.4615920030207553,regresion_individual_normalizada,0.6058167643654735,201.63399353230636,-0.14422476134471818,-48.00232728230637,ac_power_norm
1430,2010-08-29 16:00:00,124.3649995,414.82801625,27.766133,-0.8660254037844385,-0.5000000000000004,-0.8452490573530634,-0.5343725582809785,332.82999975,332.82999975,0.37365922420879966,regresion_individual_normalizada,0.508007010616272,169.07997321641204,-0.1343477864074723,-44.71497371641205,ac_power_norm
1430,2010-08-29 17:00:00,97.47333275,314.0894165,27.070833,-0.9659258262890684,-0.2588190451025206,-0.8452490573530634,-0.5343725582809785,332.82999975,332.82999975,0.2928622204224846,regresion_individual_normalizada,0.40879426926999834,136.058996538935,-0.11593204884751374,-38.585663788934994,ac_power_norm
1430,2010-08-29 18:00:00,34.8749995,107.01494975,23.502633,-1.0,-1.8369701987210287e-16,-0.8452490573530634,-0.5343725582809785,332.82999975,332.82999975,0.10478322124266384,regresion_individual_normalizada,0.20398696809582564,67.89298254033692,-0.0992037468531618,-33.017983040336915,ac_power_norm
