system_id,timestamp,ac_power,poa_irradiance,ambient_temp,sin_hora,cos_hora,sin_dia_anual,cos_dia_anual,hour,day_of_year,sin_hour,cos_hour,sin_day_of_year,cos_day_of_year,capacity_used,capacity_source,target_original,target_normalized,target,predicted_target,predicted_ac_power,residual,experiment
34,2010-08-24 10:00:00,-2.6666666666666665,78.46249999999999,84.73750000000001,0.4999999999999999,-0.8660254037844387,-0.7961828637826154,-0.6050560696488494,10.0,236,0.49999999999999994,-0.8660254037844387,-0.7961828637826154,-0.6050560696488494,1141.75,max_ac,-2.6666666666666665,-0.002335595941902051,-0.002335595941902051,0.7854484467803873,896.7857641115072,-899.4524307781738,leave_one_system_out
34,2010-08-24 11:00:00,-2.0,361.1415,90.82925,0.258819045102521,-0.9659258262890682,-0.7961828637826154,-0.6050560696488494,11.0,236,0.258819045102521,-0.9659258262890682,-0.7961828637826154,-0.6050560696488494,1141.75,max_ac,-2.0,-0.0017516969564265383,-0.0017516969564265383,0.5006114264155315,571.5730961099331,-573.5730961099331,leave_one_system_out
34,2010-08-24 12:00:00,-2.333333333333333,1189.8763333333334,104.069,1.2246467991473532e-16,-1.0,-0.7961828637826154,-0.6050560696488494,12.0,236,1.2246467991473532e-16,-1.0,-0.7961828637826154,-0.6050560696488494,1141.75,max_ac,-2.333333333333333,-0.0020436464491642944,-0.0020436464491642944,-0.858020605358426,-979.6450261679828,977.3116928346494,leave_one_system_out
34,2010-08-27 13:00:00,954.0,1095.16625,95.41425,-0.2588190451025208,-0.9659258262890684,-0.8263541987239094,-0.5631507242749187,13.0,239,-0.2588190451025208,-0.9659258262890683,-0.8263541987239094,-0.5631507242749187,1141.75,max_ac,954.0,0.8355594482154587,0.8355594482154587,-0.5852698229561063,-668.2318203601344,1622.2318203601344,leave_one_system_out
34,2010-08-27 14:00:00,855.0,953.247,103.93925,-0.4999999999999997,-0.8660254037844388,-0.8263541987239094,-0.5631507242749187,14.0,239,-0.4999999999999997,-0.8660254037844388,-0.8263541987239094,-0.5631507242749187,1141.75,max_ac,855.0,0.7488504488723451,0.7488504488723451,-0.868767277076136,-991.9150386016782,1846.9150386016781,leave_one_system_out
34,2010-08-27 15:00:00,648.25,722.4364999999999,103.75725,-0.7071067811865471,-0.7071067811865479,-0.8263541987239094,-0.5631507242749187,15.0,239,-0.7071067811865471,-0.7071067811865479,-0.8263541987239094,-0.5631507242749187,1141.75,max_ac,648.25,0.5677687760017517,0.5677687760017517,-0.8773447840546987,-1001.7084071944523,1649.9584071944523,leave_one_system_out
34,2010-08-27 16:00:00,376.5,445.923,104.4585,-0.8660254037844385,-0.5000000000000004,-0.8263541987239094,-0.5631507242749187,16.0,239,-0.8660254037844385,-0.5000000000000004,-0.8263541987239094,-0.5631507242749187,1141.75,max_ac,376.5,0.3297569520472958,0.3297569520472958,-0.9483786076928135,-1082.8112753332698,1459.3112753332698,leave_one_system_out
34,2010-08-27 17:00:00,93.0,166.84575,102.27925,-0.9659258262890684,-0.2588190451025206,-0.8263541987239094,-0.5631507242749187,17.0,239,-0.9659258262890683,-0.25881904510252063,-0.8263541987239094,-0.5631507242749187,1141.75,max_ac,93.0,0.08145390847383403,0.08145390847383403,-1.0103461161157106,-1153.5626780751124,1246.5626780751124,leave_one_system_out
34,2010-08-27 18:00:00,-1.0,7.470749999999999,96.4015,-1.0,-1.8369701987210287e-16,-0.8263541987239094,-0.5631507242749187,18.0,239,-1.0,-1.8369701987210297e-16,-0.8263541987239094,-0.5631507242749187,1141.75,max_ac,-1.0,-0.0008758484782132691,-0.0008758484782132691,-1.1192218396799962,-1277.8715354546357,1276.8715354546357,leave_one_system_out
34,2010-08-28 06:00:00,195.75,199.24325,82.68725,1.0,6.123233995736766e-17,-0.8359254794186365,-0.5488429582847199,6.0,240,1.0,6.123233995736766e-17,-0.8359254794186365,-0.5488429582847199,1141.75,max_ac,195.75,0.17144733961024744,0.17144733961024744,-0.4041712507478097,-461.4625255413117,657.2125255413117,leave_one_system_out
34,2010-08-28 07:00:00,512.0,496.045,82.97075,0.9659258262890684,-0.2588190451025206,-0.8359254794186365,-0.5488429582847199,7.0,240,0.9659258262890683,-0.25881904510252063,-0.8359254794186365,-0.5488429582847199,1141.75,max_ac,512.0,0.4484344208451938,0.4484344208451938,-0.3401539494075656,-388.37077173608805,900.370771736088,leave_one_system_out
34,2010-08-28 08:00:00,780.75,786.255,85.17824999999999,0.8660254037844387,-0.4999999999999998,-0.8359254794186365,-0.5488429582847199,8.0,240,0.8660254037844387,-0.4999999999999998,-0.8359254794186365,-0.5488429582847199,1141.75,max_ac,780.75,0.6838186993650098,0.6838186993650098,-0.37801294229866444,-431.5962768695001,1212.3462768695001,leave_one_system_out
34,2010-08-28 09:00:00,968.25,1017.11425,88.65349999999998,0.7071067811865476,-0.7071067811865475,-0.8359254794186365,-0.5488429582847199,9.0,240,0.7071067811865476,-0.7071067811865475,-0.8359254794186365,-0.5488429582847199,1141.75,max_ac,968.25,0.8480402890299978,0.8480402890299978,-0.4720771190762181,-538.994050705272,1507.244050705272,leave_one_system_out
34,2010-08-28 10:00:00,1071.75,1160.44925,91.306,0.4999999999999999,-0.8660254037844387,-0.8359254794186365,-0.5488429582847199,10.0,240,0.49999999999999994,-0.8660254037844387,-0.8359254794186365,-0.5488429582847199,1141.75,max_ac,1071.75,0.9386906065250712,0.9386906065250712,-0.5372399976976647,-613.3937673713087,1685.1437673713087,leave_one_system_out
34,2010-08-28 11:00:00,1134.5,1249.7805,93.50825,0.258819045102521,-0.9659258262890682,-0.8359254794186365,-0.5488429582847199,11.0,240,0.258819045102521,-0.9659258262890682,-0.8359254794186365,-0.5488429582847199,1141.75,max_ac,1134.5,0.9936500985329538,0.9936500985329538,-0.617498821359136,-705.0292792867936,1839.5292792867936,leave_one_system_out
34,2010-08-28 12:00:00,1141.75,1257.373,94.4475,1.2246467991473532e-16,-1.0,-0.8359254794186365,-0.5488429582847199,12.0,240,1.2246467991473532e-16,-1.0,-0.8359254794186365,-0.5488429582847199,1141.75,max_ac,1141.75,1.0,1.0,-0.6530719626994564,-745.6449134121044,1887.3949134121044,leave_one_system_out
34,2010-08-28 13:00:00,1066.75,1157.17775,94.79175,-0.2588190451025208,-0.9659258262890684,-0.8359254794186365,-0.5488429582847199,13.0,240,-0.2588190451025208,-0.9659258262890683,-0.8359254794186365,-0.5488429582847199,1141.75,max_ac,1066.75,0.9343113641340048,0.9343113641340048,-0.6383614348053385,-728.8491681889952,1795.5991681889952,leave_one_system_out
34,2010-08-28 14:00:00,913.0,985.4005,95.16625,-0.4999999999999997,-0.8660254037844388,-0.8359254794186365,-0.5488429582847199,14.0,240,-0.4999999999999997,-0.8660254037844388,-0.8359254794186365,-0.5488429582847199,1141.75,max_ac,913.0,0.7996496606087147,0.7996496606087147,-0.6431090334227189,-734.2697389103893,1647.2697389103892,leave_one_system_out
34,2010-08-28 15:00:00,694.25,752.05075,95.374,-0.7071067811865471,-0.7071067811865479,-0.8359254794186365,-0.5488429582847199,15.0,240,-0.7071067811865471,-0.7071067811865479,-0.8359254794186365,-0.5488429582847199,1141.75,max_ac,694.25,0.608057805999562,0.608057805999562,-0.6744494785588787,-770.0526921445997,1464.3026921445999,leave_one_system_out
34,2010-08-28 16:00:00,403.5,470.654,96.1055,-0.8660254037844385,-0.5000000000000004,-0.8359254794186365,-0.5488429582847199,16.0,240,-0.8660254037844385,-0.5000000000000004,-0.8359254794186365,-0.5488429582847199,1141.75,max_ac,403.5,0.3534048609590541,0.3534048609590541,-0.7589645323892357,-866.5477548554098,1270.04775485541,leave_one_system_out
34,2010-08-28 17:00:00,99.75,181.90925,93.88275,-0.9659258262890684,-0.2588190451025206,-0.8359254794186365,-0.5488429582847199,17.0,240,-0.9659258262890683,-0.25881904510252063,-0.8359254794186365,-0.5488429582847199,1141.75,max_ac,99.75,0.08736588570177359,0.08736588570177359,-0.8319703253956593,-949.902119020494,1049.652119020494,leave_one_system_out
34,2010-08-28 18:00:00,-1.25,9.10625,85.80075000000001,-1.0,-1.8369701987210287e-16,-0.8359254794186365,-0.5488429582847199,18.0,240,-1.0,-1.8369701987210297e-16,-0.8359254794186365,-0.5488429582847199,1141.75,max_ac,-1.25,-0.0010948105977665863,-0.0010948105977665863,-0.8883843784204871,-1014.3128640615912,1013.0628640615912,leave_one_system_out
34,2010-08-29 06:00:00,183.25,200.9035,74.35924999999999,1.0,6.123233995736766e-17,-0.8452490573530634,-0.5343725582809785,6.0,241,1.0,6.123233995736766e-17,-0.8452490573530634,-0.5343725582809785,1141.75,max_ac,183.25,0.16049923363258156,0.16049923363258156,-0.28210006766969686,-322.0877522618764,505.3377522618764,leave_one_system_out
34,2010-08-29 07:00:00,523.0,492.7735,73.31899999999999,0.9659258262890684,-0.2588190451025206,-0.8452490573530634,-0.5343725582809785,7.0,241,0.9659258262890683,-0.25881904510252063,-0.8452490573530634,-0.5343725582809785,1141.75,max_ac,523.0,0.45806875410553977,0.45806875410553977,-0.16777651417752915,-191.5588350621939,714.5588350621939,leave_one_system_out
34,2010-08-29 08:00:00,795.75,772.65625,76.09349999999999,0.8660254037844387,-0.4999999999999998,-0.8452490573530634,-0.5343725582809785,8.0,241,0.8660254037844387,-0.4999999999999998,-0.8452490573530634,-0.5343725582809785,1141.75,max_ac,795.75,0.6969564265382089,0.6969564265382089,-0.17136363488604145,-195.65443013113781,991.4044301311378,leave_one_system_out
34,2010-08-29 09:00:00,976.25,999.707,79.4725,0.7071067811865476,-0.7071067811865475,-0.8452490573530634,-0.5343725582809785,9.0,241,0.7071067811865476,-0.7071067811865475,-0.8452490573530634,-0.5343725582809785,1141.75,max_ac,976.25,0.8550470768557039,0.8550470768557039,-0.22619604252712822,-258.25933155534864,1234.5093315553486,leave_one_system_out
34,2010-08-29 10:00:00,1069.5,1148.5595,82.3175,0.4999999999999999,-0.8660254037844387,-0.8452490573530634,-0.5343725582809785,10.0,241,0.49999999999999994,-0.8660254037844387,-0.8452490573530634,-0.5343725582809785,1141.75,max_ac,1069.5,0.9367199474490913,0.9367199474490913,-0.28049390153921827,-320.25391208240245,1389.7539120824024,leave_one_system_out
34,2010-08-29 11:00:00,1138.75,1228.46675,84.59049999999999,0.258819045102521,-0.9659258262890682,-0.8452490573530634,-0.5343725582809785,11.0,241,0.258819045102521,-0.9659258262890682,-0.8452490573530634,-0.5343725582809785,1141.75,max_ac,1138.75,0.9973724545653602,0.9973724545653602,-0.3353388414145426,-382.87312218505406,1521.623122185054,leave_one_system_out
34,2010-08-29 12:00:00,1128.5,1222.6236666666666,85.76266666666668,1.2246467991473532e-16,-1.0,-0.8452490573530634,-0.5343725582809785,12.0,241,1.2246467991473532e-16,-1.0,-0.8452490573530634,-0.5343725582809785,1141.75,max_ac,1128.5,0.9883950076636742,0.9883950076636742,-0.35755478547301145,-408.2381763138108,1536.7381763138108,leave_one_system_out
34,2010-08-29 13:00:00,1055.5,1140.23425,87.12199999999999,-0.2588190451025208,-0.9659258262890684,-0.8452490573530634,-0.5343725582809785,13.0,241,-0.2588190451025208,-0.9659258262890683,-0.8452490573530634,-0.5343725582809785,1141.75,max_ac,1055.5,0.9244580687541055,0.9244580687541055,-0.396030654657493,-452.1679999551926,1507.6679999551925,leave_one_system_out
34,2010-08-29 14:00:00,911.5,970.41,87.5675,-0.4999999999999997,-0.8660254037844388,-0.8452490573530634,-0.5343725582809785,14.0,241,-0.4999999999999997,-0.8660254037844388,-0.8452490573530634,-0.5343725582809785,1141.75,max_ac,911.5,0.7983358878913948,0.7983358878913948,-0.4161322909734665,-475.11904321895537,1386.6190432189553,leave_one_system_out
34,2010-08-29 15:00:00,692.0,730.88375,86.07899999999998,-0.7071067811865471,-0.7071067811865479,-0.8452490573530634,-0.5343725582809785,15.0,241,-0.7071067811865471,-0.7071067811865479,-0.8452490573530634,-0.5343725582809785,1141.75,max_ac,692.0,0.6060871469235822,0.6060871469235822,-0.4172211437941803,-476.36224092700536,1168.3622409270054,leave_one_system_out
34,2010-08-29 16:00:00,396.5,446.631,87.02575,-0.8660254037844385,-0.5000000000000004,-0.8452490573530634,-0.5343725582809785,16.0,241,-0.8660254037844385,-0.5000000000000004,-0.8452490573530634,-0.5343725582809785,1141.75,max_ac,396.5,0.3472739216115612,0.3472739216115612,-0.5290907932768776,-604.089413223875,1000.589413223875,leave_one_system_out
34,2010-08-29 17:00:00,94.25,170.06825,86.084,-0.9659258262890684,-0.2588190451025206,-0.8452490573530634,-0.5343725582809785,17.0,241,-0.9659258262890683,-0.25881904510252063,-0.8452490573530634,-0.5343725582809785,1141.75,max_ac,94.25,0.08254871907160061,0.08254871907160061,-0.6631572104421556,-757.1597450223311,851.4097450223311,leave_one_system_out
34,2010-08-29 18:00:00,-1.5,7.64175,79.56349999999999,-1.0,-1.8369701987210287e-16,-0.8452490573530634,-0.5343725582809785,18.0,241,-1.0,-1.8369701987210297e-16,-0.8452490573530634,-0.5343725582809785,1141.75,max_ac,-1.5,-0.0013137727173199037,-0.0013137727173199037,-0.764957145316335,-873.3898206649254,871.8898206649254,leave_one_system_out
34,2010-08-30 06:00:00,196.5,191.431,68.48425,1.0,6.123233995736766e-17,-0.8543221697498269,-0.5197438121555157,6.0,242,1.0,6.123233995736766e-17,-0.8543221697498269,-0.5197438121555157,1141.75,max_ac,196.5,0.17210422596890737,0.17210422596890737,-0.20019434077820564,-228.57188858351628,425.0718885835163,leave_one_system_out
34,2010-08-30 07:00:00,515.0,485.376,68.32475,0.9659258262890684,-0.2588190451025206,-0.8543221697498269,-0.5197438121555157,7.0,242,0.9659258262890683,-0.25881904510252063,-0.8543221697498269,-0.5197438121555157,1141.75,max_ac,515.0,0.4510619662798336,0.4510619662798336,-0.08551660249806553,-97.63858090216632,612.6385809021663,leave_one_system_out
34,2010-08-30 08:00:00,765.0,762.2315,72.405,0.8660254037844387,-0.4999999999999998,-0.8543221697498269,-0.5197438121555157,8.0,242,0.8660254037844387,-0.4999999999999998,-0.8543221697498269,-0.5197438121555157,1141.75,max_ac,765.0,0.6700240858331509,0.6700240858331509,-0.09273713115270238,-105.88261949359794,870.882619493598,leave_one_system_out
34,2010-08-30 09:00:00,943.0,990.82025,76.56674999999998,0.7071067811865476,-0.7071067811865475,-0.8543221697498269,-0.5197438121555157,9.0,242,0.7071067811865476,-0.7071067811865475,-0.8543221697498269,-0.5197438121555157,1141.75,max_ac,943.0,0.8259251149551128,0.8259251149551128,-0.15328641514273145,-175.01476448921363,1118.0147644892136,leave_one_system_out
34,2010-08-30 10:00:00,1035.75,1145.89825,79.69024999999999,0.4999999999999999,-0.8660254037844387,-0.8543221697498269,-0.5197438121555157,10.0,242,0.49999999999999994,-0.8660254037844387,-0.8543221697498269,-0.5197438121555157,1141.75,max_ac,1035.75,0.9071600613093935,0.9071600613093935,-0.21294150111005905,-243.12595889240993,1278.87595889241,leave_one_system_out
34,2010-08-30 11:00:00,1072.5,1218.13975,82.67699999999999,0.258819045102521,-0.9659258262890682,-0.8543221697498269,-0.5197438121555157,11.0,242,0.258819045102521,-0.9659258262890682,-0.8543221697498269,-0.5197438121555157,1141.75,max_ac,1072.5,0.9393474928837311,0.9393474928837311,-0.2755947480796054,-314.6603036198894,1387.1603036198894,leave_one_system_out
34,2010-08-30 12:00:00,1059.0,1218.43225,85.94225,1.2246467991473532e-16,-1.0,-0.8543221697498269,-0.5197438121555157,12.0,242,1.2246467991473532e-16,-1.0,-0.8543221697498269,-0.5197438121555157,1141.75,max_ac,1059.0,0.927523538427852,0.927523538427852,-0.36204095492639266,-413.3602602872088,1472.3602602872088,leave_one_system_out
34,2010-08-30 13:00:00,974.75,1132.76375,87.79775,-0.2588190451025208,-0.9659258262890684,-0.8543221697498269,-0.5197438121555157,13.0,242,-0.2588190451025208,-0.9659258262890683,-0.8543221697498269,-0.5197438121555157,1141.75,max_ac,974.75,0.8537333041383841,0.8537333041383841,-0.4120247437000645,-470.4292511195486,1445.1792511195486,leave_one_system_out
34,2010-08-30 14:00:00,851.5,959.619,89.20775,-0.4999999999999997,-0.8660254037844388,-0.8543221697498269,-0.5197438121555157,14.0,242,-0.4999999999999997,-0.8660254037844388,-0.8543221697498269,-0.5197438121555157,1141.75,max_ac,851.5,0.7457849791985987,0.7457849791985987,-0.45562296009432135,-520.2075146876914,1371.7075146876914,leave_one_system_out
34,2010-08-30 15:00:00,658.0,725.3172500000001,90.491,-0.7071067811865471,-0.7071067811865479,-0.8543221697498269,-0.5197438121555157,15.0,242,-0.7071067811865471,-0.7071067811865479,-0.8543221697498269,-0.5197438121555157,1141.75,max_ac,658.0,0.5763082986643311,0.5763082986643311,-0.5282555367753166,-603.1357591132177,1261.1357591132178,leave_one_system_out
34,2010-08-30 16:00:00,382.25,445.26375,92.66,-0.8660254037844385,-0.5000000000000004,-0.8543221697498269,-0.5197438121555157,16.0,242,-0.8660254037844385,-0.5000000000000004,-0.8543221697498269,-0.5197438121555157,1141.75,max_ac,382.25,0.33479308079702214,0.33479308079702214,-0.6615855122633433,-755.3652586266722,1137.6152586266721,leave_one_system_out
34,2010-08-30 17:00:00,89.5,166.40625,91.53375,-0.9659258262890684,-0.2588190451025206,-0.8543221697498269,-0.5197438121555157,17.0,242,-0.9659258262890683,-0.25881904510252063,-0.8543221697498269,-0.5197438121555157,1141.75,max_ac,89.5,0.07838843880008758,0.07838843880008758,-0.7772519434197774,-887.4274063995309,976.9274063995309,leave_one_system_out
34,2010-08-30 18:00:00,-1.75,6.8115000000000006,83.02625,-1.0,-1.8369701987210287e-16,-0.8543221697498269,-0.5197438121555157,18.0,242,-1.0,-1.8369701987210297e-16,-0.8543221697498269,-0.5197438121555157,1141.75,max_ac,-1.75,-0.001532734836873221,-0.001532734836873221,-0.8361117944345681,-954.630641295668,952.880641295668,leave_one_system_out
34,2010-08-31 06:00:00,182.75,189.6485,70.41325,1.0,6.123233995736766e-17,-0.8631421280499115,-0.5049610547215202,6.0,243,1.0,6.123233995736766e-17,-0.8631421280499115,-0.5049610547215202,1141.75,max_ac,182.75,0.16006130939347493,0.16006130939347493,-0.22619800993066386,-258.2615778383355,441.0115778383355,leave_one_system_out
34,2010-08-31 07:00:00,500.25,482.20225,72.92899999999999,0.9659258262890684,-0.2588190451025206,-0.8631421280499115,-0.5049610547215202,7.0,243,0.9659258262890683,-0.25881904510252063,-0.8631421280499115,-0.5049610547215202,1141.75,max_ac,500.25,0.4381432012261879,0.4381432012261879,-0.1589511550741225,-181.48248130587936,681.7324813058793,leave_one_system_out
34,2010-08-31 08:00:00,748.75,761.084,78.01474999999999,0.8660254037844387,-0.4999999999999998,-0.8631421280499115,-0.5049610547215202,8.0,243,0.8660254037844387,-0.4999999999999998,-0.8631421280499115,-0.5049610547215202,1141.75,max_ac,748.75,0.6557915480621852,0.6557915480621852,-0.20665689865578807,-235.95051404024602,984.700514040246,leave_one_system_out
34,2010-08-31 09:00:00,919.25,987.59775,81.166,0.7071067811865476,-0.7071067811865475,-0.8631421280499115,-0.5049610547215202,9.0,243,0.7071067811865476,-0.7071067811865475,-0.8631421280499115,-0.5049610547215202,1141.75,max_ac,919.25,0.8051237135975476,0.8051237135975476,-0.26142333019342323,-298.48008724834096,1217.730087248341,leave_one_system_out
34,2010-08-31 10:00:00,1005.5,1140.0145,84.36025000000001,0.4999999999999999,-0.8660254037844387,-0.8631421280499115,-0.5049610547215202,10.0,243,0.49999999999999994,-0.8660254037844387,-0.8631421280499115,-0.5049610547215202,1141.75,max_ac,1005.5,0.8806656448434421,0.8806656448434421,-0.3324254289568105,-379.5467335114384,1385.0467335114383,leave_one_system_out
34,2010-08-31 11:00:00,1031.25,1209.448,87.62825,0.258819045102521,-0.9659258262890682,-0.8631421280499115,-0.5049610547215202,11.0,243,0.258819045102521,-0.9659258262890682,-0.8631421280499115,-0.5049610547215202,1141.75,max_ac,1031.25,0.9032187431574338,0.9032187431574338,-0.40827629422863776,-466.14945893554716,1497.399458935547,leave_one_system_out
34,2010-08-31 12:00:00,1014.5,1205.4445,90.944,1.2246467991473532e-16,-1.0,-0.8631421280499115,-0.5049610547215202,12.0,243,1.2246467991473532e-16,-1.0,-0.8631421280499115,-0.5049610547215202,1141.75,max_ac,1014.5,0.8885482811473615,0.8885482811473615,-0.4980327293810882,-568.6288687708575,1583.1288687708575,leave_one_system_out
34,2010-08-31 13:00:00,949.0,1114.94125,93.40925,-0.2588190451025208,-0.9659258262890684,-0.8631421280499115,-0.5049610547215202,13.0,243,-0.2588190451025208,-0.9659258262890683,-0.8631421280499115,-0.5049610547215202,1141.75,max_ac,949.0,0.8311802058243923,0.8311802058243923,-0.5618029077037887,-641.4384698708008,1590.4384698708009,leave_one_system_out
34,2010-08-31 14:00:00,830.0,944.946,93.8675,-0.4999999999999997,-0.8660254037844388,-0.8631421280499115,-0.5049610547215202,14.0,243,-0.4999999999999997,-0.8660254037844388,-0.8631421280499115,-0.5049610547215202,1141.75,max_ac,830.0,0.7269542369170133,0.7269542369170133,-0.5761546765065392,-657.8246019013411,1487.824601901341,leave_one_system_out
34,2010-08-31 15:00:00,630.5,709.1064999999999,93.5185,-0.7071067811865471,-0.7071067811865479,-0.8631421280499115,-0.5049610547215202,15.0,243,-0.7071067811865471,-0.7071067811865479,-0.8631421280499115,-0.5049610547215202,1141.75,max_ac,630.5,0.5522224655134662,0.5522224655134662,-0.5971063686533999,-681.7461964100194,1312.2461964100194,leave_one_system_out
34,2010-08-31 16:00:00,357.0,428.07625,94.369,-0.8660254037844385,-0.5000000000000004,-0.8631421280499115,-0.5049610547215202,16.0,243,-0.8660254037844385,-0.5000000000000004,-0.8631421280499115,-0.5049610547215202,1141.75,max_ac,357.0,0.3126779067221371,0.3126779067221371,-0.6926353257279542,-790.8163831498916,1147.8163831498916,leave_one_system_out
34,2010-08-31 17:00:00,80.75,153.36925,93.83,-0.9659258262890684,-0.2588190451025206,-0.8631421280499115,-0.5049610547215202,17.0,243,-0.9659258262890683,-0.25881904510252063,-0.8631421280499115,-0.5049610547215202,1141.75,max_ac,80.75,0.07072476461572148,0.07072476461572148,-0.8215062474247449,-937.9547579972025,1018.7047579972025,leave_one_system_out
34,2010-08-31 18:00:00,-1.5,6.61625,86.8485,-1.0,-1.8369701987210287e-16,-0.8631421280499115,-0.5049610547215202,18.0,243,-1.0,-1.8369701987210297e-16,-0.8631421280499115,-0.5049610547215202,1141.75,max_ac,-1.5,-0.0013137727173199037,-0.0013137727173199037,-0.918162762120691,-1048.312333651299,1046.812333651299,leave_one_system_out
34,2010-09-01 06:00:00,187.75,183.76475,74.0175,1.0,6.123233995736766e-17,-0.8717063187093217,-0.4900286664290594,6.0,244,1.0,6.123233995736766e-17,-0.8717063187093217,-0.4900286664290594,1141.75,max_ac,187.75,0.16444055178454128,0.16444055178454128,-0.2732147982702027,-311.9429959250039,499.6929959250039,leave_one_system_out
34,2010-09-01 07:00:00,494.0,478.2225,76.04775,0.9659258262890684,-0.2588190451025206,-0.8717063187093217,-0.4900286664290594,7.0,244,0.9659258262890683,-0.25881904510252063,-0.8717063187093217,-0.4900286664290594,1141.75,max_ac,494.0,0.4326691482373549,0.4326691482373549,-0.21083214769236924,-240.7176046277626,734.7176046277626,leave_one_system_out
34,2010-09-01 08:00:00,739.75,758.3739999999999,81.55325,0.8660254037844387,-0.4999999999999998,-0.8717063187093217,-0.4900286664290594,8.0,244,0.8660254037844387,-0.4999999999999998,-0.8717063187093217,-0.4900286664290594,1141.75,max_ac,739.75,0.6479089117582658,0.6479089117582658,-0.2817163621353499,-321.64965646803574,1061.3996564680358,leave_one_system_out
34,2010-09-01 09:00:00,898.25,987.1095,85.36775,0.7071067811865476,-0.7071067811865475,-0.8717063187093217,-0.4900286664290594,9.0,244,0.7071067811865476,-0.7071067811865475,-0.8717063187093217,-0.4900286664290594,1141.75,max_ac,898.25,0.7867308955550689,0.7867308955550689,-0.36728677140364885,-419.34967125011605,1317.599671250116,leave_one_system_out
34,2010-09-01 10:00:00,987.25,1140.42975,89.37725,0.4999999999999999,-0.8660254037844387,-0.8717063187093217,-0.4900286664290594,10.0,244,0.49999999999999994,-0.8660254037844387,-0.8717063187093217,-0.4900286664290594,1141.75,max_ac,987.25,0.8646814101160499,0.8646814101160499,-0.4730618380079654,-540.1183535455946,1527.3683535455946,leave_one_system_out
34,2010-09-01 11:00:00,1016.0,1215.8935,92.56175,0.258819045102521,-0.9659258262890682,-0.8717063187093217,-0.4900286664290594,11.0,244,0.258819045102521,-0.9659258262890682,-0.8717063187093217,-0.4900286664290594,1141.75,max_ac,1016.0,0.8898620538646814,0.8898620538646814,-0.5626333464551377,-642.3866233151535,1658.3866233151534,leave_one_system_out
34,2010-09-01 12:00:00,1001.5,1209.839,95.21175,1.2246467991473532e-16,-1.0,-0.8717063187093217,-0.4900286664290594,12.0,244,1.2246467991473532e-16,-1.0,-0.8717063187093217,-0.4900286664290594,1141.75,max_ac,1001.5,0.877162250930589,0.877162250930589,-0.6355806005072476,-725.67415062915,1727.17415062915,leave_one_system_out
34,2010-09-01 13:00:00,934.0,1119.23825,97.376,-0.2588190451025208,-0.9659258262890684,-0.8717063187093217,-0.4900286664290594,13.0,244,-0.2588190451025208,-0.9659258262890683,-0.8717063187093217,-0.4900286664290594,1141.75,max_ac,934.0,0.8180424786511934,0.8180424786511934,-0.6902411001279433,-788.0827760710793,1722.0827760710793,leave_one_system_out
34,2010-09-01 14:00:00,805.25,944.26275,99.41875,-0.4999999999999997,-0.8660254037844388,-0.8717063187093217,-0.4900286664290594,14.0,244,-0.4999999999999997,-0.8660254037844388,-0.8717063187093217,-0.4900286664290594,1141.75,max_ac,805.25,0.705276987081235,0.705276987081235,-0.7405388494061725,-845.5102313094975,1650.7602313094976,leave_one_system_out
34,2010-09-01 15:00:00,608.75,701.0985,98.553,-0.7071067811865471,-0.7071067811865479,-0.8717063187093217,-0.4900286664290594,15.0,244,-0.7071067811865471,-0.7071067811865479,-0.8717063187093217,-0.4900286664290594,1141.75,max_ac,608.75,0.5331727611123276,0.5331727611123276,-0.7277756080053442,-830.9378004401018,1439.687800440102,leave_one_system_out
34,2010-09-01 16:00:00,338.75,419.4825,99.58825,-0.8660254037844385,-0.5000000000000004,-0.8717063187093217,-0.4900286664290594,16.0,244,-0.8660254037844385,-0.5000000000000004,-0.8717063187093217,-0.4900286664290594,1141.75,max_ac,338.75,0.2966936719947449,0.2966936719947449,-0.8159428372702934,-931.6027344533575,1270.3527344533575,leave_one_system_out
34,2010-09-01 17:00:00,74.75,147.4855,99.677,-0.9659258262890684,-0.2588190451025206,-0.8717063187093217,-0.4900286664290594,17.0,244,-0.9659258262890683,-0.25881904510252063,-0.8717063187093217,-0.4900286664290594,1141.75,max_ac,74.75,0.06546967374644186,0.06546967374644186,-0.9507733550819212,-1085.5454781647836,1160.2954781647836,leave_one_system_out
34,2010-09-01 18:00:00,-1.5,5.542,90.27325,-1.0,-1.8369701987210287e-16,-0.8717063187093217,-0.4900286664290594,18.0,244,-1.0,-1.8369701987210297e-16,-0.8717063187093217,-0.4900286664290594,1141.75,max_ac,-1.5,-0.0013137727173199037,-0.0013137727173199037,-0.99478895906247,-1135.800294009575,1134.300294009575,leave_one_system_out
34,2010-09-02 06:00:00,173.25,182.4705,74.585,1.0,6.123233995736766e-17,-0.8800122039735356,-0.4749510720670502,6.0,245,1.0,6.123233995736766e-17,-0.8800122039735356,-0.4749510720670502,1141.75,max_ac,173.25,0.15174074885044886,0.15174074885044886,-0.2827484258232523,-322.82801518369837,496.07801518369837,leave_one_system_out
34,2010-09-02 07:00:00,483.0,474.1945,78.89024999999998,0.9659258262890684,-0.2588190451025206,-0.8800122039735356,-0.4749510720670502,7.0,245,0.9659258262890683,-0.25881904510252063,-0.8800122039735356,-0.4749510720670502,1141.75,max_ac,483.0,0.42303481497700895,0.42303481497700895,-0.2597565709950017,-296.5770649335432,779.5770649335432,leave_one_system_out
34,2010-09-02 08:00:00,722.75,754.4435,84.2995,0.8660254037844387,-0.4999999999999998,-0.8800122039735356,-0.4749510720670502,8.0,245,0.8660254037844387,-0.4999999999999998,-0.8800122039735356,-0.4749510720670502,1141.75,max_ac,722.75,0.6330194876286402,0.6330194876286402,-0.3407707918925872,-389.0750516433614,1111.8250516433613,leave_one_system_out
34,2010-09-02 09:00:00,882.5,984.49675,89.42775,0.7071067811865476,-0.7071067811865475,-0.8800122039735356,-0.4749510720670502,9.0,245,0.7071067811865476,-0.7071067811865475,-0.8800122039735356,-0.4749510720670502,1141.75,max_ac,882.5,0.77293628202321,0.77293628202321,-0.4714932247929239,-538.3273894073209,1420.8273894073209,leave_one_system_out
34,2010-09-02 10:00:00,969.5,1140.7469999999998,93.2985,0.4999999999999999,-0.8660254037844387,-0.8800122039735356,-0.4749510720670502,10.0,245,0.49999999999999994,-0.8660254037844387,-0.8800122039735356,-0.4749510720670502,1141.75,max_ac,969.5,0.8491350996277643,0.8491350996277643,-0.5884243929383872,-671.8335506374036,1641.3335506374037,leave_one_system_out
34,2010-09-02 11:00:00,985.25,1215.64925,97.04175,0.258819045102521,-0.9659258262890682,-0.8800122039735356,-0.4749510720670502,11.0,245,0.258819045102521,-0.9659258262890682,-0.8800122039735356,-0.4749510720670502,1141.75,max_ac,985.25,0.8629297131596234,0.8629297131596234,-0.7020937969081044,-801.6155926198281,1786.865592619828,leave_one_system_out
34,2010-09-02 12:00:00,982.5,1212.0605,100.64625,1.2246467991473532e-16,-1.0,-0.8800122039735356,-0.4749510720670502,12.0,245,1.2246467991473532e-16,-1.0,-0.8800122039735356,-0.4749510720670502,1141.75,max_ac,982.5,0.8605211298445369,0.8605211298445369,-0.8134364310964836,-928.74104520441,1911.24104520441,leave_one_system_out
34,2010-09-02 13:00:00,920.75,1125.68375,102.53225,-0.2588190451025208,-0.9659258262890684,-0.8800122039735356,-0.4749510720670502,13.0,245,-0.2588190451025208,-0.9659258262890683,-0.8800122039735356,-0.4749510720670502,1141.75,max_ac,920.75,0.8064374863148676,0.8064374863148676,-0.8645930288535703,-987.1490906935638,1907.8990906935637,leave_one_system_out
34,2010-09-02 14:00:00,806.0,956.0545,103.0255,-0.4999999999999997,-0.8660254037844388,-0.8800122039735356,-0.4749510720670502,14.0,245,-0.4999999999999997,-0.8660254037844388,-0.8800122039735356,-0.4749510720670502,1141.75,max_ac,806.0,0.7059338734398949,0.7059338734398949,-0.8677212222822023,-990.7207055407044,1796.7207055407043,leave_one_system_out
34,2010-09-02 15:00:00,604.0,711.71875,103.5775,-0.7071067811865471,-0.7071067811865479,-0.8800122039735356,-0.4749510720670502,15.0,245,-0.7071067811865471,-0.7071067811865479,-0.8800122039735356,-0.4749510720670502,1141.75,max_ac,604.0,0.5290124808408145,0.5290124808408145,-0.8834899428790078,-1008.7246422821072,1612.7246422821072,leave_one_system_out
34,2010-09-02 16:00:00,338.0,426.31825,104.70125,-0.8660254037844385,-0.5000000000000004,-0.8800122039735356,-0.4749510720670502,16.0,245,-0.8660254037844385,-0.5000000000000004,-0.8800122039735356,-0.4749510720670502,1141.75,max_ac,338.0,0.29603678563608493,0.29603678563608493,-0.9573316827392445,-1093.0334487675325,1431.0334487675325,leave_one_system_out
34,2010-09-02 17:00:00,71.0,146.94825,104.18525,-0.9659258262890684,-0.2588190451025206,-0.8800122039735356,-0.4749510720670502,17.0,245,-0.9659258262890683,-0.25881904510252063,-0.8800122039735356,-0.4749510720670502,1141.75,max_ac,71.0,0.06218524195314211,0.06218524195314211,-1.0598170193187952,-1210.0460818072345,1281.0460818072345,leave_one_system_out
34,2010-09-02 18:00:00,-2.75,5.0295,93.6725,-1.0,-1.8369701987210287e-16,-0.8800122039735356,-0.4749510720670502,18.0,245,-1.0,-1.8369701987210297e-16,-0.8800122039735356,-0.4749510720670502,1141.75,max_ac,-2.75,-0.00240858331508649,-0.00240858331508649,-1.07409667813842,-1226.349882264541,1223.599882264541,leave_one_system_out
34,2010-09-03 06:00:00,166.5,180.3955,77.00925,1.0,6.123233995736766e-17,-0.888057322629493,-0.4597327394521046,6.0,246,1.0,6.123233995736766e-17,-0.888057322629493,-0.4597327394521046,1141.75,max_ac,166.5,0.14582877162250932,0.14582877162250932,-0.31831258082803315,-363.4333891604069,529.9333891604069,leave_one_system_out
34,2010-09-03 07:00:00,479.25,474.5115,80.08999999999999,0.9659258262890684,-0.2588190451025206,-0.888057322629493,-0.4597327394521046,7.0,246,0.9659258262890683,-0.25881904510252063,-0.888057322629493,-0.4597327394521046,1141.75,max_ac,479.25,0.4197503831837092,0.4197503831837092,-0.28441454230192265,-324.7303036732202,803.9803036732202,leave_one_system_out
34,2010-09-03 08:00:00,722.75,758.0809999999999,85.9375,0.8660254037844387,-0.4999999999999998,-0.888057322629493,-0.4597327394521046,8.0,246,0.8660254037844387,-0.4999999999999998,-0.888057322629493,-0.4597327394521046,1141.75,max_ac,722.75,0.6330194876286402,0.6330194876286402,-0.3845318196505674,-439.0392050860353,1161.7892050860353,leave_one_system_out
34,2010-09-03 09:00:00,878.75,990.3075,91.88575,0.7071067811865476,-0.7071067811865475,-0.888057322629493,-0.4597327394521046,9.0,246,0.7071067811865476,-0.7071067811865475,-0.888057322629493,-0.4597327394521046,1141.75,max_ac,878.75,0.7696518502299102,0.7696518502299102,-0.5470675315556717,-624.6143541536882,1503.364354153688,leave_one_system_out
34,2010-09-03 10:00:00,954.0,1146.4845,96.8215,0.4999999999999999,-0.8660254037844387,-0.888057322629493,-0.4597327394521046,10.0,246,0.49999999999999994,-0.8660254037844387,-0.888057322629493,-0.4597327394521046,1141.75,max_ac,954.0,0.8355594482154587,0.8355594482154587,-0.7033632346899344,-803.0649732072327,1757.0649732072327,leave_one_system_out
34,2010-09-03 11:00:00,966.75,1214.9657499999998,100.502,0.258819045102521,-0.9659258262890682,-0.888057322629493,-0.4597327394521046,11.0,246,0.258819045102521,-0.9659258262890682,-0.888057322629493,-0.4597327394521046,1141.75,max_ac,966.75,0.8467265163126779,0.8467265163126779,-0.8136485719016343,-928.983256968691,1895.733256968691,leave_one_system_out
34,2010-09-03 12:00:00,951.75,1207.76375,103.1955,1.2246467991473532e-16,-1.0,-0.888057322629493,-0.4597327394521046,12.0,246,1.2246467991473532e-16,-1.0,-0.888057322629493,-0.4597327394521046,1141.75,max_ac,951.75,0.8335887891394789,0.8335887891394789,-0.8945457302785692,-1021.3475875455564,1973.0975875455565,leave_one_system_out
34,2010-09-03 13:00:00,910.25,1121.80175,105.4685,-0.2588190451025208,-0.9659258262890684,-0.888057322629493,-0.4597327394521046,13.0,246,-0.2588190451025208,-0.9659258262890683,-0.888057322629493,-0.4597327394521046,1141.75,max_ac,910.25,0.7972410772936283,0.7972410772936283,-0.9592663537541616,-1095.242359398814,2005.492359398814,leave_one_system_out
34,2010-09-03 14:00:00,792.75,948.51075,107.35675,-0.4999999999999997,-0.8660254037844388,-0.888057322629493,-0.4597327394521046,14.0,246,-0.4999999999999997,-0.8660254037844388,-0.888057322629493,-0.4597327394521046,1141.75,max_ac,792.75,0.694328881103569,0.694328881103569,-0.9984248085877337,-1139.951525205045,1932.701525205045,leave_one_system_out
34,2010-09-03 15:00:00,598.75,705.49325,106.79725,-0.7071067811865471,-0.7071067811865479,-0.888057322629493,-0.4597327394521046,15.0,246,-0.7071067811865471,-0.7071067811865479,-0.888057322629493,-0.4597327394521046,1141.75,max_ac,598.75,0.5244142763301949,0.5244142763301949,-0.9740211851913002,-1112.088688192167,1710.838688192167,leave_one_system_out
34,2010-09-03 16:00:00,331.0,423.0225,107.17225,-0.8660254037844385,-0.5000000000000004,-0.888057322629493,-0.4597327394521046,16.0,246,-0.8660254037844385,-0.5000000000000004,-0.888057322629493,-0.4597327394521046,1141.75,max_ac,331.0,0.28990584628859206,0.28990584628859206,-1.0235359002588176,-1168.6221141205049,1499.6221141205049,leave_one_system_out
34,2010-09-03 17:00:00,67.75,145.80075,105.352,-0.9659258262890684,-0.2588190451025206,-0.888057322629493,-0.4597327394521046,17.0,246,-0.9659258262890683,-0.25881904510252063,-0.888057322629493,-0.4597327394521046,1141.75,max_ac,67.75,0.05933873439894898,0.05933873439894898,-1.0907857533970797,-1245.404633941116,1313.154633941116,leave_one_system_out
34,2010-09-03 18:00:00,-3.75,3.3447500000000003,96.3765,-1.0,-1.8369701987210287e-16,-0.888057322629493,-0.4597327394521046,18.0,246,-1.0,-1.8369701987210297e-16,-0.888057322629493,-0.4597327394521046,1141.75,max_ac,-3.75,-0.003284431793299759,-0.003284431793299759,-1.1391864844335244,-1300.6661686019766,1296.9161686019766,leave_one_system_out
34,2010-09-04 06:00:00,177.5,179.00375,77.134,1.0,6.123233995736766e-17,-0.8958392907349089,-0.4443781781046134,6.0,247,1.0,6.123233995736766e-17,-0.8958392907349089,-0.4443781781046134,1141.75,max_ac,177.5,0.15546310488285528,0.15546310488285528,-0.3217792229115012,-367.39142775920646,544.8914277592064,leave_one_system_out
34,2010-09-04 07:00:00,480.0,478.3935,80.9355,0.9659258262890684,-0.2588190451025206,-0.8958392907349089,-0.4443781781046134,7.0,247,0.9659258262890683,-0.25881904510252063,-0.8958392907349089,-0.4443781781046134,1141.75,max_ac,480.0,0.4204072695423692,0.4204072695423692,-0.30634010076130624,-349.76381004422143,829.7638100442214,leave_one_system_out
34,2010-09-04 08:00:00,723.0,762.744,86.98525000000001,0.8660254037844387,-0.4999999999999998,-0.8958392907349089,-0.4443781781046134,8.0,247,0.8660254037844387,-0.4999999999999998,-0.8958392907349089,-0.4443781781046134,1141.75,max_ac,723.0,0.6332384497481935,0.6332384497481935,-0.41694933137979495,-476.0518991028809,1199.051899102881,leave_one_system_out
34,2010-09-04 09:00:00,881.0,992.26075,91.21775,0.7071067811865476,-0.7071067811865475,-0.8958392907349089,-0.4443781781046134,9.0,247,0.7071067811865476,-0.7071067811865475,-0.8958392907349089,-0.4443781781046134,1141.75,max_ac,881.0,0.77162250930589,0.77162250930589,-0.5353643774836586,-611.2522779919673,1492.2522779919673,leave_one_system_out
34,2010-09-04 10:00:00,966.25,1149.29225,95.81925,0.4999999999999999,-0.8660254037844387,-0.8958392907349089,-0.4443781781046134,10.0,247,0.49999999999999994,-0.8660254037844387,-0.8958392907349089,-0.4443781781046134,1141.75,max_ac,966.25,0.8462885920735713,0.8462885920735713,-0.6812528317585537,-777.8204206603286,1744.0704206603286,leave_one_system_out
34,2010-09-04 11:00:00,971.75,1218.77425,100.34275,0.258819045102521,-0.9659258262890682,-0.8958392907349089,-0.4443781781046134,11.0,247,0.258819045102521,-0.9659258262890682,-0.8958392907349089,-0.4443781781046134,1141.75,max_ac,971.75,0.8511057587037443,0.8511057587037443,-0.8181665871628511,-934.1417008931852,1905.8917008931853,leave_one_system_out
34,2010-09-04 12:00:00,988.75,1215.74725,105.238,1.2246467991473532e-16,-1.0,-0.8958392907349089,-0.4443781781046134,12.0,247,1.2246467991473532e-16,-1.0,-0.8958392907349089,-0.4443781781046134,1141.75,max_ac,988.75,0.8659951828333698,0.8659951828333698,-0.9779249076015325,-1116.5457632540497,2105.2957632540497,leave_one_system_out
34,2010-09-04 13:00:00,958.25,1127.2465,105.909,-0.2588190451025208,-0.9659258262890684,-0.8958392907349089,-0.4443781781046134,13.0,247,-0.2588190451025208,-0.9659258262890683,-0.8958392907349089,-0.4443781781046134,1141.75,max_ac,958.25,0.8392818042478651,0.8392818042478651,-0.9857458637109947,-1125.4753398920282,2083.7253398920284,leave_one_system_out
34,2010-09-04 14:00:00,825.25,950.464,106.39225,-0.4999999999999997,-0.8660254037844388,-0.8958392907349089,-0.4443781781046134,14.0,247,-0.4999999999999997,-0.8660254037844388,-0.8958392907349089,-0.4443781781046134,1141.75,max_ac,825.25,0.7227939566455003,0.7227939566455003,-0.9747521695045057,-1112.9232895317693,1938.1732895317693,leave_one_system_out
34,2010-09-04 15:00:00,617.25,708.496,105.4685,-0.7071067811865471,-0.7071067811865479,-0.8958392907349089,-0.4443781781046134,15.0,247,-0.7071067811865471,-0.7071067811865479,-0.8958392907349089,-0.4443781781046134,1141.75,max_ac,617.25,0.5406174731771404,0.5406174731771404,-0.9429046636333166,-1076.5613997033392,1693.8113997033392,leave_one_system_out
34,2010-09-04 16:00:00,340.5,426.61125,105.42775,-0.8660254037844385,-0.5000000000000004,-0.8958392907349089,-0.4443781781046134,16.0,247,-0.8660254037844385,-0.5000000000000004,-0.8958392907349089,-0.4443781781046134,1141.75,max_ac,340.5,0.2982264068316181,0.2982264068316181,-0.9849283845641154,-1124.5419830760786,1465.0419830760786,leave_one_system_out
34,2010-09-04 17:00:00,67.5,146.6065,104.31425,-0.9659258262890684,-0.2588190451025206,-0.8958392907349089,-0.4443781781046134,17.0,247,-0.9659258262890683,-0.25881904510252063,-0.8958392907349089,-0.4443781781046134,1141.75,max_ac,67.5,0.05911977227939567,0.05911977227939567,-1.070311501709433,-1222.028157076745,1289.528157076745,leave_one_system_out
34,2010-09-04 18:00:00,-4.0,4.175000000000001,95.92575,-1.0,-1.8369701987210287e-16,-0.8958392907349089,-0.4443781781046134,18.0,247,-1.0,-1.8369701987210297e-16,-0.8958392907349089,-0.4443781781046134,1141.75,max_ac,-4.0,-0.0035033939128530766,-0.0035033939128530766,-1.1325613048212997,-1293.101869779719,1289.101869779719,leave_one_system_out
34,2010-09-05 06:00:00,173.5,179.07725,79.94049999999999,1.0,6.123233995736766e-17,-0.9033558023246842,-0.4288919379124841,6.0,248,1.0,6.123233995736766e-17,-0.9033558023246842,-0.4288919379124841,1141.75,max_ac,173.5,0.1519597109700022,0.1519597109700022,-0.3663920265351279,-418.32809629648233,591.8280962964823,leave_one_system_out
34,2010-09-05 07:00:00,481.25,482.2265,82.60875,0.9659258262890684,-0.2588190451025206,-0.9033558023246842,-0.4288919379124841,7.0,248,0.9659258262890683,-0.25881904510252063,-0.9033558023246842,-0.4288919379124841,1141.75,max_ac,481.25,0.42150208014013574,0.42150208014013574,-0.3442452321979069,-393.04199386196024,874.2919938619602,leave_one_system_out
34,2010-09-05 08:00:00,743.0,766.77225,90.20775,0.8660254037844387,-0.4999999999999998,-0.9033558023246842,-0.4288919379124841,8.0,248,0.8660254037844387,-0.4999999999999998,-0.9033558023246842,-0.4288919379124841,1141.75,max_ac,743.0,0.650755419312459,0.650755419312459,-0.5007929606808889,-571.7803628574048,1314.7803628574047,leave_one_system_out
34,2010-09-05 09:00:00,921.75,992.04125,95.15375,0.7071067811865476,-0.7071067811865475,-0.9033558023246842,-0.4288919379124841,9.0,248,0.7071067811865476,-0.7071067811865475,-0.9033558023246842,-0.4288919379124841,1141.75,max_ac,921.75,0.8073133347930808,0.8073133347930808,-0.6460904860534596,-737.6738124515375,1659.4238124515375,leave_one_system_out
34,2010-09-05 10:00:00,1033.0,1148.51075,97.328,0.4999999999999999,-0.8660254037844387,-0.9033558023246842,-0.4288919379124841,10.0,248,0.49999999999999994,-0.8660254037844387,-0.9033558023246842,-0.4288919379124841,1141.75,max_ac,1033.0,0.904751477994307,0.904751477994307,-0.7295607944039056,-832.9760370106593,1865.9760370106592,leave_one_system_out
34,2010-09-05 11:00:00,1078.25,1219.89775,98.938,0.258819045102521,-0.9659258262890682,-0.9033558023246842,-0.4288919379124841,11.0,248,0.258819045102521,-0.9659258262890682,-0.9033558023246842,-0.4288919379124841,1141.75,max_ac,1078.25,0.9443836216334575,0.9443836216334575,-0.7794794494787537,-889.970661442367,1968.2206614423671,leave_one_system_out
34,2010-09-05 12:00:00,1056.0,1214.91675,100.78075,1.2246467991473532e-16,-1.0,-0.9033558023246842,-0.4288919379124841,12.0,248,1.2246467991473532e-16,-1.0,-0.9033558023246842,-0.4288919379124841,1141.75,max_ac,1056.0,0.9248959929932121,0.9248959929932121,-0.8344466626206707,-952.7294770471508,2008.7294770471508,leave_one_system_out
34,2010-09-05 13:00:00,979.75,1131.079,102.56275,-0.2588190451025208,-0.9659258262890684,-0.9033558023246842,-0.4288919379124841,13.0,248,-0.2588190451025208,-0.9659258262890683,-0.9033558023246842,-0.4288919379124841,1141.75,max_ac,979.75,0.8581125465294505,0.8581125465294505,-0.8855301176035645,-1011.0540117738698,1990.8040117738697,leave_one_system_out
34,2010-09-05 14:00:00,851.75,961.25475,102.34475,-0.4999999999999997,-0.8660254037844388,-0.9033558023246842,-0.4288919379124841,14.0,248,-0.4999999999999997,-0.8660254037844388,-0.9033558023246842,-0.4288919379124841,1141.75,max_ac,851.75,0.746003941318152,0.746003941318152,-0.8655831711880587,-988.2795857039661,1840.029585703966,leave_one_system_out
34,2010-09-05 15:00:00,633.75,716.16225,101.66625,-0.7071067811865471,-0.7071067811865479,-0.9033558023246842,-0.4288919379124841,15.0,248,-0.7071067811865471,-0.7071067811865479,-0.9033558023246842,-0.4288919379124841,1141.75,max_ac,633.75,0.5550689730676593,0.5550689730676593,-0.8459626615344428,-965.87786880695,1599.6278688069501,leave_one_system_out
34,2010-09-05 16:00:00,344.25,428.63775,102.251,-0.8660254037844385,-0.5000000000000004,-0.9033558023246842,-0.4288919379124841,16.0,248,-0.8660254037844385,-0.5000000000000004,-0.9033558023246842,-0.4288919379124841,1141.75,max_ac,344.25,0.3015108386249179,0.3015108386249179,-0.9076829660652118,-1036.3470265049557,1380.5970265049557,leave_one_system_out
34,2010-09-05 17:00:00,66.5,147.33875,101.61825,-0.9659258262890684,-0.2588190451025206,-0.9033558023246842,-0.4288919379124841,17.0,248,-0.9659258262890683,-0.25881904510252063,-0.9033558023246842,-0.4288919379124841,1141.75,max_ac,66.5,0.058243923801182394,0.058243923801182394,-1.0105600453907977,-1153.8069318249431,1220.3069318249431,leave_one_system_out
34,2010-09-05 18:00:00,-4.25,3.75975,93.8045,-1.0,-1.8369701987210287e-16,-0.9033558023246842,-0.4288919379124841,18.0,248,-1.0,-1.8369701987210297e-16,-0.9033558023246842,-0.4288919379124841,1141.75,max_ac,-4.25,-0.0037223560324063936,-0.0037223560324063936,-1.0863812692070418,-1240.37581411714,1236.12581411714,leave_one_system_out
34,2010-09-06 06:00:00,177.5,174.12125,74.12925,1.0,6.123233995736766e-17,-0.9106046300942162,-0.4132786077829044,6.0,249,1.0,6.123233995736766e-17,-0.9106046300942162,-0.41327860778290443,1141.75,max_ac,177.5,0.15546310488285528,0.15546310488285528,-0.28111030175746754,-320.9576870315886,498.4576870315886,leave_one_system_out
34,2010-09-06 07:00:00,484.5,476.9042500000001,77.69324999999999,0.9659258262890684,-0.2588190451025206,-0.9106046300942162,-0.4132786077829044,7.0,249,0.9659258262890683,-0.25881904510252063,-0.9106046300942162,-0.41327860778290443,1141.75,max_ac,484.5,0.42434858769432887,0.42434858769432887,-0.25265972948126114,-288.4742461352299,772.9742461352299,leave_one_system_out
34,2010-09-06 08:00:00,736.5,757.0067499999999,82.538,0.8660254037844387,-0.4999999999999998,-0.9106046300942162,-0.4132786077829044,8.0,249,0.8660254037844387,-0.4999999999999998,-0.9106046300942162,-0.41327860778290443,1141.75,max_ac,736.5,0.6450624042040727,0.6450624042040727,-0.3179132423083456,-362.9774444055536,1099.4774444055536,leave_one_system_out
34,2010-09-06 09:00:00,901.5,984.9855,86.39799999999998,0.7071067811865476,-0.7071067811865475,-0.9106046300942162,-0.4132786077829044,9.0,249,0.7071067811865476,-0.7071067811865475,-0.9106046300942162,-0.41327860778290443,1141.75,max_ac,901.5,0.789577403109262,0.789577403109262,-0.40862863859246745,-466.5517481129497,1368.0517481129498,leave_one_system_out
34,2010-09-06 10:00:00,1019.0,1140.4295,89.58224999999999,0.4999999999999999,-0.8660254037844387,-0.9106046300942162,-0.4132786077829044,10.0,249,0.49999999999999994,-0.8660254037844387,-0.9106046300942162,-0.41327860778290443,1141.75,max_ac,1019.0,0.8924895992993213,0.8924895992993213,-0.49762323653549745,-568.1613303144043,1587.1613303144043,leave_one_system_out
34,2010-09-06 11:00:00,1047.75,1210.69325,91.496,0.258819045102521,-0.9659258262890682,-0.9106046300942162,-0.4132786077829044,11.0,249,0.258819045102521,-0.9659258262890682,-0.9106046300942162,-0.41327860778290443,1141.75,max_ac,1047.75,0.9176702430479527,0.9176702430479527,-0.5444441875412382,-621.6191511252088,1669.3691511252086,leave_one_system_out
34,2010-09-06 12:00:00,1024.75,1199.341,93.69325,1.2246467991473532e-16,-1.0,-0.9106046300942162,-0.4132786077829044,12.0,249,1.2246467991473532e-16,-1.0,-0.9106046300942162,-0.41327860778290443,1141.75,max_ac,1024.75,0.8975257280490475,0.8975257280490475,-0.5969476051932684,-681.5649282294141,1706.3149282294141,leave_one_system_out
34,2010-09-06 13:00:00,941.25,1106.885,94.87525,-0.2588190451025208,-0.9659258262890684,-0.9106046300942162,-0.4132786077829044,13.0,249,-0.2588190451025208,-0.9659258262890683,-0.9106046300942162,-0.41327860778290443,1141.75,max_ac,941.25,0.8243923801182396,0.8243923801182396,-0.6204372115777658,-708.3841863189141,1649.634186318914,leave_one_system_out
34,2010-09-06 14:00:00,805.0,932.7395,96.9485,-0.4999999999999997,-0.8660254037844388,-0.9106046300942162,-0.4132786077829044,14.0,249,-0.4999999999999997,-0.8660254037844388,-0.9106046300942162,-0.41327860778290443,1141.75,max_ac,805.0,0.7050580249616817,0.7050580249616817,-0.6756223765902795,-771.3918484719516,1576.3918484719516,leave_one_system_out
34,2010-09-06 15:00:00,595.0,687.549,97.533,-0.7071067811865471,-0.7071067811865479,-0.9106046300942162,-0.4132786077829044,15.0,249,-0.7071067811865471,-0.7071067811865479,-0.9106046300942162,-0.41327860778290443,1141.75,max_ac,595.0,0.5211298445368951,0.5211298445368951,-0.706498674614639,-806.6448617412641,1401.644861741264,leave_one_system_out
34,2010-09-06 16:00:00,318.25,402.66125,98.214,-0.8660254037844385,-0.5000000000000004,-0.9106046300942162,-0.4132786077829044,16.0,249,-0.8660254037844385,-0.5000000000000004,-0.9106046300942162,-0.41327860778290443,1141.75,max_ac,318.25,0.2787387781913729,0.2787387781913729,-0.7860224447429557,-897.4411262852697,1215.6911262852695,leave_one_system_out
34,2010-09-06 17:00:00,60.5,127.6125,98.25975,-0.9659258262890684,-0.2588190451025206,-0.9106046300942162,-0.4132786077829044,17.0,249,-0.9659258262890683,-0.25881904510252063,-0.9106046300942162,-0.41327860778290443,1141.75,max_ac,60.5,0.052988832931902784,0.052988832931902784,-0.9209953994116545,-1051.5464972782565,1112.0464972782565,leave_one_system_out
34,2010-09-06 18:00:00,-2.25,3.61325,87.69624999999999,-1.0,-1.8369701987210287e-16,-0.9106046300942162,-0.4132786077829044,18.0,249,-1.0,-1.8369701987210297e-16,-0.9106046300942162,-0.41327860778290443,1141.75,max_ac,-2.25,-0.0019706590759798557,-0.0019706590759798557,-0.9533373764384995,-1088.4729495486567,1086.2229495486567,leave_one_system_out
34,2010-09-07 06:00:00,62.0,62.98825,74.36449999999999,1.0,6.123233995736766e-17,-0.9175836260593934,-0.3975428142825566,6.0,250,1.0,6.123233995736766e-17,-0.9175836260593934,-0.3975428142825566,1141.75,max_ac,62.0,0.054302605649222686,0.054302605649222686,-0.21024676573210743,-240.04924477463365,302.0492447746336,leave_one_system_out
34,2010-09-07 07:00:00,203.5,206.07875,78.49799999999999,0.9659258262890684,-0.2588190451025206,-0.9175836260593934,-0.3975428142825566,7.0,250,0.9659258262890683,-0.25881904510252063,-0.9175836260593934,-0.3975428142825566,1141.75,max_ac,203.5,0.17823516531640027,0.17823516531640027,-0.03798534130161735,-43.369763431121605,246.8697634311216,leave_one_system_out
34,2010-09-07 08:00:00,52.5,77.49000000000001,80.27225,0.8660254037844387,-0.4999999999999998,-0.9175836260593934,-0.3975428142825566,8.0,250,0.8660254037844387,-0.4999999999999998,-0.9175836260593934,-0.3975428142825566,1141.75,max_ac,52.5,0.04598204510619663,0.04598204510619663,0.36585094300322274,417.7103141739296,-365.2103141739296,leave_one_system_out
34,2010-09-07 09:00:00,177.75,124.414,71.55475,0.7071067811865476,-0.7071067811865475,-0.9175836260593934,-0.3975428142825566,9.0,250,0.7071067811865476,-0.7071067811865475,-0.9175836260593934,-0.3975428142825566,1141.75,max_ac,177.75,0.15568206700240858,0.15568206700240858,0.5636232987548626,643.5169013533643,-465.76690135336435,leave_one_system_out
34,2010-09-07 10:00:00,730.75,662.54875,76.00225,0.4999999999999999,-0.8660254037844387,-0.9175836260593934,-0.3975428142825566,10.0,250,0.49999999999999994,-0.8660254037844387,-0.9175836260593934,-0.3975428142825566,1141.75,max_ac,730.75,0.6400262754543464,0.6400262754543464,0.24987756270914988,285.29770722317187,445.45229277682813,leave_one_system_out
34,2010-09-07 11:00:00,866.0,1108.59375,85.00049999999999,0.258819045102521,-0.9659258262890682,-0.9175836260593934,-0.3975428142825566,11.0,250,0.258819045102521,-0.9659258262890682,-0.9175836260593934,-0.3975428142825566,1141.75,max_ac,866.0,0.758484782132691,0.758484782132691,-0.2588184932795722,-295.50601470195153,1161.5060147019515,leave_one_system_out
34,2010-09-07 12:00:00,1038.0,1138.0615,86.532,1.2246467991473532e-16,-1.0,-0.9175836260593934,-0.3975428142825566,12.0,250,1.2246467991473532e-16,-1.0,-0.9175836260593934,-0.3975428142825566,1141.75,max_ac,1038.0,0.9091307203853733,0.9091307203853733,-0.33004626927716585,-376.8303279472041,1414.830327947204,leave_one_system_out
34,2010-09-07 13:00:00,957.25,1052.88075,88.7975,-0.2588190451025208,-0.9659258262890684,-0.9175836260593934,-0.3975428142825566,13.0,250,-0.2588190451025208,-0.9659258262890683,-0.9175836260593934,-0.3975428142825566,1141.75,max_ac,957.25,0.8384059557696518,0.8384059557696518,-0.395057998271934,-451.05746952698064,1408.3074695269806,leave_one_system_out
34,2010-09-07 14:00:00,826.5,865.7472499999999,89.21525,-0.4999999999999997,-0.8660254037844388,-0.9175836260593934,-0.3975428142825566,14.0,250,-0.4999999999999997,-0.8660254037844388,-0.9175836260593934,-0.3975428142825566,1141.75,max_ac,826.5,0.7238887672432669,0.7238887672432669,-0.404472012675417,-461.80592047215737,1288.3059204721574,leave_one_system_out
34,2010-09-07 15:00:00,610.0,652.7345,88.90625,-0.7071067811865471,-0.7071067811865479,-0.9175836260593934,-0.3975428142825566,15.0,250,-0.7071067811865471,-0.7071067811865479,-0.9175836260593934,-0.3975428142825566,1141.75,max_ac,610.0,0.5342675717100942,0.5342675717100942,-0.4616222272755791,-527.0571779918924,1137.0571779918923,leave_one_system_out
34,2010-09-07 16:00:00,322.75,385.74225,89.529,-0.8660254037844385,-0.5000000000000004,-0.9175836260593934,-0.3975428142825566,16.0,250,-0.8660254037844385,-0.5000000000000004,-0.9175836260593934,-0.3975428142825566,1141.75,max_ac,322.75,0.2826800963433326,0.2826800963433326,-0.5762487440298888,-657.9320034961255,980.6820034961255,leave_one_system_out
34,2010-09-07 17:00:00,55.0,118.70125,88.6,-0.9659258262890684,-0.2588190451025206,-0.9175836260593934,-0.3975428142825566,17.0,250,-0.9659258262890683,-0.25881904510252063,-0.9175836260593934,-0.3975428142825566,1141.75,max_ac,55.0,0.0481716663017298,0.0481716663017298,-0.7155106883314751,-816.9343284024617,871.9343284024617,leave_one_system_out
34,2010-09-07 18:00:00,-2.75,2.66125,82.86925,-1.0,-1.8369701987210287e-16,-0.9175836260593934,-0.3975428142825566,18.0,250,-1.0,-1.8369701987210297e-16,-0.9175836260593934,-0.3975428142825566,1141.75,max_ac,-2.75,-0.00240858331508649,-0.00240858331508649,-0.8545760131197632,-975.7121629794896,972.9621629794896,leave_one_system_out
34,2010-09-08 06:00:00,174.75,172.29,69.57050000000001,1.0,6.123233995736766e-17,-0.9242907221930934,-0.3816892202666586,6.0,251,1.0,6.123233995736766e-17,-0.9242907221930934,-0.3816892202666586,1141.75,max_ac,174.75,0.15305452156776878,0.15305452156776878,-0.22469980239800147,-256.5509993879182,431.3009993879182,leave_one_system_out
34,2010-09-08 07:00:00,494.0,479.24825,74.385,0.9659258262890684,-0.2588190451025206,-0.9242907221930934,-0.3816892202666586,7.0,251,0.9659258262890683,-0.25881904510252063,-0.9242907221930934,-0.3816892202666586,1141.75,max_ac,494.0,0.4326691482373549,0.4326691482373549,-0.20305406526891778,-231.83697902078688,725.8369790207869,leave_one_system_out
34,2010-09-08 08:00:00,762.0,764.64875,78.95875,0.8660254037844387,-0.4999999999999998,-0.9242907221930934,-0.3816892202666586,8.0,251,0.8660254037844387,-0.4999999999999998,-0.9242907221930934,-0.3816892202666586,1141.75,max_ac,762.0,0.667396540398511,0.667396540398511,-0.25450196644903444,-290.57762019318506,1052.577620193185,leave_one_system_out
34,2010-09-08 09:00:00,933.0,991.284,83.19874999999999,0.7071067811865476,-0.7071067811865475,-0.9242907221930934,-0.3816892202666586,9.0,251,0.7071067811865476,-0.7071067811865475,-0.9242907221930934,-0.3816892202666586,1141.75,max_ac,933.0,0.8171666301729801,0.8171666301729801,-0.3420071422599227,-390.4866546752667,1323.4866546752667,leave_one_system_out
34,2010-09-08 10:00:00,1034.0,1138.0615,87.74175,0.4999999999999999,-0.8660254037844387,-0.9242907221930934,-0.3816892202666586,10.0,251,0.49999999999999994,-0.8660254037844387,-0.9242907221930934,-0.3816892202666586,1141.75,max_ac,1034.0,0.9056273264725202,0.9056273264725202,-0.4514039957427065,-515.3905121392352,1549.3905121392352,leave_one_system_out
34,2010-09-08 11:00:00,1100.5,1207.6905000000002,90.638,0.258819045102521,-0.9659258262890682,-0.9242907221930934,-0.3816892202666586,11.0,251,0.258819045102521,-0.9659258262890682,-0.9242907221930934,-0.3816892202666586,1141.75,max_ac,1100.5,0.9638712502737027,0.9638712502737027,-0.5238703953774647,-598.1290239222203,1698.6290239222203,leave_one_system_out
34,2010-09-08 12:00:00,1081.0,1191.45525,92.5945,1.2246467991473532e-16,-1.0,-0.9242907221930934,-0.3816892202666586,12.0,251,1.2246467991473532e-16,-1.0,-0.9242907221930934,-0.3816892202666586,1141.75,max_ac,1081.0,0.9467922049485439,0.9467922049485439,-0.5631895519962078,-643.0216709916702,1724.0216709916704,leave_one_system_out
34,2010-09-08 13:00:00,987.5,1094.55575,95.18125,-0.2588190451025208,-0.9659258262890684,-0.9242907221930934,-0.3816892202666586,13.0,251,-0.2588190451025208,-0.9659258262890683,-0.9242907221930934,-0.3816892202666586,1141.75,max_ac,987.5,0.8649003722356032,0.8649003722356032,-0.6244229068672192,-712.9348539156475,1700.4348539156476,leave_one_system_out
34,2010-09-08 14:00:00,840.75,910.74225,94.63975,-0.4999999999999997,-0.8660254037844388,-0.9242907221930934,-0.3816892202666586,14.0,251,-0.4999999999999997,-0.8660254037844388,-0.9242907221930934,-0.3816892202666586,1141.75,max_ac,840.75,0.736369608057806,0.736369608057806,-0.5954215038116393,-679.8225019769392,1520.5725019769393,leave_one_system_out
34,2010-09-08 15:00:00,621.5,680.6395,93.1335,-0.7071067811865471,-0.7071067811865479,-0.9242907221930934,-0.3816892202666586,15.0,251,-0.7071067811865471,-0.7071067811865479,-0.9242907221930934,-0.3816892202666586,1141.75,max_ac,621.5,0.5443398292095467,0.5443398292095467,-0.592571748904602,-676.5687943118293,1298.0687943118292,leave_one_system_out
34,2010-09-08 16:00:00,324.75,397.8515,92.1615,-0.8660254037844385,-0.5000000000000004,-0.9242907221930934,-0.3816892202666586,16.0,251,-0.8660254037844385,-0.5000000000000004,-0.9242907221930934,-0.3816892202666586,1141.75,max_ac,324.75,0.28443179329975915,0.28443179329975915,-0.6470050038897931,-738.7179631911713,1063.4679631911713,leave_one_system_out
34,2010-09-08 17:00:00,53.75,111.79175,90.51125,-0.9659258262890684,-0.2588190451025206,-0.9242907221930934,-0.3816892202666586,17.0,251,-0.9659258262890683,-0.25881904510252063,-0.9242907221930934,-0.3816892202666586,1141.75,max_ac,53.75,0.047076855703963215,0.047076855703963215,-0.7530184770300165,-859.7588461490213,913.5088461490213,leave_one_system_out
34,2010-09-08 18:00:00,-3.25,2.661,84.35525,-1.0,-1.8369701987210287e-16,-0.9242907221930934,-0.3816892202666586,18.0,251,-1.0,-1.8369701987210297e-16,-0.9242907221930934,-0.3816892202666586,1141.75,max_ac,-3.25,-0.0028465075541931244,-0.0028465075541931244,-0.8882376586468527,-1014.145346760044,1010.895346760044,leave_one_system_out
34,2010-09-09 06:00:00,173.25,163.23275,64.98875000000001,1.0,6.123233995736766e-17,-0.9307239310379792,-0.3657225234972692,6.0,252,1.0,6.123233995736766e-17,-0.9307239310379793,-0.3657225234972692,1141.75,max_ac,173.25,0.15174074885044886,0.15174074885044886,-0.16716229832211071,-190.8575541092699,364.1075541092699,leave_one_system_out
34,2010-09-09 07:00:00,492.25,467.04125,67.26174999999999,0.9659258262890684,-0.2588190451025206,-0.9307239310379792,-0.3657225234972692,7.0,252,0.9659258262890683,-0.25881904510252063,-0.9307239310379793,-0.3657225234972692,1141.75,max_ac,492.25,0.4311364134004817,0.4311364134004817,-0.08368989307049596,-95.55293541323876,587.8029354132387,leave_one_system_out
34,2010-09-09 08:00:00,752.0,746.5084999999999,72.01275,0.8660254037844387,-0.4999999999999998,-0.9307239310379792,-0.3657225234972692,8.0,252,0.8660254037844387,-0.4999999999999998,-0.9307239310379793,-0.3657225234972692,1141.75,max_ac,752.0,0.6586380556163783,0.6586380556163783,-0.1021199374172454,-116.59543854613993,868.5954385461399,leave_one_system_out
34,2010-09-09 09:00:00,931.5,974.414,76.073,0.7071067811865476,-0.7071067811865475,-0.9307239310379792,-0.3657225234972692,9.0,252,0.7071067811865476,-0.7071067811865475,-0.9307239310379793,-0.3657225234972692,1141.75,max_ac,931.5,0.8158528574556602,0.8158528574556602,-0.15960612556127385,-182.2302938595844,1113.7302938595844,leave_one_system_out
34,2010-09-09 10:00:00,1023.75,1122.41225,78.79174999999998,0.4999999999999999,-0.8660254037844387,-0.9307239310379792,-0.3657225234972692,10.0,252,0.49999999999999994,-0.8660254037844387,-0.9307239310379793,-0.3657225234972692,1141.75,max_ac,1023.75,0.8966498795708342,0.8966498795708342,-0.20259483402846812,-231.31265175200346,1255.0626517520034,leave_one_system_out
34,2010-09-09 11:00:00,1052.25,1182.88575,80.928,0.258819045102521,-0.9659258262890682,-0.9307239310379792,-0.3657225234972692,11.0,252,0.258819045102521,-0.9659258262890682,-0.9307239310379793,-0.3657225234972692,1141.75,max_ac,1052.25,0.9216115611999124,0.9216115611999124,-0.23120821368654365,-263.98197797661123,1316.2319779766112,leave_one_system_out
34,2010-09-09 12:00:00,1038.5,1167.26075,82.515,1.2246467991473532e-16,-1.0,-0.9307239310379792,-0.3657225234972692,12.0,252,1.2246467991473532e-16,-1.0,-0.9307239310379793,-0.3657225234972692,1141.75,max_ac,1038.5,0.90956864462448,0.90956864462448,-0.25608053771403905,-292.3799539350041,1330.879953935004,leave_one_system_out
34,2010-09-09 13:00:00,960.75,1076.4405,85.06925,-0.2588190451025208,-0.9659258262890684,-0.9307239310379792,-0.3657225234972692,13.0,252,-0.2588190451025208,-0.9659258262890683,-0.9307239310379793,-0.3657225234972692,1141.75,max_ac,960.75,0.8414714254433983,0.8414714254433983,-0.3227621905113778,-368.51373101636557,1329.2637310163655,leave_one_system_out
34,2010-09-09 14:00:00,814.5,905.2735,85.90699999999998,-0.4999999999999997,-0.8660254037844388,-0.9307239310379792,-0.3657225234972692,14.0,252,-0.4999999999999997,-0.8660254037844388,-0.9307239310379793,-0.3657225234972692,1141.75,max_ac,814.5,0.7133785855047077,0.7133785855047077,-0.3593762657424536,-410.31785141144644,1224.8178514114466,leave_one_system_out
34,2010-09-09 15:00:00,593.5,661.45025,86.30699999999999,-0.7071067811865471,-0.7071067811865479,-0.9307239310379792,-0.3657225234972692,15.0,252,-0.7071067811865471,-0.7071067811865479,-0.9307239310379793,-0.3657225234972692,1141.75,max_ac,593.5,0.5198160718195752,0.5198160718195752,-0.4133559764843677,-471.9491861510269,1065.4491861510269,leave_one_system_out
34,2010-09-09 16:00:00,311.5,384.424,86.3475,-0.8660254037844385,-0.5000000000000004,-0.9307239310379792,-0.3657225234972692,16.0,252,-0.8660254037844385,-0.5000000000000004,-0.9307239310379793,-0.3657225234972692,1141.75,max_ac,311.5,0.2728268009634333,0.2728268009634333,-0.5139941930031319,-586.8528698613259,898.3528698613259,leave_one_system_out
34,2010-09-09 17:00:00,50.25,111.88975,86.47399999999999,-0.9659258262890684,-0.2588190451025206,-0.9307239310379792,-0.3657225234972692,17.0,252,-0.9659258262890683,-0.25881904510252063,-0.9307239310379793,-0.3657225234972692,1141.75,max_ac,50.25,0.04401138603021677,0.04401138603021677,-0.6771077617576661,-773.0877869868152,823.3377869868152,leave_one_system_out
34,2010-09-09 18:00:00,-2.25,2.3925,77.96124999999999,-1.0,-1.8369701987210287e-16,-0.9307239310379792,-0.3657225234972692,18.0,252,-1.0,-1.8369701987210297e-16,-0.9307239310379793,-0.3657225234972692,1141.75,max_ac,-2.25,-0.0019706590759798557,-0.0019706590759798557,-0.7625543676436107,-870.6464492570925,868.3964492570925,leave_one_system_out
34,2010-09-10 06:00:00,170.0,163.86725,66.67475,1.0,6.123233995736766e-17,-0.9368813462954316,-0.3496474552512282,6.0,253,1.0,6.123233995736766e-17,-0.9368813462954315,-0.34964745525122826,1141.75,max_ac,170.0,0.14889424129625575,0.14889424129625575,-0.1893720387046287,-216.21552519100982,386.2155251910098,leave_one_system_out
34,2010-09-10 07:00:00,487.0,472.50975,70.32475,0.9659258262890684,-0.2588190451025206,-0.9368813462954316,-0.3496474552512282,7.0,253,0.9659258262890683,-0.25881904510252063,-0.9368813462954315,-0.34964745525122826,1141.75,max_ac,487.0,0.42653820888986205,0.42653820888986205,-0.13707562300682052,-156.50609256803733,643.5060925680373,leave_one_system_out
34,2010-09-10 08:00:00,751.0,753.0274999999999,74.33649999999999,0.8660254037844387,-0.4999999999999998,-0.9368813462954316,-0.3496474552512282,8.0,253,0.8660254037844387,-0.4999999999999998,-0.9368813462954315,-0.34964745525122826,1141.75,max_ac,751.0,0.6577622071381651,0.6577622071381651,-0.15567176219614542,-177.73823448744903,928.7382344874491,leave_one_system_out
34,2010-09-10 09:00:00,910.75,977.9055,78.02199999999999,0.7071067811865476,-0.7071067811865475,-0.9368813462954316,-0.3496474552512282,9.0,253,0.7071067811865476,-0.7071067811865475,-0.9368813462954315,-0.34964745525122826,1141.75,max_ac,910.75,0.7976790015327349,0.7976790015327349,-0.21114973324310016,-241.0802079303096,1151.8302079303096,leave_one_system_out
34,2010-09-10 10:00:00,1014.5,1130.51775,81.571,0.4999999999999999,-0.8660254037844387,-0.9368813462954316,-0.3496474552512282,10.0,253,0.49999999999999994,-0.8660254037844387,-0.9368813462954315,-0.34964745525122826,1141.75,max_ac,1014.5,0.8885482811473615,0.8885482811473615,-0.2851397506520664,-325.5583103069968,1340.0583103069969,leave_one_system_out
34,2010-09-10 11:00:00,1050.5,1200.58575,84.31725,0.258819045102521,-0.9659258262890682,-0.9368813462954316,-0.3496474552512282,11.0,253,0.258819045102521,-0.9659258262890682,-0.9368813462954315,-0.34964745525122826,1141.75,max_ac,1050.5,0.9200788263630392,0.9200788263630392,-0.34369596163187033,-392.41486419318795,1442.914864193188,leave_one_system_out
34,2010-09-10 12:00:00,1026.5,1193.4815,86.28699999999999,1.2246467991473532e-16,-1.0,-0.9368813462954316,-0.3496474552512282,12.0,253,1.2246467991473532e-16,-1.0,-0.9368813462954315,-0.34964745525122826,1141.75,max_ac,1026.5,0.8990584628859207,0.8990584628859207,-0.3889348337256928,-444.0663464063098,1470.5663464063098,leave_one_system_out
34,2010-09-10 13:00:00,948.25,1097.04625,87.85324999999999,-0.2588190451025208,-0.9659258262890684,-0.9368813462954316,-0.3496474552512282,13.0,253,-0.2588190451025208,-0.9659258262890683,-0.9368813462954315,-0.34964745525122826,1141.75,max_ac,948.25,0.8305233194657324,0.8305233194657324,-0.4220552683853175,-481.88160267893625,1430.1316026789364,leave_one_system_out
34,2010-09-10 14:00:00,797.75,917.08975,89.03825,-0.4999999999999997,-0.8660254037844388,-0.9368813462954316,-0.3496474552512282,14.0,253,-0.4999999999999997,-0.8660254037844388,-0.9368813462954315,-0.34964745525122826,1141.75,max_ac,797.75,0.6987081234946354,0.6987081234946354,-0.45548832902537584,-520.0537996647229,1317.8037996647229,leave_one_system_out
34,2010-09-10 15:00:00,591.5,671.31375,89.44274999999999,-0.7071067811865471,-0.7071067811865479,-0.9368813462954316,-0.3496474552512282,15.0,253,-0.7071067811865471,-0.7071067811865479,-0.9368813462954315,-0.34964745525122826,1141.75,max_ac,591.5,0.5180643748631487,0.5180643748631487,-0.4998358580640033,-570.6875909445758,1162.1875909445757,leave_one_system_out
34,2010-09-10 16:00:00,303.5,385.37575,88.96199999999999,-0.8660254037844385,-0.5000000000000004,-0.9368813462954316,-0.3496474552512282,16.0,253,-0.8660254037844385,-0.5000000000000004,-0.9368813462954315,-0.34964745525122826,1141.75,max_ac,303.5,0.2658200131377272,0.2658200131377272,-0.5742110784984145,-655.6054988755648,959.1054988755648,leave_one_system_out
34,2010-09-10 17:00:00,46.75,110.62,89.03524999999999,-0.9659258262890684,-0.2588190451025206,-0.9368813462954316,-0.3496474552512282,17.0,253,-0.9659258262890683,-0.25881904510252063,-0.9368813462954315,-0.34964745525122826,1141.75,max_ac,46.75,0.04094591635647033,0.04094591635647033,-0.7296237229046588,-833.0478856263942,879.7978856263942,leave_one_system_out
34,2010-09-10 18:00:00,-2.75,2.07525,80.32824999999998,-1.0,-1.8369701987210287e-16,-0.9368813462954316,-0.3496474552512282,18.0,253,-1.0,-1.8369701987210297e-16,-0.9368813462954315,-0.34964745525122826,1141.75,max_ac,-2.75,-0.00240858331508649,-0.00240858331508649,-0.8118066267337337,-926.8802160732405,924.1302160732405,leave_one_system_out
34,2010-09-11 06:00:00,169.5,160.6935,62.1335,1.0,6.123233995736766e-17,-0.9427611433904206,-0.333468778918187,6.0,254,1.0,6.123233995736766e-17,-0.9427611433904206,-0.33346877891818705,1141.75,max_ac,169.5,0.14845631705714912,0.14845631705714912,-0.13878980722997036,-158.46326240481866,327.9632624048187,leave_one_system_out
34,2010-09-11 07:00:00,481.75,470.3125,67.90725,0.9659258262890684,-0.2588190451025206,-0.9427611433904206,-0.333468778918187,7.0,254,0.9659258262890683,-0.25881904510252063,-0.9427611433904206,-0.33346877891818705,1141.75,max_ac,481.75,0.4219400043792424,0.4219400043792424,-0.10057849780583555,-114.83549986981275,596.5854998698128,leave_one_system_out
34,2010-09-11 08:00:00,736.0,750.8054999999999,74.696,0.8660254037844387,-0.4999999999999998,-0.9427611433904206,-0.333468778918187,8.0,254,0.8660254037844387,-0.4999999999999998,-0.9427611433904206,-0.33346877891818705,1141.75,max_ac,736.0,0.6446244799649661,0.6446244799649661,-0.16427715952627153,-187.5634468891205,923.5634468891205,leave_one_system_out
34,2010-09-11 09:00:00,905.25,982.88575,79.94075,0.7071067811865476,-0.7071067811865475,-0.9427611433904206,-0.333468778918187,9.0,254,0.7071067811865476,-0.7071067811865475,-0.9427611433904206,-0.33346877891818705,1141.75,max_ac,905.25,0.7928618349025619,0.7928618349025619,-0.26485234644199884,-302.39516655015217,1207.6451665501522,leave_one_system_out
34,2010-09-11 10:00:00,1002.25,1138.965,83.78349999999999,0.4999999999999999,-0.8660254037844387,-0.9427611433904206,-0.333468778918187,10.0,254,0.49999999999999994,-0.8660254037844387,-0.9427611433904206,-0.33346877891818705,1141.75,max_ac,1002.25,0.877819137289249,0.877819137289249,-0.35606599911206316,-406.5383544861981,1408.7883544861982,leave_one_system_out
34,2010-09-11 11:00:00,1030.75,1211.45025,87.66874999999999,0.258819045102521,-0.9659258262890682,-0.9427611433904206,-0.333468778918187,11.0,254,0.258819045102521,-0.9659258262890682,-0.9427611433904206,-0.33346877891818705,1141.75,max_ac,1030.75,0.9027808189183272,0.9027808189183272,-0.4539802115350633,-518.3319065201586,1549.0819065201586,leave_one_system_out
34,2010-09-11 12:00:00,1006.5,1201.5625,90.87825,1.2246467991473532e-16,-1.0,-0.9427611433904206,-0.333468778918187,12.0,254,1.2246467991473532e-16,-1.0,-0.9427611433904206,-0.33346877891818705,1141.75,max_ac,1006.5,0.8815414933216553,0.8815414933216553,-0.5358281350271922,-611.7817731672967,1618.2817731672967,leave_one_system_out
34,2010-09-11 13:00:00,942.0,1105.88375,92.79175,-0.2588190451025208,-0.9659258262890684,-0.9427611433904206,-0.333468778918187,13.0,254,-0.2588190451025208,-0.9659258262890683,-0.9427611433904206,-0.33346877891818705,1141.75,max_ac,942.0,0.8250492664768995,0.8250492664768995,-0.5783277335281225,-660.3056897557339,1602.305689755734,leave_one_system_out
34,2010-09-11 14:00:00,806.0,926.46475,93.655,-0.4999999999999997,-0.8660254037844388,-0.9427611433904206,-0.333468778918187,14.0,254,-0.4999999999999997,-0.8660254037844388,-0.9427611433904206,-0.33346877891818705,1141.75,max_ac,806.0,0.7059338734398949,0.7059338734398949,-0.5957349494273128,-680.1803785086344,1486.1803785086345,leave_one_system_out
34,2010-09-11 15:00:00,588.25,677.2462499999999,93.46275,-0.7071067811865471,-0.7071067811865479,-0.9427611433904206,-0.333468778918187,15.0,254,-0.7071067811865471,-0.7071067811865479,-0.9427611433904206,-0.33346877891818705,1141.75,max_ac,588.25,0.5152178673089556,0.5152178673089556,-0.6100261663807719,-696.4973754652464,1284.7473754652465,leave_one_system_out
34,2010-09-11 16:00:00,300.25,388.5985,93.3615,-0.8660254037844385,-0.5000000000000004,-0.9427611433904206,-0.333468778918187,16.0,254,-0.8660254037844385,-0.5000000000000004,-0.9427611433904206,-0.33346877891818705,1141.75,max_ac,300.25,0.26297350558353405,0.26297350558353405,-0.6787837543890313,-775.0013515736764,1075.2513515736764,leave_one_system_out
34,2010-09-11 17:00:00,44.75,108.838,92.625,-0.9659258262890684,-0.2588190451025206,-0.9427611433904206,-0.333468778918187,17.0,254,-0.9659258262890683,-0.25881904510252063,-0.9427611433904206,-0.33346877891818705,1141.75,max_ac,44.75,0.03919421940004379,0.03919421940004379,-0.804603558566365,-918.6561129931473,963.4061129931473,leave_one_system_out
34,2010-09-11 18:00:00,-2.5,1.538,84.47424999999998,-1.0,-1.8369701987210287e-16,-0.9427611433904206,-0.333468778918187,18.0,254,-1.0,-1.8369701987210297e-16,-0.9427611433904206,-0.33346877891818705,1141.75,max_ac,-2.5,-0.0021896211955331727,-0.0021896211955331727,-0.8994750283307974,-1026.975613596688,1024.475613596688,leave_one_system_out
34,2010-09-12 06:00:00,170.25,163.23250000000002,63.703,1.0,6.123233995736766e-17,-0.9483615800121716,-0.3171912885891059,6.0,255,1.0,6.123233995736766e-17,-0.9483615800121716,-0.31719128858910595,1141.75,max_ac,170.25,0.14911320341580905,0.14911320341580905,-0.15920999078950226,-181.77800698391422,352.0280069839142,leave_one_system_out
34,2010-09-12 07:00:00,456.5,468.7255,71.42075,0.9659258262890684,-0.2588190451025206,-0.9483615800121716,-0.3171912885891059,7.0,255,0.9659258262890683,-0.25881904510252063,-0.9483615800121716,-0.31719128858910595,1141.75,max_ac,456.5,0.39982483030435734,0.39982483030435734,-0.1577152044913971,-180.07133472805262,636.5713347280526,leave_one_system_out
34,2010-09-12 08:00:00,720.75,767.82225,78.4195,0.8660254037844387,-0.4999999999999998,-0.9483615800121716,-0.3171912885891059,8.0,255,0.8660254037844387,-0.4999999999999998,-0.9483615800121716,-0.31719128858910595,1141.75,max_ac,720.75,0.6312677906722137,0.6312677906722137,-0.25921764196157426,-295.9617427096274,1016.7117427096274,leave_one_system_out
34,2010-09-12 09:00:00,912.0,905.3955,82.94024999999999,0.7071067811865476,-0.7071067811865475,-0.9483615800121716,-0.3171912885891059,9.0,255,0.7071067811865476,-0.7071067811865475,-0.9483615800121716,-0.31719128858910595,1141.75,max_ac,912.0,0.7987738121305015,0.7987738121305015,-0.2631602598942665,-300.4632267342788,1212.4632267342788,leave_one_system_out
34,2010-09-12 10:00:00,990.75,1129.3945,87.0285,0.4999999999999999,-0.8660254037844387,-0.9483615800121716,-0.3171912885891059,10.0,255,0.49999999999999994,-0.8660254037844387,-0.9483615800121716,-0.31719128858910595,1141.75,max_ac,990.75,0.8677468797897964,0.8677468797897964,-0.4382939060450549,-500.42206722694146,1491.1720672269414,leave_one_system_out
34,2010-09-12 11:00:00,1013.0,1198.24225,90.88075,0.258819045102521,-0.9659258262890682,-0.9483615800121716,-0.3171912885891059,11.0,255,0.258819045102521,-0.9659258262890682,-0.9483615800121716,-0.31719128858910595,1141.75,max_ac,1013.0,0.8872345084300416,0.8872345084300416,-0.5371971953224404,-613.3448977593963,1626.3448977593962,leave_one_system_out
34,2010-09-12 12:00:00,998.75,1184.1555,93.45025,1.2246467991473532e-16,-1.0,-0.9483615800121716,-0.3171912885891059,12.0,255,1.2246467991473532e-16,-1.0,-0.9483615800121716,-0.31719128858910595,1141.75,max_ac,998.75,0.8747536676155026,0.8747536676155026,-0.5980433666372081,-682.8160138580324,1681.5660138580324,leave_one_system_out
34,2010-09-12 13:00:00,920.0,1087.7685,96.417,-0.2588190451025208,-0.9659258262890684,-0.9483615800121716,-0.3171912885891059,13.0,255,-0.2588190451025208,-0.9659258262890683,-0.9483615800121716,-0.31719128858910595,1141.75,max_ac,920.0,0.8057805999562075,0.8057805999562075,-0.6715962010920932,-766.7949625968973,1686.7949625968972,leave_one_system_out
34,2010-09-12 14:00:00,781.5,904.00375,97.8415,-0.4999999999999997,-0.8660254037844388,-0.9483615800121716,-0.3171912885891059,14.0,255,-0.4999999999999997,-0.8660254037844388,-0.9483615800121716,-0.31719128858910595,1141.75,max_ac,781.5,0.6844755857236698,0.6844755857236698,-0.6965807398555827,-795.3210597301115,1576.8210597301115,leave_one_system_out
34,2010-09-12 15:00:00,576.5,658.2275,96.6065,-0.7071067811865471,-0.7071067811865479,-0.9483615800121716,-0.3171912885891059,15.0,255,-0.7071067811865471,-0.7071067811865479,-0.9483615800121716,-0.31719128858910595,1141.75,max_ac,576.5,0.5049266476899497,0.5049266476899497,-0.678559469114261,-774.7452738612075,1351.2452738612074,leave_one_system_out
34,2010-09-12 16:00:00,289.5,376.416,96.1435,-0.8660254037844385,-0.5000000000000004,-0.9483615800121716,-0.3171912885891059,16.0,255,-0.8660254037844385,-0.5000000000000004,-0.9483615800121716,-0.31719128858910595,1141.75,max_ac,289.5,0.2535581344427414,0.2535581344427414,-0.7375191013588122,-842.0624339764238,1131.5624339764238,leave_one_system_out
34,2010-09-12 17:00:00,40.25,103.80875,95.7635,-0.9659258262890684,-0.2588190451025206,-0.9483615800121716,-0.3171912885891059,17.0,255,-0.9659258262890683,-0.25881904510252063,-0.9483615800121716,-0.31719128858910595,1141.75,max_ac,40.25,0.035252901248084084,0.035252901248084084,-0.8706451391185787,-994.0590875886372,1034.3090875886373,leave_one_system_out
34,2010-09-12 18:00:00,-3.25,1.75775,87.63075,-1.0,-1.8369701987210287e-16,-0.9483615800121716,-0.3171912885891059,18.0,255,-1.0,-1.8369701987210297e-16,-0.9483615800121716,-0.31719128858910595,1141.75,max_ac,-3.25,-0.0028465075541931244,-0.0028465075541931244,-0.9702273919715966,-1107.7571247835704,1104.5071247835704,leave_one_system_out
34,2010-09-13 06:00:00,161.0,154.5165,68.18799999999999,1.0,6.123233995736766e-17,-0.9536809966304456,-0.300819807635668,6.0,256,1.0,6.123233995736766e-17,-0.9536809966304455,-0.300819807635668,1141.75,max_ac,161.0,0.14101160499233634,0.14101160499233634,-0.20976388855662353,-239.49791975952493,400.49791975952496,leave_one_system_out
34,2010-09-13 07:00:00,463.0,464.233,74.06075,0.9659258262890684,-0.2588190451025206,-0.9536809966304456,-0.300819807635668,7.0,256,0.9659258262890683,-0.25881904510252063,-0.9536809966304455,-0.300819807635668,1141.75,max_ac,463.0,0.4055178454127436,0.4055178454127436,-0.20090576384119563,-229.3841558656851,692.3841558656851,leave_one_system_out
34,2010-09-13 08:00:00,718.5,742.7245,80.18875,0.8660254037844387,-0.4999999999999998,-0.9536809966304456,-0.300819807635668,8.0,256,0.8660254037844387,-0.4999999999999998,-0.9536809966304455,-0.300819807635668,1141.75,max_ac,718.5,0.6292971315962339,0.6292971315962339,-0.27748314746681113,-316.8163836202316,1035.3163836202316,leave_one_system_out
34,2010-09-13 09:00:00,873.5,963.30575,85.3955,0.7071067811865476,-0.7071067811865475,-0.9536809966304456,-0.300819807635668,9.0,256,0.7071067811865476,-0.7071067811865475,-0.9536809966304455,-0.300819807635668,1141.75,max_ac,873.5,0.7650536457192906,0.7650536457192906,-0.3864728257377221,-441.25534878604424,1314.7553487860441,leave_one_system_out
34,2010-09-13 10:00:00,965.25,1111.621,90.14425,0.4999999999999999,-0.8660254037844387,-0.9536809966304456,-0.300819807635668,10.0,256,0.49999999999999994,-0.8660254037844387,-0.9536809966304455,-0.300819807635668,1141.75,max_ac,965.25,0.845412743595358,0.845412743595358,-0.5084624921196919,-580.5370503776581,1545.787050377658,leave_one_system_out
34,2010-09-13 11:00:00,993.25,1176.09825,94.23225,0.258819045102521,-0.9659258262890682,-0.9536809966304456,-0.300819807635668,11.0,256,0.258819045102521,-0.9659258262890682,-0.9536809966304455,-0.300819807635668,1141.75,max_ac,993.25,0.8699365009853295,0.8699365009853295,-0.6141104614411014,-701.1606193503775,1694.4106193503776,leave_one_system_out
34,2010-09-13 12:00:00,1018.75,1164.0625,98.2215,1.2246467991473532e-16,-1.0,-0.9536809966304456,-0.300819807635668,12.0,256,1.2246467991473532e-16,-1.0,-0.9536809966304455,-0.300819807635668,1141.75,max_ac,1018.75,0.8922706371797678,0.8922706371797678,-0.7237934728114704,-826.3911975824964,1845.1411975824963,leave_one_system_out
34,2010-09-13 13:00:00,932.0,1067.041,99.981,-0.2588190451025208,-0.9659258262890684,-0.9536809966304456,-0.300819807635668,13.0,256,-0.2588190451025208,-0.9659258262890683,-0.9536809966304455,-0.300819807635668,1141.75,max_ac,932.0,0.8162907816947668,0.8162907816947668,-0.7599056212783558,-867.6222430945628,1799.6222430945627,leave_one_system_out
34,2010-09-13 14:00:00,809.0,911.963,100.77525,-0.4999999999999997,-0.8660254037844388,-0.9536809966304456,-0.300819807635668,14.0,256,-0.4999999999999997,-0.8660254037844388,-0.9536809966304455,-0.300819807635668,1141.75,max_ac,809.0,0.7085614188745347,0.7085614188745347,-0.7959772715999821,-908.8070498492796,1717.8070498492796,leave_one_system_out
34,2010-09-13 15:00:00,577.0,662.622,100.464,-0.7071067811865471,-0.7071067811865479,-0.9536809966304456,-0.300819807635668,15.0,256,-0.7071067811865471,-0.7071067811865479,-0.9536809966304455,-0.300819807635668,1141.75,max_ac,577.0,0.5053645719290563,0.5053645719290563,-0.7901550861736625,-902.1595696387791,1479.159569638779,leave_one_system_out
34,2010-09-13 16:00:00,284.75,371.85075,98.52525,-0.8660254037844385,-0.5000000000000004,-0.9536809966304456,-0.300819807635668,16.0,256,-0.8660254037844385,-0.5000000000000004,-0.9536809966304455,-0.300819807635668,1141.75,max_ac,284.75,0.24939785417122837,0.24939785417122837,-0.7939419322852249,-906.4832011866555,1191.2332011866556,leave_one_system_out
34,2010-09-13 17:00:00,35.75,97.97375,97.17375,-0.9659258262890684,-0.2588190451025206,-0.9536809966304456,-0.300819807635668,17.0,256,-0.9659258262890683,-0.25881904510252063,-0.9536809966304455,-0.300819807635668,1141.75,max_ac,35.75,0.03131158309612437,0.03131158309612437,-0.9002548193141798,-1027.8659399519647,1063.6159399519647,leave_one_system_out
34,2010-09-13 18:00:00,-2.75,1.7334999999999998,89.45575,-1.0,-1.8369701987210287e-16,-0.9536809966304456,-0.300819807635668,18.0,256,-1.0,-1.8369701987210297e-16,-0.9536809966304455,-0.300819807635668,1141.75,max_ac,-2.75,-0.00240858331508649,-0.00240858331508649,-1.0137164424181297,-1157.4107481308997,1154.6607481308997,leave_one_system_out
34,2010-09-14 06:00:00,148.25,144.67775,72.6455,1.0,6.123233995736766e-17,-0.9587178169872964,-0.2843591872810036,6.0,257,1.0,6.123233995736766e-17,-0.9587178169872964,-0.2843591872810036,1141.75,max_ac,148.25,0.12984453689511716,0.12984453689511716,-0.2624681698601502,-299.6730329378265,447.9230329378265,leave_one_system_out
34,2010-09-14 07:00:00,467.0,465.06325,78.71574999999999,0.9659258262890684,-0.2588190451025206,-0.9587178169872964,-0.2843591872810036,7.0,257,0.9659258262890683,-0.25881904510252063,-0.9587178169872964,-0.2843591872810036,1141.75,max_ac,467.0,0.4090212393255967,0.4090212393255967,-0.2854521404964493,-325.914981411821,792.9149814118209,leave_one_system_out
34,2010-09-14 08:00:00,740.0,753.49125,84.86649999999999,0.8660254037844387,-0.4999999999999998,-0.9587178169872964,-0.2843591872810036,8.0,257,0.8660254037844387,-0.4999999999999998,-0.9587178169872964,-0.2843591872810036,1141.75,max_ac,740.0,0.6481278738778191,0.6481278738778191,-0.39476975067378595,-450.7283628317951,1190.728362831795,leave_one_system_out
34,2010-09-14 09:00:00,926.5,987.71975,88.40275,0.7071067811865476,-0.7071067811865475,-0.9587178169872964,-0.2843591872810036,9.0,257,0.7071067811865476,-0.7071067811865475,-0.9587178169872964,-0.2843591872810036,1141.75,max_ac,926.5,0.8114736150645938,0.8114736150645938,-0.4950856931172719,-565.2640901166452,1491.764090116645,leave_one_system_out
34,2010-09-14 10:00:00,1019.75,1141.211,91.225,0.4999999999999999,-0.8660254037844387,-0.9587178169872964,-0.2843591872810036,10.0,257,0.49999999999999994,-0.8660254037844387,-0.9587178169872964,-0.2843591872810036,1141.75,max_ac,1019.75,0.8931464856579812,0.8931464856579812,-0.5789593649543777,-661.0268549366608,1680.7768549366608,leave_one_system_out
34,2010-09-14 11:00:00,851.2,1207.3632,90.3392,0.258819045102521,-0.9659258262890682,-0.9587178169872964,-0.2843591872810036,11.0,257,0.258819045102521,-0.9659258262890682,-0.9587178169872964,-0.2843591872810036,1141.75,max_ac,851.2,0.7455222246551347,0.7455222246551347,-0.5405798408904094,-617.2070333366249,1468.4070333366249,leave_one_system_out
34,2010-09-14 12:00:00,1046.0,1193.3105,95.394,1.2246467991473532e-16,-1.0,-0.9587178169872964,-0.2843591872810036,12.0,257,1.2246467991473532e-16,-1.0,-0.9587178169872964,-0.2843591872810036,1141.75,max_ac,1046.0,0.9161375082110795,0.9161375082110795,-0.67747173082404,-773.5033486683477,1819.5033486683478,leave_one_system_out
34,2010-09-14 13:00:00,499.75,1100.24425,96.389,-0.2588190451025208,-0.9659258262890684,-0.9587178169872964,-0.2843591872810036,13.0,257,-0.2588190451025208,-0.9659258262890683,-0.9587178169872964,-0.2843591872810036,1141.75,max_ac,499.75,0.4377052769870812,0.4377052769870812,-0.6942675996928444,-792.6800319493051,1292.430031949305,leave_one_system_out
34,2010-09-14 14:00:00,-2.6,901.7382,93.964,-0.4999999999999997,-0.8660254037844388,-0.9587178169872964,-0.2843591872810036,14.0,257,-0.4999999999999997,-0.8660254037844388,-0.9587178169872964,-0.2843591872810036,1141.75,max_ac,-2.6,-0.0022772060433544996,-0.0022772060433544996,-0.5931232516367565,-677.1984725562668,674.5984725562668,leave_one_system_out
34,2010-09-14 15:00:00,-2.25,670.33675,96.41175,-0.7071067811865471,-0.7071067811865479,-0.9587178169872964,-0.2843591872810036,15.0,257,-0.7071067811865471,-0.7071067811865479,-0.9587178169872964,-0.2843591872810036,1141.75,max_ac,-2.25,-0.0019706590759798557,-0.0019706590759798557,-0.6933568251179084,-791.6401550783719,789.3901550783719,leave_one_system_out
34,2010-09-14 16:00:00,-2.75,384.57025,95.23475,-0.8660254037844385,-0.5000000000000004,-0.9587178169872964,-0.2843591872810036,16.0,257,-0.8660254037844385,-0.5000000000000004,-0.9587178169872964,-0.2843591872810036,1141.75,max_ac,-2.75,-0.00240858331508649,-0.00240858331508649,-0.7307797446830239,-834.3677734918425,831.6177734918425,leave_one_system_out
34,2010-09-14 17:00:00,-2.5,99.536,94.19175,-0.9659258262890684,-0.2588190451025206,-0.9587178169872964,-0.2843591872810036,17.0,257,-0.9659258262890683,-0.25881904510252063,-0.9587178169872964,-0.2843591872810036,1141.75,max_ac,-2.5,-0.0021896211955331727,-0.0021896211955331727,-0.8416980629650544,-961.008763390351,958.508763390351,leave_one_system_out
34,2010-09-14 18:00:00,-2.5,1.63575,88.01275000000001,-1.0,-1.8369701987210287e-16,-0.9587178169872964,-0.2843591872810036,18.0,257,-1.0,-1.8369701987210297e-16,-0.9587178169872964,-0.2843591872810036,1141.75,max_ac,-2.5,-0.0021896211955331727,-0.0021896211955331727,-0.9850468340648636,-1124.677222793558,1122.177222793558,leave_one_system_out
34,2010-09-15 06:00:00,-2.25,152.5635,64.9305,1.0,6.123233995736766e-17,-0.9634705485641486,-0.2678143051621748,6.0,258,1.0,6.123233995736766e-17,-0.9634705485641486,-0.26781430516217486,1141.75,max_ac,-2.25,-0.0019706590759798557,-0.0019706590759798557,-0.17504259757302665,-199.85488577900318,197.60488577900318,leave_one_system_out
34,2010-09-15 07:00:00,-2.0,465.8935,72.19275,0.9659258262890684,-0.2588190451025206,-0.9634705485641486,-0.2678143051621748,7.0,258,0.9659258262890683,-0.25881904510252063,-0.9634705485641486,-0.26781430516217486,1141.75,max_ac,-2.0,-0.0017516969564265383,-0.0017516969564265383,-0.17692082905178885,-201.99935656987992,199.99935656987992,leave_one_system_out
34,2010-09-15 08:00:00,-2.25,746.04475,78.422,0.8660254037844387,-0.4999999999999998,-0.9634705485641486,-0.2678143051621748,8.0,258,0.8660254037844387,-0.4999999999999998,-0.9634705485641486,-0.26781430516217486,1141.75,max_ac,-2.25,-0.0019706590759798557,-0.0019706590759798557,-0.25013421577145567,-285.59074085705953,283.34074085705953,leave_one_system_out
34,2010-09-15 09:00:00,-2.5,972.6075,83.6365,0.7071067811865476,-0.7071067811865475,-0.9634705485641486,-0.2678143051621748,9.0,258,0.7071067811865476,-0.7071067811865475,-0.9634705485641486,-0.26781430516217486,1141.75,max_ac,-2.5,-0.0021896211955331727,-0.0021896211955331727,-0.3603703835001296,-411.452885361273,408.952885361273,leave_one_system_out
34,2010-09-15 10:00:00,-2.25,1132.8125,87.96724999999999,0.4999999999999999,-0.8660254037844387,-0.9634705485641486,-0.2678143051621748,10.0,258,0.49999999999999994,-0.8660254037844387,-0.9634705485641486,-0.26781430516217486,1141.75,max_ac,-2.25,-0.0019706590759798557,-0.0019706590759798557,-0.48086201118954397,-549.0242012756619,546.7742012756619,leave_one_system_out
34,2010-09-15 11:00:00,-2.25,1211.5235,91.9465,0.258819045102521,-0.9659258262890682,-0.9634705485641486,-0.2678143051621748,11.0,258,0.258819045102521,-0.9659258262890682,-0.9634705485641486,-0.26781430516217486,1141.75,max_ac,-2.25,-0.0019706590759798557,-0.0019706590759798557,-0.5979773681186987,-682.7406600495243,680.4906600495243,leave_one_system_out
34,2010-09-15 12:00:00,-2.25,1204.05275,95.232,1.2246467991473532e-16,-1.0,-0.9634705485641486,-0.2678143051621748,12.0,258,1.2246467991473532e-16,-1.0,-0.9634705485641486,-0.26781430516217486,1141.75,max_ac,-2.25,-0.0019706590759798557,-0.0019706590759798557,-0.690117204916897,-787.9413187138672,785.6913187138672,leave_one_system_out
34,2010-09-15 13:00:00,-2.5,1092.1875,97.53575,-0.2588190451025208,-0.9659258262890684,-0.9634705485641486,-0.2678143051621748,13.0,258,-0.2588190451025208,-0.9659258262890683,-0.9634705485641486,-0.26781430516217486,1141.75,max_ac,-2.5,-0.0021896211955331727,-0.0021896211955331727,-0.7248170568898077,-827.5598747039379,825.0598747039379,leave_one_system_out
34,2010-09-15 14:00:00,-2.0,917.627,98.014,-0.4999999999999997,-0.8660254037844388,-0.9634705485641486,-0.2678143051621748,14.0,258,-0.4999999999999997,-0.8660254037844388,-0.9634705485641486,-0.26781430516217486,1141.75,max_ac,-2.0,-0.0017516969564265383,-0.0017516969564265383,-0.7300444014629898,-833.5281953703686,831.5281953703686,leave_one_system_out
34,2010-09-15 15:00:00,-2.25,588.9159999999999,98.18325,-0.7071067811865471,-0.7071067811865479,-0.9634705485641486,-0.2678143051621748,15.0,258,-0.7071067811865471,-0.7071067811865479,-0.9634705485641486,-0.26781430516217486,1141.75,max_ac,-2.25,-0.0019706590759798557,-0.0019706590759798557,-0.6643243583577311,-758.4923361549395,756.2423361549395,leave_one_system_out
34,2010-09-15 16:00:00,-2.25,376.02525,97.34075,-0.8660254037844385,-0.5000000000000004,-0.9634705485641486,-0.2678143051621748,16.0,258,-0.8660254037844385,-0.5000000000000004,-0.9634705485641486,-0.26781430516217486,1141.75,max_ac,-2.25,-0.0019706590759798557,-0.0019706590759798557,-0.7774586370149704,-887.6633988118425,885.4133988118425,leave_one_system_out
34,2010-09-15 17:00:00,-3.0,99.243,96.51025,-0.9659258262890684,-0.2588190451025206,-0.9634705485641486,-0.2678143051621748,17.0,258,-0.9659258262890683,-0.25881904510252063,-0.9634705485641486,-0.26781430516217486,1141.75,max_ac,-3.0,-0.0026275454346398074,-0.0026275454346398074,-0.8944226876750802,-1021.2071036530227,1018.2071036530227,leave_one_system_out
34,2010-09-15 18:00:00,-2.25,1.4405,85.53725,-1.0,-1.8369701987210287e-16,-0.9634705485641486,-0.2678143051621748,18.0,258,-1.0,-1.8369701987210297e-16,-0.9634705485641486,-0.26781430516217486,1141.75,max_ac,-2.25,-0.0019706590759798557,-0.0019706590759798557,-0.9344716805217684,-1066.9330412357292,1064.6830412357292,leave_one_system_out
34,2010-09-16 06:00:00,-2.75,156.32299999999998,63.1585,1.0,6.123233995736766e-17,-0.9679377830240642,-0.2511900638848195,6.0,259,1.0,6.123233995736766e-17,-0.9679377830240642,-0.25119006388481957,1141.75,max_ac,-2.75,-0.00240858331508649,-0.00240858331508649,-0.15889626668113488,-181.41981248318575,178.66981248318575,leave_one_system_out
34,2010-09-16 07:00:00,-2.75,482.05575,70.28425,0.9659258262890684,-0.2588190451025206,-0.9679377830240642,-0.2511900638848195,7.0,259,0.9659258262890683,-0.25881904510252063,-0.9679377830240642,-0.25119006388481957,1141.75,max_ac,-2.75,-0.00240858331508649,-0.00240858331508649,-0.15932653845345401,-181.9110752792311,179.1610752792311,leave_one_system_out
34,2010-09-16 08:00:00,-2.5,759.61925,76.3385,0.8660254037844387,-0.4999999999999998,-0.9679377830240642,-0.2511900638848195,8.0,259,0.8660254037844387,-0.4999999999999998,-0.9679377830240642,-0.25119006388481957,1141.75,max_ac,-2.5,-0.0021896211955331727,-0.0021896211955331727,-0.22168403811809967,-253.1077505213403,250.6077505213403,leave_one_system_out
34,2010-09-16 09:00:00,-2.5,989.28225,81.20124999999999,0.7071067811865476,-0.7071067811865475,-0.9679377830240642,-0.2511900638848195,9.0,259,0.7071067811865476,-0.7071067811865475,-0.9679377830240642,-0.25119006388481957,1141.75,max_ac,-2.5,-0.0021896211955331727,-0.0021896211955331727,-0.3206074729324474,-366.0535822206218,363.5535822206218,leave_one_system_out
34,2010-09-16 10:00:00,-2.75,1150.415,86.732,0.4999999999999999,-0.8660254037844387,-0.9679377830240642,-0.2511900638848195,10.0,259,0.49999999999999994,-0.8660254037844387,-0.9679377830240642,-0.25119006388481957,1141.75,max_ac,-2.75,-0.00240858331508649,-0.00240858331508649,-0.4701469830994629,-536.7903179538117,534.0403179538117,leave_one_system_out
34,2010-09-16 11:00:00,-2.0,1219.57975,91.01775,0.258819045102521,-0.9659258262890682,-0.9679377830240642,-0.2511900638848195,11.0,259,0.258819045102521,-0.9659258262890682,-0.9679377830240642,-0.25119006388481957,1141.75,max_ac,-2.0,-0.0017516969564265383,-0.0017516969564265383,-0.5840685656013093,-666.8602847752949,664.8602847752949,leave_one_system_out
34,2010-09-16 12:00:00,-2.25,1206.543,94.0955,1.2246467991473532e-16,-1.0,-0.9679377830240642,-0.2511900638848195,12.0,259,1.2246467991473532e-16,-1.0,-0.9679377830240642,-0.25119006388481957,1141.75,max_ac,-2.25,-0.0019706590759798557,-0.0019706590759798557,-0.6624326633377792,-756.3324933659094,754.0824933659094,leave_one_system_out
34,2010-09-16 13:00:00,-2.5,1107.27525,96.8495,-0.2588190451025208,-0.9659258262890684,-0.9679377830240642,-0.2511900638848195,13.0,259,-0.2588190451025208,-0.9659258262890683,-0.9679377830240642,-0.25119006388481957,1141.75,max_ac,-2.5,-0.0021896211955331727,-0.0021896211955331727,-0.7260532260363753,-828.9712708270315,826.4712708270315,leave_one_system_out
34,2010-09-17 08:00:00,386.0,744.0675,77.15875,0.8660254037844387,-0.4999999999999998,-0.9721181966290612,-0.2344913895704105,8.0,260,0.8660254037844387,-0.4999999999999998,-0.9721181966290612,-0.23449138957041052,1141.75,max_ac,386.0,0.33807751259032187,0.33807751259032187,-0.22893836674201629,-261.3903802276971,647.390380227697,leave_one_system_out
34,2010-09-17 09:00:00,872.5,974.68275,82.27449999999999,0.7071067811865476,-0.7071067811865475,-0.9721181966290612,-0.2344913895704105,9.0,260,0.7071067811865476,-0.7071067811865475,-0.9721181966290612,-0.23449138957041052,1141.75,max_ac,872.5,0.7641777972410773,0.7641777972410773,-0.3366449360348043,-384.3643557177378,1256.864355717738,leave_one_system_out
34,2010-09-17 10:00:00,964.75,1125.90325,87.30175,0.4999999999999999,-0.8660254037844387,-0.9721181966290612,-0.2344913895704105,10.0,260,0.49999999999999994,-0.8660254037844387,-0.9721181966290612,-0.23449138957041052,1141.75,max_ac,964.75,0.8449748193562514,0.8449748193562514,-0.46330454478213823,-528.9779640050064,1493.7279640050065,leave_one_system_out
34,2010-09-17 11:00:00,992.0,1193.18825,91.75925,0.258819045102521,-0.9659258262890682,-0.9721181966290612,-0.2344913895704105,11.0,260,0.258819045102521,-0.9659258262890682,-0.9721181966290612,-0.23449138957041052,1141.75,max_ac,992.0,0.868841690387563,0.868841690387563,-0.5799395547773392,-662.1459866670269,1654.145986667027,leave_one_system_out
34,2010-09-17 12:00:00,970.0,1174.90225,94.99425,1.2246467991473532e-16,-1.0,-0.9721181966290612,-0.2344913895704105,12.0,260,1.2246467991473532e-16,-1.0,-0.9721181966290612,-0.23449138957041052,1141.75,max_ac,970.0,0.8495730238668711,0.8495730238668711,-0.6573550933564495,-750.5351778397262,1720.5351778397262,leave_one_system_out
34,2010-09-17 13:00:00,894.0,1078.2715,97.64425,-0.2588190451025208,-0.9659258262890684,-0.9721181966290612,-0.2344913895704105,13.0,260,-0.2588190451025208,-0.9659258262890683,-0.9721181966290612,-0.23449138957041052,1141.75,max_ac,894.0,0.7830085395226626,0.7830085395226626,-0.7213714419814939,-823.6258438823708,1717.6258438823706,leave_one_system_out
34,2010-09-17 14:00:00,759.75,893.67675,98.41125,-0.4999999999999997,-0.8660254037844388,-0.9721181966290612,-0.2344913895704105,14.0,260,-0.4999999999999997,-0.8660254037844388,-0.9721181966290612,-0.23449138957041052,1141.75,max_ac,759.75,0.6654258813225312,0.6654258813225312,-0.7246819270185078,-827.4055901733813,1587.1555901733814,leave_one_system_out
34,2010-09-17 15:00:00,544.25,646.26475,98.61625,-0.7071067811865471,-0.7071067811865479,-0.9721181966290612,-0.2344913895704105,15.0,260,-0.7071067811865471,-0.7071067811865479,-0.9721181966290612,-0.23449138957041052,1141.75,max_ac,544.25,0.47668053426757173,0.47668053426757173,-0.7414524052860537,-846.5532837353518,1390.8032837353517,leave_one_system_out
34,2010-09-17 16:00:00,253.0,357.4705,98.12525,-0.8660254037844385,-0.5000000000000004,-0.9721181966290612,-0.2344913895704105,16.0,260,-0.8660254037844385,-0.5000000000000004,-0.9721181966290612,-0.23449138957041052,1141.75,max_ac,253.0,0.2215896649879571,0.2215896649879571,-0.787971689728013,-899.6666767469588,1152.6666767469587,leave_one_system_out
34,2010-09-17 17:00:00,26.25,82.39750000000001,97.69,-0.9659258262890684,-0.2588190451025206,-0.9721181966290612,-0.2344913895704105,17.0,260,-0.9659258262890683,-0.25881904510252063,-0.9721181966290612,-0.23449138957041052,1141.75,max_ac,26.25,0.022991022553098314,0.022991022553098314,-0.9144463932432608,-1044.0691694854931,1070.3191694854931,leave_one_system_out
34,2010-09-17 18:00:00,-2.5,1.294,89.89375000000001,-1.0,-1.8369701987210287e-16,-0.9721181966290612,-0.2344913895704105,18.0,260,-1.0,-1.8369701987210297e-16,-0.9721181966290612,-0.23449138957041052,1141.75,max_ac,-2.5,-0.0021896211955331727,-0.0021896211955331727,-1.0368057675485054,-1183.772985098506,1181.272985098506,leave_one_system_out
34,2010-09-18 06:00:00,150.75,143.18825,61.26775,1.0,6.123233995736766e-17,-0.9760105506323682,-0.2177232303965322,6.0,261,1.0,6.123233995736766e-17,-0.9760105506323682,-0.21772323039653224,1141.75,max_ac,150.75,0.1320341580906503,0.1320341580906503,-0.13758500123608963,-157.08767516130533,307.83767516130536,leave_one_system_out
34,2010-09-18 07:00:00,463.0,464.8195,69.8335,0.9659258262890684,-0.2588190451025206,-0.9760105506323682,-0.2177232303965322,7.0,261,0.9659258262890683,-0.25881904510252063,-0.9760105506323682,-0.21772323039653224,1141.75,max_ac,463.0,0.4055178454127436,0.4055178454127436,-0.146478177972593,-167.24145970020805,630.241459700208,leave_one_system_out
34,2010-09-18 08:00:00,715.75,753.589,77.149,0.8660254037844387,-0.4999999999999998,-0.9760105506323682,-0.2177232303965322,8.0,261,0.8660254037844387,-0.4999999999999998,-0.9760105506323682,-0.21772323039653224,1141.75,max_ac,715.75,0.6268885482811474,0.6268885482811474,-0.2404735821366032,-274.5607124044667,990.3107124044667,leave_one_system_out
34,2010-09-18 09:00:00,879.25,983.5205,82.75275,0.7071067811865476,-0.7071067811865475,-0.9760105506323682,-0.2177232303965322,9.0,261,0.7071067811865476,-0.7071067811865475,-0.9760105506323682,-0.21772323039653224,1141.75,max_ac,879.25,0.7700897744690168,0.7700897744690168,-0.3615150163804751,-412.75976995240745,1292.0097699524074,leave_one_system_out
34,2010-09-18 10:00:00,972.75,1139.575,87.25375,0.4999999999999999,-0.8660254037844387,-0.9760105506323682,-0.2177232303965322,10.0,261,0.49999999999999994,-0.8660254037844387,-0.9760105506323682,-0.21772323039653224,1141.75,max_ac,972.75,0.8519816071819575,0.8519816071819575,-0.48163268092623157,-549.9041134475249,1522.6541134475249,leave_one_system_out
34,2010-09-18 11:00:00,1005.75,1210.6935,90.6935,0.258819045102521,-0.9659258262890682,-0.9760105506323682,-0.2177232303965322,11.0,261,0.258819045102521,-0.9659258262890682,-0.9760105506323682,-0.21772323039653224,1141.75,max_ac,1005.75,0.8808846069629954,0.8808846069629954,-0.5733465568164848,-654.6184312452216,1660.3684312452215,leave_one_system_out
34,2010-09-18 12:00:00,989.0,1198.90125,94.399,1.2246467991473532e-16,-1.0,-0.9760105506323682,-0.2177232303965322,12.0,261,1.2246467991473532e-16,-1.0,-0.9760105506323682,-0.21772323039653224,1141.75,max_ac,989.0,0.8662141449529231,0.8662141449529231,-0.6725069967935112,-767.8348635889914,1756.8348635889915,leave_one_system_out
34,2010-09-18 13:00:00,910.25,1094.38475,97.214,-0.2588190451025208,-0.9659258262890684,-0.9760105506323682,-0.2177232303965322,13.0,261,-0.2588190451025208,-0.9659258262890683,-0.9760105506323682,-0.21772323039653224,1141.75,max_ac,910.25,0.7972410772936283,0.7972410772936283,-0.7320255905710783,-835.7902180345286,1746.0402180345286,leave_one_system_out
34,2010-09-18 14:00:00,766.0,904.956,98.17575,-0.4999999999999997,-0.8660254037844388,-0.9760105506323682,-0.2177232303965322,14.0,261,-0.4999999999999997,-0.8660254037844388,-0.9760105506323682,-0.21772323039653224,1141.75,max_ac,766.0,0.6708999343113642,0.6708999343113642,-0.7349862494965752,-839.1705503627147,1605.1705503627147,leave_one_system_out
34,2010-09-18 15:00:00,549.5,652.90525,97.6925,-0.7071067811865471,-0.7071067811865479,-0.9760105506323682,-0.2177232303965322,15.0,261,-0.7071067811865471,-0.7071067811865479,-0.9760105506323682,-0.21772323039653224,1141.75,max_ac,549.5,0.4812787387781914,0.4812787387781914,-0.7279767756810277,-831.1674836338134,1380.6674836338134,leave_one_system_out
34,2010-09-18 16:00:00,250.5,359.35075,96.708,-0.8660254037844385,-0.5000000000000004,-0.9760105506323682,-0.2177232303965322,16.0,261,-0.8660254037844385,-0.5000000000000004,-0.9760105506323682,-0.21772323039653224,1141.75,max_ac,250.5,0.21940004379242392,0.21940004379242392,-0.7603672258659201,-868.1492801324142,1118.6492801324143,leave_one_system_out
34,2010-09-18 17:00:00,25.0,78.05199999999999,95.551,-0.9659258262890684,-0.2588190451025206,-0.9760105506323682,-0.2177232303965322,17.0,261,-0.9659258262890683,-0.25881904510252063,-0.9760105506323682,-0.21772323039653224,1141.75,max_ac,25.0,0.02189621195533173,0.02189621195533173,-0.869574444427761,-992.8366219253961,1017.8366219253961,leave_one_system_out
34,2010-09-18 18:00:00,-4.25,1.00075,89.47075000000001,-1.0,-1.8369701987210287e-16,-0.9760105506323682,-0.2177232303965322,18.0,261,-1.0,-1.8369701987210297e-16,-0.9760105506323682,-0.21772323039653224,1141.75,max_ac,-4.25,-0.0037223560324063936,-0.0037223560324063936,-1.0305296976072182,-1176.6072822430415,1172.3572822430415,leave_one_system_out
34,2010-09-19 06:00:00,134.25,144.77550000000002,62.5535,1.0,6.123233995736766e-17,-0.97961369164549,-0.2008905551306352,6.0,262,1.0,6.123233995736766e-17,-0.9796136916454901,-0.20089055513063528,1141.75,max_ac,134.25,0.11758265820013138,0.11758265820013138,-0.15392715313275962,-175.7463270893283,309.9963270893283,leave_one_system_out
34,2010-09-19 07:00:00,465.75,471.24,68.32724999999999,0.9659258262890684,-0.2588190451025206,-0.97961369164549,-0.2008905551306352,7.0,262,0.9659258262890683,-0.25881904510252063,-0.9796136916454901,-0.20089055513063528,1141.75,max_ac,465.75,0.4079264287278301,0.4079264287278301,-0.12929365796832326,-147.62103398533307,613.371033985333,leave_one_system_out
34,2010-09-19 08:00:00,720.25,759.79025,75.329,0.8660254037844387,-0.4999999999999998,-0.97961369164549,-0.2008905551306352,8.0,262,0.8660254037844387,-0.4999999999999998,-0.9796136916454901,-0.20089055513063528,1141.75,max_ac,720.25,0.6308298664331071,0.6308298664331071,-0.21106686746209857,-240.98559592485105,961.235595924851,leave_one_system_out
34,2010-09-19 09:00:00,878.0,990.1365,81.58624999999999,0.7071067811865476,-0.7071067811865475,-0.97961369164549,-0.2008905551306352,9.0,262,0.7071067811865476,-0.7071067811865475,-0.9796136916454901,-0.20089055513063528,1141.75,max_ac,878.0,0.7689949638712503,0.7689949638712503,-0.34295530263355756,-391.5692167818643,1269.5692167818643,leave_one_system_out
34,2010-09-19 10:00:00,966.75,1138.94075,87.10899999999998,0.4999999999999999,-0.8660254037844387,-0.97961369164549,-0.2008905551306352,10.0,262,0.49999999999999994,-0.8660254037844387,-0.9796136916454901,-0.20089055513063528,1141.75,max_ac,966.75,0.8467265163126779,0.8467265163126779,-0.48132915239805385,-549.5575597504779,1516.307559750478,leave_one_system_out
34,2010-09-19 11:00:00,988.25,1202.4415,91.129,0.258819045102521,-0.9659258262890682,-0.97961369164549,-0.2008905551306352,11.0,262,0.258819045102521,-0.9659258262890682,-0.9796136916454901,-0.20089055513063528,1141.75,max_ac,988.25,0.8655572585942632,0.8655572585942632,-0.5815084963652539,-663.9373257250287,1652.1873257250286,leave_one_system_out
34,2010-09-19 12:00:00,965.75,1182.15325,95.63175,1.2246467991473532e-16,-1.0,-0.97961369164549,-0.2008905551306352,12.0,262,1.2246467991473532e-16,-1.0,-0.9796136916454901,-0.20089055513063528,1141.75,max_ac,965.75,0.8458506678344646,0.8458506678344646,-0.6955407606635878,-794.1336634876515,1759.8836634876516,leave_one_system_out
34,2010-09-19 13:00:00,887.5,1077.12425,98.87225,-0.2588190451025208,-0.9659258262890684,-0.97961369164549,-0.2008905551306352,13.0,262,-0.2588190451025208,-0.9659258262890683,-0.9796136916454901,-0.20089055513063528,1141.75,max_ac,887.5,0.7773155244142763,0.7773155244142763,-0.7675590478063711,-876.3605428329241,1763.8605428329242,leave_one_system_out
34,2010-09-19 14:00:00,747.75,890.16125,101.80825,-0.4999999999999997,-0.8660254037844388,-0.97961369164549,-0.2008905551306352,14.0,262,-0.4999999999999997,-0.8660254037844388,-0.9796136916454901,-0.20089055513063528,1141.75,max_ac,747.75,0.654915699583972,0.654915699583972,-0.8299373847951609,-947.5810090898749,1695.331009089875,leave_one_system_out
34,2010-09-19 15:00:00,548.75,641.5772499999999,101.102,-0.7071067811865471,-0.7071067811865479,-0.97961369164549,-0.2008905551306352,15.0,262,-0.7071067811865471,-0.7071067811865479,-0.9796136916454901,-0.20089055513063528,1141.75,max_ac,548.75,0.4806218524195314,0.4806218524195314,-0.8123829215420576,-927.5382006706443,1476.2882006706443,leave_one_system_out
34,2010-09-19 16:00:00,249.25,358.13,98.801,-0.8660254037844385,-0.5000000000000004,-0.97961369164549,-0.2008905551306352,16.0,262,-0.8660254037844385,-0.5000000000000004,-0.9796136916454901,-0.20089055513063528,1141.75,max_ac,249.25,0.21830523319465733,0.21830523319465733,-0.8129545122332106,-928.1908143422681,1177.4408143422681,leave_one_system_out
34,2010-09-19 17:00:00,23.5,80.6155,96.647,-0.9659258262890684,-0.2588190451025206,-0.97961369164549,-0.2008905551306352,17.0,262,-0.9659258262890683,-0.25881904510252063,-0.9796136916454901,-0.20089055513063528,1141.75,max_ac,23.5,0.020582439238011823,0.020582439238011823,-0.8983596290040731,-1025.7021064154005,1049.2021064154005,leave_one_system_out
34,2010-09-19 18:00:00,-4.0,0.8545,86.7675,-1.0,-1.8369701987210287e-16,-0.97961369164549,-0.2008905551306352,18.0,262,-1.0,-1.8369701987210297e-16,-0.9796136916454901,-0.20089055513063528,1141.75,max_ac,-4.0,-0.0035033939128530766,-0.0035033939128530766,-0.9737773553408281,-1111.8102954603905,1107.8102954603905,leave_one_system_out
34,2010-09-20 06:00:00,141.25,136.71875,66.69725,1.0,6.123233995736766e-17,-0.9829265519799822,-0.1839983516576798,6.0,263,1.0,6.123233995736766e-17,-0.9829265519799822,-0.18399835165767986,1141.75,max_ac,141.25,0.12371359754762426,0.12371359754762426,-0.19908302253189092,-227.30304097578644,368.5530409757864,leave_one_system_out
34,2010-09-20 07:00:00,453.5,459.64325,71.851,0.9659258262890684,-0.2588190451025206,-0.9829265519799822,-0.1839983516576798,7.0,263,0.9659258262890683,-0.25881904510252063,-0.9829265519799822,-0.18399835165767986,1141.75,max_ac,453.5,0.39719728486971756,0.39719728486971756,-0.18150085462461696,-207.22860076765642,660.7286007676564,leave_one_system_out
34,2010-09-20 08:00:00,715.5,749.80475,77.61474999999999,0.8660254037844387,-0.4999999999999998,-0.9829265519799822,-0.1839983516576798,8.0,263,0.8660254037844387,-0.4999999999999998,-0.9829265519799822,-0.18399835165767986,1141.75,max_ac,715.5,0.6266695861615941,0.6266695861615941,-0.25408997055252514,-290.10722387834556,1005.6072238783456,leave_one_system_out
34,2010-09-20 09:00:00,880.25,977.295,83.34774999999999,0.7071067811865476,-0.7071067811865475,-0.9829265519799822,-0.1839983516576798,9.0,263,0.7071067811865476,-0.7071067811865475,-0.9829265519799822,-0.18399835165767986,1141.75,max_ac,880.25,0.7709656229472301,0.7709656229472301,-0.3782745622624675,-431.89498146317226,1312.1449814631724,leave_one_system_out
34,2010-09-20 10:00:00,958.0,1130.2086666666669,88.59433333333334,0.4999999999999999,-0.8660254037844387,-0.9829265519799822,-0.1839983516576798,10.0,263,0.49999999999999994,-0.8660254037844387,-0.9829265519799822,-0.18399835165767986,1141.75,max_ac,958.0,0.8390628421283118,0.8390628421283118,-0.5178776243129254,-591.2867775592825,1549.2867775592827,leave_one_system_out
34,2010-09-20 11:00:00,985.5,1190.86875,92.30075,0.258819045102521,-0.9659258262890682,-0.9829265519799822,-0.1839983516576798,11.0,263,0.258819045102521,-0.9659258262890682,-0.9829265519799822,-0.18399835165767986,1141.75,max_ac,985.5,0.8631486752791767,0.8631486752791767,-0.6076438215956791,-693.7773333068666,1679.2773333068667,leave_one_system_out
34,2010-09-20 12:00:00,956.75,1164.40425,94.65,1.2246467991473532e-16,-1.0,-0.9829265519799822,-0.1839983516576798,12.0,263,1.2246467991473532e-16,-1.0,-0.9829265519799822,-0.18399835165767986,1141.75,max_ac,956.75,0.8379680315305452,0.8379680315305452,-0.6489765880729367,-740.9690194322754,1697.7190194322754,leave_one_system_out
34,2010-09-20 13:00:00,898.25,1066.33325,97.72525,-0.2588190451025208,-0.9659258262890684,-0.9829265519799822,-0.1839983516576798,13.0,263,-0.2588190451025208,-0.9659258262890683,-0.9829265519799822,-0.18399835165767986,1141.75,max_ac,898.25,0.7867308955550689,0.7867308955550689,-0.7244756541480929,-827.1700781235851,1725.420078123585,leave_one_system_out
34,2010-09-20 14:00:00,786.75,902.00225,98.882,-0.4999999999999997,-0.8660254037844388,-0.9829265519799822,-0.1839983516576798,14.0,263,-0.4999999999999997,-0.8660254037844388,-0.9829265519799822,-0.18399835165767986,1141.75,max_ac,786.75,0.6890737902342895,0.6890737902342895,-0.762015530818816,-870.0312323123832,1656.781232312383,leave_one_system_out
34,2010-09-20 15:00:00,556.5,652.71,97.3885,-0.7071067811865471,-0.7071067811865479,-0.9829265519799822,-0.1839983516576798,15.0,263,-0.7071067811865471,-0.7071067811865479,-0.9829265519799822,-0.18399835165767986,1141.75,max_ac,556.5,0.48740967812568425,0.48740967812568425,-0.7286537203921036,-831.9403852576843,1388.4403852576843,leave_one_system_out
34,2010-09-20 16:00:00,244.25,353.75975,95.19675,-0.8660254037844385,-0.5000000000000004,-0.9829265519799822,-0.1839983516576798,16.0,263,-0.8660254037844385,-0.5000000000000004,-0.9829265519799822,-0.18399835165767986,1141.75,max_ac,244.25,0.21392599080359098,0.21392599080359098,-0.7287299647303381,-832.0274372308636,1076.2774372308636,leave_one_system_out
34,2010-09-20 17:00:00,21.75,71.85074999999999,93.19175,-0.9659258262890684,-0.2588190451025206,-0.9829265519799822,-0.1839983516576798,17.0,263,-0.9659258262890683,-0.25881904510252063,-0.9829265519799822,-0.18399835165767986,1141.75,max_ac,21.75,0.019049704401138602,0.019049704401138602,-0.8239470868277906,-940.74158638563,962.49158638563,leave_one_system_out
34,2010-09-20 18:00:00,-4.0,0.7324999999999999,86.65875,-1.0,-1.8369701987210287e-16,-0.9829265519799822,-0.1839983516576798,18.0,263,-1.0,-1.8369701987210297e-16,-0.9829265519799822,-0.18399835165767986,1141.75,max_ac,-4.0,-0.0035033939128530766,-0.0035033939128530766,-0.9746172050715086,-1112.769193890395,1108.769193890395,leave_one_system_out
34,2010-09-21 06:00:00,125.75,128.198,65.386,1.0,6.123233995736766e-17,-0.9859481499638304,-0.1670516255021195,6.0,264,1.0,6.123233995736766e-17,-0.9859481499638303,-0.1670516255021195,1141.75,max_ac,125.75,0.11013794613531859,0.11013794613531859,-0.18214599774443896,-207.9651929247132,333.71519292471316,leave_one_system_out
34,2010-09-21 07:00:00,429.75,438.623,70.669,0.9659258262890684,-0.2588190451025206,-0.9859481499638304,-0.1670516255021195,7.0,264,0.9659258262890683,-0.25881904510252063,-0.9859481499638303,-0.1670516255021195,1141.75,max_ac,429.75,0.3763958835121524,0.3763958835121524,-0.15099881711302854,-172.40289943880035,602.1528994388003,leave_one_system_out
34,2010-09-21 08:00:00,694.25,717.16325,77.12875,0.8660254037844387,-0.4999999999999998,-0.9859481499638304,-0.1670516255021195,8.0,264,0.8660254037844387,-0.4999999999999998,-0.9859481499638303,-0.1670516255021195,1141.75,max_ac,694.25,0.608057805999562,0.608057805999562,-0.21895967158808716,-249.9972050356985,944.2472050356985,leave_one_system_out
34,2010-09-21 09:00:00,861.0,942.52925,82.38324999999999,0.7071067811865476,-0.7071067811865475,-0.9859481499638304,-0.1670516255021195,9.0,264,0.7071067811865476,-0.7071067811865475,-0.9859481499638303,-0.1670516255021195,1141.75,max_ac,861.0,0.7541055397416248,0.7541055397416248,-0.32295400548602593,-368.7327357636701,1229.73273576367,leave_one_system_out
34,2010-09-21 10:00:00,961.5,1093.3105,88.0305,0.4999999999999999,-0.8660254037844387,-0.9859481499638304,-0.1670516255021195,10.0,264,0.49999999999999994,-0.8660254037844387,-0.9859481499638303,-0.1670516255021195,1141.75,max_ac,961.5,0.8421283118020583,0.8421283118020583,-0.46449518212790364,-530.3373741945339,1491.8373741945338,leave_one_system_out
34,2010-09-21 11:00:00,1002.25,1158.3985,93.21975,0.258819045102521,-0.9659258262890682,-0.9859481499638304,-0.1670516255021195,11.0,264,0.258819045102521,-0.9659258262890682,-0.9859481499638303,-0.1670516255021195,1141.75,max_ac,1002.25,0.877819137289249,0.877819137289249,-0.600311042782041,-685.4051330963953,1687.6551330963953,leave_one_system_out
34,2010-09-21 12:00:00,1004.5,1157.08,97.28,1.2246467991473532e-16,-1.0,-0.9859481499638304,-0.1670516255021195,12.0,264,1.2246467991473532e-16,-1.0,-0.9859481499638303,-0.1670516255021195,1141.75,max_ac,1004.5,0.8797897963652288,0.8797897963652288,-0.7254392763784009,-828.2702938050392,1832.7702938050393,leave_one_system_out
34,2010-09-21 13:00:00,933.5,1061.86525,98.343,-0.2588190451025208,-0.9659258262890684,-0.9859481499638304,-0.1670516255021195,13.0,264,-0.2588190451025208,-0.9659258262890683,-0.9859481499638303,-0.1670516255021195,1141.75,max_ac,933.5,0.8176045544120867,0.8176045544120867,-0.7429357634770574,-848.2469079499302,1781.7469079499301,leave_one_system_out
34,2010-09-21 14:00:00,776.25,876.88,98.52775,-0.4999999999999997,-0.8660254037844388,-0.9859481499638304,-0.1670516255021195,14.0,264,-0.4999999999999997,-0.8660254037844388,-0.9859481499638303,-0.1670516255021195,1141.75,max_ac,776.25,0.6798773812130502,0.6798773812130502,-0.7285403943788843,-831.8109952820911,1608.060995282091,leave_one_system_out
34,2010-09-21 15:00:00,539.75,625.75675,96.91025,-0.7071067811865471,-0.7071067811865479,-0.9859481499638304,-0.1670516255021195,15.0,264,-0.7071067811865471,-0.7071067811865479,-0.9859481499638303,-0.1670516255021195,1141.75,max_ac,539.75,0.472739216115612,0.472739216115612,-0.6943953171917926,-792.8258534037292,1332.575853403729,leave_one_system_out
34,2010-09-21 16:00:00,236.25,339.6975,94.15375,-0.8660254037844385,-0.5000000000000004,-0.9859481499638304,-0.1670516255021195,16.0,264,-0.8660254037844385,-0.5000000000000004,-0.9859481499638303,-0.1670516255021195,1141.75,max_ac,236.25,0.20691920297788483,0.20691920297788483,-0.697695458335945,-796.5937895550652,1032.843789555065,leave_one_system_out
34,2010-09-21 17:00:00,20.0,66.84575,92.02225,-0.9659258262890684,-0.2588190451025206,-0.9859481499638304,-0.1670516255021195,17.0,264,-0.9659258262890683,-0.25881904510252063,-0.9859481499638303,-0.1670516255021195,1141.75,max_ac,20.0,0.01751696956426538,0.01751696956426538,-0.8007109328506402,-914.2117075822184,934.2117075822184,leave_one_system_out
34,2010-09-21 18:00:00,-2.5,0.51275,84.59575000000001,-1.0,-1.8369701987210287e-16,-0.9859481499638304,-0.1670516255021195,18.0,264,-1.0,-1.8369701987210297e-16,-0.9859481499638303,-0.1670516255021195,1141.75,max_ac,-2.5,-0.0021896211955331727,-0.0021896211955331727,-0.9329990374109581,-1065.2516509639615,1062.7516509639615,leave_one_system_out
34,2010-09-22 06:00:00,138.25,133.81324999999998,68.826,1.0,6.123233995736766e-17,-0.9886775902323404,-0.1500553983446526,6.0,265,1.0,6.123233995736766e-17,-0.9886775902323404,-0.15005539834465262,1141.75,max_ac,138.25,0.12108605211298445,0.12108605211298445,-0.2276155812705012,-259.88008991559474,398.13008991559474,leave_one_system_out
34,2010-09-22 07:00:00,461.5,462.1825,71.59025,0.9659258262890684,-0.2588190451025206,-0.9886775902323404,-0.1500553983446526,7.0,265,0.9659258262890683,-0.25881904510252063,-0.9886775902323404,-0.15005539834465262,1141.75,max_ac,461.5,0.4042040726954237,0.4042040726954237,-0.1848536831508023,-211.05669273742853,672.5566927374285,leave_one_system_out
34,2010-09-22 08:00:00,739.0,743.7745,75.00474999999997,0.8660254037844387,-0.4999999999999998,-0.9886775902323404,-0.1500553983446526,8.0,265,0.8660254037844387,-0.4999999999999998,-0.9886775902323404,-0.15005539834465262,1141.75,max_ac,739.0,0.6472520253996059,0.6472520253996059,-0.20164841945424694,-230.23208291188644,969.2320829118864,leave_one_system_out
34,2010-09-22 09:00:00,919.75,967.749,79.10799999999999,0.7071067811865476,-0.7071067811865475,-0.9886775902323404,-0.1500553983446526,9.0,265,0.7071067811865476,-0.7071067811865475,-0.9886775902323404,-0.15005539834465262,1141.75,max_ac,919.75,0.8055616378366542,0.8055616378366542,-0.2726808366182569,-311.33334520889485,1231.0833452088948,leave_one_system_out
34,2010-09-22 10:00:00,1040.0,1116.6015,81.90775000000001,0.4999999999999999,-0.8660254037844387,-0.9886775902323404,-0.1500553983446526,10.0,265,0.49999999999999994,-0.8660254037844387,-0.9886775902323404,-0.15005539834465262,1141.75,max_ac,1040.0,0.9108824173417999,0.9108824173417999,-0.32924989070192723,-375.92106270892543,1415.9210627089255,leave_one_system_out
34,2010-09-22 11:00:00,1083.0,1176.123,83.54024999999999,0.258819045102521,-0.9659258262890682,-0.9886775902323404,-0.1500553983446526,11.0,265,0.258819045102521,-0.9659258262890682,-0.9886775902323404,-0.15005539834465262,1141.75,max_ac,1083.0,0.9485439019049704,0.9485439019049704,-0.3490598235193876,-398.5390535032608,1481.5390535032607,leave_one_system_out
34,2010-09-22 12:00:00,1045.5,1152.61225,85.654,1.2246467991473532e-16,-1.0,-0.9886775902323404,-0.1500553983446526,12.0,265,1.2246467991473532e-16,-1.0,-0.9886775902323404,-0.15005539834465262,1141.75,max_ac,1045.5,0.9156995839719728,0.9156995839719728,-0.38344957497789456,-437.8035522310111,1483.303552231011,leave_one_system_out
34,2010-09-22 13:00:00,959.25,1046.19125,86.4915,-0.2588190451025208,-0.9659258262890684,-0.9886775902323404,-0.1500553983446526,13.0,265,-0.2588190451025208,-0.9659258262890683,-0.9886775902323404,-0.15005539834465262,1141.75,max_ac,959.25,0.8401576527260783,0.8401576527260783,-0.38928317823955016,-444.4640687550064,1403.7140687550063,leave_one_system_out
34,2010-09-22 14:00:00,780.0,862.0607499999999,87.17750000000001,-0.4999999999999997,-0.8660254037844388,-0.9886775902323404,-0.1500553983446526,14.0,265,-0.4999999999999997,-0.8660254037844388,-0.9886775902323404,-0.15005539834465262,1141.75,max_ac,780.0,0.6831618130063499,0.6831618130063499,-0.41020472911840034,-468.35124947093357,1248.3512494709335,leave_one_system_out
34,2010-09-22 15:00:00,535.25,603.9795,86.82575,-0.7071067811865471,-0.7071067811865479,-0.9886775902323404,-0.1500553983446526,15.0,265,-0.7071067811865471,-0.7071067811865479,-0.9886775902323404,-0.15005539834465262,1141.75,max_ac,535.25,0.4687978979636523,0.4687978979636523,-0.43479789086947684,-496.4304919002252,1031.6804919002252,leave_one_system_out
34,2010-09-22 16:00:00,222.5,314.89275,85.04874999999998,-0.8660254037844385,-0.5000000000000004,-0.9886775902323404,-0.1500553983446526,16.0,265,-0.8660254037844385,-0.5000000000000004,-0.9886775902323404,-0.15005539834465262,1141.75,max_ac,222.5,0.1948762864024524,0.1948762864024524,-0.49295077407115695,-562.8265462957435,785.3265462957435,leave_one_system_out
34,2010-09-22 17:00:00,18.0,57.20225,84.5955,-0.9659258262890684,-0.2588190451025206,-0.9886775902323404,-0.1500553983446526,17.0,265,-0.9659258262890683,-0.25881904510252063,-0.9886775902323404,-0.15005539834465262,1141.75,max_ac,18.0,0.015765272607838846,0.015765272607838846,-0.6581318477978376,-751.4220372231811,769.4220372231811,leave_one_system_out
34,2010-09-22 18:00:00,-2.75,0.5127499999999999,79.13075,-1.0,-1.8369701987210287e-16,-0.9886775902323404,-0.1500553983446526,18.0,265,-1.0,-1.8369701987210297e-16,-0.9886775902323404,-0.15005539834465262,1141.75,max_ac,-2.75,-0.00240858331508649,-0.00240858331508649,-0.8221621926727413,-938.7036834841024,935.9536834841024,leave_one_system_out
34,2010-09-23 06:00:00,127.75,125.34175,66.32275,1.0,6.123233995736766e-17,-0.9911140639934546,-0.1330147065341963,6.0,266,1.0,6.123233995736766e-17,-0.9911140639934546,-0.13301470653419636,1141.75,max_ac,127.75,0.11188964309174512,0.11188964309174512,-0.19579225767275144,-223.54581019786394,351.29581019786394,leave_one_system_out
34,2010-09-23 07:00:00,439.25,439.5995,70.5525,0.9659258262890684,-0.2588190451025206,-0.9911140639934546,-0.1330147065341963,7.0,266,0.9659258262890683,-0.25881904510252063,-0.9911140639934546,-0.13301470653419636,1141.75,max_ac,439.25,0.38471644405517846,0.38471644405517846,-0.15554511617664524,-177.5936363946847,616.8436363946847,leave_one_system_out
34,2010-09-23 08:00:00,699.0,722.7539999999999,74.93125,0.8660254037844387,-0.4999999999999998,-0.9911140639934546,-0.1330147065341963,8.0,266,0.8660254037844387,-0.4999999999999998,-0.9911140639934546,-0.13301470653419636,1141.75,max_ac,699.0,0.6122180862710751,0.6122180862710751,-0.18643878745766163,-212.86648557978515,911.8664855797851,leave_one_system_out
34,2010-09-23 09:00:00,870.75,945.4835,78.675,0.7071067811865476,-0.7071067811865475,-0.9911140639934546,-0.1330147065341963,9.0,266,0.7071067811865476,-0.7071067811865475,-0.9911140639934546,-0.13301470653419636,1141.75,max_ac,870.75,0.762645062404204,0.762645062404204,-0.2457420588718735,-280.5759957169616,1151.3259957169616,leave_one_system_out
34,2010-09-23 10:00:00,960.0,1097.14325,82.20375,0.4999999999999999,-0.8660254037844387,-0.9911140639934546,-0.1330147065341963,10.0,266,0.49999999999999994,-0.8660254037844387,-0.9911140639934546,-0.13301470653419636,1141.75,max_ac,960.0,0.8408145390847384,0.8408145390847384,-0.3221022989651545,-367.7602998434652,1327.7602998434652,leave_one_system_out
34,2010-09-23 11:00:00,986.75,1165.503,85.806,0.258819045102521,-0.9659258262890682,-0.9911140639934546,-0.1330147065341963,11.0,266,0.258819045102521,-0.9659258262890682,-0.9911140639934546,-0.13301470653419636,1141.75,max_ac,986.75,0.8642434858769433,0.8642434858769433,-0.4056625047952108,-463.16516484993195,1449.915164849932,leave_one_system_out
34,2010-09-23 12:00:00,960.75,1147.998,87.90924999999999,1.2246467991473532e-16,-1.0,-0.9911140639934546,-0.1330147065341963,12.0,266,1.2246467991473532e-16,-1.0,-0.9911140639934546,-0.13301470653419636,1141.75,max_ac,960.75,0.8414714254433983,0.8414714254433983,-0.4471025048035846,-510.47928485949274,1471.2292848594927,leave_one_system_out
34,2010-09-23 13:00:00,879.25,1041.162,90.3445,-0.2588190451025208,-0.9659258262890684,-0.9911140639934546,-0.1330147065341963,13.0,266,-0.2588190451025208,-0.9659258262890683,-0.9911140639934546,-0.13301470653419636,1141.75,max_ac,879.25,0.7700897744690168,0.7700897744690168,-0.4956873790664601,-565.9510650491308,1445.2010650491306,leave_one_system_out
34,2010-09-23 14:00:00,733.0,855.908,91.11125,-0.4999999999999997,-0.8660254037844388,-0.9911140639934546,-0.1330147065341963,14.0,266,-0.4999999999999997,-0.8660254037844388,-0.9911140639934546,-0.13301470653419636,1141.75,max_ac,733.0,0.6419969345303262,0.6419969345303262,-0.511784393324602,-584.3298310783644,1317.3298310783644,leave_one_system_out
34,2010-09-23 15:00:00,506.75,601.3425,91.26575,-0.7071067811865471,-0.7071067811865479,-0.9911140639934546,-0.1330147065341963,15.0,266,-0.7071067811865471,-0.7071067811865479,-0.9911140639934546,-0.13301470653419636,1141.75,max_ac,506.75,0.4438362163345741,0.4438362163345741,-0.5407473604512711,-617.3982987952388,1124.1482987952388,leave_one_system_out
34,2010-09-23 16:00:00,212.0,313.8915,89.747,-0.8660254037844385,-0.5000000000000004,-0.9911140639934546,-0.1330147065341963,16.0,266,-0.8660254037844385,-0.5000000000000004,-0.9911140639934546,-0.13301470653419636,1141.75,max_ac,212.0,0.18567987738121305,0.18567987738121305,-0.5910168098547728,-674.7934426516869,886.7934426516869,leave_one_system_out
34,2010-09-23 17:00:00,16.25,54.614250000000006,87.36475,-0.9659258262890684,-0.2588190451025206,-0.9911140639934546,-0.1330147065341963,17.0,266,-0.9659258262890683,-0.25881904510252063,-0.9911140639934546,-0.13301470653419636,1141.75,max_ac,16.25,0.014232537770965623,0.014232537770965623,-0.7106720603568272,-811.4098249124074,827.6598249124074,leave_one_system_out
34,2010-09-23 18:00:00,-2.25,0.513,80.01174999999999,-1.0,-1.8369701987210287e-16,-0.9911140639934546,-0.1330147065341963,18.0,266,-1.0,-1.8369701987210297e-16,-0.9911140639934546,-0.13301470653419636,1141.75,max_ac,-2.25,-0.0019706590759798557,-0.0019706590759798557,-0.8430123461134905,-962.5093461750778,960.2593461750778,leave_one_system_out
34,2010-09-24 06:00:00,131.5,121.338,61.4625,1.0,6.123233995736766e-17,-0.9932568492674144,-0.1159345995955006,6.0,267,1.0,6.123233995736766e-17,-0.9932568492674143,-0.11593459959550066,1141.75,max_ac,131.5,0.11517407488504489,0.11517407488504489,-0.14348071176677968,-163.8191026597207,295.31910265972067,leave_one_system_out
34,2010-09-24 07:00:00,433.25,434.204,69.92975,0.9659258262890684,-0.2588190451025206,-0.9932568492674144,-0.1159345995955006,7.0,267,0.9659258262890683,-0.25881904510252063,-0.9932568492674143,-0.11593459959550066,1141.75,max_ac,433.25,0.37946135318589885,0.37946135318589885,-0.14505892591498537,-165.62102866343454,598.8710286634346,leave_one_system_out
34,2010-09-24 08:00:00,699.75,720.3124999999999,76.24274999999999,0.8660254037844387,-0.4999999999999998,-0.9932568492674144,-0.1159345995955006,8.0,267,0.8660254037844387,-0.4999999999999998,-0.9932568492674143,-0.11593459959550066,1141.75,max_ac,699.75,0.612874972629735,0.612874972629735,-0.21432554294037354,-244.70618865217148,944.4561886521715,leave_one_system_out
34,2010-09-24 09:00:00,854.75,949.02325,80.7355,0.7071067811865476,-0.7071067811865475,-0.9932568492674144,-0.1159345995955006,9.0,267,0.7071067811865476,-0.7071067811865475,-0.9932568492674143,-0.11593459959550066,1141.75,max_ac,854.75,0.7486314867527918,0.7486314867527918,-0.3020082959096617,-344.81797185485624,1199.5679718548563,leave_one_system_out
34,2010-09-24 10:00:00,944.5,1098.535,85.03649999999999,0.4999999999999999,-0.8660254037844387,-0.9932568492674144,-0.1159345995955006,10.0,267,0.49999999999999994,-0.8660254037844387,-0.9932568492674143,-0.11593459959550066,1141.75,max_ac,944.5,0.8272388876724327,0.8272388876724327,-0.40289574048333865,-460.0062116968519,1404.506211696852,leave_one_system_out
34,2010-09-24 11:00:00,971.0,1165.5275,89.02274999999999,0.258819045102521,-0.9659258262890682,-0.9932568492674144,-0.1159345995955006,11.0,267,0.258819045102521,-0.9659258262890682,-0.9932568492674143,-0.11593459959550066,1141.75,max_ac,971.0,0.8504488723450843,0.8504488723450843,-0.5014137737738047,-572.4891762062415,1543.4891762062416,leave_one_system_out
34,2010-09-24 12:00:00,944.75,1148.1445,92.17425,1.2246467991473532e-16,-1.0,-0.9932568492674144,-0.1159345995955006,12.0,267,1.2246467991473532e-16,-1.0,-0.9932568492674143,-0.11593459959550066,1141.75,max_ac,944.75,0.827457849791986,0.827457849791986,-0.5757390392108266,-657.3500480189613,1602.1000480189614,leave_one_system_out
34,2010-09-24 13:00:00,867.25,1043.8475,94.09075,-0.2588190451025208,-0.9659258262890684,-0.9932568492674144,-0.1159345995955006,13.0,267,-0.2588190451025208,-0.9659258262890683,-0.9932568492674143,-0.11593459959550066,1141.75,max_ac,867.25,0.7595795927304576,0.7595795927304576,-0.6104986050628175,-697.0367823304719,1564.2867823304719,leave_one_system_out
34,2010-09-24 14:00:00,720.5,854.41875,95.7915,-0.4999999999999997,-0.8660254037844388,-0.9932568492674144,-0.1159345995955006,14.0,267,-0.4999999999999997,-0.8660254037844388,-0.9932568492674143,-0.11593459959550066,1141.75,max_ac,720.5,0.6310488285526604,0.6310488285526604,-0.6416164799419964,-732.5656159737745,1453.0656159737746,leave_one_system_out
34,2010-09-24 15:00:00,499.5,602.05075,95.42675,-0.7071067811865471,-0.7071067811865479,-0.9932568492674144,-0.1159345995955006,15.0,267,-0.7071067811865471,-0.7071067811865479,-0.9932568492674143,-0.11593459959550066,1141.75,max_ac,499.5,0.4374863148675279,0.4374863148675279,-0.6474704510084893,-739.2493874389427,1238.7493874389427,leave_one_system_out
34,2010-09-24 16:00:00,206.0,313.9895,93.9235,-0.8660254037844385,-0.5000000000000004,-0.9932568492674144,-0.1159345995955006,16.0,267,-0.8660254037844385,-0.5000000000000004,-0.9932568492674143,-0.11593459959550066,1141.75,max_ac,206.0,0.18042478651193344,0.18042478651193344,-0.6840800555867858,-781.0484034662127,987.0484034662127,leave_one_system_out
34,2010-09-24 17:00:00,14.75,52.46575,91.625,-0.9659258262890684,-0.2588190451025206,-0.9932568492674144,-0.1159345995955006,17.0,267,-0.9659258262890683,-0.25881904510252063,-0.9932568492674143,-0.11593459959550066,1141.75,max_ac,14.75,0.012918765053645719,0.012918765053645719,-0.7942093761088459,-906.7885551722748,921.5385551722748,leave_one_system_out
34,2010-09-24 18:00:00,-2.25,0.39075,84.3805,-1.0,-1.8369701987210287e-16,-0.9932568492674144,-0.1159345995955006,18.0,267,-1.0,-1.8369701987210297e-16,-0.9932568492674143,-0.11593459959550066,1141.75,max_ac,-2.25,-0.0019706590759798557,-0.0019706590759798557,-0.9378713420424402,-1070.814604776956,1068.564604776956,leave_one_system_out
34,2010-09-25 06:00:00,125.75,117.11425,62.2295,1.0,6.123233995736766e-17,-0.9951053111006974,-0.0988201387328721,6.0,268,1.0,6.123233995736766e-17,-0.9951053111006974,-0.09882013873287211,1141.75,max_ac,125.75,0.11013794613531859,0.11013794613531859,-0.15170811648510307,-173.21274199686644,298.96274199686644,leave_one_system_out
34,2010-09-25 07:00:00,423.25,428.78425,70.732,0.9659258262890684,-0.2588190451025206,-0.9951053111006974,-0.0988201387328721,7.0,268,0.9659258262890683,-0.25881904510252063,-0.9951053111006974,-0.09882013873287211,1141.75,max_ac,423.25,0.37070286840376615,0.37070286840376615,-0.15680864954976148,-179.03627562344016,602.2862756234401,leave_one_system_out
34,2010-09-25 08:00:00,680.75,713.67175,78.50299999999999,0.8660254037844387,-0.4999999999999998,-0.9951053111006974,-0.0988201387328721,8.0,268,0.8660254037844387,-0.4999999999999998,-0.9951053111006974,-0.09882013873287211,1141.75,max_ac,680.75,0.5962338515436829,0.5962338515436829,-0.2584258036348823,-295.0576613001269,975.8076613001269,leave_one_system_out
34,2010-09-25 09:00:00,850.75,947.412,83.1705,0.7071067811865476,-0.7071067811865475,-0.9951053111006974,-0.0988201387328721,9.0,268,0.7071067811865476,-0.7071067811865475,-0.9951053111006974,-0.09882013873287211,1141.75,max_ac,850.75,0.7451280928399386,0.7451280928399386,-0.3638206410110838,-415.39221687440494,1266.142216874405,leave_one_system_out
34,2010-09-25 10:00:00,938.5,1106.7624999999998,88.1925,0.4999999999999999,-0.8660254037844387,-0.9951053111006974,-0.0988201387328721,10.0,268,0.49999999999999994,-0.8660254037844387,-0.9951053111006974,-0.09882013873287211,1141.75,max_ac,938.5,0.821983796803153,0.821983796803153,-0.5029572027314437,-574.2513862186258,1512.7513862186258,leave_one_system_out
34,2010-09-25 11:00:00,977.75,1172.63175,92.7745,0.258819045102521,-0.9659258262890682,-0.9951053111006974,-0.0988201387328721,11.0,268,0.258819045102521,-0.9659258262890682,-0.9951053111006974,-0.09882013873287211,1141.75,max_ac,977.75,0.8563608495730238,0.8563608495730238,-0.6245248946625469,-713.0512984809629,1690.801298480963,leave_one_system_out
34,2010-09-25 12:00:00,974.25,1153.784,95.50525,1.2246467991473532e-16,-1.0,-0.9951053111006974,-0.0988201387328721,12.0,268,1.2246467991473532e-16,-1.0,-0.9951053111006974,-0.09882013873287211,1141.75,max_ac,974.25,0.8532953798992774,0.8532953798992774,-0.687512238130941,-784.9670978860019,1759.2170978860017,leave_one_system_out
34,2010-09-25 13:00:00,882.75,1050.85425,97.45225,-0.2588190451025208,-0.9659258262890684,-0.9951053111006974,-0.0988201387328721,13.0,268,-0.2588190451025208,-0.9659258262890683,-0.9951053111006974,-0.09882013873287211,1141.75,max_ac,882.75,0.7731552441427633,0.7731552441427633,-0.7231982303385353,-825.7115794890226,1708.4615794890226,leave_one_system_out
34,2010-09-25 14:00:00,719.25,858.17875,98.20375,-0.4999999999999997,-0.8660254037844388,-0.9951053111006974,-0.0988201387328721,14.0,268,-0.4999999999999997,-0.8660254037844388,-0.9951053111006974,-0.09882013873287211,1141.75,max_ac,719.25,0.6299540179548938,0.6299540179548938,-0.7180620580171232,-819.8473547410504,1539.0973547410504,leave_one_system_out
34,2010-09-25 15:00:00,494.75,605.46875,98.158,-0.7071067811865471,-0.7071067811865479,-0.9951053111006974,-0.0988201387328721,15.0,268,-0.7071067811865471,-0.7071067811865479,-0.9951053111006974,-0.09882013873287211,1141.75,max_ac,494.75,0.4333260345960149,0.4333260345960149,-0.7246567826735925,-827.3768816175742,1322.1268816175743,leave_one_system_out
34,2010-09-25 16:00:00,194.0,316.57725,96.73825,-0.8660254037844385,-0.5000000000000004,-0.9951053111006974,-0.0988201387328721,16.0,268,-0.8660254037844385,-0.5000000000000004,-0.9951053111006974,-0.09882013873287211,1141.75,max_ac,194.0,0.1699146047733742,0.1699146047733742,-0.7529535852696597,-859.684755981634,1053.684755981634,leave_one_system_out
34,2010-09-25 17:00:00,11.75,50.78125,94.12075,-0.9659258262890684,-0.2588190451025206,-0.9951053111006974,-0.0988201387328721,17.0,268,-0.9659258262890683,-0.25881904510252063,-0.9951053111006974,-0.09882013873287211,1141.75,max_ac,11.75,0.010291219619005912,0.010291219619005912,-0.8463659334625487,-966.338304530865,978.088304530865,leave_one_system_out
34,2010-09-25 18:00:00,-2.5,0.26875,84.73775,-1.0,-1.8369701987210287e-16,-0.9951053111006974,-0.0988201387328721,18.0,268,-1.0,-1.8369701987210297e-16,-0.9951053111006974,-0.09882013873287211,1141.75,max_ac,-2.5,-0.0021896211955331727,-0.0021896211955331727,-0.9487525151000539,-1083.2381841154865,1080.7381841154865,leave_one_system_out
34,2010-09-26 06:00:00,124.0,116.62625,65.32525,1.0,6.123233995736766e-17,-0.99665890175417,-0.0816763953304228,6.0,269,1.0,6.123233995736766e-17,-0.99665890175417,-0.08167639533042288,1141.75,max_ac,124.0,0.10860521129844537,0.10860521129844537,-0.18683114565426984,-213.3144605507626,337.3144605507626,leave_one_system_out
34,2010-09-26 07:00:00,423.5,433.4475,70.83324999999999,0.9659258262890684,-0.2588190451025206,-0.99665890175417,-0.0816763953304228,7.0,269,0.9659258262890683,-0.25881904510252063,-0.99665890175417,-0.08167639533042288,1141.75,max_ac,423.5,0.37092183052331945,0.37092183052331945,-0.1644681366141264,-187.78149497917883,611.2814949791789,leave_one_system_out
34,2010-09-26 08:00:00,675.5,714.4042499999999,77.6345,0.8660254037844387,-0.4999999999999998,-0.99665890175417,-0.0816763953304228,8.0,269,0.8660254037844387,-0.4999999999999998,-0.99665890175417,-0.08167639533042288,1141.75,max_ac,675.5,0.5916356470330633,0.5916356470330633,-0.24481727813145415,-279.52012730658777,955.0201273065877,leave_one_system_out
34,2010-09-26 09:00:00,838.25,940.01475,83.94274999999999,0.7071067811865476,-0.7071067811865475,-0.99665890175417,-0.0816763953304228,9.0,269,0.7071067811865476,-0.7071067811865475,-0.99665890175417,-0.08167639533042288,1141.75,max_ac,838.25,0.7341799868622728,0.7341799868622728,-0.3793624016711131,-433.1370221079934,1271.3870221079933,leave_one_system_out
34,2010-09-26 10:00:00,923.5,1092.8955,89.49875,0.4999999999999999,-0.8660254037844387,-0.99665890175417,-0.0816763953304228,10.0,269,0.49999999999999994,-0.8660254037844387,-0.99665890175417,-0.08167639533042288,1141.75,max_ac,923.5,0.808846069629954,0.808846069629954,-0.5279266210587894,-602.7602195938728,1526.2602195938728,leave_one_system_out
34,2010-09-26 11:00:00,951.5,1158.374,93.321,0.258819045102521,-0.9659258262890682,-0.99665890175417,-0.0816763953304228,11.0,269,0.258819045102521,-0.9659258262890682,-0.99665890175417,-0.08167639533042288,1141.75,max_ac,951.5,0.8333698270199256,0.8333698270199256,-0.6283183748494411,-717.3825044843494,1668.8825044843493,leave_one_system_out
34,2010-09-26 12:00:00,924.5,1138.42775,97.267,1.2246467991473532e-16,-1.0,-0.99665890175417,-0.0816763953304228,12.0,269,1.2246467991473532e-16,-1.0,-0.99665890175417,-0.08167639533042288,1141.75,max_ac,924.5,0.8097219181081673,0.8097219181081673,-0.7274241708137713,-830.5365470266233,1755.0365470266233,leave_one_system_out
34,2010-09-26 13:00:00,852.5,1032.9345,99.40875,-0.2588190451025208,-0.9659258262890684,-0.99665890175417,-0.0816763953304228,13.0,269,-0.2588190451025208,-0.9659258262890683,-0.99665890175417,-0.08167639533042288,1141.75,max_ac,852.5,0.746660827676812,0.746660827676812,-0.7656821166328464,-874.2175566655524,1726.7175566655524,leave_one_system_out
34,2010-09-26 14:00:00,694.25,841.2597499999999,100.5325,-0.4999999999999997,-0.8660254037844388,-0.99665890175417,-0.0816763953304228,14.0,269,-0.4999999999999997,-0.8660254037844388,-0.99665890175417,-0.08167639533042288,1141.75,max_ac,694.25,0.608057805999562,0.608057805999562,-0.7699884661499655,-879.1343312267231,1573.3843312267231,leave_one_system_out
34,2010-09-26 15:00:00,468.0,584.03325,100.04125,-0.7071067811865471,-0.7071067811865479,-0.99665890175417,-0.0816763953304228,15.0,269,-0.7071067811865471,-0.7071067811865479,-0.99665890175417,-0.08167639533042288,1141.75,max_ac,468.0,0.40989708780380996,0.40989708780380996,-0.7557145003828242,-862.8370308120896,1330.8370308120896,leave_one_system_out
34,2010-09-26 16:00:00,183.0,298.07125,98.43675,-0.8660254037844385,-0.5000000000000004,-0.99665890175417,-0.0816763953304228,16.0,269,-0.8660254037844385,-0.5000000000000004,-0.99665890175417,-0.08167639533042288,1141.75,max_ac,183.0,0.16028027151302823,0.16028027151302823,-0.7791247644920559,-889.5656998588048,1072.5656998588047,leave_one_system_out
34,2010-09-26 17:00:00,9.75,43.8475,95.03225,-0.9659258262890684,-0.2588190451025206,-0.99665890175417,-0.0816763953304228,17.0,269,-0.9659258262890683,-0.25881904510252063,-0.99665890175417,-0.08167639533042288,1141.75,max_ac,9.75,0.008539522662579374,0.008539522662579374,-0.863522181793786,-985.9264510630552,995.6764510630552,leave_one_system_out
34,2010-09-26 18:00:00,-2.5,0.5612499999999999,86.45625,-1.0,-1.8369701987210287e-16,-0.99665890175417,-0.0816763953304228,18.0,269,-1.0,-1.8369701987210297e-16,-0.99665890175417,-0.08167639533042288,1141.75,max_ac,-2.5,-0.0021896211955331727,-0.0021896211955331727,-0.9898307303630164,-1130.139236391974,1127.639236391974,leave_one_system_out
34,2010-09-27 06:00:00,116.5,110.742,67.69975,1.0,6.123233995736766e-17,-0.9979171608653922,-0.0645084494493162,6.0,270,1.0,6.123233995736766e-17,-0.9979171608653922,-0.06450844944931625,1141.75,max_ac,116.5,0.10203634771184585,0.10203634771184585,-0.2130151127536528,-243.2100049864831,359.7100049864831,leave_one_system_out
34,2010-09-27 07:00:00,405.25,421.0205,76.78425,0.9659258262890684,-0.2588190451025206,-0.9979171608653922,-0.0645084494493162,7.0,270,0.9659258262890683,-0.25881904510252063,-0.9979171608653922,-0.06450844944931625,1141.75,max_ac,405.25,0.3549375957959273,0.3549375957959273,-0.2558407243070744,-292.1061469776022,697.3561469776022,leave_one_system_out
34,2010-09-27 08:00:00,656.0,697.632,81.40625,0.8660254037844387,-0.4999999999999998,-0.9979171608653922,-0.0645084494493162,8.0,270,0.8660254037844387,-0.4999999999999998,-0.9979171608653922,-0.06450844944931625,1141.75,max_ac,656.0,0.5745566017079046,0.5745566017079046,-0.311388300936392,-355.5275925941256,1011.5275925941256,leave_one_system_out
34,2010-09-27 09:00:00,820.5,923.70625,86.608,0.7071067811865476,-0.7071067811865475,-0.9979171608653922,-0.0645084494493162,9.0,270,0.7071067811865476,-0.7071067811865475,-0.9979171608653922,-0.06450844944931625,1141.75,max_ac,820.5,0.7186336763739873,0.7186336763739873,-0.43198941912860667,-493.22391929008666,1313.7239192900865,leave_one_system_out
34,2010-09-27 10:00:00,904.0,1074.6095,90.58475,0.4999999999999999,-0.8660254037844387,-0.9979171608653922,-0.0645084494493162,10.0,270,0.49999999999999994,-0.8660254037844387,-0.9979171608653922,-0.06450844944931625,1141.75,max_ac,904.0,0.7917670243047953,0.7917670243047953,-0.5409879621579231,-617.6730057938087,1521.6730057938087,leave_one_system_out
34,2010-09-27 11:00:00,924.0,1142.8955,94.8905,0.258819045102521,-0.9659258262890682,-0.9979171608653922,-0.0645084494493162,11.0,270,0.258819045102521,-0.9659258262890682,-0.9979171608653922,-0.06450844944931625,1141.75,max_ac,924.0,0.8092839938690607,0.8092839938690607,-0.6605400281474235,-754.1715771373208,1678.1715771373208,leave_one_system_out
34,2010-09-27 12:00:00,897.0,1123.0225,98.90225,1.2246467991473532e-16,-1.0,-0.9979171608653922,-0.0645084494493162,12.0,270,1.2246467991473532e-16,-1.0,-0.9979171608653922,-0.06450844944931625,1141.75,max_ac,897.0,0.7856360849573024,0.7856360849573024,-0.7629146449848975,-871.0577959115067,1768.0577959115067,leave_one_system_out
34,2010-09-27 13:00:00,816.5,1011.9385,101.76525,-0.2588190451025208,-0.9659258262890684,-0.9979171608653922,-0.0645084494493162,13.0,270,-0.2588190451025208,-0.9659258262890683,-0.9979171608653922,-0.06450844944931625,1141.75,max_ac,816.5,0.7151302824611342,0.7151302824611342,-0.8155800798348206,-931.1885561514065,1747.6885561514064,leave_one_system_out
34,2010-09-27 14:00:00,672.75,823.486,102.869,-0.4999999999999997,-0.8660254037844388,-0.9979171608653922,-0.0645084494493162,14.0,270,-0.4999999999999997,-0.8660254037844388,-0.9979171608653922,-0.06450844944931625,1141.75,max_ac,672.75,0.5892270637179768,0.5892270637179768,-0.820573975537174,-936.8903365695685,1609.6403365695685,leave_one_system_out
34,2010-09-27 15:00:00,458.25,571.7045,102.9095,-0.7071067811865471,-0.7071067811865479,-0.9979171608653922,-0.0645084494493162,15.0,270,-0.7071067811865471,-0.7071067811865479,-0.9979171608653922,-0.06450844944931625,1141.75,max_ac,458.25,0.40135756514123055,0.40135756514123055,-0.8214386416422633,-937.8775690950541,1396.1275690950542,leave_one_system_out
34,2010-09-27 16:00:00,176.25,286.9875,101.39825,-0.8660254037844385,-0.5000000000000004,-0.9979171608653922,-0.0645084494493162,16.0,270,-0.8660254037844385,-0.5000000000000004,-0.9979171608653922,-0.06450844944931625,1141.75,max_ac,176.25,0.1543682942850887,0.1543682942850887,-0.8406368327649963,-959.7971038094346,1136.0471038094347,leave_one_system_out
34,2010-09-27 17:00:00,8.25,40.503,97.8645,-0.9659258262890684,-0.2588190451025206,-0.9979171608653922,-0.0645084494493162,17.0,270,-0.9659258262890683,-0.25881904510252063,-0.9979171608653922,-0.06450844944931625,1141.75,max_ac,8.25,0.00722574994525947,0.00722574994525947,-0.9231638939551553,-1054.0223759232986,1062.2723759232986,leave_one_system_out
34,2010-09-27 18:00:00,-2.25,0.5857499999999999,90.39725,-1.0,-1.8369701987210287e-16,-0.9979171608653922,-0.0645084494493162,18.0,270,-1.0,-1.8369701987210297e-16,-0.9979171608653922,-0.06450844944931625,1141.75,max_ac,-2.25,-0.0019706590759798557,-0.0019706590759798557,-1.0826191336396294,-1236.0803958330469,1233.8303958330469,leave_one_system_out
34,2010-09-28 06:00:00,103.0,110.9865,70.33975,1.0,6.123233995736766e-17,-0.9988797155850336,-0.0473213883224323,6.0,271,1.0,6.123233995736766e-17,-0.9988797155850335,-0.04732138832243232,1141.75,max_ac,103.0,0.09021239325596672,0.09021239325596672,-0.24705134016920305,-282.07086763818756,385.07086763818756,leave_one_system_out
34,2010-09-28 07:00:00,395.0,417.84675,75.997,0.9659258262890684,-0.2588190451025206,-0.9988797155850336,-0.0473213883224323,7.0,271,0.9659258262890683,-0.25881904510252063,-0.9988797155850335,-0.04732138832243232,1141.75,max_ac,395.0,0.3459601488942413,0.3459601488942413,-0.24307210375637667,-277.52757446384305,672.527574463843,leave_one_system_out
34,2010-09-28 08:00:00,656.25,706.3477499999999,83.082,0.8660254037844387,-0.4999999999999998,-0.9988797155850336,-0.0473213883224323,8.0,271,0.8660254037844387,-0.4999999999999998,-0.9988797155850335,-0.04732138832243232,1141.75,max_ac,656.25,0.5747755638274579,0.5747755638274579,-0.36007308433410545,-411.1134440384649,1067.3634440384649,leave_one_system_out
34,2010-09-28 09:00:00,818.75,924.4875,87.85074999999999,0.7071067811865476,-0.7071067811865475,-0.9988797155850336,-0.0473213883224323,9.0,271,0.7071067811865476,-0.7071067811865475,-0.9988797155850335,-0.04732138832243232,1141.75,max_ac,818.75,0.7171009415371141,0.7171009415371141,-0.46862938551335664,-535.057600909875,1353.807600909875,leave_one_system_out
34,2010-09-28 10:00:00,907.0,1078.22275,91.88575,0.4999999999999999,-0.8660254037844387,-0.9988797155850336,-0.0473213883224323,10.0,271,0.49999999999999994,-0.8660254037844387,-0.9988797155850335,-0.04732138832243232,1141.75,max_ac,907.0,0.7943945697394351,0.7943945697394351,-0.5867280922673433,-669.8967993462393,1576.8967993462393,leave_one_system_out
34,2010-09-28 11:00:00,927.0,1142.18775,95.73825,0.258819045102521,-0.9659258262890682,-0.9988797155850336,-0.0473213883224323,11.0,271,0.258819045102521,-0.9659258262890682,-0.9988797155850335,-0.04732138832243232,1141.75,max_ac,927.0,0.8119115393037004,0.8119115393037004,-0.6901421731631913,-787.9698262090736,1714.9698262090737,leave_one_system_out
34,2010-09-28 12:00:00,894.25,1119.94625,99.201,1.2246467991473532e-16,-1.0,-0.9988797155850336,-0.0473213883224323,12.0,271,1.2246467991473532e-16,-1.0,-0.9988797155850335,-0.04732138832243232,1141.75,max_ac,894.25,0.7832275016422159,0.7832275016422159,-0.7734304890205578,-883.0642608392218,1777.3142608392218,leave_one_system_out
34,2010-09-28 13:00:00,828.0,1015.918,101.284,-0.2588190451025208,-0.9659258262890684,-0.9988797155850336,-0.0473213883224323,13.0,271,-0.2588190451025208,-0.9659258262890683,-0.9988797155850335,-0.04732138832243232,1141.75,max_ac,828.0,0.7252025399605868,0.7252025399605868,-0.8115493269291681,-926.5864440213777,1754.5864440213777,leave_one_system_out
34,2010-09-28 14:00:00,663.25,783.00775,102.89175,-0.4999999999999997,-0.8660254037844388,-0.9988797155850336,-0.0473213883224323,14.0,271,-0.4999999999999997,-0.8660254037844388,-0.9988797155850335,-0.04732138832243232,1141.75,max_ac,663.25,0.5809065031749507,0.5809065031749507,-0.7763171732414645,-886.3601325484422,1549.6101325484422,leave_one_system_out
34,2010-09-28 15:00:00,331.75,496.7285,101.67175,-0.7071067811865471,-0.7071067811865479,-0.9988797155850336,-0.0473213883224323,15.0,271,-0.7071067811865471,-0.7071067811865479,-0.9988797155850335,-0.04732138832243232,1141.75,max_ac,331.75,0.290562732647252,0.290562732647252,-0.7112993108979647,-812.1259882177512,1143.8759882177512,leave_one_system_out
34,2010-09-28 16:00:00,96.0,119.8975,99.05425,-0.8660254037844385,-0.5000000000000004,-0.9988797155850336,-0.0473213883224323,16.0,271,-0.8660254037844385,-0.5000000000000004,-0.9988797155850335,-0.04732138832243232,1141.75,max_ac,96.0,0.08408145390847384,0.08408145390847384,-0.6353040059467531,-725.3583487897054,821.3583487897054,leave_one_system_out
34,2010-09-28 17:00:00,6.75,19.336,93.617,-0.9659258262890684,-0.2588190451025206,-0.9988797155850336,-0.0473213883224323,17.0,271,-0.9659258262890683,-0.25881904510252063,-0.9988797155850335,-0.04732138832243232,1141.75,max_ac,6.75,0.005911977227939566,0.005911977227939566,-0.8250952694699195,-942.0525239172806,948.8025239172806,leave_one_system_out
34,2010-09-28 18:00:00,-2.75,0.5127499999999999,88.78,-1.0,-1.8369701987210287e-16,-0.9988797155850336,-0.0473213883224323,18.0,271,-1.0,-1.8369701987210297e-16,-0.9988797155850335,-0.04732138832243232,1141.75,max_ac,-2.75,-0.00240858331508649,-0.00240858331508649,-1.0488485072042608,-1197.5227831004647,1194.7727831004647,leave_one_system_out
34,2010-09-29 06:00:00,111.75,119.82425,71.84349999999999,1.0,6.123233995736766e-17,-0.9995462806873572,-0.0301203048469083,6.0,272,1.0,6.123233995736766e-17,-0.9995462806873573,-0.03012030484690836,1141.75,max_ac,111.75,0.09787606744033282,0.09787606744033282,-0.2741018404779211,-312.9557763656664,424.7057763656664,leave_one_system_out
34,2010-09-29 07:00:00,385.0,408.27625,76.69574999999999,0.9659258262890684,-0.2588190451025206,-0.9995462806873572,-0.0301203048469083,7.0,272,0.9659258262890683,-0.25881904510252063,-0.9995462806873573,-0.03012030484690836,1141.75,max_ac,385.0,0.3372016641121086,0.3372016641121086,-0.2500191444848715,-285.45935821560204,670.459358215602,leave_one_system_out
34,2010-09-29 08:00:00,640.0,679.0282500000001,82.34825,0.8660254037844387,-0.4999999999999998,-0.9995462806873572,-0.0301203048469083,8.0,272,0.8660254037844387,-0.4999999999999998,-0.9995462806873573,-0.03012030484690836,1141.75,max_ac,640.0,0.5605430260564922,0.5605430260564922,-0.32021962509897983,-365.6107569567602,1005.6107569567603,leave_one_system_out
34,2010-09-29 09:00:00,801.5,896.46,86.53225,0.7071067811865476,-0.7071067811865475,-0.9995462806873572,-0.0301203048469083,9.0,272,0.7071067811865476,-0.7071067811865475,-0.9995462806873573,-0.03012030484690836,1141.75,max_ac,801.5,0.7019925552879351,0.7019925552879351,-0.4080990443220257,-465.9470838546728,1267.4470838546729,leave_one_system_out
34,2010-09-29 10:00:00,895.0,1042.74925,89.91899999999998,0.4999999999999999,-0.8660254037844387,-0.9995462806873572,-0.0301203048469083,10.0,272,0.49999999999999994,-0.8660254037844387,-0.9995462806873573,-0.03012030484690836,1141.75,max_ac,895.0,0.7838843880008759,0.7838843880008759,-0.49400334680614966,-564.0283212159213,1459.0283212159213,leave_one_system_out
34,2010-09-29 11:00:00,922.75,1107.64175,93.3385,0.258819045102521,-0.9659258262890682,-0.9995462806873572,-0.0301203048469083,11.0,272,0.258819045102521,-0.9659258262890682,-0.9995462806873573,-0.03012030484690836,1141.75,max_ac,922.75,0.8081891832712941,0.8081891832712941,-0.5811383240923353,-663.5146815324239,1586.2646815324238,leave_one_system_out
34,2010-09-29 12:00:00,876.75,1089.55075,96.5885,1.2246467991473532e-16,-1.0,-0.9995462806873572,-0.0301203048469083,12.0,272,1.2246467991473532e-16,-1.0,-0.9995462806873573,-0.03012030484690836,1141.75,max_ac,876.75,0.7679001532734837,0.7679001532734837,-0.6609940728878633,-754.6899827197179,1631.439982719718,leave_one_system_out
34,2010-09-29 13:00:00,807.0,983.838,98.834,-0.2588190451025208,-0.9659258262890684,-0.9995462806873572,-0.0301203048469083,13.0,272,-0.2588190451025208,-0.9659258262890683,-0.9995462806873573,-0.03012030484690836,1141.75,max_ac,807.0,0.7068097219181082,0.7068097219181082,-0.7036471879634015,-803.3891768572137,1610.3891768572137,leave_one_system_out
34,2010-09-29 14:00:00,607.0,688.037,99.71225,-0.4999999999999997,-0.8660254037844388,-0.9995462806873572,-0.0301203048469083,14.0,272,-0.4999999999999997,-0.8660254037844388,-0.9995462806873573,-0.03012030484690836,1141.75,max_ac,607.0,0.5316400262754544,0.5316400262754544,-0.5842985288467671,-667.1228453107964,1274.1228453107965,leave_one_system_out
34,2010-09-29 15:00:00,361.5,451.587,99.0065,-0.7071067811865471,-0.7071067811865479,-0.9995462806873572,-0.0301203048469083,15.0,272,-0.7071067811865471,-0.7071067811865479,-0.9995462806873573,-0.03012030484690836,1141.75,max_ac,361.5,0.31661922487409677,0.31661922487409677,-0.6058099233740605,-691.6834800123336,1053.1834800123336,leave_one_system_out
34,2010-09-29 16:00:00,115.5,172.8515,96.771,-0.8660254037844385,-0.5000000000000004,-0.9995462806873572,-0.0301203048469083,16.0,272,-0.8660254037844385,-0.5000000000000004,-0.9995462806873573,-0.03012030484690836,1141.75,max_ac,115.5,0.10116049923363259,0.10116049923363259,-0.6442601456039224,-735.5840212432785,851.0840212432785,leave_one_system_out
34,2010-09-29 17:00:00,2.5,17.40725,92.08575,-0.9659258262890684,-0.2588190451025206,-0.9995462806873572,-0.0301203048469083,17.0,272,-0.9659258262890683,-0.25881904510252063,-0.9995462806873573,-0.03012030484690836,1141.75,max_ac,2.5,0.0021896211955331727,0.0021896211955331727,-0.797784747951572,-910.8707359737073,913.3707359737073,leave_one_system_out
34,2010-09-29 18:00:00,-2.5,0.5369999999999999,87.208,-1.0,-1.8369701987210287e-16,-0.9995462806873572,-0.0301203048469083,18.0,272,-1.0,-1.8369701987210297e-16,-0.9995462806873573,-0.03012030484690836,1141.75,max_ac,-2.5,-0.0021896211955331727,-0.0021896211955331727,-1.0166091944321551,-1160.713547742913,1158.213547742913,leave_one_system_out
34,2010-09-30 06:00:00,35.75,32.7635,73.2255,1.0,6.123233995736766e-17,-0.999916658654738,-0.0129102960750088,6.0,273,1.0,6.123233995736766e-17,-0.9999166586547379,-0.012910296075008843,1141.75,max_ac,35.75,0.03131158309612437,0.03131158309612437,-0.23433085405021092,-267.5472526118283,303.2972526118283,leave_one_system_out
34,2010-09-30 07:00:00,138.5,134.17974999999998,77.23225,0.9659258262890684,-0.2588190451025206,-0.999916658654738,-0.0129102960750088,7.0,273,0.9659258262890683,-0.25881904510252063,-0.9999166586547379,-0.012910296075008843,1141.75,max_ac,138.5,0.12130501423253777,0.12130501423253777,-0.027244884614053055,-31.106847008095077,169.6068470080951,leave_one_system_out
34,2010-09-30 08:00:00,315.75,285.86425,82.029,0.8660254037844387,-0.4999999999999998,-0.999916658654738,-0.0129102960750088,8.0,273,0.8660254037844387,-0.4999999999999998,-0.9999166586547379,-0.012910296075008843,1141.75,max_ac,315.75,0.2765491569958397,0.2765491569958397,0.08200690331611271,93.63138186117169,222.1186181388283,leave_one_system_out
34,2010-09-30 09:00:00,584.5,544.702,87.80024999999999,0.7071067811865476,-0.7071067811865475,-0.999916658654738,-0.0129102960750088,9.0,273,0.7071067811865476,-0.7071067811865475,-0.9999166586547379,-0.012910296075008843,1141.75,max_ac,584.5,0.5119334355156558,0.5119334355156558,-0.031456096769066466,-35.914998486081636,620.4149984860817,leave_one_system_out
34,2010-09-30 10:00:00,756.75,1034.44825,93.53875,0.4999999999999999,-0.8660254037844387,-0.999916658654738,-0.0129102960750088,10.0,273,0.49999999999999994,-0.8660254037844387,-0.9999166586547379,-0.012910296075008843,1141.75,max_ac,756.75,0.6627983358878914,0.6627983358878914,-0.587008764798932,-670.2172572091806,1426.9672572091806,leave_one_system_out
34,2010-09-30 11:00:00,431.25,606.59175,94.683,0.258819045102521,-0.9659258262890682,-0.999916658654738,-0.0129102960750088,11.0,273,0.258819045102521,-0.9659258262890682,-0.9999166586547379,-0.012910296075008843,1141.75,max_ac,431.25,0.3777096562294723,0.3777096562294723,0.01918802596576452,21.90792864641164,409.3420713535884,leave_one_system_out
34,2010-09-30 12:00:00,634.75,645.9472499999999,97.84675,1.2246467991473532e-16,-1.0,-0.999916658654738,-0.0129102960750088,12.0,273,1.2246467991473532e-16,-1.0,-0.9999166586547379,-0.012910296075008843,1141.75,max_ac,634.75,0.5559448215458725,0.5559448215458725,-0.12737393664273045,-145.42919216183748,780.1791921618375,leave_one_system_out
34,2010-09-30 13:00:00,454.75,560.5957500000001,99.40625,-0.2588190451025208,-0.9659258262890684,-0.999916658654738,-0.0129102960750088,13.0,273,-0.2588190451025208,-0.9659258262890683,-0.9999166586547379,-0.012910296075008843,1141.75,max_ac,454.75,0.3982920954674841,0.3982920954674841,-0.19533648049954888,-223.02542661035994,677.77542661036,leave_one_system_out
34,2010-09-30 14:00:00,310.25,310.32725,97.65675,-0.4999999999999997,-0.8660254037844388,-0.999916658654738,-0.0129102960750088,14.0,273,-0.4999999999999997,-0.8660254037844388,-0.9999166586547379,-0.012910296075008843,1141.75,max_ac,310.25,0.27173199036566675,0.27173199036566675,-0.11944255328065734,-136.3735352081905,446.6235352081905,leave_one_system_out
34,2010-09-30 15:00:00,289.75,255.56625,96.9685,-0.7071067811865471,-0.7071067811865479,-0.999916658654738,-0.0129102960750088,15.0,273,-0.7071067811865471,-0.7071067811865479,-0.9999166586547379,-0.012910296075008843,1141.75,max_ac,289.75,0.25377709656229475,0.25377709656229475,-0.37151098209653133,-424.1726638087146,713.9226638087146,leave_one_system_out
34,2010-09-30 16:00:00,117.25,142.8955,94.427,-0.8660254037844385,-0.5000000000000004,-0.999916658654738,-0.0129102960750088,16.0,273,-0.8660254037844385,-0.5000000000000004,-0.9999166586547379,-0.012910296075008843,1141.75,max_ac,117.25,0.1026932340705058,0.1026932340705058,-0.5790848397408592,-661.170115774126,778.420115774126,leave_one_system_out
34,2010-09-30 17:00:00,0.25,14.0135,89.9495,-0.9659258262890684,-0.2588190451025206,-0.999916658654738,-0.0129102960750088,17.0,273,-0.9659258262890683,-0.25881904510252063,-0.9999166586547379,-0.012910296075008843,1141.75,max_ac,0.25,0.0002189621195533173,0.0002189621195533173,-0.7588404676150485,-866.4061038994816,866.6561038994816,leave_one_system_out
34,2010-09-30 18:00:00,-2.5,0.2929999999999999,85.4235,-1.0,-1.8369701987210287e-16,-0.999916658654738,-0.0129102960750088,18.0,273,-1.0,-1.8369701987210297e-16,-0.9999166586547379,-0.012910296075008843,1141.75,max_ac,-2.5,-0.0021896211955331727,-0.0021896211955331727,-0.9799796063749971,-1118.891715578653,1116.391715578653,leave_one_system_out
34,2010-10-01 06:00:00,41.5,36.05975,78.32074999999999,1.0,6.123233995736766e-17,-0.99999073973619,0.0043035382962438,6.0,274,1.0,6.123233995736766e-17,-0.9999907397361901,0.004303538296243821,1141.75,max_ac,41.5,0.036347711845850665,0.036347711845850665,-0.2993745157179998,-341.81085332102623,383.31085332102623,leave_one_system_out
34,2010-10-01 07:00:00,49.5,61.352500000000006,80.46225000000001,0.9659258262890684,-0.2588190451025206,-0.99999073973619,0.0043035382962438,7.0,274,0.9659258262890683,-0.25881904510252063,-0.9999907397361901,0.004303538296243821,1141.75,max_ac,49.5,0.04335449967155682,0.04335449967155682,0.005372615588822016,6.134183848537537,43.36581615146246,leave_one_system_out
34,2010-10-01 08:00:00,26.5,26.001,78.34625,0.8660254037844387,-0.4999999999999998,-0.99999073973619,0.0043035382962438,8.0,274,0.8660254037844387,-0.4999999999999998,-0.9999907397361901,0.004303538296243821,1141.75,max_ac,26.5,0.023209984672651632,0.023209984672651632,0.3584935849731284,409.31005064306936,-382.81005064306936,leave_one_system_out
34,2010-10-01 09:00:00,215.25,160.962,76.69075000000001,0.7071067811865476,-0.7071067811865475,-0.99999073973619,0.0043035382962438,9.0,274,0.7071067811865476,-0.7071067811865475,-0.9999907397361901,0.004303538296243821,1141.75,max_ac,215.25,0.1885263849354062,0.1885263849354062,0.46770878978865765,534.0065107411999,-318.7565107411999,leave_one_system_out
34,2010-10-01 10:00:00,192.5,173.3885,79.7915,0.4999999999999999,-0.8660254037844387,-0.99999073973619,0.0043035382962438,10.0,274,0.49999999999999994,-0.8660254037844387,-0.9999907397361901,0.004303538296243821,1141.75,max_ac,192.5,0.1686008320560543,0.1686008320560543,0.5851761992025155,668.1249254394721,-475.6249254394721,leave_one_system_out
34,2010-10-01 11:00:00,428.75,362.549,82.52025,0.258819045102521,-0.9659258262890682,-0.99999073973619,0.0043035382962438,11.0,274,0.258819045102521,-0.9659258262890682,-0.9999907397361901,0.004303538296243821,1141.75,max_ac,428.75,0.3755200350339391,0.3755200350339391,0.4324116840745645,493.706040292134,-64.95604029213399,leave_one_system_out
34,2010-10-01 12:00:00,491.25,676.22075,88.81025,1.2246467991473532e-16,-1.0,-0.99999073973619,0.0043035382962438,12.0,274,1.2246467991473532e-16,-1.0,-0.9999907397361901,0.004303538296243821,1141.75,max_ac,491.25,0.43026056492226844,0.43026056492226844,-0.007801183131857958,-8.907000840798824,500.15700084079884,leave_one_system_out
34,2010-10-01 13:00:00,780.0,822.94925,92.6705,-0.2588190451025208,-0.9659258262890684,-0.99999073973619,0.0043035382962438,13.0,274,-0.2588190451025208,-0.9659258262890683,-0.9999907397361901,0.004303538296243821,1141.75,max_ac,780.0,0.6831618130063499,0.6831618130063499,-0.36553065316362976,-417.3446232495743,1197.3446232495744,leave_one_system_out
34,2010-10-01 14:00:00,698.75,822.1925,93.7765,-0.4999999999999997,-0.8660254037844388,-0.99999073973619,0.0043035382962438,14.0,274,-0.4999999999999997,-0.8660254037844388,-0.9999907397361901,0.004303538296243821,1141.75,max_ac,698.75,0.6119991241515218,0.6119991241515218,-0.587212485176444,-670.4498549502049,1369.199854950205,leave_one_system_out
34,2010-10-01 15:00:00,465.25,537.0605,92.5085,-0.7071067811865471,-0.7071067811865479,-0.99999073973619,0.0043035382962438,15.0,274,-0.7071067811865471,-0.7071067811865479,-0.9999907397361901,0.004303538296243821,1141.75,max_ac,465.25,0.4074885044887234,0.4074885044887234,-0.54902862477698,-626.8534323391169,1092.1034323391168,leave_one_system_out
34,2010-10-01 16:00:00,96.5,119.458,89.85300000000001,-0.8660254037844385,-0.5000000000000004,-0.99999073973619,0.0043035382962438,16.0,274,-0.8660254037844385,-0.5000000000000004,-0.9999907397361901,0.004303538296243821,1141.75,max_ac,96.5,0.08451937814758047,0.08451937814758047,-0.486500323022121,-555.4617438105066,651.9617438105066,leave_one_system_out
34,2010-10-01 17:00:00,-0.75,9.05775,86.30699999999999,-0.9659258262890684,-0.2588190451025206,-0.99999073973619,0.0043035382962438,17.0,274,-0.9659258262890683,-0.25881904510252063,-0.9999907397361901,0.004303538296243821,1141.75,max_ac,-0.75,-0.0006568863586599519,-0.0006568863586599519,-0.6934798844002584,-791.7806580139951,791.0306580139951,leave_one_system_out
34,2010-10-01 18:00:00,-2.25,0.3174999999999999,82.04175000000001,-1.0,-1.8369701987210287e-16,-0.99999073973619,0.0043035382962438,18.0,274,-1.0,-1.8369701987210297e-16,-0.9999907397361901,0.004303538296243821,1141.75,max_ac,-2.25,-0.0019706590759798557,-0.0019706590759798557,-0.9096054040974114,-1038.5419701282194,1036.2919701282194,leave_one_system_out
34,2010-10-02 06:00:00,85.5,77.63675,73.93924999999999,1.0,6.123233995736766e-17,-0.9997685019798908,0.0215160974362222,6.0,275,1.0,6.123233995736766e-17,-0.9997685019798909,0.021516097436222233,1141.75,max_ac,85.5,0.0748850448872345,0.0748850448872345,-0.2793138468450501,-318.90658463533595,404.40658463533595,leave_one_system_out
34,2010-10-02 07:00:00,278.25,244.06725,76.4095,0.9659258262890684,-0.2588190451025206,-0.9997685019798908,0.0215160974362222,7.0,275,0.9659258262890683,-0.25881904510252063,-0.9997685019798909,0.021516097436222233,1141.75,max_ac,278.25,0.24370483906284213,0.24370483906284213,-0.11677685912560687,-133.32997890666164,411.5799789066616,leave_one_system_out
34,2010-10-02 08:00:00,632.25,664.2334999999999,81.86425,0.8660254037844387,-0.4999999999999998,-0.9997685019798908,0.0215160974362222,8.0,275,0.8660254037844387,-0.4999999999999998,-0.9997685019798909,0.021516097436222233,1141.75,max_ac,632.25,0.5537552003503394,0.5537552003503394,-0.3067451868699823,-350.2263171088023,982.4763171088023,leave_one_system_out
34,2010-10-02 09:00:00,819.25,907.32425,86.398,0.7071067811865476,-0.7071067811865475,-0.9997685019798908,0.0215160974362222,9.0,275,0.7071067811865476,-0.7071067811865475,-0.9997685019798909,0.021516097436222233,1141.75,max_ac,819.25,0.7175388657762207,0.7175388657762207,-0.4306018535555338,-491.6396662970307,1310.8896662970308,leave_one_system_out
34,2010-10-02 10:00:00,902.5,1042.1385,90.068,0.4999999999999999,-0.8660254037844387,-0.9997685019798908,0.0215160974362222,10.0,275,0.49999999999999994,-0.8660254037844387,-0.9997685019798909,0.021516097436222233,1141.75,max_ac,902.5,0.7904532515874754,0.7904532515874754,-0.5119460344821384,-584.5143848699815,1487.0143848699815,leave_one_system_out
34,2010-10-02 11:00:00,922.75,1007.47075,93.615,0.258819045102521,-0.9659258262890682,-0.9997685019798908,0.0215160974362222,11.0,275,0.258819045102521,-0.9659258262890682,-0.9997685019798909,0.021516097436222233,1141.75,max_ac,922.75,0.8081891832712941,0.8081891832712941,-0.478335090464859,-546.1390895382527,1468.8890895382528,leave_one_system_out
34,2010-10-02 12:00:00,740.0,908.66725,96.38875,1.2246467991473532e-16,-1.0,-0.9997685019798908,0.0215160974362222,12.0,275,1.2246467991473532e-16,-1.0,-0.9997685019798909,0.021516097436222233,1141.75,max_ac,740.0,0.6481278738778191,0.6481278738778191,-0.4423705142388843,-505.07653463224614,1245.0765346322462,leave_one_system_out
34,2010-10-02 13:00:00,513.75,694.702,97.171,-0.2588190451025208,-0.9659258262890684,-0.9997685019798908,0.0215160974362222,13.0,275,-0.2588190451025208,-0.9659258262890683,-0.9997685019798909,0.021516097436222233,1141.75,max_ac,513.75,0.449967155682067,0.449967155682067,-0.3246299442019873,-370.64623879261904,884.396238792619,leave_one_system_out
34,2010-10-02 14:00:00,74.0,77.71025,86.0155,-0.4999999999999997,-0.8660254037844388,-0.9997685019798908,0.0215160974362222,14.0,275,-0.4999999999999997,-0.8660254037844388,-0.9997685019798909,0.021516097436222233,1141.75,max_ac,74.0,0.06481278738778191,0.06481278738778191,0.21686488546256927,247.60548297688845,-173.60548297688845,leave_one_system_out
34,2010-10-02 15:00:00,115.25,110.083,84.077,-0.7071067811865471,-0.7071067811865479,-0.9997685019798908,0.0215160974362222,15.0,275,-0.7071067811865471,-0.7071067811865479,-0.9997685019798909,0.021516097436222233,1141.75,max_ac,115.25,0.10094153711407926,0.10094153711407926,-0.08449654353513297,-96.47392858123807,211.72392858123806,leave_one_system_out
34,2010-10-02 16:00:00,116.75,154.58974999999998,84.98575,-0.8660254037844385,-0.5000000000000004,-0.9997685019798908,0.0215160974362222,16.0,275,-0.8660254037844385,-0.5000000000000004,-0.9997685019798909,0.021516097436222233,1141.75,max_ac,116.75,0.10225530983139917,0.10225530983139917,-0.4336653085650962,-495.1373660541986,611.8873660541985,leave_one_system_out
34,2010-10-02 17:00:00,4.0,17.65125,83.48225,-0.9659258262890684,-0.2588190451025206,-0.9997685019798908,0.0215160974362222,17.0,275,-0.9659258262890683,-0.25881904510252063,-0.9997685019798909,0.021516097436222233,1141.75,max_ac,4.0,0.0035033939128530766,0.0035033939128530766,-0.6515732195240825,-743.9337233916212,747.9337233916212,leave_one_system_out
34,2010-10-02 18:00:00,-2.75,0.3419999999999999,81.48724999999999,-1.0,-1.8369701987210287e-16,-0.9997685019798908,0.0215160974362222,18.0,275,-1.0,-1.8369701987210297e-16,-0.9997685019798909,0.021516097436222233,1141.75,max_ac,-2.75,-0.00240858331508649,-0.00240858331508649,-0.9008565099266813,-1028.5529202087885,1025.8029202087885,leave_one_system_out
34,2010-10-03 06:00:00,96.0,84.985,66.472,1.0,6.123233995736766e-17,-0.9992500112396836,0.0387222808921739,6.0,276,1.0,6.123233995736766e-17,-0.9992500112396835,0.03872228089217399,1141.75,max_ac,96.0,0.08408145390847384,0.08408145390847384,-0.19845934272035126,-226.59095455096104,322.59095455096104,leave_one_system_out
34,2010-10-03 07:00:00,246.0,262.13375,71.01050000000001,0.9659258262890684,-0.2588190451025206,-0.9992500112396836,0.0387222808921739,7.0,276,0.9659258262890683,-0.25881904510252063,-0.9992500112396835,0.03872228089217399,1141.75,max_ac,246.0,0.2154587256404642,0.2154587256404642,-0.06719604583989153,-76.72108533769615,322.72108533769614,leave_one_system_out
34,2010-10-03 08:00:00,272.75,262.1095,75.80199999999999,0.8660254037844387,-0.4999999999999998,-0.9992500112396836,0.0387222808921739,8.0,276,0.8660254037844387,-0.4999999999999998,-0.9992500112396835,0.03872228089217399,1141.75,max_ac,272.75,0.23888767243266915,0.23888767243266915,0.15749552584486354,179.82051663337293,92.92948336662707,leave_one_system_out
34,2010-10-03 09:00:00,255.0,237.0115,77.71075,0.7071067811865476,-0.7071067811865475,-0.9992500112396836,0.0387222808921739,9.0,276,0.7071067811865476,-0.7071067811865475,-0.9992500112396835,0.03872228089217399,1141.75,max_ac,255.0,0.22334136194438362,0.22334136194438362,0.3891069908623252,444.2629068170598,-189.2629068170598,leave_one_system_out
34,2010-10-03 10:00:00,371.5,321.63075,79.32825,0.4999999999999999,-0.8660254037844387,-0.9992500112396836,0.0387222808921739,10.0,276,0.49999999999999994,-0.8660254037844387,-0.9992500112396835,0.03872228089217399,1141.75,max_ac,371.5,0.3253777096562295,0.3253777096562295,0.44065932752440407,503.12278720098834,-131.62278720098834,leave_one_system_out
34,2010-10-03 11:00:00,378.75,361.206,78.57124999999999,0.258819045102521,-0.9659258262890682,-0.9992500112396836,0.0387222808921739,11.0,276,0.258819045102521,-0.9659258262890682,-0.9992500112396835,0.03872228089217399,1141.75,max_ac,378.75,0.3317276111232757,0.3317276111232757,0.45361557581714534,517.9155836892257,-139.16558368922574,leave_one_system_out
34,2010-10-03 12:00:00,1062.25,970.044,80.08500000000001,1.2246467991473532e-16,-1.0,-0.9992500112396836,0.0387222808921739,12.0,276,1.2246467991473532e-16,-1.0,-0.9992500112396835,0.03872228089217399,1141.75,max_ac,1062.25,0.9303700459820451,0.9303700459820451,-0.1257350506775512,-143.55799411109408,1205.807994111094,leave_one_system_out
34,2010-10-03 13:00:00,854.75,958.30075,81.533,-0.2588190451025208,-0.9659258262890684,-0.9992500112396836,0.0387222808921739,13.0,276,-0.2588190451025208,-0.9659258262890683,-0.9992500112396835,0.03872228089217399,1141.75,max_ac,854.75,0.7486314867527918,0.7486314867527918,-0.23527828901086278,-268.62898647815257,1123.3789864781525,leave_one_system_out
34,2010-10-03 14:00:00,562.25,663.81825,83.83874999999999,-0.4999999999999997,-0.8660254037844388,-0.9992500112396836,0.0387222808921739,14.0,276,-0.4999999999999997,-0.8660254037844388,-0.9992500112396835,0.03872228089217399,1141.75,max_ac,562.25,0.49244580687541056,0.49244580687541056,-0.22186862793169815,-253.31850594101635,815.5685059410164,leave_one_system_out
34,2010-10-03 15:00:00,187.25,370.65425,82.586,-0.7071067811865471,-0.7071067811865479,-0.9992500112396836,0.0387222808921739,15.0,276,-0.7071067811865471,-0.7071067811865479,-0.9992500112396835,0.03872228089217399,1141.75,max_ac,187.25,0.16400262754543463,0.16400262754543463,-0.23599852034390412,-269.45131060265254,456.70131060265254,leave_one_system_out
34,2010-10-03 16:00:00,59.0,60.01,80.9965,-0.8660254037844385,-0.5000000000000004,-0.9992500112396836,0.0387222808921739,16.0,276,-0.8660254037844385,-0.5000000000000004,-0.9992500112396835,0.03872228089217399,1141.75,max_ac,59.0,0.051675060214582874,0.051675060214582874,-0.32881003628264494,-375.41885892570986,434.41885892570986,leave_one_system_out
34,2010-10-03 17:00:00,6.5,19.28725,78.908,-0.9659258262890684,-0.2588190451025206,-0.9992500112396836,0.0387222808921739,17.0,276,-0.9659258262890683,-0.25881904510252063,-0.9992500112396835,0.03872228089217399,1141.75,max_ac,6.5,0.005693015108386249,0.005693015108386249,-0.5787680907645085,-660.8084676303777,667.3084676303777,leave_one_system_out
34,2010-10-03 18:00:00,-2.25,0.2929999999999999,76.54650000000001,-1.0,-1.8369701987210287e-16,-0.9992500112396836,0.0387222808921739,18.0,276,-1.0,-1.8369701987210297e-16,-0.9992500112396835,0.03872228089217399,1141.75,max_ac,-2.25,-0.0019706590759798557,-0.0019706590759798557,-0.8013739668227328,-914.9687266198551,912.7187266198551,leave_one_system_out
34,2010-10-04 06:00:00,141.25,115.08775,68.6035,1.0,6.123233995736766e-17,-0.9984354211555644,0.055916990100603,6.0,277,1.0,6.123233995736766e-17,-0.9984354211555643,0.05591699010060302,1141.75,max_ac,141.25,0.12371359754762426,0.12371359754762426,-0.24221252313320496,-276.5461482873368,417.7961482873368,leave_one_system_out
34,2010-10-04 07:00:00,357.75,354.8585,72.15199999999999,0.9659258262890684,-0.2588190451025206,-0.9984354211555644,0.055916990100603,7.0,277,0.9659258262890683,-0.25881904510252063,-0.9984354211555643,0.05591699010060302,1141.75,max_ac,357.75,0.31333479308079704,0.31333479308079704,-0.15175785649506623,-173.26953265324187,531.0195326532419,leave_one_system_out
34,2010-10-04 08:00:00,638.5,667.06525,75.3845,0.8660254037844387,-0.4999999999999998,-0.9984354211555644,0.055916990100603,8.0,277,0.8660254037844387,-0.4999999999999998,-0.9984354211555643,0.05591699010060302,1141.75,max_ac,638.5,0.5592292533391723,0.5592292533391723,-0.18759341972922772,-214.18478697584575,852.6847869758458,leave_one_system_out
34,2010-10-04 09:00:00,803.0,864.86825,77.87275,0.7071067811865476,-0.7071067811865475,-0.9984354211555644,0.055916990100603,9.0,277,0.7071067811865476,-0.7071067811865475,-0.9984354211555643,0.05591699010060302,1141.75,max_ac,803.0,0.703306328005255,0.703306328005255,-0.19720718705844553,-225.1613058239802,1028.1613058239802,leave_one_system_out
34,2010-10-04 10:00:00,588.25,798.4372500000001,82.02425,0.4999999999999999,-0.8660254037844387,-0.9984354211555644,0.055916990100603,10.0,277,0.49999999999999994,-0.8660254037844387,-0.9984354211555643,0.05591699010060302,1141.75,max_ac,588.25,0.5152178673089556,0.5152178673089556,-0.0644192065558905,-73.55062908518799,661.800629085188,leave_one_system_out
34,2010-10-04 11:00:00,799.75,984.88775,86.21574999999999,0.258819045102521,-0.9659258262890682,-0.9984354211555644,0.055916990100603,11.0,277,0.258819045102521,-0.9659258262890682,-0.9984354211555643,0.05591699010060302,1141.75,max_ac,799.75,0.7004598204510619,0.7004598204510619,-0.2761699619193475,-315.317054021415,1115.067054021415,leave_one_system_out
34,2010-10-04 12:00:00,980.25,1094.263,87.666,1.2246467991473532e-16,-1.0,-0.9984354211555644,0.055916990100603,12.0,277,1.2246467991473532e-16,-1.0,-0.9984354211555643,0.05591699010060302,1141.75,max_ac,980.25,0.8585504707685571,0.8585504707685571,-0.43797554701582053,-500.0585808053131,1480.308580805313,leave_one_system_out
34,2010-10-04 13:00:00,653.75,977.90525,87.10674999999999,-0.2588190451025208,-0.9659258262890684,-0.9984354211555644,0.055916990100603,13.0,277,-0.2588190451025208,-0.9659258262890683,-0.9984354211555643,0.05591699010060302,1141.75,max_ac,653.75,0.5725859426319246,0.5725859426319246,-0.39809623340077693,-454.52637448533704,1108.276374485337,leave_one_system_out
34,2010-10-04 14:00:00,745.0,732.2265,89.1925,-0.4999999999999997,-0.8660254037844388,-0.9984354211555644,0.055916990100603,14.0,277,-0.4999999999999997,-0.8660254037844388,-0.9984354211555643,0.05591699010060302,1141.75,max_ac,745.0,0.6525071162688855,0.6525071162688855,-0.400122554440166,-456.8399265320595,1201.8399265320595,leave_one_system_out
34,2010-10-04 15:00:00,304.75,402.637,86.65375,-0.7071067811865471,-0.7071067811865479,-0.9984354211555644,0.055916990100603,15.0,277,-0.7071067811865471,-0.7071067811865479,-0.9984354211555643,0.05591699010060302,1141.75,max_ac,304.75,0.26691482373549374,0.26691482373549374,-0.33195083351089527,-379.0048641610647,683.7548641610647,leave_one_system_out
34,2010-10-04 16:00:00,46.0,64.0625,83.03375,-0.8660254037844385,-0.5000000000000004,-0.9984354211555644,0.055916990100603,16.0,277,-0.8660254037844385,-0.5000000000000004,-0.9984354211555643,0.05591699010060302,1141.75,max_ac,46.0,0.04028902999781038,0.04028902999781038,-0.36028332452825307,-411.3534857801329,457.3534857801329,leave_one_system_out
34,2010-10-04 17:00:00,-3.5,5.077999999999999,77.564,-0.9659258262890684,-0.2588190451025206,-0.9984354211555644,0.055916990100603,17.0,277,-0.9659258262890683,-0.25881904510252063,-0.9984354211555643,0.05591699010060302,1141.75,max_ac,-3.5,-0.003065469673746442,-0.003065469673746442,-0.5556403051933753,-634.4023184545362,630.9023184545362,leave_one_system_out
34,2010-10-04 18:00:00,-2.25,0.14625,69.71724999999999,-1.0,-1.8369701987210287e-16,-0.9984354211555644,0.055916990100603,18.0,277,-1.0,-1.8369701987210297e-16,-0.9984354211555643,0.05591699010060302,1141.75,max_ac,-2.25,-0.0019706590759798557,-0.0019706590759798557,-0.6717491979928588,-766.9696468083465,764.7196468083465,leave_one_system_out
34,2010-10-05 06:00:00,101.5,86.13275,57.109,1.0,6.123233995736766e-17,-0.9973249731081556,0.0730951298980777,6.0,278,1.0,6.123233995736766e-17,-0.9973249731081555,0.07309512989807776,1141.75,max_ac,101.5,0.08889862053864682,0.08889862053864682,-0.10979788235233656,-125.36173217578028,226.86173217578028,leave_one_system_out
34,2010-10-05 07:00:00,401.25,400.02425,59.94375,0.9659258262890684,-0.2588190451025206,-0.9973249731081556,0.0730951298980777,7.0,278,0.9659258262890683,-0.25881904510252063,-0.9973249731081555,0.07309512989807776,1141.75,max_ac,401.25,0.3514342018830742,0.3514342018830742,-0.01306039152526517,-14.911702023971507,416.1617020239715,leave_one_system_out
34,2010-10-05 08:00:00,683.25,678.7597499999999,63.77875,0.8660254037844387,-0.4999999999999998,-0.9973249731081556,0.0730951298980777,8.0,278,0.8660254037844387,-0.4999999999999998,-0.9973249731081555,0.07309512989807776,1141.75,max_ac,683.25,0.5984234727392161,0.5984234727392161,0.010204450589279768,11.650931460310174,671.5990685396898,leave_one_system_out
34,2010-10-05 09:00:00,863.75,899.90225,67.0135,0.7071067811865476,-0.7071067811865475,-0.9973249731081556,0.0730951298980777,9.0,278,0.7071067811865476,-0.7071067811865475,-0.9973249731081555,0.07309512989807776,1141.75,max_ac,863.75,0.7565141230567112,0.7565141230567112,-0.0016446747436836273,-1.8778073886007816,865.6278073886008,leave_one_system_out
34,2010-10-05 10:00:00,959.0,1045.679,69.864,0.4999999999999999,-0.8660254037844387,-0.9973249731081556,0.0730951298980777,10.0,278,0.49999999999999994,-0.8660254037844387,-0.9973249731081555,0.07309512989807776,1141.75,max_ac,959.0,0.839938690606525,0.839938690606525,-0.029250444207627346,-33.39669467405852,992.3966946740585,leave_one_system_out
34,2010-10-05 11:00:00,990.0,980.713,73.11874999999999,0.258819045102521,-0.9659258262890682,-0.9973249731081556,0.0730951298980777,11.0,278,0.258819045102521,-0.9659258262890682,-0.9973249731081555,0.07309512989807776,1141.75,max_ac,990.0,0.8670899934311365,0.8670899934311365,0.015813127945538408,18.054638831818476,971.9453611681815,leave_one_system_out
34,2010-10-05 12:00:00,958.25,1078.247,75.01249999999999,1.2246467991473532e-16,-1.0,-0.9973249731081556,0.0730951298980777,12.0,278,1.2246467991473532e-16,-1.0,-0.9973249731081555,0.07309512989807776,1141.75,max_ac,958.25,0.8392818042478651,0.8392818042478651,-0.10077590210432952,-115.06088622761823,1073.3108862276183,leave_one_system_out
34,2010-10-05 13:00:00,870.75,965.69825,75.95925,-0.2588190451025208,-0.9659258262890684,-0.9973249731081556,0.0730951298980777,13.0,278,-0.2588190451025208,-0.9659258262890683,-0.9973249731081555,0.07309512989807776,1141.75,max_ac,870.75,0.762645062404204,0.762645062404204,-0.11617482325644235,-132.64260445304305,1003.3926044530431,leave_one_system_out
34,2010-10-05 14:00:00,715.75,777.0994999999999,76.3745,-0.4999999999999997,-0.8660254037844388,-0.9973249731081556,0.0730951298980777,14.0,278,-0.4999999999999997,-0.8660254037844388,-0.9973249731081555,0.07309512989807776,1141.75,max_ac,715.75,0.6268885482811474,0.6268885482811474,-0.14882068666015413,-169.916018994231,885.666018994231,leave_one_system_out
34,2010-10-05 15:00:00,229.0,308.03200000000004,75.572,-0.7071067811865471,-0.7071067811865479,-0.9973249731081556,0.0730951298980777,15.0,278,-0.7071067811865471,-0.7071067811865479,-0.9973249731081555,0.07309512989807776,1141.75,max_ac,229.0,0.20056930151083863,0.20056930151083863,-0.10410994591429334,-118.86753074764442,347.8675307476444,leave_one_system_out
34,2010-10-05 16:00:00,38.5,105.5905,73.43549999999999,-0.8660254037844385,-0.5000000000000004,-0.9973249731081556,0.0730951298980777,16.0,278,-0.8660254037844385,-0.5000000000000004,-0.9973249731081555,0.07309512989807776,1141.75,max_ac,38.5,0.03372016641121086,0.03372016641121086,-0.257436920030402,-293.9286034447114,332.4286034447114,leave_one_system_out
34,2010-10-05 17:00:00,-0.5,6.274499999999999,70.43825,-0.9659258262890684,-0.2588190451025206,-0.9973249731081556,0.0730951298980777,17.0,278,-0.9659258262890683,-0.25881904510252063,-0.9973249731081555,0.07309512989807776,1141.75,max_ac,-0.5,-0.0004379242391066346,-0.0004379242391066346,-0.4533444304942825,-517.6060035168471,517.1060035168471,leave_one_system_out
34,2010-10-05 18:00:00,-2.75,0.195,68.31975,-1.0,-1.8369701987210287e-16,-0.9973249731081556,0.0730951298980777,18.0,278,-1.0,-1.8369701987210297e-16,-0.9973249731081555,0.07309512989807776,1141.75,max_ac,-2.75,-0.00240858331508649,-0.00240858331508649,-0.6483869199705793,-740.295765876409,737.545765876409,leave_one_system_out
34,2010-10-06 06:00:00,115.25,82.495,52.82575,1.0,6.123233995736766e-17,-0.9959189961471792,0.0902516100310407,6.0,279,1.0,6.123233995736766e-17,-0.9959189961471792,0.0902516100310407,1141.75,max_ac,115.25,0.10094153711407926,0.10094153711407926,-0.07474315866102055,-85.33800140122021,200.5880014012202,leave_one_system_out
34,2010-10-06 07:00:00,395.0,368.65225,59.16925,0.9659258262890684,-0.2588190451025206,-0.9959189961471792,0.0902516100310407,7.0,279,0.9659258262890683,-0.25881904510252063,-0.9959189961471792,0.0902516100310407,1141.75,max_ac,395.0,0.3459601488942413,0.3459601488942413,0.0073645580666164,8.408484172559275,386.59151582744073,leave_one_system_out
34,2010-10-06 08:00:00,662.25,671.411,63.4775,0.8660254037844387,-0.4999999999999998,-0.9959189961471792,0.0902516100310407,8.0,279,0.8660254037844387,-0.4999999999999998,-0.9959189961471792,0.0902516100310407,1141.75,max_ac,662.25,0.5800306546967374,0.5800306546967374,0.016363460232216687,18.6829807201334,643.5670192798666,leave_one_system_out
34,2010-10-06 09:00:00,843.75,892.4074999999999,67.08975,0.7071067811865476,-0.7071067811865475,-0.9959189961471792,0.0902516100310407,9.0,279,0.7071067811865476,-0.7071067811865475,-0.9959189961471792,0.0902516100310407,1141.75,max_ac,843.75,0.7389971534924458,0.7389971534924458,-0.0018154040859880705,-2.0727376151768793,845.8227376151768,leave_one_system_out
34,2010-10-06 10:00:00,948.5,1037.4755,70.059,0.4999999999999999,-0.8660254037844387,-0.9959189961471792,0.0902516100310407,10.0,279,0.49999999999999994,-0.8660254037844387,-0.9959189961471792,0.0902516100310407,1141.75,max_ac,948.5,0.8307422815852857,0.8307422815852857,-0.031746637023774504,-36.246722821894544,984.7467228218945,leave_one_system_out
34,2010-10-06 11:00:00,1009.0,1102.34375,73.352,0.258819045102521,-0.9659258262890682,-0.9959189961471792,0.0902516100310407,11.0,279,0.258819045102521,-0.9659258262890682,-0.9959189961471792,0.0902516100310407,1141.75,max_ac,1009.0,0.8837311145171886,0.8837311145171886,-0.08430523097244191,-96.25549746278556,1105.2554974627856,leave_one_system_out
34,2010-10-06 12:00:00,828.5,893.5795,74.7465,1.2246467991473532e-16,-1.0,-0.9959189961471792,0.0902516100310407,12.0,279,1.2246467991473532e-16,-1.0,-0.9959189961471792,0.0902516100310407,1141.75,max_ac,828.5,0.7256404641996934,0.7256404641996934,0.03427746713663765,39.13629810325604,789.3637018967439,leave_one_system_out
34,2010-10-06 13:00:00,778.5,803.7109999999999,77.16375,-0.2588190451025208,-0.9659258262890684,-0.9959189961471792,0.0902516100310407,13.0,279,-0.2588190451025208,-0.9659258262890683,-0.9959189961471792,0.0902516100310407,1141.75,max_ac,778.5,0.68184804028903,0.68184804028903,-0.03596018378275112,-41.05753983395609,819.5575398339561,leave_one_system_out
34,2010-10-06 14:00:00,380.0,642.7975,77.483,-0.4999999999999997,-0.8660254037844388,-0.9959189961471792,0.0902516100310407,14.0,279,-0.4999999999999997,-0.8660254037844388,-0.9959189961471792,0.0902516100310407,1141.75,max_ac,380.0,0.33282242172104226,0.33282242172104226,-0.09542381097452324,-108.9501361801619,488.9501361801619,leave_one_system_out
34,2010-10-06 15:00:00,101.25,170.1905,75.49574999999999,-0.7071067811865471,-0.7071067811865479,-0.9959189961471792,0.0902516100310407,15.0,279,-0.7071067811865471,-0.7071067811865479,-0.9959189961471792,0.0902516100310407,1141.75,max_ac,101.25,0.08867965841909349,0.08867965841909349,-0.043450988718858,-49.610166369756115,150.86016636975612,leave_one_system_out
34,2010-10-06 16:00:00,31.25,35.37575,72.2255,-0.8660254037844385,-0.5000000000000004,-0.9959189961471792,0.0902516100310407,16.0,279,-0.8660254037844385,-0.5000000000000004,-0.9959189961471792,0.0902516100310407,1141.75,max_ac,31.25,0.027370264944164658,0.027370264944164658,-0.22656665906063844,-258.6824829824839,289.9324829824839,leave_one_system_out
34,2010-10-06 17:00:00,-3.0,5.957,70.1195,-0.9659258262890684,-0.2588190451025206,-0.9959189961471792,0.0902516100310407,17.0,279,-0.9659258262890683,-0.25881904510252063,-0.9959189961471792,0.0902516100310407,1141.75,max_ac,-3.0,-0.0026275454346398074,-0.0026275454346398074,-0.45110832282180036,-515.0529275817905,512.0529275817905,leave_one_system_out
34,2010-10-06 18:00:00,-2.5,0.17075,68.112,-1.0,-1.8369701987210287e-16,-0.9959189961471792,0.0902516100310407,18.0,279,-1.0,-1.8369701987210297e-16,-0.9959189961471792,0.0902516100310407,1141.75,max_ac,-2.5,-0.0021896211955331727,-0.0021896211955331727,-0.6469286814460188,-738.6308220409919,736.1308220409919,leave_one_system_out
34,2010-10-07 06:00:00,46.25,36.71875,56.896,1.0,6.123233995736766e-17,-0.994217906893952,0.107381346664163,6.0,280,1.0,6.123233995736766e-17,-0.994217906893952,0.10738134666416306,1141.75,max_ac,46.25,0.040507992117363695,0.040507992117363695,-0.09659698065070332,-110.28960265794052,156.53960265794052,leave_one_system_out
34,2010-10-07 07:00:00,332.0,224.585,58.56925,0.9659258262890684,-0.2588190451025206,-0.994217906893952,0.107381346664163,7.0,280,0.9659258262890683,-0.25881904510252063,-0.994217906893952,0.10738134666416306,1141.75,max_ac,332.0,0.2907816947668053,0.2907816947668053,0.06930816208747503,79.13259406337463,252.86740593662537,leave_one_system_out
34,2010-10-07 08:00:00,581.5,532.3485000000001,62.21675,0.8660254037844387,-0.4999999999999998,-0.994217906893952,0.107381346664163,8.0,280,0.8660254037844387,-0.4999999999999998,-0.994217906893952,0.10738134666416306,1141.75,max_ac,581.5,0.509305890081016,0.509305890081016,0.1070325514346363,122.20441560049599,459.29558439950404,leave_one_system_out
34,2010-10-07 09:00:00,876.25,853.6134999999999,65.52275,0.7071067811865476,-0.7071067811865475,-0.994217906893952,0.107381346664163,9.0,280,0.7071067811865476,-0.7071067811865475,-0.994217906893952,0.10738134666416306,1141.75,max_ac,876.25,0.7674622290343771,0.7674622290343771,0.04959066006960666,56.620136134473405,819.6298638655265,leave_one_system_out
34,2010-10-07 10:00:00,908.0,994.629,70.3575,0.4999999999999999,-0.8660254037844387,-0.994217906893952,0.107381346664163,10.0,280,0.49999999999999994,-0.8660254037844387,-0.994217906893952,0.10738134666416306,1141.75,max_ac,908.0,0.7952704182176483,0.7952704182176483,-0.011487713112172615,-13.116096445823084,921.1160964458231,leave_one_system_out
34,2010-10-07 11:00:00,1026.0,1041.79675,73.4355,0.258819045102521,-0.9659258262890682,-0.994217906893952,0.107381346664163,11.0,280,0.258819045102521,-0.9659258262890682,-0.994217906893952,0.10738134666416306,1141.75,max_ac,1026.0,0.8986205386468141,0.8986205386468141,-0.04482396354799445,-51.17776038092266,1077.1777603809226,leave_one_system_out
34,2010-10-07 12:00:00,1001.25,1007.34875,75.24799999999999,1.2246467991473532e-16,-1.0,-0.994217906893952,0.107381346664163,12.0,280,1.2246467991473532e-16,-1.0,-0.994217906893952,0.10738134666416306,1141.75,max_ac,1001.25,0.8769432888110357,0.8769432888110357,-0.06301056032563623,-71.94230725179517,1073.1923072517952,leave_one_system_out
34,2010-10-07 13:00:00,884.0,975.51275,76.49799999999999,-0.2588190451025208,-0.9659258262890684,-0.994217906893952,0.107381346664163,13.0,280,-0.2588190451025208,-0.9659258262890683,-0.994217906893952,0.10738134666416306,1141.75,max_ac,884.0,0.7742500547405299,0.7742500547405299,-0.14379000584226886,-164.17223917041048,1048.1722391704104,leave_one_system_out
34,2010-10-07 14:00:00,570.75,679.17475,75.85274999999999,-0.4999999999999997,-0.8660254037844388,-0.994217906893952,0.107381346664163,14.0,280,-0.4999999999999997,-0.8660254037844388,-0.994217906893952,0.10738134666416306,1141.75,max_ac,570.75,0.49989051894022335,0.49989051894022335,-0.08976203487333428,-102.48580331662941,673.2358033166295,leave_one_system_out
34,2010-10-07 15:00:00,417.25,475.70775,76.20224999999999,-0.7071067811865471,-0.7071067811865479,-0.994217906893952,0.107381346664163,15.0,280,-0.7071067811865471,-0.7071067811865479,-0.994217906893952,0.10738134666416306,1141.75,max_ac,417.25,0.36544777753448654,0.36544777753448654,-0.19738076251356185,-225.35948559985923,642.6094855998592,leave_one_system_out
34,2010-10-07 16:00:00,122.75,202.22175,74.0275,-0.8660254037844385,-0.5000000000000004,-0.994217906893952,0.107381346664163,16.0,280,-0.8660254037844385,-0.5000000000000004,-0.994217906893952,0.10738134666416306,1141.75,max_ac,122.75,0.10751040070067878,0.10751040070067878,-0.2998595182877102,-342.3646050049931,465.1146050049931,leave_one_system_out
34,2010-10-07 17:00:00,-0.25,7.64175,69.77275,-0.9659258262890684,-0.2588190451025206,-0.994217906893952,0.107381346664163,17.0,280,-0.9659258262890683,-0.25881904510252063,-0.994217906893952,0.10738134666416306,1141.75,max_ac,-0.25,-0.0002189621195533173,-0.0002189621195533173,-0.448685895239219,-512.2871208893782,512.0371208893782,leave_one_system_out
34,2010-10-07 18:00:00,-2.5,0.1952499999999999,66.96074999999999,-1.0,-1.8369701987210287e-16,-0.994217906893952,0.107381346664163,18.0,280,-1.0,-1.8369701987210297e-16,-0.994217906893952,0.10738134666416306,1141.75,max_ac,-2.5,-0.0021896211955331727,-0.0021896211955331727,-0.6283039907960984,-717.3660814914454,714.8660814914454,leave_one_system_out
34,2010-10-08 06:00:00,85.5,78.29599999999999,58.05825,1.0,6.123233995736766e-17,-0.9922222094179324,0.1244792638867886,6.0,281,1.0,6.123233995736766e-17,-0.9922222094179324,0.12447926388678869,1141.75,max_ac,85.5,0.0748850448872345,0.0748850448872345,-0.12065064221910193,-137.75287075365964,223.25287075365964,leave_one_system_out
34,2010-10-08 07:00:00,384.25,393.921,62.0395,0.9659258262890684,-0.2588190451025206,-0.9922222094179324,0.1244792638867886,7.0,281,0.9659258262890683,-0.25881904510252063,-0.9922222094179324,0.12447926388678869,1141.75,max_ac,384.25,0.33654477775344865,0.33654477775344865,-0.044747270761565594,-51.09019639201752,435.3401963920175,leave_one_system_out
34,2010-10-08 08:00:00,671.25,667.5047500000001,66.24425,0.8660254037844387,-0.4999999999999998,-0.9922222094179324,0.1244792638867886,8.0,281,0.8660254037844387,-0.4999999999999998,-0.9922222094179324,0.12447926388678869,1141.75,max_ac,671.25,0.5879132910006569,0.5879132910006569,-0.03426361329799055,-39.12048048298071,710.3704804829807,leave_one_system_out
34,2010-10-08 09:00:00,838.0,886.45025,69.836,0.7071067811865476,-0.7071067811865475,-0.9922222094179324,0.1244792638867886,9.0,281,0.7071067811865476,-0.7071067811865475,-0.9922222094179324,0.12447926388678869,1141.75,max_ac,838.0,0.7339610247427195,0.7339610247427195,-0.06054267088106546,-69.12459447845649,907.1245944784565,leave_one_system_out
34,2010-10-08 10:00:00,934.75,1027.66125,73.0835,0.4999999999999999,-0.8660254037844387,-0.9922222094179324,0.1244792638867886,10.0,281,0.49999999999999994,-0.8660254037844387,-0.9922222094179324,0.12447926388678869,1141.75,max_ac,934.75,0.8186993650098533,0.8186993650098533,-0.10077846309111277,-115.06381023427801,1049.813810234278,leave_one_system_out
34,2010-10-08 11:00:00,968.5,1090.69825,75.15925,0.258819045102521,-0.9659258262890682,-0.9922222094179324,0.1244792638867886,11.0,281,0.258819045102521,-0.9659258262890682,-0.9922222094179324,0.12447926388678869,1141.75,max_ac,968.5,0.8482592511495511,0.8482592511495511,-0.1273644135767138,-145.41831920121297,1113.9183192012129,leave_one_system_out
34,2010-10-08 12:00:00,927.25,1064.67275,77.8275,1.2246467991473532e-16,-1.0,-0.9922222094179324,0.1244792638867886,12.0,281,1.2246467991473532e-16,-1.0,-0.9922222094179324,0.12447926388678869,1141.75,max_ac,927.25,0.8121305014232538,0.8121305014232538,-0.172285217845775,-196.7066474754136,1123.9566474754135,leave_one_system_out
34,2010-10-08 13:00:00,833.75,950.659,79.73825,-0.2588190451025208,-0.9659258262890684,-0.9922222094179324,0.1244792638867886,13.0,281,-0.2588190451025208,-0.9659258262890683,-0.9922222094179324,0.12447926388678869,1141.75,max_ac,833.75,0.7302386687103131,0.7302386687103131,-0.20761996046253683,-237.05008985810144,1070.8000898581015,leave_one_system_out
34,2010-10-08 14:00:00,666.0,760.59575,81.24924999999999,-0.4999999999999997,-0.8660254037844388,-0.9922222094179324,0.1244792638867886,14.0,281,-0.4999999999999997,-0.8660254037844388,-0.9922222094179324,0.12447926388678869,1141.75,max_ac,666.0,0.5833150864900373,0.5833150864900373,-0.2574504091470273,-293.9440046436184,959.9440046436184,leave_one_system_out
34,2010-10-08 15:00:00,420.75,504.63875,80.3305,-0.7071067811865471,-0.7071067811865479,-0.9922222094179324,0.1244792638867886,15.0,281,-0.7071067811865471,-0.7071067811865479,-0.9922222094179324,0.12447926388678869,1141.75,max_ac,420.75,0.368513247208233,0.368513247208233,-0.2933021243663828,-334.8777004953176,755.6277004953176,leave_one_system_out
34,2010-10-08 16:00:00,121.25,210.27825,78.69550000000001,-0.8660254037844385,-0.5000000000000004,-0.9922222094179324,0.1244792638867886,16.0,281,-0.8660254037844385,-0.5000000000000004,-0.9922222094179324,0.12447926388678869,1141.75,max_ac,121.25,0.10619662798335888,0.10619662798335888,-0.3785517357759105,-432.21144432214584,553.4614443221458,leave_one_system_out
34,2010-10-08 17:00:00,-2.75,6.64075,74.711,-0.9659258262890684,-0.2588190451025206,-0.9922222094179324,0.1244792638867886,17.0,281,-0.9659258262890683,-0.25881904510252063,-0.9922222094179324,0.12447926388678869,1141.75,max_ac,-2.75,-0.00240858331508649,-0.00240858331508649,-0.5224975532483164,-596.5615814212653,593.8115814212653,leave_one_system_out
34,2010-10-08 18:00:00,-2.25,0.2194999999999999,70.53975,-1.0,-1.8369701987210287e-16,-0.9922222094179324,0.1244792638867886,18.0,281,-1.0,-1.8369701987210297e-16,-0.9922222094179324,0.12447926388678869,1141.75,max_ac,-2.25,-0.0019706590759798557,-0.0019706590759798557,-0.6969644230697644,-795.7591300399034,793.5091300399034,leave_one_system_out
34,2010-10-09 06:00:00,89.5,74.02325,55.851,1.0,6.123233995736766e-17,-0.989932495087353,0.141540295217043,6.0,282,1.0,6.123233995736766e-17,-0.989932495087353,0.141540295217043,1141.75,max_ac,89.5,0.07838843880008758,0.07838843880008758,-0.10157827216763404,-115.97699224739617,205.47699224739617,leave_one_system_out
34,2010-10-09 07:00:00,384.0,389.69725,62.844750000000005,0.9659258262890684,-0.2588190451025206,-0.989932495087353,0.141540295217043,7.0,282,0.9659258262890683,-0.25881904510252063,-0.989932495087353,0.141540295217043,1141.75,max_ac,384.0,0.33632581563389535,0.33632581563389535,-0.055862977508450484,-63.78155457027334,447.78155457027333,leave_one_system_out
34,2010-10-09 08:00:00,649.75,666.40625,67.548,0.8660254037844387,-0.4999999999999998,-0.989932495087353,0.141540295217043,8.0,282,0.8660254037844387,-0.4999999999999998,-0.989932495087353,0.141540295217043,1141.75,max_ac,649.75,0.5690825487190716,0.5690825487190716,-0.059450951042920974,-67.87812335325502,717.628123353255,leave_one_system_out
34,2010-10-09 09:00:00,820.25,907.6496666666666,72.68433333333333,0.7071067811865476,-0.7071067811865475,-0.989932495087353,0.141540295217043,9.0,282,0.7071067811865476,-0.7071067811865475,-0.989932495087353,0.141540295217043,1141.75,max_ac,820.25,0.7184147142544339,0.7184147142544339,-0.1409959476849394,-160.98212326927955,981.2321232692796,leave_one_system_out
34,2010-10-09 10:00:00,916.0,1025.21975,76.4025,0.4999999999999999,-0.8660254037844387,-0.989932495087353,0.141540295217043,10.0,282,0.49999999999999994,-0.8660254037844387,-0.989932495087353,0.141540295217043,1141.75,max_ac,916.0,0.8022772060433545,0.8022772060433545,-0.18023934237480366,-205.78826915643208,1121.788269156432,leave_one_system_out
34,2010-10-09 11:00:00,942.25,1083.03225,79.93299999999999,0.258819045102521,-0.9659258262890682,-0.989932495087353,0.141540295217043,11.0,282,0.258819045102521,-0.9659258262890682,-0.989932495087353,0.141540295217043,1141.75,max_ac,942.25,0.8252682285964528,0.8252682285964528,-0.24313895012289388,-277.60389630281406,1219.853896302814,leave_one_system_out
34,2010-10-09 12:00:00,918.5,1057.59275,82.63399999999999,1.2246467991473532e-16,-1.0,-0.989932495087353,0.141540295217043,12.0,282,1.2246467991473532e-16,-1.0,-0.989932495087353,0.141540295217043,1141.75,max_ac,918.5,0.8044668272388876,0.8044668272388876,-0.2918686091453202,-333.24098449166934,1251.7409844916692,leave_one_system_out
34,2010-10-09 13:00:00,808.75,930.54225,84.38074999999998,-0.2588190451025208,-0.9659258262890684,-0.989932495087353,0.141540295217043,13.0,282,-0.2588190451025208,-0.9659258262890683,-0.989932495087353,0.141540295217043,1141.75,max_ac,808.75,0.7083424567549814,0.7083424567549814,-0.30849378174923636,-352.2227753121906,1160.9727753121906,leave_one_system_out
34,2010-10-09 14:00:00,655.75,749.4872499999999,84.8795,-0.4999999999999997,-0.8660254037844388,-0.989932495087353,0.141540295217043,14.0,282,-0.4999999999999997,-0.8660254037844388,-0.989932495087353,0.141540295217043,1141.75,max_ac,655.75,0.5743376395883513,0.5743376395883513,-0.33601209352161066,-383.641807778299,1039.391807778299,leave_one_system_out
34,2010-10-09 15:00:00,414.0,500.4395,84.68424999999999,-0.7071067811865471,-0.7071067811865479,-0.989932495087353,0.141540295217043,15.0,282,-0.7071067811865471,-0.7071067811865479,-0.989932495087353,0.141540295217043,1141.75,max_ac,414.0,0.3626012699802934,0.3626012699802934,-0.3819030641604386,-436.03782350518077,850.0378235051808,leave_one_system_out
34,2010-10-09 16:00:00,120.0,208.56925,83.29725,-0.8660254037844385,-0.5000000000000004,-0.989932495087353,0.141540295217043,16.0,282,-0.8660254037844385,-0.5000000000000004,-0.989932495087353,0.141540295217043,1141.75,max_ac,120.0,0.1051018173855923,0.1051018173855923,-0.45836324399430917,-523.3362338305025,643.3362338305025,leave_one_system_out
34,2010-10-09 17:00:00,-3.0,5.32225,78.941,-0.9659258262890684,-0.2588190451025206,-0.989932495087353,0.141540295217043,17.0,282,-0.9659258262890683,-0.25881904510252063,-0.989932495087353,0.141540295217043,1141.75,max_ac,-3.0,-0.0026275454346398074,-0.0026275454346398074,-0.5908263554282998,-674.5759913102612,671.5759913102612,leave_one_system_out
34,2010-10-09 18:00:00,-2.75,0.19525,74.92875000000001,-1.0,-1.8369701987210287e-16,-0.989932495087353,0.141540295217043,18.0,282,-1.0,-1.8369701987210297e-16,-0.989932495087353,0.141540295217043,1141.75,max_ac,-2.75,-0.00240858331508649,-0.00240858331508649,-0.7852869576912934,-896.6013839440343,893.8513839440343,leave_one_system_out
34,2010-10-10 06:00:00,71.0,69.50675000000001,65.543,1.0,6.123233995736766e-17,-0.9873494423939864,0.1585593851031347,6.0,283,1.0,6.123233995736766e-17,-0.9873494423939864,0.15855938510313475,1141.75,max_ac,71.0,0.06218524195314211,0.06218524195314211,-0.19451353025576212,-222.0858231695164,293.0858231695164,leave_one_system_out
34,2010-10-10 07:00:00,367.0,377.832,68.606,0.9659258262890684,-0.2588190451025206,-0.9873494423939864,0.1585593851031347,7.0,283,0.9659258262890683,-0.25881904510252063,-0.9873494423939864,0.15855938510313475,1141.75,max_ac,367.0,0.3214363915042698,0.3214363915042698,-0.13256407901084666,-151.35503721063418,518.3550372106342,leave_one_system_out
34,2010-10-10 08:00:00,646.25,656.3965000000001,73.34174999999999,0.8660254037844387,-0.4999999999999998,-0.9873494423939864,0.1585593851031347,8.0,283,0.8660254037844387,-0.4999999999999998,-0.9873494423939864,0.15855938510313475,1141.75,max_ac,646.25,0.5660170790453252,0.5660170790453252,-0.16093398284868965,-183.7463749174914,829.9963749174914,leave_one_system_out
34,2010-10-10 09:00:00,821.0,869.4335,77.43249999999999,0.7071067811865476,-0.7071067811865475,-0.9873494423939864,0.1585593851031347,9.0,283,0.7071067811865476,-0.7071067811865475,-0.9873494423939864,0.15855938510313475,1141.75,max_ac,821.0,0.7190716006130939,0.7190716006130939,-0.2161297904607038,-246.76618825850855,1067.7661882585085,leave_one_system_out
34,2010-10-10 10:00:00,933.5,1002.63675,80.26725,0.4999999999999999,-0.8660254037844387,-0.9873494423939864,0.1585593851031347,10.0,283,0.49999999999999994,-0.8660254037844387,-0.9873494423939864,0.15855938510313475,1141.75,max_ac,933.5,0.8176045544120867,0.8176045544120867,-0.2559017098193006,-292.17577718618645,1225.6757771861865,leave_one_system_out
34,2010-10-10 11:00:00,986.75,1068.213,82.17325,0.258819045102521,-0.9659258262890682,-0.9873494423939864,0.1585593851031347,11.0,283,0.258819045102521,-0.9659258262890682,-0.9873494423939864,0.15855938510313475,1141.75,max_ac,986.75,0.8642434858769433,0.8642434858769433,-0.2903286592597353,-331.48274670980277,1318.2327467098028,leave_one_system_out
34,2010-10-10 12:00:00,949.25,1041.162,83.62375,1.2246467991473532e-16,-1.0,-0.9873494423939864,0.1585593851031347,12.0,283,1.2246467991473532e-16,-1.0,-0.9873494423939864,0.15855938510313475,1141.75,max_ac,949.25,0.8313991679439457,0.8313991679439457,-0.3064988534205384,-349.9450658928997,1299.1950658928997,leave_one_system_out
34,2010-10-10 13:00:00,835.25,926.61125,84.74775,-0.2588190451025208,-0.9659258262890684,-0.9873494423939864,0.1585593851031347,13.0,283,-0.2588190451025208,-0.9659258262890683,-0.9873494423939864,0.15855938510313475,1141.75,max_ac,835.25,0.731552441427633,0.731552441427633,-0.3186190418514061,-363.78329103384294,1199.033291033843,leave_one_system_out
34,2010-10-10 14:00:00,659.5,737.8415,85.54475,-0.4999999999999997,-0.8660254037844388,-0.9873494423939864,0.1585593851031347,14.0,283,-0.4999999999999997,-0.8660254037844388,-0.9873494423939864,0.15855938510313475,1141.75,max_ac,659.5,0.577622071381651,0.577622071381651,-0.3461759676743732,-395.2464110922156,1054.7464110922156,leave_one_system_out
34,2010-10-10 15:00:00,404.0,488.54975,85.78049999999999,-0.7071067811865471,-0.7071067811865479,-0.9873494423939864,0.1585593851031347,15.0,283,-0.7071067811865471,-0.7071067811865479,-0.9873494423939864,0.15855938510313475,1141.75,max_ac,404.0,0.3538427851981607,0.3538427851981607,-0.3998935768229479,-456.5784913376008,860.5784913376008,leave_one_system_out
34,2010-10-10 16:00:00,111.0,193.14,84.37049999999999,-0.8660254037844385,-0.5000000000000004,-0.9873494423939864,0.1585593851031347,16.0,283,-0.8660254037844385,-0.5000000000000004,-0.9873494423939864,0.15855938510313475,1141.75,max_ac,111.0,0.09721918108167286,0.09721918108167286,-0.4714080499802136,-538.2301410649088,649.2301410649088,leave_one_system_out
34,2010-10-10 17:00:00,-3.25,5.9325,80.83924999999999,-0.9659258262890684,-0.2588190451025206,-0.9873494423939864,0.1585593851031347,17.0,283,-0.9659258262890683,-0.25881904510252063,-0.9873494423939864,0.15855938510313475,1141.75,max_ac,-3.25,-0.0028465075541931244,-0.0028465075541931244,-0.6249481863913692,-713.5345918123458,710.2845918123458,leave_one_system_out
34,2010-10-10 18:00:00,-2.25,0.26875,77.81675,-1.0,-1.8369701987210287e-16,-0.9873494423939864,0.1585593851031347,18.0,283,-1.0,-1.8369701987210297e-16,-0.9873494423939864,0.15855938510313475,1141.75,max_ac,-2.25,-0.0019706590759798557,-0.0019706590759798557,-0.8471879095703029,-967.2767957518934,965.0267957518934,leave_one_system_out
34,2010-10-11 06:00:00,80.75,66.43074999999999,59.39225,1.0,6.123233995736766e-17,-0.9844738167520924,0.1755314904214277,6.0,284,1.0,6.123233995736766e-17,-0.9844738167520923,0.17553149042142777,1141.75,max_ac,80.75,0.07072476461572148,0.07072476461572148,-0.13354596945405317,-152.47611062416522,233.22611062416522,leave_one_system_out
34,2010-10-11 07:00:00,360.25,370.7275,65.6315,0.9659258262890684,-0.2588190451025206,-0.9844738167520924,0.1755314904214277,7.0,284,0.9659258262890683,-0.25881904510252063,-0.9844738167520923,0.17553149042142777,1141.75,max_ac,360.25,0.3155244142763302,0.3155244142763302,-0.08845417258123844,-100.992551544629,461.242551544629,leave_one_system_out
34,2010-10-11 08:00:00,627.0,644.409,71.25375,0.8660254037844387,-0.4999999999999998,-0.9844738167520924,0.1755314904214277,8.0,284,0.8660254037844387,-0.4999999999999998,-0.9844738167520923,0.17553149042142777,1141.75,max_ac,627.0,0.5491569958397198,0.5491569958397198,-0.11637216249833704,-132.86791653247633,759.8679165324763,leave_one_system_out
34,2010-10-11 09:00:00,796.5,862.2317499999999,75.458,0.7071067811865476,-0.7071067811865475,-0.9844738167520924,0.1755314904214277,9.0,284,0.7071067811865476,-0.7071067811865475,-0.9844738167520923,0.17553149042142777,1141.75,max_ac,796.5,0.6976133128968688,0.6976133128968688,-0.1706868122673456,-194.88166790624186,991.3816679062419,leave_one_system_out
34,2010-10-11 10:00:00,884.25,1002.8565,79.84975,0.4999999999999999,-0.8660254037844387,-0.9844738167520924,0.1755314904214277,10.0,284,0.49999999999999994,-0.8660254037844387,-0.9844738167520923,0.17553149042142777,1141.75,max_ac,884.25,0.7744690168600832,0.7744690168600832,-0.2505565230532718,-286.0729101960731,1170.322910196073,leave_one_system_out
34,2010-10-11 11:00:00,909.0,1052.246,82.69225,0.258819045102521,-0.9659258262890682,-0.9844738167520924,0.1755314904214277,11.0,284,0.258819045102521,-0.9659258262890682,-0.9844738167520923,0.17553149042142777,1141.75,max_ac,909.0,0.7961462666958616,0.7961462666958616,-0.2922937587944655,-333.726399103581,1242.7263991035811,leave_one_system_out
34,2010-10-11 12:00:00,879.25,1027.759,86.3345,1.2246467991473532e-16,-1.0,-0.9844738167520924,0.1755314904214277,12.0,284,1.2246467991473532e-16,-1.0,-0.9844738167520923,0.17553149042142777,1141.75,max_ac,879.25,0.7700897744690168,0.7700897744690168,-0.3678574159422331,-420.00120465204463,1299.2512046520446,leave_one_system_out
34,2010-10-11 13:00:00,779.25,916.0645,88.20524999999998,-0.2588190451025208,-0.9659258262890684,-0.9844738167520924,0.1755314904214277,13.0,284,-0.2588190451025208,-0.9659258262890683,-0.9844738167520923,0.17553149042142777,1141.75,max_ac,779.25,0.6825049266476899,0.6825049266476899,-0.3998655416136071,-456.5464821373359,1235.796482137336,leave_one_system_out
34,2010-10-11 14:00:00,617.5,728.4667499999999,89.67625000000001,-0.4999999999999997,-0.8660254037844388,-0.9844738167520924,0.1755314904214277,14.0,284,-0.4999999999999997,-0.8660254037844388,-0.9844738167520923,0.17553149042142777,1141.75,max_ac,617.5,0.5408364352966937,0.5408364352966937,-0.4391969340064188,-501.45309940182864,1118.9530994018287,leave_one_system_out
34,2010-10-11 15:00:00,379.75,480.5175,89.91399999999999,-0.7071067811865471,-0.7071067811865479,-0.9844738167520924,0.1755314904214277,15.0,284,-0.7071067811865471,-0.7071067811865479,-0.9844738167520923,0.17553149042142777,1141.75,max_ac,379.75,0.33260345960148896,0.33260345960148896,-0.48458771180980054,-553.2780199588398,933.0280199588398,leave_one_system_out
34,2010-10-11 16:00:00,101.0,184.27725,88.04575,-0.8660254037844385,-0.5000000000000004,-0.9844738167520924,0.1755314904214277,16.0,284,-0.8660254037844385,-0.5000000000000004,-0.9844738167520923,0.17553149042142777,1141.75,max_ac,101.0,0.08846069629954018,0.08846069629954018,-0.5341033757178956,-609.8125292259073,710.8125292259073,leave_one_system_out
34,2010-10-11 17:00:00,-3.25,5.34675,83.84899999999999,-0.9659258262890684,-0.2588190451025206,-0.9844738167520924,0.1755314904214277,17.0,284,-0.9659258262890683,-0.25881904510252063,-0.9844738167520923,0.17553149042142777,1141.75,max_ac,-3.25,-0.0028465075541931244,-0.0028465075541931244,-0.6789048665122098,-775.1396313403155,771.8896313403155,leave_one_system_out
34,2010-10-11 18:00:00,-2.5,0.4637499999999999,79.65975,-1.0,-1.8369701987210287e-16,-0.9844738167520924,0.1755314904214277,18.0,284,-1.0,-1.8369701987210297e-16,-0.9844738167520923,0.17553149042142777,1141.75,max_ac,-2.5,-0.0021896211955331727,-0.0021896211955331727,-0.889022644105124,-1015.0416039070253,1012.5416039070253,leave_one_system_out
34,2010-10-12 06:00:00,70.75,64.795,70.1425,1.0,6.123233995736766e-17,-0.9813064702716092,0.1924515819708299,6.0,285,1.0,6.123233995736766e-17,-0.9813064702716093,0.19245158197082995,1141.75,max_ac,70.75,0.06196627983358879,0.06196627983358879,-0.2477969008699773,-282.9221115682966,353.6721115682966,leave_one_system_out
34,2010-10-12 07:00:00,338.0,369.26275,72.7345,0.9659258262890684,-0.2588190451025206,-0.9813064702716092,0.1924515819708299,7.0,285,0.9659258262890683,-0.25881904510252063,-0.9813064702716093,0.19245158197082995,1141.75,max_ac,338.0,0.29603678563608493,0.29603678563608493,-0.1943085674121693,-221.85180684284427,559.8518068428443,leave_one_system_out
34,2010-10-12 08:00:00,622.0,635.96225,76.07299999999998,0.8660254037844387,-0.4999999999999998,-0.9813064702716092,0.1924515819708299,8.0,285,0.8660254037844387,-0.4999999999999998,-0.9813064702716093,0.19245158197082995,1141.75,max_ac,622.0,0.5447777534486534,0.5447777534486534,-0.20228849024636986,-230.96288373879278,852.9628837387928,leave_one_system_out
34,2010-10-12 09:00:00,794.75,855.6885,78.97125,0.7071067811865476,-0.7071067811865475,-0.9813064702716092,0.1924515819708299,9.0,285,0.7071067811865476,-0.7071067811865475,-0.9813064702716093,0.19245158197082995,1141.75,max_ac,794.75,0.6960805780599956,0.6960805780599956,-0.24536970141807135,-280.15085659408294,1074.900856594083,leave_one_system_out
34,2010-10-12 10:00:00,888.75,998.584,81.46199999999999,0.4999999999999999,-0.8660254037844387,-0.9813064702716092,0.1924515819708299,10.0,285,0.49999999999999994,-0.8660254037844387,-0.9813064702716093,0.19245158197082995,1141.75,max_ac,888.75,0.7784103350120429,0.7784103350120429,-0.2898667690171268,-330.95538352530457,1219.7053835253046,leave_one_system_out
34,2010-10-12 11:00:00,915.75,1063.89125,84.24900000000001,0.258819045102521,-0.9659258262890682,-0.9813064702716092,0.1924515819708299,11.0,285,0.258819045102521,-0.9659258262890682,-0.9813064702716093,0.19245158197082995,1141.75,max_ac,915.75,0.8020582439238012,0.8020582439238012,-0.3487922876104119,-398.2335943791878,1313.9835943791877,leave_one_system_out
34,2010-10-12 12:00:00,894.25,1038.30575,86.24849999999999,1.2246467991473532e-16,-1.0,-0.9813064702716092,0.1924515819708299,12.0,285,1.2246467991473532e-16,-1.0,-0.9813064702716093,0.19245158197082995,1141.75,max_ac,894.25,0.7832275016422159,0.7832275016422159,-0.38136123038996406,-435.4191847977415,1329.6691847977415,leave_one_system_out
34,2010-10-12 13:00:00,812.0,923.828,87.33475,-0.2588190451025208,-0.9659258262890684,-0.9813064702716092,0.1924515819708299,13.0,285,-0.2588190451025208,-0.9659258262890683,-0.9813064702716093,0.19245158197082995,1141.75,max_ac,812.0,0.7111889643091746,0.7111889643091746,-0.39016312203221304,-445.46874458027924,1257.4687445802792,leave_one_system_out
34,2010-10-12 14:00:00,636.5,736.9875,87.92675,-0.4999999999999997,-0.8660254037844388,-0.9813064702716092,0.1924515819708299,14.0,285,-0.4999999999999997,-0.8660254037844388,-0.9813064702716093,0.19245158197082995,1141.75,max_ac,636.5,0.5574775563827458,0.5574775563827458,-0.40981003267751503,-467.9006048095528,1104.4006048095528,leave_one_system_out
34,2010-10-12 15:00:00,371.5,486.03525,87.67374999999998,-0.7071067811865471,-0.7071067811865479,-0.9813064702716092,0.1924515819708299,15.0,285,-0.7071067811865471,-0.7071067811865479,-0.9813064702716093,0.19245158197082995,1141.75,max_ac,371.5,0.3253777096562295,0.3253777096562295,-0.44529001649494526,-508.40987633310374,879.9098763331037,leave_one_system_out
34,2010-10-12 16:00:00,99.0,183.301,85.26149999999998,-0.8660254037844385,-0.5000000000000004,-0.9813064702716092,0.1924515819708299,16.0,285,-0.8660254037844385,-0.5000000000000004,-0.9813064702716093,0.19245158197082995,1141.75,max_ac,99.0,0.08670899934311364,0.08670899934311364,-0.4873991945454379,-556.4880303722538,655.4880303722538,leave_one_system_out
34,2010-10-12 17:00:00,-1.25,5.78625,81.24949999999998,-0.9659258262890684,-0.2588190451025206,-0.9813064702716092,0.1924515819708299,17.0,285,-0.9659258262890683,-0.25881904510252063,-0.9813064702716093,0.19245158197082995,1141.75,max_ac,-1.25,-0.0010948105977665863,-0.0010948105977665863,-0.6373234372170168,-727.6640344425289,726.4140344425289,leave_one_system_out
34,2010-10-12 18:00:00,-2.5,0.3662499999999999,78.37625,-1.0,-1.8369701987210287e-16,-0.9813064702716092,0.1924515819708299,18.0,285,-1.0,-1.8369701987210297e-16,-0.9813064702716093,0.19245158197082995,1141.75,max_ac,-2.5,-0.0021896211955331727,-0.0021896211955331727,-0.8646862995928536,-987.2555825601406,984.7555825601406,leave_one_system_out
34,2010-10-13 06:00:00,79.75,64.6485,60.926,1.0,6.123233995736766e-17,-0.9778483415056568,0.2093146459630488,6.0,286,1.0,6.123233995736766e-17,-0.9778483415056567,0.20931464596304888,1141.75,max_ac,79.75,0.06984891613750821,0.06984891613750821,-0.1506222361335222,-171.97293810544897,251.72293810544897,leave_one_system_out
34,2010-10-13 07:00:00,367.5,381.5675,64.2115,0.9659258262890684,-0.2588190451025206,-0.9778483415056568,0.2093146459630488,7.0,286,0.9659258262890683,-0.25881904510252063,-0.9778483415056567,0.20931464596304888,1141.75,max_ac,367.5,0.3218743157433764,0.3218743157433764,-0.08000280549996613,-91.34320317958634,458.84320317958634,leave_one_system_out
34,2010-10-13 08:00:00,643.0,659.082,69.77775,0.8660254037844387,-0.4999999999999998,-0.9778483415056568,0.2093146459630488,8.0,286,0.8660254037844387,-0.4999999999999998,-0.9778483415056567,0.20931464596304888,1141.75,max_ac,643.0,0.563170571491132,0.563170571491132,-0.10726391631798338,-122.46857645605752,765.4685764560575,leave_one_system_out
34,2010-10-13 09:00:00,811.75,877.36825,74.30874999999999,0.7071067811865476,-0.7071067811865475,-0.9778483415056568,0.2093146459630488,9.0,286,0.7071067811865476,-0.7071067811865475,-0.9778483415056567,0.20931464596304888,1141.75,max_ac,811.75,0.7109700021896211,0.7109700021896211,-0.1670266419115055,-190.70266840246143,1002.4526684024614,leave_one_system_out
34,2010-10-13 10:00:00,898.0,1018.8475,77.72075000000001,0.4999999999999999,-0.8660254037844387,-0.9778483415056568,0.2093146459630488,10.0,286,0.49999999999999994,-0.8660254037844387,-0.9778483415056567,0.20931464596304888,1141.75,max_ac,898.0,0.7865119334355156,0.7865119334355156,-0.2234828310259288,-255.16152232385423,1153.1615223238541,leave_one_system_out
34,2010-10-13 11:00:00,926.0,1080.664,81.55075,0.258819045102521,-0.9659258262890682,-0.9778483415056568,0.2093146459630488,11.0,286,0.258819045102521,-0.9659258262890682,-0.9778483415056567,0.20931464596304888,1141.75,max_ac,926.0,0.8110356908254872,0.8110356908254872,-0.3008814914210193,-343.53144282994873,1269.5314428299487,leave_one_system_out
34,2010-10-13 12:00:00,889.5,1052.09975,84.955,1.2246467991473532e-16,-1.0,-0.9778483415056568,0.2093146459630488,12.0,286,1.2246467991473532e-16,-1.0,-0.9778483415056567,0.20931464596304888,1141.75,max_ac,889.5,0.7790672213707028,0.7790672213707028,-0.3662334921641677,-418.1470896784384,1307.6470896784385,leave_one_system_out
34,2010-10-13 13:00:00,792.25,933.5205,87.49625,-0.2588190451025208,-0.9659258262890684,-0.9778483415056568,0.2093146459630488,13.0,286,-0.2588190451025208,-0.9659258262890683,-0.9778483415056567,0.20931464596304888,1141.75,max_ac,792.25,0.6938909568644624,0.6938909568644624,-0.4085144406403193,-466.4213626010845,1258.6713626010846,leave_one_system_out
34,2010-10-13 14:00:00,627.25,740.47875,88.77725,-0.4999999999999997,-0.8660254037844388,-0.9778483415056568,0.2093146459630488,14.0,286,-0.4999999999999997,-0.8660254037844388,-0.9778483415056567,0.20931464596304888,1141.75,max_ac,627.25,0.5493759579592731,0.5493759579592731,-0.43771538951880695,-499.76154598309785,1127.011545983098,leave_one_system_out
34,2010-10-13 15:00:00,376.5,486.64525,88.3875,-0.7071067811865471,-0.7071067811865479,-0.9778483415056568,0.2093146459630488,15.0,286,-0.7071067811865471,-0.7071067811865479,-0.9778483415056567,0.20931464596304888,1141.75,max_ac,376.5,0.3297569520472958,0.3297569520472958,-0.46488858003505185,-530.7865362550205,907.2865362550205,leave_one_system_out
34,2010-10-13 16:00:00,95.25,176.6845,86.21825,-0.8660254037844385,-0.5000000000000004,-0.9778483415056568,0.2093146459630488,16.0,286,-0.8660254037844385,-0.5000000000000004,-0.9778483415056567,0.20931464596304888,1141.75,max_ac,95.25,0.08342456754981388,0.08342456754981388,-0.503183123398418,-574.5093311401437,669.7593311401437,leave_one_system_out
34,2010-10-13 17:00:00,-3.0,4.761,81.80399999999999,-0.9659258262890684,-0.2588190451025206,-0.9778483415056568,0.2093146459630488,17.0,286,-0.9659258262890683,-0.25881904510252063,-0.9778483415056567,0.20931464596304888,1141.75,max_ac,-3.0,-0.0026275454346398074,-0.0026275454346398074,-0.649085271178914,-741.0931083685251,738.0931083685251,leave_one_system_out
34,2010-10-13 18:00:00,-2.0,0.1952499999999999,75.10325,-1.0,-1.8369701987210287e-16,-0.9778483415056568,0.2093146459630488,18.0,286,-1.0,-1.8369701987210297e-16,-0.9778483415056567,0.20931464596304888,1141.75,max_ac,-2.0,-0.0017516969564265383,-0.0017516969564265383,-0.7996273969863151,-912.9745805091253,910.9745805091253,leave_one_system_out
34,2010-10-14 06:00:00,64.0,59.59475,60.02475,1.0,6.123233995736766e-17,-0.9741004551724206,0.226115685508288,6.0,287,1.0,6.123233995736766e-17,-0.9741004551724206,0.22611568550828803,1141.75,max_ac,64.0,0.056054302605649226,0.056054302605649226,-0.14165359307876646,-161.73298989768162,225.73298989768162,leave_one_system_out
34,2010-10-14 07:00:00,347.25,366.21075,64.4545,0.9659258262890684,-0.2588190451025206,-0.9741004551724206,0.226115685508288,7.0,287,0.9659258262890683,-0.25881904510252063,-0.9741004551724206,0.22611568550828803,1141.75,max_ac,347.25,0.3041383840595577,0.3041383840595577,-0.07719517858102665,-88.13759514488717,435.3875951448872,leave_one_system_out
34,2010-10-14 08:00:00,621.0,635.9372500000001,71.52674999999999,0.8660254037844387,-0.4999999999999998,-0.9741004551724206,0.226115685508288,8.0,287,0.8660254037844387,-0.4999999999999998,-0.9741004551724206,0.22611568550828803,1141.75,max_ac,621.0,0.5439019049704401,0.5439019049704401,-0.12480596473828975,-142.49721023994232,763.4972102399423,leave_one_system_out
34,2010-10-14 09:00:00,788.25,855.02925,75.964,0.7071067811865476,-0.7071067811865475,-0.9741004551724206,0.226115685508288,9.0,287,0.7071067811865476,-0.7071067811865475,-0.9741004551724206,0.22611568550828803,1141.75,max_ac,788.25,0.6903875629516094,0.6903875629516094,-0.1871702896395514,-213.7016781959578,1001.9516781959578,leave_one_system_out
34,2010-10-14 10:00:00,873.0,989.67275,79.78649999999999,0.4999999999999999,-0.8660254037844387,-0.9741004551724206,0.226115685508288,10.0,287,0.49999999999999994,-0.8660254037844387,-0.9741004551724206,0.22611568550828803,1141.75,max_ac,873.0,0.764615721480184,0.764615721480184,-0.24961714641088717,-285.0003769146304,1158.0003769146304,leave_one_system_out
34,2010-10-14 11:00:00,903.75,1046.411,83.23124999999999,0.258819045102521,-0.9659258262890682,-0.9741004551724206,0.226115685508288,11.0,287,0.258819045102521,-0.9659258262890682,-0.9741004551724206,0.22611568550828803,1141.75,max_ac,903.75,0.791548062185242,0.791548062185242,-0.3142599386652978,-358.80628497110376,1262.5562849711037,leave_one_system_out
34,2010-10-14 12:00:00,876.25,1019.214,86.7625,1.2246467991473532e-16,-1.0,-0.9741004551724206,0.226115685508288,12.0,287,1.2246467991473532e-16,-1.0,-0.9741004551724206,0.22611568550828803,1141.75,max_ac,876.25,0.7674622290343771,0.7674622290343771,-0.3847994730323172,-439.34479833464815,1315.5947983346482,leave_one_system_out
34,2010-10-14 13:00:00,783.75,909.59475,88.628,-0.2588190451025208,-0.9659258262890684,-0.9741004551724206,0.226115685508288,13.0,287,-0.2588190451025208,-0.9659258262890683,-0.9741004551724206,0.22611568550828803,1141.75,max_ac,783.75,0.6864462447996497,0.6864462447996497,-0.41848129502973563,-477.8010186002007,1261.5510186002007,leave_one_system_out
34,2010-10-14 14:00:00,441.5,465.2345,88.61025,-0.4999999999999997,-0.8660254037844388,-0.9741004551724206,0.226115685508288,14.0,287,-0.4999999999999997,-0.8660254037844388,-0.9741004551724206,0.22611568550828803,1141.75,max_ac,441.5,0.3866871031311583,0.3866871031311583,-0.18688350499760653,-213.37424183101726,654.8742418310172,leave_one_system_out
34,2010-10-14 15:00:00,398.5,484.302,89.904,-0.7071067811865471,-0.7071067811865479,-0.9741004551724206,0.226115685508288,15.0,287,-0.7071067811865471,-0.7071067811865479,-0.9741004551724206,0.22611568550828803,1141.75,max_ac,398.5,0.34902561856798775,0.34902561856798775,-0.49966109505653944,-570.4880552808039,968.9880552808039,leave_one_system_out
34,2010-10-14 16:00:00,70.25,102.90525,87.76225,-0.8660254037844385,-0.5000000000000004,-0.9741004551724206,0.226115685508288,16.0,287,-0.8660254037844385,-0.5000000000000004,-0.9741004551724206,0.22611568550828803,1141.75,max_ac,70.25,0.06152835559448216,0.06152835559448216,-0.4833778798155335,-551.8966942793853,622.1466942793853,leave_one_system_out
34,2010-10-14 17:00:00,-2.0,3.63775,83.7555,-0.9659258262890684,-0.2588190451025206,-0.9741004551724206,0.226115685508288,17.0,287,-0.9659258262890683,-0.25881904510252063,-0.9741004551724206,0.22611568550828803,1141.75,max_ac,-2.0,-0.0017516969564265383,-0.0017516969564265383,-0.6851722400175294,-782.2954050400142,780.2954050400142,leave_one_system_out
34,2010-10-14 18:00:00,-2.5,0.3174999999999999,80.047,-1.0,-1.8369701987210287e-16,-0.9741004551724206,0.226115685508288,18.0,287,-1.0,-1.8369701987210297e-16,-0.9741004551724206,0.22611568550828803,1141.75,max_ac,-2.5,-0.0021896211955331727,-0.0021896211955331727,-0.9061937271100541,-1034.6466879279042,1032.1466879279042,leave_one_system_out
34,2010-10-15 06:00:00,61.5,43.62775,63.394000000000005,1.0,6.123233995736766e-17,-0.970063921851507,0.2428497220959358,6.0,288,1.0,6.123233995736766e-17,-0.970063921851507,0.2428497220959358,1141.75,max_ac,61.5,0.05386468141011605,0.05386468141011605,-0.16869517343784046,-192.60771427265433,254.10771427265433,leave_one_system_out
34,2010-10-15 07:00:00,108.75,134.1065,66.64925,0.9659258262890684,-0.2588190451025206,-0.970063921851507,0.2428497220959358,7.0,288,0.9659258262890683,-0.25881904510252063,-0.970063921851507,0.2428497220959358,1141.75,max_ac,108.75,0.09524852200569302,0.09524852200569302,0.03485648093547683,39.79738710808067,68.95261289191933,leave_one_system_out
34,2010-10-15 08:00:00,593.0,543.8475,71.5295,0.8660254037844387,-0.4999999999999998,-0.970063921851507,0.2428497220959358,8.0,288,0.8660254037844387,-0.4999999999999998,-0.970063921851507,0.2428497220959358,1141.75,max_ac,593.0,0.5193781475804686,0.5193781475804686,-0.05602791492592557,-63.96987186667552,656.9698718666755,leave_one_system_out
34,2010-10-15 09:00:00,766.25,829.58975,77.56624999999998,0.7071067811865476,-0.7071067811865475,-0.970063921851507,0.2428497220959358,9.0,288,0.7071067811865476,-0.7071067811865475,-0.970063921851507,0.2428497220959358,1141.75,max_ac,766.25,0.6711188964309175,0.6711188964309175,-0.2020685707527562,-230.71179065695938,996.9617906569594,leave_one_system_out
34,2010-10-15 10:00:00,863.5,982.69025,81.4265,0.4999999999999999,-0.8660254037844387,-0.970063921851507,0.2428497220959358,10.0,288,0.49999999999999994,-0.8660254037844387,-0.970063921851507,0.2428497220959358,1141.75,max_ac,863.5,0.7562951609371579,0.7562951609371579,-0.28649108919731037,-327.1012010910291,1190.601201091029,leave_one_system_out
34,2010-10-15 11:00:00,883.0,1036.377,85.517,0.258819045102521,-0.9659258262890682,-0.970063921851507,0.2428497220959358,11.0,288,0.258819045102521,-0.9659258262890682,-0.970063921851507,0.2428497220959358,1141.75,max_ac,883.0,0.7733742062623166,0.7733742062623166,-0.3668119719730437,-418.80756900022266,1301.8075690002227,leave_one_system_out
34,2010-10-15 12:00:00,850.75,1007.54375,88.82050000000001,1.2246467991473532e-16,-1.0,-0.970063921851507,0.2428497220959358,12.0,288,1.2246467991473532e-16,-1.0,-0.970063921851507,0.2428497220959358,1141.75,max_ac,850.75,0.7451280928399386,0.7451280928399386,-0.43097811970702093,-492.0692681754912,1342.8192681754913,leave_one_system_out
34,2010-10-15 13:00:00,755.0,896.0935000000001,90.76175,-0.2588190451025208,-0.9659258262890684,-0.970063921851507,0.2428497220959358,13.0,288,-0.2588190451025208,-0.9659258262890683,-0.970063921851507,0.2428497220959358,1141.75,max_ac,755.0,0.6612656010510182,0.6612656010510182,-0.46382183814926237,-529.5685837069203,1284.5685837069204,leave_one_system_out
34,2010-10-15 14:00:00,421.75,511.86525,91.572,-0.4999999999999997,-0.8660254037844388,-0.970063921851507,0.2428497220959358,14.0,288,-0.4999999999999997,-0.8660254037844388,-0.970063921851507,0.2428497220959358,1141.75,max_ac,421.75,0.36938909568644623,0.36938909568644623,-0.28848906473571045,-329.3823896619974,751.1323896619974,leave_one_system_out
34,2010-10-15 15:00:00,112.0,146.582,89.982,-0.7071067811865471,-0.7071067811865479,-0.970063921851507,0.2428497220959358,15.0,288,-0.7071067811865471,-0.7071067811865479,-0.970063921851507,0.2428497220959358,1141.75,max_ac,112.0,0.09809502955988614,0.09809502955988614,-0.21917212382098594,-250.2397723726107,362.2397723726107,leave_one_system_out
34,2010-10-15 16:00:00,51.5,96.167,88.38775,-0.8660254037844385,-0.5000000000000004,-0.970063921851507,0.2428497220959358,16.0,288,-0.8660254037844385,-0.5000000000000004,-0.970063921851507,0.2428497220959358,1141.75,max_ac,51.5,0.04510619662798336,0.04510619662798336,-0.49186578278053494,-561.5877574896758,613.0877574896758,leave_one_system_out
34,2010-10-15 17:00:00,-2.5,4.834,85.47399999999999,-0.9659258262890684,-0.2588190451025206,-0.970063921851507,0.2428497220959358,17.0,288,-0.9659258262890683,-0.25881904510252063,-0.970063921851507,0.2428497220959358,1141.75,max_ac,-2.5,-0.0021896211955331727,-0.0021896211955331727,-0.7192995270541255,-821.2602350140478,818.7602350140478,leave_one_system_out
34,2010-10-15 18:00:00,-2.25,0.3172499999999999,80.8975,-1.0,-1.8369701987210287e-16,-0.970063921851507,0.2428497220959358,18.0,288,-1.0,-1.8369701987210297e-16,-0.970063921851507,0.2428497220959358,1141.75,max_ac,-2.25,-0.0019706590759798557,-0.0019706590759798557,-0.9276712541916702,-1059.1686544733395,1056.9186544733395,leave_one_system_out
34,2010-10-16 06:00:00,77.0,64.50175,62.64225,1.0,6.123233995736766e-17,-0.965739937654855,0.2595117970697994,6.0,289,1.0,6.123233995736766e-17,-0.965739937654855,0.25951179706979943,1141.75,max_ac,77.0,0.06744033282242172,0.06744033282242172,-0.17275764452054476,-197.246040631332,274.246040631332,leave_one_system_out
34,2010-10-16 07:00:00,333.75,330.54200000000003,66.7175,0.9659258262890684,-0.2588190451025206,-0.965739937654855,0.2595117970697994,7.0,289,0.9659258262890683,-0.25881904510252063,-0.965739937654855,0.25951179706979943,1141.75,max_ac,333.75,0.29231442960367854,0.29231442960367854,-0.09122888788816602,-104.16058274631355,437.91058274631354,leave_one_system_out
34,2010-10-16 08:00:00,591.0,613.8425,71.651,0.8660254037844387,-0.4999999999999998,-0.965739937654855,0.2595117970697994,8.0,289,0.8660254037844387,-0.4999999999999998,-0.965739937654855,0.25951179706979943,1141.75,max_ac,591.0,0.517626450624042,0.517626450624042,-0.1163457438761819,-132.8377530706307,723.8377530706307,leave_one_system_out
34,2010-10-16 09:00:00,764.0,830.32225,76.64775,0.7071067811865476,-0.7071067811865475,-0.965739937654855,0.2595117970697994,9.0,289,0.7071067811865476,-0.7071067811865475,-0.965739937654855,0.25951179706979943,1141.75,max_ac,764.0,0.6691482373549376,0.6691482373549376,-0.18725123600665827,-213.79409871060207,977.794098710602,leave_one_system_out
34,2010-10-16 10:00:00,861.25,972.9005,81.0115,0.4999999999999999,-0.8660254037844387,-0.965739937654855,0.2595117970697994,10.0,289,0.49999999999999994,-0.8660254037844387,-0.965739937654855,0.25951179706979943,1141.75,max_ac,861.25,0.754324501861178,0.754324501861178,-0.2710864759751912,-309.51298394467455,1170.7629839446745,leave_one_system_out
34,2010-10-16 11:00:00,892.75,1032.73925,84.40325,0.258819045102521,-0.9659258262890682,-0.965739937654855,0.2595117970697994,11.0,289,0.258819045102521,-0.9659258262890682,-0.965739937654855,0.25951179706979943,1141.75,max_ac,892.75,0.781913728924896,0.781913728924896,-0.3393450146889493,-387.44717052110786,1280.1971705211079,leave_one_system_out
34,2010-10-16 12:00:00,868.75,1016.431,87.37525000000001,1.2246467991473532e-16,-1.0,-0.965739937654855,0.2595117970697994,12.0,289,1.2246467991473532e-16,-1.0,-0.965739937654855,0.25951179706979943,1141.75,max_ac,868.75,0.7608933654477775,0.7608933654477775,-0.4077441244245088,-465.5418540616829,1334.291854061683,leave_one_system_out
34,2010-10-16 13:00:00,490.5,522.8515,89.05574999999999,-0.2588190451025208,-0.9659258262890684,-0.965739937654855,0.2595117970697994,13.0,289,-0.2588190451025208,-0.9659258262890683,-0.965739937654855,0.25951179706979943,1141.75,max_ac,490.5,0.4296036785636085,0.4296036785636085,-0.04106059575913429,-46.88093520799158,537.3809352079916,leave_one_system_out
34,2010-10-16 14:00:00,239.0,250.46375,88.2865,-0.4999999999999997,-0.8660254037844388,-0.965739937654855,0.2595117970697994,14.0,289,-0.4999999999999997,-0.8660254037844388,-0.965739937654855,0.25951179706979943,1141.75,max_ac,239.0,0.20932778629297133,0.20932778629297133,0.007357541235995579,8.400472706197952,230.59952729380205,leave_one_system_out
34,2010-10-16 15:00:00,99.75,104.297,87.21799999999999,-0.7071067811865471,-0.7071067811865479,-0.965739937654855,0.2595117970697994,15.0,289,-0.7071067811865471,-0.7071067811865479,-0.965739937654855,0.25951179706979943,1141.75,max_ac,99.75,0.08736588570177359,0.08736588570177359,-0.15358632310320797,-175.3571844030877,275.1071844030877,leave_one_system_out
34,2010-10-16 16:00:00,29.75,56.83575,85.707,-0.8660254037844385,-0.5000000000000004,-0.965739937654855,0.2595117970697994,16.0,289,-0.8660254037844385,-0.5000000000000004,-0.965739937654855,0.25951179706979943,1141.75,max_ac,29.75,0.026056492226844755,0.026056492226844755,-0.4274526882417452,-488.04410680001257,517.7941068000125,leave_one_system_out
34,2010-10-16 17:00:00,-4.5,2.09975,83.24675,-0.9659258262890684,-0.2588190451025206,-0.965739937654855,0.2595117970697994,17.0,289,-0.9659258262890683,-0.25881904510252063,-0.965739937654855,0.25951179706979943,1141.75,max_ac,-4.5,-0.003941318151959711,-0.003941318151959711,-0.6812524691478373,-777.8200066495433,773.3200066495433,leave_one_system_out
34,2010-10-16 18:00:00,-2.25,0.3907499999999999,81.28224999999999,-1.0,-1.8369701987210287e-16,-0.965739937654855,0.2595117970697994,18.0,289,-1.0,-1.8369701987210297e-16,-0.965739937654855,0.25951179706979943,1141.75,max_ac,-2.25,-0.0019706590759798557,-0.0019706590759798557,-0.9391646315102534,-1072.2912180268318,1070.0412180268318,leave_one_system_out
34,2010-10-17 06:00:00,51.75,45.801,65.24425,1.0,6.123233995736766e-17,-0.9611297838723007,0.2760969730974688,6.0,290,1.0,6.123233995736766e-17,-0.9611297838723007,0.27609697309746883,1141.75,max_ac,51.75,0.045325158747536676,0.045325158747536676,-0.19209984643223932,-219.32999966400925,271.0799996640093,leave_one_system_out
34,2010-10-17 07:00:00,294.25,244.01875,69.41575,0.9659258262890684,-0.2588190451025206,-0.9611297838723007,0.2760969730974688,7.0,290,0.9659258262890683,-0.25881904510252063,-0.9611297838723007,0.27609697309746883,1141.75,max_ac,294.25,0.25771841471425444,0.25771841471425444,-0.069961708388525,-79.87878055259841,374.1287805525984,leave_one_system_out
34,2010-10-17 08:00:00,361.75,383.374,75.44274999999999,0.8660254037844387,-0.4999999999999998,-0.9611297838723007,0.2760969730974688,8.0,290,0.8660254037844387,-0.4999999999999998,-0.9611297838723007,0.27609697309746883,1141.75,max_ac,361.75,0.3168381869936501,0.3168381869936501,0.016824330510048946,19.209179359848385,342.5408206401516,leave_one_system_out
34,2010-10-17 09:00:00,410.0,397.48525,77.64975,0.7071067811865476,-0.7071067811865475,-0.9611297838723007,0.2760969730974688,9.0,290,0.7071067811865476,-0.7071067811865475,-0.9611297838723007,0.27609697309746883,1141.75,max_ac,410.0,0.3590978760674403,0.3590978760674403,0.20149619373046865,230.05827919176258,179.94172080823742,leave_one_system_out
34,2010-10-17 10:00:00,711.25,674.60925,80.41175,0.4999999999999999,-0.8660254037844387,-0.9611297838723007,0.2760969730974688,10.0,290,0.49999999999999994,-0.8660254037844387,-0.9611297838723007,0.27609697309746883,1141.75,max_ac,711.25,0.6229472301291876,0.6229472301291876,0.039392731315372354,44.97665097932639,666.2733490206737,leave_one_system_out
34,2010-10-17 11:00:00,662.75,724.85375,83.31225,0.258819045102521,-0.9659258262890682,-0.9611297838723007,0.2760969730974688,11.0,290,0.258819045102521,-0.9659258262890682,-0.9611297838723007,0.27609697309746883,1141.75,max_ac,662.75,0.5804685789358441,0.5804685789358441,0.0029707468847018914,3.3918502556083845,659.3581497443917,leave_one_system_out
34,2010-10-17 12:00:00,584.25,628.711,85.4085,1.2246467991473532e-16,-1.0,-0.9611297838723007,0.2760969730974688,12.0,290,1.2246467991473532e-16,-1.0,-0.9611297838723007,0.27609697309746883,1141.75,max_ac,584.25,0.5117144733961024,0.5117144733961024,0.03561903286123025,40.66803076930964,543.5819692306903,leave_one_system_out
34,2010-10-17 13:00:00,587.5,691.3575,85.53474999999997,-0.2588190451025208,-0.9659258262890684,-0.9611297838723007,0.2760969730974688,13.0,290,-0.2588190451025208,-0.9659258262890683,-0.9611297838723007,0.27609697309746883,1141.75,max_ac,587.5,0.5145609809502956,0.5145609809502956,-0.1495345119862972,-170.7310290603548,758.2310290603548,leave_one_system_out
34,2010-10-17 14:00:00,255.75,203.51575,83.01375,-0.4999999999999997,-0.8660254037844388,-0.9611297838723007,0.2760969730974688,14.0,290,-0.4999999999999997,-0.8660254037844388,-0.9611297838723007,0.27609697309746883,1141.75,max_ac,255.75,0.22399824830304357,0.22399824830304357,0.09887411800041424,112.88952422697295,142.86047577302705,leave_one_system_out
34,2010-10-17 15:00:00,74.75,66.91925,75.85024999999999,-0.7071067811865471,-0.7071067811865479,-0.9611297838723007,0.2760969730974688,15.0,290,-0.7071067811865471,-0.7071067811865479,-0.9611297838723007,0.27609697309746883,1141.75,max_ac,74.75,0.06546967374644186,0.06546967374644186,-0.022502225913930973,-25.691916437230688,100.44191643723069,leave_one_system_out
34,2010-10-17 16:00:00,30.25,43.506,74.6125,-0.8660254037844385,-0.5000000000000004,-0.9611297838723007,0.2760969730974688,16.0,290,-0.8660254037844385,-0.5000000000000004,-0.9611297838723007,0.27609697309746883,1141.75,max_ac,30.25,0.026494416465951392,0.026494416465951392,-0.27888194510077036,-318.41346081880454,348.66346081880454,leave_one_system_out
34,2010-10-17 17:00:00,-2.25,1.85525,71.8535,-0.9659258262890684,-0.2588190451025206,-0.9611297838723007,0.2760969730974688,17.0,290,-0.9659258262890683,-0.25881904510252063,-0.9611297838723007,0.27609697309746883,1141.75,max_ac,-2.25,-0.0019706590759798557,-0.0019706590759798557,-0.4997144687266013,-570.5489946685971,568.2989946685971,leave_one_system_out
34,2010-10-17 18:00:00,-2.75,0.1952499999999999,68.7905,-1.0,-1.8369701987210287e-16,-0.9611297838723007,0.2760969730974688,18.0,290,-1.0,-1.8369701987210297e-16,-0.9611297838723007,0.27609697309746883,1141.75,max_ac,-2.75,-0.00240858331508649,-0.00240858331508649,-0.6853675205670525,-782.5183666074322,779.7683666074322,leave_one_system_out
34,2010-10-18 06:00:00,69.0,46.67975,59.86025,1.0,6.123233995736766e-17,-0.9562348265919058,0.2926003356333479,6.0,291,1.0,6.123233995736766e-17,-0.9562348265919058,0.2926003356333479,1141.75,max_ac,69.0,0.06043354499671557,0.06043354499671557,-0.14126942186362879,-161.29436241279816,230.29436241279816,leave_one_system_out
34,2010-10-18 07:00:00,351.75,329.712,61.30825,0.9659258262890684,-0.2588190451025206,-0.9562348265919058,0.2926003356333479,7.0,291,0.9659258262890683,-0.25881904510252063,-0.9562348265919058,0.2926003356333479,1141.75,max_ac,351.75,0.3080797022115174,0.3080797022115174,-0.02669490213284187,-30.478904510172203,382.2289045101722,leave_one_system_out
34,2010-10-18 08:00:00,619.75,615.9830000000001,64.426,0.8660254037844387,-0.4999999999999998,-0.9562348265919058,0.2926003356333479,8.0,291,0.8660254037844387,-0.4999999999999998,-0.9562348265919058,0.2926003356333479,1141.75,max_ac,619.75,0.5428070943726735,0.5428070943726735,-0.0022627852331651432,-2.583535039966302,622.3335350399663,leave_one_system_out
34,2010-10-18 09:00:00,791.75,840.0063333333333,68.02033333333334,0.7071067811865476,-0.7071067811865475,-0.9562348265919058,0.2926003356333479,9.0,291,0.7071067811865476,-0.7071067811865475,-0.9562348265919058,0.2926003356333479,1141.75,max_ac,791.75,0.6934530326253558,0.6934530326253558,-0.02729051704599894,-31.15894783726929,822.9089478372692,leave_one_system_out
34,2010-10-18 10:00:00,891.25,953.10075,69.96275,0.4999999999999999,-0.8660254037844387,-0.9562348265919058,0.2926003356333479,10.0,291,0.49999999999999994,-0.8660254037844387,-0.9562348265919058,0.2926003356333479,1141.75,max_ac,891.25,0.780599956207576,0.780599956207576,-0.015653259289292953,-17.87210879355023,909.1221087935502,leave_one_system_out
34,2010-10-18 11:00:00,932.25,1002.46575,73.0255,0.258819045102521,-0.9659258262890682,-0.9562348265919058,0.2926003356333479,11.0,291,0.258819045102521,-0.9659258262890682,-0.9562348265919058,0.2926003356333479,1141.75,max_ac,932.25,0.8165097438143202,0.8165097438143202,-0.05117595694994226,-58.43014884759658,990.6801488475966,leave_one_system_out
34,2010-10-18 12:00:00,858.75,970.8255,75.85275,1.2246467991473532e-16,-1.0,-0.9562348265919058,0.2926003356333479,12.0,291,1.2246467991473532e-16,-1.0,-0.9562348265919058,0.2926003356333479,1141.75,max_ac,858.75,0.7521348806656448,0.7521348806656448,-0.09508832331104489,-108.5670931403855,967.3170931403855,leave_one_system_out
34,2010-10-18 13:00:00,650.75,704.80975,76.60725,-0.2588190451025208,-0.9659258262890684,-0.9562348265919058,0.2926003356333479,13.0,291,-0.2588190451025208,-0.9659258262890683,-0.9562348265919058,0.2926003356333479,1141.75,max_ac,650.75,0.5699583971972849,0.5699583971972849,-0.0002534613743667702,-0.28938952418325986,651.0393895241832,leave_one_system_out
34,2010-10-18 14:00:00,657.75,723.97475,78.0195,-0.4999999999999997,-0.8660254037844388,-0.9562348265919058,0.2926003356333479,14.0,291,-0.4999999999999997,-0.8660254037844388,-0.9562348265919058,0.2926003356333479,1141.75,max_ac,657.75,0.5760893365447778,0.5760893365447778,-0.2017536069719854,-230.35218076026433,888.1021807602643,leave_one_system_out
34,2010-10-18 15:00:00,292.0,322.02125,77.67275000000001,-0.7071067811865471,-0.7071067811865479,-0.9562348265919058,0.2926003356333479,15.0,291,-0.7071067811865471,-0.7071067811865479,-0.9562348265919058,0.2926003356333479,1141.75,max_ac,292.0,0.25574775563827457,0.25574775563827457,-0.1776697815448851,-202.85447307887256,494.85447307887256,leave_one_system_out
34,2010-10-18 16:00:00,36.25,59.86325,75.24525,-0.8660254037844385,-0.5000000000000004,-0.9562348265919058,0.2926003356333479,16.0,291,-0.8660254037844385,-0.5000000000000004,-0.9562348265919058,0.2926003356333479,1141.75,max_ac,36.25,0.031749507335231006,0.031749507335231006,-0.2945892217935475,-336.34724398278286,372.59724398278286,leave_one_system_out
34,2010-10-18 17:00:00,-5.0,2.3195,73.23049999999999,-0.9659258262890684,-0.2588190451025206,-0.9562348265919058,0.2926003356333479,17.0,291,-0.9659258262890683,-0.25881904510252063,-0.9562348265919058,0.2926003356333479,1141.75,max_ac,-5.0,-0.004379242391066345,-0.004379242391066345,-0.5227115805771536,-596.8059471239651,591.8059471239651,leave_one_system_out
34,2010-10-18 18:00:00,-2.5,0.2929999999999999,71.20775,-1.0,-1.8369701987210287e-16,-0.9562348265919058,0.2926003356333479,18.0,291,-1.0,-1.8369701987210297e-16,-0.9562348265919058,0.2926003356333479,1141.75,max_ac,-2.5,-0.0021896211955331727,-0.0021896211955331727,-0.7346190201811927,-838.7512662918768,836.2512662918768,leave_one_system_out
34,2010-10-19 06:00:00,47.75,43.0175,62.303,1.0,6.123233995736766e-17,-0.9510565162951536,0.3090169943749472,6.0,292,1.0,6.123233995736766e-17,-0.9510565162951536,0.30901699437494723,1141.75,max_ac,47.75,0.0418217648346836,0.0418217648346836,-0.1644583722913805,-187.7703465636837,235.5203465636837,leave_one_system_out
34,2010-10-19 07:00:00,339.75,351.0255,64.91525,0.9659258262890684,-0.2588190451025206,-0.9510565162951536,0.3090169943749472,7.0,292,0.9659258262890683,-0.25881904510252063,-0.9510565162951536,0.30901699437494723,1141.75,max_ac,339.75,0.2975695204729582,0.2975695204729582,-0.08682869876581384,-99.13666681586795,438.88666681586795,leave_one_system_out
34,2010-10-19 08:00:00,612.5,612.2562499999999,68.90950000000001,0.8660254037844387,-0.4999999999999998,-0.9510565162951536,0.3090169943749472,8.0,292,0.8660254037844387,-0.4999999999999998,-0.9510565162951536,0.30901699437494723,1141.75,max_ac,612.5,0.5364571929056273,0.5364571929056273,-0.07721370362249286,-88.15874611098123,700.6587461109813,leave_one_system_out
34,2010-10-19 09:00:00,790.5,824.414,72.929,0.7071067811865476,-0.7071067811865475,-0.9510565162951536,0.3090169943749472,9.0,292,0.7071067811865476,-0.7071067811865475,-0.9510565162951536,0.30901699437494723,1141.75,max_ac,790.5,0.6923582220275892,0.6923582220275892,-0.11660033225146083,-133.12842934810539,923.6284293481053,leave_one_system_out
34,2010-10-19 10:00:00,936.25,970.26375,76.04525,0.4999999999999999,-0.8660254037844387,-0.9510565162951536,0.3090169943749472,10.0,292,0.49999999999999994,-0.8660254037844387,-0.9510565162951536,0.30901699437494723,1141.75,max_ac,936.25,0.8200131377271732,0.8200131377271732,-0.16618723208610842,-189.74427223431428,1125.9942722343144,leave_one_system_out
34,2010-10-19 11:00:00,604.25,754.32125,79.75875,0.258819045102521,-0.9659258262890682,-0.9510565162951536,0.3090169943749472,11.0,292,0.258819045102521,-0.9659258262890682,-0.9510565162951536,0.30901699437494723,1141.75,max_ac,604.25,0.5292314429603678,0.5292314429603678,0.027378306536225527,31.259181487735496,572.9908185122645,leave_one_system_out
34,2010-10-19 12:00:00,624.0,521.875,81.14325,1.2246467991473532e-16,-1.0,-0.9510565162951536,0.3090169943749472,12.0,292,1.2246467991473532e-16,-1.0,-0.9510565162951536,0.30901699437494723,1141.75,max_ac,624.0,0.5465294504050799,0.5465294504050799,0.19271466203124443,220.03196537417332,403.9680346258267,leave_one_system_out
34,2010-10-19 13:00:00,828.75,734.009,81.97075000000001,-0.2588190451025208,-0.9659258262890684,-0.9510565162951536,0.3090169943749472,13.0,292,-0.2588190451025208,-0.9659258262890683,-0.9510565162951536,0.30901699437494723,1141.75,max_ac,828.75,0.7258594263192468,0.7258594263192468,-0.12657331407505146,-144.51508134519,973.26508134519,leave_one_system_out
34,2010-10-19 14:00:00,447.75,549.2189999999999,82.23400000000001,-0.4999999999999997,-0.8660254037844388,-0.9510565162951536,0.3090169943749472,14.0,292,-0.4999999999999997,-0.8660254037844388,-0.9510565162951536,0.30901699437494723,1141.75,max_ac,447.75,0.39216115611999125,0.39216115611999125,-0.1642730778438818,-187.55878662825202,635.308786628252,leave_one_system_out
34,2010-10-19 15:00:00,289.5,387.25575,81.41125,-0.7071067811865471,-0.7071067811865479,-0.9510565162951536,0.3090169943749472,15.0,292,-0.7071067811865471,-0.7071067811865479,-0.9510565162951536,0.30901699437494723,1141.75,max_ac,289.5,0.2535581344427414,0.2535581344427414,-0.279694623369951,-319.34133623264154,608.8413362326415,leave_one_system_out
34,2010-10-19 16:00:00,39.0,51.001,79.38149999999999,-0.8660254037844385,-0.5000000000000004,-0.9510565162951536,0.3090169943749472,16.0,292,-0.8660254037844385,-0.5000000000000004,-0.9510565162951536,0.30901699437494723,1141.75,max_ac,39.0,0.034158090650317496,0.034158090650317496,-0.34514117170340886,-394.0649327923671,433.0649327923671,leave_one_system_out
34,2010-10-19 17:00:00,-3.75,1.9285,77.95374999999999,-0.9659258262890684,-0.2588190451025206,-0.9510565162951536,0.3090169943749472,17.0,292,-0.9659258262890683,-0.25881904510252063,-0.9510565162951536,0.30901699437494723,1141.75,max_ac,-3.75,-0.003284431793299759,-0.003284431793299759,-0.599583790476543,-684.574792776593,680.824792776593,leave_one_system_out
34,2010-10-19 18:00:00,-2.5,0.1709999999999999,77.28825,-1.0,-1.8369701987210287e-16,-0.9510565162951536,0.3090169943749472,18.0,292,-1.0,-1.8369701987210297e-16,-0.9510565162951536,0.30901699437494723,1141.75,max_ac,-2.5,-0.0021896211955331727,-0.0021896211955331727,-0.8615840077655875,-983.7135408663596,981.2135408663596,leave_one_system_out
34,2010-10-20 06:00:00,2.25,3.613,60.91575,1.0,6.123233995736766e-17,-0.9455963874271428,0.3253420847119795,6.0,293,1.0,6.123233995736766e-17,-0.9455963874271428,0.3253420847119795,1141.75,max_ac,2.25,0.0019706590759798557,0.0019706590759798557,-0.1356478877785411,-154.87597587114928,157.12597587114928,leave_one_system_out
34,2010-10-20 07:00:00,51.0,16.8215,60.2605,0.9659258262890684,-0.2588190451025206,-0.9455963874271428,0.3253420847119795,7.0,293,0.9659258262890683,-0.25881904510252063,-0.9455963874271428,0.3253420847119795,1141.75,max_ac,51.0,0.044668272388876724,0.044668272388876724,0.13083688052821907,149.38300834309413,-98.38300834309413,leave_one_system_out
34,2010-10-20 08:00:00,90.75,353.0765,63.313,0.8660254037844387,-0.4999999999999998,-0.9455963874271428,0.3253420847119795,8.0,293,0.8660254037844387,-0.4999999999999998,-0.9455963874271428,0.3253420847119795,1141.75,max_ac,90.75,0.07948324939785417,0.07948324939785417,0.16474390778810297,188.09635671706656,-97.34635671706656,leave_one_system_out
34,2010-10-20 09:00:00,-2.25,472.5585,67.13749999999999,0.7071067811865476,-0.7071067811865475,-0.9455963874271428,0.3253420847119795,9.0,293,0.7071067811865476,-0.7071067811865475,-0.9455963874271428,0.3253420847119795,1141.75,max_ac,-2.25,-0.0019706590759798557,-0.0019706590759798557,0.2386066205201989,272.4291089789371,-274.6791089789371,leave_one_system_out
34,2010-10-20 10:00:00,-2.25,719.84875,71.332,0.4999999999999999,-0.8660254037844387,-0.9455963874271428,0.3253420847119795,10.0,293,0.49999999999999994,-0.8660254037844387,-0.9455963874271428,0.3253420847119795,1141.75,max_ac,-2.25,-0.0019706590759798557,-0.0019706590759798557,0.13073521346437,149.26692997294444,-151.51692997294444,leave_one_system_out
34,2010-10-20 11:00:00,-2.75,781.2255,74.0735,0.258819045102521,-0.9659258262890682,-0.9455963874271428,0.3253420847119795,11.0,293,0.258819045102521,-0.9659258262890682,-0.9455963874271428,0.3253420847119795,1141.75,max_ac,-2.75,-0.00240858331508649,-0.00240858331508649,0.09649936465057268,110.17814958979136,-112.92814958979136,leave_one_system_out
34,2010-10-20 12:00:00,-2.75,313.745,73.67575,1.2246467991473532e-16,-1.0,-0.9455963874271428,0.3253420847119795,12.0,293,1.2246467991473532e-16,-1.0,-0.9455963874271428,0.3253420847119795,1141.75,max_ac,-2.75,-0.00240858331508649,-0.00240858331508649,0.42771825377644923,488.3473162492609,-491.0973162492609,leave_one_system_out
34,2010-10-20 13:00:00,-2.0,397.51,70.722,-0.2588190451025208,-0.9659258262890684,-0.9455963874271428,0.3253420847119795,13.0,293,-0.2588190451025208,-0.9659258262890683,-0.9455963874271428,0.3253420847119795,1141.75,max_ac,-2.0,-0.0017516969564265383,-0.0017516969564265383,0.26841983886994253,306.4683510297569,-308.4683510297569,leave_one_system_out
34,2010-10-20 14:00:00,-2.5,153.63775,67.7505,-0.4999999999999997,-0.8660254037844388,-0.9455963874271428,0.3253420847119795,14.0,293,-0.4999999999999997,-0.8660254037844388,-0.9455963874271428,0.3253420847119795,1141.75,max_ac,-2.5,-0.0021896211955331727,-0.0021896211955331727,0.2250007044778999,256.8945543376422,-259.3945543376422,leave_one_system_out
34,2010-10-20 15:00:00,-2.5,21.85075,66.4695,-0.7071067811865471,-0.7071067811865479,-0.9455963874271428,0.3253420847119795,15.0,293,-0.7071067811865471,-0.7071067811865479,-0.9455963874271428,0.3253420847119795,1141.75,max_ac,-2.5,-0.0021896211955331727,-0.0021896211955331727,0.04773389345333512,54.50017285034537,-57.00017285034537,leave_one_system_out
34,2010-10-20 16:00:00,-2.75,2.29525,61.498000000000005,-0.8660254037844385,-0.5000000000000004,-0.9455963874271428,0.3253420847119795,16.0,293,-0.8660254037844385,-0.5000000000000004,-0.9455963874271428,0.3253420847119795,1141.75,max_ac,-2.75,-0.00240858331508649,-0.00240858331508649,-0.15125498599495057,-172.69538025973483,169.94538025973483,leave_one_system_out
34,2010-10-20 17:00:00,-2.0,0.21975,57.4505,-0.9659258262890684,-0.2588190451025206,-0.9455963874271428,0.3253420847119795,17.0,293,-0.9659258262890683,-0.25881904510252063,-0.9455963874271428,0.3253420847119795,1141.75,max_ac,-2.0,-0.0017516969564265383,-0.0017516969564265383,-0.3159704971021896,-360.75931506642496,358.75931506642496,leave_one_system_out
34,2010-10-20 18:00:00,-2.0,0.195,56.04825,-1.0,-1.8369701987210287e-16,-0.9455963874271428,0.3253420847119795,18.0,293,-1.0,-1.8369701987210297e-16,-0.9455963874271428,0.3253420847119795,1141.75,max_ac,-2.0,-0.0017516969564265383,-0.0017516969564265383,-0.4670827897462788,-533.2917751928138,531.2917751928138,leave_one_system_out
34,2010-10-21 06:00:00,-2.5,32.49525,57.4175,1.0,6.123233995736766e-17,-0.9398560579418952,0.341570769167856,6.0,294,1.0,6.123233995736766e-17,-0.9398560579418953,0.341570769167856,1141.75,max_ac,-2.5,-0.0021896211955331727,-0.0021896211955331727,-0.11869765159756662,-135.5230437115217,133.0230437115217,leave_one_system_out
34,2010-10-21 07:00:00,-2.5,163.52525,58.0125,0.9659258262890684,-0.2588190451025206,-0.9398560579418952,0.341570769167856,7.0,294,0.9659258262890683,-0.25881904510252063,-0.9398560579418953,0.341570769167856,1141.75,max_ac,-2.5,-0.0021896211955331727,-0.0021896211955331727,0.07599199234349047,86.76385725818024,-89.26385725818024,leave_one_system_out
34,2010-10-21 08:00:00,-2.5,553.711,60.245000000000005,0.8660254037844387,-0.4999999999999998,-0.9398560579418952,0.341570769167856,8.0,294,0.8660254037844387,-0.4999999999999998,-0.9398560579418953,0.341570769167856,1141.75,max_ac,-2.5,-0.0021896211955331727,-0.0021896211955331727,0.0866665689457744,98.95155509383792,-101.45155509383792,leave_one_system_out
34,2010-10-21 09:00:00,-2.75,595.5565,62.9485,0.7071067811865476,-0.7071067811865475,-0.9398560579418952,0.341570769167856,9.0,294,0.7071067811865476,-0.7071067811865475,-0.9398560579418953,0.341570769167856,1141.75,max_ac,-2.75,-0.00240858331508649,-0.00240858331508649,0.2030646040809731,231.84901170945105,-234.59901170945105,leave_one_system_out
34,2010-10-21 10:00:00,-2.5,766.919,64.7255,0.4999999999999999,-0.8660254037844387,-0.9398560579418952,0.341570769167856,10.0,294,0.49999999999999994,-0.8660254037844387,-0.9398560579418953,0.341570769167856,1141.75,max_ac,-2.5,-0.0021896211955331727,-0.0021896211955331727,0.19410378351149446,221.6179948242488,-224.1179948242488,leave_one_system_out
34,2010-10-21 11:00:00,-2.25,1001.31825,68.5605,0.258819045102521,-0.9659258262890682,-0.9398560579418952,0.341570769167856,11.0,294,0.258819045102521,-0.9659258262890682,-0.9398560579418953,0.341570769167856,1141.75,max_ac,-2.25,-0.0019706590759798557,-0.0019706590759798557,0.033510668026716095,38.260805219503105,-40.510805219503105,leave_one_system_out
34,2010-10-21 12:00:00,-2.25,1011.5235,71.1675,1.2246467991473532e-16,-1.0,-0.9398560579418952,0.341570769167856,12.0,294,1.2246467991473532e-16,-1.0,-0.9398560579418953,0.341570769167856,1141.75,max_ac,-2.25,-0.0019706590759798557,-0.0019706590759798557,-0.03225558180673099,-36.82781052783511,34.57781052783511,leave_one_system_out
34,2010-10-21 13:00:00,-2.5,819.09175,72.93924999999999,-0.2588190451025208,-0.9659258262890684,-0.9398560579418952,0.341570769167856,13.0,294,-0.2588190451025208,-0.9659258262890683,-0.9398560579418953,0.341570769167856,1141.75,max_ac,-2.5,-0.0021896211955331727,-0.0021896211955331727,-0.019855063498421643,-22.66951874932291,20.16951874932291,leave_one_system_out
34,2010-10-21 14:00:00,-2.0,403.17375,72.47625,-0.4999999999999997,-0.8660254037844388,-0.9398560579418952,0.341570769167856,14.0,294,-0.4999999999999997,-0.8660254037844388,-0.9398560579418953,0.341570769167856,1141.75,max_ac,-2.0,-0.0017516969564265383,-0.0017516969564265383,0.06916122957632953,78.96483386877424,-80.96483386877424,leave_one_system_out
34,2010-10-21 15:00:00,-2.25,106.49425,70.54475,-0.7071067811865471,-0.7071067811865479,-0.9398560579418952,0.341570769167856,15.0,294,-0.7071067811865471,-0.7071067811865479,-0.9398560579418953,0.341570769167856,1141.75,max_ac,-2.25,-0.0019706590759798557,-0.0019706590759798557,-0.005829642064955454,-6.655993827662889,4.405993827662889,leave_one_system_out
34,2010-10-21 16:00:00,-2.25,55.884,69.6995,-0.8660254037844385,-0.5000000000000004,-0.9398560579418952,0.341570769167856,16.0,294,-0.8660254037844385,-0.5000000000000004,-0.9398560579418953,0.341570769167856,1141.75,max_ac,-2.25,-0.0019706590759798557,-0.0019706590759798557,-0.2356149021462025,-269.0133145254267,266.7633145254267,leave_one_system_out
34,2010-10-21 17:00:00,-2.25,1.587,66.93525,-0.9659258262890684,-0.2588190451025206,-0.9398560579418952,0.341570769167856,17.0,294,-0.9659258262890683,-0.25881904510252063,-0.9398560579418953,0.341570769167856,1141.75,max_ac,-2.25,-0.0019706590759798557,-0.0019706590759798557,-0.43749884505508707,-499.51430634164564,497.26430634164564,leave_one_system_out
34,2010-10-21 18:00:00,-2.75,0.049,64.118,-1.0,-1.8369701987210287e-16,-0.9398560579418952,0.341570769167856,18.0,294,-1.0,-1.8369701987210297e-16,-0.9398560579418953,0.341570769167856,1141.75,max_ac,-2.75,-0.00240858331508649,-0.00240858331508649,-0.6073615064058225,-693.4549999388479,690.7049999388479,leave_one_system_out
34,2010-10-22 06:00:00,-2.25,41.7235,58.76175,1.0,6.123233995736766e-17,-0.9338372288229252,0.3576982388331254,6.0,295,1.0,6.123233995736766e-17,-0.9338372288229252,0.35769823883312546,1141.75,max_ac,-2.25,-0.0019706590759798557,-0.0019706590759798557,-0.1351867120045892,-154.34942843123972,152.09942843123972,leave_one_system_out
34,2010-10-22 07:00:00,-3.0,112.549,60.44225,0.9659258262890684,-0.2588190451025206,-0.9338372288229252,0.3576982388331254,7.0,295,0.9659258262890683,-0.25881904510252063,-0.9338372288229252,0.35769823883312546,1141.75,max_ac,-3.0,-0.0026275454346398074,-0.0026275454346398074,0.0810824904245317,92.57593344220906,-95.57593344220906,leave_one_system_out
34,2010-11-01 11:00:00,-2.0,989.89275,72.47375,0.258819045102521,-0.9659258262890682,-0.858763958275803,0.5123714121284235,11.0,305,0.258819045102521,-0.9659258262890682,-0.858763958275803,0.5123714121284235,1141.75,max_ac,-2.0,-0.0017516969564265383,-0.0017516969564265383,-0.08772999478094051,-100.16572154113884,98.16572154113884,leave_one_system_out
34,2010-11-01 12:00:00,-2.0,957.6905,75.59224999999999,1.2246467991473532e-16,-1.0,-0.858763958275803,0.5123714121284235,12.0,305,1.2246467991473532e-16,-1.0,-0.858763958275803,0.5123714121284235,1141.75,max_ac,-2.0,-0.0017516969564265383,-0.0017516969564265383,-0.13848418635797444,-158.1143197742173,156.1143197742173,leave_one_system_out
34,2010-11-02 11:00:00,-2.0,983.9845,74.45024999999998,0.258819045102521,-0.9659258262890682,-0.8498170915275277,0.5270777086423724,11.0,306,0.258819045102521,-0.9659258262890682,-0.8498170915275277,0.5270777086423724,1141.75,max_ac,-2.0,-0.0017516969564265383,-0.0017516969564265383,-0.13143957597529987,-150.07113586979864,148.07113586979864,leave_one_system_out
34,2010-11-10 11:00:00,-3.0,961.621,55.0435,0.258819045102521,-0.9659258262890682,-0.7694148268839381,0.6387494220515268,11.0,314,0.258819045102521,-0.9659258262890682,-0.7694148268839381,0.6387494220515268,1141.75,max_ac,-3.0,-0.0026275454346398074,-0.0026275454346398074,0.2449720472619605,279.6968349613434,-282.6968349613434,leave_one_system_out
34,2010-11-10 12:00:00,857.0,925.228,57.07516666666667,1.2246467991473532e-16,-1.0,-0.7694148268839381,0.6387494220515268,12.0,314,1.2246467991473532e-16,-1.0,-0.7694148268839381,0.6387494220515268,1141.75,max_ac,857.0,0.7506021458287716,0.7506021458287716,0.2229310832697224,254.53156432320557,602.4684356767945,leave_one_system_out
34,2010-11-10 13:00:00,741.5,808.887,58.9035,-0.2588190451025208,-0.9659258262890684,-0.7694148268839381,0.6387494220515268,13.0,314,-0.2588190451025208,-0.9659258262890683,-0.7694148268839381,0.6387494220515268,1141.75,max_ac,741.5,0.649441646595139,0.649441646595139,0.1760902008417292,201.0509868110443,540.4490131889556,leave_one_system_out
34,2010-11-10 14:00:00,541.25,615.332,59.964,-0.4999999999999997,-0.8660254037844388,-0.7694148268839381,0.6387494220515268,14.0,314,-0.4999999999999997,-0.8660254037844388,-0.7694148268839381,0.6387494220515268,1141.75,max_ac,541.25,0.4740529888329319,0.4740529888329319,0.1048618374311544,119.72600288702054,421.5239971129795,leave_one_system_out
34,2010-11-10 15:00:00,244.0,362.32925,59.172,-0.7071067811865471,-0.7071067811865479,-0.7694148268839381,0.6387494220515268,15.0,314,-0.7071067811865471,-0.7071067811865479,-0.7694148268839381,0.6387494220515268,1141.75,max_ac,244.0,0.21370702868403765,0.21370702868403765,0.00797124095801921,9.101164363818434,234.89883563618156,leave_one_system_out
34,2010-11-10 16:00:00,17.5,58.789,56.36475,-0.8660254037844385,-0.5000000000000004,-0.7694148268839381,0.6387494220515268,16.0,314,-0.8660254037844385,-0.5000000000000004,-0.7694148268839381,0.6387494220515268,1141.75,max_ac,17.5,0.015327348368732209,0.015327348368732209,-0.13360747979755294,-152.54634005885606,170.04634005885606,leave_one_system_out
34,2010-11-10 17:00:00,-4.0,0.3175,53.12975,-0.9659258262890684,-0.2588190451025206,-0.7694148268839381,0.6387494220515268,17.0,314,-0.9659258262890683,-0.25881904510252063,-0.7694148268839381,0.6387494220515268,1141.75,max_ac,-4.0,-0.0035033939128530766,-0.0035033939128530766,-0.2923433366508075,-333.78300462105943,329.78300462105943,leave_one_system_out
34,2010-11-10 18:00:00,-2.5,0.12225,52.2365,-1.0,-1.8369701987210287e-16,-0.7694148268839381,0.6387494220515268,18.0,314,-1.0,-1.8369701987210297e-16,-0.7694148268839381,0.6387494220515268,1141.75,max_ac,-2.5,-0.0021896211955331727,-0.0021896211955331727,-0.43828448693395106,-500.41131295683863,497.91131295683863,leave_one_system_out
34,2010-11-11 06:00:00,13.5,6.78725,46.01925,1.0,6.123233995736766e-17,-0.7583058084785625,0.6518989958787125,6.0,315,1.0,6.123233995736766e-17,-0.7583058084785625,0.6518989958787125,1141.75,max_ac,13.5,0.011823954455879132,0.011823954455879132,-0.04941048333641329,-56.41441934934988,69.91441934934988,leave_one_system_out
34,2010-11-11 07:00:00,225.25,249.0235,46.913,0.9659258262890684,-0.2588190451025206,-0.7583058084785625,0.6518989958787125,7.0,315,0.9659258262890683,-0.25881904510252063,-0.7583058084785625,0.6518989958787125,1141.75,max_ac,225.25,0.19728486971753886,0.19728486971753886,0.1058651278100512,120.87150967712596,104.37849032287404,leave_one_system_out
34,2010-11-11 08:00:00,549.5,543.0175,49.781,0.8660254037844387,-0.4999999999999998,-0.7583058084785625,0.6518989958787125,8.0,315,0.8660254037844387,-0.4999999999999998,-0.7583058084785625,0.6518989958787125,1141.75,max_ac,549.5,0.4812787387781914,0.4812787387781914,0.17744039952568882,202.59257615845522,346.90742384154476,leave_one_system_out
34,2010-11-11 09:00:00,777.75,764.3799999999999,52.25675,0.7071067811865476,-0.7071067811865475,-0.7583058084785625,0.6518989958787125,9.0,315,0.7071067811865476,-0.7071067811865475,-0.7583058084785625,0.6518989958787125,1141.75,max_ac,777.75,0.68119115393037,0.68119115393037,0.21078338694495194,240.66193204439887,537.0880679556011,leave_one_system_out
34,2010-11-11 10:00:00,907.25,903.97925,54.198,0.4999999999999999,-0.8660254037844387,-0.7583058084785625,0.6518989958787125,10.0,315,0.49999999999999994,-0.8660254037844387,-0.7583058084785625,0.6518989958787125,1141.75,max_ac,907.25,0.7946135318589884,0.7946135318589884,0.22635403550150848,258.4397200338473,648.8102799661526,leave_one_system_out
34,2010-11-11 11:00:00,929.25,962.67075,57.137,0.258819045102521,-0.9659258262890682,-0.7583058084785625,0.6518989958787125,11.0,315,0.258819045102521,-0.9659258262890682,-0.7583058084785625,0.6518989958787125,1141.75,max_ac,929.25,0.8138821983796803,0.8138821983796803,0.20329424115859776,232.111199842829,697.138800157171,leave_one_system_out
34,2010-11-11 12:00:00,885.25,931.98225,59.6275,1.2246467991473532e-16,-1.0,-0.7583058084785625,0.6518989958787125,12.0,315,1.2246467991473532e-16,-1.0,-0.7583058084785625,0.6518989958787125,1141.75,max_ac,885.25,0.7753448653382965,0.7753448653382965,0.17007646372199328,194.18480245458582,691.0651975454142,leave_one_system_out
34,2010-11-11 13:00:00,763.0,816.0644999999998,60.6805,-0.2588190451025208,-0.9659258262890684,-0.7583058084785625,0.6518989958787125,13.0,315,-0.2588190451025208,-0.9659258262890683,-0.7583058084785625,0.6518989958787125,1141.75,max_ac,763.0,0.6682723888767244,0.6682723888767244,0.1393033673737043,159.04961969892688,603.9503803010731,leave_one_system_out
34,2010-11-11 14:00:00,553.75,620.11725,61.50075,-0.4999999999999997,-0.8660254037844388,-0.7583058084785625,0.6518989958787125,14.0,315,-0.4999999999999997,-0.8660254037844388,-0.7583058084785625,0.6518989958787125,1141.75,max_ac,553.75,0.4850010948105978,0.4850010948105978,0.0767192850571683,87.5942437140219,466.1557562859781,leave_one_system_out
34,2010-11-11 15:00:00,249.0,367.38275,60.3365,-0.7071067811865471,-0.7071067811865479,-0.7583058084785625,0.6518989958787125,15.0,315,-0.7071067811865471,-0.7071067811865479,-0.7583058084785625,0.6518989958787125,1141.75,max_ac,249.0,0.218086271075104,0.218086271075104,-0.009841545455746115,-11.236584524098127,260.23658452409813,leave_one_system_out
34,2010-11-11 16:00:00,17.5,57.17775,57.977,-0.8660254037844385,-0.5000000000000004,-0.7583058084785625,0.6518989958787125,16.0,315,-0.8660254037844385,-0.5000000000000004,-0.7583058084785625,0.6518989958787125,1141.75,max_ac,17.5,0.015327348368732209,0.015327348368732209,-0.1492404413850088,-170.3952739513338,187.8952739513338,leave_one_system_out
34,2010-11-11 17:00:00,-4.0,0.24425,55.30925,-0.9659258262890684,-0.2588190451025206,-0.7583058084785625,0.6518989958787125,17.0,315,-0.9659258262890683,-0.25881904510252063,-0.7583058084785625,0.6518989958787125,1141.75,max_ac,-4.0,-0.0035033939128530766,-0.0035033939128530766,-0.3192763577877473,-364.5337815041605,360.5337815041605,leave_one_system_out
34,2010-11-11 18:00:00,-2.25,0.0735,53.398,-1.0,-1.8369701987210287e-16,-0.7583058084785625,0.6518989958787125,18.0,315,-1.0,-1.8369701987210297e-16,-0.7583058084785625,0.6518989958787125,1141.75,max_ac,-2.25,-0.0019706590759798557,-0.0019706590759798557,-0.4590212491554855,-524.0875112232756,521.8375112232756,leave_one_system_out
34,2010-11-12 06:00:00,13.25,6.4455,38.74975,1.0,6.123233995736766e-17,-0.7469720876965551,0.6648553979642866,6.0,316,1.0,6.123233995736766e-17,-0.7469720876965551,0.6648553979642866,1141.75,max_ac,13.25,0.011604992336325816,0.011604992336325816,-0.01151261593519981,-13.144529244014384,26.394529244014386,leave_one_system_out
34,2010-11-12 07:00:00,218.25,242.84675,42.18475,0.9659258262890684,-0.2588190451025206,-0.7469720876965551,0.6648553979642866,7.0,316,0.9659258262890683,-0.25881904510252063,-0.7469720876965551,0.6648553979642866,1141.75,max_ac,218.25,0.191153930370046,0.191153930370046,0.13980914362003144,159.6270897281709,58.62291027182911,leave_one_system_out
34,2010-11-12 08:00:00,535.5,540.69825,46.1435,0.8660254037844387,-0.4999999999999998,-0.7469720876965551,0.6648553979642866,8.0,316,0.8660254037844387,-0.4999999999999998,-0.7469720876965551,0.6648553979642866,1141.75,max_ac,535.5,0.4690168600832056,0.4690168600832056,0.21795859040831522,248.8542205986939,286.6457794013061,leave_one_system_out
34,2010-11-12 09:00:00,743.75,760.3515,49.467,0.7071067811865476,-0.7071067811865475,-0.7469720876965551,0.6648553979642866,9.0,316,0.7071067811865476,-0.7071067811865475,-0.7469720876965551,0.6648553979642866,1141.75,max_ac,743.75,0.6514123056711189,0.6514123056711189,0.2504698022795879,285.9738967527195,457.7761032472805,leave_one_system_out
34,2010-11-12 10:00:00,847.5,895.97175,52.6465,0.4999999999999999,-0.8660254037844387,-0.7469720876965551,0.6648553979642866,10.0,316,0.49999999999999994,-0.8660254037844387,-0.7469720876965551,0.6648553979642866,1141.75,max_ac,847.5,0.7422815852857456,0.7422815852857456,0.2524653131851804,288.25227132917973,559.2477286708203,leave_one_system_out
34,2010-11-12 11:00:00,885.25,956.177,55.7775,0.258819045102521,-0.9659258262890682,-0.7469720876965551,0.6648553979642866,11.0,316,0.258819045102521,-0.9659258262890682,-0.7469720876965551,0.6648553979642866,1141.75,max_ac,885.25,0.7753448653382965,0.7753448653382965,0.22748399694628885,259.72985351342527,625.5201464865747,leave_one_system_out
34,2010-11-12 12:00:00,844.0,927.27075,58.60475,1.2246467991473532e-16,-1.0,-0.7469720876965551,0.6648553979642866,12.0,316,1.2246467991473532e-16,-1.0,-0.7469720876965551,0.6648553979642866,1141.75,max_ac,844.0,0.7392161156119991,0.7392161156119991,0.18772999420174513,214.3407208798425,629.6592791201575,leave_one_system_out
34,2010-11-12 13:00:00,726.75,806.3477499999999,60.50575,-0.2588190451025208,-0.9659258262890684,-0.7469720876965551,0.6648553979642866,13.0,316,-0.2588190451025208,-0.9659258262890683,-0.7469720876965551,0.6648553979642866,1141.75,max_ac,726.75,0.6365228815414933,0.6365228815414933,0.14303429402735074,163.3094052057277,563.4405947942723,leave_one_system_out
34,2010-11-12 14:00:00,518.25,604.5409999999999,61.574,-0.4999999999999997,-0.8660254037844388,-0.7469720876965551,0.6648553979642866,14.0,316,-0.4999999999999997,-0.8660254037844388,-0.7469720876965551,0.6648553979642866,1141.75,max_ac,518.25,0.4539084738340267,0.4539084738340267,0.07780932823204101,88.83880050893282,429.4111994910672,leave_one_system_out
34,2010-11-12 15:00:00,185.75,356.42075,60.473,-0.7071067811865471,-0.7071067811865479,-0.7469720876965551,0.6648553979642866,15.0,316,-0.7071067811865471,-0.7071067811865479,-0.7469720876965551,0.6648553979642866,1141.75,max_ac,185.75,0.16268885482811474,0.16268885482811474,-0.01161615846752756,-13.262748930299592,199.01274893029958,leave_one_system_out
34,2010-11-12 16:00:00,14.5,51.68475,57.686,-0.8660254037844385,-0.5000000000000004,-0.7469720876965551,0.6648553979642866,16.0,316,-0.8660254037844385,-0.5000000000000004,-0.7469720876965551,0.6648553979642866,1141.75,max_ac,14.5,0.012699802934092402,0.012699802934092402,-0.14762125095150913,-168.54656327388554,183.04656327388554,leave_one_system_out
34,2010-11-12 17:00:00,-3.75,0.31725,53.2435,-0.9659258262890684,-0.2588190451025206,-0.7469720876965551,0.6648553979642866,17.0,316,-0.9659258262890683,-0.25881904510252063,-0.7469720876965551,0.6648553979642866,1141.75,max_ac,-3.75,-0.003284431793299759,-0.003284431793299759,-0.29592506826808807,-337.87244669508954,334.12244669508954,leave_one_system_out
34,2010-11-12 18:00:00,-2.5,0.0975,50.49225,-1.0,-1.8369701987210287e-16,-0.7469720876965551,0.6648553979642866,18.0,316,-1.0,-1.8369701987210297e-16,-0.7469720876965551,0.6648553979642866,1141.75,max_ac,-2.5,-0.0021896211955331727,-0.0021896211955331727,-0.413071224948251,-471.62407108466556,469.12407108466556,leave_one_system_out
34,2010-11-13 06:00:00,15.5,5.501333333333332,40.389,1.0,6.123233995736766e-17,-0.7354170229639858,0.6776147890466887,6.0,317,1.0,6.123233995736766e-17,-0.7354170229639858,0.6776147890466887,1141.75,max_ac,15.5,0.013575651412305672,0.013575651412305672,-0.019440933592239362,-22.196685928939292,37.69668592893929,leave_one_system_out
34,2010-11-13 07:00:00,211.0,239.59975,44.26275,0.9659258262890684,-0.2588190451025206,-0.7354170229639858,0.6776147890466887,7.0,317,0.9659258262890683,-0.25881904510252063,-0.7354170229639858,0.6776147890466887,1141.75,max_ac,211.0,0.18480402890299977,0.18480402890299977,0.12510723864468404,142.841189722568,68.158810277432,leave_one_system_out
34,2010-11-13 08:00:00,530.25,537.158,50.282,0.8660254037844387,-0.4999999999999998,-0.7354170229639858,0.6776147890466887,8.0,317,0.8660254037844387,-0.4999999999999998,-0.7354170229639858,0.6776147890466887,1141.75,max_ac,530.25,0.46441865557258594,0.46441865557258594,0.16928672618091983,193.2831196170652,336.9668803829348,leave_one_system_out
34,2010-11-13 09:00:00,738.5,759.3749999999999,54.06875,0.7071067811865476,-0.7071067811865475,-0.7354170229639858,0.6776147890466887,9.0,317,0.7071067811865476,-0.7071067811865475,-0.7354170229639858,0.6776147890466887,1141.75,max_ac,738.5,0.6468141011604992,0.6468141011604992,0.17982810519413311,205.31873910540148,533.1812608945985,leave_one_system_out
34,2010-11-13 10:00:00,868.75,900.87875,58.5615,0.4999999999999999,-0.8660254037844387,-0.7354170229639858,0.6776147890466887,10.0,317,0.49999999999999994,-0.8660254037844387,-0.7354170229639858,0.6776147890466887,1141.75,max_ac,868.75,0.7608933654477775,0.7608933654477775,0.14494964646580377,165.49625885233147,703.2537411476685,leave_one_system_out
34,2010-11-13 11:00:00,900.25,955.15125,61.05775,0.258819045102521,-0.9659258262890682,-0.7354170229639858,0.6776147890466887,11.0,317,0.258819045102521,-0.9659258262890682,-0.7354170229639858,0.6776147890466887,1141.75,max_ac,900.25,0.7884825925114956,0.7884825925114956,0.12638204341003723,144.29669806341,755.95330193659,leave_one_system_out
34,2010-11-13 12:00:00,875.5,922.70525,63.16625,1.2246467991473532e-16,-1.0,-0.7354170229639858,0.6776147890466887,12.0,317,1.2246467991473532e-16,-1.0,-0.7354170229639858,0.6776147890466887,1141.75,max_ac,875.5,0.7668053426757171,0.7668053426757171,0.10021962555829261,114.4257574811806,761.0742425188193,leave_one_system_out
34,2010-11-13 13:00:00,746.75,804.5899999999999,64.394,-0.2588190451025208,-0.9659258262890684,-0.7354170229639858,0.6776147890466887,13.0,317,-0.2588190451025208,-0.9659258262890683,-0.7354170229639858,0.6776147890466887,1141.75,max_ac,746.75,0.6540398511057587,0.6540398511057587,0.07049822161321334,80.49134452688634,666.2586554731137,leave_one_system_out
34,2010-11-13 14:00:00,526.75,616.8702499999999,64.49275,-0.4999999999999997,-0.8660254037844388,-0.7354170229639858,0.6776147890466887,14.0,317,-0.4999999999999997,-0.8660254037844388,-0.7354170229639858,0.6776147890466887,1141.75,max_ac,526.75,0.4613531858988395,0.4613531858988395,0.02352925858097349,26.86453098482648,499.8854690151735,leave_one_system_out
34,2010-11-13 15:00:00,295.75,384.79,64.33324999999999,-0.7071067811865471,-0.7071067811865479,-0.7354170229639858,0.6776147890466887,15.0,317,-0.7071067811865471,-0.7071067811865479,-0.7354170229639858,0.6776147890466887,1141.75,max_ac,295.75,0.25903218743157436,0.25903218743157436,-0.07363474069443376,-84.07246518786975,379.82246518786974,leave_one_system_out
34,2010-11-13 16:00:00,28.5,61.45025,62.4145,-0.8660254037844385,-0.5000000000000004,-0.7354170229639858,0.6776147890466887,16.0,317,-0.8660254037844385,-0.5000000000000004,-0.7354170229639858,0.6776147890466887,1141.75,max_ac,28.5,0.02496168162907817,0.02496168162907817,-0.1957468989034128,-223.49402182297155,251.99402182297155,leave_one_system_out
34,2010-11-13 17:00:00,-2.0,0.2439999999999999,59.6805,-0.9659258262890684,-0.2588190451025206,-0.7354170229639858,0.6776147890466887,17.0,317,-0.9659258262890683,-0.25881904510252063,-0.7354170229639858,0.6776147890466887,1141.75,max_ac,-2.0,-0.0017516969564265383,-0.0017516969564265383,-0.37734128336801986,-430.82941028543667,428.82941028543667,leave_one_system_out
34,2010-11-13 18:00:00,-2.5,0.1465,58.46825,-1.0,-1.8369701987210287e-16,-0.7354170229639858,0.6776147890466887,18.0,317,-1.0,-1.8369701987210297e-16,-0.7354170229639858,0.6776147890466887,1141.75,max_ac,-2.5,-0.0021896211955331727,-0.0021896211955331727,-0.5502636045545221,-628.2634705001255,625.7634705001255,leave_one_system_out
34,2010-11-14 06:00:00,15.0,9.6925,49.45175,1.0,6.123233995736766e-17,-0.7236440382959124,0.690173388242972,6.0,318,1.0,6.123233995736766e-17,-0.7236440382959124,0.690173388242972,1141.75,max_ac,15.0,0.013137727173199037,0.013137727173199037,-0.07489576967983658,-85.51224503195341,100.51224503195341,leave_one_system_out
34,2010-11-14 07:00:00,200.0,231.25,50.53275,0.9659258262890684,-0.2588190451025206,-0.7236440382959124,0.690173388242972,7.0,318,0.9659258262890683,-0.25881904510252063,-0.7236440382959124,0.690173388242972,1141.75,max_ac,200.0,0.17516969564265383,0.17516969564265383,0.07757767018323969,88.57430493171391,111.42569506828609,leave_one_system_out
34,2010-11-14 08:00:00,461.25,450.65925,53.031,0.8660254037844387,-0.4999999999999998,-0.7236440382959124,0.690173388242972,8.0,318,0.8660254037844387,-0.4999999999999998,-0.7236440382959124,0.690173388242972,1141.75,max_ac,461.25,0.4039851105758704,0.4039851105758704,0.1690728626438157,193.0389409235766,268.2110590764234,leave_one_system_out
34,2010-11-14 09:00:00,714.25,710.962,55.67125,0.7071067811865476,-0.7071067811865475,-0.7236440382959124,0.690173388242972,9.0,318,0.7071067811865476,-0.7071067811865475,-0.7236440382959124,0.690173388242972,1141.75,max_ac,714.25,0.6255747755638275,0.6255747755638275,0.17571030754844558,200.61724364343775,513.6327563565623,leave_one_system_out
34,2010-11-14 10:00:00,832.0,883.252,58.972,0.4999999999999999,-0.8660254037844387,-0.7236440382959124,0.690173388242972,10.0,318,0.49999999999999994,-0.8660254037844387,-0.7236440382959124,0.690173388242972,1141.75,max_ac,832.0,0.7287059338734398,0.7287059338734398,0.14397302479952578,164.38120106485857,667.6187989351414,leave_one_system_out
34,2010-11-14 11:00:00,828.25,908.15425,62.76375,0.258819045102521,-0.9659258262890682,-0.7236440382959124,0.690173388242972,11.0,318,0.258819045102521,-0.9659258262890682,-0.7236440382959124,0.690173388242972,1141.75,max_ac,828.25,0.7254215020801401,0.7254215020801401,0.11818979915527,134.9432031855295,693.3067968144705,leave_one_system_out
34,2010-11-14 12:00:00,846.5,885.3027500000001,65.5735,1.2246467991473532e-16,-1.0,-0.7236440382959124,0.690173388242972,12.0,318,1.2246467991473532e-16,-1.0,-0.7236440382959124,0.690173388242972,1141.75,max_ac,846.5,0.7414057368075323,0.7414057368075323,0.07202454193626662,82.23402075573242,764.2659792442676,leave_one_system_out
34,2010-11-14 13:00:00,731.75,777.56375,67.05425,-0.2588190451025208,-0.9659258262890684,-0.7236440382959124,0.690173388242972,13.0,318,-0.2588190451025208,-0.9659258262890683,-0.7236440382959124,0.690173388242972,1141.75,max_ac,731.75,0.6409021239325596,0.6409021239325596,0.03229687093596556,36.87495239113868,694.8750476088613,leave_one_system_out
34,2010-11-14 14:00:00,523.25,578.49125,67.66925,-0.4999999999999997,-0.8660254037844388,-0.7236440382959124,0.690173388242972,14.0,318,-0.4999999999999997,-0.8660254037844388,-0.7236440382959124,0.690173388242972,1141.75,max_ac,523.25,0.45828771622509307,0.45828771622509307,-0.01508057311746358,-17.218244356864044,540.468244356864,leave_one_system_out
34,2010-11-14 15:00:00,207.25,273.36425,67.59075,-0.7071067811865471,-0.7071067811865479,-0.7236440382959124,0.690173388242972,15.0,318,-0.7071067811865471,-0.7071067811865479,-0.7236440382959124,0.690173388242972,1141.75,max_ac,207.25,0.18151959710970003,0.18151959710970003,-0.0828419124348092,-94.5847535224434,301.8347535224434,leave_one_system_out
34,2010-11-14 16:00:00,10.0,26.58725,65.28225,-0.8660254037844385,-0.5000000000000004,-0.7236440382959124,0.690173388242972,16.0,318,-0.8660254037844385,-0.5000000000000004,-0.7236440382959124,0.690173388242972,1141.75,max_ac,10.0,0.00875848478213269,0.00875848478213269,-0.2207490549166592,-252.04023345109565,262.0402334510957,leave_one_system_out
34,2010-11-14 17:00:00,-4.0,0.2199999999999999,63.2445,-0.9659258262890684,-0.2588190451025206,-0.7236440382959124,0.690173388242972,17.0,318,-0.9659258262890683,-0.25881904510252063,-0.7236440382959124,0.690173388242972,1141.75,max_ac,-4.0,-0.0035033939128530766,-0.0035033939128530766,-0.4276833781665468,-488.3074970216548,484.3074970216548,leave_one_system_out
34,2010-11-14 18:00:00,-2.25,0.049,62.2705,-1.0,-1.8369701987210287e-16,-0.7236440382959124,0.690173388242972,18.0,318,-1.0,-1.8369701987210297e-16,-0.7236440382959124,0.690173388242972,1141.75,max_ac,-2.25,-0.0019706590759798557,-0.0019706590759798557,-0.6223965540618844,-710.6212656001566,708.3712656001566,leave_one_system_out
34,2010-11-15 06:00:00,9.0,5.371,58.15200000000001,1.0,6.123233995736766e-17,-0.711656622281775,0.7025274741691566,6.0,319,1.0,6.123233995736766e-17,-0.711656622281775,0.7025274741691566,1141.75,max_ac,9.0,0.007882636303919423,0.007882636303919423,-0.145645484030005,-166.2907313912582,175.2907313912582,leave_one_system_out
34,2010-11-15 07:00:00,188.5,219.67775,59.6985,0.9659258262890684,-0.2588190451025206,-0.711656622281775,0.7025274741691566,7.0,319,0.9659258262890683,-0.25881904510252063,-0.711656622281775,0.7025274741691566,1141.75,max_ac,188.5,0.16509743814320121,0.16509743814320121,-0.004631691518841852,-5.288233791637684,193.78823379163768,leave_one_system_out
34,2010-11-15 08:00:00,502.5,516.99225,62.54575,0.8660254037844387,-0.4999999999999998,-0.711656622281775,0.7025274741691566,8.0,319,0.8660254037844387,-0.4999999999999998,-0.711656622281775,0.7025274741691566,1141.75,max_ac,502.5,0.4401138603021677,0.4401138603021677,0.012004703369923764,13.706370072610458,488.79362992738953,leave_one_system_out
34,2010-11-15 09:00:00,722.75,731.49425,64.723,0.7071067811865476,-0.7071067811865475,-0.711656622281775,0.7025274741691566,9.0,319,0.7071067811865476,-0.7071067811865475,-0.711656622281775,0.7025274741691566,1141.75,max_ac,722.75,0.6330194876286402,0.6330194876286402,0.015582468309889463,17.791283192816294,704.9587168071837,leave_one_system_out
34,2010-11-15 10:00:00,847.75,870.3615,66.986,0.4999999999999999,-0.8660254037844387,-0.711656622281775,0.7025274741691566,10.0,319,0.49999999999999994,-0.8660254037844387,-0.711656622281775,0.7025274741691566,1141.75,max_ac,847.75,0.7425005474052989,0.7425005474052989,0.00022450488383957135,0.25632845112383057,847.4936715488761,leave_one_system_out
34,2010-11-15 11:00:00,883.25,926.78225,69.37275,0.258819045102521,-0.9659258262890682,-0.711656622281775,0.7025274741691566,11.0,319,0.258819045102521,-0.9659258262890682,-0.711656622281775,0.7025274741691566,1141.75,max_ac,883.25,0.77359316838187,0.77359316838187,-0.02762716540115967,-31.543316096774053,914.7933160967741,leave_one_system_out
34,2010-11-15 12:00:00,846.5,897.70525,70.85625,1.2246467991473532e-16,-1.0,-0.711656622281775,0.7025274741691566,12.0,319,1.2246467991473532e-16,-1.0,-0.711656622281775,0.7025274741691566,1141.75,max_ac,846.5,0.7414057368075323,0.7414057368075323,-0.04533319453356205,-51.75917485869447,898.2591748586945,leave_one_system_out
34,2010-11-15 13:00:00,725.75,780.88375,71.833,-0.2588190451025208,-0.9659258262890684,-0.711656622281775,0.7025274741691566,13.0,319,-0.2588190451025208,-0.9659258262890683,-0.711656622281775,0.7025274741691566,1141.75,max_ac,725.75,0.6356470330632801,0.6356470330632801,-0.06466771845353914,-73.8343675443283,799.5843675443283,leave_one_system_out
34,2010-11-15 14:00:00,517.0,591.0155,72.40775,-0.4999999999999997,-0.8660254037844388,-0.711656622281775,0.7025274741691566,14.0,319,-0.4999999999999997,-0.8660254037844388,-0.711656622281775,0.7025274741691566,1141.75,max_ac,517.0,0.4528136632362601,0.4528136632362601,-0.10665761608429225,-121.77633316424068,638.7763331642407,leave_one_system_out
34,2010-11-15 15:00:00,212.5,342.96875,72.15975,-0.7071067811865471,-0.7071067811865479,-0.711656622281775,0.7025274741691566,15.0,319,-0.7071067811865471,-0.7071067811865479,-0.711656622281775,0.7025274741691566,1141.75,max_ac,212.5,0.18611780162031968,0.18611780162031968,-0.17980300629102208,-205.29008243277445,417.79008243277445,leave_one_system_out
34,2010-11-15 16:00:00,13.0,38.72075,70.33225,-0.8660254037844385,-0.5000000000000004,-0.711656622281775,0.7025274741691566,16.0,319,-0.8660254037844385,-0.5000000000000004,-0.711656622281775,0.7025274741691566,1141.75,max_ac,13.0,0.011386030216772498,0.011386030216772498,-0.2817770428616909,-321.7189386873356,334.7189386873356,leave_one_system_out
34,2010-11-15 17:00:00,-2.5,0.1709999999999999,67.11,-0.9659258262890684,-0.2588190451025206,-0.711656622281775,0.7025274741691566,17.0,319,-0.9659258262890683,-0.25881904510252063,-0.711656622281775,0.7025274741691566,1141.75,max_ac,-2.5,-0.0021896211955331727,-0.0021896211955331727,-0.48595660335512303,-554.8409518807117,552.3409518807117,leave_one_system_out
34,2010-11-15 18:00:00,-2.25,0.0,65.50775,-1.0,-1.8369701987210287e-16,-0.711656622281775,0.7025274741691566,18.0,319,-1.0,-1.8369701987210297e-16,-0.711656622281775,0.7025274741691566,1141.75,max_ac,-2.25,-0.0019706590759798557,-0.0019706590759798557,-0.6871481206795035,-784.5513667858231,782.3013667858231,leave_one_system_out
34,2010-11-16 06:00:00,8.0,4.90725,45.8625,1.0,6.123233995736766e-17,-0.6994583270516471,0.7146733860429608,6.0,320,1.0,6.123233995736766e-17,-0.6994583270516471,0.7146733860429608,1141.75,max_ac,8.0,0.007006787825706153,0.007006787825706153,-0.05131169261129187,-58.58512503894249,66.5851250389425,leave_one_system_out
34,2010-11-16 07:00:00,174.0,216.67475,48.05475,0.9659258262890684,-0.2588190451025206,-0.6994583270516471,0.7146733860429608,7.0,320,0.9659258262890683,-0.25881904510252063,-0.6994583270516471,0.7146733860429608,1141.75,max_ac,174.0,0.15239763520910882,0.15239763520910882,0.0990685019571026,113.11146210952188,60.88853789047812,leave_one_system_out
34,2010-11-16 08:00:00,494.75,515.38075,53.1195,0.8660254037844387,-0.4999999999999998,-0.6994583270516471,0.7146733860429608,8.0,320,0.8660254037844387,-0.4999999999999998,-0.6994583270516471,0.7146733860429608,1141.75,max_ac,494.75,0.4333260345960149,0.4333260345960149,0.13690750143225694,156.31413976027937,338.4358602397206,leave_one_system_out
34,2010-11-16 09:00:00,692.5,728.10075,57.5445,0.7071067811865476,-0.7071067811865475,-0.6994583270516471,0.7146733860429608,9.0,320,0.7071067811865476,-0.7071067811865475,-0.6994583270516471,0.7146733860429608,1141.75,max_ac,692.5,0.6065250711626888,0.6065250711626888,0.13301757440158246,151.87281557300676,540.6271844269933,leave_one_system_out
34,2010-11-16 10:00:00,798.5,865.503,61.5995,0.4999999999999999,-0.8660254037844387,-0.6994583270516471,0.7146733860429608,10.0,320,0.49999999999999994,-0.8660254037844387,-0.6994583270516471,0.7146733860429608,1141.75,max_ac,798.5,0.6993650098532954,0.6993650098532954,0.10089514075780714,115.19702696022631,683.3029730397736,leave_one_system_out
34,2010-11-16 11:00:00,828.0,921.38675,65.93525,0.258819045102521,-0.9659258262890682,-0.6994583270516471,0.7146733860429608,11.0,320,0.258819045102521,-0.9659258262890682,-0.6994583270516471,0.7146733860429608,1141.75,max_ac,828.0,0.7252025399605868,0.7252025399605868,0.041861540253077645,47.7954135839514,780.2045864160486,leave_one_system_out
34,2010-11-16 12:00:00,812.5,905.908,70.669,1.2246467991473532e-16,-1.0,-0.6994583270516471,0.7146733860429608,12.0,320,1.2246467991473532e-16,-1.0,-0.6994583270516471,0.7146733860429608,1141.75,max_ac,812.5,0.7116268885482812,0.7116268885482812,-0.051444048177781254,-58.73624200698175,871.2362420069818,leave_one_system_out
34,2010-11-16 13:00:00,700.75,797.3389999999999,73.5745,-0.2588190451025208,-0.9659258262890684,-0.6994583270516471,0.7146733860429608,13.0,320,-0.2588190451025208,-0.9659258262890683,-0.6994583270516471,0.7146733860429608,1141.75,max_ac,700.75,0.6137508211079483,0.6137508211079483,-0.1153000029529595,-131.64377837154152,832.3937783715415,leave_one_system_out
34,2010-11-16 14:00:00,507.25,609.27725,75.6985,-0.4999999999999997,-0.8660254037844388,-0.6994583270516471,0.7146733860429608,14.0,320,-0.4999999999999997,-0.8660254037844388,-0.6994583270516471,0.7146733860429608,1141.75,max_ac,507.25,0.44427414057368075,0.44427414057368075,-0.18320741991025702,-209.17707168253594,716.4270716825359,leave_one_system_out
34,2010-11-16 15:00:00,212.0,352.07525,74.52674999999999,-0.7071067811865471,-0.7071067811865479,-0.6994583270516471,0.7146733860429608,15.0,320,-0.7071067811865471,-0.7071067811865479,-0.6994583270516471,0.7146733860429608,1141.75,max_ac,212.0,0.18567987738121305,0.18567987738121305,-0.22492109331758436,-256.80365829535197,468.80365829535197,leave_one_system_out
34,2010-11-16 16:00:00,12.0,36.914,71.84575,-0.8660254037844385,-0.5000000000000004,-0.6994583270516471,0.7146733860429608,16.0,320,-0.8660254037844385,-0.5000000000000004,-0.6994583270516471,0.7146733860429608,1141.75,max_ac,12.0,0.01051018173855923,0.01051018173855923,-0.30105349769819545,-343.72783099691463,355.72783099691463,leave_one_system_out
34,2010-11-16 17:00:00,-2.5,0.2929999999999999,68.78575000000001,-0.9659258262890684,-0.2588190451025206,-0.6994583270516471,0.7146733860429608,17.0,320,-0.9659258262890683,-0.25881904510252063,-0.6994583270516471,0.7146733860429608,1141.75,max_ac,-2.5,-0.0021896211955331727,-0.0021896211955331727,-0.5135357895030824,-586.3294876651444,583.8294876651444,leave_one_system_out
34,2010-11-16 18:00:00,-2.0,0.098,65.7885,-1.0,-1.8369701987210287e-16,-0.6994583270516471,0.7146733860429608,18.0,320,-1.0,-1.8369701987210297e-16,-0.6994583270516471,0.7146733860429608,1141.75,max_ac,-2.0,-0.0017516969564265383,-0.0017516969564265383,-0.6949113202100722,-793.4149998498499,791.4149998498499,leave_one_system_out
34,2010-11-17 06:00:00,6.5,5.0535,44.273,1.0,6.123233995736766e-17,-0.6870527672236675,0.7266075247685652,6.0,321,1.0,6.123233995736766e-17,-0.6870527672236675,0.7266075247685652,1141.75,max_ac,6.5,0.005693015108386249,0.005693015108386249,-0.042216907900450185,-48.201154595339,54.701154595339,leave_one_system_out
34,2010-11-17 07:00:00,183.5,208.9355,45.69775,0.9659258262890684,-0.2588190451025206,-0.6870527672236675,0.7266075247685652,7.0,321,0.9659258262890683,-0.25881904510252063,-0.6870527672236675,0.7266075247685652,1141.75,max_ac,183.5,0.1607181957521349,0.1607181957521349,0.11665790972097234,133.19416842392016,50.30583157607984,leave_one_system_out
34,2010-11-17 08:00:00,491.75,512.0360000000001,51.459,0.8660254037844387,-0.4999999999999998,-0.6870527672236675,0.7266075247685652,8.0,321,0.8660254037844387,-0.4999999999999998,-0.6870527672236675,0.7266075247685652,1141.75,max_ac,491.75,0.4306984891613751,0.4306984891613751,0.15620619873368266,178.3484274041822,313.4015725958178,leave_one_system_out
34,2010-11-17 09:00:00,702.75,739.52625,55.572500000000005,0.7071067811865476,-0.7071067811865475,-0.6870527672236675,0.7266075247685652,9.0,321,0.7071067811865476,-0.7071067811865475,-0.6870527672236675,0.7266075247685652,1141.75,max_ac,702.75,0.6155025180643748,0.6155025180643748,0.154843485262203,176.7925492981203,525.9574507018797,leave_one_system_out
34,2010-11-17 10:00:00,812.5,878.1492499999999,59.1895,0.4999999999999999,-0.8660254037844387,-0.6870527672236675,0.7266075247685652,10.0,321,0.49999999999999994,-0.8660254037844387,-0.6870527672236675,0.7266075247685652,1141.75,max_ac,812.5,0.7116268885482812,0.7116268885482812,0.13312965979460445,152.00078907048962,660.4992109295104,leave_one_system_out
34,2010-11-17 11:00:00,847.0,929.5655,62.5965,0.258819045102521,-0.9659258262890682,-0.6870527672236675,0.7266075247685652,11.0,321,0.258819045102521,-0.9659258262890682,-0.6870527672236675,0.7266075247685652,1141.75,max_ac,847.0,0.7418436610466389,0.7418436610466389,0.09769638778678336,111.54485075555989,735.4551492444401,leave_one_system_out
34,2010-11-17 12:00:00,808.5,899.4382499999999,64.4245,1.2246467991473532e-16,-1.0,-0.6870527672236675,0.7266075247685652,12.0,321,1.2246467991473532e-16,-1.0,-0.6870527672236675,0.7266075247685652,1141.75,max_ac,808.5,0.7081234946354281,0.7081234946354281,0.07493695632815317,85.55926988766888,722.9407301123312,leave_one_system_out
34,2010-11-17 13:00:00,696.0,785.083,66.0265,-0.2588190451025208,-0.9659258262890684,-0.6870527672236675,0.7266075247685652,13.0,321,-0.2588190451025208,-0.9659258262890683,-0.6870527672236675,0.7266075247685652,1141.75,max_ac,696.0,0.6095905408364353,0.6095905408364353,0.03717715327094273,42.44701474709886,653.5529852529012,leave_one_system_out
34,2010-11-17 14:00:00,501.0,583.5205,66.5355,-0.4999999999999997,-0.8660254037844388,-0.6870527672236675,0.7266075247685652,14.0,321,-0.4999999999999997,-0.8660254037844388,-0.6870527672236675,0.7266075247685652,1141.75,max_ac,501.0,0.43880008758484784,0.43880008758484784,-0.007244510817637662,-8.271420226037801,509.2714202260378,leave_one_system_out
34,2010-11-17 15:00:00,202.5,335.547,65.396,-0.7071067811865471,-0.7071067811865479,-0.6870527672236675,0.7266075247685652,15.0,321,-0.7071067811865471,-0.7071067811865479,-0.6870527672236675,0.7266075247685652,1141.75,max_ac,202.5,0.17735931683818698,0.17735931683818698,-0.08223975423498886,-93.89723939779853,296.39723939779856,leave_one_system_out
34,2010-11-17 16:00:00,9.25,33.203,62.779,-0.8660254037844385,-0.5000000000000004,-0.6870527672236675,0.7266075247685652,16.0,321,-0.8660254037844385,-0.5000000000000004,-0.6870527672236675,0.7266075247685652,1141.75,max_ac,9.25,0.00810159842347274,0.00810159842347274,-0.2004619751318223,-228.8774601067581,238.1274601067581,leave_one_system_out
34,2010-11-17 17:00:00,-2.5,0.2197499999999999,59.27325,-0.9659258262890684,-0.2588190451025206,-0.6870527672236675,0.7266075247685652,17.0,321,-0.9659258262890683,-0.25881904510252063,-0.6870527672236675,0.7266075247685652,1141.75,max_ac,-2.5,-0.0021896211955331727,-0.0021896211955331727,-0.3776877701862623,-431.225011610165,428.725011610165,leave_one_system_out
34,2010-11-17 18:00:00,-2.0,0.1952499999999999,54.2715,-1.0,-1.8369701987210287e-16,-0.6870527672236675,0.7266075247685652,18.0,321,-1.0,-1.8369701987210297e-16,-0.6870527672236675,0.7266075247685652,1141.75,max_ac,-2.0,-0.0017516969564265383,-0.0017516969564265383,-0.48356159696272216,-552.106453332188,550.106453332188,leave_one_system_out
34,2010-11-18 06:00:00,8.5,6.7627500000000005,39.52675,1.0,6.123233995736766e-17,-0.6744436188329457,0.7383263540031063,6.0,322,1.0,6.123233995736766e-17,-0.6744436188329457,0.7383263540031063,1141.75,max_ac,8.5,0.007444712064812787,0.007444712064812787,-0.01704405942929016,-19.46005485339204,27.96005485339204,leave_one_system_out
34,2010-11-18 07:00:00,191.0,193.335,41.67825,0.9659258262890684,-0.2588190451025206,-0.6744436188329457,0.7383263540031063,7.0,322,0.9659258262890683,-0.25881904510252063,-0.6744436188329457,0.7383263540031063,1141.75,max_ac,191.0,0.1672870593387344,0.1672870593387344,0.142823924490799,163.06921578736976,27.930784212630243,leave_one_system_out
34,2010-11-18 08:00:00,502.75,522.26575,48.01925,0.8660254037844387,-0.4999999999999998,-0.6744436188329457,0.7383263540031063,8.0,322,0.8660254037844387,-0.4999999999999998,-0.6744436188329457,0.7383263540031063,1141.75,max_ac,502.75,0.44033282242172106,0.44033282242172106,0.19052766457627723,217.53496102996453,285.2150389700355,leave_one_system_out
34,2010-11-18 09:00:00,708.5,732.64175,53.37775,0.7071067811865476,-0.7071067811865475,-0.6744436188329457,0.7383263540031063,9.0,322,0.7071067811865476,-0.7071067811865475,-0.6744436188329457,0.7383263540031063,1141.75,max_ac,708.5,0.6205386468141012,0.6205386468141012,0.18857719693394118,215.30801459932735,493.19198540067265,leave_one_system_out
34,2010-11-18 10:00:00,811.75,865.1125,57.40775,0.4999999999999999,-0.8660254037844387,-0.6744436188329457,0.7383263540031063,10.0,322,0.49999999999999994,-0.8660254037844387,-0.6744436188329457,0.7383263540031063,1141.75,max_ac,811.75,0.7109700021896211,0.7109700021896211,0.16820943906892113,192.0531270569407,619.6968729430594,leave_one_system_out
34,2010-11-18 11:00:00,865.25,940.11225,61.27025,0.258819045102521,-0.9659258262890682,-0.6744436188329457,0.7383263540031063,11.0,322,0.258819045102521,-0.9659258262890682,-0.6744436188329457,0.7383263540031063,1141.75,max_ac,865.25,0.7578278957740311,0.7578278957740311,0.1132002645171345,129.24640201243832,736.0035979875616,leave_one_system_out
34,2010-11-18 12:00:00,813.0,900.0487499999999,64.4725,1.2246467991473532e-16,-1.0,-0.6744436188329457,0.7383263540031063,12.0,322,1.2246467991473532e-16,-1.0,-0.6744436188329457,0.7383263540031063,1141.75,max_ac,813.0,0.7120648127873878,0.7120648127873878,0.07010429400316492,80.04157767811355,732.9584223218865,leave_one_system_out
34,2010-11-18 13:00:00,698.5,782.2755,67.01125,-0.2588190451025208,-0.9659258262890684,-0.6744436188329457,0.7383263540031063,13.0,322,-0.2588190451025208,-0.9659258262890683,-0.6744436188329457,0.7383263540031063,1141.75,max_ac,698.5,0.6117801620319685,0.6117801620319685,0.017043675935933145,19.45961699985167,679.0403830001484,leave_one_system_out
34,2010-11-18 14:00:00,462.25,531.836,66.92,-0.4999999999999997,-0.8660254037844388,-0.6744436188329457,0.7383263540031063,14.0,322,-0.4999999999999997,-0.8660254037844388,-0.6744436188329457,0.7383263540031063,1141.75,max_ac,462.25,0.40486095905408365,0.40486095905408365,0.008396677991549306,9.586907096851421,452.6630929031486,leave_one_system_out
34,2010-11-18 15:00:00,187.75,284.42375,66.09224999999999,-0.7071067811865471,-0.7071067811865479,-0.6744436188329457,0.7383263540031063,15.0,322,-0.7071067811865471,-0.7071067811865479,-0.6744436188329457,0.7383263540031063,1141.75,max_ac,187.75,0.16444055178454128,0.16444055178454128,-0.07590785594031951,-86.66779451985981,274.4177945198598,leave_one_system_out
34,2010-11-18 16:00:00,17.75,42.33425,63.78625,-0.8660254037844385,-0.5000000000000004,-0.6744436188329457,0.7383263540031063,16.0,322,-0.8660254037844385,-0.5000000000000004,-0.6744436188329457,0.7383263540031063,1141.75,max_ac,17.75,0.015546310488285527,0.015546310488285527,-0.21375359487267942,-244.05316694588174,261.80316694588174,leave_one_system_out
34,2010-11-18 17:00:00,-2.75,0.14675,59.53375,-0.9659258262890684,-0.2588190451025206,-0.6744436188329457,0.7383263540031063,17.0,322,-0.9659258262890683,-0.25881904510252063,-0.6744436188329457,0.7383263540031063,1141.75,max_ac,-2.75,-0.00240858331508649,-0.00240858331508649,-0.38261358675280366,-436.84906267501356,434.09906267501356,leave_one_system_out
34,2010-11-18 18:00:00,-2.25,0.0735,56.34425,-1.0,-1.8369701987210287e-16,-0.6744436188329457,0.7383263540031063,18.0,322,-1.0,-1.8369701987210297e-16,-0.6744436188329457,0.7383263540031063,1141.75,max_ac,-2.25,-0.0019706590759798557,-0.0019706590759798557,-0.5214351482094711,-595.3485804681636,593.0985804681636,leave_one_system_out
34,2010-11-19 06:00:00,8.5,8.935500000000001,45.346,1.0,6.123233995736766e-17,-0.661634618242279,0.749826401204568,6.0,323,1.0,6.123233995736766e-17,-0.661634618242279,0.749826401204568,1141.75,max_ac,8.5,0.007444712064812787,0.007444712064812787,-0.05054420312006985,-57.70884391233975,66.20884391233974,leave_one_system_out
34,2010-11-19 07:00:00,134.5,111.76775,47.8595,0.9659258262890684,-0.2588190451025206,-0.661634618242279,0.749826401204568,7.0,323,0.9659258262890683,-0.25881904510252063,-0.661634618242279,0.749826401204568,1141.75,max_ac,134.5,0.11780162031968469,0.11780162031968469,0.1252517238217437,143.0061556734759,-8.506155673475888,leave_one_system_out
34,2010-11-19 08:00:00,311.5,265.18575,53.598,0.8660254037844387,-0.4999999999999998,-0.661634618242279,0.749826401204568,8.0,323,0.8660254037844387,-0.4999999999999998,-0.661634618242279,0.749826401204568,1141.75,max_ac,311.5,0.2728268009634333,0.2728268009634333,0.2371572709676396,270.77431412730255,40.725685872697454,leave_one_system_out
34,2010-11-19 09:00:00,354.5,336.1815,58.415,0.7071067811865476,-0.7071067811865475,-0.661634618242279,0.749826401204568,9.0,323,0.7071067811865476,-0.7071067811865475,-0.661634618242279,0.749826401204568,1141.75,max_ac,354.5,0.3104882855266039,0.3104882855266039,0.3390250425973681,387.08184238554503,-32.58184238554503,leave_one_system_out
34,2010-11-19 10:00:00,331.75,308.8625,60.3945,0.4999999999999999,-0.8660254037844387,-0.661634618242279,0.749826401204568,10.0,323,0.49999999999999994,-0.8660254037844387,-0.661634618242279,0.749826401204568,1141.75,max_ac,331.75,0.290562732647252,0.290562732647252,0.4551160202238005,519.6287160905242,-187.87871609052422,leave_one_system_out
34,2010-11-19 11:00:00,474.75,426.02525,63.75325,0.258819045102521,-0.9659258262890682,-0.661634618242279,0.749826401204568,11.0,323,0.258819045102521,-0.9659258262890682,-0.661634618242279,0.749826401204568,1141.75,max_ac,474.75,0.4158090650317495,0.4158090650317495,0.39877012593244743,455.29579128337184,19.45420871662816,leave_one_system_out
34,2010-11-19 12:00:00,674.0,573.65725,67.67925,1.2246467991473532e-16,-1.0,-0.661634618242279,0.749826401204568,12.0,323,1.2246467991473532e-16,-1.0,-0.661634618242279,0.749826401204568,1141.75,max_ac,674.0,0.5903218743157433,0.5903218743157433,0.22777643868408792,260.06374886755736,413.93625113244264,leave_one_system_out
34,2010-11-19 13:00:00,603.0,598.5352499999999,68.56275,-0.2588190451025208,-0.9659258262890684,-0.661634618242279,0.749826401204568,13.0,323,-0.2588190451025208,-0.9659258262890683,-0.661634618242279,0.749826401204568,1141.75,max_ac,603.0,0.5281366323626012,0.5281366323626012,0.09902533192854951,113.0621727294214,489.9378272705786,leave_one_system_out
34,2010-11-19 14:00:00,327.25,379.2725,68.907,-0.4999999999999997,-0.8660254037844388,-0.661634618242279,0.749826401204568,14.0,323,-0.4999999999999997,-0.8660254037844388,-0.661634618242279,0.749826401204568,1141.75,max_ac,327.25,0.2866214144952923,0.2866214144952923,0.05659097841875549,64.61274960961408,262.63725039038593,leave_one_system_out
34,2010-11-19 15:00:00,46.0,161.15725,69.4995,-0.7071067811865471,-0.7071067811865479,-0.661634618242279,0.749826401204568,15.0,323,-0.7071067811865471,-0.7071067811865479,-0.661634618242279,0.749826401204568,1141.75,max_ac,46.0,0.04028902999781038,0.04028902999781038,-0.06753610499691759,-77.10934788023066,123.10934788023066,leave_one_system_out
34,2010-11-19 16:00:00,-2.75,24.04775,67.70725,-0.8660254037844385,-0.5000000000000004,-0.661634618242279,0.749826401204568,16.0,323,-0.8660254037844385,-0.5000000000000004,-0.661634618242279,0.749826401204568,1141.75,max_ac,-2.75,-0.00240858331508649,-0.00240858331508649,-0.2530372311675073,-288.90525868550145,286.15525868550145,leave_one_system_out
34,2010-11-19 17:00:00,-2.5,0.1465,64.17625000000001,-0.9659258262890684,-0.2588190451025206,-0.661634618242279,0.749826401204568,17.0,323,-0.9659258262890683,-0.25881904510252063,-0.661634618242279,0.749826401204568,1141.75,max_ac,-2.5,-0.0021896211955331727,-0.0021896211955331727,-0.4492456412418834,-512.9262108879203,510.4262108879203,leave_one_system_out
34,2010-11-19 18:00:00,-2.75,0.17075,62.52825,-1.0,-1.8369701987210287e-16,-0.661634618242279,0.749826401204568,18.0,323,-1.0,-1.8369701987210297e-16,-0.661634618242279,0.749826401204568,1141.75,max_ac,-2.75,-0.00240858331508649,-0.00240858331508649,-0.6375363608521977,-727.9071400029967,725.1571400029967,leave_one_system_out
34,2010-11-20 06:00:00,-2.25,4.834,54.375,1.0,6.123233995736766e-17,-0.6486295610349818,0.7611042586607742,6.0,324,1.0,6.123233995736766e-17,-0.6486295610349818,0.7611042586607742,1141.75,max_ac,-2.25,-0.0019706590759798557,-0.0019706590759798557,-0.1175921661031245,-134.2608556482424,132.0108556482424,leave_one_system_out
34,2010-11-20 07:00:00,-2.5,73.99925,54.34975,0.9659258262890684,-0.2588190451025206,-0.6486295610349818,0.7611042586607742,7.0,324,0.9659258262890683,-0.25881904510252063,-0.6486295610349818,0.7611042586607742,1141.75,max_ac,-2.5,-0.0021896211955331727,-0.0021896211955331727,0.10388955707877445,118.61590179469073,-121.11590179469073,leave_one_system_out
34,2010-11-20 08:00:00,-2.0,198.14475,56.4635,0.8660254037844387,-0.4999999999999998,-0.6486295610349818,0.7611042586607742,8.0,324,0.8660254037844387,-0.4999999999999998,-0.6486295610349818,0.7611042586607742,1141.75,max_ac,-2.0,-0.0017516969564265383,-0.0017516969564265383,0.2528008274009721,288.63534468505986,-290.63534468505986,leave_one_system_out
34,2010-11-20 09:00:00,-2.25,296.24025,58.777,0.7071067811865476,-0.7071067811865475,-0.6486295610349818,0.7611042586607742,9.0,324,0.7071067811865476,-0.7071067811865475,-0.6486295610349818,0.7611042586607742,1141.75,max_ac,-2.25,-0.0019706590759798557,-0.0019706590759798557,0.35939666818672633,410.3411459021948,-412.5911459021948,leave_one_system_out
34,2010-11-20 10:00:00,-2.75,224.121,59.5365,0.4999999999999999,-0.8660254037844387,-0.6486295610349818,0.7611042586607742,10.0,324,0.49999999999999994,-0.8660254037844387,-0.6486295610349818,0.7611042586607742,1141.75,max_ac,-2.75,-0.00240858331508649,-0.00240858331508649,0.5079554099291412,579.958089286597,-582.708089286597,leave_one_system_out
34,2010-11-20 11:00:00,-2.25,176.56225,59.45025,0.258819045102521,-0.9659258262890682,-0.6486295610349818,0.7611042586607742,11.0,324,0.258819045102521,-0.9659258262890682,-0.6486295610349818,0.7611042586607742,1141.75,max_ac,-2.25,-0.0019706590759798557,-0.0019706590759798557,0.5617897415452823,641.4234374093261,-643.6734374093261,leave_one_system_out
34,2010-11-20 12:00:00,-2.5,237.7195,60.67825,1.2246467991473532e-16,-1.0,-0.6486295610349818,0.7611042586607742,12.0,324,1.2246467991473532e-16,-1.0,-0.6486295610349818,0.7611042586607742,1141.75,max_ac,-2.5,-0.0021896211955331727,-0.0021896211955331727,0.4763474770414684,543.8697319120965,-546.3697319120965,leave_one_system_out
34,2010-11-20 13:00:00,-3.0,369.1405,62.43475,-0.2588190451025208,-0.9659258262890684,-0.6486295610349818,0.7611042586607742,13.0,324,-0.2588190451025208,-0.9659258262890683,-0.6486295610349818,0.7611042586607742,1141.75,max_ac,-3.0,-0.0026275454346398074,-0.0026275454346398074,0.28968725405785056,330.75042232055085,-333.75042232055085,leave_one_system_out
34,2010-11-20 14:00:00,-2.0,120.3855,61.496,-0.4999999999999997,-0.8660254037844388,-0.6486295610349818,0.7611042586607742,14.0,324,-0.4999999999999997,-0.8660254037844388,-0.6486295610349818,0.7611042586607742,1141.75,max_ac,-2.0,-0.0017516969564265383,-0.0017516969564265383,0.22781115847551323,260.1033901894172,-262.1033901894172,leave_one_system_out
34,2010-11-20 15:00:00,-2.5,41.21075,57.78975,-0.7071067811865471,-0.7071067811865479,-0.6486295610349818,0.7611042586607742,15.0,324,-0.7071067811865471,-0.7071067811865479,-0.6486295610349818,0.7611042586607742,1141.75,max_ac,-2.5,-0.0021896211955331727,-0.0021896211955331727,0.05495154415014253,62.740925533425234,-65.24092553342524,leave_one_system_out
34,2010-11-20 16:00:00,-2.5,14.624,55.623000000000005,-0.8660254037844385,-0.5000000000000004,-0.6486295610349818,0.7611042586607742,16.0,324,-0.8660254037844385,-0.5000000000000004,-0.6486295610349818,0.7611042586607742,1141.75,max_ac,-2.5,-0.0021896211955331727,-0.0021896211955331727,-0.13779259963672463,-157.32470063523036,154.82470063523036,leave_one_system_out
34,2010-11-20 17:00:00,-2.25,0.244,54.77275,-0.9659258262890684,-0.2588190451025206,-0.6486295610349818,0.7611042586607742,17.0,324,-0.9659258262890683,-0.25881904510252063,-0.6486295610349818,0.7611042586607742,1141.75,max_ac,-2.25,-0.0019706590759798557,-0.0019706590759798557,-0.32381199537765004,-369.71234572243196,367.46234572243196,leave_one_system_out
34,2010-11-20 18:00:00,-2.0,0.12225,54.07625,-1.0,-1.8369701987210287e-16,-0.6486295610349818,0.7611042586607742,18.0,324,-1.0,-1.8369701987210297e-16,-0.6486295610349818,0.7611042586607742,1141.75,max_ac,-2.0,-0.0017516969564265383,-0.0017516969564265383,-0.48525832082641185,-554.0436878035557,552.0436878035557,leave_one_system_out
34,2010-11-21 06:00:00,-2.75,3.90625,47.189,1.0,6.123233995736766e-17,-0.6354323008901775,0.7721565844991641,6.0,325,1.0,6.123233995736766e-17,-0.6354323008901775,0.7721565844991641,1141.75,max_ac,-2.75,-0.00240858331508649,-0.00240858331508649,-0.06322794601416487,-72.19050736167274,69.44050736167274,leave_one_system_out
34,2010-11-21 07:00:00,-2.5,194.043,47.90275,0.9659258262890684,-0.2588190451025206,-0.6354323008901775,0.7721565844991641,7.0,325,0.9659258262890683,-0.25881904510252063,-0.6354323008901775,0.7721565844991641,1141.75,max_ac,-2.5,-0.0021896211955331727,-0.0021896211955331727,0.1008391213932261,115.13306685071589,-117.63306685071589,leave_one_system_out
34,2010-11-21 08:00:00,-2.25,494.45775,50.43375,0.8660254037844387,-0.4999999999999998,-0.6354323008901775,0.7721565844991641,8.0,325,0.8660254037844387,-0.4999999999999998,-0.6354323008901775,0.7721565844991641,1141.75,max_ac,-2.25,-0.0019706590759798557,-0.0019706590759798557,0.1668279897642207,190.47585731329897,-192.72585731329897,leave_one_system_out
34,2010-11-21 09:00:00,-2.5,194.72675,50.3275,0.7071067811865476,-0.7071067811865475,-0.6354323008901775,0.7721565844991641,9.0,325,0.7071067811865476,-0.7071067811865475,-0.6354323008901775,0.7721565844991641,1141.75,max_ac,-2.5,-0.0021896211955331727,-0.0021896211955331727,0.43152567833222033,492.69444323581257,-495.19444323581257,leave_one_system_out
34,2010-11-21 10:00:00,-2.5,225.8545,50.29475,0.4999999999999999,-0.8660254037844387,-0.6354323008901775,0.7721565844991641,10.0,325,0.49999999999999994,-0.8660254037844387,-0.6354323008901775,0.7721565844991641,1141.75,max_ac,-2.5,-0.0021896211955331727,-0.0021896211955331727,0.5085146916139126,580.5966491501847,-583.0966491501847,leave_one_system_out
34,2010-11-21 11:00:00,-2.0,761.2552499999999,50.22875,0.258819045102521,-0.9659258262890682,-0.6354323008901775,0.7721565844991641,11.0,325,0.258819045102521,-0.9659258262890682,-0.6354323008901775,0.7721565844991641,1141.75,max_ac,-2.0,-0.0017516969564265383,-0.0017516969564265383,0.35727764132157797,407.92174697891164,-409.92174697891164,leave_one_system_out
34,2010-11-21 12:00:00,-2.5,904.39425,52.287,1.2246467991473532e-16,-1.0,-0.6354323008901775,0.7721565844991641,12.0,325,1.2246467991473532e-16,-1.0,-0.6354323008901775,0.7721565844991641,1141.75,max_ac,-2.5,-0.0021896211955331727,-0.0021896211955331727,0.2782816525924761,317.7280768474596,-320.2280768474596,leave_one_system_out
34,2010-11-21 13:00:00,-2.75,727.39275,54.23825,-0.2588190451025208,-0.9659258262890684,-0.6354323008901775,0.7721565844991641,13.0,325,-0.2588190451025208,-0.9659258262890683,-0.6354323008901775,0.7721565844991641,1141.75,max_ac,-2.75,-0.00240858331508649,-0.00240858331508649,0.2436330928420689,278.16808375243215,-280.91808375243215,leave_one_system_out
34,2010-11-21 14:00:00,-2.25,568.55475,53.9245,-0.4999999999999997,-0.8660254037844388,-0.6354323008901775,0.7721565844991641,14.0,325,-0.4999999999999997,-0.8660254037844388,-0.6354323008901775,0.7721565844991641,1141.75,max_ac,-2.25,-0.0019706590759798557,-0.0019706590759798557,0.1750968793050397,199.91686194652908,-202.16686194652908,leave_one_system_out
34,2010-11-21 15:00:00,-2.0,347.65625,52.51225,-0.7071067811865471,-0.7071067811865479,-0.6354323008901775,0.7721565844991641,15.0,325,-0.7071067811865471,-0.7071067811865479,-0.6354323008901775,0.7721565844991641,1141.75,max_ac,-2.0,-0.0017516969564265383,-0.0017516969564265383,0.06901928921587552,78.80277346222587,-80.80277346222587,leave_one_system_out
34,2010-11-21 16:00:00,-2.5,21.67975,50.29225,-0.8660254037844385,-0.5000000000000004,-0.6354323008901775,0.7721565844991641,16.0,325,-0.8660254037844385,-0.5000000000000004,-0.6354323008901775,0.7721565844991641,1141.75,max_ac,-2.5,-0.0021896211955331727,-0.0021896211955331727,-0.09837755058610459,-112.32256838168492,109.82256838168492,leave_one_system_out
34,2010-11-21 17:00:00,-2.5,0.0245,48.3355,-0.9659258262890684,-0.2588190451025206,-0.6354323008901775,0.7721565844991641,17.0,325,-0.9659258262890683,-0.25881904510252063,-0.6354323008901775,0.7721565844991641,1141.75,max_ac,-2.5,-0.0021896211955331727,-0.0021896211955331727,-0.25008844299606925,-285.53847979076204,283.03847979076204,leave_one_system_out
34,2010-11-21 18:00:00,-2.25,0.0,47.29775,-1.0,-1.8369701987210287e-16,-0.6354323008901775,0.7721565844991641,18.0,325,-1.0,-1.8369701987210297e-16,-0.6354323008901775,0.7721565844991641,1141.75,max_ac,-2.25,-0.0019706590759798557,-0.0019706590759798557,-0.3753358965981004,-428.53975994088114,426.28975994088114,leave_one_system_out
34,2010-11-22 06:00:00,-2.25,3.931,34.9985,1.0,6.123233995736766e-17,-0.622046748440868,0.7829801036770624,6.0,326,1.0,6.123233995736766e-17,-0.622046748440868,0.7829801036770624,1141.75,max_ac,-2.25,-0.0019706590759798557,-0.0019706590759798557,0.0015590390340246563,1.7800328170976514,-4.030032817097651,leave_one_system_out
34,2010-11-22 07:00:00,-2.5,136.491,35.10366666666667,0.9659258262890684,-0.2588190451025206,-0.622046748440868,0.7829801036770624,7.0,326,0.9659258262890683,-0.25881904510252063,-0.622046748440868,0.7829801036770624,1141.75,max_ac,-2.5,-0.0021896211955331727,-0.0021896211955331727,0.16895973975892956,192.90978286975783,-195.40978286975783,leave_one_system_out
34,2010-11-22 08:00:00,-2.75,507.93475,39.11175,0.8660254037844387,-0.4999999999999998,-0.622046748440868,0.7829801036770624,8.0,326,0.8660254037844387,-0.4999999999999998,-0.622046748440868,0.7829801036770624,1141.75,max_ac,-2.75,-0.00240858331508649,-0.00240858331508649,0.27689182218660946,316.14123798156135,-318.89123798156135,leave_one_system_out
34,2010-11-22 09:00:00,-2.5,724.121,43.22775,0.7071067811865476,-0.7071067811865475,-0.622046748440868,0.7829801036770624,9.0,326,0.7071067811865476,-0.7071067811865475,-0.622046748440868,0.7829801036770624,1141.75,max_ac,-2.5,-0.0021896211955331727,-0.0021896211955331727,0.3192145656457506,364.4632303260358,-366.9632303260358,leave_one_system_out
34,2010-11-22 10:00:00,-2.5,867.3829999999999,46.579,0.4999999999999999,-0.8660254037844387,-0.622046748440868,0.7829801036770624,10.0,326,0.49999999999999994,-0.8660254037844387,-0.622046748440868,0.7829801036770624,1141.75,max_ac,-2.5,-0.0021896211955331727,-0.0021896211955331727,0.3278512408614318,374.32415425353975,-376.82415425353975,leave_one_system_out
34,2010-11-22 11:00:00,-2.5,924.414,50.07975,0.258819045102521,-0.9659258262890682,-0.622046748440868,0.7829801036770624,11.0,326,0.258819045102521,-0.9659258262890682,-0.622046748440868,0.7829801036770624,1141.75,max_ac,-2.5,-0.0021896211955331727,-0.0021896211955331727,0.305111303799983,348.36083111363064,-350.86083111363064,leave_one_system_out
34,2010-11-22 12:00:00,-2.75,891.40625,53.0565,1.2246467991473532e-16,-1.0,-0.622046748440868,0.7829801036770624,12.0,326,1.2246467991473532e-16,-1.0,-0.622046748440868,0.7829801036770624,1141.75,max_ac,-2.75,-0.00240858331508649,-0.00240858331508649,0.2665128979472936,304.29110123132244,-307.04110123132244,leave_one_system_out
34,2010-11-22 13:00:00,-2.5,777.14825,55.18525,-0.2588190451025208,-0.9659258262890684,-0.622046748440868,0.7829801036770624,13.0,326,-0.2588190451025208,-0.9659258262890683,-0.622046748440868,0.7829801036770624,1141.75,max_ac,-2.5,-0.0021896211955331727,-0.0021896211955331727,0.21264921908256104,242.79224588751407,-245.29224588751407,leave_one_system_out
34,2010-11-22 14:00:00,-2.75,583.789,55.72175,-0.4999999999999997,-0.8660254037844388,-0.622046748440868,0.7829801036770624,14.0,326,-0.4999999999999997,-0.8660254037844388,-0.622046748440868,0.7829801036770624,1141.75,max_ac,-2.75,-0.00240858331508649,-0.00240858331508649,0.14543977066917935,166.05585816153553,-168.80585816153553,leave_one_system_out
34,2010-11-22 15:00:00,-2.5,338.33,54.527,-0.7071067811865471,-0.7071067811865479,-0.622046748440868,0.7829801036770624,15.0,326,-0.7071067811865471,-0.7071067811865479,-0.622046748440868,0.7829801036770624,1141.75,max_ac,-2.5,-0.0021896211955331727,-0.0021896211955331727,0.045005278874138854,51.38477715454804,-53.88477715454804,leave_one_system_out
34,2010-11-22 16:00:00,-2.75,18.335,51.649,-0.8660254037844385,-0.5000000000000004,-0.622046748440868,0.7829801036770624,16.0,326,-0.8660254037844385,-0.5000000000000004,-0.622046748440868,0.7829801036770624,1141.75,max_ac,-2.75,-0.00240858331508649,-0.00240858331508649,-0.10902915941963198,-124.48404276736481,121.73404276736481,leave_one_system_out
34,2010-11-22 17:00:00,-2.5,0.0245,48.956,-0.9659258262890684,-0.2588190451025206,-0.622046748440868,0.7829801036770624,17.0,326,-0.9659258262890683,-0.25881904510252063,-0.622046748440868,0.7829801036770624,1141.75,max_ac,-2.5,-0.0021896211955331727,-0.0021896211955331727,-0.25787111355275194,-294.42434389885454,291.92434389885454,leave_one_system_out
34,2010-11-22 18:00:00,-2.25,0.0,47.2395,-1.0,-1.8369701987210287e-16,-0.622046748440868,0.7829801036770624,18.0,326,-1.0,-1.8369701987210297e-16,-0.622046748440868,0.7829801036770624,1141.75,max_ac,-2.25,-0.0019706590759798557,-0.0019706590759798557,-0.3758225198489852,-429.0953620375788,426.8453620375788,leave_one_system_out
34,2010-11-23 06:00:00,-2.25,4.1015,38.71675,1.0,6.123233995736766e-17,-0.6084768701151264,0.7935716089521472,6.0,327,1.0,6.123233995736766e-17,-0.6084768701151264,0.7935716089521472,1141.75,max_ac,-2.25,-0.0019706590759798557,-0.0019706590759798557,-0.01501631413490806,-17.144876663531278,14.894876663531278,leave_one_system_out
34,2010-11-23 07:00:00,-2.25,142.139,38.585,0.9659258262890684,-0.2588190451025206,-0.6084768701151264,0.7935716089521472,7.0,327,0.9659258262890683,-0.25881904510252063,-0.6084768701151264,0.7935716089521472,1141.75,max_ac,-2.25,-0.0019706590759798557,-0.0019706590759798557,0.15774114256801056,180.10094952702605,-182.35094952702605,leave_one_system_out
34,2010-11-23 08:00:00,-2.5,431.665,41.1115,0.8660254037844387,-0.4999999999999998,-0.6084768701151264,0.7935716089521472,8.0,327,0.8660254037844387,-0.4999999999999998,-0.6084768701151264,0.7935716089521472,1141.75,max_ac,-2.5,-0.0021896211955331727,-0.0021896211955331727,0.26791516442922403,305.8921389870665,-308.3921389870665,leave_one_system_out
34,2010-11-23 09:00:00,-2.0,671.06925,45.2145,0.7071067811865476,-0.7071067811865475,-0.6084768701151264,0.7935716089521472,9.0,327,0.7071067811865476,-0.7071067811865475,-0.6084768701151264,0.7935716089521472,1141.75,max_ac,-2.0,-0.0017516969564265383,-0.0017516969564265383,0.3056786938710264,349.0086487272444,-351.0086487272444,leave_one_system_out
34,2010-11-23 10:00:00,-2.5,846.77725,49.986,0.4999999999999999,-0.8660254037844387,-0.6084768701151264,0.7935716089521472,10.0,327,0.49999999999999994,-0.8660254037844387,-0.6084768701151264,0.7935716089521472,1141.75,max_ac,-2.5,-0.0021896211955331727,-0.0021896211955331727,0.2808976159951305,320.7148530624403,-323.2148530624403,leave_one_system_out
34,2010-11-23 11:00:00,221.25,907.666,53.0565,0.258819045102521,-0.9659258262890682,-0.6084768701151264,0.7935716089521472,11.0,327,0.258819045102521,-0.9659258262890682,-0.6084768701151264,0.7935716089521472,1141.75,max_ac,221.25,0.1937814758046858,0.1937814758046858,0.2592845018174762,296.03807995010345,-74.78807995010345,leave_one_system_out
34,2010-11-23 12:00:00,862.25,874.56075,54.689,1.2246467991473532e-16,-1.0,-0.6084768701151264,0.7935716089521472,12.0,327,1.2246467991473532e-16,-1.0,-0.6084768701151264,0.7935716089521472,1141.75,max_ac,862.25,0.7552003503393913,0.7552003503393913,0.24224951840220652,276.5883876357193,585.6616123642807,leave_one_system_out
34,2010-11-23 13:00:00,737.25,763.6475,56.32425,-0.2588190451025208,-0.9659258262890684,-0.6084768701151264,0.7935716089521472,13.0,327,-0.2588190451025208,-0.9659258262890683,-0.6084768701151264,0.7935716089521472,1141.75,max_ac,737.25,0.6457192905627327,0.6457192905627327,0.1958474863662398,223.60886755865428,513.6411324413457,leave_one_system_out
34,2010-11-23 14:00:00,520.25,572.4365,55.7345,-0.4999999999999997,-0.8660254037844388,-0.6084768701151264,0.7935716089521472,14.0,327,-0.4999999999999997,-0.8660254037844388,-0.6084768701151264,0.7935716089521472,1141.75,max_ac,520.25,0.45566017079045323,0.45566017079045323,0.14536095669188148,165.9658723029557,354.2841276970443,leave_one_system_out
34,2010-11-23 15:00:00,83.25,327.95425,54.9395,-0.7071067811865471,-0.7071067811865479,-0.6084768701151264,0.7935716089521472,15.0,327,-0.7071067811865471,-0.7071067811865479,-0.6084768701151264,0.7935716089521472,1141.75,max_ac,83.25,0.07291438581125466,0.07291438581125466,0.03949938226179911,45.098419697409135,38.151580302590865,leave_one_system_out
34,2010-11-23 16:00:00,-2.25,15.9915,53.9425,-0.8660254037844385,-0.5000000000000004,-0.6084768701151264,0.7935716089521472,16.0,327,-0.8660254037844385,-0.5000000000000004,-0.6084768701151264,0.7935716089521472,1141.75,max_ac,-2.25,-0.0019706590759798557,-0.0019706590759798557,-0.12705512847837663,-145.06519294018653,142.81519294018653,leave_one_system_out
34,2010-11-23 17:00:00,-2.25,0.2684999999999999,52.68425,-0.9659258262890684,-0.2588190451025206,-0.6084768701151264,0.7935716089521472,17.0,327,-0.9659258262890683,-0.25881904510252063,-0.6084768701151264,0.7935716089521472,1141.75,max_ac,-2.25,-0.0019706590759798557,-0.0019706590759798557,-0.3019192069476694,-344.7162545325015,342.4662545325015,leave_one_system_out
34,2010-11-23 18:00:00,-2.5,0.049,51.45175,-1.0,-1.8369701987210287e-16,-0.6084768701151264,0.7935716089521472,18.0,327,-1.0,-1.8369701987210297e-16,-0.6084768701151264,0.7935716089521472,1141.75,max_ac,-2.5,-0.0021896211955331727,-0.0021896211955331727,-0.4455941988277409,-508.75717651157316,506.25717651157316,leave_one_system_out
34,2010-11-24 06:00:00,-2.75,3.418,45.2045,1.0,6.123233995736766e-17,-0.594726686960764,0.8039279618328208,6.0,328,1.0,6.123233995736766e-17,-0.594726686960764,0.8039279618328208,1141.75,max_ac,-2.75,-0.00240858331508649,-0.00240858331508649,-0.052106355535459004,-59.49243143261032,56.74243143261032,leave_one_system_out
34,2010-11-24 07:00:00,-2.5,41.01575,45.13375,0.9659258262890684,-0.2588190451025206,-0.594726686960764,0.8039279618328208,7.0,328,0.9659258262890683,-0.25881904510252063,-0.594726686960764,0.8039279618328208,1141.75,max_ac,-2.5,-0.0021896211955331727,-0.0021896211955331727,0.1501364285658924,171.41826731510764,-173.91826731510764,leave_one_system_out
34,2010-11-24 08:00:00,-2.25,175.9035,45.9155,0.8660254037844387,-0.4999999999999998,-0.594726686960764,0.8039279618328208,8.0,328,0.8660254037844387,-0.4999999999999998,-0.594726686960764,0.8039279618328208,1141.75,max_ac,-2.25,-0.0019706590759798557,-0.0019706590759798557,0.2973794877809234,339.5330301738693,-341.7830301738693,leave_one_system_out
34,2010-11-24 09:00:00,-2.5,200.586,46.718,0.7071067811865476,-0.7071067811865475,-0.594726686960764,0.8039279618328208,9.0,328,0.7071067811865476,-0.7071067811865475,-0.594726686960764,0.8039279618328208,1141.75,max_ac,-2.5,-0.0021896211955331727,-0.0021896211955331727,0.4288547866052156,489.6449526065049,-492.1449526065049,leave_one_system_out
34,2010-11-24 10:00:00,-2.5,169.79975000000002,47.42175,0.4999999999999999,-0.8660254037844387,-0.594726686960764,0.8039279618328208,10.0,328,0.49999999999999994,-0.8660254037844387,-0.594726686960764,0.8039279618328208,1141.75,max_ac,-2.5,-0.0021896211955331727,-0.0021896211955331727,0.5216270904804371,595.567730556039,-598.067730556039,leave_one_system_out
34,2010-11-24 11:00:00,-2.75,254.90725,47.69,0.258819045102521,-0.9659258262890682,-0.594726686960764,0.8039279618328208,11.0,328,0.258819045102521,-0.9659258262890682,-0.594726686960764,0.8039279618328208,1141.75,max_ac,-2.75,-0.00240858331508649,-0.00240858331508649,0.5153051428208733,588.3496468157321,-591.0996468157321,leave_one_system_out
34,2010-11-24 12:00:00,-2.5,512.9392499999999,48.63925,1.2246467991473532e-16,-1.0,-0.594726686960764,0.8039279618328208,12.0,328,1.2246467991473532e-16,-1.0,-0.594726686960764,0.8039279618328208,1141.75,max_ac,-2.5,-0.0021896211955331727,-0.0021896211955331727,0.4155550785798377,474.4600109685297,-476.9600109685297,leave_one_system_out
34,2010-11-24 13:00:00,-2.25,825.3662499999999,50.93775,-0.2588190451025208,-0.9659258262890684,-0.594726686960764,0.8039279618328208,13.0,328,-0.2588190451025208,-0.9659258262890683,-0.594726686960764,0.8039279618328208,1141.75,max_ac,-2.25,-0.0019706590759798557,-0.0019706590759798557,0.2638915905212328,301.2982234776175,-303.5482234776175,leave_one_system_out
34,2010-11-24 14:00:00,100.75,439.4775,49.252,-0.4999999999999997,-0.8660254037844388,-0.594726686960764,0.8039279618328208,14.0,328,-0.4999999999999997,-0.8660254037844388,-0.594726686960764,0.8039279618328208,1141.75,max_ac,100.75,0.08824173417998686,0.08824173417998686,0.2351732502334055,268.5090584539907,-167.7590584539907,leave_one_system_out
34,2010-11-24 15:00:00,199.25,327.61225,47.6975,-0.7071067811865471,-0.7071067811865479,-0.594726686960764,0.8039279618328208,15.0,328,-0.7071067811865471,-0.7071067811865479,-0.594726686960764,0.8039279618328208,1141.75,max_ac,199.25,0.17451280928399387,0.17451280928399387,0.11398755835405006,130.14529475073664,69.10470524926336,leave_one_system_out
34,2010-11-24 16:00:00,2.25,12.2805,44.26025,-0.8660254037844385,-0.5000000000000004,-0.594726686960764,0.8039279618328208,16.0,328,-0.8660254037844385,-0.5000000000000004,-0.594726686960764,0.8039279618328208,1141.75,max_ac,2.25,0.0019706590759798557,0.0019706590759798557,-0.0649485564080261,-74.1550142788638,76.4050142788638,leave_one_system_out
34,2010-11-24 17:00:00,-2.5,0.0,41.15175,-0.9659258262890684,-0.2588190451025206,-0.594726686960764,0.8039279618328208,17.0,328,-0.9659258262890683,-0.25881904510252063,-0.594726686960764,0.8039279618328208,1141.75,max_ac,-2.5,-0.0021896211955331727,-0.0021896211955331727,-0.18016927287936302,-205.70826731001273,203.20826731001273,leave_one_system_out
34,2010-11-24 18:00:00,-2.5,0.0,38.69125,-1.0,-1.8369701987210287e-16,-0.594726686960764,0.8039279618328208,18.0,328,-1.0,-1.8369701987210297e-16,-0.594726686960764,0.8039279618328208,1141.75,max_ac,-2.5,-0.0021896211955331727,-0.0021896211955331727,-0.2526453384559988,-288.45781518213664,285.95781518213664,leave_one_system_out
34,2010-11-25 06:00:00,2.25,3.17375,29.44475,1.0,6.123233995736766e-17,-0.5808002734538013,0.8140460935082175,6.0,329,1.0,6.123233995736766e-17,-0.5808002734538013,0.8140460935082175,1141.75,max_ac,2.25,0.0019706590759798557,0.0019706590759798557,0.0193698580551131,22.11553543442538,-19.86553543442538,leave_one_system_out
34,2010-11-25 07:00:00,152.25,175.6105,30.49025,0.9659258262890684,-0.2588190451025206,-0.5808002734538013,0.8140460935082175,7.0,329,0.9659258262890683,-0.25881904510252063,-0.5808002734538013,0.8140460935082175,1141.75,max_ac,152.25,0.13334793080797022,0.13334793080797022,0.18410582243257778,210.20282276239567,-57.95282276239567,leave_one_system_out
34,2010-11-25 08:00:00,497.0,506.56725,33.29,0.8660254037844387,-0.4999999999999998,-0.5808002734538013,0.8140460935082175,8.0,329,0.8660254037844387,-0.4999999999999998,-0.5808002734538013,0.8140460935082175,1141.75,max_ac,497.0,0.43529669367199475,0.43529669367199475,0.3211997905249474,366.7298608318587,130.27013916814133,leave_one_system_out
34,2010-11-25 09:00:00,748.5,731.1525,36.24375,0.7071067811865476,-0.7071067811865475,-0.5808002734538013,0.8140460935082175,9.0,329,0.7071067811865476,-0.7071067811865475,-0.5808002734538013,0.8140460935082175,1141.75,max_ac,748.5,0.6555725859426319,0.6555725859426319,0.39330912133647017,449.0606892859148,299.4393107140852,leave_one_system_out
34,2010-11-25 10:00:00,875.25,878.9304999999999,39.28625,0.4999999999999999,-0.8660254037844387,-0.5808002734538013,0.8140460935082175,10.0,329,0.49999999999999994,-0.8660254037844387,-0.5808002734538013,0.8140460935082175,1141.75,max_ac,875.25,0.7665863805561638,0.7665863805561638,0.4204948177101226,480.09995812053245,395.15004187946755,leave_one_system_out
34,2010-11-25 11:00:00,907.75,940.381,42.0045,0.258819045102521,-0.9659258262890682,-0.5808002734538013,0.8140460935082175,11.0,329,0.258819045102521,-0.9659258262890682,-0.5808002734538013,0.8140460935082175,1141.75,max_ac,907.75,0.795051456098095,0.795051456098095,0.4183819180008728,477.68755487749655,430.06244512250345,leave_one_system_out
34,2010-11-25 12:00:00,863.5,911.23075,44.42475,1.2246467991473532e-16,-1.0,-0.5808002734538013,0.8140460935082175,12.0,329,1.2246467991473532e-16,-1.0,-0.5808002734538013,0.8140460935082175,1141.75,max_ac,863.5,0.7562951609371579,0.7562951609371579,0.3906598920150973,446.03593170823734,417.46406829176266,leave_one_system_out
34,2010-11-25 13:00:00,738.0,796.0939999999999,45.665,-0.2588190451025208,-0.9659258262890684,-0.5808002734538013,0.8140460935082175,13.0,329,-0.2588190451025208,-0.9659258262890683,-0.5808002734538013,0.8140460935082175,1141.75,max_ac,738.0,0.6463761769213926,0.6463761769213926,0.34560783999715183,394.5977513167481,343.4022486832519,leave_one_system_out
34,2010-11-25 14:00:00,536.0,600.3905,45.66525,-0.4999999999999997,-0.8660254037844388,-0.5808002734538013,0.8140460935082175,14.0,329,-0.4999999999999997,-0.8660254037844388,-0.5808002734538013,0.8140460935082175,1141.75,max_ac,536.0,0.46945478432231225,0.46945478432231225,0.2702328013027058,308.53830088736436,227.46169911263564,leave_one_system_out
34,2010-11-25 15:00:00,204.25,345.50775,44.70325,-0.7071067811865471,-0.7071067811865479,-0.5808002734538013,0.8140460935082175,15.0,329,-0.7071067811865471,-0.7071067811865479,-0.5808002734538013,0.8140460935082175,1141.75,max_ac,204.25,0.17889205167506023,0.17889205167506023,0.14350908331463547,163.85149587448504,40.39850412551496,leave_one_system_out
34,2010-11-25 16:00:00,5.0,10.3025,41.89625,-0.8660254037844385,-0.5000000000000004,-0.5808002734538013,0.8140460935082175,16.0,329,-0.8660254037844385,-0.5000000000000004,-0.5808002734538013,0.8140460935082175,1141.75,max_ac,5.0,0.004379242391066345,0.004379242391066345,-0.05393943257265277,-61.5853471398263,66.5853471398263,leave_one_system_out
34,2010-11-25 17:00:00,-3.0,0.0,36.7045,-0.9659258262890684,-0.2588190451025206,-0.5808002734538013,0.8140460935082175,17.0,329,-0.9659258262890683,-0.25881904510252063,-0.5808002734538013,0.8140460935082175,1141.75,max_ac,-3.0,-0.0026275454346398074,-0.0026275454346398074,-0.14180212212382037,-161.9025729348719,158.9025729348719,leave_one_system_out
34,2010-11-25 18:00:00,-2.5,0.0245,33.57325,-1.0,-1.8369701987210287e-16,-0.5808002734538013,0.8140460935082175,18.0,329,-1.0,-1.8369701987210297e-16,-0.5808002734538013,0.8140460935082175,1141.75,max_ac,-2.5,-0.0021896211955331727,-0.0021896211955331727,-0.18645926308513538,-212.88986362745334,210.38986362745334,leave_one_system_out
34,2010-11-26 06:00:00,2.0,2.63675,22.6865,1.0,6.123233995736766e-17,-0.5667017562911184,0.8239230057575536,6.0,330,1.0,6.123233995736766e-17,-0.5667017562911184,0.8239230057575536,1141.75,max_ac,2.0,0.0017516969564265383,0.0017516969564265383,0.032009218848042864,36.54652561975294,-34.54652561975294,leave_one_system_out
34,2010-11-26 07:00:00,135.0,162.4515,24.14175,0.9659258262890684,-0.2588190451025206,-0.5667017562911184,0.8239230057575536,7.0,330,0.9659258262890683,-0.25881904510252063,-0.5667017562911184,0.8239230057575536,1141.75,max_ac,135.0,0.11823954455879133,0.11823954455879133,0.19176599351558843,218.9488230964231,-83.9488230964231,leave_one_system_out
34,2010-11-26 08:00:00,472.25,489.2335,30.5335,0.8660254037844387,-0.4999999999999998,-0.5667017562911184,0.8239230057575536,8.0,330,0.8660254037844387,-0.4999999999999998,-0.5667017562911184,0.8239230057575536,1141.75,max_ac,472.25,0.41361944383621635,0.41361944383621635,0.3382656978338848,386.214860501838,86.03513949816198,leave_one_system_out
34,2010-11-26 09:00:00,704.0,710.76625,35.58325,0.7071067811865476,-0.7071067811865475,-0.5667017562911184,0.8239230057575536,9.0,330,0.7071067811865476,-0.7071067811865475,-0.5667017562911184,0.8239230057575536,1141.75,max_ac,704.0,0.6165973286621415,0.6165973286621415,0.39900234321381095,455.56092536436864,248.43907463563136,leave_one_system_out
34,2010-11-26 10:00:00,825.5,854.51675,39.623,0.4999999999999999,-0.8660254037844387,-0.5667017562911184,0.8239230057575536,10.0,330,0.49999999999999994,-0.8660254037844387,-0.5667017562911184,0.8239230057575536,1141.75,max_ac,825.5,0.7230129187650537,0.7230129187650537,0.4161248579557206,475.11055657094397,350.38944342905603,leave_one_system_out
34,2010-11-26 11:00:00,864.25,915.60075,42.9285,0.258819045102521,-0.9659258262890682,-0.5667017562911184,0.8239230057575536,11.0,330,0.258819045102521,-0.9659258262890682,-0.5667017562911184,0.8239230057575536,1141.75,max_ac,864.25,0.7569520472958178,0.7569520472958178,0.4055009021592066,462.98065504027414,401.26934495972586,leave_one_system_out
34,2010-11-26 12:00:00,827.75,888.98925,46.174,1.2246467991473532e-16,-1.0,-0.5667017562911184,0.8239230057575536,12.0,330,1.2246467991473532e-16,-1.0,-0.5667017562911184,0.8239230057575536,1141.75,max_ac,827.75,0.7249835778410335,0.7249835778410335,0.36460838925382566,416.2916284305554,411.4583715694446,leave_one_system_out
34,2010-11-26 13:00:00,712.25,779.51675,48.5305,-0.2588190451025208,-0.9659258262890684,-0.5667017562911184,0.8239230057575536,13.0,330,-0.2588190451025208,-0.9659258262890683,-0.5667017562911184,0.8239230057575536,1141.75,max_ac,712.25,0.6238230786074009,0.6238230786074009,0.3033157159095109,346.31071863968407,365.93928136031593,leave_one_system_out
34,2010-11-26 14:00:00,511.0,591.4549999999999,49.08225,-0.4999999999999997,-0.8660254037844388,-0.5667017562911184,0.8239230057575536,14.0,330,-0.4999999999999997,-0.8660254037844388,-0.5667017562911184,0.8239230057575536,1141.75,max_ac,511.0,0.4475585723669805,0.4475585723669805,0.2253231184501529,257.2626704904621,253.73732950953791,leave_one_system_out
34,2010-11-26 15:00:00,194.25,336.79200000000003,47.865,-0.7071067811865471,-0.7071067811865479,-0.5667017562911184,0.8239230057575536,15.0,330,-0.7071067811865471,-0.7071067811865479,-0.5667017562911184,0.8239230057575536,1141.75,max_ac,194.25,0.17013356689292752,0.17013356689292752,0.11041397075630033,126.0651511110059,68.1848488889941,leave_one_system_out
34,2010-11-26 16:00:00,4.5,9.86325,44.68825,-0.8660254037844385,-0.5000000000000004,-0.5667017562911184,0.8239230057575536,16.0,330,-0.8660254037844385,-0.5000000000000004,-0.5667017562911184,0.8239230057575536,1141.75,max_ac,4.5,0.003941318151959711,0.003941318151959711,-0.06870666186638907,-78.44583118594973,82.94583118594973,leave_one_system_out
34,2010-11-26 17:00:00,-2.5,0.0,39.84825,-0.9659258262890684,-0.2588190451025206,-0.5667017562911184,0.8239230057575536,17.0,330,-0.9659258262890683,-0.25881904510252063,-0.5667017562911184,0.8239230057575536,1141.75,max_ac,-2.5,-0.0021896211955331727,-0.0021896211955331727,-0.1695604851596122,-193.59568393098724,191.09568393098724,leave_one_system_out
34,2010-11-26 18:00:00,-2.5,0.0,36.335,-1.0,-1.8369701987210287e-16,-0.5667017562911184,0.8239230057575536,18.0,330,-1.0,-1.8369701987210297e-16,-0.5667017562911184,0.8239230057575536,1141.75,max_ac,-2.5,-0.0021896211955331727,-0.0021896211955331727,-0.22297309799151832,-254.57953463181605,252.07953463181605,leave_one_system_out
34,2010-11-27 06:00:00,5.25,5.591,25.17725,1.0,6.123233995736766e-17,-0.5524353131676203,0.8335557718385695,6.0,331,1.0,6.123233995736766e-17,-0.5524353131676203,0.8335557718385695,1141.75,max_ac,5.25,0.004598204510619663,0.004598204510619663,0.02969636172782847,33.905821002748155,-28.655821002748155,leave_one_system_out
34,2010-11-27 07:00:00,196.75,195.0685,26.8325,0.9659258262890684,-0.2588190451025206,-0.5524353131676203,0.8335557718385695,7.0,331,0.9659258262890683,-0.25881904510252063,-0.5524353131676203,0.8335557718385695,1141.75,max_ac,196.75,0.1723231880884607,0.1723231880884607,0.19644286000132344,224.28863540651105,-27.538635406511048,leave_one_system_out
34,2010-11-27 08:00:00,433.5,469.11625,33.99625,0.8660254037844387,-0.4999999999999998,-0.5524353131676203,0.8335557718385695,8.0,331,0.8660254037844387,-0.4999999999999998,-0.5524353131676203,0.8335557718385695,1141.75,max_ac,433.5,0.37968031530545215,0.37968031530545215,0.3122295712102839,356.48811292934164,77.01188707065836,leave_one_system_out
34,2010-11-27 09:00:00,584.25,528.369,38.742,0.7071067811865476,-0.7071067811865475,-0.5524353131676203,0.8335557718385695,9.0,331,0.7071067811865476,-0.7071067811865475,-0.5524353131676203,0.8335557718385695,1141.75,max_ac,584.25,0.5117144733961024,0.5117144733961024,0.383187974237541,437.5048695857124,146.7451304142876,leave_one_system_out
34,2010-11-27 10:00:00,684.0,757.251,43.8755,0.4999999999999999,-0.8660254037844387,-0.5524353131676203,0.8335557718385695,10.0,331,0.49999999999999994,-0.8660254037844387,-0.5524353131676203,0.8335557718385695,1141.75,max_ac,684.0,0.599080359097876,0.599080359097876,0.37813754585928677,431.73854298484065,252.26145701515935,leave_one_system_out
34,2010-11-27 11:00:00,730.25,784.64375,47.18375,0.258819045102521,-0.9659258262890682,-0.5524353131676203,0.8335557718385695,11.0,331,0.258819045102521,-0.9659258262890682,-0.5524353131676203,0.8335557718385695,1141.75,max_ac,730.25,0.6395883512152397,0.6395883512152397,0.37333253705043584,426.2524241773351,303.9975758226649,leave_one_system_out
34,2010-11-27 12:00:00,314.25,298.24225,49.753,1.2246467991473532e-16,-1.0,-0.5524353131676203,0.8335557718385695,12.0,331,1.2246467991473532e-16,-1.0,-0.5524353131676203,0.8335557718385695,1141.75,max_ac,314.25,0.2752353842785198,0.2752353842785198,0.4614782235410533,526.8927617279976,-212.6427617279976,leave_one_system_out
34,2010-11-27 13:00:00,501.5,388.69625,50.7655,-0.2588190451025208,-0.9659258262890684,-0.5524353131676203,0.8335557718385695,13.0,331,-0.2588190451025208,-0.9659258262890683,-0.5524353131676203,0.8335557718385695,1141.75,max_ac,501.5,0.43923801182395444,0.43923801182395444,0.34629796878091035,395.3857058556044,106.11429414439561,leave_one_system_out
34,2010-11-27 14:00:00,358.25,324.51175,51.6615,-0.4999999999999997,-0.8660254037844388,-0.5524353131676203,0.8335557718385695,14.0,331,-0.4999999999999997,-0.8660254037844388,-0.5524353131676203,0.8335557718385695,1141.75,max_ac,358.25,0.31377271731990364,0.31377271731990364,0.22272625329828463,254.29769970331648,103.95230029668352,leave_one_system_out
34,2010-11-27 15:00:00,184.5,321.50875,50.24675,-0.7071067811865471,-0.7071067811865479,-0.5524353131676203,0.8335557718385695,15.0,331,-0.7071067811865471,-0.7071067811865479,-0.5524353131676203,0.8335557718385695,1141.75,max_ac,184.5,0.16159404423034815,0.16159404423034815,0.0842060967680473,96.14231098491801,88.35768901508199,leave_one_system_out
34,2010-11-27 16:00:00,4.25,10.596,47.275,-0.8660254037844385,-0.5000000000000004,-0.5524353131676203,0.8335557718385695,16.0,331,-0.8660254037844385,-0.5000000000000004,-0.5524353131676203,0.8335557718385695,1141.75,max_ac,4.25,0.0037223560324063936,0.0037223560324063936,-0.08402936691121626,-95.94052967088116,100.19052967088116,leave_one_system_out
34,2010-11-27 17:00:00,-2.0,0.0,43.706,-0.9659258262890684,-0.2588190451025206,-0.5524353131676203,0.8335557718385695,17.0,331,-0.9659258262890683,-0.25881904510252063,-0.5524353131676203,0.8335557718385695,1141.75,max_ac,-2.0,-0.0017516969564265383,-0.0017516969564265383,-0.20705160761830876,-236.40117299820403,234.40117299820403,leave_one_system_out
34,2010-11-27 18:00:00,-2.25,0.0,41.0835,-1.0,-1.8369701987210287e-16,-0.5524353131676203,0.8335557718385695,18.0,331,-1.0,-1.8369701987210297e-16,-0.5524353131676203,0.8335557718385695,1141.75,max_ac,-2.25,-0.0019706590759798557,-0.0019706590759798557,-0.289700400677236,-330.7654324732342,328.5154324732342,leave_one_system_out
34,2010-11-28 06:00:00,-0.75,2.22175,41.33925,1.0,6.123233995736766e-17,-0.5380051715382992,0.8429415373547832,6.0,332,1.0,6.123233995736766e-17,-0.5380051715382992,0.8429415373547832,1141.75,max_ac,-0.75,-0.0006568863586599519,-0.0006568863586599519,-0.031066151336119008,-35.46977828801388,34.71977828801388,leave_one_system_out
34,2010-11-28 07:00:00,126.0,148.92575,41.6555,0.9659258262890684,-0.2588190451025206,-0.5380051715382992,0.8429415373547832,7.0,332,0.9659258262890683,-0.25881904510252063,-0.5380051715382992,0.8429415373547832,1141.75,max_ac,126.0,0.1103569082548719,0.1103569082548719,0.14138629777637407,161.4278054861751,-35.42780548617509,leave_one_system_out
34,2010-11-28 08:00:00,456.25,476.48925,43.71325,0.8660254037844387,-0.4999999999999998,-0.5380051715382992,0.8429415373547832,8.0,332,0.8660254037844387,-0.4999999999999998,-0.5380051715382992,0.8429415373547832,1141.75,max_ac,456.25,0.39960586818480404,0.39960586818480404,0.2298755922079669,262.46045740344624,193.78954259655376,leave_one_system_out
34,2010-11-28 09:00:00,743.5,701.48925,45.888000000000005,0.7071067811865476,-0.7071067811865475,-0.5380051715382992,0.8429415373547832,9.0,332,0.7071067811865476,-0.7071067811865475,-0.5380051715382992,0.8429415373547832,1141.75,max_ac,743.5,0.6511933435515656,0.6511933435515656,0.2781761579793132,317.60762837288087,425.89237162711913,leave_one_system_out
34,2010-11-28 10:00:00,658.5,742.40725,47.2345,0.4999999999999999,-0.8660254037844387,-0.5380051715382992,0.8429415373547832,10.0,332,0.49999999999999994,-0.8660254037844387,-0.5380051715382992,0.8429415373547832,1141.75,max_ac,658.5,0.5767462229034377,0.5767462229034377,0.34059932054761183,388.8792742352358,269.6207257647642,leave_one_system_out
34,2010-11-28 11:00:00,972.0,797.339,48.50525,0.258819045102521,-0.9659258262890682,-0.5380051715382992,0.8429415373547832,11.0,332,0.258819045102521,-0.9659258262890682,-0.5380051715382992,0.8429415373547832,1141.75,max_ac,972.0,0.8513247208232976,0.8513247208232976,0.35087136299069055,400.60737869462093,571.3926213053791,leave_one_system_out
34,2010-11-28 12:00:00,621.75,797.65625,50.60625,1.2246467991473532e-16,-1.0,-0.5380051715382992,0.8429415373547832,12.0,332,1.2246467991473532e-16,-1.0,-0.5380051715382992,0.8429415373547832,1141.75,max_ac,621.75,0.5445587913291,0.5445587913291,0.3158306570679619,360.59965270734546,261.15034729265454,leave_one_system_out
34,2010-11-28 13:00:00,760.5,546.77725,50.89725,-0.2588190451025208,-0.9659258262890684,-0.5380051715382992,0.8429415373547832,13.0,332,-0.2588190451025208,-0.9659258262890683,-0.5380051715382992,0.8429415373547832,1141.75,max_ac,760.5,0.6660827676811911,0.6660827676811911,0.31127664015837264,355.400103900822,405.099896099178,leave_one_system_out
34,2010-11-28 14:00:00,602.25,658.54475,52.43375,-0.4999999999999997,-0.8660254037844388,-0.5380051715382992,0.8429415373547832,14.0,332,-0.4999999999999997,-0.8660254037844388,-0.5380051715382992,0.8429415373547832,1141.75,max_ac,602.25,0.5274797460039413,0.5274797460039413,0.16640350196020032,189.99119836305871,412.25880163694126,leave_one_system_out
34,2010-11-28 15:00:00,218.5,356.10375,51.2085,-0.7071067811865471,-0.7071067811865479,-0.5380051715382992,0.8429415373547832,15.0,332,-0.7071067811865471,-0.7071067811865479,-0.5380051715382992,0.8429415373547832,1141.75,max_ac,218.5,0.1913728924895993,0.1913728924895993,0.07234570230522513,82.6007056069908,135.8992943930092,leave_one_system_out
34,2010-11-28 16:00:00,10.75,16.99225,48.17625,-0.8660254037844385,-0.5000000000000004,-0.5380051715382992,0.8429415373547832,16.0,332,-0.8660254037844385,-0.5000000000000004,-0.5380051715382992,0.8429415373547832,1141.75,max_ac,10.75,0.009415371140792644,0.009415371140792644,-0.08916159171334787,-101.80024733871493,112.55024733871493,leave_one_system_out
34,2010-11-28 17:00:00,-2.5,0.0,46.23225,-0.9659258262890684,-0.2588190451025206,-0.5380051715382992,0.8429415373547832,17.0,332,-0.9659258262890683,-0.25881904510252063,-0.5380051715382992,0.8429415373547832,1141.75,max_ac,-2.5,-0.0021896211955331727,-0.0021896211955331727,-0.2340356417783771,-267.2101940004621,264.7101940004621,leave_one_system_out
34,2010-11-28 18:00:00,-2.0,0.0,44.67775,-1.0,-1.8369701987210287e-16,-0.5380051715382992,0.8429415373547832,18.0,332,-1.0,-1.8369701987210297e-16,-0.5380051715382992,0.8429415373547832,1141.75,max_ac,-2.0,-0.0017516969564265383,-0.0017516969564265383,-0.34440756781607573,-393.22734055400446,391.22734055400446,leave_one_system_out
34,2010-11-29 06:00:00,0.0,2.5147500000000003,34.67425,1.0,6.123233995736766e-17,-0.5234156073655503,0.8520775211013093,6.0,333,1.0,6.123233995736766e-17,-0.5234156073655503,0.8520775211013093,1141.75,max_ac,0.0,0.0,0.0,0.0008949873643775974,1.0218518232781217,-1.0218518232781217,leave_one_system_out
34,2010-11-29 07:00:00,125.75,138.501,35.2185,0.9659258262890684,-0.2588190451025206,-0.5234156073655503,0.8520775211013093,7.0,333,0.9659258262890683,-0.25881904510252063,-0.5234156073655503,0.8520775211013093,1141.75,max_ac,125.75,0.11013794613531859,0.11013794613531859,0.16635375948666495,189.9344048938997,-64.18440489389971,leave_one_system_out
34,2010-11-29 08:00:00,459.75,478.003,37.75775,0.8660254037844387,-0.4999999999999998,-0.5234156073655503,0.8520775211013093,8.0,333,0.8660254037844387,-0.4999999999999998,-0.5234156073655503,0.8520775211013093,1141.75,max_ac,459.75,0.40267133785855047,0.40267133785855047,0.2808434599578373,320.6530204068608,139.09697959313922,leave_one_system_out
34,2010-11-29 09:00:00,723.25,700.65925,40.0885,0.7071067811865476,-0.7071067811865475,-0.5234156073655503,0.8520775211013093,9.0,333,0.7071067811865476,-0.7071067811865475,-0.5234156073655503,0.8520775211013093,1141.75,max_ac,723.25,0.6334574118677468,0.6334574118677468,0.34541504214632984,394.3776243705721,328.8723756294279,leave_one_system_out
34,2010-11-29 10:00:00,870.75,847.9002499999999,41.886,0.4999999999999999,-0.8660254037844387,-0.5234156073655503,0.8520775211013093,10.0,333,0.49999999999999994,-0.8660254037844387,-0.5234156073655503,0.8520775211013093,1141.75,max_ac,870.75,0.762645062404204,0.762645062404204,0.38002696296726923,433.89578496787965,436.85421503212035,leave_one_system_out
34,2010-11-29 11:00:00,920.5,909.57025,43.541,0.258819045102521,-0.9659258262890682,-0.5234156073655503,0.8520775211013093,11.0,333,0.258819045102521,-0.9659258262890682,-0.5234156073655503,0.8520775211013093,1141.75,max_ac,920.5,0.8062185241953143,0.8062185241953143,0.38956193352587803,444.78233760317124,475.71766239682876,leave_one_system_out
34,2010-11-29 12:00:00,880.5,885.8885,45.34375,1.2246467991473532e-16,-1.0,-0.5234156073655503,0.8520775211013093,12.0,333,1.2246467991473532e-16,-1.0,-0.5234156073655503,0.8520775211013093,1141.75,max_ac,880.5,0.7711845850667834,0.7711845850667834,0.36941935465332065,421.7845481754289,458.7154518245711,leave_one_system_out
34,2010-11-29 13:00:00,750.25,775.68375,46.84975,-0.2588190451025208,-0.9659258262890684,-0.5234156073655503,0.8520775211013093,13.0,333,-0.2588190451025208,-0.9659258262890683,-0.5234156073655503,0.8520775211013093,1141.75,max_ac,750.25,0.6571053207795051,0.6571053207795051,0.32053162462722545,365.96698241813465,384.28301758186535,leave_one_system_out
34,2010-11-29 14:00:00,491.75,557.3245,47.3815,-0.4999999999999997,-0.8660254037844388,-0.5234156073655503,0.8520775211013093,14.0,333,-0.4999999999999997,-0.8660254037844388,-0.5234156073655503,0.8520775211013093,1141.75,max_ac,491.75,0.4306984891613751,0.4306984891613751,0.2416313470580478,275.8825905035261,215.8674094964739,leave_one_system_out
34,2010-11-29 15:00:00,178.0,309.8635,46.41175,-0.7071067811865471,-0.7071067811865479,-0.5234156073655503,0.8520775211013093,15.0,333,-0.7071067811865471,-0.7071067811865479,-0.5234156073655503,0.8520775211013093,1141.75,max_ac,178.0,0.1559010291219619,0.1559010291219619,0.11782440940688227,134.52601944030783,43.473980559692166,leave_one_system_out
34,2010-11-29 16:00:00,4.75,6.34775,44.47525,-0.8660254037844385,-0.5000000000000004,-0.5234156073655503,0.8520775211013093,16.0,333,-0.8660254037844385,-0.5000000000000004,-0.5234156073655503,0.8520775211013093,1141.75,max_ac,4.75,0.004160280271513028,0.004160280271513028,-0.06967671885121218,-79.5533937483715,84.3033937483715,leave_one_system_out
34,2010-11-29 17:00:00,-2.25,0.0,42.101,-0.9659258262890684,-0.2588190451025206,-0.5234156073655503,0.8520775211013093,17.0,333,-0.9659258262890683,-0.25881904510252063,-0.5234156073655503,0.8520775211013093,1141.75,max_ac,-2.25,-0.0019706590759798557,-0.0019706590759798557,-0.19282508708858215,-220.15804318338866,217.90804318338866,leave_one_system_out
34,2010-11-29 18:00:00,-2.0,0.0,40.3825,-1.0,-1.8369701987210287e-16,-0.5234156073655503,0.8520775211013093,18.0,333,-1.0,-1.8369701987210297e-16,-0.5234156073655503,0.8520775211013093,1141.75,max_ac,-2.0,-0.0017516969564265383,-0.0017516969564265383,-0.2820484338431105,-322.02879934037145,320.02879934037145,leave_one_system_out
34,2010-11-30 06:00:00,0.25,2.124,26.81725,1.0,6.123233995736766e-17,-0.5086709438521042,0.8609610158889945,6.0,334,1.0,6.123233995736766e-17,-0.5086709438521042,0.8609610158889945,1141.75,max_ac,0.25,0.0002189621195533173,0.0002189621195533173,0.02540731623408815,29.008803310270146,-28.758803310270146,leave_one_system_out
34,2010-11-30 07:00:00,118.75,131.46975,28.29825,0.9659258262890684,-0.2588190451025206,-0.5086709438521042,0.8609610158889945,7.0,334,0.9659258262890683,-0.25881904510252063,-0.5086709438521042,0.8609610158889945,1141.75,max_ac,118.75,0.1040070067878257,0.1040070067878257,0.17967551544616442,205.14451976065823,-86.39451976065823,leave_one_system_out
34,2010-11-30 08:00:00,436.75,463.1105,32.371,0.8660254037844387,-0.4999999999999998,-0.5086709438521042,0.8609610158889945,8.0,334,0.8660254037844387,-0.4999999999999998,-0.5086709438521042,0.8609610158889945,1141.75,max_ac,436.75,0.3825268228596453,0.3825268228596453,0.31942328876584347,364.7015399484018,72.04846005159823,leave_one_system_out
34,2010-11-30 09:00:00,680.5,678.2715000000001,36.2895,0.7071067811865476,-0.7071067811865475,-0.5086709438521042,0.8609610158889945,9.0,334,0.7071067811865476,-0.7071067811865475,-0.5086709438521042,0.8609610158889945,1141.75,max_ac,680.5,0.5960148894241296,0.5960148894241296,0.3857837089894157,440.4685497386654,240.0314502613346,leave_one_system_out
34,2010-11-30 10:00:00,774.5,787.305,39.55475,0.4999999999999999,-0.8660254037844387,-0.5086709438521042,0.8609610158889945,10.0,334,0.49999999999999994,-0.8660254037844387,-0.5086709438521042,0.8609610158889945,1141.75,max_ac,774.5,0.678344646376177,0.678344646376177,0.4156095898550094,474.522249216957,299.977750783043,leave_one_system_out
34,2010-11-30 11:00:00,795.25,805.0535,43.392,0.258819045102521,-0.9659258262890682,-0.5086709438521042,0.8609610158889945,11.0,334,0.258819045102521,-0.9659258262890682,-0.5086709438521042,0.8609610158889945,1141.75,max_ac,795.25,0.6965185022991023,0.6965185022991023,0.4075055008333238,465.26940557644747,329.98059442355253,leave_one_system_out
34,2010-11-30 12:00:00,795.75,840.03925,45.726,1.2246467991473532e-16,-1.0,-0.5086709438521042,0.8609610158889945,12.0,334,1.2246467991473532e-16,-1.0,-0.5086709438521042,0.8609610158889945,1141.75,max_ac,795.75,0.6969564265382089,0.6969564265382089,0.3687347139786537,421.0028596851279,374.7471403148721,leave_one_system_out
34,2010-11-30 13:00:00,682.75,745.67875,48.0595,-0.2588190451025208,-0.9659258262890684,-0.5086709438521042,0.8609610158889945,13.0,334,-0.2588190451025208,-0.9659258262890683,-0.5086709438521042,0.8609610158889945,1141.75,max_ac,682.75,0.5979855485001094,0.5979855485001094,0.30490645388788995,348.1269437264983,334.6230562735017,leave_one_system_out
34,2010-11-30 14:00:00,429.0,526.07425,48.95075,-0.4999999999999997,-0.8660254037844388,-0.5086709438521042,0.8609610158889945,14.0,334,-0.4999999999999997,-0.8660254037844388,-0.5086709438521042,0.8609610158889945,1141.75,max_ac,429.0,0.37573899715349246,0.37573899715349246,0.22309571324310803,254.7195305953186,174.2804694046814,leave_one_system_out
34,2010-11-30 15:00:00,124.5,195.97175,47.784,-0.7071067811865471,-0.7071067811865479,-0.5086709438521042,0.8609610158889945,15.0,334,-0.7071067811865471,-0.7071067811865479,-0.5086709438521042,0.8609610158889945,1141.75,max_ac,124.5,0.109043135537552,0.109043135537552,0.09636218977179273,110.02153017194435,14.478469828055651,leave_one_system_out
34,2010-11-30 16:00:00,2.75,14.81925,44.8425,-0.8660254037844385,-0.5000000000000004,-0.5086709438521042,0.8609610158889945,16.0,334,-0.8660254037844385,-0.5000000000000004,-0.5086709438521042,0.8609610158889945,1141.75,max_ac,2.75,0.00240858331508649,0.00240858331508649,-0.070051127838407,-79.98087520950119,82.73087520950119,leave_one_system_out
34,2010-11-30 17:00:00,-2.25,0.0,42.015,-0.9659258262890684,-0.2588190451025206,-0.5086709438521042,0.8609610158889945,17.0,334,-0.9659258262890683,-0.25881904510252063,-0.5086709438521042,0.8609610158889945,1141.75,max_ac,-2.25,-0.0019706590759798557,-0.0019706590759798557,-0.1927721506086948,-220.09760295747728,217.84760295747728,leave_one_system_out
34,2010-11-30 18:00:00,-3.0,0.0,39.881,-1.0,-1.8369701987210287e-16,-0.5086709438521042,0.8609610158889945,18.0,334,-1.0,-1.8369701987210297e-16,-0.5086709438521042,0.8609610158889945,1141.75,max_ac,-3.0,-0.0026275454346398074,-0.0026275454346398074,-0.2760945461865828,-315.2309481085309,312.2309481085309,leave_one_system_out
34,2010-12-01 06:00:00,1.5,3.19825,29.4905,1.0,6.123233995736766e-17,-0.4937755501599773,0.8695893893466109,6.0,335,1.0,6.123233995736766e-17,-0.49377555015997737,0.8695893893466109,1141.75,max_ac,1.5,0.0013137727173199037,0.0013137727173199037,0.018708959580905682,21.360954601499063,-19.860954601499063,leave_one_system_out
34,2010-12-01 07:00:00,90.5,93.33525,31.77625,0.9659258262890684,-0.2588190451025206,-0.4937755501599773,0.8695893893466109,7.0,335,0.9659258262890683,-0.25881904510252063,-0.49377555015997737,0.8695893893466109,1141.75,max_ac,90.5,0.07926428727830086,0.07926428727830086,0.17023844549524156,194.36974514419205,-103.86974514419205,leave_one_system_out
34,2010-12-01 08:00:00,428.25,440.25875,36.77775,0.8660254037844387,-0.4999999999999998,-0.4937755501599773,0.8695893893466109,8.0,335,0.8660254037844387,-0.4999999999999998,-0.49377555015997737,0.8695893893466109,1141.75,max_ac,428.25,0.3750821107948325,0.3750821107948325,0.28844339675787706,329.33024824830613,98.91975175169387,leave_one_system_out
34,2010-12-01 09:00:00,656.5,668.18825,41.0125,0.7071067811865476,-0.7071067811865475,-0.4937755501599773,0.8695893893466109,9.0,335,0.7071067811865476,-0.7071067811865475,-0.49377555015997737,0.8695893893466109,1141.75,max_ac,656.5,0.5749945259470112,0.5749945259470112,0.33665069896353855,384.37093554162016,272.12906445837984,leave_one_system_out
34,2010-12-01 10:00:00,777.0,812.13375,44.58175,0.4999999999999999,-0.8660254037844387,-0.4937755501599773,0.8695893893466109,10.0,335,0.49999999999999994,-0.8660254037844387,-0.49377555015997737,0.8695893893466109,1141.75,max_ac,777.0,0.6805342675717101,0.6805342675717101,0.34703074958465985,396.2223583382854,380.7776416617146,leave_one_system_out
34,2010-12-01 11:00:00,815.75,878.07625,49.0975,0.258819045102521,-0.9659258262890682,-0.4937755501599773,0.8695893893466109,11.0,335,0.258819045102521,-0.9659258262890682,-0.49377555015997737,0.8695893893466109,1141.75,max_ac,815.75,0.7144733961024743,0.7144733961024743,0.3094583968056027,353.3241245527969,462.4258754472031,leave_one_system_out
34,2010-12-01 12:00:00,777.75,853.9549999999999,52.80325,1.2246467991473532e-16,-1.0,-0.4937755501599773,0.8695893893466109,12.0,335,1.2246467991473532e-16,-1.0,-0.49377555015997737,0.8695893893466109,1141.75,max_ac,777.75,0.68119115393037,0.68119115393037,0.25697626022909176,293.4026451165655,484.3473548834345,leave_one_system_out
34,2010-12-01 13:00:00,664.0,738.7697499999999,54.899,-0.2588190451025208,-0.9659258262890684,-0.4937755501599773,0.8695893893466109,13.0,335,-0.2588190451025208,-0.9659258262890683,-0.49377555015997737,0.8695893893466109,1141.75,max_ac,664.0,0.5815633895336106,0.5815633895336106,0.20452433421987842,233.5156585955462,430.4843414044538,leave_one_system_out
34,2010-12-01 14:00:00,470.5,553.24725,55.3595,-0.4999999999999997,-0.8660254037844388,-0.4937755501599773,0.8695893893466109,14.0,335,-0.4999999999999997,-0.8660254037844388,-0.49377555015997737,0.8695893893466109,1141.75,max_ac,470.5,0.41208670899934313,0.41208670899934313,0.13699698151831652,156.41630364853788,314.0836963514621,leave_one_system_out
34,2010-12-01 15:00:00,167.25,297.6075,54.4485,-0.7071067811865471,-0.7071067811865479,-0.4937755501599773,0.8695893893466109,15.0,335,-0.7071067811865471,-0.7071067811865479,-0.49377555015997737,0.8695893893466109,1141.75,max_ac,167.25,0.14648565798116925,0.14648565798116925,0.03535481444529209,40.366359392912244,126.88364060708776,leave_one_system_out
34,2010-12-01 16:00:00,0.25,10.03425,51.58825,-0.8660254037844385,-0.5000000000000004,-0.4937755501599773,0.8695893893466109,16.0,335,-0.8660254037844385,-0.5000000000000004,-0.49377555015997737,0.8695893893466109,1141.75,max_ac,0.25,0.0002189621195533173,0.0002189621195533173,-0.11563058064949117,-132.02121545655655,132.27121545655655,leave_one_system_out
34,2010-12-01 17:00:00,-2.25,0.0,46.9815,-0.9659258262890684,-0.2588190451025206,-0.4937755501599773,0.8695893893466109,17.0,335,-0.9659258262890683,-0.25881904510252063,-0.49377555015997737,0.8695893893466109,1141.75,max_ac,-2.25,-0.0019706590759798557,-0.0019706590759798557,-0.2450025537278261,-279.73166571874543,277.48166571874543,leave_one_system_out
34,2010-12-01 18:00:00,-2.5,0.0,43.678,-1.0,-1.8369701987210287e-16,-0.4937755501599773,0.8695893893466109,18.0,335,-1.0,-1.8369701987210297e-16,-0.49377555015997737,0.8695893893466109,1141.75,max_ac,-2.5,-0.0021896211955331727,-0.0021896211955331727,-0.3332460606677754,-380.48368976743257,377.98368976743257,leave_one_system_out
34,2010-12-02 06:00:00,-0.25,2.09975,33.11025,1.0,6.123233995736766e-17,-0.4787338401157883,0.8779600847008883,6.0,336,1.0,6.123233995736766e-17,-0.4787338401157883,0.8779600847008883,1141.75,max_ac,-0.25,-0.0002189621195533173,-0.0002189621195533173,0.00610759372376124,6.973345134104395,-7.223345134104395,leave_one_system_out
34,2010-12-02 07:00:00,109.0,101.709,33.76825,0.9659258262890684,-0.2588190451025206,-0.4787338401157883,0.8779600847008883,7.0,336,0.9659258262890683,-0.25881904510252063,-0.4787338401157883,0.8779600847008883,1141.75,max_ac,109.0,0.09546748412524633,0.09546748412524633,0.16779328994484288,191.57798879452437,-82.57798879452437,leave_one_system_out
34,2010-12-02 08:00:00,280.0,385.669,38.765,0.8660254037844387,-0.4999999999999998,-0.4787338401157883,0.8779600847008883,8.0,336,0.8660254037844387,-0.4999999999999998,-0.4787338401157883,0.8779600847008883,1141.75,max_ac,280.0,0.24523757389971534,0.24523757389971534,0.27924190453532166,318.8244445032035,-38.824444503203495,leave_one_system_out
34,2010-12-02 09:00:00,604.0,619.458,43.564,0.7071067811865476,-0.7071067811865475,-0.4787338401157883,0.8779600847008883,9.0,336,0.7071067811865476,-0.7071067811865475,-0.4787338401157883,0.8779600847008883,1141.75,max_ac,604.0,0.5290124808408145,0.5290124808408145,0.3187552478023358,363.93880417831684,240.06119582168316,leave_one_system_out
34,2010-12-02 10:00:00,756.0,788.0859999999999,48.26475,0.4999999999999999,-0.8660254037844387,-0.4787338401157883,0.8779600847008883,10.0,336,0.49999999999999994,-0.8660254037844387,-0.4787338401157883,0.8779600847008883,1141.75,max_ac,756.0,0.6621414495292315,0.6621414495292315,0.30274340523710364,345.65728292946307,410.34271707053693,leave_one_system_out
34,2010-12-02 11:00:00,804.0,856.543,52.6135,0.258819045102521,-0.9659258262890682,-0.4787338401157883,0.8779600847008883,11.0,336,0.258819045102521,-0.9659258262890682,-0.4787338401157883,0.8779600847008883,1141.75,max_ac,804.0,0.7041821764834684,0.7041821764834684,0.26082310469119113,297.79477978116745,506.20522021883255,leave_one_system_out
34,2010-12-02 12:00:00,860.25,929.3215,57.09625,1.2246467991473532e-16,-1.0,-0.4787338401157883,0.8779600847008883,12.0,336,1.2246467991473532e-16,-1.0,-0.4787338401157883,0.8779600847008883,1141.75,max_ac,860.25,0.7534486533829647,0.7534486533829647,0.14806977338628285,169.05866376378845,691.1913362362116,leave_one_system_out
34,2010-12-02 13:00:00,689.75,730.005,58.4025,-0.2588190451025208,-0.9659258262890684,-0.4787338401157883,0.8779600847008883,13.0,336,-0.2588190451025208,-0.9659258262890683,-0.4787338401157883,0.8779600847008883,1141.75,max_ac,689.75,0.6041164878476024,0.6041164878476024,0.1503457820079787,171.65729660760968,518.0927033923904,leave_one_system_out
34,2010-12-02 14:00:00,564.0,638.9892500000001,59.9995,-0.4999999999999997,-0.8660254037844388,-0.4787338401157883,0.8779600847008883,14.0,336,-0.4999999999999997,-0.8660254037844388,-0.4787338401157883,0.8779600847008883,1141.75,max_ac,564.0,0.4939785417122838,0.4939785417122838,0.03818935222319608,43.60269290083413,520.3973070991659,leave_one_system_out
34,2010-12-02 15:00:00,191.25,314.69725,59.9695,-0.7071067811865471,-0.7071067811865479,-0.4787338401157883,0.8779600847008883,15.0,336,-0.7071067811865471,-0.7071067811865479,-0.4787338401157883,0.8779600847008883,1141.75,max_ac,191.25,0.16750602145828772,0.16750602145828772,-0.033811507722962986,-38.60428894269299,229.854288942693,leave_one_system_out
34,2010-12-02 16:00:00,10.5,22.33875,56.86625,-0.8660254037844385,-0.5000000000000004,-0.4787338401157883,0.8779600847008883,16.0,336,-0.8660254037844385,-0.5000000000000004,-0.4787338401157883,0.8779600847008883,1141.75,max_ac,10.5,0.009196409021239325,0.009196409021239325,-0.15944348729117397,-182.04460161469788,192.54460161469788,leave_one_system_out
34,2010-12-02 17:00:00,-2.25,0.12225,52.11975,-0.9659258262890684,-0.2588190451025206,-0.4787338401157883,0.8779600847008883,17.0,336,-0.9659258262890683,-0.25881904510252063,-0.4787338401157883,0.8779600847008883,1141.75,max_ac,-2.25,-0.0019706590759798557,-0.0019706590759798557,-0.3056230585053975,-348.9451270485376,346.6951270485376,leave_one_system_out
34,2010-12-02 18:00:00,-2.25,0.0735,50.325,-1.0,-1.8369701987210287e-16,-0.4787338401157883,0.8779600847008883,18.0,336,-1.0,-1.8369701987210297e-16,-0.4787338401157883,0.8779600847008883,1141.75,max_ac,-2.25,-0.0019706590759798557,-0.0019706590759798557,-0.4411139938584482,-503.6419024878832,501.3919024878832,leave_one_system_out
34,2010-12-03 06:00:00,-3.5,1.87975,36.52725,1.0,6.123233995736766e-17,-0.4635502709028512,0.8860706215341378,6.0,337,1.0,6.123233995736766e-17,-0.4635502709028512,0.8860706215341378,1141.75,max_ac,-3.5,-0.003065469673746442,-0.003065469673746442,-0.008746505221542022,-9.986322336695604,6.486322336695604,leave_one_system_out
34,2010-12-03 07:00:00,89.75,108.1055,37.112,0.9659258262890684,-0.2588190451025206,-0.4635502709028512,0.8860706215341378,7.0,337,0.9659258262890683,-0.25881904510252063,-0.4635502709028512,0.8860706215341378,1141.75,max_ac,89.75,0.0786074009196409,0.0786074009196409,0.15977871999847829,182.42735355826258,-92.67735355826258,leave_one_system_out
34,2010-12-03 08:00:00,415.25,411.18175,42.896,0.8660254037844387,-0.4999999999999998,-0.4635502709028512,0.8860706215341378,8.0,337,0.8660254037844387,-0.4999999999999998,-0.4635502709028512,0.8860706215341378,1141.75,max_ac,415.25,0.36369608057806,0.36369608057806,0.2445339246176365,279.1966084321865,136.0533915678135,leave_one_system_out
34,2010-12-03 09:00:00,608.75,551.7090000000001,50.148,0.7071067811865476,-0.7071067811865475,-0.4635502709028512,0.8860706215341378,9.0,337,0.7071067811865476,-0.7071067811865475,-0.4635502709028512,0.8860706215341378,1141.75,max_ac,608.75,0.5331727611123276,0.5331727611123276,0.2736425897094733,312.43142680079114,296.31857319920886,leave_one_system_out
34,2010-12-03 10:00:00,681.75,760.9862499999999,54.755,0.4999999999999999,-0.8660254037844387,-0.4635502709028512,0.8860706215341378,10.0,337,0.49999999999999994,-0.8660254037844387,-0.4635502709028512,0.8860706215341378,1141.75,max_ac,681.75,0.5971097000218962,0.5971097000218962,0.2215631269166564,252.96970015709243,428.78029984290754,leave_one_system_out
34,2010-12-03 11:00:00,930.25,980.713,59.63525,0.258819045102521,-0.9659258262890682,-0.4635502709028512,0.8860706215341378,11.0,337,0.258819045102521,-0.9659258262890682,-0.4635502709028512,0.8860706215341378,1141.75,max_ac,930.25,0.8147580468578935,0.8147580468578935,0.06806695258890488,77.71544311838215,852.5345568816178,leave_one_system_out
34,2010-12-03 12:00:00,805.25,968.8235,63.966,1.2246467991473532e-16,-1.0,-0.4635502709028512,0.8860706215341378,12.0,337,1.2246467991473532e-16,-1.0,-0.4635502709028512,0.8860706215341378,1141.75,max_ac,805.25,0.705276987081235,0.705276987081235,-0.016850395795733497,-19.23893939977872,824.4889393997787,leave_one_system_out
34,2010-12-03 13:00:00,485.0,573.82825,64.66725,-0.2588190451025208,-0.9659258262890684,-0.4635502709028512,0.8860706215341378,13.0,337,-0.2588190451025208,-0.9659258262890683,-0.4635502709028512,0.8860706215341378,1141.75,max_ac,485.0,0.42478651193343553,0.42478651193343553,0.1334770466587329,152.39741802260826,332.60258197739176,leave_one_system_out
34,2010-12-03 14:00:00,294.5,330.249,63.551,-0.4999999999999997,-0.8660254037844388,-0.4635502709028512,0.8860706215341378,14.0,337,-0.4999999999999997,-0.8660254037844388,-0.4635502709028512,0.8860706215341378,1141.75,max_ac,294.5,0.25793737683380774,0.25793737683380774,0.11378031665144078,129.9086765367825,164.5913234632175,leave_one_system_out
34,2010-12-03 15:00:00,79.25,93.65225,61.893,-0.7071067811865471,-0.7071067811865479,-0.4635502709028512,0.8860706215341378,15.0,337,-0.7071067811865471,-0.7071067811865479,-0.4635502709028512,0.8860706215341378,1141.75,max_ac,79.25,0.06941099189840158,0.06941099189840158,0.007800338250908867,8.9060361979752,70.3439638020248,leave_one_system_out
34,2010-12-03 16:00:00,0.75,10.254,59.47825,-0.8660254037844385,-0.5000000000000004,-0.4635502709028512,0.8860706215341378,16.0,337,-0.8660254037844385,-0.5000000000000004,-0.4635502709028512,0.8860706215341378,1141.75,max_ac,0.75,0.0006568863586599519,0.0006568863586599519,-0.1829647681467843,-208.900024031591,209.650024031591,leave_one_system_out
34,2010-12-03 17:00:00,-2.5,0.1465,56.9645,-0.9659258262890684,-0.2588190451025206,-0.4635502709028512,0.8860706215341378,17.0,337,-0.9659258262890683,-0.25881904510252063,-0.4635502709028512,0.8860706215341378,1141.75,max_ac,-2.5,-0.0021896211955331727,-0.0021896211955331727,-0.369056064018741,-421.3697610933976,418.8697610933976,leave_one_system_out
34,2010-12-03 18:00:00,-2.25,0.2194999999999999,55.517,-1.0,-1.8369701987210287e-16,-0.4635502709028512,0.8860706215341378,18.0,337,-1.0,-1.8369701987210297e-16,-0.4635502709028512,0.8860706215341378,1141.75,max_ac,-2.25,-0.0019706590759798557,-0.0019706590759798557,-0.533507712640072,-609.1324309068023,606.8824309068023,leave_one_system_out
34,2010-12-04 06:00:00,-3.5,0.68375,39.1975,1.0,6.123233995736766e-17,-0.4482293417404106,0.893918596519257,6.0,338,1.0,6.123233995736766e-17,-0.4482293417404106,0.893918596519257,1141.75,max_ac,-3.5,-0.003065469673746442,-0.003065469673746442,-0.0225382473058493,-25.73304386145344,22.23304386145344,leave_one_system_out
34,2010-12-04 07:00:00,70.0,46.82625,41.23275,0.9659258262890684,-0.2588190451025206,-0.4482293417404106,0.893918596519257,7.0,338,0.9659258262890683,-0.25881904510252063,-0.4482293417404106,0.893918596519257,1141.75,max_ac,70.0,0.061309393474928836,0.061309393474928836,0.15534138528058192,177.3610266441044,-107.36102664410441,leave_one_system_out
34,2010-12-04 08:00:00,407.25,451.87975,47.22675,0.8660254037844387,-0.4999999999999998,-0.4482293417404106,0.893918596519257,8.0,338,0.8660254037844387,-0.4999999999999998,-0.4482293417404106,0.893918596519257,1141.75,max_ac,407.25,0.35668929275235384,0.35668929275235384,0.19266729902776,219.97788866494497,187.27211133505503,leave_one_system_out
34,2010-12-04 09:00:00,487.75,328.174,52.4945,0.7071067811865476,-0.7071067811865475,-0.4482293417404106,0.893918596519257,9.0,338,0.7071067811865476,-0.7071067811865475,-0.4482293417404106,0.893918596519257,1141.75,max_ac,487.75,0.427195095248522,0.427195095248522,0.35735999148541653,408.01577027847435,79.73422972152565,leave_one_system_out
34,2010-12-04 10:00:00,455.75,511.49875,56.08125,0.4999999999999999,-0.8660254037844387,-0.4482293417404106,0.893918596519257,10.0,338,0.49999999999999994,-0.8660254037844387,-0.4482293417404106,0.893918596519257,1141.75,max_ac,455.75,0.3991679439456974,0.3991679439456974,0.3402301584578898,388.45778341929565,67.29221658070435,leave_one_system_out
34,2010-12-04 11:00:00,312.25,267.67575,58.6655,0.258819045102521,-0.9659258262890682,-0.4482293417404106,0.893918596519257,11.0,338,0.258819045102521,-0.9659258262890682,-0.4482293417404106,0.893918596519257,1141.75,max_ac,312.25,0.27348368732209327,0.27348368732209327,0.5020770684939283,573.2464929529426,-260.9964929529426,leave_one_system_out
34,2010-12-04 12:00:00,191.0,212.842,59.87775,1.2246467991473532e-16,-1.0,-0.4482293417404106,0.893918596519257,12.0,338,1.2246467991473532e-16,-1.0,-0.4482293417404106,0.893918596519257,1141.75,max_ac,191.0,0.1672870593387344,0.1672870593387344,0.4816437346166158,549.9167339985211,-358.91673399852107,leave_one_system_out
34,2010-12-04 13:00:00,232.75,208.81325,59.7085,-0.2588190451025208,-0.9659258262890684,-0.4482293417404106,0.893918596519257,13.0,338,-0.2588190451025208,-0.9659258262890683,-0.4482293417404106,0.893918596519257,1141.75,max_ac,232.75,0.2038537333041384,0.2038537333041384,0.36341398453790036,414.92791684614775,-182.17791684614775,leave_one_system_out
34,2010-12-04 14:00:00,150.0,119.0185,59.863,-0.4999999999999997,-0.8660254037844388,-0.4482293417404106,0.893918596519257,14.0,338,-0.4999999999999997,-0.8660254037844388,-0.4482293417404106,0.893918596519257,1141.75,max_ac,150.0,0.13137727173199037,0.13137727173199037,0.2247263125518876,256.5812673561177,-106.58126735611768,leave_one_system_out
34,2010-12-04 15:00:00,107.5,145.9715,59.6505,-0.7071067811865471,-0.7071067811865479,-0.4482293417404106,0.893918596519257,15.0,338,-0.7071067811865471,-0.7071067811865479,-0.4482293417404106,0.893918596519257,1141.75,max_ac,107.5,0.09415371140792643,0.09415371140792643,0.009565731568895564,10.92167401878651,96.5783259812135,leave_one_system_out
34,2010-12-04 16:00:00,17.5,30.49325,57.8355,-0.8660254037844385,-0.5000000000000004,-0.4482293417404106,0.893918596519257,16.0,338,-0.8660254037844385,-0.5000000000000004,-0.4482293417404106,0.893918596519257,1141.75,max_ac,17.5,0.015327348368732209,0.015327348368732209,-0.17105423354850835,-195.3011711540094,212.8011711540094,leave_one_system_out
34,2010-12-04 17:00:00,-2.5,0.122,55.06375,-0.9659258262890684,-0.2588190451025206,-0.4482293417404106,0.893918596519257,17.0,338,-0.9659258262890683,-0.25881904510252063,-0.4482293417404106,0.893918596519257,1141.75,max_ac,-2.5,-0.0021896211955331727,-0.0021896211955331727,-0.3452524920696689,-394.19203282054445,391.69203282054445,leave_one_system_out
34,2010-12-04 18:00:00,-2.25,0.04875,52.6565,-1.0,-1.8369701987210287e-16,-0.4482293417404106,0.893918596519257,18.0,338,-1.0,-1.8369701987210297e-16,-0.4482293417404106,0.893918596519257,1141.75,max_ac,-2.25,-0.0019706590759798557,-0.0019706590759798557,-0.4844168028213768,-553.0828846213069,550.8328846213069,leave_one_system_out
34,2010-12-05 06:00:00,-3.5,0.8545,36.469,1.0,6.123233995736766e-17,-0.4327755925504317,0.9015016841318838,6.0,339,1.0,6.123233995736766e-17,-0.4327755925504317,0.9015016841318838,1141.75,max_ac,-3.5,-0.003065469673746442,-0.003065469673746442,-0.009409228873790254,-10.742987066650022,7.242987066650022,leave_one_system_out
34,2010-12-05 07:00:00,55.25,40.52725,39.4255,0.9659258262890684,-0.2588190451025206,-0.4327755925504317,0.9015016841318838,7.0,339,0.9659258262890683,-0.25881904510252063,-0.4327755925504317,0.9015016841318838,1141.75,max_ac,55.25,0.04839062842128312,0.04839062842128312,0.15948678734189597,182.09403944760973,-126.84403944760973,leave_one_system_out
34,2010-12-05 08:00:00,347.5,292.28525,42.64025,0.8660254037844387,-0.4999999999999998,-0.4327755925504317,0.9015016841318838,8.0,339,0.8660254037844387,-0.4999999999999998,-0.4327755925504317,0.9015016841318838,1141.75,max_ac,347.5,0.30435734617911103,0.30435734617911103,0.27146891047124183,309.94962853054034,37.55037146945966,leave_one_system_out
34,2010-12-05 09:00:00,404.25,518.62775,47.6395,0.7071067811865476,-0.7071067811865475,-0.4327755925504317,0.9015016841318838,9.0,339,0.7071067811865476,-0.7071067811865475,-0.4327755925504317,0.9015016841318838,1141.75,max_ac,404.25,0.35406174731771406,0.35406174731771406,0.3066559947243406,350.1244819765158,54.125518023484176,leave_one_system_out
34,2010-12-05 10:00:00,629.0,604.10175,51.55525,0.4999999999999999,-0.8660254037844387,-0.4327755925504317,0.9015016841318838,10.0,339,0.49999999999999994,-0.8660254037844387,-0.4327755925504317,0.9015016841318838,1141.75,max_ac,629.0,0.5509086927961463,0.5509086927961463,0.3321886264078962,379.2763642012155,249.72363579878453,leave_one_system_out
34,2010-12-05 11:00:00,569.25,544.7265,55.871,0.258819045102521,-0.9659258262890682,-0.4327755925504317,0.9015016841318838,11.0,339,0.258819045102521,-0.9659258262890682,-0.4327755925504317,0.9015016841318838,1141.75,max_ac,569.25,0.49857674622290343,0.49857674622290343,0.3616918662202325,412.9616882569505,156.28831174304952,leave_one_system_out
34,2010-12-05 12:00:00,451.25,432.61725,59.392,1.2246467991473532e-16,-1.0,-0.4327755925504317,0.9015016841318838,12.0,339,1.2246467991473532e-16,-1.0,-0.4327755925504317,0.9015016841318838,1141.75,max_ac,451.25,0.3952266257937377,0.3952266257937377,0.36217929568274315,413.518210845772,37.73178915422801,leave_one_system_out
34,2010-12-05 13:00:00,361.0,348.999,61.50825,-0.2588190451025208,-0.9659258262890684,-0.4327755925504317,0.9015016841318838,13.0,339,-0.2588190451025208,-0.9659258262890683,-0.4327755925504317,0.9015016841318838,1141.75,max_ac,361.0,0.31618130063499017,0.31618130063499017,0.2851534870895532,325.5739938844973,35.42600611550267,leave_one_system_out
34,2010-12-05 14:00:00,166.0,154.248,60.98425,-0.4999999999999997,-0.8660254037844388,-0.4327755925504317,0.9015016841318838,14.0,339,-0.4999999999999997,-0.8660254037844388,-0.4327755925504317,0.9015016841318838,1141.75,max_ac,166.0,0.14539084738340266,0.14539084738340266,0.20570551282654886,234.86426926971217,-68.86426926971217,leave_one_system_out
34,2010-12-05 15:00:00,86.5,96.5335,60.00225,-0.7071067811865471,-0.7071067811865479,-0.4327755925504317,0.9015016841318838,15.0,339,-0.7071067811865471,-0.7071067811865479,-0.4327755925504317,0.9015016841318838,1141.75,max_ac,86.5,0.07576089336544778,0.07576089336544778,0.018815223919527613,21.48228191012065,65.01771808987935,leave_one_system_out
34,2010-12-05 16:00:00,1.5,5.501333333333334,55.961000000000006,-0.8660254037844385,-0.5000000000000004,-0.4327755925504317,0.9015016841318838,16.0,339,-0.8660254037844385,-0.5000000000000004,-0.4327755925504317,0.9015016841318838,1141.75,max_ac,1.5,0.0013137727173199037,0.0013137727173199037,-0.15318280413097018,-174.8964666165352,176.3964666165352,leave_one_system_out
34,2010-12-05 17:00:00,-3.0,0.1709999999999999,54.26625,-0.9659258262890684,-0.2588190451025206,-0.4327755925504317,0.9015016841318838,17.0,339,-0.9659258262890683,-0.25881904510252063,-0.4327755925504317,0.9015016841318838,1141.75,max_ac,-3.0,-0.0026275454346398074,-0.0026275454346398074,-0.3362156011992431,-383.87416266923583,380.87416266923583,leave_one_system_out
34,2010-12-05 18:00:00,-2.25,0.0245,52.14,-1.0,-1.8369701987210287e-16,-0.4327755925504317,0.9015016841318838,18.0,339,-1.0,-1.8369701987210297e-16,-0.4327755925504317,0.9015016841318838,1141.75,max_ac,-2.25,-0.0019706590759798557,-0.0019706590759798557,-0.4771315030730051,-544.7648936336036,542.5148936336036,leave_one_system_out
34,2010-12-06 06:00:00,-2.75,0.09775,46.11575,1.0,6.123233995736766e-17,-0.4171936026123169,0.9088176373395028,6.0,340,1.0,6.123233995736766e-17,-0.41719360261231697,0.9088176373395028,1141.75,max_ac,-2.75,-0.00240858331508649,-0.00240858331508649,-0.06647263922675506,-75.89513583714759,73.14513583714759,leave_one_system_out
34,2010-12-06 07:00:00,69.0,55.27325,44.7285,0.9659258262890684,-0.2588190451025206,-0.4171936026123169,0.9088176373395028,7.0,340,0.9659258262890683,-0.25881904510252063,-0.41719360261231697,0.9088176373395028,1141.75,max_ac,69.0,0.06043354499671557,0.06043354499671557,0.14292941741463117,163.18966233315513,-94.18966233315513,leave_one_system_out
34,2010-12-06 08:00:00,401.25,417.16275,46.33075,0.8660254037844387,-0.4999999999999998,-0.4171936026123169,0.9088176373395028,8.0,340,0.8660254037844387,-0.4999999999999998,-0.41719360261231697,0.9088176373395028,1141.75,max_ac,401.25,0.3514342018830742,0.3514342018830742,0.20962595692081784,239.34043631434378,161.90956368565622,leave_one_system_out
34,2010-12-06 09:00:00,633.75,625.8299999999999,50.29975,0.7071067811865476,-0.7071067811865475,-0.4171936026123169,0.9088176373395028,9.0,340,0.7071067811865476,-0.7071067811865475,-0.41719360261231697,0.9088176373395028,1141.75,max_ac,633.75,0.5550689730676593,0.5550689730676593,0.23380835467091685,266.9506889455193,366.7993110544807,leave_one_system_out
34,2010-12-06 10:00:00,757.5,797.5832499999999,53.302,0.4999999999999999,-0.8660254037844387,-0.4171936026123169,0.9088176373395028,10.0,340,0.49999999999999994,-0.8660254037844387,-0.41719360261231697,0.9088176373395028,1141.75,max_ac,757.5,0.6634552222465514,0.6634552222465514,0.21627155748289634,246.9280507560969,510.5719492439031,leave_one_system_out
34,2010-12-06 11:00:00,798.25,862.4512500000001,56.59225,0.258819045102521,-0.9659258262890682,-0.4171936026123169,0.9088176373395028,11.0,340,0.258819045102521,-0.9659258262890682,-0.41719360261231697,0.9088176373395028,1141.75,max_ac,798.25,0.6991460477337421,0.6991460477337421,0.18229063476055288,208.13033223786124,590.1196677621388,leave_one_system_out
34,2010-12-06 12:00:00,766.5,837.915,59.0125,1.2246467991473532e-16,-1.0,-0.4171936026123169,0.9088176373395028,12.0,340,1.2246467991473532e-16,-1.0,-0.41719360261231697,0.9088176373395028,1141.75,max_ac,766.5,0.6713378585504708,0.6713378585504708,0.1465811541839647,167.3590327895417,599.1409672104583,leave_one_system_out
34,2010-12-06 13:00:00,656.0,728.00275,60.7285,-0.2588190451025208,-0.9659258262890684,-0.4171936026123169,0.9088176373395028,13.0,340,-0.2588190451025208,-0.9659258262890683,-0.41719360261231697,0.9088176373395028,1141.75,max_ac,656.0,0.5745566017079046,0.5745566017079046,0.102448974838658,116.97111702203777,539.0288829779622,leave_one_system_out
34,2010-12-06 14:00:00,460.5,543.43275,61.23725,-0.4999999999999997,-0.8660254037844388,-0.4171936026123169,0.9088176373395028,14.0,340,-0.4999999999999997,-0.8660254037844388,-0.41719360261231697,0.9088176373395028,1141.75,max_ac,460.5,0.40332822421721043,0.40332822421721043,0.044897064640506246,51.26122355329801,409.238776446702,leave_one_system_out
34,2010-12-06 15:00:00,158.25,283.6425,60.48825,-0.7071067811865471,-0.7071067811865479,-0.4171936026123169,0.9088176373395028,15.0,340,-0.7071067811865471,-0.7071067811865479,-0.41719360261231697,0.9088176373395028,1141.75,max_ac,158.25,0.13860302167724983,0.13860302167724983,-0.038712803716500765,-44.200343643314746,202.45034364331474,leave_one_system_out
34,2010-12-06 16:00:00,1.75,10.498,58.26825,-0.8660254037844385,-0.5000000000000004,-0.4171936026123169,0.9088176373395028,16.0,340,-0.8660254037844385,-0.5000000000000004,-0.41719360261231697,0.9088176373395028,1141.75,max_ac,1.75,0.001532734836873221,0.001532734836873221,-0.17477086294424216,-199.54463276658848,201.29463276658848,leave_one_system_out
34,2010-12-06 17:00:00,-2.5,0.122,55.2915,-0.9659258262890684,-0.2588190451025206,-0.4171936026123169,0.9088176373395028,17.0,340,-0.9659258262890683,-0.25881904510252063,-0.41719360261231697,0.9088176373395028,1141.75,max_ac,-2.5,-0.0021896211955331727,-0.0021896211955331727,-0.35082688190831124,-400.5565924188144,398.0565924188144,leave_one_system_out
34,2010-12-06 18:00:00,-2.5,0.17075,51.9605,-1.0,-1.8369701987210287e-16,-0.4171936026123169,0.9088176373395028,18.0,340,-1.0,-1.8369701987210297e-16,-0.41719360261231697,0.9088176373395028,1141.75,max_ac,-2.5,-0.0021896211955331727,-0.0021896211955331727,-0.4756786061135091,-543.106048530099,540.606048530099,leave_one_system_out
34,2010-12-07 06:00:00,-3.25,1.19625,40.58475,1.0,6.123233995736766e-17,-0.4014879892059737,0.9158642882672868,6.0,341,1.0,6.123233995736766e-17,-0.4014879892059737,0.9158642882672868,1141.75,max_ac,-3.25,-0.0028465075541931244,-0.0028465075541931244,-0.03202445868045206,-36.563925698406145,33.313925698406145,leave_one_system_out
34,2010-12-07 07:00:00,105.25,88.7695,42.83775,0.9659258262890684,-0.2588190451025206,-0.4014879892059737,0.9158642882672868,7.0,341,0.9659258262890683,-0.25881904510252063,-0.4014879892059737,0.9158642882672868,1141.75,max_ac,105.25,0.09218305233194657,0.09218305233194657,0.1413852410024582,161.42659891455665,-56.17659891455665,leave_one_system_out
34,2010-12-07 08:00:00,397.25,427.661,47.0595,0.8660254037844387,-0.4999999999999998,-0.4014879892059737,0.9158642882672868,8.0,341,0.8660254037844387,-0.4999999999999998,-0.4014879892059737,0.9158642882672868,1141.75,max_ac,397.25,0.34793080797022113,0.34793080797022113,0.1977709143324996,225.80494143913143,171.44505856086857,leave_one_system_out
34,2010-12-07 09:00:00,631.25,649.87825,51.51225,0.7071067811865476,-0.7071067811865475,-0.4014879892059737,0.9158642882672868,9.0,341,0.7071067811865476,-0.7071067811865475,-0.4014879892059737,0.9158642882672868,1141.75,max_ac,631.25,0.5528793518721261,0.5528793518721261,0.2053934040147391,234.50791903382836,396.74208096617167,leave_one_system_out
34,2010-12-07 10:00:00,751.5,798.6324999999999,54.81275,0.4999999999999999,-0.8660254037844387,-0.4014879892059737,0.9158642882672868,10.0,341,0.49999999999999994,-0.8660254037844387,-0.4014879892059737,0.9158642882672868,1141.75,max_ac,751.5,0.6582001313772717,0.6582001313772717,0.1898790655749999,216.79442312025614,534.7055768797438,leave_one_system_out
34,2010-12-07 11:00:00,794.0,863.86725,58.47325,0.258819045102521,-0.9659258262890682,-0.4014879892059737,0.9158642882672868,11.0,341,0.258819045102521,-0.9659258262890682,-0.4014879892059737,0.9158642882672868,1141.75,max_ac,794.0,0.6954236917013357,0.6954236917013357,0.1465234683949943,167.29317003998474,626.7068299600153,leave_one_system_out
34,2010-12-07 12:00:00,761.75,842.40725,61.5335,1.2246467991473532e-16,-1.0,-0.4014879892059737,0.9158642882672868,12.0,341,1.2246467991473532e-16,-1.0,-0.4014879892059737,0.9158642882672868,1141.75,max_ac,761.75,0.6671775782789577,0.6671775782789577,0.0966884649672734,110.3940548763844,651.3559451236156,leave_one_system_out
34,2010-12-07 13:00:00,659.25,738.7939999999999,63.809250000000006,-0.2588190451025208,-0.9659258262890684,-0.4014879892059737,0.9158642882672868,13.0,341,-0.2588190451025208,-0.9659258262890683,-0.4014879892059737,0.9158642882672868,1141.75,max_ac,659.25,0.5774031092620977,0.5774031092620977,0.04111962631983623,46.94833335067302,612.301666649327,leave_one_system_out
34,2010-12-07 14:00:00,464.0,558.83775,64.60900000000001,-0.4999999999999997,-0.8660254037844388,-0.4014879892059737,0.9158642882672868,14.0,341,-0.4999999999999997,-0.8660254037844388,-0.4014879892059737,0.9158642882672868,1141.75,max_ac,464.0,0.40639369389095686,0.40639369389095686,-0.016969216305560142,-19.37460271687329,483.3746027168733,leave_one_system_out
34,2010-12-07 15:00:00,163.25,298.92575,63.4725,-0.7071067811865471,-0.7071067811865479,-0.4014879892059737,0.9158642882672868,15.0,341,-0.7071067811865471,-0.7071067811865479,-0.4014879892059737,0.9158642882672868,1141.75,max_ac,163.25,0.14298226406831618,0.14298226406831618,-0.08301740827466009,-94.78512589759316,258.03512589759316,leave_one_system_out
34,2010-12-07 16:00:00,1.5,9.6435,60.979,-0.8660254037844385,-0.5000000000000004,-0.4014879892059737,0.9158642882672868,16.0,341,-0.8660254037844385,-0.5000000000000004,-0.4014879892059737,0.9158642882672868,1141.75,max_ac,1.5,0.0013137727173199037,0.0013137727173199037,-0.20126223602961912,-229.79115798681764,231.29115798681764,leave_one_system_out
34,2010-12-07 17:00:00,-2.25,0.09775,56.0255,-0.9659258262890684,-0.2588190451025206,-0.4014879892059737,0.9158642882672868,17.0,341,-0.9659258262890683,-0.25881904510252063,-0.4014879892059737,0.9158642882672868,1141.75,max_ac,-2.25,-0.0019706590759798557,-0.0019706590759798557,-0.36186149863173633,-413.15536606278494,410.90536606278494,leave_one_system_out
34,2010-12-07 18:00:00,-2.25,0.2439999999999999,53.264,-1.0,-1.8369701987210287e-16,-0.4014879892059737,0.9158642882672868,18.0,341,-1.0,-1.8369701987210297e-16,-0.4014879892059737,0.9158642882672868,1141.75,max_ac,-2.25,-0.0019706590759798557,-0.0019706590759798557,-0.5002435415443567,-571.1530635582692,568.9030635582692,leave_one_system_out
34,2010-12-08 06:00:00,1.0,3.36925,38.479,1.0,6.123233995736766e-17,-0.3856634062436074,0.9226395488404876,6.0,342,1.0,6.123233995736766e-17,-0.38566340624360745,0.9226395488404875,1141.75,max_ac,1.0,0.0008758484782132691,0.0008758484782132691,-0.021101985329761486,-24.093191750255176,25.093191750255176,leave_one_system_out
34,2010-12-08 07:00:00,92.25,60.74225,40.4405,0.9659258262890684,-0.2588190451025206,-0.3856634062436074,0.9226395488404876,7.0,342,0.9659258262890683,-0.25881904510252063,-0.38566340624360745,0.9226395488404875,1141.75,max_ac,92.25,0.08079702211517407,0.08079702211517407,0.15364091529086923,175.41951503334994,-83.16951503334994,leave_one_system_out
34,2010-12-08 08:00:00,220.25,170.288,45.66775,0.8660254037844387,-0.4999999999999998,-0.3856634062436074,0.9226395488404876,8.0,342,0.8660254037844387,-0.4999999999999998,-0.38566340624360745,0.9226395488404875,1141.75,max_ac,220.25,0.1929056273264725,0.1929056273264725,0.2921524038027764,333.56500704181997,-113.31500704181997,leave_one_system_out
34,2010-12-08 09:00:00,248.0,223.7545,49.3305,0.7071067811865476,-0.7071067811865475,-0.3856634062436074,0.9226395488404876,9.0,342,0.7071067811865476,-0.7071067811865475,-0.38566340624360745,0.9226395488404875,1141.75,max_ac,248.0,0.21721042259689075,0.21721042259689075,0.41238723330068117,470.8431236210527,-222.8431236210527,leave_one_system_out
34,2010-12-08 10:00:00,229.25,187.158,52.259,0.4999999999999999,-0.8660254037844387,-0.3856634062436074,0.9226395488404876,10.0,342,0.49999999999999994,-0.8660254037844387,-0.38566340624360745,0.9226395488404875,1141.75,max_ac,229.25,0.20078826363039196,0.20078826363039196,0.5213920767576932,595.2994036380961,-366.0494036380961,leave_one_system_out
34,2010-12-08 11:00:00,235.75,202.417,54.33725,0.258819045102521,-0.9659258262890682,-0.3856634062436074,0.9226395488404876,11.0,342,0.258819045102521,-0.9659258262890682,-0.38566340624360745,0.9226395488404875,1141.75,max_ac,235.75,0.2064812787387782,0.2064812787387782,0.5382784827553657,614.5794576859388,-378.8294576859388,leave_one_system_out
34,2010-12-08 12:00:00,199.5,177.17275,54.51175,1.2246467991473532e-16,-1.0,-0.3856634062436074,0.9226395488404876,12.0,342,1.2246467991473532e-16,-1.0,-0.38566340624360745,0.9226395488404875,1141.75,max_ac,199.5,0.17473177140354718,0.17473177140354718,0.49927977738453844,570.0526858287967,-370.5526858287967,leave_one_system_out
34,2010-12-08 13:00:00,165.75,134.15525,54.0865,-0.2588190451025208,-0.9659258262890684,-0.3856634062436074,0.9226395488404876,13.0,342,-0.2588190451025208,-0.9659258262890683,-0.38566340624360745,0.9226395488404875,1141.75,max_ac,165.75,0.14517188526384936,0.14517188526384936,0.39941917978003705,456.0368485138573,-290.2868485138573,leave_one_system_out
34,2010-12-08 14:00:00,298.5,276.587,54.798,-0.4999999999999997,-0.8660254037844388,-0.3856634062436074,0.9226395488404876,14.0,342,-0.4999999999999997,-0.8660254037844388,-0.38566340624360745,0.9226395488404875,1141.75,max_ac,298.5,0.26144077074666083,0.26144077074666083,0.198788618796805,226.96690551125212,71.53309448874788,leave_one_system_out
34,2010-12-08 15:00:00,216.25,348.1935,55.71175,-0.7071067811865471,-0.7071067811865479,-0.3856634062436074,0.9226395488404876,15.0,342,-0.7071067811865471,-0.7071067811865479,-0.38566340624360745,0.9226395488404875,1141.75,max_ac,216.25,0.18940223341361945,0.18940223341361945,0.0022340501675159885,2.55072677876138,213.69927322123863,leave_one_system_out
34,2010-12-08 16:00:00,14.0,25.0975,53.85375,-0.8660254037844385,-0.5000000000000004,-0.3856634062436074,0.9226395488404876,16.0,342,-0.8660254037844385,-0.5000000000000004,-0.38566340624360745,0.9226395488404875,1141.75,max_ac,14.0,0.012261878694985767,0.012261878694985767,-0.13870924275558982,-158.37127791619469,172.37127791619469,leave_one_system_out
34,2010-12-08 17:00:00,-2.0,0.0245,50.7555,-0.9659258262890684,-0.2588190451025206,-0.3856634062436074,0.9226395488404876,17.0,342,-0.9659258262890683,-0.25881904510252063,-0.38566340624360745,0.9226395488404875,1141.75,max_ac,-2.0,-0.0017516969564265383,-0.0017516969564265383,-0.2960532728185802,-338.0188242406139,336.0188242406139,leave_one_system_out
34,2010-12-08 18:00:00,-2.5,0.0,48.5635,-1.0,-1.8369701987210287e-16,-0.3856634062436074,0.9226395488404876,18.0,342,-1.0,-1.8369701987210297e-16,-0.38566340624360745,0.9226395488404875,1141.75,max_ac,-2.5,-0.0021896211955331727,-0.0021896211955331727,-0.4213084746751261,-481.02895096032523,478.52895096032523,leave_one_system_out
34,2010-12-09 06:00:00,-2.25,1.1965,41.7165,1.0,6.123233995736766e-17,-0.3697245428906732,0.9291414114031744,6.0,343,1.0,6.123233995736766e-17,-0.3697245428906732,0.9291414114031743,1141.75,max_ac,-2.25,-0.0019706590759798557,-0.0019706590759798557,-0.040064045263800196,-45.74312367994388,43.49312367994388,leave_one_system_out
34,2010-12-09 07:00:00,39.75,33.08125,41.8175,0.9659258262890684,-0.2588190451025206,-0.3697245428906732,0.9291414114031744,7.0,343,0.9659258262890683,-0.25881904510252063,-0.3697245428906732,0.9291414114031743,1141.75,max_ac,39.75,0.03481497700897745,0.03481497700897745,0.15478537670032427,176.72620384759523,-136.97620384759523,leave_one_system_out
34,2010-12-09 08:00:00,149.0,114.79475,45.07525,0.8660254037844387,-0.4999999999999998,-0.3697245428906732,0.9291414114031744,8.0,343,0.8660254037844387,-0.4999999999999998,-0.3697245428906732,0.9291414114031743,1141.75,max_ac,149.0,0.1305014232537771,0.1305014232537771,0.3104270479416576,354.43008198738755,-205.43008198738755,leave_one_system_out
34,2010-12-09 09:00:00,354.0,308.496,48.66975,0.7071067811865476,-0.7071067811865475,-0.3697245428906732,0.9291414114031744,9.0,343,0.7071067811865476,-0.7071067811865475,-0.3697245428906732,0.9291414114031743,1141.75,max_ac,354.0,0.31005036128749724,0.31005036128749724,0.37770794149200204,431.24804219849335,-77.24804219849335,leave_one_system_out
34,2010-12-09 10:00:00,661.25,566.67475,53.5425,0.4999999999999999,-0.8660254037844387,-0.3697245428906732,0.9291414114031744,10.0,343,0.49999999999999994,-0.8660254037844387,-0.3697245428906732,0.9291414114031743,1141.75,max_ac,661.25,0.5791548062185242,0.5791548062185242,0.32409902657014444,370.0400635864624,291.2099364135376,leave_one_system_out
34,2010-12-09 11:00:00,572.75,542.8955,56.37475,0.258819045102521,-0.9659258262890682,-0.3697245428906732,0.9291414114031744,11.0,343,0.258819045102521,-0.9659258262890682,-0.3697245428906732,0.9291414114031743,1141.75,max_ac,572.75,0.5016422158966499,0.5016422158966499,0.35162511122296286,401.4679707388178,171.28202926118217,leave_one_system_out
34,2010-12-09 12:00:00,574.75,590.698,58.9545,1.2246467991473532e-16,-1.0,-0.3697245428906732,0.9291414114031744,12.0,343,1.2246467991473532e-16,-1.0,-0.3697245428906732,0.9291414114031743,1141.75,max_ac,574.75,0.5033939128530764,0.5033939128530764,0.2732906072527671,312.02955083084686,262.72044916915314,leave_one_system_out
34,2010-12-09 13:00:00,314.5,309.74125,60.5515,-0.2588190451025208,-0.9659258262890684,-0.3697245428906732,0.9291414114031744,13.0,343,-0.2588190451025208,-0.9659258262890683,-0.3697245428906732,0.9291414114031743,1141.75,max_ac,314.5,0.27545434639807315,0.27545434639807315,0.3064915018884522,349.9366722811403,-35.43667228114032,leave_one_system_out
34,2010-12-09 14:00:00,218.0,212.744,60.09325,-0.4999999999999997,-0.8660254037844388,-0.3697245428906732,0.9291414114031744,14.0,343,-0.4999999999999997,-0.8660254037844388,-0.3697245428906732,0.9291414114031743,1141.75,max_ac,218.0,0.19093496825049266,0.19093496825049266,0.18403348443081255,210.12023084888023,7.879769151119774,leave_one_system_out
34,2010-12-09 15:00:00,112.25,119.55575,58.94925,-0.7071067811865471,-0.7071067811865479,-0.3697245428906732,0.9291414114031744,15.0,343,-0.7071067811865471,-0.7071067811865479,-0.3697245428906732,0.9291414114031743,1141.75,max_ac,112.25,0.09831399167943945,0.09831399167943945,0.01679395400526823,19.174496985515002,93.075503014485,leave_one_system_out
34,2010-12-09 16:00:00,8.75,27.02625,57.023,-0.8660254037844385,-0.5000000000000004,-0.3697245428906732,0.9291414114031744,16.0,343,-0.8660254037844385,-0.5000000000000004,-0.3697245428906732,0.9291414114031743,1141.75,max_ac,8.75,0.0076636741843661045,0.0076636741843661045,-0.16802743232574546,-191.8453208579199,200.5953208579199,leave_one_system_out
34,2010-12-09 17:00:00,-2.5,0.04875,52.66425,-0.9659258262890684,-0.2588190451025206,-0.3697245428906732,0.9291414114031744,17.0,343,-0.9659258262890683,-0.25881904510252063,-0.3697245428906732,0.9291414114031743,1141.75,max_ac,-2.5,-0.0021896211955331727,-0.0021896211955331727,-0.32081827948893704,-366.29427060649385,363.79427060649385,leave_one_system_out
34,2010-12-09 18:00:00,-2.75,0.0,50.006,-1.0,-1.8369701987210287e-16,-0.3697245428906732,0.9291414114031744,18.0,343,-1.0,-1.8369701987210297e-16,-0.3697245428906732,0.9291414114031743,1141.75,max_ac,-2.75,-0.00240858331508649,-0.00240858331508649,-0.44715637609631886,-510.54079240797205,507.79079240797205,leave_one_system_out
34,2010-12-10 06:00:00,-2.5,1.9775,38.190250000000006,1.0,6.123233995736766e-17,-0.3536761221763721,0.935367949313148,6.0,344,1.0,6.123233995736766e-17,-0.3536761221763721,0.935367949313148,1141.75,max_ac,-2.5,-0.0021896211955331727,-0.0021896211955331727,-0.020702257808939695,-23.636802853356897,21.136802853356897,leave_one_system_out
34,2010-12-10 07:00:00,74.0,52.588,39.38775,0.9659258262890684,-0.2588190451025206,-0.3536761221763721,0.935367949313148,7.0,344,0.9659258262890683,-0.25881904510252063,-0.3536761221763721,0.935367949313148,1141.75,max_ac,74.0,0.06481278738778191,0.06481278738778191,0.1565413916393388,178.73113390421508,-104.73113390421508,leave_one_system_out
34,2010-12-10 08:00:00,211.75,158.032,43.0605,0.8660254037844387,-0.4999999999999998,-0.3536761221763721,0.935367949313148,8.0,344,0.8660254037844387,-0.4999999999999998,-0.3536761221763721,0.935367949313148,1141.75,max_ac,211.75,0.18546091526165973,0.18546091526165973,0.30016452138824024,342.7128422950233,-130.96284229502328,leave_one_system_out
34,2010-12-10 09:00:00,377.25,312.32925,47.19125,0.7071067811865476,-0.7071067811865475,-0.3536761221763721,0.935367949313148,9.0,344,0.7071067811865476,-0.7071067811865475,-0.3536761221763721,0.935367949313148,1141.75,max_ac,377.25,0.3304138384059558,0.3304138384059558,0.3805151906612966,434.4532189375354,-57.20321893753538,leave_one_system_out
34,2010-12-10 10:00:00,464.5,430.12675,51.487,0.4999999999999999,-0.8660254037844387,-0.3536761221763721,0.935367949313148,10.0,344,0.49999999999999994,-0.8660254037844387,-0.3536761221763721,0.935367949313148,1141.75,max_ac,464.5,0.4068316181300635,0.4068316181300635,0.4053538301230605,462.8127355430043,1.687264456995706,leave_one_system_out
34,2010-12-10 11:00:00,576.25,571.94825,54.438500000000005,0.258819045102521,-0.9659258262890682,-0.3536761221763721,0.935367949313148,11.0,344,0.258819045102521,-0.9659258262890682,-0.3536761221763721,0.935367949313148,1141.75,max_ac,576.25,0.5047076855703964,0.5047076855703964,0.35162360913762847,401.4662557328873,174.7837442671127,leave_one_system_out
34,2010-12-10 12:00:00,630.5,582.7635,55.26575,1.2246467991473532e-16,-1.0,-0.3536761221763721,0.935367949313148,12.0,344,1.2246467991473532e-16,-1.0,-0.3536761221763721,0.935367949313148,1141.75,max_ac,630.5,0.5522224655134662,0.5522224655134662,0.3138309972940163,358.31654116044314,272.18345883955686,leave_one_system_out
34,2010-12-10 13:00:00,197.0,228.39375,55.719,-0.2588190451025208,-0.9659258262890684,-0.3536761221763721,0.935367949313148,13.0,344,-0.2588190451025208,-0.9659258262890683,-0.3536761221763721,0.935367949313148,1141.75,max_ac,197.0,0.172542150208014,0.172542150208014,0.3626365991644679,414.04033709603124,-217.04033709603124,leave_one_system_out
34,2010-12-10 14:00:00,301.25,282.71500000000003,55.71175,-0.4999999999999997,-0.8660254037844388,-0.3536761221763721,0.935367949313148,14.0,344,-0.4999999999999997,-0.8660254037844388,-0.3536761221763721,0.935367949313148,1141.75,max_ac,301.25,0.2638493540617473,0.2638493540617473,0.18873210884009775,215.4848852681816,85.76511473181839,leave_one_system_out
34,2010-12-10 15:00:00,163.0,271.36225,56.395,-0.7071067811865471,-0.7071067811865479,-0.3536761221763721,0.935367949313148,15.0,344,-0.7071067811865471,-0.7071067811865479,-0.3536761221763721,0.935367949313148,1141.75,max_ac,163.0,0.14276330194876286,0.14276330194876286,0.004922789774794989,5.6205952253721785,157.37940477462783,leave_one_system_out
34,2010-12-10 16:00:00,5.0,17.7245,54.46625,-0.8660254037844385,-0.5000000000000004,-0.3536761221763721,0.935367949313148,16.0,344,-0.8660254037844385,-0.5000000000000004,-0.3536761221763721,0.935367949313148,1141.75,max_ac,5.0,0.004379242391066345,0.004379242391066345,-0.14542451233718423,-166.0384369609801,171.0384369609801,leave_one_system_out
34,2010-12-10 17:00:00,-2.25,0.04875,50.66175,-0.9659258262890684,-0.2588190451025206,-0.3536761221763721,0.935367949313148,17.0,344,-0.9659258262890683,-0.25881904510252063,-0.3536761221763721,0.935367949313148,1141.75,max_ac,-2.25,-0.0019706590759798557,-0.0019706590759798557,-0.2972357505162493,-339.36891815192763,337.11891815192763,leave_one_system_out
34,2010-12-10 18:00:00,-2.25,0.0,48.2925,-1.0,-1.8369701987210287e-16,-0.3536761221763721,0.935367949313148,18.0,344,-1.0,-1.8369701987210297e-16,-0.3536761221763721,0.935367949313148,1141.75,max_ac,-2.25,-0.0019706590759798557,-0.0019706590759798557,-0.4199948790240715,-479.52915312573367,477.27915312573367,leave_one_system_out
34,2010-12-11 06:00:00,-3.25,1.31825,39.327,1.0,6.123233995736766e-17,-0.3375228995941134,0.941317317512847,6.0,345,1.0,6.123233995736766e-17,-0.33752289959411347,0.941317317512847,1141.75,max_ac,-3.25,-0.0028465075541931244,-0.0028465075541931244,-0.027472583667506267,-31.36682240237528,28.11682240237528,leave_one_system_out
34,2010-12-11 07:00:00,82.0,60.205,39.7775,0.9659258262890684,-0.2588190451025206,-0.3375228995941134,0.941317317512847,7.0,345,0.9659258262890683,-0.25881904510252063,-0.33752289959411347,0.941317317512847,1141.75,max_ac,82.0,0.07181957521348807,0.07181957521348807,0.1541797492944611,176.03472875695095,-94.03472875695095,leave_one_system_out
34,2010-12-11 08:00:00,352.75,378.174,44.78175,0.8660254037844387,-0.4999999999999998,-0.3375228995941134,0.941317317512847,8.0,345,0.8660254037844387,-0.4999999999999998,-0.33752289959411347,0.941317317512847,1141.75,max_ac,352.75,0.3089555506897307,0.3089555506897307,0.22777414466199777,260.061129667836,92.68887033216402,leave_one_system_out
34,2010-12-11 09:00:00,587.75,595.77675,49.67725,0.7071067811865476,-0.7071067811865475,-0.3375228995941134,0.941317317512847,9.0,345,0.7071067811865476,-0.7071067811865475,-0.33752289959411347,0.941317317512847,1141.75,max_ac,587.75,0.5147799430698489,0.5147799430698489,0.24395430108685362,278.5348232659151,309.2151767340849,leave_one_system_out
34,2010-12-11 10:00:00,717.25,745.23925,52.9145,0.4999999999999999,-0.8660254037844387,-0.3375228995941134,0.941317317512847,10.0,345,0.49999999999999994,-0.8660254037844387,-0.33752289959411347,0.941317317512847,1141.75,max_ac,717.25,0.6282023209984673,0.6282023209984673,0.2353538015512326,268.7152029211198,448.5347970788802,leave_one_system_out
34,2010-12-11 11:00:00,763.25,821.9727499999999,57.962,0.258819045102521,-0.9659258262890682,-0.3375228995941134,0.941317317512847,11.0,345,0.258819045102521,-0.9659258262890682,-0.33752289959411347,0.941317317512847,1141.75,max_ac,763.25,0.6684913509962777,0.6684913509962777,0.1682457633771574,192.09460033586947,571.1553996641305,leave_one_system_out
34,2010-12-11 12:00:00,685.5,808.3007499999999,62.179,1.2246467991473532e-16,-1.0,-0.3375228995941134,0.941317317512847,12.0,345,1.2246467991473532e-16,-1.0,-0.33752289959411347,0.941317317512847,1141.75,max_ac,685.5,0.600394131815196,0.600394131815196,0.09443999132702124,107.82686009762651,577.6731399023735,leave_one_system_out
34,2010-12-11 13:00:00,622.75,646.58175,65.019,-0.2588190451025208,-0.9659258262890684,-0.3375228995941134,0.941317317512847,13.0,345,-0.2588190451025208,-0.9659258262890683,-0.33752289959411347,0.941317317512847,1141.75,max_ac,622.75,0.5454346398073133,0.5454346398073133,0.06525756362966789,74.50782327417332,548.2421767258267,leave_one_system_out
34,2010-12-11 14:00:00,448.5,528.662,66.05675,-0.4999999999999997,-0.8660254037844388,-0.3375228995941134,0.941317317512847,14.0,345,-0.4999999999999997,-0.8660254037844388,-0.33752289959411347,0.941317317512847,1141.75,max_ac,448.5,0.3928180424786512,0.3928180424786512,-0.034106662258376164,-38.941281633500985,487.441281633501,leave_one_system_out
34,2010-12-11 15:00:00,118.5,202.319,65.39625,-0.7071067811865471,-0.7071067811865479,-0.3375228995941134,0.941317317512847,15.0,345,-0.7071067811865471,-0.7071067811865479,-0.33752289959411347,0.941317317512847,1141.75,max_ac,118.5,0.10378804466827239,0.10378804466827239,-0.07480131358299541,-85.404399783385,203.904399783385,leave_one_system_out
34,2010-12-11 16:00:00,3.75,15.967,62.293,-0.8660254037844385,-0.5000000000000004,-0.3375228995941134,0.941317317512847,16.0,345,-0.8660254037844385,-0.5000000000000004,-0.33752289959411347,0.941317317512847,1141.75,max_ac,3.75,0.003284431793299759,0.003284431793299759,-0.2201655043348837,-251.37396457435347,255.12396457435347,leave_one_system_out
34,2010-12-11 17:00:00,-3.0,0.1222499999999999,57.73425,-0.9659258262890684,-0.2588190451025206,-0.3375228995941134,0.941317317512847,17.0,345,-0.9659258262890683,-0.25881904510252063,-0.33752289959411347,0.941317317512847,1141.75,max_ac,-3.0,-0.0026275454346398074,-0.0026275454346398074,-0.3905424176394421,-445.901805339833,442.901805339833,leave_one_system_out
34,2010-12-11 18:00:00,-2.75,0.09775,55.4305,-1.0,-1.8369701987210287e-16,-0.3375228995941134,0.941317317512847,18.0,345,-1.0,-1.8369701987210297e-16,-0.33752289959411347,0.941317317512847,1141.75,max_ac,-2.75,-0.00240858331508649,-0.00240858331508649,-0.5464533866306025,-623.9131541854904,621.1631541854904,leave_one_system_out
34,2010-12-12 06:00:00,-2.0,0.708,43.87075,1.0,6.123233995736766e-17,-0.3212696616923651,0.9469877530760752,6.0,346,1.0,6.123233995736766e-17,-0.32126966169236515,0.9469877530760751,1141.75,max_ac,-2.0,-0.0017516969564265383,-0.0017516969564265383,-0.05598894443342045,-63.9253773068578,61.9253773068578,leave_one_system_out
34,2010-12-12 07:00:00,72.0,41.04025,43.11075,0.9659258262890684,-0.2588190451025206,-0.3212696616923651,0.9469877530760752,7.0,346,0.9659258262890683,-0.25881904510252063,-0.32126966169236515,0.9469877530760751,1141.75,max_ac,72.0,0.06306109043135538,0.06306109043135538,0.14863771409208448,169.70711006463745,-97.70711006463745,leave_one_system_out
34,2010-12-12 08:00:00,322.75,358.5205,46.86225,0.8660254037844387,-0.4999999999999998,-0.3212696616923651,0.9469877530760752,8.0,346,0.8660254037844387,-0.4999999999999998,-0.32126966169236515,0.9469877530760751,1141.75,max_ac,322.75,0.2826800963433326,0.2826800963433326,0.21699897709057642,247.75858209316561,74.99141790683439,leave_one_system_out
34,2010-12-12 09:00:00,595.0,614.502,52.449,0.7071067811865476,-0.7071067811865475,-0.3212696616923651,0.9469877530760752,9.0,346,0.7071067811865476,-0.7071067811865475,-0.32126966169236515,0.9469877530760751,1141.75,max_ac,595.0,0.5211298445368951,0.5211298445368951,0.19995000137604957,228.2929140711046,366.70708592889537,leave_one_system_out
34,2010-12-12 10:00:00,728.5,776.0254999999999,57.324,0.4999999999999999,-0.8660254037844387,-0.3212696616923651,0.9469877530760752,10.0,346,0.49999999999999994,-0.8660254037844387,-0.32126966169236515,0.9469877530760751,1141.75,max_ac,728.5,0.6380556163783665,0.6380556163783665,0.15025916651541543,171.55840336897558,556.9415966310244,leave_one_system_out
34,2010-12-12 11:00:00,770.75,848.75475,61.04,0.258819045102521,-0.9659258262890682,-0.3212696616923651,0.9469877530760752,11.0,346,0.258819045102521,-0.9659258262890682,-0.32126966169236515,0.9469877530760751,1141.75,max_ac,770.75,0.6750602145828771,0.6750602145828771,0.09629703152619479,109.9471357450329,660.8028642549671,leave_one_system_out
34,2010-12-12 12:00:00,740.0,826.4892500000001,63.90275,1.2246467991473532e-16,-1.0,-0.3212696616923651,0.9469877530760752,12.0,346,1.2246467991473532e-16,-1.0,-0.32126966169236515,0.9469877530760751,1141.75,max_ac,740.0,0.6481278738778191,0.6481278738778191,0.0488160129589616,55.735682795894405,684.2643172041056,leave_one_system_out
34,2010-12-12 13:00:00,635.75,726.9775,66.0695,-0.2588190451025208,-0.9659258262890684,-0.3212696616923651,0.9469877530760752,13.0,346,-0.2588190451025208,-0.9659258262890683,-0.32126966169236515,0.9469877530760751,1141.75,max_ac,635.75,0.5568206700240859,0.5568206700240859,-0.006286799600897008,-7.177953444324159,642.9279534443242,leave_one_system_out
34,2010-12-12 14:00:00,450.0,549.56075,67.37275,-0.4999999999999997,-0.8660254037844388,-0.3212696616923651,0.9469877530760752,14.0,346,-0.4999999999999997,-0.8660254037844388,-0.32126966169236515,0.9469877530760751,1141.75,max_ac,450.0,0.3941318151959711,0.3941318151959711,-0.06987263288499007,-79.77707859643742,529.7770785964374,leave_one_system_out
34,2010-12-12 15:00:00,155.75,289.72175000000004,66.642,-0.7071067811865471,-0.7071067811865479,-0.3212696616923651,0.9469877530760752,15.0,346,-0.7071067811865471,-0.7071067811865479,-0.32126966169236515,0.9469877530760751,1141.75,max_ac,155.75,0.13641340048171666,0.13641340048171666,-0.13112219391255375,-149.70876489965823,305.45876489965826,leave_one_system_out
34,2010-12-12 16:00:00,1.5,10.083,64.04225,-0.8660254037844385,-0.5000000000000004,-0.3212696616923651,0.9469877530760752,16.0,346,-0.8660254037844385,-0.5000000000000004,-0.32126966169236515,0.9469877530760751,1141.75,max_ac,1.5,0.0013137727173199037,0.0013137727173199037,-0.2381091488534275,-271.86112070340084,273.36112070340084,leave_one_system_out
34,2010-12-12 17:00:00,-2.25,0.1709999999999999,58.98725,-0.9659258262890684,-0.2588190451025206,-0.3212696616923651,0.9469877530760752,17.0,346,-0.9659258262890683,-0.25881904510252063,-0.32126966169236515,0.9469877530760751,1141.75,max_ac,-2.25,-0.0019706590759798557,-0.0019706590759798557,-0.40953996692733163,-467.5922572392809,465.3422572392809,leave_one_system_out
34,2010-12-12 18:00:00,-2.75,0.0245,55.866,-1.0,-1.8369701987210287e-16,-0.3212696616923651,0.9469877530760752,18.0,346,-1.0,-1.8369701987210297e-16,-0.32126966169236515,0.9469877530760751,1141.75,max_ac,-2.75,-0.00240858331508649,-0.00240858331508649,-0.556300931089365,-635.1565880712824,632.4065880712824,leave_one_system_out
34,2010-12-13 06:00:00,-2.25,1.4405,40.08075,1.0,6.123233995736766e-17,-0.3049212246562894,0.9523775757303972,6.0,347,1.0,6.123233995736766e-17,-0.3049212246562894,0.9523775757303973,1141.75,max_ac,-2.25,-0.0019706590759798557,-0.0019706590759798557,-0.033127220568824334,-37.823004084455185,35.573004084455185,leave_one_system_out
34,2010-12-13 07:00:00,106.5,83.2765,41.491,0.9659258262890684,-0.2588190451025206,-0.3049212246562894,0.9523775757303972,7.0,347,0.9659258262890683,-0.25881904510252063,-0.3049212246562894,0.9523775757303973,1141.75,max_ac,106.5,0.09327786292971316,0.09327786292971316,0.1440388764019535,164.45638713193043,-57.95638713193043,leave_one_system_out
34,2010-12-13 08:00:00,360.5,420.84975,47.67225,0.8660254037844387,-0.4999999999999998,-0.3049212246562894,0.9523775757303972,8.0,347,0.8660254037844387,-0.4999999999999998,-0.3049212246562894,0.9523775757303973,1141.75,max_ac,360.5,0.3157433763958835,0.3157433763958835,0.18480286575496868,210.9986719757355,149.5013280242645,leave_one_system_out
34,2010-12-13 09:00:00,596.25,632.78825,51.292,0.7071067811865476,-0.7071067811865475,-0.3049212246562894,0.9523775757303972,9.0,347,0.7071067811865476,-0.7071067811865475,-0.3049212246562894,0.9523775757303973,1141.75,max_ac,596.25,0.5222246551346617,0.5222246551346617,0.20305577444247586,231.8389304696968,364.41106953030317,leave_one_system_out
34,2010-12-13 10:00:00,725.75,781.616,55.709,0.4999999999999999,-0.8660254037844387,-0.3049212246562894,0.9523775757303972,10.0,347,0.49999999999999994,-0.8660254037844387,-0.3049212246562894,0.9523775757303973,1141.75,max_ac,725.75,0.6356470330632801,0.6356470330632801,0.16937171426371223,193.38015476059343,532.3698452394066,leave_one_system_out
34,2010-12-13 11:00:00,775.75,858.252,59.6805,0.258819045102521,-0.9659258262890682,-0.3049212246562894,0.9523775757303972,11.0,347,0.258819045102521,-0.9659258262890682,-0.3049212246562894,0.9523775757303973,1141.75,max_ac,775.75,0.6794394569739435,0.6794394569739435,0.11102049502925293,126.75765019964953,648.9923498003504,leave_one_system_out
34,2010-12-13 12:00:00,746.0,835.5714999999999,63.02725,1.2246467991473532e-16,-1.0,-0.3049212246562894,0.9523775757303972,12.0,347,1.2246467991473532e-16,-1.0,-0.3049212246562894,0.9523775757303973,1141.75,max_ac,746.0,0.6533829647470988,0.6533829647470988,0.055749659217582626,63.652173411674966,682.347826588325,leave_one_system_out
34,2010-12-13 13:00:00,654.0,739.38,64.57625,-0.2588190451025208,-0.9659258262890684,-0.3049212246562894,0.9523775757303972,13.0,347,-0.2588190451025208,-0.9659258262890683,-0.3049212246562894,0.9523775757303973,1141.75,max_ac,654.0,0.5728049047514779,0.5728049047514779,0.009974556003112423,11.388449316553608,642.6115506834464,leave_one_system_out
34,2010-12-13 14:00:00,482.25,570.63,65.79625,-0.4999999999999997,-0.8660254037844388,-0.3049212246562894,0.9523775757303972,14.0,347,-0.4999999999999997,-0.8660254037844388,-0.3049212246562894,0.9523775757303973,1141.75,max_ac,482.25,0.42237792861834905,0.42237792861834905,-0.05770290851114379,-65.88229579259843,548.1322957925984,leave_one_system_out
34,2010-12-13 15:00:00,174.75,298.21775,65.10275,-0.7071067811865471,-0.7071067811865479,-0.3049212246562894,0.9523775757303972,15.0,347,-0.7071067811865471,-0.7071067811865479,-0.3049212246562894,0.9523775757303973,1141.75,max_ac,174.75,0.15305452156776878,0.15305452156776878,-0.11545801073354478,-131.82418375502476,306.57418375502476,leave_one_system_out
34,2010-12-13 16:00:00,7.5,18.40825,62.60925,-0.8660254037844385,-0.5000000000000004,-0.3049212246562894,0.9523775757303972,16.0,347,-0.8660254037844385,-0.5000000000000004,-0.3049212246562894,0.9523775757303973,1141.75,max_ac,7.5,0.006568863586599518,0.006568863586599518,-0.2262742962156259,-258.34867770419083,265.84867770419083,leave_one_system_out
34,2010-12-13 17:00:00,-2.25,0.1709999999999999,58.5645,-0.9659258262890684,-0.2588190451025206,-0.3049212246562894,0.9523775757303972,17.0,347,-0.9659258262890683,-0.25881904510252063,-0.3049212246562894,0.9523775757303973,1141.75,max_ac,-2.25,-0.0019706590759798557,-0.0019706590759798557,-0.4049504081440687,-462.3521284984904,460.1021284984904,leave_one_system_out
34,2010-12-13 18:00:00,-2.5,0.0735,55.31925,-1.0,-1.8369701987210287e-16,-0.3049212246562894,0.9523775757303972,18.0,347,-1.0,-1.8369701987210297e-16,-0.3049212246562894,0.9523775757303973,1141.75,max_ac,-2.5,-0.0021896211955331727,-0.0021896211955331727,-0.5480295217979223,-625.7127065127778,623.2127065127778,leave_one_system_out
34,2010-12-14 06:00:00,-1.5,1.709,40.29125,1.0,6.123233995736766e-17,-0.2884824328806098,0.9574851883550388,6.0,348,1.0,6.123233995736766e-17,-0.2884824328806098,0.9574851883550389,1141.75,max_ac,-1.5,-0.0013137727173199037,-0.0013137727173199037,-0.03509539048971033,-40.07016209162677,38.57016209162677,leave_one_system_out
34,2010-12-14 07:00:00,120.25,85.30275,41.31125,0.9659258262890684,-0.2588190451025206,-0.2884824328806098,0.9574851883550388,7.0,348,0.9659258262890683,-0.25881904510252063,-0.2884824328806098,0.9574851883550389,1141.75,max_ac,120.25,0.10532077950514561,0.10532077950514561,0.14369821263589777,164.06743427703628,-43.817434277036284,leave_one_system_out
34,2010-12-14 08:00:00,310.25,309.3995,46.632,0.8660254037844387,-0.4999999999999998,-0.2884824328806098,0.9574851883550388,8.0,348,0.8660254037844387,-0.4999999999999998,-0.2884824328806098,0.9574851883550389,1141.75,max_ac,310.25,0.27173199036566675,0.27173199036566675,0.23427667077564376,267.48538885809126,42.764611141908745,leave_one_system_out
34,2010-12-14 09:00:00,366.25,326.3185,51.067,0.7071067811865476,-0.7071067811865475,-0.2884824328806098,0.9574851883550388,9.0,348,0.7071067811865476,-0.7071067811865475,-0.2884824328806098,0.9574851883550389,1141.75,max_ac,366.25,0.3207795051456098,0.3207795051456098,0.354817849833455,405.11328004734725,-38.863280047347246,leave_one_system_out
34,2010-12-14 10:00:00,503.5,450.83,52.945,0.4999999999999999,-0.8660254037844387,-0.2884824328806098,0.9574851883550388,10.0,348,0.49999999999999994,-0.8660254037844387,-0.2884824328806098,0.9574851883550389,1141.75,max_ac,503.5,0.440989708780381,0.440989708780381,0.38148072066095806,435.55561281464884,67.94438718535116,leave_one_system_out
34,2010-12-14 11:00:00,728.5,704.1995,56.5395,0.258819045102521,-0.9659258262890682,-0.2884824328806098,0.9574851883550388,11.0,348,0.258819045102521,-0.9659258262890682,-0.2884824328806098,0.9574851883550389,1141.75,max_ac,728.5,0.6380556163783665,0.6380556163783665,0.24985746172949902,285.2747569296555,443.2252430703445,leave_one_system_out
34,2010-12-14 12:00:00,315.75,321.655,58.39725,1.2246467991473532e-16,-1.0,-0.2884824328806098,0.9574851883550388,12.0,348,1.2246467991473532e-16,-1.0,-0.2884824328806098,0.9574851883550389,1141.75,max_ac,315.75,0.2765491569958397,0.2765491569958397,0.4182096428687205,477.4908597453616,-161.7408597453616,leave_one_system_out
34,2010-12-14 13:00:00,374.25,301.172,58.658,-0.2588190451025208,-0.9659258262890684,-0.2884824328806098,0.9574851883550388,13.0,348,-0.2588190451025208,-0.9659258262890683,-0.2884824328806098,0.9574851883550389,1141.75,max_ac,374.25,0.32778629297131595,0.32778629297131595,0.3163176840673669,361.15571578391615,13.09428421608385,leave_one_system_out
34,2010-12-14 14:00:00,517.0,592.26075,60.72125,-0.4999999999999997,-0.8660254037844388,-0.2884824328806098,0.9574851883550388,14.0,348,-0.4999999999999997,-0.8660254037844388,-0.2884824328806098,0.9574851883550389,1141.75,max_ac,517.0,0.4528136632362601,0.4528136632362601,0.013827439441575884,15.787478982419266,501.21252101758074,leave_one_system_out
34,2010-12-14 15:00:00,139.0,209.61925,60.73875,-0.7071067811865471,-0.7071067811865479,-0.2884824328806098,0.9574851883550388,15.0,348,-0.7071067811865471,-0.7071067811865479,-0.2884824328806098,0.9574851883550389,1141.75,max_ac,139.0,0.1217429384716444,0.1217429384716444,-0.03102026892439963,-35.41739204443328,174.41739204443329,leave_one_system_out
34,2010-12-14 16:00:00,8.25,21.387,58.14175,-0.8660254037844385,-0.5000000000000004,-0.2884824328806098,0.9574851883550388,16.0,348,-0.8660254037844385,-0.5000000000000004,-0.2884824328806098,0.9574851883550389,1141.75,max_ac,8.25,0.00722574994525947,0.00722574994525947,-0.18278159792574433,-208.6908894317186,216.9408894317186,leave_one_system_out
34,2010-12-14 17:00:00,-2.5,0.244,55.104,-0.9659258262890684,-0.2588190451025206,-0.2884824328806098,0.9574851883550388,17.0,348,-0.9659258262890683,-0.25881904510252063,-0.2884824328806098,0.9574851883550389,1141.75,max_ac,-2.5,-0.0021896211955331727,-0.0021896211955331727,-0.35875603746616713,-409.60970577699635,407.10970577699635,leave_one_system_out
34,2010-12-14 18:00:00,-2.5,0.0735,53.4665,-1.0,-1.8369701987210287e-16,-0.2884824328806098,0.9574851883550388,18.0,348,-1.0,-1.8369701987210297e-16,-0.2884824328806098,0.9574851883550389,1141.75,max_ac,-2.5,-0.0021896211955331727,-0.0021896211955331727,-0.5161297911510666,-589.2911890467303,586.7911890467303,leave_one_system_out
34,2010-12-15 06:00:00,-3.25,0.171,48.3355,1.0,6.123233995736766e-17,-0.2719581575341052,0.9623090774541488,6.0,349,1.0,6.123233995736766e-17,-0.27195815753410524,0.9623090774541487,1141.75,max_ac,-3.25,-0.0028465075541931244,-0.0028465075541931244,-0.09086179165409886,-103.74145062106737,100.49145062106737,leave_one_system_out
34,2010-12-15 07:00:00,19.25,21.63075,49.94275,0.9659258262890684,-0.2588190451025206,-0.2719581575341052,0.9623090774541488,7.0,349,0.9659258262890683,-0.25881904510252063,-0.27195815753410524,0.9623090774541487,1141.75,max_ac,19.25,0.01686008320560543,0.01686008320560543,0.13008771809948166,148.52765214008318,-129.27765214008318,leave_one_system_out
34,2010-12-15 08:00:00,119.0,93.53025,52.016,0.8660254037844387,-0.4999999999999998,-0.2719581575341052,0.9623090774541488,8.0,349,0.8660254037844387,-0.4999999999999998,-0.27195815753410524,0.9623090774541487,1141.75,max_ac,119.0,0.10422596890737902,0.10422596890737902,0.3053493053553531,348.6325693894744,-229.63256938947438,leave_one_system_out
34,2010-12-15 09:00:00,297.5,296.0695,56.514,0.7071067811865476,-0.7071067811865475,-0.2719581575341052,0.9623090774541488,9.0,349,0.7071067811865476,-0.7071067811865475,-0.27195815753410524,0.9623090774541487,1141.75,max_ac,297.5,0.2605649222684476,0.2605649222684476,0.34325896480701346,391.9159230684076,-94.41592306840761,leave_one_system_out
34,2010-12-15 10:00:00,303.75,249.878,59.959,0.4999999999999999,-0.8660254037844387,-0.2719581575341052,0.9623090774541488,10.0,349,0.49999999999999994,-0.8660254037844387,-0.27195815753410524,0.9623090774541487,1141.75,max_ac,303.75,0.2660389752572805,0.2660389752572805,0.4717953362498618,538.6723251632798,-234.92232516327977,leave_one_system_out
34,2010-12-15 11:00:00,372.25,355.32225,63.285,0.258819045102521,-0.9659258262890682,-0.2719581575341052,0.9623090774541488,11.0,349,0.258819045102521,-0.9659258262890682,-0.27195815753410524,0.9623090774541487,1141.75,max_ac,372.25,0.32603459601488943,0.32603459601488943,0.4157521278176132,474.6849919357599,-102.43499193575991,leave_one_system_out
34,2010-12-15 12:00:00,227.5,212.91525,63.690250000000006,1.2246467991473532e-16,-1.0,-0.2719581575341052,0.9623090774541488,12.0,349,1.2246467991473532e-16,-1.0,-0.27195815753410524,0.9623090774541487,1141.75,max_ac,227.5,0.1992555287935187,0.1992555287935187,0.467612150233198,533.8961725287538,-306.3961725287538,leave_one_system_out
34,2010-12-15 13:00:00,161.25,144.1165,62.384,-0.2588190451025208,-0.9659258262890684,-0.2719581575341052,0.9623090774541488,13.0,349,-0.2588190451025208,-0.9659258262890683,-0.27195815753410524,0.9623090774541487,1141.75,max_ac,161.25,0.14123056711188964,0.14123056711188964,0.3834684265453178,437.82507600811664,-276.57507600811664,leave_one_system_out
34,2010-12-15 14:00:00,143.75,121.28875,62.14875,-0.4999999999999997,-0.8660254037844388,-0.2719581575341052,0.9623090774541488,14.0,349,-0.4999999999999997,-0.8660254037844388,-0.27195815753410524,0.9623090774541487,1141.75,max_ac,143.75,0.12590321874315744,0.12590321874315744,0.20730148980492616,236.68647598477443,-92.93647598477443,leave_one_system_out
34,2010-12-15 15:00:00,64.0,74.34100000000001,61.4325,-0.7071067811865471,-0.7071067811865479,-0.2719581575341052,0.9623090774541488,15.0,349,-0.7071067811865471,-0.7071067811865479,-0.27195815753410524,0.9623090774541487,1141.75,max_ac,64.0,0.056054302605649226,0.056054302605649226,0.0067992978718075525,7.763098345136273,56.23690165486373,leave_one_system_out
34,2010-12-15 16:00:00,0.75,14.13575,59.678,-0.8660254037844385,-0.5000000000000004,-0.2719581575341052,0.9623090774541488,16.0,349,-0.8660254037844385,-0.5000000000000004,-0.27195815753410524,0.9623090774541487,1141.75,max_ac,0.75,0.0006568863586599519,0.0006568863586599519,-0.1974414210053741,-225.42874243288588,226.17874243288588,leave_one_system_out
34,2010-12-15 17:00:00,-2.0,0.12225,58.253,-0.9659258262890684,-0.2588190451025206,-0.2719581575341052,0.9623090774541488,17.0,349,-0.9659258262890683,-0.25881904510252063,-0.27195815753410524,0.9623090774541487,1141.75,max_ac,-2.0,-0.0017516969564265383,-0.0017516969564265383,-0.40331785020628264,-460.4881554730232,458.4881554730232,leave_one_system_out
34,2010-12-15 18:00:00,-2.75,0.1465,56.01275,-1.0,-1.8369701987210287e-16,-0.2719581575341052,0.9623090774541488,18.0,349,-1.0,-1.8369701987210297e-16,-0.27195815753410524,0.9623090774541487,1141.75,max_ac,-2.75,-0.00240858331508649,-0.00240858331508649,-0.5644731981020621,-644.4872739330294,641.7372739330294,leave_one_system_out
34,2010-12-16 06:00:00,-3.75,0.09775,50.57575,1.0,6.123233995736766e-17,-0.2553532951161881,0.9668478136052772,6.0,350,1.0,6.123233995736766e-17,-0.2553532951161881,0.9668478136052773,1141.75,max_ac,-3.75,-0.003284431793299759,-0.003284431793299759,-0.10997722288147516,-125.56649422492426,121.81649422492426,leave_one_system_out
34,2010-12-16 07:00:00,13.0,15.45425,50.639,0.9659258262890684,-0.2588190451025206,-0.2553532951161881,0.9668478136052772,7.0,350,0.9659258262890683,-0.25881904510252063,-0.2553532951161881,0.9668478136052773,1141.75,max_ac,13.0,0.011386030216772498,0.011386030216772498,0.12936871935657807,147.70673532537302,-134.70673532537302,leave_one_system_out
34,2010-12-16 08:00:00,65.25,59.839,51.88425,0.8660254037844387,-0.4999999999999998,-0.2553532951161881,0.9668478136052772,8.0,350,0.8660254037844387,-0.4999999999999998,-0.2553532951161881,0.9668478136052773,1141.75,max_ac,65.25,0.057149113203415806,0.057149113203415806,0.32251708679378904,368.2338838468086,-302.9838838468086,leave_one_system_out
34,2010-12-16 09:00:00,320.75,239.55075,53.955,0.7071067811865476,-0.7071067811865475,-0.2553532951161881,0.9668478136052772,9.0,350,0.7071067811865476,-0.7071067811865475,-0.2553532951161881,0.9668478136052773,1141.75,max_ac,320.75,0.28092839938690606,0.28092839938690606,0.3878207722181419,442.7943666800635,-122.04436668006349,leave_one_system_out
34,2010-12-16 10:00:00,698.0,649.21875,57.17225,0.4999999999999999,-0.8660254037844387,-0.2553532951161881,0.9668478136052772,10.0,350,0.49999999999999994,-0.8660254037844387,-0.2553532951161881,0.9668478136052773,1141.75,max_ac,698.0,0.6113422377928618,0.6113422377928618,0.22282869822471812,254.41466619807193,443.5853338019281,leave_one_system_out
34,2010-12-16 11:00:00,354.5,315.7225,56.823,0.258819045102521,-0.9659258262890682,-0.2553532951161881,0.9668478136052772,11.0,350,0.258819045102521,-0.9659258262890682,-0.2553532951161881,0.9668478136052773,1141.75,max_ac,354.5,0.3104882855266039,0.3104882855266039,0.4694859023532796,536.035529011857,-181.53552901185697,leave_one_system_out
34,2010-12-16 12:00:00,316.0,263.25675,56.266000000000005,1.2246467991473532e-16,-1.0,-0.2553532951161881,0.9668478136052772,12.0,350,1.2246467991473532e-16,-1.0,-0.2553532951161881,0.9668478136052773,1141.75,max_ac,316.0,0.27676811911539306,0.27676811911539306,0.4543190602432896,518.7187870327759,-202.71878703277594,leave_one_system_out
34,2010-12-16 13:00:00,246.5,223.389,56.706500000000005,-0.2588190451025208,-0.9659258262890684,-0.2553532951161881,0.9668478136052772,13.0,350,-0.2588190451025208,-0.9659258262890683,-0.2553532951161881,0.9668478136052773,1141.75,max_ac,246.5,0.21589664987957083,0.21589664987957083,0.3581827039812109,408.9551022705475,-162.4551022705475,leave_one_system_out
34,2010-12-16 14:00:00,129.75,166.35725,56.14475,-0.4999999999999997,-0.8660254037844388,-0.2553532951161881,0.9668478136052772,14.0,350,-0.4999999999999997,-0.8660254037844388,-0.2553532951161881,0.9668478136052773,1141.75,max_ac,129.75,0.11364134004817167,0.11364134004817167,0.21598481862829824,246.60066666885953,-116.85066666885953,leave_one_system_out
34,2010-12-16 15:00:00,103.0,122.6075,54.2055,-0.7071067811865471,-0.7071067811865479,-0.2553532951161881,0.9668478136052772,15.0,350,-0.7071067811865471,-0.7071067811865479,-0.2553532951161881,0.9668478136052773,1141.75,max_ac,103.0,0.09021239325596672,0.09021239325596672,0.04395001839905682,50.179933507123124,52.820066492876876,leave_one_system_out
34,2010-12-16 16:00:00,5.0,17.505,53.231,-0.8660254037844385,-0.5000000000000004,-0.2553532951161881,0.9668478136052772,16.0,350,-0.8660254037844385,-0.5000000000000004,-0.2553532951161881,0.9668478136052773,1141.75,max_ac,5.0,0.004379242391066345,0.004379242391066345,-0.1399920046306603,-159.8358712870564,164.8358712870564,leave_one_system_out
34,2010-12-16 17:00:00,-2.25,0.0,50.72,-0.9659258262890684,-0.2588190451025206,-0.2553532951161881,0.9668478136052772,17.0,350,-0.9659258262890683,-0.25881904510252063,-0.2553532951161881,0.9668478136052773,1141.75,max_ac,-2.25,-0.0019706590759798557,-0.0019706590759798557,-0.30498318575210603,-348.21455233246706,345.96455233246706,leave_one_system_out
34,2010-12-16 18:00:00,-2.25,0.0,49.38375,-1.0,-1.8369701987210287e-16,-0.2553532951161881,0.9668478136052772,18.0,350,-1.0,-1.8369701987210297e-16,-0.2553532951161881,0.9668478136052773,1141.75,max_ac,-2.25,-0.0019706590759798557,-0.0019706590759798557,-0.4480734164378489,-511.58782321791404,509.33782321791404,leave_one_system_out
34,2010-12-17 06:00:00,-3.5,0.0,42.441,1.0,6.123233995736766e-17,-0.2386727660059499,0.9711000518829505,6.0,351,1.0,6.123233995736766e-17,-0.23867276600594997,0.9711000518829505,1141.75,max_ac,-3.5,-0.003065469673746442,-0.003065469673746442,-0.050409803192728586,-57.55539279529786,54.05539279529786,leave_one_system_out
34,2010-12-17 07:00:00,10.75,13.037,43.716,0.9659258262890684,-0.2588190451025206,-0.2386727660059499,0.9711000518829505,7.0,351,0.9659258262890683,-0.25881904510252063,-0.23867276600594997,0.9711000518829505,1141.75,max_ac,10.75,0.009415371140792644,0.009415371140792644,0.1520989224404999,173.65894469644078,-162.90894469644078,leave_one_system_out
34,2010-12-17 08:00:00,40.5,36.52375,44.083,0.8660254037844387,-0.4999999999999998,-0.2386727660059499,0.9711000518829505,8.0,351,0.8660254037844387,-0.4999999999999998,-0.23867276600594997,0.9711000518829505,1141.75,max_ac,40.5,0.0354718633676374,0.0354718633676374,0.3335321134251915,380.8102905032124,-340.3102905032124,leave_one_system_out
34,2010-12-17 09:00:00,129.75,75.43950000000001,43.96175,0.7071067811865476,-0.7071067811865475,-0.2386727660059499,0.9711000518829505,9.0,351,0.7071067811865476,-0.7071067811865475,-0.23867276600594997,0.9711000518829505,1141.75,max_ac,129.75,0.11364134004817167,0.11364134004817167,0.4619791979581629,527.4647492687325,-397.7147492687325,leave_one_system_out
34,2010-12-17 10:00:00,194.25,156.5185,45.43725,0.4999999999999999,-0.8660254037844387,-0.2386727660059499,0.9711000518829505,10.0,351,0.49999999999999994,-0.8660254037844387,-0.23867276600594997,0.9711000518829505,1141.75,max_ac,194.25,0.17013356689292752,0.17013356689292752,0.520672268852008,594.4775629617801,-400.2275629617801,leave_one_system_out
34,2010-12-17 11:00:00,230.0,183.86225,45.8575,0.258819045102521,-0.9659258262890682,-0.2386727660059499,0.9711000518829505,11.0,351,0.258819045102521,-0.9659258262890682,-0.23867276600594997,0.9711000518829505,1141.75,max_ac,230.0,0.20144514998905189,0.20144514998905189,0.5295448775369525,604.6078639278155,-374.6078639278155,leave_one_system_out
34,2010-12-17 12:00:00,331.0,265.86925,47.814,1.2246467991473532e-16,-1.0,-0.2386727660059499,0.9711000518829505,12.0,351,1.2246467991473532e-16,-1.0,-0.23867276600594997,0.9711000518829505,1141.75,max_ac,331.0,0.28990584628859206,0.28990584628859206,0.4625512959283852,528.1179421262337,-197.11794212623374,leave_one_system_out
34,2010-12-17 13:00:00,249.0,185.74225,47.589,-0.2588190451025208,-0.9659258262890684,-0.2386727660059499,0.9711000518829505,13.0,351,-0.2588190451025208,-0.9659258262890683,-0.23867276600594997,0.9711000518829505,1141.75,max_ac,249.0,0.218086271075104,0.218086271075104,0.382855390567372,437.12514218029696,-188.12514218029696,leave_one_system_out
34,2010-12-17 14:00:00,47.25,56.51875,45.4525,-0.4999999999999997,-0.8660254037844388,-0.2386727660059499,0.9711000518829505,14.0,351,-0.4999999999999997,-0.8660254037844388,-0.23867276600594997,0.9711000518829505,1141.75,max_ac,47.25,0.04138384059557697,0.04138384059557697,0.2539244298257336,289.91821775353134,-242.66821775353134,leave_one_system_out
34,2010-12-17 15:00:00,21.75,26.5135,44.359,-0.7071067811865471,-0.7071067811865479,-0.2386727660059499,0.9711000518829505,15.0,351,-0.7071067811865471,-0.7071067811865479,-0.23867276600594997,0.9711000518829505,1141.75,max_ac,21.75,0.019049704401138602,0.019049704401138602,0.08952532957566217,102.21554504301228,-80.46554504301228,leave_one_system_out
34,2010-12-17 16:00:00,-2.0,4.15025,43.3035,-0.8660254037844385,-0.5000000000000004,-0.2386727660059499,0.9711000518829505,16.0,351,-0.8660254037844385,-0.5000000000000004,-0.23867276600594997,0.9711000518829505,1141.75,max_ac,-2.0,-0.0017516969564265383,-0.0017516969564265383,-0.07202107583936923,-82.23006333959982,80.23006333959982,leave_one_system_out
34,2010-12-17 17:00:00,-2.25,0.0,42.62,-0.9659258262890684,-0.2588190451025206,-0.2386727660059499,0.9711000518829505,17.0,351,-0.9659258262890683,-0.25881904510252063,-0.23867276600594997,0.9711000518829505,1141.75,max_ac,-2.25,-0.0019706590759798557,-0.0019706590759798557,-0.2139775417075369,-244.30885824458028,242.05885824458028,leave_one_system_out
34,2010-12-17 18:00:00,-2.5,0.0,42.62775,-1.0,-1.8369701987210287e-16,-0.2386727660059499,0.9711000518829505,18.0,351,-1.0,-1.8369701987210297e-16,-0.23867276600594997,0.9711000518829505,1141.75,max_ac,-2.5,-0.0021896211955331727,-0.0021896211955331727,-0.33992726600464407,-388.1119559608024,385.6119559608024,leave_one_system_out
34,2010-12-18 06:00:00,-2.25,0.0245,47.05975,1.0,6.123233995736766e-17,-0.2219215130041667,0.9750645322571944,6.0,352,1.0,6.123233995736766e-17,-0.22192151300416674,0.9750645322571945,1141.75,max_ac,-2.25,-0.0019706590759798557,-0.0019706590759798557,-0.0837374011931013,-95.60717781222341,93.35717781222341,leave_one_system_out
34,2010-12-18 07:00:00,4.75,7.15325,49.1205,0.9659258262890684,-0.2588190451025206,-0.2219215130041667,0.9750645322571944,7.0,352,0.9659258262890683,-0.25881904510252063,-0.22192151300416674,0.9750645322571945,1141.75,max_ac,4.75,0.004160280271513028,0.004160280271513028,0.13764335037000408,157.15429528495216,-152.40429528495216,leave_one_system_out
34,2010-12-18 08:00:00,177.25,115.259,52.26925,0.8660254037844387,-0.4999999999999998,-0.2219215130041667,0.9750645322571944,8.0,352,0.8660254037844387,-0.4999999999999998,-0.22192151300416674,0.9750645322571945,1141.75,max_ac,177.25,0.15524414276330195,0.15524414276330195,0.29172194422202513,333.0735298154972,-155.82352981549718,leave_one_system_out
34,2010-12-18 09:00:00,206.75,136.71875,56.195,0.7071067811865476,-0.7071067811865475,-0.2219215130041667,0.9750645322571944,9.0,352,0.7071067811865476,-0.7071067811865475,-0.22192151300416674,0.9750645322571945,1141.75,max_ac,206.75,0.18108167287059337,0.18108167287059337,0.44422601539833056,507.1950530810439,-300.4450530810439,leave_one_system_out
34,2010-12-18 10:00:00,310.25,236.59675,58.7945,0.4999999999999999,-0.8660254037844387,-0.2219215130041667,0.9750645322571944,10.0,352,0.49999999999999994,-0.8660254037844387,-0.22192151300416674,0.9750645322571945,1141.75,max_ac,310.25,0.27173199036566675,0.27173199036566675,0.48218795055548563,550.5380925467257,-240.2880925467257,leave_one_system_out
34,2010-12-18 11:00:00,244.25,208.8865,59.96175,0.258819045102521,-0.9659258262890682,-0.2219215130041667,0.9750645322571944,11.0,352,0.258819045102521,-0.9659258262890682,-0.22192151300416674,0.9750645322571945,1141.75,max_ac,244.25,0.21392599080359098,0.21392599080359098,0.5292205920718828,604.2376109980721,-359.9876109980721,leave_one_system_out
34,2010-12-18 12:00:00,285.25,204.46775,60.82725,1.2246467991473532e-16,-1.0,-0.2219215130041667,0.9750645322571944,12.0,352,1.2246467991473532e-16,-1.0,-0.22192151300416674,0.9750645322571945,1141.75,max_ac,285.25,0.24983577841033502,0.24983577841033502,0.4778607625447243,545.597525635439,-260.34752563543896,leave_one_system_out
34,2010-12-18 13:00:00,595.25,669.458,63.394,-0.2588190451025208,-0.9659258262890684,-0.2219215130041667,0.9750645322571944,13.0,352,-0.2588190451025208,-0.9659258262890683,-0.22192151300416674,0.9750645322571945,1141.75,max_ac,595.25,0.5213488066564484,0.5213488066564484,0.05984988472256392,68.33360588198735,526.9163941180127,leave_one_system_out
34,2010-12-18 14:00:00,134.0,224.5605,62.4295,-0.4999999999999997,-0.8660254037844388,-0.2219215130041667,0.9750645322571944,14.0,352,-0.4999999999999997,-0.8660254037844388,-0.22192151300416674,0.9750645322571945,1141.75,max_ac,134.0,0.11736369608057806,0.11736369608057806,0.15388390486383396,175.69694837828243,-41.69694837828243,leave_one_system_out
34,2010-12-18 15:00:00,102.5,98.46175,61.1565,-0.7071067811865471,-0.7071067811865479,-0.2219215130041667,0.9750645322571944,15.0,352,-0.7071067811865471,-0.7071067811865479,-0.22192151300416674,0.9750645322571945,1141.75,max_ac,102.5,0.08977446901686008,0.08977446901686008,-0.001993001421588425,-2.2755093730985845,104.77550937309859,leave_one_system_out
34,2010-12-18 16:00:00,4.5,18.45725,60.32625,-0.8660254037844385,-0.5000000000000004,-0.2219215130041667,0.9750645322571944,16.0,352,-0.8660254037844385,-0.5000000000000004,-0.22192151300416674,0.9750645322571945,1141.75,max_ac,4.5,0.003941318151959711,0.003941318151959711,-0.20777847240362157,-237.23107086683493,241.73107086683493,leave_one_system_out
34,2010-12-18 17:00:00,-3.0,0.098,59.187,-0.9659258262890684,-0.2588190451025206,-0.2219215130041667,0.9750645322571944,17.0,352,-0.9659258262890683,-0.25881904510252063,-0.22192151300416674,0.9750645322571945,1141.75,max_ac,-3.0,-0.0026275454346398074,-0.0026275454346398074,-0.42077919491577664,-480.424645795088,477.424645795088,leave_one_system_out
34,2010-12-18 18:00:00,-2.75,0.09775,58.663,-1.0,-1.8369701987210287e-16,-0.2219215130041667,0.9750645322571944,18.0,352,-1.0,-1.8369701987210297e-16,-0.22192151300416674,0.9750645322571945,1141.75,max_ac,-2.75,-0.00240858331508649,-0.00240858331508649,-0.6202642958293462,-708.186759763156,705.436759763156,leave_one_system_out
34,2010-12-19 06:00:00,-2.75,0.293,56.218,1.0,6.123233995736766e-17,-0.2051044998686192,0.9787400799669153,6.0,353,1.0,6.123233995736766e-17,-0.20510449986861926,0.9787400799669153,1141.75,max_ac,-2.75,-0.00240858331508649,-0.00240858331508649,-0.16468218429626036,-188.02588392025527,185.27588392025527,leave_one_system_out
34,2010-12-19 07:00:00,-4.25,2.09975,55.775,0.9659258262890684,-0.2588190451025206,-0.2051044998686192,0.9787400799669153,7.0,353,0.9659258262890683,-0.25881904510252063,-0.20510449986861926,0.9787400799669153,1141.75,max_ac,-4.25,-0.0037223560324063936,-0.0037223560324063936,0.1109900734978892,126.72291641621499,-130.97291641621499,leave_one_system_out
34,2010-12-19 08:00:00,22.0,21.6065,55.1625,0.8660254037844387,-0.4999999999999998,-0.2051044998686192,0.9787400799669153,8.0,353,0.8660254037844387,-0.4999999999999998,-0.20510449986861926,0.9787400799669153,1141.75,max_ac,22.0,0.01926866652069192,0.01926866652069192,0.3386088538387702,386.60665887041586,-364.60665887041586,leave_one_system_out
34,2010-12-19 09:00:00,61.25,43.286,55.87625,0.7071067811865476,-0.7071067811865475,-0.2051044998686192,0.9787400799669153,9.0,353,0.7071067811865476,-0.7071067811865475,-0.20510449986861926,0.9787400799669153,1141.75,max_ac,61.25,0.053645719290562735,0.053645719290562735,0.50391606508506,575.3461673108673,-514.0961673108673,leave_one_system_out
34,2010-12-19 10:00:00,119.0,108.52866666666668,57.18,0.4999999999999999,-0.8660254037844387,-0.2051044998686192,0.9787400799669153,10.0,353,0.49999999999999994,-0.8660254037844387,-0.20510449986861926,0.9787400799669153,1141.75,max_ac,119.0,0.10422596890737902,0.10422596890737902,0.5689433971464545,649.5911236919644,-530.5911236919644,leave_one_system_out
34,2010-12-19 11:00:00,158.5,129.05275,58.44525,0.258819045102521,-0.9659258262890682,-0.2051044998686192,0.9787400799669153,11.0,353,0.258819045102521,-0.9659258262890682,-0.20510449986861926,0.9787400799669153,1141.75,max_ac,158.5,0.13882198379680316,0.13882198379680316,0.5816057950586991,664.0484165082697,-505.5484165082697,leave_one_system_out
34,2010-12-19 12:00:00,239.5,188.0615,61.59925,1.2246467991473532e-16,-1.0,-0.2051044998686192,0.9787400799669153,12.0,353,1.2246467991473532e-16,-1.0,-0.20510449986861926,0.9787400799669153,1141.75,max_ac,239.5,0.20976571053207796,0.20976571053207796,0.4866976356882053,555.6870255470084,-316.1870255470084,leave_one_system_out
34,2010-12-19 13:00:00,168.0,130.34675,63.035,-0.2588190451025208,-0.9659258262890684,-0.2051044998686192,0.9787400799669153,13.0,353,-0.2588190451025208,-0.9659258262890683,-0.20510449986861926,0.9787400799669153,1141.75,max_ac,168.0,0.1471425443398292,0.1471425443398292,0.3884298494428204,443.48978060134016,-275.48978060134016,leave_one_system_out
34,2010-12-19 14:00:00,95.75,75.07325,62.308,-0.4999999999999997,-0.8660254037844388,-0.2051044998686192,0.9787400799669153,14.0,353,-0.4999999999999997,-0.8660254037844388,-0.20510449986861926,0.9787400799669153,1141.75,max_ac,95.75,0.08386249178892052,0.08386249178892052,0.22661330615510591,258.7357423025922,-162.9857423025922,leave_one_system_out
34,2010-12-19 15:00:00,68.75,96.6795,60.7335,-0.7071067811865471,-0.7071067811865479,-0.2051044998686192,0.9787400799669153,15.0,353,-0.7071067811865471,-0.7071067811865479,-0.20510449986861926,0.9787400799669153,1141.75,max_ac,68.75,0.06021458287716225,0.06021458287716225,0.001043983120388503,1.1919677277035734,67.55803227229643,leave_one_system_out
34,2010-12-19 16:00:00,3.75,15.99125,59.53125,-0.8660254037844385,-0.5000000000000004,-0.2051044998686192,0.9787400799669153,16.0,353,-0.8660254037844385,-0.5000000000000004,-0.20510449986861926,0.9787400799669153,1141.75,max_ac,3.75,0.003284431793299759,0.003284431793299759,-0.200228938702268,-228.6113907633145,232.3613907633145,leave_one_system_out
34,2010-12-19 17:00:00,-2.25,0.17075,58.78975,-0.9659258262890684,-0.2588190451025206,-0.2051044998686192,0.9787400799669153,17.0,353,-0.9659258262890683,-0.25881904510252063,-0.20510449986861926,0.9787400799669153,1141.75,max_ac,-2.25,-0.0019706590759798557,-0.0019706590759798557,-0.41644286755927884,-475.4736440358066,473.2236440358066,leave_one_system_out
34,2010-12-19 18:00:00,-2.0,0.1952499999999999,58.78975,-1.0,-1.8369701987210287e-16,-0.2051044998686192,0.9787400799669153,18.0,353,-1.0,-1.8369701987210297e-16,-0.20510449986861926,0.9787400799669153,1141.75,max_ac,-2.0,-0.0017516969564265383,-0.0017516969564265383,-0.6245768799886672,-713.1106527270607,711.1106527270607,leave_one_system_out
34,2010-12-20 06:00:00,-3.5,0.2445,52.0185,1.0,6.123233995736766e-17,-0.1882267098432439,0.9821256058680006,6.0,354,1.0,6.123233995736766e-17,-0.1882267098432439,0.9821256058680006,1141.75,max_ac,-3.5,-0.003065469673746442,-0.003065469673746442,-0.1265248591585515,-144.45975794427616,140.95975794427616,leave_one_system_out
34,2010-12-20 07:00:00,19.5,28.5645,52.12225,0.9659258262890684,-0.2588190451025206,-0.1882267098432439,0.9821256058680006,7.0,354,0.9659258262890683,-0.25881904510252063,-0.1882267098432439,0.9821256058680006,1141.75,max_ac,19.5,0.017079045325158748,0.017079045325158748,0.11404826012849245,130.21460100170626,-110.71460100170626,leave_one_system_out
34,2010-12-20 08:00:00,69.0,60.30275,53.34225,0.8660254037844387,-0.4999999999999998,-0.1882267098432439,0.9821256058680006,8.0,354,0.8660254037844387,-0.4999999999999998,-0.1882267098432439,0.9821256058680006,1141.75,max_ac,69.0,0.06043354499671557,0.06043354499671557,0.3183598546754982,363.48736407575007,-294.48736407575007,leave_one_system_out
34,2010-12-20 09:00:00,129.75,119.33575,54.6105,0.7071067811865476,-0.7071067811865475,-0.1882267098432439,0.9821256058680006,9.0,354,0.7071067811865476,-0.7071067811865475,-0.1882267098432439,0.9821256058680006,1141.75,max_ac,129.75,0.11364134004817167,0.11364134004817167,0.4558055522046136,520.4159892296176,-390.6659892296176,leave_one_system_out
34,2010-12-20 10:00:00,208.75,163.72075,56.15725,0.4999999999999999,-0.8660254037844387,-0.1882267098432439,0.9821256058680006,10.0,354,0.49999999999999994,-0.8660254037844387,-0.1882267098432439,0.9821256058680006,1141.75,max_ac,208.75,0.18283336982701992,0.18283336982701992,0.532575242215716,608.0677827997937,-399.3177827997937,leave_one_system_out
34,2010-12-20 11:00:00,161.25,141.6505,57.05825,0.258819045102521,-0.9659258262890682,-0.1882267098432439,0.9821256058680006,11.0,354,0.258819045102521,-0.9659258262890682,-0.1882267098432439,0.9821256058680006,1141.75,max_ac,161.25,0.14123056711188964,0.14123056711188964,0.571905704615087,652.9733382442756,-491.7233382442756,leave_one_system_out
34,2010-12-20 12:00:00,216.5,159.619,56.6155,1.2246467991473532e-16,-1.0,-0.1882267098432439,0.9821256058680006,12.0,354,1.2246467991473532e-16,-1.0,-0.1882267098432439,0.9821256058680006,1141.75,max_ac,216.5,0.18962119553317275,0.18962119553317275,0.5062891149296178,578.0555969708911,-361.5555969708911,leave_one_system_out
34,2010-12-20 13:00:00,116.25,85.9375,56.17975,-0.2588190451025208,-0.9659258262890684,-0.1882267098432439,0.9821256058680006,13.0,354,-0.2588190451025208,-0.9659258262890683,-0.1882267098432439,0.9821256058680006,1141.75,max_ac,116.25,0.10181738559229253,0.10181738559229253,0.4170654295791445,476.18445422198823,-359.93445422198823,leave_one_system_out
34,2010-12-20 14:00:00,61.75,50.0735,54.40275,-0.4999999999999997,-0.8660254037844388,-0.1882267098432439,0.9821256058680006,14.0,354,-0.4999999999999997,-0.8660254037844388,-0.1882267098432439,0.9821256058680006,1141.75,max_ac,61.75,0.054083643529669365,0.054083643529669365,0.2544589582381672,290.52851556842745,-228.77851556842745,leave_one_system_out
34,2010-12-20 15:00:00,32.25,39.94125,53.836,-0.7071067811865471,-0.7071067811865479,-0.1882267098432439,0.9821256058680006,15.0,354,-0.7071067811865471,-0.7071067811865479,-0.1882267098432439,0.9821256058680006,1141.75,max_ac,32.25,0.028246113422377928,0.028246113422377928,0.057188675203765194,65.2951699138989,-33.0451699138989,leave_one_system_out
34,2010-12-20 16:00:00,-3.0,5.22475,53.0815,-0.8660254037844385,-0.5000000000000004,-0.1882267098432439,0.9821256058680006,16.0,354,-0.8660254037844385,-0.5000000000000004,-0.1882267098432439,0.9821256058680006,1141.75,max_ac,-3.0,-0.0026275454346398074,-0.0026275454346398074,-0.14144709646904174,-161.4972223935284,158.4972223935284,leave_one_system_out
34,2010-12-20 17:00:00,-2.25,0.0735,49.55075,-0.9659258262890684,-0.2588190451025206,-0.1882267098432439,0.9821256058680006,17.0,354,-0.9659258262890683,-0.25881904510252063,-0.1882267098432439,0.9821256058680006,1141.75,max_ac,-2.25,-0.0019706590759798557,-0.0019706590759798557,-0.2953066247680326,-337.16633882890125,334.91633882890125,leave_one_system_out
34,2010-12-20 18:00:00,-2.5,0.0,49.83375,-1.0,-1.8369701987210287e-16,-0.1882267098432439,0.9821256058680006,18.0,354,-1.0,-1.8369701987210297e-16,-0.1882267098432439,0.9821256058680006,1141.75,max_ac,-2.5,-0.0021896211955331727,-0.0021896211955331727,-0.4623608901433649,-527.9005463211869,525.4005463211869,leave_one_system_out
34,2010-12-21 06:00:00,-2.0,0.0245,50.1225,1.0,6.123233995736766e-17,-0.1712931441814778,0.9852201067560606,6.0,355,1.0,6.123233995736766e-17,-0.1712931441814778,0.9852201067560606,1141.75,max_ac,-2.0,-0.0017516969564265383,-0.0017516969564265383,-0.1110912961554934,-126.83848738553459,124.83848738553459,leave_one_system_out
34,2010-12-21 07:00:00,7.5,7.007,50.4085,0.9659258262890684,-0.2588190451025206,-0.1712931441814778,0.9852201067560606,7.0,355,0.9659258262890683,-0.25881904510252063,-0.1712931441814778,0.9852201067560606,1141.75,max_ac,7.5,0.006568863586599518,0.006568863586599518,0.13129607129307136,149.90728939886424,-142.40728939886424,leave_one_system_out
34,2010-12-21 08:00:00,52.75,34.448,51.14775,0.8660254037844387,-0.4999999999999998,-0.1712931441814778,0.9852201067560606,8.0,355,0.8660254037844387,-0.4999999999999998,-0.1712931441814778,0.9852201067560606,1141.75,max_ac,52.75,0.04620100722574994,0.04620100722574994,0.33486690915467193,382.3342935273467,-329.5842935273467,leave_one_system_out
34,2010-12-21 09:00:00,107.0,64.7705,51.34525,0.7071067811865476,-0.7071067811865475,-0.1712931441814778,0.9852201067560606,9.0,355,0.7071067811865476,-0.7071067811865475,-0.1712931441814778,0.9852201067560606,1141.75,max_ac,107.0,0.0937157871688198,0.0937157871688198,0.4848520503401374,553.5798284758519,-446.57982847585185,leave_one_system_out
34,2010-12-21 10:00:00,154.5,99.29175,51.922250000000005,0.4999999999999999,-0.8660254037844387,-0.1712931441814778,0.9852201067560606,10.0,355,0.49999999999999994,-0.8660254037844387,-0.1712931441814778,0.9852201067560606,1141.75,max_ac,154.5,0.13531858988395007,0.13531858988395007,0.5639488128828976,643.8885571090483,-489.3885571090483,leave_one_system_out
34,2010-12-21 11:00:00,103.75,71.1425,52.297250000000005,0.258819045102521,-0.9659258262890682,-0.1712931441814778,0.9852201067560606,11.0,355,0.258819045102521,-0.9659258262890682,-0.1712931441814778,0.9852201067560606,1141.75,max_ac,103.75,0.09086927961462667,0.09086927961462667,0.5981583206594661,682.9472626129453,-579.1972626129453,leave_one_system_out
34,2010-12-21 12:00:00,161.5,93.33499999999998,52.34025,1.2246467991473532e-16,-1.0,-0.1712931441814778,0.9852201067560606,12.0,355,1.2246467991473532e-16,-1.0,-0.1712931441814778,0.9852201067560606,1141.75,max_ac,161.5,0.14144952923144297,0.14144952923144297,0.5307650941968907,606.0010462992999,-444.5010462992999,leave_one_system_out
34,2010-12-21 13:00:00,146.25,102.53925,51.92725,-0.2588190451025208,-0.9659258262890684,-0.1712931441814778,0.9852201067560606,13.0,355,-0.2588190451025208,-0.9659258262890683,-0.1712931441814778,0.9852201067560606,1141.75,max_ac,146.25,0.1280928399386906,0.1280928399386906,0.40715292712930956,464.8668545498892,-318.6168545498892,leave_one_system_out
34,2010-12-21 14:00:00,78.75,56.00574999999999,51.434,-0.4999999999999997,-0.8660254037844388,-0.1712931441814778,0.9852201067560606,14.0,355,-0.4999999999999997,-0.8660254037844388,-0.1712931441814778,0.9852201067560606,1141.75,max_ac,78.75,0.06897306765929494,0.06897306765929494,0.2552035005598959,291.37859676426115,-212.62859676426115,leave_one_system_out
34,2010-12-21 15:00:00,43.0,32.34875,50.89725,-0.7071067811865471,-0.7071067811865479,-0.1712931441814778,0.9852201067560606,15.0,355,-0.7071067811865471,-0.7071067811865479,-0.1712931441814778,0.9852201067560606,1141.75,max_ac,43.0,0.037661484563170575,0.037661484563170575,0.06998596754878167,79.90647844882147,-36.906478448821474,leave_one_system_out
34,2010-12-21 16:00:00,11.5,17.60275,50.938,-0.8660254037844385,-0.5000000000000004,-0.1712931441814778,0.9852201067560606,16.0,355,-0.8660254037844385,-0.5000000000000004,-0.1712931441814778,0.9852201067560606,1141.75,max_ac,11.5,0.010072257499452595,0.010072257499452595,-0.12518222184057104,-142.926801786472,154.426801786472,leave_one_system_out
34,2010-12-21 17:00:00,-2.5,0.0,50.94825,-0.9659258262890684,-0.2588190451025206,-0.1712931441814778,0.9852201067560606,17.0,355,-0.9659258262890683,-0.25881904510252063,-0.1712931441814778,0.9852201067560606,1141.75,max_ac,-2.5,-0.0021896211955331727,-0.0021896211955331727,-0.31369917933607394,-358.1660380069624,355.6660380069624,leave_one_system_out
34,2010-12-21 18:00:00,-2.75,0.0245,50.51475,-1.0,-1.8369701987210287e-16,-0.1712931441814778,0.9852201067560606,18.0,355,-1.0,-1.8369701987210297e-16,-0.1712931441814778,0.9852201067560606,1141.75,max_ac,-2.75,-0.00240858331508649,-0.00240858331508649,-0.47581113510477346,-543.2573635058751,540.5073635058751,leave_one_system_out
34,2010-12-22 06:00:00,-2.0,0.0,50.87925,1.0,6.123233995736766e-17,-0.154308820664281,0.9880226656636976,6.0,356,1.0,6.123233995736766e-17,-0.154308820664281,0.9880226656636976,1141.75,max_ac,-2.0,-0.0017516969564265383,-0.0017516969564265383,-0.11850901949130377,-135.3076730041961,133.3076730041961,leave_one_system_out
34,2010-12-22 07:00:00,0.25,5.73725,50.6465,0.9659258262890684,-0.2588190451025206,-0.154308820664281,0.9880226656636976,7.0,356,0.9659258262890683,-0.25881904510252063,-0.154308820664281,0.9880226656636976,1141.75,max_ac,0.25,0.0002189621195533173,0.0002189621195533173,0.1303966602877077,148.88038688349025,-148.63038688349025,leave_one_system_out
34,2010-12-22 08:00:00,23.5,25.635,50.73525,0.8660254037844387,-0.4999999999999998,-0.154308820664281,0.9880226656636976,8.0,356,0.8660254037844387,-0.4999999999999998,-0.154308820664281,0.9880226656636976,1141.75,max_ac,23.5,0.020582439238011823,0.020582439238011823,0.3393756463950843,387.48214427158746,-363.98214427158746,leave_one_system_out
34,2010-12-22 09:00:00,35.25,33.56925,51.27925,0.7071067811865476,-0.7071067811865475,-0.154308820664281,0.9880226656636976,9.0,356,0.7071067811865476,-0.7071067811865475,-0.154308820664281,0.9880226656636976,1141.75,max_ac,35.25,0.030873658857017736,0.030873658857017736,0.5013268316536488,572.3899100405534,-537.1399100405534,leave_one_system_out
34,2010-12-22 10:00:00,49.75,44.3605,51.507,0.4999999999999999,-0.8660254037844387,-0.154308820664281,0.9880226656636976,10.0,356,0.49999999999999994,-0.8660254037844387,-0.154308820664281,0.9880226656636976,1141.75,max_ac,49.75,0.04357346179111014,0.04357346179111014,0.5914805963614862,675.3229708957268,-625.5729708957268,leave_one_system_out
34,2010-12-22 11:00:00,82.75,68.6035,51.849,0.258819045102521,-0.9659258262890682,-0.154308820664281,0.9880226656636976,11.0,356,0.258819045102521,-0.9659258262890682,-0.154308820664281,0.9880226656636976,1141.75,max_ac,82.75,0.07247646157214802,0.07247646157214802,0.5977718832425836,682.5060476922198,-599.7560476922198,leave_one_system_out
34,2010-12-22 12:00:00,140.5,100.635,52.47675,1.2246467991473532e-16,-1.0,-0.154308820664281,0.9880226656636976,12.0,356,1.2246467991473532e-16,-1.0,-0.154308820664281,0.9880226656636976,1141.75,max_ac,140.5,0.12305671118896432,0.12305671118896432,0.5281595881827653,603.0262098076723,-462.52620980767233,leave_one_system_out
34,2010-12-22 13:00:00,154.5,131.88475,53.16275,-0.2588190451025208,-0.9659258262890684,-0.154308820664281,0.9880226656636976,13.0,356,-0.2588190451025208,-0.9659258262890683,-0.154308820664281,0.9880226656636976,1141.75,max_ac,154.5,0.13531858988395007,0.13531858988395007,0.3976122208345068,453.97375313779816,-299.47375313779816,leave_one_system_out
34,2010-12-22 14:00:00,31.25,40.21,52.8035,-0.4999999999999997,-0.8660254037844388,-0.154308820664281,0.9880226656636976,14.0,356,-0.4999999999999997,-0.8660254037844388,-0.154308820664281,0.9880226656636976,1141.75,max_ac,31.25,0.027370264944164658,0.027370264944164658,0.25815241921029164,294.7455246333505,-263.4955246333505,leave_one_system_out
34,2010-12-22 15:00:00,12.5,16.87,51.588,-0.7071067811865471,-0.7071067811865479,-0.154308820664281,0.9880226656636976,15.0,356,-0.7071067811865471,-0.7071067811865479,-0.154308820664281,0.9880226656636976,1141.75,max_ac,12.5,0.010948105977665865,0.010948105977665865,0.06880605208247426,78.55930996516499,-66.05930996516499,leave_one_system_out
34,2010-12-22 16:00:00,-0.25,5.924666666666666,51.395,-0.8660254037844385,-0.5000000000000004,-0.154308820664281,0.9880226656636976,16.0,356,-0.8660254037844385,-0.5000000000000004,-0.154308820664281,0.9880226656636976,1141.75,max_ac,-0.25,-0.0002189621195533173,-0.0002189621195533173,-0.12951789636347943,-147.87705817300264,147.62705817300264,leave_one_system_out
34,2010-12-22 17:00:00,-2.25,0.0,50.58825,-0.9659258262890684,-0.2588190451025206,-0.154308820664281,0.9880226656636976,17.0,356,-0.9659258262890683,-0.25881904510252063,-0.154308820664281,0.9880226656636976,1141.75,max_ac,-2.25,-0.0019706590759798557,-0.0019706590759798557,-0.31037841682860445,-354.37455741405915,352.12455741405915,leave_one_system_out
34,2010-12-22 18:00:00,-2.75,0.0,50.36825,-1.0,-1.8369701987210287e-16,-0.154308820664281,0.9880226656636976,18.0,356,-1.0,-1.8369701987210297e-16,-0.154308820664281,0.9880226656636976,1141.75,max_ac,-2.75,-0.00240858331508649,-0.00240858331508649,-0.474915083322358,-542.2342963833022,539.4842963833022,leave_one_system_out
34,2010-12-23 06:00:00,-3.25,0.293,44.64275,1.0,6.123233995736766e-17,-0.1372787721132651,0.9905324521322229,6.0,357,1.0,6.123233995736766e-17,-0.13727877211326517,0.9905324521322227,1141.75,max_ac,-3.25,-0.0028465075541931244,-0.0028465075541931244,-0.07046401119763157,-80.45228478489585,77.20228478489585,leave_one_system_out
34,2010-12-23 07:00:00,65.0,37.060500000000005,44.26275,0.9659258262890684,-0.2588190451025206,-0.1372787721132651,0.9905324521322229,7.0,357,0.9659258262890683,-0.25881904510252063,-0.13727877211326517,0.9905324521322227,1141.75,max_ac,65.0,0.05693015108386249,0.05693015108386249,0.14077100959692074,160.72530020728425,-95.72530020728425,leave_one_system_out
34,2010-12-23 08:00:00,307.0,304.2725,46.64725,0.8660254037844387,-0.4999999999999998,-0.1372787721132651,0.9905324521322229,8.0,357,0.8660254037844387,-0.4999999999999998,-0.13727877211326517,0.9905324521322227,1141.75,max_ac,307.0,0.2688854828114736,0.2688854828114736,0.2258335695714466,257.84547805819915,49.15452194180085,leave_one_system_out
34,2010-12-23 09:00:00,584.5,504.02825,49.6365,0.7071067811865476,-0.7071067811865475,-0.1372787721132651,0.9905324521322229,9.0,357,0.7071067811865476,-0.7071067811865475,-0.13727877211326517,0.9905324521322227,1141.75,max_ac,584.5,0.5119334355156558,0.5119334355156558,0.26567923501693924,303.3392665805904,281.1607334194096,leave_one_system_out
34,2010-12-23 10:00:00,550.5,466.382,52.4335,0.4999999999999999,-0.8660254037844387,-0.1372787721132651,0.9905324521322229,10.0,357,0.49999999999999994,-0.8660254037844387,-0.13727877211326517,0.9905324521322227,1141.75,max_ac,550.5,0.48215458725640464,0.48215458725640464,0.3649291699657115,416.65787980835114,133.84212019164886,leave_one_system_out
34,2010-12-23 11:00:00,796.0,771.82625,55.40525,0.258819045102521,-0.9659258262890682,-0.1372787721132651,0.9905324521322229,11.0,357,0.258819045102521,-0.9659258262890682,-0.13727877211326517,0.9905324521322227,1141.75,max_ac,796.0,0.6971753886577622,0.6971753886577622,0.20613351888535833,235.35294518735788,560.6470548126422,leave_one_system_out
34,2010-12-23 12:00:00,792.5,747.24125,57.4885,1.2246467991473532e-16,-1.0,-0.1372787721132651,0.9905324521322229,12.0,357,1.2246467991473532e-16,-1.0,-0.13727877211326517,0.9905324521322227,1141.75,max_ac,792.5,0.6941099189840158,0.6941099189840158,0.17563427467957698,200.53043311540702,591.969566884593,leave_one_system_out
34,2010-12-23 13:00:00,629.5,663.81825,58.2555,-0.2588190451025208,-0.9659258262890684,-0.1372787721132651,0.9905324521322229,13.0,357,-0.2588190451025208,-0.9659258262890683,-0.13727877211326517,0.9905324521322227,1141.75,max_ac,629.5,0.5513466170352529,0.5513466170352529,0.13096395464311572,149.52809521377736,479.97190478622264,leave_one_system_out
34,2010-12-23 14:00:00,347.5,395.923,58.1035,-0.4999999999999997,-0.8660254037844388,-0.1372787721132651,0.9905324521322229,14.0,357,-0.4999999999999997,-0.8660254037844388,-0.13727877211326517,0.9905324521322227,1141.75,max_ac,347.5,0.30435734617911103,0.30435734617911103,0.11215941959918341,128.05801732736765,219.44198267263235,leave_one_system_out
34,2010-12-23 15:00:00,112.0,190.161,56.42275,-0.7071067811865471,-0.7071067811865479,-0.1372787721132651,0.9905324521322229,15.0,357,-0.7071067811865471,-0.7071067811865479,-0.13727877211326517,0.9905324521322227,1141.75,max_ac,112.0,0.09809502955988614,0.09809502955988614,0.006159026814645363,7.032068865621343,104.96793113437866,leave_one_system_out
34,2010-12-23 16:00:00,13.5,20.215,55.585,-0.8660254037844385,-0.5000000000000004,-0.1372787721132651,0.9905324521322229,16.0,357,-0.8660254037844385,-0.5000000000000004,-0.13727877211326517,0.9905324521322227,1141.75,max_ac,13.5,0.011823954455879132,0.011823954455879132,-0.16678222118492947,-190.42360103789323,203.92360103789323,leave_one_system_out
34,2010-12-23 17:00:00,-2.5,0.14675,53.69675,-0.9659258262890684,-0.2588190451025206,-0.1372787721132651,0.9905324521322229,17.0,357,-0.9659258262890683,-0.25881904510252063,-0.13727877211326517,0.9905324521322227,1141.75,max_ac,-2.5,-0.0021896211955331727,-0.0021896211955331727,-0.3514206484349346,-401.2345253505866,398.7345253505866,leave_one_system_out
34,2010-12-23 18:00:00,-2.25,0.1465,51.74,-1.0,-1.8369701987210287e-16,-0.1372787721132651,0.9905324521322229,18.0,357,-1.0,-1.8369701987210297e-16,-0.13727877211326517,0.9905324521322227,1141.75,max_ac,-2.25,-0.0019706590759798557,-0.0019706590759798557,-0.5006769161250575,-571.6478689857844,569.3978689857844,leave_one_system_out
34,2010-12-24 06:00:00,-2.75,0.41525,38.7145,1.0,6.123233995736766e-17,-0.1202080448993527,0.9927487224577402,6.0,358,1.0,6.123233995736766e-17,-0.12020804489935275,0.9927487224577402,1141.75,max_ac,-2.75,-0.00240858331508649,-0.00240858331508649,-0.03317609603345928,-37.878807646202134,35.128807646202134,leave_one_system_out
34,2010-12-24 07:00:00,68.25,31.46975,38.62825,0.9659258262890684,-0.2588190451025206,-0.1202080448993527,0.9927487224577402,7.0,358,0.9659258262890683,-0.25881904510252063,-0.12020804489935275,0.9927487224577402,1141.75,max_ac,68.25,0.05977665863805562,0.05977665863805562,0.1558217398621465,177.90947148760577,-109.65947148760577,leave_one_system_out
34,2010-12-24 08:00:00,327.75,365.332,42.76675,0.8660254037844387,-0.4999999999999998,-0.1202080448993527,0.9927487224577402,8.0,358,0.8660254037844387,-0.4999999999999998,-0.12020804489935275,0.9927487224577402,1141.75,max_ac,327.75,0.28705933873439893,0.28705933873439893,0.22967580136709956,262.2323462108859,65.51765378911409,leave_one_system_out
34,2010-12-24 09:00:00,601.5,596.338,46.89775,0.7071067811865476,-0.7071067811865475,-0.1202080448993527,0.9927487224577402,9.0,358,0.7071067811865476,-0.7071067811865475,-0.12020804489935275,0.9927487224577402,1141.75,max_ac,601.5,0.5268228596452814,0.5268228596452814,0.24951703613295748,284.8860760048042,316.6139239951958,leave_one_system_out
34,2010-12-24 10:00:00,715.75,750.342,50.1125,0.4999999999999999,-0.8660254037844387,-0.1202080448993527,0.9927487224577402,10.0,358,0.49999999999999994,-0.8660254037844387,-0.12020804489935275,0.9927487224577402,1141.75,max_ac,715.75,0.6268885482811474,0.6268885482811474,0.240728676672627,274.85196659097187,440.89803340902813,leave_one_system_out
34,2010-12-24 11:00:00,790.75,808.911,53.0135,0.258819045102521,-0.9659258262890682,-0.1202080448993527,0.9927487224577402,11.0,358,0.258819045102521,-0.9659258262890682,-0.12020804489935275,0.9927487224577402,1141.75,max_ac,790.75,0.6925771841471425,0.6925771841471425,0.218967875670132,250.00657204637324,540.7434279536268,leave_one_system_out
34,2010-12-24 12:00:00,779.75,827.2705,55.2585,1.2246467991473532e-16,-1.0,-0.1202080448993527,0.9927487224577402,12.0,358,1.2246467991473532e-16,-1.0,-0.12020804489935275,0.9927487224577402,1141.75,max_ac,779.75,0.6829428508867966,0.6829428508867966,0.16576841542715523,189.2660883139545,590.4839116860455,leave_one_system_out
34,2010-12-24 13:00:00,669.5,714.6975,56.98775,-0.2588190451025208,-0.9659258262890684,-0.1202080448993527,0.9927487224577402,13.0,358,-0.2588190451025208,-0.9659258262890683,-0.12020804489935275,0.9927487224577402,1141.75,max_ac,669.5,0.5863805561637837,0.5863805561637837,0.1238523954348773,141.40847248777115,528.0915275122288,leave_one_system_out
34,2010-12-24 14:00:00,388.0,474.707,57.8125,-0.4999999999999997,-0.8660254037844388,-0.1202080448993527,0.9927487224577402,14.0,358,-0.4999999999999997,-0.8660254037844388,-0.12020804489935275,0.9927487224577402,1141.75,max_ac,388.0,0.3398292095467484,0.3398292095467484,0.08336659505570942,95.18380990485623,292.8161900951438,leave_one_system_out
34,2010-12-24 15:00:00,184.0,259.15525,56.62825,-0.7071067811865471,-0.7071067811865479,-0.1202080448993527,0.9927487224577402,15.0,358,-0.7071067811865471,-0.7071067811865479,-0.12020804489935275,0.9927487224577402,1141.75,max_ac,184.0,0.16115611999124152,0.16115611999124152,-0.014195308677477148,-16.207493682509533,200.20749368250952,leave_one_system_out
34,2010-12-24 16:00:00,17.5,28.003,54.922,-0.8660254037844385,-0.5000000000000004,-0.1202080448993527,0.9927487224577402,16.0,358,-0.8660254037844385,-0.5000000000000004,-0.12020804489935275,0.9927487224577402,1141.75,max_ac,17.5,0.015327348368732209,0.015327348368732209,-0.16240370206274124,-185.42442683013482,202.92442683013482,leave_one_system_out
34,2010-12-24 17:00:00,-2.75,0.1219999999999999,51.24175,-0.9659258262890684,-0.2588190451025206,-0.1202080448993527,0.9927487224577402,17.0,358,-0.9659258262890683,-0.25881904510252063,-0.12020804489935275,0.9927487224577402,1141.75,max_ac,-2.75,-0.00240858331508649,-0.00240858331508649,-0.3208901360805687,-366.3763128699893,363.6263128699893,leave_one_system_out
34,2010-12-24 18:00:00,-2.25,0.122,49.36575,-1.0,-1.8369701987210287e-16,-0.1202080448993527,0.9927487224577402,18.0,358,-1.0,-1.8369701987210297e-16,-0.12020804489935275,0.9927487224577402,1141.75,max_ac,-2.25,-0.0019706590759798557,-0.0019706590759798557,-0.46079456182507184,-526.1121909637758,523.8621909637758,leave_one_system_out
34,2010-12-25 06:00:00,-2.5,0.48825,37.98275,1.0,6.123233995736766e-17,-0.1031016974474354,0.9946708199115212,6.0,359,1.0,6.123233995736766e-17,-0.10310169744743544,0.9946708199115211,1141.75,max_ac,-2.5,-0.0021896211955331727,-0.0021896211955331727,-0.029808703388499502,-34.03408709381931,31.53408709381931,leave_one_system_out
34,2010-12-25 07:00:00,79.0,44.58,38.71425,0.9659258262890684,-0.2588190451025206,-0.1031016974474354,0.9946708199115212,7.0,359,0.9659258262890683,-0.25881904510252063,-0.10310169744743544,0.9946708199115211,1141.75,max_ac,79.0,0.06919202977884827,0.06919202977884827,0.15298085643445083,174.66589283403425,-95.66589283403425,leave_one_system_out
34,2010-12-25 08:00:00,335.5,368.164,42.21275,0.8660254037844387,-0.4999999999999998,-0.1031016974474354,0.9946708199115212,8.0,359,0.8660254037844387,-0.4999999999999998,-0.10310169744743544,0.9946708199115211,1141.75,max_ac,335.5,0.2938471644405518,0.2938471644405518,0.2315446774234932,264.3661354482733,71.13386455172667,leave_one_system_out
34,2010-12-25 09:00:00,603.5,598.8525,47.69,0.7071067811865476,-0.7071067811865475,-0.1031016974474354,0.9946708199115212,9.0,359,0.7071067811865476,-0.7071067811865475,-0.10310169744743544,0.9946708199115211,1141.75,max_ac,603.5,0.5285745566017079,0.5285745566017079,0.23780136345857208,271.50970672882465,331.99029327117535,leave_one_system_out
34,2010-12-25 10:00:00,707.25,690.16125,52.6895,0.4999999999999999,-0.8660254037844387,-0.1031016974474354,0.9946708199115212,10.0,359,0.49999999999999994,-0.8660254037844387,-0.10310169744743544,0.9946708199115211,1141.75,max_ac,707.25,0.6194438362163346,0.6194438362163346,0.23605593049018297,269.5168586371664,437.7331413628336,leave_one_system_out
34,2010-12-25 11:00:00,552.25,536.4502500000001,55.142,0.258819045102521,-0.9659258262890682,-0.1031016974474354,0.9946708199115212,11.0,359,0.258819045102521,-0.9659258262890682,-0.10310169744743544,0.9946708199115211,1141.75,max_ac,552.25,0.48368732209327786,0.48368732209327786,0.34065756556929244,388.9457754887396,163.30422451126037,leave_one_system_out
34,2010-12-25 12:00:00,589.75,467.45625,57.1445,1.2246467991473532e-16,-1.0,-0.1031016974474354,0.9946708199115212,12.0,359,1.2246467991473532e-16,-1.0,-0.10310169744743544,0.9946708199115211,1141.75,max_ac,589.75,0.5165316400262755,0.5165316400262755,0.332572776831689,379.71496794758093,210.03503205241907,leave_one_system_out
34,2010-12-25 13:00:00,427.25,448.14425,58.93625,-0.2588190451025208,-0.9659258262890684,-0.1031016974474354,0.9946708199115212,13.0,359,-0.2588190451025208,-0.9659258262890683,-0.10310169744743544,0.9946708199115211,1141.75,max_ac,427.25,0.37420626231661924,0.37420626231661924,0.22830872349786477,260.6714850536871,166.5785149463129,leave_one_system_out
34,2010-12-25 14:00:00,320.75,298.36425,58.04575,-0.4999999999999997,-0.8660254037844388,-0.1031016974474354,0.9946708199115212,14.0,359,-0.4999999999999997,-0.8660254037844388,-0.10310169744743544,0.9946708199115211,1141.75,max_ac,320.75,0.28092839938690606,0.28092839938690606,0.14869522496769574,169.77277310686662,150.97722689313338,leave_one_system_out
34,2010-12-25 15:00:00,129.0,154.6385,57.22775,-0.7071067811865471,-0.7071067811865479,-0.1031016974474354,0.9946708199115212,15.0,359,-0.7071067811865471,-0.7071067811865479,-0.10310169744743544,0.9946708199115211,1141.75,max_ac,129.0,0.11298445368951171,0.11298445368951171,0.006292514680222461,7.184478636143995,121.815521363856,leave_one_system_out
34,2010-12-25 16:00:00,10.25,21.53325,54.36725,-0.8660254037844385,-0.5000000000000004,-0.1031016974474354,0.9946708199115212,16.0,359,-0.8660254037844385,-0.5000000000000004,-0.10310169744743544,0.9946708199115211,1141.75,max_ac,10.25,0.008977446901686009,0.008977446901686009,-0.15754730036867381,-179.87963019593332,190.12963019593332,leave_one_system_out
34,2010-12-25 17:00:00,-2.25,0.1707499999999999,51.90725,-0.9659258262890684,-0.2588190451025206,-0.1031016974474354,0.9946708199115212,17.0,359,-0.9659258262890683,-0.25881904510252063,-0.10310169744743544,0.9946708199115211,1141.75,max_ac,-2.25,-0.0019706590759798557,-0.0019706590759798557,-0.33052621628726286,-377.3783074459824,375.1283074459824,leave_one_system_out
34,2010-12-25 18:00:00,-2.75,0.12225,50.358,-1.0,-1.8369701987210287e-16,-0.1031016974474354,0.9946708199115212,18.0,359,-1.0,-1.8369701987210297e-16,-0.10310169744743544,0.9946708199115211,1141.75,max_ac,-2.75,-0.00240858331508649,-0.00240858331508649,-0.47962526570718356,-547.6121471211768,544.8621471211768,leave_one_system_out
34,2010-12-26 06:00:00,-3.0,0.5615,46.93325,1.0,6.123233995736766e-17,-0.0859647987374467,0.9962981749346076,6.0,360,1.0,6.123233995736766e-17,-0.0859647987374467,0.9962981749346077,1141.75,max_ac,-3.0,-0.0026275454346398074,-0.0026275454346398074,-0.09027746146797833,-103.07429163106426,100.07429163106426,leave_one_system_out
34,2010-12-26 07:00:00,56.5,40.35625,46.761,0.9659258262890684,-0.2588190451025206,-0.0859647987374467,0.9962981749346076,7.0,360,0.9659258262890683,-0.25881904510252063,-0.0859647987374467,0.9962981749346077,1141.75,max_ac,56.5,0.049485439019049705,0.049485439019049705,0.12886390158175476,147.13035963096848,-90.63035963096848,leave_one_system_out
34,2010-12-26 08:00:00,292.0,325.464,48.14075,0.8660254037844387,-0.4999999999999998,-0.0859647987374467,0.9962981749346076,8.0,360,0.8660254037844387,-0.4999999999999998,-0.0859647987374467,0.9962981749346077,1141.75,max_ac,292.0,0.25574775563827457,0.25574775563827457,0.2026940054783107,231.42588075486125,60.574119245138746,leave_one_system_out
34,2010-12-26 09:00:00,580.5,547.24125,50.26975,0.7071067811865476,-0.7071067811865475,-0.0859647987374467,0.9962981749346076,9.0,360,0.7071067811865476,-0.7071067811865475,-0.0859647987374467,0.9962981749346077,1141.75,max_ac,580.5,0.5084300416028027,0.5084300416028027,0.23278370509691587,265.7807952944037,314.7192047055963,leave_one_system_out
34,2010-12-26 10:00:00,716.5,696.53325,53.52475,0.4999999999999999,-0.8660254037844387,-0.0859647987374467,0.9962981749346076,10.0,360,0.49999999999999994,-0.8660254037844387,-0.0859647987374467,0.9962981749346077,1141.75,max_ac,716.5,0.6275454346398073,0.6275454346398073,0.2196302677602168,250.76285821522754,465.73714178477246,leave_one_system_out
34,2010-12-26 11:00:00,704.5,661.57225,55.5775,0.258819045102521,-0.9659258262890682,-0.0859647987374467,0.9962981749346076,11.0,360,0.258819045102521,-0.9659258262890682,-0.0859647987374467,0.9962981749346077,1141.75,max_ac,704.5,0.617035252901248,0.617035252901248,0.2616615763507636,298.7521047984843,405.7478952015157,leave_one_system_out
34,2010-12-26 12:00:00,805.75,728.9304999999999,57.39225,1.2246467991473532e-16,-1.0,-0.0859647987374467,0.9962981749346076,12.0,360,1.2246467991473532e-16,-1.0,-0.0859647987374467,0.9962981749346077,1141.75,max_ac,805.75,0.7057149113203416,0.7057149113203416,0.18068906546298721,206.30174049236564,599.4482595076344,leave_one_system_out
34,2010-12-26 13:00:00,534.5,517.3340000000001,57.54425,-0.2588190451025208,-0.9659258262890684,-0.0859647987374467,0.9962981749346076,13.0,360,-0.2588190451025208,-0.9659258262890683,-0.0859647987374467,0.9962981749346077,1141.75,max_ac,534.5,0.46814101160499233,0.46814101160499233,0.20627653469572282,235.51623348884152,298.9837665111585,leave_one_system_out
34,2010-12-26 14:00:00,288.25,313.159,57.11125,-0.4999999999999997,-0.8660254037844388,-0.0859647987374467,0.9962981749346076,14.0,360,-0.4999999999999997,-0.8660254037844388,-0.0859647987374467,0.9962981749346077,1141.75,max_ac,288.25,0.25246332384497483,0.25246332384497483,0.1498047023772596,171.03951893923613,117.21048106076387,leave_one_system_out
34,2010-12-26 15:00:00,161.0,164.5995,56.40275,-0.7071067811865471,-0.7071067811865479,-0.0859647987374467,0.9962981749346076,15.0,360,-0.7071067811865471,-0.7071067811865479,-0.0859647987374467,0.9962981749346077,1141.75,max_ac,161.0,0.14101160499233634,0.14101160499233634,0.009752008157187908,11.134355313469294,149.86564468653071,leave_one_system_out
34,2010-12-26 16:00:00,5.25,18.1885,55.121750000000006,-0.8660254037844385,-0.5000000000000004,-0.0859647987374467,0.9962981749346076,16.0,360,-0.8660254037844385,-0.5000000000000004,-0.0859647987374467,0.9962981749346077,1141.75,max_ac,5.25,0.004598204510619663,0.004598204510619663,-0.16481702935098774,-188.17984326149025,193.42984326149025,leave_one_system_out
34,2010-12-26 17:00:00,-2.0,0.2684999999999999,52.897,-0.9659258262890684,-0.2588190451025206,-0.0859647987374467,0.9962981749346076,17.0,360,-0.9659258262890683,-0.25881904510252063,-0.0859647987374467,0.9962981749346077,1141.75,max_ac,-2.0,-0.0017516969564265383,-0.0017516969564265383,-0.3445123530964551,-393.3469791478776,391.3469791478776,leave_one_system_out
34,2010-12-26 18:00:00,-2.75,0.2194999999999999,51.049,-1.0,-1.8369701987210287e-16,-0.0859647987374467,0.9962981749346076,18.0,360,-1.0,-1.8369701987210297e-16,-0.0859647987374467,0.9962981749346077,1141.75,max_ac,-2.75,-0.00240858331508649,-0.00240858331508649,-0.4933743339328063,-563.3101457677816,560.5601457677816,leave_one_system_out
34,2010-12-27 06:00:00,-3.75,0.1219999999999999,41.9925,1.0,6.123233995736766e-17,-0.0688024268023206,0.9976303053065856,6.0,361,1.0,6.123233995736766e-17,-0.06880242680232064,0.9976303053065857,1141.75,max_ac,-3.75,-0.003284431793299759,-0.003284431793299759,-0.05568618519787999,-63.579701949679475,59.829701949679475,leave_one_system_out
34,2010-12-27 07:00:00,52.5,31.640500000000003,42.215,0.9659258262890684,-0.2588190451025206,-0.0688024268023206,0.9976303053065856,7.0,361,0.9659258262890683,-0.25881904510252063,-0.06880242680232064,0.9976303053065857,1141.75,max_ac,52.5,0.04598204510619663,0.04598204510619663,0.14638882664604216,167.13944282311863,-114.63944282311863,leave_one_system_out
34,2010-12-27 08:00:00,147.5,112.69525,44.5185,0.8660254037844387,-0.4999999999999998,-0.0688024268023206,0.9976303053065856,8.0,361,0.8660254037844387,-0.4999999999999998,-0.06880242680232064,0.9976303053065857,1141.75,max_ac,147.5,0.1291876505364572,0.1291876505364572,0.3048686115768305,348.08373726784623,-200.58373726784623,leave_one_system_out
34,2010-12-27 09:00:00,336.25,300.415,45.979,0.7071067811865476,-0.7071067811865475,-0.0688024268023206,0.9976303053065856,9.0,361,0.7071067811865476,-0.7071067811865475,-0.06880242680232064,0.9976303053065857,1141.75,max_ac,336.25,0.2945040507992117,0.2945040507992117,0.3755143757623308,428.7435385266412,-92.4935385266412,leave_one_system_out
34,2010-12-27 10:00:00,723.25,724.19425,48.791250000000005,0.4999999999999999,-0.8660254037844387,-0.0688024268023206,0.9976303053065856,10.0,361,0.49999999999999994,-0.8660254037844387,-0.06880242680232064,0.9976303053065857,1141.75,max_ac,723.25,0.6334574118677468,0.6334574118677468,0.2640434130404966,301.47156683898703,421.77843316101297,leave_one_system_out
34,2010-12-27 11:00:00,811.0,857.1529999999999,51.63125,0.258819045102521,-0.9659258262890682,-0.0688024268023206,0.9976303053065856,11.0,361,0.258819045102521,-0.9659258262890682,-0.06880242680232064,0.9976303053065857,1141.75,max_ac,811.0,0.7103131158309612,0.7103131158309612,0.2088377135634273,238.44045946104313,572.5595405389569,leave_one_system_out
34,2010-12-27 12:00:00,788.75,849.65825,54.49675,1.2246467991473532e-16,-1.0,-0.0688024268023206,0.9976303053065856,12.0,361,1.2246467991473532e-16,-1.0,-0.06880242680232064,0.9976303053065857,1141.75,max_ac,788.75,0.690825487190716,0.690825487190716,0.15979488766791797,182.44581299484534,606.3041870051546,leave_one_system_out
34,2010-12-27 13:00:00,697.0,759.2529999999999,57.2885,-0.2588190451025208,-0.9659258262890684,-0.0688024268023206,0.9976303053065856,13.0,361,-0.2588190451025208,-0.9659258262890683,-0.06880242680232064,0.9976303053065857,1141.75,max_ac,697.0,0.6104663893146486,0.6104663893146486,0.09085451137881323,103.73313836676,593.26686163324,leave_one_system_out
34,2010-12-27 14:00:00,516.0,586.57225,57.9695,-0.4999999999999997,-0.8660254037844388,-0.0688024268023206,0.9976303053065856,14.0,361,-0.4999999999999997,-0.8660254037844388,-0.06880242680232064,0.9976303053065857,1141.75,max_ac,516.0,0.45193781475804684,0.45193781475804684,0.03144810813379223,35.90587746175728,480.09412253824274,leave_one_system_out
34,2010-12-27 15:00:00,204.5,351.41625,57.1495,-0.7071067811865471,-0.7071067811865479,-0.0688024268023206,0.9976303053065856,15.0,361,-0.7071067811865471,-0.7071067811865479,-0.06880242680232064,0.9976303053065857,1141.75,max_ac,204.5,0.17911101379461353,0.17911101379461353,-0.049193340411963715,-56.166496415359575,260.6664964153596,leave_one_system_out
34,2010-12-27 16:00:00,7.5,11.426,54.775,-0.8660254037844385,-0.5000000000000004,-0.0688024268023206,0.9976303053065856,16.0,361,-0.8660254037844385,-0.5000000000000004,-0.06880242680232064,0.9976303053065857,1141.75,max_ac,7.5,0.006568863586599518,0.006568863586599518,-0.1617294409584087,-184.65458921426313,192.15458921426313,leave_one_system_out
34,2010-12-27 17:00:00,-2.0,0.1953333333333333,51.050666666666665,-0.9659258262890684,-0.2588190451025206,-0.0688024268023206,0.9976303053065856,17.0,361,-0.9659258262890683,-0.25881904510252063,-0.06880242680232064,0.9976303053065857,1141.75,max_ac,-2.0,-0.0017516969564265383,-0.0017516969564265383,-0.3219353283526172,-367.56966114660065,365.56966114660065,leave_one_system_out
34,2010-12-27 18:00:00,-2.25,0.0,48.938,-1.0,-1.8369701987210287e-16,-0.0688024268023206,0.9976303053065856,18.0,361,-1.0,-1.8369701987210297e-16,-0.06880242680232064,0.9976303053065857,1141.75,max_ac,-2.25,-0.0019706590759798557,-0.0019706590759798557,-0.458270762023157,-523.2306425399395,520.9806425399395,leave_one_system_out
34,2010-12-28 06:00:00,-3.25,0.2685,39.91425,1.0,6.123233995736766e-17,-0.0516196672232541,0.998666816288476,6.0,362,1.0,6.123233995736766e-17,-0.05161966722325418,0.9986668162884759,1141.75,max_ac,-3.25,-0.0028465075541931244,-0.0028465075541931244,-0.04339021332303589,-49.540776061576224,46.290776061576224,leave_one_system_out
34,2010-12-28 07:00:00,70.5,46.63075,39.2305,0.9659258262890684,-0.2588190451025206,-0.0516196672232541,0.998666816288476,7.0,362,0.9659258262890683,-0.25881904510252063,-0.05161966722325418,0.9986668162884759,1141.75,max_ac,70.5,0.06174731771403547,0.06174731771403547,0.1499755941009109,171.23463456471504,-100.73463456471504,leave_one_system_out
34,2010-12-28 08:00:00,265.0,256.42075,41.72125,0.8660254037844387,-0.4999999999999998,-0.0516196672232541,0.998666816288476,8.0,362,0.8660254037844387,-0.4999999999999998,-0.05161966722325418,0.9986668162884759,1141.75,max_ac,265.0,0.23209984672651632,0.23209984672651632,0.26432984327314213,301.79859855711004,-36.79859855711004,leave_one_system_out
34,2010-12-28 09:00:00,524.25,480.249,45.73575,0.7071067811865476,-0.7071067811865475,-0.0516196672232541,0.998666816288476,9.0,362,0.7071067811865476,-0.7071067811865475,-0.05161966722325418,0.9986668162884759,1141.75,max_ac,524.25,0.4591635647033063,0.4591635647033063,0.3021138343705191,344.9384703925402,179.31152960745982,leave_one_system_out
34,2010-12-28 10:00:00,720.5,728.36925,47.6065,0.4999999999999999,-0.8660254037844387,-0.0516196672232541,0.998666816288476,10.0,362,0.49999999999999994,-0.8660254037844387,-0.05161966722325418,0.9986668162884759,1141.75,max_ac,720.5,0.6310488285526604,0.6310488285526604,0.27502802758237327,314.0132504921747,406.4867495078253,leave_one_system_out
34,2010-12-28 11:00:00,790.25,798.82825,49.8845,0.258819045102521,-0.9659258262890682,-0.0516196672232541,0.998666816288476,11.0,362,0.258819045102521,-0.9659258262890682,-0.05161966722325418,0.9986668162884759,1141.75,max_ac,790.25,0.6921392599080359,0.6921392599080359,0.26006966583526403,296.9345409674127,493.3154590325873,leave_one_system_out
34,2010-12-28 12:00:00,740.0,785.27825,53.01325,1.2246467991473532e-16,-1.0,-0.0516196672232541,0.998666816288476,12.0,362,1.2246467991473532e-16,-1.0,-0.05161966722325418,0.9986668162884759,1141.75,max_ac,740.0,0.6481278738778191,0.6481278738778191,0.21190994421571915,241.94817880829734,498.05182119170263,leave_one_system_out
34,2010-12-28 13:00:00,587.25,613.2325,54.494,-0.2588190451025208,-0.9659258262890684,-0.0516196672232541,0.998666816288476,13.0,362,-0.2588190451025208,-0.9659258262890683,-0.05161966722325418,0.9986668162884759,1141.75,max_ac,587.25,0.5143420188307423,0.5143420188307423,0.19579790371285785,223.55225656415544,363.6977434358446,leave_one_system_out
34,2010-12-28 14:00:00,495.0,552.02625,54.60775,-0.4999999999999997,-0.8660254037844388,-0.0516196672232541,0.998666816288476,14.0,362,-0.4999999999999997,-0.8660254037844388,-0.05161966722325418,0.9986668162884759,1141.75,max_ac,495.0,0.43354499671556823,0.43354499671556823,0.09221849978540475,105.29047212998587,389.70952787001414,leave_one_system_out
34,2010-12-28 15:00:00,146.5,289.0625,53.927,-0.7071067811865471,-0.7071067811865479,-0.0516196672232541,0.998666816288476,15.0,362,-0.7071067811865471,-0.7071067811865479,-0.05161966722325418,0.9986668162884759,1141.75,max_ac,146.5,0.1283118020582439,0.1283118020582439,0.0038134223228447617,4.353974937108006,142.146025062892,leave_one_system_out
34,2010-12-28 16:00:00,12.5,23.33975,51.983,-0.8660254037844385,-0.5000000000000004,-0.0516196672232541,0.998666816288476,16.0,362,-0.8660254037844385,-0.5000000000000004,-0.05161966722325418,0.9986668162884759,1141.75,max_ac,12.5,0.010948105977665865,0.010948105977665865,-0.13924617220402769,-158.9843171139486,171.4843171139486,leave_one_system_out
34,2010-12-28 17:00:00,-2.5,0.12225,49.92274999999999,-0.9659258262890684,-0.2588190451025206,-0.0516196672232541,0.998666816288476,17.0,362,-0.9659258262890683,-0.25881904510252063,-0.05161966722325418,0.9986668162884759,1141.75,max_ac,-2.5,-0.0021896211955331727,-0.0021896211955331727,-0.30895453023823893,-352.7488348995093,350.2488348995093,leave_one_system_out
34,2010-12-28 18:00:00,-2.75,0.0,49.434,-1.0,-1.8369701987210287e-16,-0.0516196672232541,0.998666816288476,18.0,362,-1.0,-1.8369701987210297e-16,-0.05161966722325418,0.9986668162884759,1141.75,max_ac,-2.75,-0.00240858331508649,-0.00240858331508649,-0.4684007028611544,-534.7965024917231,532.0465024917231,leave_one_system_out
34,2010-12-29 06:00:00,-2.5,0.07325,51.1555,1.0,6.123233995736766e-17,-0.0344216116227458,0.9994074007397048,6.0,363,1.0,6.123233995736766e-17,-0.034421611622745804,0.9994074007397048,1141.75,max_ac,-2.5,-0.0021896211955331727,-0.0021896211955331727,-0.12785620837120693,-145.9798259078255,143.4798259078255,leave_one_system_out
34,2010-12-29 07:00:00,-2.0,5.5175,50.4465,0.9659258262890684,-0.2588190451025206,-0.0344216116227458,0.9994074007397048,7.0,363,0.9659258262890683,-0.25881904510252063,-0.034421611622745804,0.9994074007397048,1141.75,max_ac,-2.0,-0.0017516969564265383,-0.0017516969564265383,0.1275191818979361,145.59502593196854,-147.59502593196854,leave_one_system_out
34,2010-12-29 08:00:00,67.25,53.85725,50.70725,0.8660254037844387,-0.4999999999999998,-0.0344216116227458,0.9994074007397048,8.0,363,0.8660254037844387,-0.4999999999999998,-0.034421611622745804,0.9994074007397048,1141.75,max_ac,67.25,0.058900810159842346,0.058900810159842346,0.3229143966756163,368.6875124043849,-301.4375124043849,leave_one_system_out
34,2010-12-29 09:00:00,158.0,138.721,52.0235,0.7071067811865476,-0.7071067811865475,-0.0344216116227458,0.9994074007397048,9.0,363,0.7071067811865476,-0.7071067811865475,-0.034421611622745804,0.9994074007397048,1141.75,max_ac,158.0,0.13838405955769653,0.13838405955769653,0.4429924935502726,505.78667951102375,-347.78667951102375,leave_one_system_out
34,2010-12-29 10:00:00,227.5,169.043,53.2565,0.4999999999999999,-0.8660254037844387,-0.0344216116227458,0.9994074007397048,10.0,363,0.49999999999999994,-0.8660254037844387,-0.034421611622745804,0.9994074007397048,1141.75,max_ac,227.5,0.1992555287935187,0.1992555287935187,0.5264854112252813,601.1147182664648,-373.6147182664648,leave_one_system_out
34,2010-12-29 11:00:00,226.5,208.25175,54.11725,0.258819045102521,-0.9659258262890682,-0.0344216116227458,0.9994074007397048,11.0,363,0.258819045102521,-0.9659258262890682,-0.034421611622745804,0.9994074007397048,1141.75,max_ac,226.5,0.19837968031530545,0.19837968031530545,0.5292413355315755,604.2612948431763,-377.7612948431763,leave_one_system_out
34,2010-12-29 12:00:00,686.25,333.03225,54.499,1.2246467991473532e-16,-1.0,-0.0344216116227458,0.9994074007397048,12.0,363,1.2246467991473532e-16,-1.0,-0.034421611622745804,0.9994074007397048,1141.75,max_ac,686.25,0.601051018173856,0.601051018173856,0.4157221483833167,474.65076291665184,211.59923708334816,leave_one_system_out
34,2010-12-29 13:00:00,503.5,465.91775,57.724,-0.2588190451025208,-0.9659258262890684,-0.0344216116227458,0.9994074007397048,13.0,363,-0.2588190451025208,-0.9659258262890683,-0.034421611622745804,0.9994074007397048,1141.75,max_ac,503.5,0.440989708780381,0.440989708780381,0.2255062725240914,257.47178665438133,246.02821334561867,leave_one_system_out
34,2010-12-29 14:00:00,486.5,593.2860000000001,59.2555,-0.4999999999999997,-0.8660254037844388,-0.0344216116227458,0.9994074007397048,14.0,363,-0.4999999999999997,-0.8660254037844388,-0.034421611622745804,0.9994074007397048,1141.75,max_ac,486.5,0.42610028465075545,0.42610028465075545,0.0038967972729647693,4.4491682864075255,482.05083171359246,leave_one_system_out
34,2010-12-29 15:00:00,132.25,245.72725000000003,58.39225,-0.7071067811865471,-0.7071067811865479,-0.0344216116227458,0.9994074007397048,15.0,363,-0.7071067811865471,-0.7071067811865479,-0.034421611622745804,0.9994074007397048,1141.75,max_ac,132.25,0.11583096124370484,0.11583096124370484,-0.036068966304710626,-41.181742278403355,173.43174227840336,leave_one_system_out
34,2010-12-29 16:00:00,32.25,45.50775,56.1065,-0.8660254037844385,-0.5000000000000004,-0.0344216116227458,0.9994074007397048,16.0,363,-0.8660254037844385,-0.5000000000000004,-0.034421611622745804,0.9994074007397048,1141.75,max_ac,32.25,0.028246113422377928,0.028246113422377928,-0.18050284966490582,-206.08912860490622,238.33912860490622,leave_one_system_out
34,2010-12-29 17:00:00,-2.5,0.366,53.36025,-0.9659258262890684,-0.2588190451025206,-0.0344216116227458,0.9994074007397048,17.0,363,-0.9659258262890683,-0.25881904510252063,-0.034421611622745804,0.9994074007397048,1141.75,max_ac,-2.5,-0.0021896211955331727,-0.0021896211955331727,-0.3541205142263212,-404.3170971179022,401.8170971179022,leave_one_system_out
34,2010-12-29 18:00:00,-2.25,0.07325,51.8715,-1.0,-1.8369701987210287e-16,-0.0344216116227458,0.9994074007397048,18.0,363,-1.0,-1.8369701987210297e-16,-0.034421611622745804,0.9994074007397048,1141.75,max_ac,-2.25,-0.0019706590759798557,-0.0019706590759798557,-0.5128804813456314,-585.5812895763746,583.3312895763746,leave_one_system_out
34,2010-12-30 06:00:00,-3.25,0.24425,34.730000000000004,1.0,6.123233995736766e-17,-0.0172133561558352,0.9998518392091162,6.0,364,1.0,6.123233995736766e-17,-0.01721335615583528,0.9998518392091162,1141.75,max_ac,-3.25,-0.0028465075541931244,-0.0028465075541931244,-0.016551559772027546,-18.89774336971245,15.647743369712451,leave_one_system_out
34,2010-12-30 07:00:00,52.5,28.5155,33.9,0.9659258262890684,-0.2588190451025206,-0.0172133561558352,0.9998518392091162,7.0,364,0.9659258262890683,-0.25881904510252063,-0.01721335615583528,0.9998518392091162,1141.75,max_ac,52.5,0.04598204510619663,0.04598204510619663,0.1596062794181407,182.23046952566216,-129.73046952566216,leave_one_system_out
34,2010-12-30 08:00:00,334.5,396.411,34.48975,0.8660254037844387,-0.4999999999999998,-0.0172133561558352,0.9998518392091162,8.0,364,0.8660254037844387,-0.4999999999999998,-0.01721335615583528,0.9998518392091162,1141.75,max_ac,334.5,0.2929713159623385,0.2929713159623385,0.2709188379764347,309.3215832595943,25.17841674040568,leave_one_system_out
34,2010-12-30 09:00:00,649.0,631.6895,35.78575,0.7071067811865476,-0.7071067811865475,-0.0172133561558352,0.9998518392091162,9.0,364,0.7071067811865476,-0.7071067811865475,-0.01721335615583528,0.9998518392091162,1141.75,max_ac,649.0,0.5684256623604117,0.5684256623604117,0.34098786084552357,389.32289012037654,259.67710987962346,leave_one_system_out
34,2010-12-30 10:00:00,835.0,800.6589999999999,36.917,0.4999999999999999,-0.8660254037844387,-0.0172133561558352,0.9998518392091162,10.0,364,0.49999999999999994,-0.8660254037844387,-0.01721335615583528,0.9998518392091162,1141.75,max_ac,835.0,0.7313334793080797,0.7313334793080797,0.378991401564426,432.7134327361834,402.2865672638166,leave_one_system_out
34,2010-12-30 11:00:00,908.25,883.4962499999999,38.42075,0.258819045102521,-0.9659258262890682,-0.0172133561558352,0.9998518392091162,11.0,364,0.258819045102521,-0.9659258262890682,-0.01721335615583528,0.9998518392091162,1141.75,max_ac,908.25,0.7954893803372016,0.7954893803372016,0.3875116427088372,442.4414180628149,465.8085819371851,leave_one_system_out
34,2010-12-30 12:00:00,706.5,842.798,40.0735,1.2246467991473532e-16,-1.0,-0.0172133561558352,0.9998518392091162,12.0,364,1.2246467991473532e-16,-1.0,-0.01721335615583528,0.9998518392091162,1141.75,max_ac,706.5,0.6187869498576746,0.6187869498576746,0.3734781046238738,426.4186259543079,280.0813740456921,leave_one_system_out
34,2010-12-30 13:00:00,858.75,757.544,41.62775,-0.2588190451025208,-0.9659258262890684,-0.0172133561558352,0.9998518392091162,13.0,364,-0.2588190451025208,-0.9659258262890683,-0.01721335615583528,0.9998518392091162,1141.75,max_ac,858.75,0.7521348806656448,0.7521348806656448,0.3230936436523239,368.89216764004084,489.85783235995916,leave_one_system_out
34,2010-12-30 14:00:00,545.75,612.28025,41.686,-0.4999999999999997,-0.8660254037844388,-0.0172133561558352,0.9998518392091162,14.0,364,-0.4999999999999997,-0.8660254037844388,-0.01721335615583528,0.9998518392091162,1141.75,max_ac,545.75,0.4779943069848916,0.4779943069848916,0.2518096806235174,287.503702851901,258.246297148099,leave_one_system_out
34,2010-12-30 15:00:00,232.5,302.2705,39.78,-0.7071067811865471,-0.7071067811865479,-0.0172133561558352,0.9998518392091162,15.0,364,-0.7071067811865471,-0.7071067811865479,-0.01721335615583528,0.9998518392091162,1141.75,max_ac,232.5,0.20363477118458506,0.20363477118458506,0.13742304677928513,156.9027636602488,75.59723633975119,leave_one_system_out
34,2010-12-30 16:00:00,6.25,18.23725,37.5145,-0.8660254037844385,-0.5000000000000004,-0.0172133561558352,0.9998518392091162,16.0,364,-0.8660254037844385,-0.5000000000000004,-0.01721335615583528,0.9998518392091162,1141.75,max_ac,6.25,0.005474052988832932,0.005474052988832932,-0.04435501593752694,-50.642339446671386,56.892339446671386,leave_one_system_out
34,2010-12-30 17:00:00,-2.25,0.0,36.0795,-0.9659258262890684,-0.2588190451025206,-0.0172133561558352,0.9998518392091162,17.0,364,-0.9659258262890683,-0.25881904510252063,-0.01721335615583528,0.9998518392091162,1141.75,max_ac,-2.25,-0.0019706590759798557,-0.0019706590759798557,-0.1623855415231671,-185.40369203407602,183.15369203407602,leave_one_system_out
34,2010-12-30 18:00:00,-2.5,0.0,35.763,-1.0,-1.8369701987210287e-16,-0.0172133561558352,0.9998518392091162,18.0,364,-1.0,-1.8369701987210297e-16,-0.01721335615583528,0.9998518392091162,1141.75,max_ac,-2.5,-0.0021896211955331727,-0.0021896211955331727,-0.25716263555622076,-293.61543914631505,291.11543914631505,leave_one_system_out
34,2010-12-31 06:00:00,-3.5,0.171,25.45325,1.0,6.123233995736766e-17,6.432490598706546e-16,1.0,6.0,365,1.0,6.123233995736766e-17,6.432490598706546e-16,1.0,1141.75,max_ac,-3.5,-0.003065469673746442,-0.003065469673746442,0.017586861291541855,20.079798879617915,-23.579798879617915,leave_one_system_out
34,2010-12-31 07:00:00,54.0,25.19525,25.959,0.9659258262890684,-0.2588190451025206,6.432490598706546e-16,1.0,7.0,365,0.9659258262890683,-0.25881904510252063,6.432490598706546e-16,1.0,1141.75,max_ac,54.0,0.04729581782351653,0.04729581782351653,0.15657259748385108,178.76676317718696,-124.76676317718696,leave_one_system_out
34,2010-12-31 08:00:00,340.25,398.14475,27.84775,0.8660254037844387,-0.4999999999999998,6.432490598706546e-16,1.0,8.0,365,0.8660254037844387,-0.4999999999999998,6.432490598706546e-16,1.0,1141.75,max_ac,340.25,0.2980074447120648,0.2980074447120648,0.3052730474312283,348.5455019046049,-8.295501904604919,leave_one_system_out
34,2010-12-31 09:00:00,658.25,634.25275,30.0525,0.7071067811865476,-0.7071067811865475,6.432490598706546e-16,1.0,9.0,365,0.7071067811865476,-0.7071067811865475,6.432490598706546e-16,1.0,1141.75,max_ac,658.25,0.5765272607838844,0.5765272607838844,0.3885298397390361,443.60394452204446,214.64605547795554,leave_one_system_out
34,2010-12-31 10:00:00,834.5,798.24225,31.6345,0.4999999999999999,-0.8660254037844387,6.432490598706546e-16,1.0,10.0,365,0.49999999999999994,-0.8660254037844387,6.432490598706546e-16,1.0,1141.75,max_ac,834.5,0.7308955550689731,0.7308955550689731,0.43606754730466224,497.88012213509813,336.61987786490187,leave_one_system_out
34,2010-12-31 11:00:00,907.0,880.49325,33.2215,0.258819045102521,-0.9659258262890682,6.432490598706546e-16,1.0,11.0,365,0.258819045102521,-0.9659258262890682,6.432490598706546e-16,1.0,1141.75,max_ac,907.0,0.7943945697394351,0.7943945697394351,0.4522449634221891,516.3506869872845,390.64931301271554,leave_one_system_out
34,2010-12-31 12:00:00,878.0,877.9785,34.9225,1.2246467991473532e-16,-1.0,6.432490598706546e-16,1.0,12.0,365,1.2246467991473532e-16,-1.0,6.432490598706546e-16,1.0,1141.75,max_ac,878.0,0.7689949638712503,0.7689949638712503,0.4366779279878843,498.5770242801669,379.4229757198331,leave_one_system_out
34,2010-12-31 13:00:00,761.25,789.453,36.32725,-0.2588190451025208,-0.9659258262890684,6.432490598706546e-16,1.0,13.0,365,-0.2588190451025208,-0.9659258262890683,6.432490598706546e-16,1.0,1141.75,max_ac,761.25,0.6667396540398511,0.6667396540398511,0.3897843290697897,445.0362577154324,316.2137422845676,leave_one_system_out
34,2010-12-31 14:00:00,565.25,617.9445,36.669,-0.4999999999999997,-0.8660254037844388,6.432490598706546e-16,1.0,14.0,365,-0.4999999999999997,-0.8660254037844388,6.432490598706546e-16,1.0,1141.75,max_ac,565.25,0.49507335231005034,0.49507335231005034,0.310947609268896,355.02443288276197,210.22556711723803,leave_one_system_out
34,2010-12-31 15:00:00,238.25,380.54225,35.97025,-0.7071067811865471,-0.7071067811865479,6.432490598706546e-16,1.0,15.0,365,-0.7071067811865471,-0.7071067811865479,6.432490598706546e-16,1.0,1141.75,max_ac,238.25,0.20867089993431137,0.20867089993431137,0.1853811106846836,211.6588831242375,26.59111687576251,leave_one_system_out
34,2010-12-31 16:00:00,10.75,19.8,33.93025,-0.8660254037844385,-0.5000000000000004,6.432490598706546e-16,1.0,16.0,365,-0.8660254037844385,-0.5000000000000004,6.432490598706546e-16,1.0,1141.75,max_ac,10.75,0.009415371140792644,0.009415371140792644,-0.028172994194462064,-32.16651612152706,42.91651612152706,leave_one_system_out
34,2010-12-31 17:00:00,-2.5,0.09775,31.1815,-0.9659258262890684,-0.2588190451025206,6.432490598706546e-16,1.0,17.0,365,-0.9659258262890683,-0.25881904510252063,6.432490598706546e-16,1.0,1141.75,max_ac,-2.5,-0.0021896211955331727,-0.0021896211955331727,-0.12157150744815093,-138.8042686289263,136.3042686289263,leave_one_system_out
34,2010-12-31 18:00:00,-2.25,0.0,28.82725,-1.0,-1.8369701987210287e-16,6.432490598706546e-16,1.0,18.0,365,-1.0,-1.8369701987210297e-16,6.432490598706546e-16,1.0,1141.75,max_ac,-2.25,-0.0019706590759798557,-0.0019706590759798557,-0.1668735364195426,-190.52786020701276,188.27786020701276,leave_one_system_out
