system_id,timestamp,ac_power,poa_irradiance,ambient_temp,sin_hora,cos_hora,sin_dia_anual,cos_dia_anual,hour,day_of_year,sin_hour,cos_hour,sin_day_of_year,cos_day_of_year,capacity_used,capacity_source,target_original,target_normalized,target,predicted_target,predicted_ac_power,residual,experiment
1239,2019-04-01 06:00:00,0.0,7.2435,-2.8145821584999977,1.0,6.123233995736766e-17,0.99999073973619,0.0043035382962442,6.0,91,1.0,6.123233995736766e-17,0.9999907397361901,0.004303538296244289,18550.0,max_ac,0.0,0.0,0.0,-0.07559680760524456,-1402.3207810772867,1402.3207810772867,leave_one_system_out
1239,2019-04-01 07:00:00,85.0,58.33699999999999,-3.1872210771999976,0.9659258262890684,-0.2588190451025206,0.99999073973619,0.0043035382962442,7.0,91,0.9659258262890683,-0.25881904510252063,0.9999907397361901,0.004303538296244289,18550.0,max_ac,85.0,0.004582210242587601,0.004582210242587601,-0.0010376843947783598,-19.249045523138577,104.24904552313858,leave_one_system_out
1239,2019-04-01 08:00:00,1890.0,248.07425,-2.9930543949999984,0.8660254037844387,-0.4999999999999998,0.99999073973619,0.0043035382962442,8.0,91,0.8660254037844387,-0.4999999999999998,0.9999907397361901,0.004303538296244289,18550.0,max_ac,1890.0,0.1018867924528302,0.1018867924528302,0.16265239272804682,3017.2018851052685,-1127.2018851052685,leave_one_system_out
1239,2019-04-01 09:00:00,4675.0,472.28125,-1.4462487156999964,0.7071067811865476,-0.7071067811865475,0.99999073973619,0.0043035382962442,9.0,91,0.7071067811865476,-0.7071067811865475,0.9999907397361901,0.004303538296244289,18550.0,max_ac,4675.0,0.25202156334231807,0.25202156334231807,0.3232308225385071,5995.931758089307,-1320.9317580893066,leave_one_system_out
1239,2019-04-01 10:00:00,4810.0,365.861,-1.4488876047999977,0.4999999999999999,-0.8660254037844387,0.99999073973619,0.0043035382962442,10.0,91,0.49999999999999994,-0.8660254037844387,0.9999907397361901,0.004303538296244289,18550.0,max_ac,4810.0,0.25929919137466306,0.25929919137466306,0.27986898968275375,5191.569758615082,-381.5697586150818,leave_one_system_out
1239,2019-04-01 11:00:00,10545.0,568.09925,-0.7079153232999973,0.258819045102521,-0.9659258262890682,0.99999073973619,0.0043035382962442,11.0,91,0.258819045102521,-0.9659258262890682,0.9999907397361901,0.004303538296244289,18550.0,max_ac,10545.0,0.5684636118598383,0.5684636118598383,0.3915253824019347,7262.7958435558885,3282.2041564441115,leave_one_system_out
1239,2019-04-01 12:00:00,12945.0,603.4635000000001,-0.1905541707999969,1.2246467991473532e-16,-1.0,0.99999073973619,0.0043035382962442,12.0,91,1.2246467991473532e-16,-1.0,0.9999907397361901,0.004303538296244289,18550.0,max_ac,12945.0,0.6978436657681941,0.6978436657681941,0.4056341165164279,7524.512861379737,5420.487138620263,leave_one_system_out
1239,2019-04-01 13:00:00,13100.0,615.50625,-0.7037486562999984,-0.2588190451025208,-0.9659258262890684,0.99999073973619,0.0043035382962442,13.0,91,-0.2588190451025208,-0.9659258262890683,0.9999907397361901,0.004303538296244289,18550.0,max_ac,13100.0,0.706199460916442,0.706199460916442,0.40681832053565226,7546.479845936349,5553.520154063651,leave_one_system_out
1239,2019-04-01 14:00:00,11055.0,514.88875,-0.2973597348999979,-0.4999999999999997,-0.8660254037844388,0.99999073973619,0.0043035382962442,14.0,91,-0.4999999999999997,-0.8660254037844388,0.9999907397361901,0.004303538296244289,18550.0,max_ac,11055.0,0.5959568733153638,0.5959568733153638,0.33704384083072836,6252.163247410011,4802.836752589989,leave_one_system_out
1239,2019-04-01 15:00:00,12620.0,603.529,-0.6558319857999964,-0.7071067811865471,-0.7071067811865479,0.99999073973619,0.0043035382962442,15.0,91,-0.7071067811865471,-0.7071067811865479,0.9999907397361901,0.004303538296244289,18550.0,max_ac,12620.0,0.6803234501347709,0.6803234501347709,0.43780282464492626,8121.2423971633825,4498.7576028366175,leave_one_system_out
1239,2019-04-01 16:00:00,8105.0,415.68975,-0.3058319577999979,-0.8660254037844385,-0.5000000000000004,0.99999073973619,0.0043035382962442,16.0,91,-0.8660254037844385,-0.5000000000000004,0.9999907397361901,0.004303538296244289,18550.0,max_ac,8105.0,0.43692722371967657,0.43692722371967657,0.3140561547651953,5825.741670894372,2279.258329105628,leave_one_system_out
1239,2019-04-01 17:00:00,2375.0,194.86425,-0.2170819506999981,-0.9659258262890684,-0.2588190451025206,0.99999073973619,0.0043035382962442,17.0,91,-0.9659258262890683,-0.25881904510252063,0.9999907397361901,0.004303538296244289,18550.0,max_ac,2375.0,0.1280323450134771,0.1280323450134771,0.14097286896168648,2615.0467192392844,-240.04671923928436,leave_one_system_out
1239,2019-04-01 18:00:00,210.0,70.79424999999999,-1.599443172399999,-1.0,-1.8369701987210287e-16,0.99999073973619,0.0043035382962442,18.0,91,-1.0,-1.8369701987210297e-16,0.9999907397361901,0.004303538296244289,18550.0,max_ac,210.0,0.011320754716981131,0.011320754716981131,0.06691615325519973,1241.294642883955,-1031.294642883955,leave_one_system_out
1239,2019-04-02 06:00:00,15.0,32.57933333333333,-4.420415620299997,1.0,6.123233995736766e-17,0.999916658654738,-0.0129102960750088,6.0,92,1.0,6.123233995736766e-17,0.9999166586547379,-0.01291029607500882,18550.0,max_ac,15.0,0.0008086253369272237,0.0008086253369272237,-0.059171225094387214,-1097.6262255008828,1112.6262255008828,leave_one_system_out
1239,2019-04-02 07:00:00,2275.0,180.24725,-2.765415487899997,0.9659258262890684,-0.2588190451025206,0.999916658654738,-0.0129102960750088,7.0,92,0.9659258262890683,-0.25881904510252063,0.9999166586547379,-0.01291029607500882,18550.0,max_ac,2275.0,0.12264150943396226,0.12264150943396226,0.08520387913066774,1580.5319578738865,694.4680421261135,leave_one_system_out
1239,2019-04-02 08:00:00,6700.0,357.33075,-0.4084708548999982,0.8660254037844387,-0.4999999999999998,0.999916658654738,-0.0129102960750088,8.0,92,0.8660254037844387,-0.4999999999999998,0.9999166586547379,-0.01291029607500882,18550.0,max_ac,6700.0,0.3611859838274933,0.3611859838274933,0.23567554142169875,4371.781293372512,2328.2187066274882,leave_one_system_out
1239,2019-04-02 09:00:00,10950.0,531.68775,1.3733348432000012,0.7071067811865476,-0.7071067811865475,0.999916658654738,-0.0129102960750088,9.0,92,0.7071067811865476,-0.7071067811865475,0.9999166586547379,-0.01291029607500882,18550.0,max_ac,10950.0,0.5902964959568733,0.5902964959568733,0.36162985530877795,6708.233815977831,4241.766184022169,leave_one_system_out
1239,2019-04-02 10:00:00,14200.0,699.4122500000001,3.658335026000002,0.4999999999999999,-0.8660254037844387,0.999916658654738,-0.0129102960750088,10.0,92,0.49999999999999994,-0.8660254037844387,0.9999166586547379,-0.01291029607500882,18550.0,max_ac,14200.0,0.7654986522911051,0.7654986522911051,0.46587935513262607,8642.062037710213,5557.937962289787,leave_one_system_out
1239,2019-04-02 11:00:00,16010.0,784.8452499999999,4.455696200900003,0.258819045102521,-0.9659258262890682,0.999916658654738,-0.0129102960750088,11.0,92,0.258819045102521,-0.9659258262890682,0.9999166586547379,-0.01291029607500882,18550.0,max_ac,16010.0,0.8630727762803234,0.8630727762803234,0.5155925178241784,9564.24120563851,6445.758794361491,leave_one_system_out
1239,2019-04-02 12:00:00,16095.0,762.396,3.792085036700003,1.2246467991473532e-16,-1.0,0.999916658654738,-0.0129102960750088,12.0,92,1.2246467991473532e-16,-1.0,0.9999166586547379,-0.01291029607500882,18550.0,max_ac,16095.0,0.8676549865229111,0.8676549865229111,0.5035299700324926,9340.480944102737,6754.519055897263,leave_one_system_out
1239,2019-04-02 13:00:00,16140.0,779.74025,4.6077795464000015,-0.2588190451025208,-0.9659258262890684,0.999916658654738,-0.0129102960750088,13.0,92,-0.2588190451025208,-0.9659258262890683,0.9999166586547379,-0.01291029607500882,18550.0,max_ac,16140.0,0.8700808625336928,0.8700808625336928,0.5196811801342927,9640.08589149113,6499.91410850887,leave_one_system_out
1239,2019-04-02 14:00:00,13210.0,643.8895,7.041946407800003,-0.4999999999999997,-0.8660254037844388,0.999916658654738,-0.0129102960750088,14.0,92,-0.4999999999999997,-0.8660254037844388,0.9999166586547379,-0.01291029607500882,18550.0,max_ac,13210.0,0.7121293800539084,0.7121293800539084,0.4405531043761599,8172.260086177766,5037.739913822234,leave_one_system_out
1239,2019-04-02 15:00:00,9020.0,449.74525,7.238751979100003,-0.7071067811865471,-0.7071067811865479,0.999916658654738,-0.0129102960750088,15.0,92,-0.7071067811865471,-0.7071067811865479,0.9999166586547379,-0.01291029607500882,18550.0,max_ac,9020.0,0.4862533692722372,0.4862533692722372,0.3063067066636123,5681.9894086100085,3338.0105913899915,leave_one_system_out
1239,2019-04-02 16:00:00,7280.0,389.423,7.103751968300002,-0.8660254037844385,-0.5000000000000004,0.999916658654738,-0.0129102960750088,16.0,92,-0.8660254037844385,-0.5000000000000004,0.9999166586547379,-0.01291029607500882,18550.0,max_ac,7280.0,0.39245283018867927,0.39245283018867927,0.2898578347728475,5376.862835036321,1903.1371649636794,leave_one_system_out
1239,2019-04-02 17:00:00,2915.0,212.66625,6.324585239300002,-0.9659258262890684,-0.2588190451025206,0.999916658654738,-0.0129102960750088,17.0,92,-0.9659258262890683,-0.25881904510252063,0.9999166586547379,-0.01291029607500882,18550.0,max_ac,2915.0,0.15714285714285714,0.15714285714285714,0.16390078987373183,3040.3596521577256,-125.35965215772558,leave_one_system_out
1239,2019-04-02 18:00:00,150.0,53.603,5.220835151000004,-1.0,-1.8369701987210287e-16,0.999916658654738,-0.0129102960750088,18.0,92,-1.0,-1.8369701987210297e-16,0.9999166586547379,-0.01291029607500882,18550.0,max_ac,150.0,0.008086253369272238,0.008086253369272238,0.047679538096580654,884.4554316915711,-734.4554316915711,leave_one_system_out
1239,2019-04-03 06:00:00,0.0,7.679499999999999,-0.6206930940999973,1.0,6.123233995736766e-17,0.9995462806873572,-0.0301203048469081,6.0,93,1.0,6.123233995736766e-17,0.9995462806873573,-0.030120304846908114,18550.0,max_ac,0.0,0.0,0.0,-0.06939381173231318,-1287.2552076344095,1287.2552076344095,leave_one_system_out
1239,2019-04-03 07:00:00,565.0,51.24675,-0.1554152790999987,0.9659258262890684,-0.2588190451025206,0.9995462806873572,-0.0301203048469081,7.0,93,0.9659258262890683,-0.25881904510252063,0.9995462806873573,-0.030120304846908114,18550.0,max_ac,565.0,0.03045822102425876,0.03045822102425876,0.0040666482197151965,75.4363244757169,489.5636755242831,leave_one_system_out
1239,2019-04-03 08:00:00,1855.0,107.1405,0.1766680808000024,0.8660254037844387,-0.4999999999999998,0.9995462806873572,-0.0301203048469081,8.0,93,0.8660254037844387,-0.4999999999999998,0.9995462806873573,-0.030120304846908114,18550.0,max_ac,1855.0,0.1,0.1,0.08794739280410868,1631.424136516216,223.5758634837839,leave_one_system_out
1239,2019-04-03 09:00:00,2420.0,125.5535,0.5648625563000021,0.7071067811865476,-0.7071067811865475,0.9995462806873572,-0.0301203048469081,9.0,93,0.7071067811865476,-0.7071067811865475,0.9995462806873573,-0.030120304846908114,18550.0,max_ac,2420.0,0.13045822102425875,0.13045822102425875,0.13997849571499305,2596.601095513121,-176.60109551312098,leave_one_system_out
1239,2019-04-03 10:00:00,3315.0,157.471,0.4958347730000011,0.4999999999999999,-0.8660254037844387,0.9995462806873572,-0.0301203048469081,10.0,93,0.49999999999999994,-0.8660254037844387,0.9995462806873573,-0.030120304846908114,18550.0,max_ac,3315.0,0.17870619946091645,0.17870619946091645,0.17821708161074573,3305.9268638793333,9.073136120666732,leave_one_system_out
1239,2019-04-03 11:00:00,2885.0,135.10925,1.2481959443000017,0.258819045102521,-0.9659258262890682,0.9995462806873572,-0.0301203048469081,11.0,93,0.258819045102521,-0.9659258262890682,0.9995462806873573,-0.030120304846908114,18550.0,max_ac,2885.0,0.1555256064690027,0.1555256064690027,0.16518765147081194,3064.230934783561,-179.23093478356122,leave_one_system_out
1239,2019-04-03 12:00:00,1860.0,119.401,0.715140346100001,1.2246467991473532e-16,-1.0,0.9995462806873572,-0.0301203048469081,12.0,93,1.2246467991473532e-16,-1.0,0.9995462806873573,-0.030120304846908114,18550.0,max_ac,1860.0,0.10026954177897573,0.10026954177897573,0.12610876611235156,2339.3176113841214,-479.3176113841214,leave_one_system_out
1239,2019-04-03 13:00:00,530.0,114.34,0.545001443600003,-0.2588190451025208,-0.9659258262890684,0.9995462806873572,-0.0301203048469081,13.0,93,-0.2588190451025208,-0.9659258262890683,0.9995462806873573,-0.030120304846908114,18550.0,max_ac,530.0,0.02857142857142857,0.02857142857142857,0.0779886140522369,1446.6887906689944,-916.6887906689944,leave_one_system_out
1239,2019-04-03 14:00:00,60.0,117.54675,0.7222236800000017,-0.4999999999999997,-0.8660254037844388,0.9995462806873572,-0.0301203048469081,14.0,93,-0.4999999999999997,-0.8660254037844388,0.9995462806873573,-0.030120304846908114,18550.0,max_ac,60.0,0.003234501347708895,0.003234501347708895,0.03620443124022449,671.5921995061642,-611.5921995061642,leave_one_system_out
1239,2019-04-03 15:00:00,-125.0,103.955,0.6926403443000018,-0.7071067811865471,-0.7071067811865479,0.9995462806873572,-0.0301203048469081,15.0,93,-0.7071067811865471,-0.7071067811865479,0.9995462806873573,-0.030120304846908114,18550.0,max_ac,-125.0,-0.006738544474393531,-0.006738544474393531,-0.0031856452879791552,-59.09372009201333,-65.90627990798667,leave_one_system_out
1239,2019-04-03 16:00:00,-205.0,107.86025,0.7431959039000001,-0.8660254037844385,-0.5000000000000004,0.9995462806873572,-0.0301203048469081,16.0,93,-0.8660254037844385,-0.5000000000000004,0.9995462806873573,-0.030120304846908114,18550.0,max_ac,-205.0,-0.011051212938005392,-0.011051212938005392,0.002138310576713154,39.66566119802901,-244.665661198029,leave_one_system_out
1239,2019-04-03 17:00:00,-205.0,87.78925,0.9513903650000016,-0.9659258262890684,-0.2588190451025206,0.9995462806873572,-0.0301203048469081,17.0,93,-0.9659258262890683,-0.25881904510252063,0.9995462806873573,-0.030120304846908114,18550.0,max_ac,-205.0,-0.011051212938005392,-0.011051212938005392,0.017837987142143352,330.89466148675916,-535.8946614867591,leave_one_system_out
1239,2019-04-03 18:00:00,-235.0,27.79425,0.6181958939000012,-1.0,-1.8369701987210287e-16,0.9995462806873572,-0.0301203048469081,18.0,93,-1.0,-1.8369701987210297e-16,0.9995462806873573,-0.030120304846908114,18550.0,max_ac,-235.0,-0.012668463611859838,-0.012668463611859838,0.010967615834883704,203.4492737370927,-438.4492737370927,leave_one_system_out
1239,2019-04-04 06:00:00,0.0,34.40475,-3.492359990499999,1.0,6.123233995736766e-17,0.9988797155850336,-0.0473213883224318,6.0,94,1.0,6.123233995736766e-17,0.9988797155850336,-0.04732138832243185,18550.0,max_ac,0.0,0.0,0.0,-0.05533094796469179,-1026.3890847450327,1026.3890847450327,leave_one_system_out
1239,2019-04-04 07:00:00,70.0,185.9195,-3.0999988479999976,0.9659258262890684,-0.2588190451025206,0.9988797155850336,-0.0473213883224318,7.0,94,0.9659258262890683,-0.25881904510252063,0.9988797155850336,-0.04732138832243185,18550.0,max_ac,70.0,0.0037735849056603774,0.0037735849056603774,0.08899544470977216,1650.8654993662738,-1580.8654993662738,leave_one_system_out
1239,2019-04-04 08:00:00,280.0,249.187,-2.8819432749999985,0.8660254037844387,-0.4999999999999998,0.9988797155850336,-0.0473213883224318,8.0,94,0.8660254037844387,-0.4999999999999998,0.9988797155850336,-0.04732138832243185,18550.0,max_ac,280.0,0.01509433962264151,0.01509433962264151,0.16581434266553707,3075.8560564457125,-2795.8560564457125,leave_one_system_out
1239,2019-04-04 09:00:00,1145.0,480.2445,-2.9762488380999983,0.7071067811865476,-0.7071067811865475,0.9988797155850336,-0.0473213883224318,9.0,94,0.7071067811865476,-0.7071067811865475,0.9988797155850336,-0.04732138832243185,18550.0,max_ac,1145.0,0.06172506738544475,0.06172506738544475,0.32623877036787075,6051.729190324002,-4906.729190324002,leave_one_system_out
1239,2019-04-04 10:00:00,1100.0,444.88,-2.590971029499999,0.4999999999999999,-0.8660254037844387,0.9988797155850336,-0.0473213883224318,10.0,94,0.49999999999999994,-0.8660254037844387,0.9988797155850336,-0.04732138832243185,18550.0,max_ac,1100.0,0.05929919137466307,0.05929919137466307,0.32259861205233675,5984.204253570847,-4884.204253570847,leave_one_system_out
1239,2019-04-04 11:00:00,3440.0,1043.6095,-2.268887670399998,0.258819045102521,-0.9659258262890682,0.9988797155850336,-0.0473213883224318,11.0,94,0.258819045102521,-0.9659258262890682,0.9988797155850336,-0.04732138832243185,18550.0,max_ac,3440.0,0.18544474393530996,0.18544474393530996,0.6511796878845637,12079.383210258657,-8639.383210258657,leave_one_system_out
1239,2019-04-04 12:00:00,1575.0,524.3575000000001,-2.574026583699998,1.2246467991473532e-16,-1.0,0.9988797155850336,-0.0473213883224318,12.0,94,1.2246467991473532e-16,-1.0,0.9988797155850336,-0.04732138832243185,18550.0,max_ac,1575.0,0.08490566037735849,0.08490566037735849,0.3567950799490047,6618.548733054037,-5043.548733054037,leave_one_system_out
1239,2019-04-04 13:00:00,2270.0,662.34625,-2.4769432425999978,-0.2588190451025208,-0.9659258262890684,0.9988797155850336,-0.0473213883224318,13.0,94,-0.2588190451025208,-0.9659258262890683,0.9988797155850336,-0.04732138832243185,18550.0,max_ac,2270.0,0.12237196765498652,0.12237196765498652,0.4366630381421125,8100.099357536186,-5830.099357536186,leave_one_system_out
1239,2019-04-04 14:00:00,1810.0,523.31,-1.7177765151999975,-0.4999999999999997,-0.8660254037844388,0.9988797155850336,-0.0473213883224318,14.0,94,-0.4999999999999997,-0.8660254037844388,0.9988797155850336,-0.04732138832243185,18550.0,max_ac,1810.0,0.09757412398921833,0.09757412398921833,0.3420143771137751,6344.366695460528,-4534.366695460528,leave_one_system_out
1239,2019-04-04 15:00:00,1405.0,415.62425,-1.7584709628999995,-0.7071067811865471,-0.7071067811865479,0.9988797155850336,-0.0473213883224318,15.0,94,-0.7071067811865471,-0.7071067811865479,0.9988797155850336,-0.04732138832243185,18550.0,max_ac,1405.0,0.07574123989218329,0.07574123989218329,0.26816725273600217,4974.50253825284,-3569.50253825284,leave_one_system_out
1239,2019-04-04 16:00:00,630.0,242.62025,-2.050832097399999,-0.8660254037844385,-0.5000000000000004,0.9988797155850336,-0.0473213883224318,16.0,94,-0.8660254037844385,-0.5000000000000004,0.9988797155850336,-0.04732138832243185,18550.0,max_ac,630.0,0.033962264150943396,0.033962264150943396,0.1346027847271919,2496.8816566894097,-1866.8816566894097,leave_one_system_out
1239,2019-04-04 17:00:00,260.0,183.956,-2.226804333699998,-0.9659258262890684,-0.2588190451025206,0.9988797155850336,-0.0473213883224318,17.0,94,-0.9659258262890683,-0.25881904510252063,0.9988797155850336,-0.04732138832243185,18550.0,max_ac,260.0,0.014016172506738544,0.014016172506738544,0.12392522437951436,2298.8129122399914,-2038.8129122399914,leave_one_system_out
1239,2019-04-04 18:00:00,-295.0,47.29774999999999,-2.955137725299997,-1.0,-1.8369701987210287e-16,0.9988797155850336,-0.0473213883224318,18.0,94,-1.0,-1.8369701987210297e-16,0.9988797155850336,-0.04732138832243185,18550.0,max_ac,-295.0,-0.015902964959568732,-0.015902964959568732,0.03183590867781477,590.556105973464,-885.556105973464,leave_one_system_out
1239,2019-04-05 06:00:00,0.0,35.99725,-8.241249259299998,1.0,6.123233995736766e-17,0.9979171608653922,-0.0645084494493162,6.0,95,1.0,6.123233995736766e-17,0.9979171608653922,-0.06450844944931623,18550.0,max_ac,0.0,0.0,0.0,-0.06566677737814708,-1218.1187203646284,1218.1187203646284,leave_one_system_out
1239,2019-04-05 07:00:00,490.0,201.889,-6.809582478099999,0.9659258262890684,-0.2588190451025206,0.9979171608653922,-0.0645084494493162,7.0,95,0.9659258262890683,-0.25881904510252063,0.9979171608653922,-0.06450844944931623,18550.0,max_ac,490.0,0.026415094339622643,0.026415094339622643,0.0916399937403648,1699.9218838837671,-1209.9218838837671,leave_one_system_out
1239,2019-04-05 08:00:00,1580.0,379.5835,-5.191110126399998,0.8660254037844387,-0.4999999999999998,0.9979171608653922,-0.0645084494493162,8.0,95,0.8660254037844387,-0.4999999999999998,0.9979171608653922,-0.06450844944931623,18550.0,max_ac,1580.0,0.08517520215633423,0.08517520215633423,0.2403996473741467,4459.413458790422,-2879.413458790422,leave_one_system_out
1239,2019-04-05 09:00:00,3035.0,553.46075,-2.890554386799999,0.7071067811865476,-0.7071067811865475,0.9979171608653922,-0.0645084494493162,9.0,95,0.7071067811865476,-0.7071067811865475,0.9979171608653922,-0.06450844944931623,18550.0,max_ac,3035.0,0.16361185983827492,0.16361185983827492,0.3673251541596318,6813.88160966117,-3778.88160966117,leave_one_system_out
1239,2019-04-05 10:00:00,5188.0,704.6872000000001,-0.8601097799199984,0.4999999999999999,-0.8660254037844387,0.9979171608653922,-0.0645084494493162,10.0,95,0.49999999999999994,-0.8660254037844387,0.9979171608653922,-0.06450844944931623,18550.0,max_ac,5188.0,0.2796765498652291,0.2796765498652291,0.46347136910777514,8597.393896949228,-3409.3938969492283,leave_one_system_out
1239,2019-04-05 11:00:00,10975.0,788.1612499999999,0.1315291883000035,0.258819045102521,-0.9659258262890682,0.9979171608653922,-0.0645084494493162,11.0,95,0.258819045102521,-0.9659258262890682,0.9979171608653922,-0.06450844944931623,18550.0,max_ac,10975.0,0.5916442048517521,0.5916442048517521,0.5134351835935486,9524.222655660325,1450.7773443396745,leave_one_system_out
1239,2019-04-05 12:00:00,17670.0,826.0997499999999,-0.2424986193999973,1.2246467991473532e-16,-1.0,0.9979171608653922,-0.0645084494493162,12.0,95,1.2246467991473532e-16,-1.0,0.9979171608653922,-0.06450844944931623,18550.0,max_ac,17670.0,0.9525606469002695,0.9525606469002695,0.5373408726405807,9967.673187482773,7702.326812517227,leave_one_system_out
1239,2019-04-05 13:00:00,17015.0,804.9164999999998,1.0666681520000028,-0.2588190451025208,-0.9659258262890684,0.9979171608653922,-0.0645084494493162,13.0,95,-0.2588190451025208,-0.9659258262890683,0.9979171608653922,-0.06450844944931623,18550.0,max_ac,17015.0,0.9172506738544475,0.9172506738544475,0.5335198716160866,9896.793618478407,7118.206381521593,leave_one_system_out
1239,2019-04-05 14:00:00,14725.0,713.35275,3.875001710000003,-0.4999999999999997,-0.8660254037844388,0.9979171608653922,-0.0645084494493162,14.0,95,-0.4999999999999997,-0.8660254037844388,0.9979171608653922,-0.06450844944931623,18550.0,max_ac,14725.0,0.793800539083558,0.793800539083558,0.48968017873522823,9083.567315538483,5641.432684461517,leave_one_system_out
1239,2019-04-05 15:00:00,11385.0,571.6555000000001,6.1490296697,-0.7071067811865471,-0.7071067811865479,0.9979171608653922,-0.0645084494493162,15.0,95,-0.7071067811865471,-0.7071067811865479,0.9979171608653922,-0.06450844944931623,18550.0,max_ac,11385.0,0.6137466307277628,0.6137466307277628,0.40912163736677887,7589.206373153748,3795.7936268462518,leave_one_system_out
1239,2019-04-05 16:00:00,8260.0,447.629,6.231946343000002,-0.8660254037844385,-0.5000000000000004,0.9979171608653922,-0.0645084494493162,16.0,95,-0.8660254037844385,-0.5000000000000004,0.9979171608653922,-0.06450844944931623,18550.0,max_ac,8260.0,0.44528301886792454,0.44528301886792454,0.34445843607445487,6389.703989181137,1870.2960108188627,leave_one_system_out
1239,2019-04-05 17:00:00,2510.0,161.638,4.745418446300003,-0.9659258262890684,-0.2588190451025206,0.9979171608653922,-0.0645084494493162,17.0,95,-0.9659258262890683,-0.25881904510252063,0.9979171608653922,-0.06450844944931623,18550.0,max_ac,2510.0,0.1353099730458221,0.1353099730458221,0.10299435048530792,1910.5452015024619,599.4547984975381,leave_one_system_out
1239,2019-04-05 18:00:00,420.0,52.054,3.1155572048000018,-1.0,-1.8369701987210287e-16,0.9979171608653922,-0.0645084494493162,18.0,95,-1.0,-1.8369701987210297e-16,0.9979171608653922,-0.06450844944931623,18550.0,max_ac,420.0,0.022641509433962263,0.022641509433962263,0.04051545854347216,751.5617559814086,-331.5617559814086,leave_one_system_out
1239,2019-04-06 06:00:00,10.0,5.9775,-0.7177764351999976,1.0,6.123233995736766e-17,0.9966589017541702,-0.0816763953304224,6.0,96,1.0,6.123233995736766e-17,0.9966589017541702,-0.08167639533042241,18550.0,max_ac,10.0,0.0005390835579514825,0.0005390835579514825,-0.07017387355907961,-1301.7253545209269,1311.7253545209269,leave_one_system_out
1239,2019-04-06 07:00:00,15.0,36.60775,-0.3591652953999968,0.9659258262890684,-0.2588190451025206,0.9966589017541702,-0.0816763953304224,7.0,96,0.9659258262890683,-0.25881904510252063,0.9966589017541702,-0.08167639533042241,18550.0,max_ac,15.0,0.0008086253369272237,0.0008086253369272237,-0.003734983349036214,-69.28394112462176,84.28394112462176,leave_one_system_out
1239,2019-04-06 08:00:00,0.0,115.47425,0.3918069869000016,0.8660254037844387,-0.4999999999999998,0.9966589017541702,-0.0816763953304224,8.0,96,0.8660254037844387,-0.4999999999999998,0.9966589017541702,-0.08167639533042241,18550.0,max_ac,0.0,0.0,0.0,0.0974829249035623,1808.3082569610808,-1808.3082569610808,leave_one_system_out
1239,2019-04-06 09:00:00,-10.0,171.84775000000002,1.6641681998000024,0.7071067811865476,-0.7071067811865475,0.9966589017541702,-0.0816763953304224,9.0,96,0.7071067811865476,-0.7071067811865475,0.9966589017541702,-0.08167639533042241,18550.0,max_ac,-10.0,-0.0005390835579514825,-0.0005390835579514825,0.1733116496200675,3214.9311004522524,-3224.9311004522524,leave_one_system_out
1239,2019-04-06 10:00:00,2370.0,431.98675,3.1395849845000026,0.4999999999999999,-0.8660254037844387,0.9966589017541702,-0.0816763953304224,10.0,96,0.49999999999999994,-0.8660254037844387,0.9966589017541702,-0.08167639533042241,18550.0,max_ac,2370.0,0.12776280323450134,0.12776280323450134,0.33099960662688516,6140.042702928719,-3770.0427029287193,leave_one_system_out
1239,2019-04-06 11:00:00,7345.0,376.442,4.2393072947000014,0.258819045102521,-0.9659258262890682,0.9966589017541702,-0.0816763953304224,11.0,96,0.258819045102521,-0.9659258262890682,0.9966589017541702,-0.08167639533042241,18550.0,max_ac,7345.0,0.3959568733153639,0.3959568733153639,0.3053283280232402,5663.840484831107,1681.1595151688934,leave_one_system_out
1239,2019-04-06 12:00:00,7120.0,351.76750000000004,5.153335145600002,1.2246467991473532e-16,-1.0,0.9966589017541702,-0.0816763953304224,12.0,96,1.2246467991473532e-16,-1.0,0.9966589017541702,-0.08167639533042241,18550.0,max_ac,7120.0,0.38382749326145554,0.38382749326145554,0.27581144893555465,5116.302377754539,2003.6976222454614,leave_one_system_out
1239,2019-04-06 13:00:00,8185.0,406.4615,6.489307474700002,-0.2588190451025208,-0.9659258262890684,0.9966589017541702,-0.0816763953304224,13.0,96,-0.2588190451025208,-0.9659258262890683,0.9966589017541702,-0.08167639533042241,18550.0,max_ac,8185.0,0.4412398921832884,0.4412398921832884,0.2843733009308323,5275.124732266939,2909.8752677330613,leave_one_system_out
1239,2019-04-06 14:00:00,6715.0,332.87475,6.070279663400002,-0.4999999999999997,-0.8660254037844388,0.9966589017541702,-0.0816763953304224,14.0,96,-0.4999999999999997,-0.8660254037844388,0.9966589017541702,-0.08167639533042241,18550.0,max_ac,6715.0,0.3619946091644205,0.3619946091644205,0.211093625017705,3915.786744078428,2799.213255921572,leave_one_system_out
1239,2019-04-06 15:00:00,4170.0,214.935,6.001251880100002,-0.7071067811865471,-0.7071067811865479,0.9966589017541702,-0.0816763953304224,15.0,96,-0.7071067811865471,-0.7071067811865479,0.9966589017541702,-0.08167639533042241,18550.0,max_ac,4170.0,0.2247978436657682,0.2247978436657682,0.10457657616744231,1939.895487906055,2230.1045120939452,leave_one_system_out
1239,2019-04-06 16:00:00,3135.0,165.73925,6.185557450400003,-0.8660254037844385,-0.5000000000000004,0.9966589017541702,-0.0816763953304224,16.0,96,-0.8660254037844385,-0.5000000000000004,0.9966589017541702,-0.08167639533042241,18550.0,max_ac,3135.0,0.16900269541778976,0.16900269541778976,0.06738909149860606,1250.0676472991424,1884.9323527008576,leave_one_system_out
1239,2019-04-06 17:00:00,1850.0,109.84575,6.023751881900003,-0.9659258262890684,-0.2588190451025206,0.9966589017541702,-0.0816763953304224,17.0,96,-0.9659258262890683,-0.25881904510252063,0.9966589017541702,-0.08167639533042241,18550.0,max_ac,1850.0,0.09973045822102426,0.09973045822102426,0.045886603647839364,851.1964976674202,998.8035023325798,leave_one_system_out
1239,2019-04-06 18:00:00,270.0,60.017,5.675001854000003,-1.0,-1.8369701987210287e-16,0.9966589017541702,-0.0816763953304224,18.0,96,-1.0,-1.8369701987210297e-16,0.9966589017541702,-0.08167639533042241,18550.0,max_ac,270.0,0.014555256064690027,0.014555256064690027,0.05093111948144613,944.7722663808257,-674.7722663808257,leave_one_system_out
1239,2019-04-07 06:00:00,175.0,36.32425,-1.288748703099999,1.0,6.123233995736766e-17,0.9951053111006976,-0.0988201387328714,6.0,97,1.0,6.123233995736766e-17,0.9951053111006976,-0.09882013873287143,18550.0,max_ac,175.0,0.009433962264150943,0.009433962264150943,-0.0477840192152188,-886.3935564423087,1061.3935564423086,leave_one_system_out
1239,2019-04-07 07:00:00,2575.0,164.212,0.7473625709000018,0.9659258262890684,-0.2588190451025206,0.9951053111006976,-0.0988201387328714,7.0,97,0.9659258262890683,-0.25881904510252063,0.9951053111006976,-0.09882013873287143,18550.0,max_ac,2575.0,0.13881401617250674,0.13881401617250674,0.08529383289107134,1582.2006001293735,992.7993998706265,leave_one_system_out
1239,2019-04-07 08:00:00,7210.0,383.6635,4.718751777500001,0.8660254037844387,-0.4999999999999998,0.9951053111006976,-0.0988201387328714,8.0,97,0.8660254037844387,-0.4999999999999998,0.9951053111006976,-0.09882013873287143,18550.0,max_ac,7210.0,0.3886792452830189,0.3886792452830189,0.2648288287229763,4912.57477281121,2297.42522718879,leave_one_system_out
1239,2019-04-07 09:00:00,11355.0,560.071,6.348474130100003,0.7071067811865476,-0.7071067811865475,0.9951053111006976,-0.0988201387328714,9.0,97,0.7071067811865476,-0.7071067811865475,0.9951053111006976,-0.09882013873287143,18550.0,max_ac,11355.0,0.6121293800539084,0.6121293800539084,0.38808112643241,7198.904895321205,4156.095104678795,leave_one_system_out
1239,2019-04-07 10:00:00,13885.0,692.99825,8.0852798246,0.4999999999999999,-0.8660254037844387,0.9951053111006976,-0.0988201387328714,10.0,97,0.49999999999999994,-0.8660254037844387,0.9951053111006976,-0.09882013873287143,18550.0,max_ac,13885.0,0.7485175202156334,0.7485175202156334,0.47072550578938677,8731.958132393125,5153.041867606875,leave_one_system_out
1239,2019-04-07 11:00:00,16191.25,789.20825,8.646390980600001,0.258819045102521,-0.9659258262890682,0.9951053111006976,-0.0988201387328714,11.0,97,0.258819045102521,-0.9659258262890682,0.9951053111006976,-0.09882013873287143,18550.0,max_ac,16191.25,0.872843665768194,0.872843665768194,0.5233571706025135,9708.275514676627,6482.974485323373,leave_one_system_out
1239,2019-04-07 12:00:00,17360.0,831.8812499999999,6.388057466600002,1.2246467991473532e-16,-1.0,0.9951053111006976,-0.0988201387328714,12.0,97,1.2246467991473532e-16,-1.0,0.9951053111006976,-0.09882013873287143,18550.0,max_ac,17360.0,0.9358490566037736,0.9358490566037736,0.5454538137425669,10118.168244924615,7241.831755075385,leave_one_system_out
1239,2019-04-07 13:00:00,17015.0,813.35925,6.524446366400003,-0.2588190451025208,-0.9659258262890684,0.9951053111006976,-0.0988201387328714,13.0,97,-0.2588190451025208,-0.9659258262890683,0.9951053111006976,-0.09882013873287143,18550.0,max_ac,17015.0,0.9172506738544475,0.9172506738544475,0.5413065264800225,10041.236066204418,6973.7639337955825,leave_one_system_out
1239,2019-04-07 14:00:00,15395.0,742.7615,8.156946497000005,-0.4999999999999997,-0.8660254037844388,0.9951053111006976,-0.0988201387328714,14.0,97,-0.4999999999999997,-0.8660254037844388,0.9951053111006976,-0.09882013873287143,18550.0,max_ac,15395.0,0.8299191374663073,0.8299191374663073,0.5123315833684381,9503.750871484526,5891.249128515474,leave_one_system_out
1239,2019-04-07 15:00:00,12540.0,620.0005,8.732224320800002,-0.7071067811865471,-0.7071067811865479,0.9951053111006976,-0.0988201387328714,15.0,97,-0.7071067811865471,-0.7071067811865479,0.9951053111006976,-0.09882013873287143,18550.0,max_ac,12540.0,0.676010781671159,0.676010781671159,0.4501394800418219,8350.087354775796,4189.9126452242035,leave_one_system_out
1239,2019-04-07 16:00:00,8605.0,462.05,7.701390905000003,-0.8660254037844385,-0.5000000000000004,0.9951053111006976,-0.0988201387328714,16.0,97,-0.8660254037844385,-0.5000000000000004,0.9951053111006976,-0.09882013873287143,18550.0,max_ac,8605.0,0.46388140161725067,0.46388140161725067,0.3574572563297385,6630.83210491665,1974.1678950833502,leave_one_system_out
1239,2019-04-07 17:00:00,3780.0,277.832,5.700279633800003,-0.9659258262890684,-0.2588190451025206,0.9951053111006976,-0.0988201387328714,17.0,97,-0.9659258262890683,-0.25881904510252063,0.9951053111006976,-0.09882013873287143,18550.0,max_ac,3780.0,0.2037735849056604,0.2037735849056604,0.2310670691697475,4286.294133098816,-506.294133098816,leave_one_system_out
1239,2019-04-07 18:00:00,290.0,96.4065,3.718890586400002,-1.0,-1.8369701987210287e-16,0.9951053111006976,-0.0988201387328714,18.0,97,-1.0,-1.8369701987210297e-16,0.9951053111006976,-0.09882013873287143,18550.0,max_ac,290.0,0.015633423180592992,0.015633423180592992,0.09333263437852862,1731.320367721706,-1441.320367721706,leave_one_system_out
1239,2019-04-08 06:00:00,45.0,18.2605,-4.981526776299999,1.0,6.123233995736766e-17,0.9932568492674144,-0.1159345995955004,6.0,98,1.0,6.123233995736766e-17,0.9932568492674143,-0.11593459959550041,18550.0,max_ac,45.0,0.002425876010781671,0.002425876010781671,-0.07114021053726755,-1319.650905466313,1364.650905466313,leave_one_system_out
1239,2019-04-08 07:00:00,1415.0,87.3745,-4.181387823399998,0.9659258262890684,-0.2588190451025206,0.9932568492674144,-0.1159345995955004,7.0,98,0.9659258262890683,-0.25881904510252063,0.9932568492674143,-0.11593459959550041,18550.0,max_ac,1415.0,0.07628032345013477,0.07628032345013477,0.021202890513715322,393.3136190294192,1021.6863809705808,leave_one_system_out
1239,2019-04-08 08:00:00,3795.0,196.064,-3.278609973399999,0.8660254037844387,-0.4999999999999998,0.9932568492674144,-0.1159345995955004,8.0,98,0.8660254037844387,-0.4999999999999998,0.9932568492674143,-0.11593459959550041,18550.0,max_ac,3795.0,0.2045822102425876,0.2045822102425876,0.1367453699229622,2536.6266120709492,1258.3733879290508,leave_one_system_out
1239,2019-04-08 09:00:00,5670.0,287.3875,-1.7697209637999975,0.7071067811865476,-0.7071067811865475,0.9932568492674144,-0.1159345995955004,9.0,98,0.7071067811865476,-0.7071067811865475,0.9932568492674143,-0.11593459959550041,18550.0,max_ac,5670.0,0.30566037735849055,0.30566037735849055,0.22781270671666065,4225.925709594055,1444.0742904059452,leave_one_system_out
1239,2019-04-08 10:00:00,7180.0,362.26125,-0.7205542131999987,0.4999999999999999,-0.8660254037844387,0.9932568492674144,-0.1159345995955004,10.0,98,0.49999999999999994,-0.8660254037844387,0.9932568492674143,-0.11593459959550041,18550.0,max_ac,7180.0,0.3870619946091644,0.3870619946091644,0.28882577229953577,5357.718076156389,1822.2819238436114,leave_one_system_out
1239,2019-04-08 11:00:00,8840.0,444.902,-0.1749986139999961,0.258819045102521,-0.9659258262890682,0.9932568492674144,-0.1159345995955004,11.0,98,0.258819045102521,-0.9659258262890682,0.9932568492674143,-0.11593459959550041,18550.0,max_ac,8840.0,0.4765498652291105,0.4765498652291105,0.33327018499963357,6182.161931743202,2657.8380682567977,leave_one_system_out
1239,2019-04-08 12:00:00,7825.0,388.55025,0.0288902912000033,1.2246467991473532e-16,-1.0,0.9932568492674144,-0.1159345995955004,12.0,98,1.2246467991473532e-16,-1.0,0.9932568492674143,-0.11593459959550041,18550.0,max_ac,7825.0,0.42183288409703507,0.42183288409703507,0.28746932061488084,5332.55589740604,2492.4441025939605,leave_one_system_out
1239,2019-04-08 13:00:00,6005.0,299.95375,-0.4154152998999967,-0.2588190451025208,-0.9659258262890684,0.9932568492674144,-0.1159345995955004,13.0,98,-0.2588190451025208,-0.9659258262890683,0.9932568492674143,-0.11593459959550041,18550.0,max_ac,6005.0,0.3237196765498652,0.3237196765498652,0.20434282112839894,3790.5593319318004,2214.4406680681996,leave_one_system_out
1239,2019-04-08 14:00:00,5607.75,281.4535,-0.965276454999997,-0.4999999999999997,-0.8660254037844388,0.9932568492674144,-0.1159345995955004,14.0,98,-0.4999999999999997,-0.8660254037844388,0.9932568492674143,-0.11593459959550041,18550.0,max_ac,5607.75,0.3023045822102426,0.3023045822102426,0.16166651162856321,2998.9137907098475,2608.8362092901525,leave_one_system_out
1239,2019-04-08 15:00:00,3020.0,158.9325,-1.8048598554999973,-0.7071067811865471,-0.7071067811865479,0.9932568492674144,-0.1159345995955004,15.0,98,-0.7071067811865471,-0.7071067811865479,0.9932568492674143,-0.11593459959550041,18550.0,max_ac,3020.0,0.1628032345013477,0.1628032345013477,0.04355736542733618,807.9891286770861,2212.0108713229138,leave_one_system_out
1239,2019-04-08 16:00:00,315.0,81.026,-3.7272211203999976,-0.8660254037844385,-0.5000000000000004,0.9932568492674144,-0.1159345995955004,16.0,98,-0.8660254037844385,-0.5000000000000004,0.9932568492674143,-0.11593459959550041,18550.0,max_ac,315.0,0.016981132075471698,0.016981132075471698,-0.03136313449217193,-581.7861448297892,896.7861448297892,leave_one_system_out
1239,2019-04-08 17:00:00,-320.0,36.8915,-4.142082264699998,-0.9659258262890684,-0.2588190451025206,0.9932568492674144,-0.1159345995955004,17.0,98,-0.9659258262890683,-0.25881904510252063,0.9932568492674143,-0.11593459959550041,18550.0,max_ac,-320.0,-0.01725067385444744,-0.01725067385444744,-0.048729460044277306,-903.931483821344,583.931483821344,leave_one_system_out
1239,2019-04-08 18:00:00,-60.0,14.006,-4.175693378499998,-1.0,-1.8369701987210287e-16,0.9932568492674144,-0.1159345995955004,18.0,98,-1.0,-1.8369701987210297e-16,0.9932568492674143,-0.11593459959550041,18550.0,max_ac,-60.0,-0.003234501347708895,-0.003234501347708895,-0.016316461520155146,-302.67036119887797,242.67036119887797,leave_one_system_out
1239,2019-04-09 06:00:00,0.0,5.206666666666666,-4.870554545199999,1.0,6.123233995736766e-17,0.9911140639934548,-0.1330147065341959,6.0,99,1.0,6.123233995736766e-17,0.9911140639934547,-0.1330147065341959,18550.0,max_ac,0.0,0.0,0.0,-0.08079455678229219,-1498.73902831152,1498.73902831152,leave_one_system_out
1239,2019-04-09 07:00:00,0.0,24.6305,-4.317776723199998,0.9659258262890684,-0.2588190451025206,0.9911140639934548,-0.1330147065341959,7.0,99,0.9659258262890683,-0.25881904510252063,0.9911140639934547,-0.1330147065341959,18550.0,max_ac,0.0,0.0,0.0,-0.02074020627489581,-384.7308263993173,384.7308263993173,leave_one_system_out
1239,2019-04-09 08:00:00,5.0,53.93025,-3.0465266214999978,0.8660254037844387,-0.4999999999999998,0.9911140639934548,-0.1330147065341959,8.0,99,0.8660254037844387,-0.4999999999999998,0.9911140639934547,-0.1330147065341959,18550.0,max_ac,5.0,0.00026954177897574127,0.00026954177897574127,0.05484088079489213,1017.2983387452491,-1012.2983387452491,leave_one_system_out
1239,2019-04-09 09:00:00,0.0,89.03299999999999,-2.468609908599998,0.7071067811865476,-0.7071067811865475,0.9911140639934548,-0.1330147065341959,9.0,99,0.7071067811865476,-0.7071067811865475,0.9911140639934547,-0.1330147065341959,18550.0,max_ac,0.0,0.0,0.0,0.12139342841135758,2251.848097030683,-2251.848097030683,leave_one_system_out
1239,2019-04-09 10:00:00,10.0,96.363,-1.1945820288999975,0.4999999999999999,-0.8660254037844387,0.9911140639934548,-0.1330147065341959,10.0,99,0.49999999999999994,-0.8660254037844387,0.9911140639934547,-0.1330147065341959,18550.0,max_ac,10.0,0.0005390835579514825,0.0005390835579514825,0.15376950271610645,2852.424275383775,-2842.424275383775,leave_one_system_out
1239,2019-04-09 11:00:00,20.0,177.25825,0.2538903092000026,0.258819045102521,-0.9659258262890682,0.9911140639934548,-0.1330147065341959,11.0,99,0.258819045102521,-0.9659258262890682,0.9911140639934547,-0.1330147065341959,18550.0,max_ac,20.0,0.001078167115902965,0.001078167115902965,0.19697071163997007,3653.8067009214446,-3633.8067009214446,leave_one_system_out
1239,2019-04-09 12:00:00,95.0,454.981,2.468612708600003,1.2246467991473532e-16,-1.0,0.9911140639934548,-0.1330147065341959,12.0,99,1.2246467991473532e-16,-1.0,0.9911140639934547,-0.1330147065341959,18550.0,max_ac,95.0,0.005121293800539084,0.005121293800539084,0.33159741575844215,6151.132062319102,-6056.132062319102,leave_one_system_out
1239,2019-04-09 13:00:00,-65.0,502.08275,3.3195849989000026,-0.2588190451025208,-0.9659258262890684,0.9911140639934548,-0.1330147065341959,13.0,99,-0.2588190451025208,-0.9659258262890683,0.9911140639934547,-0.1330147065341959,18550.0,max_ac,-65.0,-0.003504043126684636,-0.003504043126684636,0.3420569692283865,6345.15677918657,-6410.15677918657,leave_one_system_out
1239,2019-04-09 14:00:00,-190.0,270.218,2.6812516145000025,-0.4999999999999997,-0.8660254037844388,0.9911140639934548,-0.1330147065341959,14.0,99,-0.4999999999999997,-0.8660254037844388,0.9911140639934547,-0.1330147065341959,18550.0,max_ac,-190.0,-0.010242587601078167,-0.010242587601078167,0.16165933467621502,2998.7806582437884,-3188.7806582437884,leave_one_system_out
1239,2019-04-09 15:00:00,-220.0,174.42225000000002,1.6433348648000017,-0.7071067811865471,-0.7071067811865479,0.9911140639934548,-0.1330147065341959,15.0,99,-0.7071067811865471,-0.7071067811865479,0.9911140639934547,-0.1330147065341959,18550.0,max_ac,-220.0,-0.011859838274932614,-0.011859838274932614,0.0642079225724429,1191.0569637188157,-1411.0569637188157,leave_one_system_out
1239,2019-04-09 16:00:00,-290.0,147.47899999999998,1.2706959461000018,-0.8660254037844385,-0.5000000000000004,0.9911140639934548,-0.1330147065341959,16.0,99,-0.8660254037844385,-0.5000000000000004,0.9911140639934547,-0.1330147065341959,18550.0,max_ac,-290.0,-0.015633423180592992,-0.015633423180592992,0.04273604187864993,792.7535768489563,-1082.7535768489563,leave_one_system_out
1239,2019-04-09 17:00:00,-345.0,89.75275,0.3958347650000018,-0.9659258262890684,-0.2588190451025206,0.9911140639934548,-0.1330147065341959,17.0,99,-0.9659258262890683,-0.25881904510252063,0.9911140639934547,-0.1330147065341959,18550.0,max_ac,-345.0,-0.018598382749326146,-0.018598382749326146,0.01583857150150214,293.8055013528647,-638.8055013528647,leave_one_system_out
1239,2019-04-09 18:00:00,-90.0,18.41325,-0.8163875541999966,-1.0,-1.8369701987210287e-16,0.9911140639934548,-0.1330147065341959,18.0,99,-1.0,-1.8369701987210297e-16,0.9911140639934547,-0.1330147065341959,18550.0,max_ac,-90.0,-0.004851752021563342,-0.004851752021563342,-0.009075104722359728,-168.34319259977295,78.34319259977295,leave_one_system_out
1239,2019-04-10 06:00:00,10.0,5.105,-2.814443269599997,1.0,6.123233995736766e-17,0.9886775902323404,-0.1500553983446526,6.0,100,1.0,6.123233995736766e-17,0.9886775902323405,-0.1500553983446526,18550.0,max_ac,10.0,0.0005390835579514825,0.0005390835579514825,-0.07498193500564537,-1390.9148943547216,1400.9148943547216,leave_one_system_out
1239,2019-04-10 07:00:00,5.0,23.38725,-1.935554310399998,0.9659258262890684,-0.2588190451025206,0.9886775902323404,-0.1500553983446526,7.0,100,0.9659258262890683,-0.25881904510252063,0.9886775902323405,-0.1500553983446526,18550.0,max_ac,5.0,0.00026954177897574127,0.00026954177897574127,-0.013208171311651362,-245.01157783113277,250.01157783113277,leave_one_system_out
1239,2019-04-10 08:00:00,10.0,48.69425,-0.1511097231999984,0.8660254037844387,-0.4999999999999998,0.9886775902323404,-0.1500553983446526,8.0,100,0.8660254037844387,-0.4999999999999998,0.9886775902323405,-0.1500553983446526,18550.0,max_ac,10.0,0.0005390835579514825,0.0005390835579514825,0.06308816664276656,1170.2854912233197,-1160.2854912233197,leave_one_system_out
1239,2019-04-10 09:00:00,20.0,85.65125,0.7516681268000038,0.7071067811865476,-0.7071067811865475,0.9886775902323404,-0.1500553983446526,9.0,100,0.7071067811865476,-0.7071067811865475,0.9886775902323405,-0.1500553983446526,18550.0,max_ac,20.0,0.001078167115902965,0.001078167115902965,0.1327605537040097,2462.7082712093797,-2442.7082712093797,leave_one_system_out
1239,2019-04-10 10:00:00,5.0,170.626,0.9177792512000016,0.4999999999999999,-0.8660254037844387,0.9886775902323404,-0.1500553983446526,10.0,100,0.49999999999999994,-0.8660254037844387,0.9886775902323405,-0.1500553983446526,18550.0,max_ac,5.0,0.00026954177897574127,0.00026954177897574127,0.20049288845391824,3719.1430808201835,-3714.1430808201835,leave_one_system_out
1239,2019-04-10 11:00:00,10.0,278.52975,2.862501629000003,0.258819045102521,-0.9659258262890682,0.9886775902323404,-0.1500553983446526,11.0,100,0.258819045102521,-0.9659258262890682,0.9886775902323405,-0.1500553983446526,18550.0,max_ac,10.0,0.0005390835579514825,0.0005390835579514825,0.2587556459443006,4799.917232266776,-4789.917232266776,leave_one_system_out
1239,2019-04-10 12:00:00,0.0,316.1635,2.5109738231000023,1.2246467991473532e-16,-1.0,0.9886775902323404,-0.1500553983446526,12.0,100,1.2246467991473532e-16,-1.0,0.9886775902323405,-0.1500553983446526,18550.0,max_ac,0.0,0.0,0.0,0.2560474079374845,4749.679417240337,-4749.679417240337,leave_one_system_out
1239,2019-04-10 13:00:00,5.0,359.5125,2.4658349306000025,-0.2588190451025208,-0.9659258262890684,0.9886775902323404,-0.1500553983446526,13.0,100,-0.2588190451025208,-0.9659258262890683,0.9886775902323405,-0.1500553983446526,18550.0,max_ac,5.0,0.00026954177897574127,0.00026954177897574127,0.2514934736223009,4665.203935693682,-4660.203935693682,leave_one_system_out
1239,2019-04-10 14:00:00,10.0,328.83875,2.3309738087000005,-0.4999999999999997,-0.8660254037844388,0.9886775902323404,-0.1500553983446526,14.0,100,-0.4999999999999997,-0.8660254037844388,0.9886775902323405,-0.1500553983446526,18550.0,max_ac,10.0,0.0005390835579514825,0.0005390835579514825,0.20498380546231357,3802.4495913259166,-3792.4495913259166,leave_one_system_out
1239,2019-04-10 15:00:00,10.0,281.5625,2.795140512500001,-0.7071067811865471,-0.7071067811865479,0.9886775902323404,-0.1500553983446526,15.0,100,-0.7071067811865471,-0.7071067811865479,0.9886775902323405,-0.1500553983446526,18550.0,max_ac,10.0,0.0005390835579514825,0.0005390835579514825,0.15819665922382573,2934.5480286019674,-2924.5480286019674,leave_one_system_out
1239,2019-04-10 16:00:00,0.0,314.5055,3.440557230800003,-0.8660254037844385,-0.5000000000000004,0.9886775902323404,-0.1500553983446526,16.0,100,-0.8660254037844385,-0.5000000000000004,0.9886775902323405,-0.1500553983446526,18550.0,max_ac,0.0,0.0,0.0,0.20920188593787062,3880.6949841475,-3880.6949841475,leave_one_system_out
1239,2019-04-10 17:00:00,5.0,281.8025,4.468335090800003,-0.9659258262890684,-0.2588190451025206,0.9886775902323404,-0.1500553983446526,17.0,100,-0.9659258262890683,-0.25881904510252063,0.9886775902323405,-0.1500553983446526,18550.0,max_ac,5.0,0.00026954177897574127,0.00026954177897574127,0.23186520734657234,4301.099596278917,-4296.099596278917,leave_one_system_out
1239,2019-04-10 18:00:00,10.0,111.02375,3.0594460892000024,-1.0,-1.8369701987210287e-16,0.9886775902323404,-0.1500553983446526,18.0,100,-1.0,-1.8369701987210297e-16,0.9886775902323405,-0.1500553983446526,18550.0,max_ac,10.0,0.0005390835579514825,0.0005390835579514825,0.10713550038649727,1987.3635321695244,-1977.3635321695244,leave_one_system_out
1239,2019-04-11 06:00:00,0.0,55.65375,-2.0355543183999982,1.0,6.123233995736766e-17,0.9859481499638304,-0.1670516255021192,6.0,101,1.0,6.123233995736766e-17,0.9859481499638304,-0.16705162550211924,18550.0,max_ac,0.0,0.0,0.0,-0.03365349984665261,-624.2724221554059,624.2724221554059,leave_one_system_out
1239,2019-04-11 07:00:00,0.0,200.6235,-0.5111097519999976,0.9659258262890684,-0.2588190451025206,0.9859481499638304,-0.1670516255021192,7.0,101,0.9659258262890683,-0.25881904510252063,0.9859481499638304,-0.16705162550211924,18550.0,max_ac,0.0,0.0,0.0,0.10869888768702973,2016.3643665944016,-2016.3643665944016,leave_one_system_out
1239,2019-04-11 08:00:00,50.0,404.65075,3.808890593600001,0.8660254037844387,-0.4999999999999998,0.9859481499638304,-0.1670516255021192,8.0,101,0.8660254037844387,-0.4999999999999998,0.9859481499638304,-0.16705162550211924,18550.0,max_ac,50.0,0.0026954177897574125,0.0026954177897574125,0.2775460372833658,5148.478991606436,-5098.478991606436,leave_one_system_out
1239,2019-04-11 09:00:00,425.0,571.546,6.126529667900001,0.7071067811865476,-0.7071067811865475,0.9859481499638304,-0.1670516255021192,9.0,101,0.7071067811865476,-0.7071067811865475,0.9859481499638304,-0.16705162550211924,18550.0,max_ac,425.0,0.022911051212938006,0.022911051212938006,0.3963371981980872,7352.055026574518,-6927.055026574518,leave_one_system_out
1239,2019-04-11 10:00:00,1265.0,708.6842499999999,8.261113172000005,0.4999999999999999,-0.8660254037844387,0.9859481499638304,-0.1670516255021192,10.0,101,0.49999999999999994,-0.8660254037844387,0.9859481499638304,-0.16705162550211924,18550.0,max_ac,1265.0,0.06819407008086253,0.06819407008086253,0.48113662600118146,8925.084412321916,-7660.084412321916,leave_one_system_out
1239,2019-04-11 11:00:00,3005.0,800.24775,9.893613302600002,0.258819045102521,-0.9659258262890682,0.9859481499638304,-0.1670516255021192,11.0,101,0.258819045102521,-0.9659258262890682,0.9859481499638304,-0.16705162550211924,18550.0,max_ac,3005.0,0.1619946091644205,0.1619946091644205,0.5321903996442237,9872.131913400348,-6867.131913400348,leave_one_system_out
1239,2019-04-11 12:00:00,12220.0,836.26625,7.387918657700002,1.2246467991473532e-16,-1.0,0.9859481499638304,-0.1670516255021192,12.0,101,1.2246467991473532e-16,-1.0,0.9859481499638304,-0.16705162550211924,18550.0,max_ac,12220.0,0.6587601078167116,0.6587601078167116,0.54962098585465,10195.469287603757,2024.530712396243,leave_one_system_out
1239,2019-04-11 13:00:00,16660.0,819.66425,8.560696529300003,-0.2588190451025208,-0.9659258262890684,0.9859481499638304,-0.1670516255021192,13.0,101,-0.2588190451025208,-0.9659258262890683,0.9859481499638304,-0.16705162550211924,18550.0,max_ac,16660.0,0.8981132075471698,0.8981132075471698,0.5464627169236244,10136.883398933232,6523.1166010667675,leave_one_system_out
1239,2019-04-11 14:00:00,15040.0,741.6052500000001,12.069307921100004,-0.4999999999999997,-0.8660254037844388,0.9859481499638304,-0.1670516255021192,14.0,101,-0.4999999999999997,-0.8660254037844388,0.9859481499638304,-0.16705162550211924,18550.0,max_ac,15040.0,0.8107816711590297,0.8107816711590297,0.5125829064787504,9508.41291518082,5531.587084819181,leave_one_system_out
1239,2019-04-11 15:00:00,12480.0,620.91675,12.742780197200002,-0.7071067811865471,-0.7071067811865479,0.9859481499638304,-0.1670516255021192,15.0,101,-0.7071067811865471,-0.7071067811865479,0.9859481499638304,-0.16705162550211924,18550.0,max_ac,12480.0,0.6727762803234502,0.6727762803234502,0.450903586608748,8364.261531592276,4115.738468407724,leave_one_system_out
1239,2019-04-11 16:00:00,8605.0,465.0165,12.631807966100004,-0.8660254037844385,-0.5000000000000004,0.9859481499638304,-0.1670516255021192,16.0,101,-0.8660254037844385,-0.5000000000000004,0.9859481499638304,-0.16705162550211924,18550.0,max_ac,8605.0,0.46388140161725067,0.46388140161725067,0.35976318370449756,6673.60705771843,1931.39294228157,leave_one_system_out
1239,2019-04-11 17:00:00,3955.0,288.52175,11.360557864400002,-0.9659258262890684,-0.2588190451025206,0.9859481499638304,-0.1670516255021192,17.0,101,-0.9659258262890683,-0.25881904510252063,0.9859481499638304,-0.16705162550211924,18550.0,max_ac,3955.0,0.21320754716981133,0.21320754716981133,0.24196246062644725,4488.403644620596,-533.4036446205964,leave_one_system_out
1239,2019-04-11 18:00:00,395.0,111.3725,9.983752198700005,-1.0,-1.8369701987210287e-16,0.9859481499638304,-0.1670516255021192,18.0,101,-1.0,-1.8369701987210297e-16,0.9859481499638304,-0.16705162550211924,18550.0,max_ac,395.0,0.021293800539083557,0.021293800539083557,0.1107101724224187,2053.673698435867,-1658.6736984358672,leave_one_system_out
1239,2019-04-12 06:00:00,570.0,74.932,-4.714443421599999,1.0,6.123233995736766e-17,0.9829265519799822,-0.18399835165768,6.0,102,1.0,6.123233995736766e-17,0.9829265519799822,-0.18399835165768005,18550.0,max_ac,570.0,0.030727762803234502,0.030727762803234502,-0.02527463455978629,-468.8444710840357,1038.8444710840358,leave_one_system_out
1239,2019-04-12 07:00:00,2755.0,161.81225,-0.9202764513999976,0.9659258262890684,-0.2588190451025206,0.9829265519799822,-0.18399835165768,7.0,102,0.9659258262890683,-0.25881904510252063,0.9829265519799822,-0.18399835165768005,18550.0,max_ac,2755.0,0.14851752021563341,0.14851752021563341,0.08286771164274814,1537.1960509729781,1217.8039490270219,leave_one_system_out
1239,2019-04-12 08:00:00,5325.0,293.387,2.931390523400001,0.8660254037844387,-0.4999999999999998,0.9829265519799822,-0.18399835165768,8.0,102,0.8660254037844387,-0.4999999999999998,0.9829265519799822,-0.18399835165768005,18550.0,max_ac,5325.0,0.28706199460916443,0.28706199460916443,0.21393313371851588,3968.4596304784695,1356.5403695215305,leave_one_system_out
1239,2019-04-12 09:00:00,9110.0,506.5246,8.252335393520003,0.7071067811865476,-0.7071067811865475,0.9829265519799822,-0.18399835165768,9.0,102,0.7071067811865476,-0.7071067811865475,0.9829265519799822,-0.18399835165768005,18550.0,max_ac,9110.0,0.4911051212938005,0.4911051212938005,0.36917545028795784,6848.204602841618,2261.795397158382,leave_one_system_out
1239,2019-04-12 10:00:00,13045.0,709.3165,12.121252369700002,0.4999999999999999,-0.8660254037844387,0.9829265519799822,-0.18399835165768,10.0,102,0.49999999999999994,-0.8660254037844387,0.9829265519799822,-0.18399835165768005,18550.0,max_ac,13045.0,0.7032345013477089,0.7032345013477089,0.4880240590780623,9052.846295898056,3992.1537041019437,leave_one_system_out
1239,2019-04-12 11:00:00,10120.75,526.23325,13.254724682600004,0.258819045102521,-0.9659258262890682,0.9829265519799822,-0.18399835165768,11.0,102,0.258819045102521,-0.9659258262890682,0.9829265519799822,-0.18399835165768005,18550.0,max_ac,10120.75,0.5455929919137467,0.5455929919137467,0.40871226591799215,7581.612532778754,2539.137467221246,leave_one_system_out
1239,2019-04-12 12:00:00,14110.0,728.29675,13.2488913488,1.2246467991473532e-16,-1.0,0.9829265519799822,-0.18399835165768,12.0,102,1.2246467991473532e-16,-1.0,0.9829265519799822,-0.18399835165768005,18550.0,max_ac,14110.0,0.7606469002695417,0.7606469002695417,0.4994810197907035,9265.37291711755,4844.627082882451,leave_one_system_out
1239,2019-04-12 13:00:00,14520.0,770.35925,12.955141325300003,-0.2588190451025208,-0.9659258262890684,0.9829265519799822,-0.18399835165768,13.0,102,-0.2588190451025208,-0.9659258262890683,0.9829265519799822,-0.18399835165768005,18550.0,max_ac,14520.0,0.7827493261455526,0.7827493261455526,0.5201937214033803,9649.593532032704,4870.406467967296,leave_one_system_out
1239,2019-04-12 14:00:00,9630.0,503.4355,14.1377803088,-0.4999999999999997,-0.8660254037844388,0.9829265519799822,-0.18399835165768,14.0,102,-0.4999999999999997,-0.8660254037844388,0.9829265519799822,-0.18399835165768005,18550.0,max_ac,9630.0,0.5191374663072776,0.5191374663072776,0.34969267111167807,6486.799049121628,3143.200950878372,leave_one_system_out
1239,2019-04-12 15:00:00,5375.0,286.31850000000003,12.697919082500002,-0.7071067811865471,-0.7071067811865479,0.9829265519799822,-0.18399835165768,15.0,102,-0.7071067811865471,-0.7071067811865479,0.9829265519799822,-0.18399835165768005,18550.0,max_ac,5375.0,0.28975741239892183,0.28975741239892183,0.17920127886758513,3324.183722993704,2050.816277006296,leave_one_system_out
1239,2019-04-12 16:00:00,1450.0,95.57775,10.425280011800002,-0.8660254037844385,-0.5000000000000004,0.9829265519799822,-0.18399835165768,16.0,102,-0.8660254037844385,-0.5000000000000004,0.9829265519799822,-0.18399835165768005,18550.0,max_ac,1450.0,0.07816711590296496,0.07816711590296496,0.008462366666335264,156.97690166051913,1293.0230983394808,leave_one_system_out
1239,2019-04-12 17:00:00,665.0,55.0425,9.050141012900005,-0.9659258262890684,-0.2588190451025206,0.9829265519799822,-0.18399835165768,17.0,102,-0.9659258262890683,-0.25881904510252063,0.9829265519799822,-0.18399835165768005,18550.0,max_ac,665.0,0.035849056603773584,0.035849056603773584,-0.012412169173112941,-230.24573816124507,895.2457381612451,leave_one_system_out
1239,2019-04-12 18:00:00,-170.0,10.16625,8.431113185600005,-1.0,-1.8369701987210287e-16,0.9829265519799822,-0.18399835165768,18.0,102,-1.0,-1.8369701987210297e-16,0.9829265519799822,-0.18399835165768005,18550.0,max_ac,-170.0,-0.009164420485175202,-0.009164420485175202,-0.013237473328508886,-245.55513024383984,75.55513024383984,leave_one_system_out
1239,2019-04-13 06:00:00,60.0,15.55525,3.233751658700003,1.0,6.123233995736766e-17,0.97961369164549,-0.200890555130635,6.0,103,1.0,6.123233995736766e-17,0.9796136916454901,-0.20089055513063506,18550.0,max_ac,60.0,0.003234501347708895,0.003234501347708895,-0.04901091214679498,-909.152420323047,969.152420323047,leave_one_system_out
1239,2019-04-13 07:00:00,1610.0,100.072,3.5008350134000032,0.9659258262890684,-0.2588190451025206,0.97961369164549,-0.200890555130635,7.0,103,0.9659258262890683,-0.25881904510252063,0.9796136916454901,-0.20089055513063506,18550.0,max_ac,1610.0,0.08679245283018867,0.08679245283018867,0.056223813942081036,1042.9517486256032,567.0482513743968,leave_one_system_out
1239,2019-04-13 08:00:00,4270.0,224.97075,4.883196235100002,0.8660254037844387,-0.4999999999999998,0.97961369164549,-0.200890555130635,8.0,103,0.8660254037844387,-0.4999999999999998,0.9796136916454901,-0.20089055513063506,18550.0,max_ac,4270.0,0.23018867924528302,0.23018867924528302,0.18244018242203144,3384.265383928683,885.7346160713169,leave_one_system_out
1239,2019-04-13 09:00:00,7415.0,393.1315,8.047363154900003,0.7071067811865476,-0.7071067811865475,0.97961369164549,-0.200890555130635,9.0,103,0.7071067811865476,-0.7071067811865475,0.9796136916454901,-0.20089055513063506,18550.0,max_ac,7415.0,0.39973045822102427,0.39973045822102427,0.31448266249482626,5833.653389279027,1581.3466107209733,leave_one_system_out
1239,2019-04-13 10:00:00,9760.0,507.4495,10.224168884600005,0.4999999999999999,-0.8660254037844387,0.97961369164549,-0.200890555130635,10.0,103,0.49999999999999994,-0.8660254037844387,0.9796136916454901,-0.20089055513063506,18550.0,max_ac,9760.0,0.5261455525606469,0.5261455525606469,0.3928822318373748,7287.965400583303,2472.0345994166973,leave_one_system_out
1239,2019-04-13 11:00:00,10805.0,552.78425,11.000557835600004,0.258819045102521,-0.9659258262890682,0.97961369164549,-0.200890555130635,11.0,103,0.258819045102521,-0.9659258262890682,0.9796136916454901,-0.20089055513063506,18550.0,max_ac,10805.0,0.5824797843665768,0.5824797843665768,0.4178893148235995,7751.846789977771,3053.1532100222294,leave_one_system_out
1239,2019-04-13 12:00:00,11820.0,605.97275,13.692085828700003,1.2246467991473532e-16,-1.0,0.97961369164549,-0.200890555130635,12.0,103,1.2246467991473532e-16,-1.0,0.9796136916454901,-0.20089055513063506,18550.0,max_ac,11820.0,0.6371967654986523,0.6371967654986523,0.43858948356230515,8135.834920080761,3684.1650799192394,leave_one_system_out
1239,2019-04-13 13:00:00,11910.0,603.61625,17.8573639397,-0.2588190451025208,-0.9659258262890684,0.97961369164549,-0.200890555130635,13.0,103,-0.2588190451025208,-0.9659258262890683,0.9796136916454901,-0.20089055513063506,18550.0,max_ac,11910.0,0.6420485175202156,0.6420485175202156,0.4295292150107838,7967.76693845004,3942.2330615499604,leave_one_system_out
1239,2019-04-13 14:00:00,14200.0,732.2895,19.850002988000007,-0.4999999999999997,-0.8660254037844388,0.97961369164549,-0.200890555130635,14.0,103,-0.4999999999999997,-0.8660254037844388,0.9796136916454901,-0.20089055513063506,18550.0,max_ac,14200.0,0.7654986522911051,0.7654986522911051,0.5108383382362558,9476.051174282546,4723.948825717454,leave_one_system_out
1239,2019-04-13 15:00:00,11850.0,617.62225,19.944169662200004,-0.7071067811865471,-0.7071067811865479,0.97961369164549,-0.200890555130635,15.0,103,-0.7071067811865471,-0.7071067811865479,0.9796136916454901,-0.20089055513063506,18550.0,max_ac,11850.0,0.6388140161725068,0.6388140161725068,0.45160078660251457,8377.194591476646,3472.8054085233543,leave_one_system_out
1239,2019-04-13 16:00:00,7190.0,397.34225,19.463197401500004,-0.8660254037844385,-0.5000000000000004,0.97961369164549,-0.200890555130635,16.0,103,-0.8660254037844385,-0.5000000000000004,0.9796136916454901,-0.20089055513063506,18550.0,max_ac,7190.0,0.3876010781671159,0.3876010781671159,0.3006470417292101,5577.0026240768475,1612.9973759231525,leave_one_system_out
1239,2019-04-13 17:00:00,3965.0,290.90025,19.1116695956,-0.9659258262890684,-0.2588190451025206,0.97961369164549,-0.200890555130635,17.0,103,-0.9659258262890683,-0.25881904510252063,0.9796136916454901,-0.20089055513063506,18550.0,max_ac,3965.0,0.21374663072776282,0.21374663072776282,0.2477269996671193,4595.335843825063,-630.3358438250634,leave_one_system_out
1239,2019-04-13 18:00:00,530.0,116.80525,17.217502777400007,-1.0,-1.8369701987210287e-16,0.97961369164549,-0.200890555130635,18.0,103,-1.0,-1.8369701987210297e-16,0.9796136916454901,-0.20089055513063506,18550.0,max_ac,530.0,0.02857142857142857,0.02857142857142857,0.12021855029899192,2230.0541080463004,-1700.0541080463004,leave_one_system_out
1239,2019-04-14 06:00:00,380.0,43.69825,0.0893069627000011,1.0,6.123233995736766e-17,0.9760105506323684,-0.2177232303965317,6.0,104,1.0,6.123233995736766e-17,0.9760105506323683,-0.21772323039653177,18550.0,max_ac,380.0,0.020485175202156335,0.020485175202156335,-0.0360010729396541,-667.8199030305835,1047.8199030305836,leave_one_system_out
1239,2019-04-14 07:00:00,3465.0,242.31475,3.9031961567000018,0.9659258262890684,-0.2588190451025206,0.9760105506323684,-0.2177232303965317,7.0,104,0.9659258262890683,-0.25881904510252063,0.9760105506323683,-0.21772323039653177,18550.0,max_ac,3465.0,0.18679245283018867,0.18679245283018867,0.14853164382442585,2755.2619929430994,709.7380070569006,leave_one_system_out
1239,2019-04-14 08:00:00,7225.0,390.86275,6.019724103800003,0.8660254037844387,-0.4999999999999998,0.9760105506323684,-0.2177232303965317,8.0,104,0.8660254037844387,-0.4999999999999998,0.9760105506323683,-0.21772323039653177,18550.0,max_ac,7225.0,0.3894878706199461,0.3894878706199461,0.27736868731315034,5145.189149658939,2079.8108503410613,leave_one_system_out
1239,2019-04-14 09:00:00,11710.0,584.28675,8.595835421000002,0.7071067811865476,-0.7071067811865475,0.9760105506323684,-0.2177232303965317,9.0,104,0.7071067811865476,-0.7071067811865475,0.9760105506323683,-0.21772323039653177,18550.0,max_ac,11710.0,0.631266846361186,0.631266846361186,0.4097409254190734,7600.694166523812,4109.305833476188,leave_one_system_out
1239,2019-04-14 10:00:00,15180.0,776.0532499999999,10.796391152600002,0.4999999999999999,-0.8660254037844387,0.9760105506323684,-0.2177232303965317,10.0,104,0.49999999999999994,-0.8660254037844387,0.9760105506323683,-0.21772323039653177,18550.0,max_ac,15180.0,0.8183288409703504,0.8183288409703504,0.5182698939274331,9613.906532353883,5566.093467646117,leave_one_system_out
1239,2019-04-14 11:00:00,16600.0,828.2597499999999,11.398474534100002,0.258819045102521,-0.9659258262890682,0.9760105506323684,-0.2177232303965317,11.0,104,0.258819045102521,-0.9659258262890682,0.9760105506323683,-0.21772323039653177,18550.0,max_ac,16600.0,0.894878706199461,0.894878706199461,0.5491646491431589,10187.004241605597,6412.995758394403,leave_one_system_out
1239,2019-04-14 12:00:00,16840.0,837.8152500000001,10.394446676000005,1.2246467991473532e-16,-1.0,0.9760105506323684,-0.2177232303965317,12.0,104,1.2246467991473532e-16,-1.0,0.9760105506323683,-0.21772323039653177,18550.0,max_ac,16840.0,0.9078167115902965,0.9078167115902965,0.5544035507535913,10284.185866479118,6555.814133520882,leave_one_system_out
1239,2019-04-14 13:00:00,16345.0,818.6167499999999,10.996252279700004,-0.2588190451025208,-0.9659258262890684,0.9760105506323684,-0.2177232303965317,13.0,104,-0.2588190451025208,-0.9659258262890683,0.9760105506323683,-0.21772323039653177,18550.0,max_ac,16345.0,0.8811320754716981,0.8811320754716981,0.5481027713296984,10167.306408165905,6177.693591834095,leave_one_system_out
1239,2019-04-14 14:00:00,12440.0,629.53425,12.527641291100004,-0.4999999999999997,-0.8660254037844388,0.9760105506323684,-0.2177232303965317,14.0,104,-0.4999999999999997,-0.8660254037844388,0.9760105506323683,-0.21772323039653177,18550.0,max_ac,12440.0,0.6706199460916442,0.6706199460916442,0.435753289098963,8083.223512785764,4356.776487214236,leave_one_system_out
1239,2019-04-14 15:00:00,5945.0,312.17075,11.3633356424,-0.7071067811865471,-0.7071067811865479,0.9760105506323684,-0.2177232303965317,15.0,104,-0.7071067811865471,-0.7071067811865479,0.9760105506323683,-0.21772323039653177,18550.0,max_ac,5945.0,0.32048517520215636,0.32048517520215636,0.19944477395854884,3699.700556931081,2245.299443068919,leave_one_system_out
1239,2019-04-14 16:00:00,4245.75,230.88325,10.928891163200005,-0.8660254037844385,-0.5000000000000004,0.9760105506323684,-0.2177232303965317,16.0,104,-0.8660254037844385,-0.5000000000000004,0.9760105506323683,-0.21772323039653177,18550.0,max_ac,4245.75,0.22888140161725068,0.22888140161725068,0.13744636779085917,2549.6301225204375,1696.1198774795625,leave_one_system_out
1239,2019-04-14 17:00:00,2570.0,163.972,11.074863397100003,-0.9659258262890684,-0.2588190451025206,0.9760105506323684,-0.2177232303965317,17.0,104,-0.9659258262890683,-0.25881904510252063,0.9760105506323683,-0.21772323039653177,18550.0,max_ac,2570.0,0.138544474393531,0.138544474393531,0.10652179327505146,1975.9792652522046,594.0207347477954,leave_one_system_out
1239,2019-04-14 18:00:00,105.0,28.86325,9.394585484900002,-1.0,-1.8369701987210287e-16,0.9760105506323684,-0.2177232303965317,18.0,104,-1.0,-1.8369701987210297e-16,0.9760105506323683,-0.21772323039653177,18550.0,max_ac,105.0,0.005660377358490566,0.005660377358490566,0.00864380947354354,160.34266573423267,-55.34266573423267,leave_one_system_out
1239,2019-04-15 06:00:00,5.0,5.934,2.6206960541000024,1.0,6.123233995736766e-17,0.9721181966290612,-0.2344913895704098,6.0,105,1.0,6.123233995736766e-17,0.9721181966290613,-0.23449138957040985,18550.0,max_ac,5.0,0.00026954177897574127,0.00026954177897574127,-0.05659901695728364,-1049.9117645576116,1054.9117645576116,leave_one_system_out
1239,2019-04-15 07:00:00,-70.0,13.54775,2.804862735500003,0.9659258262890684,-0.2588190451025206,0.9721181966290612,-0.2344913895704098,7.0,105,0.9659258262890683,-0.25881904510252063,0.9721181966290613,-0.23449138957040985,18550.0,max_ac,-70.0,-0.0037735849056603774,-0.0037735849056603774,0.0016182675829955473,30.0188636645674,-100.0188636645674,leave_one_system_out
1239,2019-04-15 08:00:00,-10.0,20.311,2.989029416900002,0.8660254037844387,-0.4999999999999998,0.9721181966290612,-0.2344913895704098,8.0,105,0.8660254037844387,-0.4999999999999998,0.9721181966290613,-0.23449138957040985,18550.0,max_ac,-10.0,-0.0005390835579514825,-0.0005390835579514825,0.06718698925340488,1246.3186506506606,-1256.3186506506606,leave_one_system_out
1239,2019-04-15 09:00:00,980.0,65.20925,3.7287516983000017,0.7071067811865476,-0.7071067811865475,0.9721181966290612,-0.2344913895704098,9.0,105,0.7071067811865476,-0.7071067811865475,0.9721181966290613,-0.23449138957040985,18550.0,max_ac,980.0,0.052830188679245285,0.052830188679245285,0.14408748599037205,2672.8228651214017,-1692.8228651214017,leave_one_system_out
1239,2019-04-15 10:00:00,1165.0,66.9545,3.8398628183000016,0.4999999999999999,-0.8660254037844387,0.9721181966290612,-0.2344913895704098,10.0,105,0.49999999999999994,-0.8660254037844387,0.9721181966290613,-0.23449138957040985,18550.0,max_ac,1165.0,0.06280323450134771,0.06280323450134771,0.17248128623464823,3199.5278596527246,-2034.5278596527246,leave_one_system_out
1239,2019-04-15 11:00:00,3935.0,186.68275,4.635696215300001,0.258819045102521,-0.9659258262890682,0.9721181966290612,-0.2344913895704098,11.0,105,0.258819045102521,-0.9659258262890682,0.9721181966290613,-0.23449138957040985,18550.0,max_ac,3935.0,0.21212938005390836,0.21212938005390836,0.22982407092256696,4263.2365156136175,-328.2365156136175,leave_one_system_out
1239,2019-04-15 12:00:00,1800.0,94.945,4.4909739815000025,1.2246467991473532e-16,-1.0,0.9721181966290612,-0.2344913895704098,12.0,105,1.2246467991473532e-16,-1.0,0.9721181966290613,-0.23449138957040985,18550.0,max_ac,1800.0,0.09703504043126684,0.09703504043126684,0.15311720817038063,2840.324211560561,-1040.3242115605608,leave_one_system_out
1239,2019-04-15 13:00:00,605.0,45.9015,4.374168416600004,-0.2588190451025208,-0.9659258262890684,0.9721181966290612,-0.2344913895704098,13.0,105,-0.2588190451025208,-0.9659258262890683,0.9721181966290613,-0.23449138957040985,18550.0,max_ac,605.0,0.03261455525606469,0.03261455525606469,0.07223866834237513,1340.0272977510588,-735.0272977510588,leave_one_system_out
1239,2019-04-15 14:00:00,990.25,61.17325,5.614585182500003,-0.4999999999999997,-0.8660254037844388,0.9721181966290612,-0.2344913895704098,14.0,105,-0.4999999999999997,-0.8660254037844388,0.9721181966290613,-0.23449138957040985,18550.0,max_ac,990.25,0.053382749326145555,0.053382749326145555,0.027952472624936275,518.5183671925679,471.7316328074321,leave_one_system_out
1239,2019-04-15 15:00:00,840.0,59.31875,5.395140720500002,-0.7071067811865471,-0.7071067811865479,0.9721181966290612,-0.2344913895704098,15.0,105,-0.7071067811865471,-0.7071067811865479,0.9721181966290613,-0.23449138957040985,18550.0,max_ac,840.0,0.045283018867924525,0.045283018867924525,-0.017927422329350517,-332.5536842094521,1172.553684209452,leave_one_system_out
1239,2019-04-15 16:00:00,225.0,32.30975,5.419168500200003,-0.8660254037844385,-0.5000000000000004,0.9721181966290612,-0.2344913895704098,16.0,105,-0.8660254037844385,-0.5000000000000004,0.9721181966290613,-0.23449138957040985,18550.0,max_ac,225.0,0.012129380053908356,0.012129380053908356,-0.059117214807388796,-1096.624334677062,1321.624334677062,leave_one_system_out
1239,2019-04-15 17:00:00,380.0,41.01475,5.144862922700003,-0.9659258262890684,-0.2588190451025206,0.9721181966290612,-0.2344913895704098,17.0,105,-0.9659258262890683,-0.25881904510252063,0.9721181966290613,-0.23449138957040985,18550.0,max_ac,380.0,0.020485175202156335,0.020485175202156335,-0.033374287799523394,-619.093038681159,999.093038681159,leave_one_system_out
1239,2019-04-15 18:00:00,-175.0,9.8175,4.586529544700002,-1.0,-1.8369701987210287e-16,0.9721181966290612,-0.2344913895704098,18.0,105,-1.0,-1.8369701987210297e-16,0.9721181966290613,-0.23449138957040985,18550.0,max_ac,-175.0,-0.009433962264150943,-0.009433962264150943,-0.019917323733242842,-369.4663552516547,194.4663552516547,leave_one_system_out
1239,2019-04-16 06:00:00,35.0,23.67075,1.021807037300002,1.0,6.123233995736766e-17,0.9679377830240642,-0.2511900638848193,6.0,106,1.0,6.123233995736766e-17,0.9679377830240642,-0.25119006388481935,18550.0,max_ac,35.0,0.0018867924528301887,0.0018867924528301887,-0.04731813193584267,-877.7513474098814,912.7513474098814,leave_one_system_out
1239,2019-04-16 07:00:00,1870.0,105.26425,1.6459737539000034,0.9659258262890684,-0.2588190451025206,0.9679377830240642,-0.2511900638848193,7.0,106,0.9659258262890683,-0.25881904510252063,0.9679377830240642,-0.25119006388481935,18550.0,max_ac,1870.0,0.10080862533692722,0.10080862533692722,0.05735221325729278,1063.8835559227812,806.1164440772188,leave_one_system_out
1239,2019-04-16 08:00:00,4365.0,217.2915,1.9822237808000016,0.8660254037844387,-0.4999999999999998,0.9679377830240642,-0.2511900638848193,8.0,106,0.8660254037844387,-0.4999999999999998,0.9679377830240642,-0.25119006388481935,18550.0,max_ac,4365.0,0.2353099730458221,0.2353099730458221,0.17401827569149977,3228.0390140773206,1136.9609859226794,leave_one_system_out
1239,2019-04-16 09:00:00,4215.0,211.88125,2.4095849261000013,0.7071067811865476,-0.7071067811865475,0.9679377830240642,-0.2511900638848193,9.0,106,0.7071067811865476,-0.7071067811865475,0.9679377830240642,-0.25119006388481935,18550.0,max_ac,4215.0,0.22722371967654986,0.22722371967654986,0.21427884283794701,3974.8725346439173,240.12746535608267,leave_one_system_out
1239,2019-04-16 10:00:00,3525.0,182.49425,2.2269460226000017,0.4999999999999999,-0.8660254037844387,0.9679377830240642,-0.2511900638848193,10.0,106,0.49999999999999994,-0.8660254037844387,0.9679377830240642,-0.25119006388481935,18550.0,max_ac,3525.0,0.19002695417789758,0.19002695417789758,0.22393406901581678,4153.976980243401,-628.9769802434012,leave_one_system_out
1239,2019-04-16 11:00:00,3570.0,180.77075,2.1861126860000017,0.258819045102521,-0.9659258262890682,0.9679377830240642,-0.2511900638848193,11.0,106,0.258819045102521,-0.9659258262890682,0.9679377830240642,-0.25119006388481935,18550.0,max_ac,3570.0,0.19245283018867926,0.19245283018867926,0.2211721275752527,4102.742966520937,-532.7429665209374,leave_one_system_out
1239,2019-04-16 12:00:00,4870.0,246.0455,2.8076405135000027,1.2246467991473532e-16,-1.0,0.9679377830240642,-0.2511900638848193,12.0,106,1.2246467991473532e-16,-1.0,0.9679377830240642,-0.25119006388481935,18550.0,max_ac,4870.0,0.262533692722372,0.262533692722372,0.23046750275042874,4275.172176020453,594.8278239795472,leave_one_system_out
1239,2019-04-16 13:00:00,4010.0,202.60925,2.5518071597000027,-0.2588190451025208,-0.9659258262890684,0.9679377830240642,-0.2511900638848193,13.0,106,-0.2588190451025208,-0.9659258262890683,0.9679377830240642,-0.25119006388481935,18550.0,max_ac,4010.0,0.21617250673854446,0.21617250673854446,0.16424829918967496,3046.8059499684705,963.1940500315295,leave_one_system_out
1239,2019-04-16 14:00:00,4195.0,203.50325,1.895001551600004,-0.4999999999999997,-0.8660254037844388,0.9679377830240642,-0.2511900638848193,14.0,106,-0.4999999999999997,-0.8660254037844388,0.9679377830240642,-0.25119006388481935,18550.0,max_ac,4195.0,0.2261455525606469,0.2261455525606469,0.1207704987308667,2240.292751457577,1954.7072485424228,leave_one_system_out
1239,2019-04-16 15:00:00,6490.0,320.91925,2.9762516381000017,-0.7071067811865471,-0.7071067811865479,0.9679377830240642,-0.2511900638848193,15.0,106,-0.7071067811865471,-0.7071067811865479,0.9679377830240642,-0.25119006388481935,18550.0,max_ac,6490.0,0.34986522911051215,0.34986522911051215,0.1948902094063291,3615.2133844874047,2874.7866155125953,leave_one_system_out
1239,2019-04-16 16:00:00,6745.0,345.31,3.825835039400002,-0.8660254037844385,-0.5000000000000004,0.9679377830240642,-0.2511900638848193,16.0,106,-0.8660254037844385,-0.5000000000000004,0.9679377830240642,-0.25119006388481935,18550.0,max_ac,6745.0,0.36361185983827493,0.36361185983827493,0.23802749209585414,4415.409978378094,2329.590021621906,leave_one_system_out
1239,2019-04-16 17:00:00,2570.0,164.801,3.076112757200004,-0.9659258262890684,-0.2588190451025206,0.9679377830240642,-0.2511900638848193,17.0,106,-0.9659258262890683,-0.25881904510252063,0.9679377830240642,-0.25119006388481935,18550.0,max_ac,2570.0,0.138544474393531,0.138544474393531,0.09839259421151669,1825.1826226236346,744.8173773763654,leave_one_system_out
1239,2019-04-16 18:00:00,680.0,66.95425,1.7347237610000033,-1.0,-1.8369701987210287e-16,0.9679377830240642,-0.2511900638848193,18.0,106,-1.0,-1.8369701987210297e-16,0.9679377830240642,-0.25119006388481935,18550.0,max_ac,680.0,0.036657681940700806,0.036657681940700806,0.04578803128154618,849.3679802726817,-169.36798027268173,leave_one_system_out
1239,2019-04-17 06:00:00,565.0,93.9852,0.0005569556000032,1.0,6.123233995736766e-17,0.9634705485641488,-0.2678143051621742,6.0,107,1.0,6.123233995736766e-17,0.9634705485641488,-0.2678143051621742,18550.0,max_ac,565.0,0.03045822102425876,0.03045822102425876,0.002710545408356968,50.28061732502176,514.7193826749782,leave_one_system_out
1239,2019-04-17 07:00:00,3860.0,246.83075,2.3168071409000026,0.9659258262890684,-0.2588190451025206,0.9634705485641488,-0.2678143051621742,7.0,107,0.9659258262890683,-0.25881904510252063,0.9634705485641488,-0.2678143051621742,18550.0,max_ac,3860.0,0.20808625336927225,0.20808625336927225,0.1496755556617509,2776.481557525479,1083.5184424745212,leave_one_system_out
1239,2019-04-17 08:00:00,8275.0,438.48775,4.919862904700002,0.8660254037844387,-0.4999999999999998,0.9634705485641488,-0.2678143051621742,8.0,107,0.8660254037844387,-0.4999999999999998,0.9634705485641488,-0.2678143051621742,18550.0,max_ac,8275.0,0.44609164420485176,0.44609164420485176,0.3035149852486929,5630.202976363254,2644.7970236367464,leave_one_system_out
1239,2019-04-17 09:00:00,12170.0,602.351,6.6736130450000015,0.7071067811865476,-0.7071067811865475,0.9634705485641488,-0.2678143051621742,9.0,107,0.7071067811865476,-0.7071067811865475,0.9634705485641488,-0.2678143051621742,18550.0,max_ac,12170.0,0.6560646900269542,0.6560646900269542,0.4176816673503067,7747.9949293481895,4422.0050706518105,leave_one_system_out
1239,2019-04-17 10:00:00,14935.0,736.60925,8.654724314600005,0.4999999999999999,-0.8660254037844387,0.9634705485641488,-0.2678143051621742,10.0,107,0.49999999999999994,-0.8660254037844387,0.9634705485641488,-0.2678143051621742,18550.0,max_ac,14935.0,0.8051212938005391,0.8051212938005391,0.49964125626652717,9268.34530374408,5666.6546962559205,leave_one_system_out
1239,2019-04-17 11:00:00,16780.0,825.4237499999999,10.442224457600002,0.258819045102521,-0.9659258262890682,0.9634705485641488,-0.2678143051621742,11.0,107,0.258819045102521,-0.9659258262890682,0.9634705485641488,-0.2678143051621742,18550.0,max_ac,16780.0,0.9045822102425876,0.9045822102425876,0.5489946016125072,10183.849859912008,6596.1501400879915,leave_one_system_out
1239,2019-04-17 12:00:00,17535.0,868.40225,9.459168823400002,1.2246467991473532e-16,-1.0,0.9634705485641488,-0.2678143051621742,12.0,107,1.2246467991473532e-16,-1.0,0.9634705485641488,-0.2678143051621742,18550.0,max_ac,17535.0,0.9452830188679245,0.9452830188679245,0.5711171804939108,10594.223698162046,6940.776301837954,leave_one_system_out
1239,2019-04-17 13:00:00,16965.0,841.7642500000001,9.224307693500004,-0.2588190451025208,-0.9659258262890684,0.9634705485641488,-0.2678143051621742,13.0,107,-0.2588190451025208,-0.9659258262890683,0.9634705485641488,-0.2678143051621742,18550.0,max_ac,16965.0,0.91455525606469,0.91455525606469,0.5617173073601063,10419.856051529972,6545.143948470028,leave_one_system_out
1239,2019-04-17 14:00:00,15420.0,767.7412499999999,12.582502406600002,-0.4999999999999997,-0.8660254037844388,0.9634705485641488,-0.2678143051621742,14.0,107,-0.4999999999999997,-0.8660254037844388,0.9634705485641488,-0.2678143051621742,18550.0,max_ac,15420.0,0.831266846361186,0.831266846361186,0.5313837695006286,9857.168924236661,5562.831075763339,leave_one_system_out
1239,2019-04-17 15:00:00,12725.0,647.64175,13.336252466900005,-0.7071067811865471,-0.7071067811865479,0.9634705485641488,-0.2678143051621742,15.0,107,-0.7071067811865471,-0.7071067811865479,0.9634705485641488,-0.2678143051621742,18550.0,max_ac,12725.0,0.6859838274932615,0.6859838274932615,0.47173975357444287,8750.772428805914,3974.2275711940856,leave_one_system_out
1239,2019-04-17 16:00:00,9005.0,492.35275,12.841252427300002,-0.8660254037844385,-0.5000000000000004,0.9634705485641488,-0.2678143051621742,16.0,107,-0.8660254037844385,-0.5000000000000004,0.9634705485641488,-0.2678143051621742,18550.0,max_ac,9005.0,0.48544474393530995,0.48544474393530995,0.3828265171775299,7101.43189364318,1903.56810635682,leave_one_system_out
1239,2019-04-17 17:00:00,4410.0,313.63275,12.257780158400005,-0.9659258262890684,-0.2588190451025206,0.9634705485641488,-0.2678143051621742,17.0,107,-0.9659258262890683,-0.25881904510252063,0.9634705485641488,-0.2678143051621742,18550.0,max_ac,4410.0,0.23773584905660378,0.23773584905660378,0.2650256872570901,4916.226498619021,-506.2264986190212,leave_one_system_out
1239,2019-04-17 18:00:00,560.0,135.1525,10.7220855911,-1.0,-1.8369701987210287e-16,0.9634705485641488,-0.2678143051621742,18.0,107,-1.0,-1.8369701987210297e-16,0.9634705485641488,-0.2678143051621742,18550.0,max_ac,560.0,0.03018867924528302,0.03018867924528302,0.13361880677298904,2478.6288656389465,-1918.6288656389465,leave_one_system_out
1239,2019-04-18 06:00:00,755.0,78.583,-3.8059711266999976,1.0,6.123233995736766e-17,0.9587178169872964,-0.2843591872810034,6.0,108,1.0,6.123233995736766e-17,0.9587178169872964,-0.2843591872810034,18550.0,max_ac,755.0,0.040700808625336926,0.040700808625336926,-0.018184954531886288,-337.3309065664906,1092.3309065664907,leave_one_system_out
1239,2019-04-18 07:00:00,4060.0,250.53975,0.1486125230000023,0.9659258262890684,-0.2588190451025206,0.9587178169872964,-0.2843591872810034,7.0,108,0.9659258262890683,-0.25881904510252063,0.9587178169872964,-0.2843591872810034,18550.0,max_ac,4060.0,0.2188679245283019,0.2188679245283019,0.14741690550403896,2734.583597099923,1325.4164029000772,leave_one_system_out
1239,2019-04-18 08:00:00,6150.0,335.12225,3.904585045700003,0.8660254037844387,-0.4999999999999998,0.9587178169872964,-0.2843591872810034,8.0,108,0.8660254037844387,-0.4999999999999998,0.9587178169872964,-0.2843591872810034,18550.0,max_ac,6150.0,0.33153638814016173,0.33153638814016173,0.2462371066216815,4567.698327832191,1582.3016721678086,leave_one_system_out
1239,2019-04-18 09:00:00,7195.0,371.228,5.3880573866000026,0.7071067811865476,-0.7071067811865475,0.9587178169872964,-0.2843591872810034,9.0,108,0.7071067811865476,-0.7071067811865475,0.9587178169872964,-0.2843591872810034,18550.0,max_ac,7195.0,0.3878706199460916,0.3878706199460916,0.3044707901130079,5647.933156596297,1547.0668434037034,leave_one_system_out
1239,2019-04-18 10:00:00,8635.0,449.52725,6.9588908456000045,0.4999999999999999,-0.8660254037844387,0.9587178169872964,-0.2843591872810034,10.0,108,0.49999999999999994,-0.8660254037844387,0.9587178169872964,-0.2843591872810034,18550.0,max_ac,8635.0,0.4654986522911051,0.4654986522911051,0.36641823614285685,6797.0582804499945,1837.9417195500055,leave_one_system_out
1239,2019-04-18 11:00:00,5355.0,284.50775,7.393474213700004,0.258819045102521,-0.9659258262890682,0.9587178169872964,-0.2843591872810034,11.0,108,0.258819045102521,-0.9659258262890682,0.9587178169872964,-0.2843591872810034,18550.0,max_ac,5355.0,0.28867924528301886,0.28867924528301886,0.2921532629629914,5419.44302796349,-64.44302796348984,leave_one_system_out
1239,2019-04-18 12:00:00,7875.0,403.86525,8.483335412000002,1.2246467991473532e-16,-1.0,0.9587178169872964,-0.2843591872810034,12.0,108,1.2246467991473532e-16,-1.0,0.9587178169872964,-0.2843591872810034,18550.0,max_ac,7875.0,0.42452830188679247,0.42452830188679247,0.3324336377189404,6166.643979686344,1708.3560203136558,leave_one_system_out
1239,2019-04-18 13:00:00,6125.0,315.42150000000004,9.1230576854,-0.2588190451025208,-0.9659258262890684,0.9587178169872964,-0.2843591872810034,13.0,108,-0.2588190451025208,-0.9659258262890683,0.9587178169872964,-0.2843591872810034,18550.0,max_ac,6125.0,0.330188679245283,0.330188679245283,0.25302624404988705,4693.636827125405,1431.363172874595,leave_one_system_out
1239,2019-04-18 14:00:00,3255.0,176.05825000000002,9.861529966700004,-0.4999999999999997,-0.8660254037844388,0.9587178169872964,-0.2843591872810034,14.0,108,-0.4999999999999997,-0.8660254037844388,0.9587178169872964,-0.2843591872810034,18550.0,max_ac,3255.0,0.17547169811320754,0.17547169811320754,0.12486363666647832,2316.220460163173,938.7795398368271,leave_one_system_out
1239,2019-04-18 15:00:00,2253.333333333333,129.96766666666667,9.8825947832,-0.7071067811865471,-0.7071067811865479,0.9587178169872964,-0.2843591872810034,15.0,108,-0.7071067811865471,-0.7071067811865479,0.9587178169872964,-0.2843591872810034,18550.0,max_ac,2253.333333333333,0.1214734950584007,0.1214734950584007,0.054086298167613345,1003.3008310092275,1250.0325023241055,leave_one_system_out
1239,2019-04-18 16:00:00,460.0,46.0765,7.815279803000004,-0.8660254037844385,-0.5000000000000004,0.9587178169872964,-0.2843591872810034,16.0,108,-0.8660254037844385,-0.5000000000000004,0.9587178169872964,-0.2843591872810034,18550.0,max_ac,460.0,0.024797843665768194,0.024797843665768194,-0.038933516469883744,-722.2167305163434,1182.2167305163434,leave_one_system_out
1239,2019-04-18 17:00:00,-35.0,21.24925,4.045140612500002,-0.9659258262890684,-0.2588190451025206,0.9587178169872964,-0.2843591872810034,17.0,108,-0.9659258262890683,-0.25881904510252063,0.9587178169872964,-0.2843591872810034,18550.0,max_ac,-35.0,-0.0018867924528301887,-0.0018867924528301887,-0.05641506570307092,-1046.4994687919657,1011.4994687919657,leave_one_system_out
1239,2019-04-18 18:00:00,-290.0,6.174,2.686668281600002,-1.0,-1.8369701987210287e-16,0.9587178169872964,-0.2843591872810034,18.0,108,-1.0,-1.8369701987210297e-16,0.9587178169872964,-0.2843591872810034,18550.0,max_ac,-290.0,-0.015633423180592992,-0.015633423180592992,-0.028497781742821693,-528.6338513293424,238.6338513293424,leave_one_system_out
1239,2019-04-19 06:00:00,0.0,12.02075,5.963196321500002,1.0,6.123233995736766e-17,0.9536809966304456,-0.3008198076356673,6.0,109,1.0,6.123233995736766e-17,0.9536809966304457,-0.30081980763566735,18550.0,max_ac,0.0,0.0,0.0,-0.03959455209364582,-734.47894133713,734.47894133713,leave_one_system_out
1239,2019-04-19 07:00:00,70.0,27.70675,6.392224133600004,0.9659258262890684,-0.2588190451025206,0.9536809966304456,-0.3008198076356673,7.0,109,0.9659258262890683,-0.25881904510252063,0.9536809966304457,-0.30081980763566735,18550.0,max_ac,70.0,0.0037735849056603774,0.0037735849056603774,0.027863011835506768,516.8588695486505,-446.85886954865055,leave_one_system_out
1239,2019-04-19 08:00:00,355.0,37.633,6.800001944000002,0.8660254037844387,-0.4999999999999998,0.9536809966304456,-0.3008198076356673,8.0,109,0.8660254037844387,-0.4999999999999998,0.9536809966304457,-0.30081980763566735,18550.0,max_ac,355.0,0.01913746630727763,0.01913746630727763,0.09829351232570105,1823.3446536417543,-1468.3446536417543,leave_one_system_out
1239,2019-04-19 09:00:00,1805.0,109.3438,6.449001915920002,0.7071067811865476,-0.7071067811865475,0.9536809966304456,-0.3008198076356673,9.0,109,0.7071067811865476,-0.7071067811865475,0.9536809966304457,-0.30081980763566735,18550.0,max_ac,1805.0,0.09730458221024259,0.09730458221024259,0.18464343443172015,3425.135708708409,-1620.1357087084089,leave_one_system_out
1239,2019-04-19 10:00:00,3550.0,184.741,8.370835403000005,0.4999999999999999,-0.8660254037844387,0.9536809966304456,-0.3008198076356673,10.0,109,0.49999999999999994,-0.8660254037844387,0.9536809966304457,-0.30081980763566735,18550.0,max_ac,3550.0,0.19137466307277629,0.19137466307277629,0.253153583111863,4695.998966725058,-1145.9989667250584,leave_one_system_out
1239,2019-04-19 11:00:00,3415.0,182.189,9.677085507500005,0.258819045102521,-0.9659258262890682,0.9536809966304456,-0.3008198076356673,11.0,109,0.258819045102521,-0.9659258262890682,0.9536809966304457,-0.30081980763566735,18550.0,max_ac,3415.0,0.18409703504043126,0.18409703504043126,0.2548714916038022,4727.86616925053,-1312.8661692505302,leave_one_system_out
1239,2019-04-19 12:00:00,2365.0,132.01125,10.464724459400005,1.2246467991473532e-16,-1.0,0.9536809966304456,-0.3008198076356673,12.0,109,1.2246467991473532e-16,-1.0,0.9536809966304457,-0.30081980763566735,18550.0,max_ac,2365.0,0.1274932614555256,0.1274932614555256,0.20343365960357288,3773.6943856462767,-1408.6943856462767,leave_one_system_out
1239,2019-04-19 13:00:00,1920.0,110.12925,10.634724473,-0.2588190451025208,-0.9659258262890684,0.9536809966304456,-0.3008198076356673,13.0,109,-0.2588190451025208,-0.9659258262890683,0.9536809966304457,-0.30081980763566735,18550.0,max_ac,1920.0,0.10350404312668464,0.10350404312668464,0.14061808578909718,2608.4654913877525,-688.4654913877525,leave_one_system_out
1239,2019-04-19 14:00:00,1430.0,87.72375,11.069446730000005,-0.4999999999999997,-0.8660254037844388,0.9536809966304456,-0.3008198076356673,14.0,109,-0.4999999999999997,-0.8660254037844388,0.9536809966304457,-0.30081980763566735,18550.0,max_ac,1430.0,0.07708894878706199,0.07708894878706199,0.07025815466043922,1303.2887689511476,126.71123104885237,leave_one_system_out
1239,2019-04-19 15:00:00,340.0,37.9605,11.084724509,-0.7071067811865471,-0.7071067811865479,0.9536809966304456,-0.3008198076356673,15.0,109,-0.7071067811865471,-0.7071067811865479,0.9536809966304457,-0.30081980763566735,18550.0,max_ac,340.0,0.018328840970350403,0.018328840970350403,-0.014799709486356394,-274.5346109719111,614.5346109719111,leave_one_system_out
1239,2019-04-19 16:00:00,115.0,30.216,10.487224461200006,-0.8660254037844385,-0.5000000000000004,0.9536809966304456,-0.3008198076356673,16.0,109,-0.8660254037844385,-0.5000000000000004,0.9536809966304457,-0.30081980763566735,18550.0,max_ac,115.0,0.0061994609164420485,0.0061994609164420485,-0.04723636310131085,-876.2345355293163,991.2345355293163,leave_one_system_out
1239,2019-04-19 17:00:00,-95.0,13.32975,8.090974269500004,-0.9659258262890684,-0.2588190451025206,0.9536809966304456,-0.3008198076356673,17.0,109,-0.9659258262890683,-0.25881904510252063,0.9536809966304457,-0.30081980763566735,18550.0,max_ac,-95.0,-0.005121293800539084,-0.005121293800539084,-0.058266621451037004,-1080.8458279167364,985.8458279167364,leave_one_system_out
1239,2019-04-19 18:00:00,-50.0,5.67225,7.019307517100002,-1.0,-1.8369701987210287e-16,0.9536809966304456,-0.3008198076356673,18.0,109,-1.0,-1.8369701987210297e-16,0.9536809966304457,-0.30081980763566735,18550.0,max_ac,-50.0,-0.0026954177897574125,-0.0026954177897574125,-0.024801425049848225,-460.06643467468456,410.06643467468456,leave_one_system_out
1239,2019-04-20 06:00:00,10.0,7.352,3.4180572290000035,1.0,6.123233995736766e-17,0.9483615800121716,-0.3171912885891061,6.0,110,1.0,6.123233995736766e-17,0.9483615800121715,-0.3171912885891061,18550.0,max_ac,10.0,0.0005390835579514825,0.0005390835579514825,-0.04958111856083053,-919.7297493034063,929.7297493034063,leave_one_system_out
1239,2019-04-20 07:00:00,5.0,15.119,3.506668347200001,0.9659258262890684,-0.2588190451025206,0.9483615800121716,-0.3171912885891061,7.0,110,0.9659258262890683,-0.25881904510252063,0.9483615800121715,-0.3171912885891061,18550.0,max_ac,5.0,0.00026954177897574127,0.00026954177897574127,0.012033084624107182,223.21371977718823,-218.21371977718823,leave_one_system_out
1239,2019-04-20 08:00:00,520.0,43.10925,3.647085025100002,0.8660254037844387,-0.4999999999999998,0.9483615800121716,-0.3171912885891061,8.0,110,0.8660254037844387,-0.4999999999999998,0.9483615800121715,-0.3171912885891061,18550.0,max_ac,520.0,0.028032345013477088,0.028032345013477088,0.09182862904796008,1703.4210688396595,-1183.4210688396595,leave_one_system_out
1239,2019-04-20 09:00:00,1425.0,78.84450000000001,4.064862836300005,0.7071067811865476,-0.7071067811865475,0.9483615800121716,-0.3171912885891061,9.0,110,0.7071067811865476,-0.7071067811865475,0.9483615800121715,-0.3171912885891061,18550.0,max_ac,1425.0,0.07681940700808626,0.07681940700808626,0.1637510835591988,3037.5826000231377,-1612.5826000231377,leave_one_system_out
1239,2019-04-20 10:00:00,2505.0,125.619,4.561112876000003,0.4999999999999999,-0.8660254037844387,0.9483615800121716,-0.3171912885891061,10.0,110,0.49999999999999994,-0.8660254037844387,0.9483615800121715,-0.3171912885891061,18550.0,max_ac,2505.0,0.13504043126684637,0.13504043126684637,0.21539299607935483,3995.5400772720322,-1490.5400772720322,leave_one_system_out
1239,2019-04-20 11:00:00,3185.0,156.31475,5.473890726800001,0.258819045102521,-0.9659258262890682,0.9483615800121716,-0.3171912885891061,11.0,110,0.258819045102521,-0.9659258262890682,0.9483615800121715,-0.3171912885891061,18550.0,max_ac,3185.0,0.17169811320754716,0.17169811320754716,0.23086766118008958,4282.5951148906615,-1097.5951148906615,leave_one_system_out
1239,2019-04-20 12:00:00,3775.0,181.927,5.960418543500002,1.2246467991473532e-16,-1.0,0.9483615800121716,-0.3171912885891061,12.0,110,1.2246467991473532e-16,-1.0,0.9483615800121715,-0.3171912885891061,18550.0,max_ac,3775.0,0.20350404312668463,0.20350404312668463,0.2160203891287223,4007.1782183377986,-232.17821833779863,leave_one_system_out
1239,2019-04-20 13:00:00,2560.0,133.691,6.241668566,-0.2588190451025208,-0.9659258262890684,0.9483615800121716,-0.3171912885891061,13.0,110,-0.2588190451025208,-0.9659258262890683,0.9483615800121715,-0.3171912885891061,18550.0,max_ac,2560.0,0.13800539083557953,0.13800539083557953,0.1426100854621267,2645.41708532245,-85.41708532245002,leave_one_system_out
1239,2019-04-20 14:00:00,1785.0,98.85025,6.049029661700003,-0.4999999999999997,-0.8660254037844388,0.9483615800121716,-0.3171912885891061,14.0,110,-0.4999999999999997,-0.8660254037844388,0.9483615800121715,-0.3171912885891061,18550.0,max_ac,1785.0,0.09622641509433963,0.09622641509433963,0.06526448657999367,1210.6562260588826,574.3437739411174,leave_one_system_out
1239,2019-04-20 15:00:00,685.0,51.814,6.192501895400001,-0.7071067811865471,-0.7071067811865479,0.9483615800121716,-0.3171912885891061,15.0,110,-0.7071067811865471,-0.7071067811865479,0.9483615800121715,-0.3171912885891061,18550.0,max_ac,685.0,0.03692722371967655,0.03692722371967655,-0.014877659425097833,-275.9805823355648,960.9805823355648,leave_one_system_out
1239,2019-04-20 16:00:00,575.0,48.476,5.680557410000002,-0.8660254037844385,-0.5000000000000004,0.9483615800121716,-0.3171912885891061,16.0,110,-0.8660254037844385,-0.5000000000000004,0.9483615800121715,-0.3171912885891061,18550.0,max_ac,575.0,0.03099730458221024,0.03099730458221024,-0.03942259572404694,-731.2891506810707,1306.2891506810706,leave_one_system_out
1239,2019-04-20 17:00:00,35.0,26.28875,5.756668527200001,-0.9659258262890684,-0.2588190451025206,0.9483615800121716,-0.3171912885891061,17.0,110,-0.9659258262890683,-0.25881904510252063,0.9483615800121715,-0.3171912885891061,18550.0,max_ac,35.0,0.0018867924528301887,0.0018867924528301887,-0.04808564775487073,-891.988765852852,926.988765852852,leave_one_system_out
1239,2019-04-20 18:00:00,135.0,26.398,4.856668455200003,-1.0,-1.8369701987210287e-16,0.9483615800121716,-0.3171912885891061,18.0,110,-1.0,-1.8369701987210297e-16,0.9483615800121715,-0.3171912885891061,18550.0,max_ac,135.0,0.007277628032345013,0.007277628032345013,-0.0031337239041914766,-58.13057842275189,193.13057842275188,leave_one_system_out
1239,2019-04-21 06:00:00,45.0,14.22425,4.780557338000003,1.0,6.123233995736766e-17,0.9427611433904208,-0.3334687789181868,6.0,111,1.0,6.123233995736766e-17,0.9427611433904207,-0.3334687789181868,18550.0,max_ac,45.0,0.002425876010781671,0.002425876010781671,-0.03982777618917316,-738.805248309162,783.805248309162,leave_one_system_out
1239,2019-04-21 07:00:00,1170.0,76.16125,5.639862962300001,0.9659258262890684,-0.2588190451025206,0.9427611433904208,-0.3334687789181868,7.0,111,0.9659258262890683,-0.25881904510252063,0.9427611433904207,-0.3334687789181868,18550.0,max_ac,1170.0,0.06307277628032346,0.06307277628032346,0.0577392395045388,1071.0628928091946,98.93710719080536,leave_one_system_out
1239,2019-04-21 08:00:00,3150.0,163.6885,7.058751964700003,0.8660254037844387,-0.4999999999999998,0.9427611433904208,-0.3334687789181868,8.0,111,0.8660254037844387,-0.4999999999999998,0.9427611433904207,-0.3334687789181868,18550.0,max_ac,3150.0,0.16981132075471697,0.16981132075471697,0.1688711008594246,3132.5589209423265,17.441079057673505,leave_one_system_out
1239,2019-04-21 09:00:00,3555.0,187.4465,8.370696514100004,0.7071067811865476,-0.7071067811865475,0.9427611433904208,-0.3334687789181868,9.0,111,0.7071067811865476,-0.7071067811865475,0.9427611433904207,-0.3334687789181868,18550.0,max_ac,3555.0,0.19164420485175201,0.19164420485175201,0.2324226386397989,4311.43994676827,-756.4399467682697,leave_one_system_out
1239,2019-04-21 10:00:00,4165.0,217.226,9.539307718700003,0.4999999999999999,-0.8660254037844387,0.9427611433904208,-0.3334687789181868,10.0,111,0.49999999999999994,-0.8660254037844387,0.9427611433904207,-0.3334687789181868,18550.0,max_ac,4165.0,0.22452830188679246,0.22452830188679246,0.2764232119119615,5127.650580966886,-962.6505809668861,leave_one_system_out
1239,2019-04-21 11:00:00,8160.0,415.53725,12.205557932,0.258819045102521,-0.9659258262890682,0.9427611433904208,-0.3334687789181868,11.0,111,0.258819045102521,-0.9659258262890682,0.9427611433904207,-0.3334687789181868,18550.0,max_ac,8160.0,0.4398921832884097,0.4398921832884097,0.3721482688592994,6903.350387340004,1256.649612659996,leave_one_system_out
1239,2019-04-21 12:00:00,5960.0,308.1565,14.366946993800005,1.2246467991473532e-16,-1.0,0.9427611433904208,-0.3334687789181868,12.0,111,1.2246467991473532e-16,-1.0,0.9427611433904207,-0.3334687789181868,18550.0,max_ac,5960.0,0.3212938005390836,0.3212938005390836,0.3071305859581682,5697.27236952402,262.7276304759798,leave_one_system_out
1239,2019-04-21 13:00:00,3870.0,202.456,14.565419231900004,-0.2588190451025208,-0.9659258262890684,0.9427611433904208,-0.3334687789181868,13.0,111,-0.2588190451025208,-0.9659258262890683,0.9427611433904207,-0.3334687789181868,18550.0,max_ac,3870.0,0.2086253369272237,0.2086253369272237,0.20982504188020526,3892.2545268778076,-22.25452687780762,leave_one_system_out
1239,2019-04-21 14:00:00,6170.0,323.75575000000003,16.228891587200003,-0.4999999999999997,-0.8660254037844388,0.9427611433904208,-0.3334687789181868,14.0,111,-0.4999999999999997,-0.8660254037844388,0.9427611433904207,-0.3334687789181868,18550.0,max_ac,6170.0,0.3326145552560647,0.3326145552560647,0.24370837149904373,4520.790291307261,1649.2097086927388,leave_one_system_out
1239,2019-04-21 15:00:00,2835.0,156.61975,15.003891489200004,-0.7071067811865471,-0.7071067811865479,0.9427611433904208,-0.3334687789181868,15.0,111,-0.7071067811865471,-0.7071067811865479,0.9427611433904207,-0.3334687789181868,18550.0,max_ac,2835.0,0.15283018867924528,0.15283018867924528,0.09086930975808999,1685.6256960125693,1149.3743039874307,leave_one_system_out
1239,2019-04-21 16:00:00,2470.0,139.60325,14.843613698600006,-0.8660254037844385,-0.5000000000000004,0.9427611433904208,-0.3334687789181868,16.0,111,-0.8660254037844385,-0.5000000000000004,0.9427611433904207,-0.3334687789181868,18550.0,max_ac,2470.0,0.13315363881401618,0.13315363881401618,0.06309242013287952,1170.364393464915,1299.635606535085,leave_one_system_out
1239,2019-04-21 17:00:00,1875.0,114.97225,14.787641471900002,-0.9659258262890684,-0.2588190451025206,0.9427611433904208,-0.3334687789181868,17.0,111,-0.9659258262890683,-0.25881904510252063,0.9427611433904207,-0.3334687789181868,18550.0,max_ac,1875.0,0.10107816711590296,0.10107816711590296,0.058712812504127965,1089.1226719515737,785.8773280484263,leave_one_system_out
1239,2019-04-21 18:00:00,275.0,41.01475,14.116669196000002,-1.0,-1.8369701987210287e-16,0.9427611433904208,-0.3334687789181868,18.0,111,-1.0,-1.8369701987210297e-16,0.9427611433904207,-0.3334687789181868,18550.0,max_ac,275.0,0.014824797843665768,0.014824797843665768,0.023742369916241846,440.42096194628624,-165.42096194628624,leave_one_system_out
1239,2019-04-22 06:00:00,330.0,36.82625,5.760835194200003,1.0,6.123233995736766e-17,0.9368813462954316,-0.3496474552512284,6.0,112,1.0,6.123233995736766e-17,0.9368813462954315,-0.3496474552512284,18550.0,max_ac,330.0,0.01778975741239892,0.01778975741239892,-0.020053929987071395,-372.0004012601744,702.0004012601744,leave_one_system_out
1239,2019-04-22 07:00:00,2805.0,160.00150000000002,7.670557569200002,0.9659258262890684,-0.2588190451025206,0.9368813462954316,-0.3496474552512284,7.0,112,0.9659258262890683,-0.25881904510252063,0.9368813462954315,-0.3496474552512284,18550.0,max_ac,2805.0,0.15121293800539085,0.15121293800539085,0.115707879552095,2146.381165691362,658.6188343086378,leave_one_system_out
1239,2019-04-22 08:00:00,6455.0,344.87350000000004,11.094724509800004,0.8660254037844387,-0.4999999999999998,0.9368813462954316,-0.3496474552512284,8.0,112,0.8660254037844387,-0.4999999999999998,0.9368813462954315,-0.3496474552512284,18550.0,max_ac,6455.0,0.34797843665768197,0.34797843665768197,0.27516156032657074,5104.246944057887,1350.753055942113,leave_one_system_out
1239,2019-04-22 09:00:00,11820.0,604.88175,15.219169284200008,0.7071067811865476,-0.7071067811865475,0.9368813462954316,-0.3496474552512284,9.0,112,0.7071067811865476,-0.7071067811865475,0.9368813462954315,-0.3496474552512284,18550.0,max_ac,11820.0,0.6371967654986523,0.6371967654986523,0.4408336392060671,8177.464007272545,3642.535992727455,leave_one_system_out
1239,2019-04-22 10:00:00,9365.0,478.5865,15.026530379900004,0.4999999999999999,-0.8660254037844387,0.9368813462954316,-0.3496474552512284,10.0,112,0.49999999999999994,-0.8660254037844387,0.9368813462954315,-0.3496474552512284,18550.0,max_ac,9365.0,0.5048517520215633,0.5048517520215633,0.40670015049378244,7544.287791659664,1820.7122083403356,leave_one_system_out
1239,2019-04-22 11:00:00,12365.0,652.8995,16.628336063600003,0.258819045102521,-0.9659258262890682,0.9368813462954316,-0.3496474552512284,11.0,112,0.258819045102521,-0.9659258262890682,0.9368813462954315,-0.3496474552512284,18550.0,max_ac,12365.0,0.6665768194070081,0.6665768194070081,0.4875564028798606,9044.171273421414,3320.8287265785857,leave_one_system_out
1239,2019-04-22 12:00:00,11279.5,576.86925,16.408891601600004,1.2246467991473532e-16,-1.0,0.9368813462954316,-0.3496474552512284,12.0,112,1.2246467991473532e-16,-1.0,0.9368813462954315,-0.3496474552512284,18550.0,max_ac,11279.5,0.6080592991913747,0.6080592991913747,0.44254668264927505,8209.240963144051,3070.2590368559486,leave_one_system_out
1239,2019-04-22 13:00:00,11365.0,588.301,17.320141674500004,-0.2588190451025208,-0.9659258262890684,0.9368813462954316,-0.3496474552512284,13.0,112,-0.2588190451025208,-0.9659258262890683,0.9368813462954315,-0.3496474552512284,18550.0,max_ac,11365.0,0.6126684636118599,0.6126684636118599,0.43111468914363293,7997.177483614391,3367.8225163856087,leave_one_system_out
1239,2019-04-22 14:00:00,10240.0,532.90925,17.9726417267,-0.4999999999999997,-0.8660254037844388,0.9368813462954316,-0.3496474552512284,14.0,112,-0.4999999999999997,-0.8660254037844388,0.9368813462954315,-0.3496474552512284,18550.0,max_ac,10240.0,0.5520215633423181,0.5520215633423181,0.38416374030021483,7126.237382568985,3113.7626174310153,leave_one_system_out
1239,2019-04-22 15:00:00,6650.0,360.42875,17.543752803500006,-0.7071067811865471,-0.7071067811865479,0.9368813462954316,-0.3496474552512284,15.0,112,-0.7071067811865471,-0.7071067811865479,0.9368813462954315,-0.3496474552512284,18550.0,max_ac,6650.0,0.3584905660377358,0.3584905660377358,0.25400587890547666,4711.809053696592,1938.190946303408,leave_one_system_out
1239,2019-04-22 16:00:00,6595.0,362.5235,17.527086135500006,-0.8660254037844385,-0.5000000000000004,0.9368813462954316,-0.3496474552512284,16.0,112,-0.8660254037844385,-0.5000000000000004,0.9368813462954315,-0.3496474552512284,18550.0,max_ac,6595.0,0.3555256064690027,0.3555256064690027,0.268112027926547,4973.478118037447,1621.5218819625534,leave_one_system_out
1239,2019-04-22 17:00:00,3600.0,226.12725,16.590280505000003,-0.9659258262890684,-0.2588190451025206,0.9368813462954316,-0.3496474552512284,17.0,112,-0.9659258262890683,-0.25881904510252063,0.9368813462954315,-0.3496474552512284,18550.0,max_ac,3600.0,0.1940700808625337,0.1940700808625337,0.17545878627338837,3254.760485371354,345.2395146286458,leave_one_system_out
1239,2019-04-22 18:00:00,1665.0,172.24075,16.0052804582,-1.0,-1.8369701987210287e-16,0.9368813462954316,-0.3496474552512284,18.0,112,-1.0,-1.8369701987210297e-16,0.9368813462954315,-0.3496474552512284,18550.0,max_ac,1665.0,0.08975741239892183,0.08975741239892183,0.17642806715140447,3272.7406456585527,-1607.7406456585527,leave_one_system_out
1239,2019-04-23 06:00:00,95.0,27.205,4.392501751400002,1.0,6.123233995736766e-17,0.9307239310379796,-0.3657225234972689,6.0,113,1.0,6.123233995736766e-17,0.9307239310379795,-0.36572252349726897,18550.0,max_ac,95.0,0.005121293800539084,0.005121293800539084,-0.030031494733446018,-557.0842273054236,652.0842273054236,leave_one_system_out
1239,2019-04-23 07:00:00,1085.0,69.507,4.666668440000003,0.9659258262890684,-0.2588190451025206,0.9307239310379796,-0.3657225234972689,7.0,113,0.9659258262890683,-0.25881904510252063,0.9307239310379795,-0.36572252349726897,18550.0,max_ac,1085.0,0.05849056603773585,0.05849056603773585,0.05340084748177493,990.5857207869249,94.41427921307513,leave_one_system_out
1239,2019-04-23 08:00:00,1670.0,95.53375,4.713057332600002,0.8660254037844387,-0.4999999999999998,0.9307239310379796,-0.3657225234972689,8.0,113,0.8660254037844387,-0.4999999999999998,0.9307239310379795,-0.36572252349726897,18550.0,max_ac,1670.0,0.09002695417789758,0.09002695417789758,0.12921064045069797,2396.857380360447,-726.8573803604472,leave_one_system_out
1239,2019-04-23 09:00:00,2895.0,153.435,5.735418525500002,0.7071067811865476,-0.7071067811865475,0.9307239310379796,-0.3657225234972689,9.0,113,0.7071067811865476,-0.7071067811865475,0.9307239310379795,-0.36572252349726897,18550.0,max_ac,2895.0,0.15606469002695417,0.15606469002695417,0.2120137250397249,3932.854599486897,-1037.8545994868969,leave_one_system_out
1239,2019-04-23 10:00:00,2725.0,133.23275,4.022640610700003,0.4999999999999999,-0.8660254037844387,0.9307239310379796,-0.3657225234972689,10.0,113,0.49999999999999994,-0.8660254037844387,0.9307239310379795,-0.36572252349726897,18550.0,max_ac,2725.0,0.14690026954177898,0.14690026954177898,0.2246109352294024,4166.532848505414,-1441.5328485054142,leave_one_system_out
1239,2019-04-23 11:00:00,2915.0,147.43550000000002,4.1801406233000025,0.258819045102521,-0.9659258262890682,0.9307239310379796,-0.3657225234972689,11.0,113,0.258819045102521,-0.9659258262890682,0.9307239310379795,-0.36572252349726897,18550.0,max_ac,2915.0,0.15714285714285714,0.15714285714285714,0.23004123956044603,4267.264993846274,-1352.2649938462737,leave_one_system_out
1239,2019-04-23 12:00:00,3545.0,171.52025,3.858057264200002,1.2246467991473532e-16,-1.0,0.9307239310379796,-0.3657225234972689,12.0,113,1.2246467991473532e-16,-1.0,0.9307239310379795,-0.36572252349726897,18550.0,max_ac,3545.0,0.19110512129380053,0.19110512129380053,0.21120208853198694,3917.7987422683577,-372.7987422683577,leave_one_system_out
1239,2019-04-23 13:00:00,5800.0,274.865,3.794862814700002,-0.2588190451025208,-0.9659258262890684,0.9307239310379796,-0.3657225234972689,13.0,113,-0.2588190451025208,-0.9659258262890683,0.9307239310379795,-0.36572252349726897,18550.0,max_ac,5800.0,0.31266846361185985,0.31266846361185985,0.22494591945917095,4172.746805967621,1627.2531940323788,leave_one_system_out
1239,2019-04-23 14:00:00,3785.0,188.99525,3.8425017074000047,-0.4999999999999997,-0.8660254037844388,0.9307239310379796,-0.3657225234972689,14.0,113,-0.4999999999999997,-0.8660254037844388,0.9307239310379795,-0.36572252349726897,18550.0,max_ac,3785.0,0.20404312668463612,0.20404312668463612,0.12694996974836137,2354.9219388321035,1430.0780611678965,leave_one_system_out
1239,2019-04-23 15:00:00,1990.0,110.391,3.975001718000004,-0.7071067811865471,-0.7071067811865479,0.9307239310379796,-0.3657225234972689,15.0,113,-0.7071067811865471,-0.7071067811865479,0.9307239310379795,-0.36572252349726897,18550.0,max_ac,1990.0,0.10727762803234502,0.10727762803234502,0.031258387455595116,579.8430873012894,1410.1569126987106,leave_one_system_out
1239,2019-04-23 16:00:00,1215.0,78.40799999999999,3.5740294637000023,-0.8660254037844385,-0.5000000000000004,0.9307239310379796,-0.3657225234972689,16.0,113,-0.8660254037844385,-0.5000000000000004,0.9307239310379795,-0.36572252349726897,18550.0,max_ac,1215.0,0.06549865229110512,0.06549865229110512,-0.01319392107424544,-244.74723592725292,1459.7472359272529,leave_one_system_out
1239,2019-04-23 17:00:00,580.0,52.8175,3.3798627815000035,-0.9659258262890684,-0.2588190451025206,0.9307239310379796,-0.3657225234972689,17.0,113,-0.9659258262890683,-0.25881904510252063,0.9307239310379795,-0.36572252349726897,18550.0,max_ac,580.0,0.031266846361185985,0.031266846361185985,-0.023099138198272307,-428.4890135779513,1008.4890135779513,leave_one_system_out
1239,2019-04-23 18:00:00,30.0,24.347,2.9397238574000006,-1.0,-1.8369701987210287e-16,0.9307239310379796,-0.3657225234972689,18.0,113,-1.0,-1.8369701987210297e-16,0.9307239310379795,-0.36572252349726897,18550.0,max_ac,30.0,0.0016172506738544475,0.0016172506738544475,-0.009480303182717587,-175.85962403941124,205.85962403941124,leave_one_system_out
1239,2019-04-24 06:00:00,60.0,22.034750000000003,1.0581959291000027,1.0,6.123233995736766e-17,0.9242907221930932,-0.3816892202666588,6.0,114,1.0,6.123233995736766e-17,0.9242907221930933,-0.3816892202666588,18550.0,max_ac,60.0,0.003234501347708895,0.003234501347708895,-0.042658354006161414,-791.3124668142942,851.3124668142942,leave_one_system_out
1239,2019-04-24 07:00:00,725.0,56.592,1.6250015300000031,0.9659258262890684,-0.2588190451025206,0.9242907221930932,-0.3816892202666588,7.0,114,0.9659258262890683,-0.25881904510252063,0.9242907221930933,-0.3816892202666588,18550.0,max_ac,725.0,0.03908355795148248,0.03908355795148248,0.03710880083282542,688.3682554489114,36.63174455108856,leave_one_system_out
1239,2019-04-24 08:00:00,415.0,39.9895,1.864168215800003,0.8660254037844387,-0.4999999999999998,0.9242907221930932,-0.3816892202666588,8.0,114,0.8660254037844387,-0.4999999999999998,0.9242907221930933,-0.3816892202666588,18550.0,max_ac,415.0,0.022371967654986523,0.022371967654986523,0.09181889719587366,1703.2405429834564,-1288.2405429834564,leave_one_system_out
1239,2019-04-24 09:00:00,1505.0,86.61125,2.5601404937000023,0.7071067811865476,-0.7071067811865475,0.9242907221930932,-0.3816892202666588,9.0,114,0.7071067811865476,-0.7071067811865475,0.9242907221930933,-0.3816892202666588,18550.0,max_ac,1505.0,0.08113207547169811,0.08113207547169811,0.17141735398598235,3179.7919164399727,-1674.7919164399727,leave_one_system_out
1239,2019-04-24 10:00:00,2720.0,137.1815,3.467085010700002,0.4999999999999999,-0.8660254037844387,0.9242907221930932,-0.3816892202666588,10.0,114,0.49999999999999994,-0.8660254037844387,0.9242907221930933,-0.3816892202666588,18550.0,max_ac,2720.0,0.14663072776280323,0.14663072776280323,0.22692645558110827,4209.485751029559,-1489.4857510295587,leave_one_system_out
1239,2019-04-24 11:00:00,2471.0,126.317,4.181529512300002,0.258819045102521,-0.9659258262890682,0.9242907221930932,-0.3816892202666588,11.0,114,0.258819045102521,-0.9659258262890682,0.9242907221930933,-0.3816892202666588,18550.0,max_ac,2471.0,0.1332075471698113,0.1332075471698113,0.22298187580406137,4136.313796165338,-1665.3137961653383,leave_one_system_out
1239,2019-04-24 12:00:00,5975.0,289.56925,5.244862930700004,1.2246467991473532e-16,-1.0,0.9242907221930932,-0.3816892202666588,12.0,114,1.2246467991473532e-16,-1.0,0.9242907221930933,-0.3816892202666588,18550.0,max_ac,5975.0,0.3221024258760108,0.3221024258760108,0.27798566938908464,5156.63416716752,818.36583283248,leave_one_system_out
1239,2019-04-24 13:00:00,4900.0,240.5695,5.627224072400003,-0.2588190451025208,-0.9659258262890684,0.9242907221930932,-0.3816892202666588,13.0,114,-0.2588190451025208,-0.9659258262890683,0.9242907221930933,-0.3816892202666588,18550.0,max_ac,4900.0,0.2641509433962264,0.2641509433962264,0.2120181955415288,3932.937527295359,967.0624727046411,leave_one_system_out
1239,2019-04-24 14:00:00,4170.0,209.61225,4.980140687300002,-0.4999999999999997,-0.8660254037844388,0.9242907221930932,-0.3816892202666588,14.0,114,-0.4999999999999997,-0.8660254037844388,0.9242907221930933,-0.3816892202666588,18550.0,max_ac,4170.0,0.2247978436657682,0.2247978436657682,0.14579105082470928,2704.423992798357,1465.5760072016428,leave_one_system_out
1239,2019-04-24 15:00:00,2025.0,108.4055,4.635835104200002,-0.7071067811865471,-0.7071067811865479,0.9242907221930932,-0.3816892202666588,15.0,114,-0.7071067811865471,-0.7071067811865479,0.9242907221930933,-0.3816892202666588,18550.0,max_ac,2025.0,0.1091644204851752,0.1091644204851752,0.03265233135189821,605.7007465777118,1419.299253422288,leave_one_system_out
1239,2019-04-24 16:00:00,955.0,63.83475,3.8637517091000015,-0.8660254037844385,-0.5000000000000004,0.9242907221930932,-0.3816892202666588,16.0,114,-0.8660254037844385,-0.5000000000000004,0.9242907221930933,-0.3816892202666588,18550.0,max_ac,955.0,0.051482479784366576,0.051482479784366576,-0.025446672791403835,-472.03578028054113,1427.035780280541,leave_one_system_out
1239,2019-04-24 17:00:00,1345.0,83.273,3.668335026800003,-0.9659258262890684,-0.2588190451025206,0.9242907221930932,-0.3816892202666588,17.0,114,-0.9659258262890683,-0.25881904510252063,0.9242907221930933,-0.3816892202666588,18550.0,max_ac,1345.0,0.0725067385444744,0.0725067385444744,0.009936069631959699,184.3140916728524,1160.6859083271477,leave_one_system_out
1239,2019-04-24 18:00:00,115.0,29.03775,3.515001681200003,-1.0,-1.8369701987210287e-16,0.9242907221930932,-0.3816892202666588,18.0,114,-1.0,-1.8369701987210297e-16,0.9242907221930933,-0.3816892202666588,18550.0,max_ac,115.0,0.0061994609164420485,0.0061994609164420485,-0.0037829759841346844,-70.1742045056984,185.1742045056984,leave_one_system_out
1239,2019-04-25 06:00:00,0.0,35.626000000000005,-0.110276386599998,1.0,6.123233995736766e-17,0.9175836260593936,-0.3975428142825559,6.0,115,1.0,6.123233995736766e-17,0.9175836260593937,-0.39754281428255595,18550.0,max_ac,0.0,0.0,0.0,-0.035448728622384185,-657.5739159452266,657.5739159452266,leave_one_system_out
1239,2019-04-25 07:00:00,310.0,116.06325,0.3622236512000025,0.9659258262890684,-0.2588190451025206,0.9175836260593936,-0.3975428142825559,7.0,115,0.9659258262890683,-0.25881904510252063,0.9175836260593937,-0.39754281428255595,18550.0,max_ac,310.0,0.016711590296495958,0.016711590296495958,0.07100205832353595,1317.088181901592,-1007.088181901592,leave_one_system_out
1239,2019-04-25 08:00:00,2595.0,190.56625,1.184862605900003,0.8660254037844387,-0.4999999999999998,0.9175836260593936,-0.3975428142825559,8.0,115,0.8660254037844387,-0.4999999999999998,0.9175836260593937,-0.39754281428255595,18550.0,max_ac,2595.0,0.13989218328840972,0.13989218328840972,0.17117733217425918,3175.339511832508,-580.3395118325079,leave_one_system_out
1239,2019-04-25 09:00:00,5455.0,269.12725,2.689584948500003,0.7071067811865476,-0.7071067811865475,0.9175836260593936,-0.3975428142825559,9.0,115,0.7071067811865476,-0.7071067811865475,0.9175836260593937,-0.39754281428255595,18550.0,max_ac,5455.0,0.29407008086253367,0.29407008086253367,0.2604117513343077,4830.637987251408,624.362012748592,leave_one_system_out
1239,2019-04-25 10:00:00,5965.0,299.823,3.6105572444000007,0.4999999999999999,-0.8660254037844387,0.9175836260593936,-0.3975428142825559,10.0,115,0.49999999999999994,-0.8660254037844387,0.9175836260593937,-0.39754281428255595,18550.0,max_ac,5965.0,0.3215633423180593,0.3215633423180593,0.3029167967799913,5619.106580268838,345.8934197311619,leave_one_system_out
1239,2019-04-25 11:00:00,9000.0,456.53025,5.274307377500005,0.258819045102521,-0.9659258262890682,0.9175836260593936,-0.3975428142825559,11.0,115,0.258819045102521,-0.9659258262890682,0.9175836260593937,-0.39754281428255595,18550.0,max_ac,9000.0,0.48517520215633425,0.48517520215633425,0.38044862337548024,7057.321963615159,1942.678036384841,leave_one_system_out
1239,2019-04-25 12:00:00,14405.0,710.8875,7.985418705500003,1.2246467991473532e-16,-1.0,0.9175836260593936,-0.3975428142825559,12.0,115,1.2246467991473532e-16,-1.0,0.9175836260593937,-0.39754281428255595,18550.0,max_ac,14405.0,0.7765498652291105,0.7765498652291105,0.49724771380527993,9223.945091087942,5181.054908912058,leave_one_system_out
1239,2019-04-25 13:00:00,13385.0,717.45425,8.623890978800002,-0.2588190451025208,-0.9659258262890684,0.9175836260593936,-0.3975428142825559,13.0,115,-0.2588190451025208,-0.9659258262890683,0.9175836260593937,-0.39754281428255595,18550.0,max_ac,13385.0,0.7215633423180593,0.7215633423180593,0.4944699058398646,9172.416753329488,4212.583246670512,leave_one_system_out
1239,2019-04-25 14:00:00,7940.0,405.807,8.614029866900003,-0.4999999999999997,-0.8660254037844388,0.9175836260593936,-0.3975428142825559,14.0,115,-0.4999999999999997,-0.8660254037844388,0.9175836260593937,-0.39754281428255595,18550.0,max_ac,7940.0,0.4280323450134771,0.4280323450134771,0.2882798340835667,5347.590922250162,2592.4090777498377,leave_one_system_out
1239,2019-04-25 15:00:00,6160.0,320.8975,7.810974247100002,-0.7071067811865471,-0.7071067811865479,0.9175836260593936,-0.3975428142825559,15.0,115,-0.7071067811865471,-0.7071067811865479,0.9175836260593937,-0.39754281428255595,18550.0,max_ac,6160.0,0.3320754716981132,0.3320754716981132,0.20991518013190485,3893.926591446835,2266.073408553165,leave_one_system_out
1239,2019-04-25 16:00:00,7840.0,427.16525,8.542224305600003,-0.8660254037844385,-0.5000000000000004,0.9175836260593936,-0.3975428142825559,16.0,115,-0.8660254037844385,-0.5000000000000004,0.9175836260593937,-0.39754281428255595,18550.0,max_ac,7840.0,0.4226415094339623,0.4226415094339623,0.31867874707756927,5911.49075828891,1928.50924171109,leave_one_system_out
1239,2019-04-25 17:00:00,2495.0,145.62449999999998,7.601668674800003,-0.9659258262890684,-0.2588190451025206,0.9175836260593936,-0.3975428142825559,17.0,115,-0.9659258262890683,-0.25881904510252063,0.9175836260593937,-0.39754281428255595,18550.0,max_ac,2495.0,0.13450134770889488,0.13450134770889488,0.08133308877878825,1508.728796846522,986.2712031534779,leave_one_system_out
1239,2019-04-25 18:00:00,795.0,66.191,6.269863012700003,-1.0,-1.8369701987210287e-16,0.9175836260593936,-0.3975428142825559,18.0,115,-1.0,-1.8369701987210297e-16,0.9175836260593937,-0.39754281428255595,18550.0,max_ac,795.0,0.04285714285714286,0.04285714285714286,0.04262157878694611,790.6302864978504,4.36971350214958,leave_one_system_out
1239,2019-04-26 06:00:00,615.0,63.464,1.4943070751000027,1.0,6.123233995736766e-17,0.9106046300942162,-0.4132786077829042,6.0,116,1.0,6.123233995736766e-17,0.9106046300942162,-0.4132786077829042,18550.0,max_ac,615.0,0.03315363881401617,0.03315363881401617,-0.010083820480017769,-187.05486990432962,802.0548699043296,leave_one_system_out
1239,2019-04-26 07:00:00,3230.0,181.31625,3.1747238762000025,0.9659258262890684,-0.2588190451025206,0.9106046300942162,-0.4132786077829042,7.0,116,0.9659258262890683,-0.25881904510252063,0.9106046300942162,-0.4132786077829042,18550.0,max_ac,3230.0,0.17412398921832883,0.17412398921832883,0.12034777805765001,2232.4512829694077,997.5487170305923,leave_one_system_out
1239,2019-04-26 08:00:00,8695.0,450.02875,6.5425019234000015,0.8660254037844387,-0.4999999999999998,0.9106046300942162,-0.4132786077829042,8.0,116,0.8660254037844387,-0.4999999999999998,0.9106046300942162,-0.4132786077829042,18550.0,max_ac,8695.0,0.468733153638814,0.468733153638814,0.32255363675391746,5983.369961785169,2711.630038214831,leave_one_system_out
1239,2019-04-26 09:00:00,10490.0,532.9965,9.958474418900003,0.7071067811865476,-0.7071067811865475,0.9106046300942162,-0.4132786077829042,9.0,116,0.7071067811865476,-0.7071067811865475,0.9106046300942162,-0.4132786077829042,18550.0,max_ac,10490.0,0.5654986522911051,0.5654986522911051,0.4031963701604548,7479.292666476436,3010.7073335235636,leave_one_system_out
1239,2019-04-26 10:00:00,12980.0,674.716,11.093335620800003,0.4999999999999999,-0.8660254037844387,0.9106046300942162,-0.4132786077829042,10.0,116,0.49999999999999994,-0.8660254037844387,0.9106046300942162,-0.4132786077829042,18550.0,max_ac,12980.0,0.6997304582210243,0.6997304582210243,0.4872270056075221,9038.060954019535,3941.9390459804654,leave_one_system_out
1239,2019-04-26 11:00:00,9675.0,490.651,11.879307905900006,0.258819045102521,-0.9659258262890682,0.9106046300942162,-0.4132786077829042,11.0,116,0.258819045102521,-0.9659258262890682,0.9106046300942162,-0.4132786077829042,18550.0,max_ac,9675.0,0.5215633423180593,0.5215633423180593,0.4143853518821741,7686.84827741433,1988.1517225856696,leave_one_system_out
1239,2019-04-26 12:00:00,12580.0,660.077,11.937085688300002,1.2246467991473532e-16,-1.0,0.9106046300942162,-0.4132786077829042,12.0,116,1.2246467991473532e-16,-1.0,0.9106046300942162,-0.4132786077829042,18550.0,max_ac,12580.0,0.678167115902965,0.678167115902965,0.4802552996072076,8908.735807713701,3671.2641922862986,leave_one_system_out
1239,2019-04-26 13:00:00,10900.0,554.202,11.774030119700004,-0.2588190451025208,-0.9659258262890684,0.9106046300942162,-0.4132786077829042,13.0,116,-0.2588190451025208,-0.9659258262890683,0.9106046300942162,-0.4132786077829042,18550.0,max_ac,10900.0,0.5876010781671159,0.5876010781671159,0.40832344397909504,7574.399885812213,3325.600114187787,leave_one_system_out
1239,2019-04-26 14:00:00,5755.0,298.05600000000004,11.046946728200002,-0.4999999999999997,-0.8660254037844388,0.9106046300942162,-0.4132786077829042,14.0,116,-0.4999999999999997,-0.8660254037844388,0.9106046300942162,-0.4132786077829042,18550.0,max_ac,5755.0,0.31024258760107815,0.31024258760107815,0.22331879241123964,4142.563599228495,1612.4364007715049,leave_one_system_out
1239,2019-04-26 15:00:00,4425.0,232.30125,10.478891127200002,-0.7071067811865471,-0.7071067811865479,0.9106046300942162,-0.4132786077829042,15.0,116,-0.7071067811865471,-0.7071067811865479,0.9106046300942162,-0.4132786077829042,18550.0,max_ac,4425.0,0.238544474393531,0.238544474393531,0.14647462778047635,2717.104345327836,1707.8956546721638,leave_one_system_out
1239,2019-04-26 16:00:00,2480.0,139.865,9.597085501100002,-0.8660254037844385,-0.5000000000000004,0.9106046300942162,-0.4132786077829042,16.0,116,-0.8660254037844385,-0.5000000000000004,0.9106046300942162,-0.4132786077829042,18550.0,max_ac,2480.0,0.13369272237196766,0.13369272237196766,0.05757293241814282,1067.9778963565493,1412.0221036434507,leave_one_system_out
1239,2019-04-26 17:00:00,1430.0,91.75975,8.980974340700001,-0.9659258262890684,-0.2588190451025206,0.9106046300942162,-0.4132786077829042,17.0,116,-0.9659258262890683,-0.25881904510252063,0.9106046300942162,-0.4132786077829042,18550.0,max_ac,1430.0,0.07708894878706199,0.07708894878706199,0.026970609059854156,500.3047980602946,929.6952019397054,leave_one_system_out
1239,2019-04-26 18:00:00,625.0,54.34475,8.491668746000002,-1.0,-1.8369701987210287e-16,0.9106046300942162,-0.4132786077829042,18.0,116,-1.0,-1.8369701987210297e-16,0.9106046300942162,-0.4132786077829042,18550.0,max_ac,625.0,0.03369272237196765,0.03369272237196765,0.030645504137147173,568.47410174408,56.52589825591997,leave_one_system_out
1239,2019-04-27 06:00:00,10.0,14.246,3.9790294961000017,1.0,6.123233995736766e-17,0.9033558023246844,-0.4288919379124835,6.0,117,1.0,6.123233995736766e-17,0.9033558023246845,-0.4288919379124835,18550.0,max_ac,10.0,0.0005390835579514825,0.0005390835579514825,-0.036872696698541096,-683.9885237579373,693.9885237579373,leave_one_system_out
1239,2019-04-27 07:00:00,75.0,26.17975,4.232085071900002,0.9659258262890684,-0.2588190451025206,0.9033558023246844,-0.4288919379124835,7.0,117,0.9659258262890683,-0.25881904510252063,0.9033558023246845,-0.4288919379124835,18550.0,max_ac,75.0,0.004043126684636119,0.004043126684636119,0.03194092940791654,592.5042405168518,-517.5042405168518,leave_one_system_out
1239,2019-04-27 08:00:00,345.0,40.2515,4.964724019400002,0.8660254037844387,-0.4999999999999998,0.9033558023246844,-0.4288919379124835,8.0,117,0.8660254037844387,-0.4999999999999998,0.9033558023246845,-0.4288919379124835,18550.0,max_ac,345.0,0.018598382749326146,0.018598382749326146,0.1097216647467874,2035.3368810529064,-1690.3368810529064,leave_one_system_out
1239,2019-04-27 09:00:00,845.0,59.92949999999999,5.479585171700004,0.7071067811865476,-0.7071067811865475,0.9033558023246844,-0.4288919379124835,9.0,117,0.7071067811865476,-0.7071067811865475,0.9033558023246845,-0.4288919379124835,18550.0,max_ac,845.0,0.04555256064690027,0.04555256064690027,0.17761797881373237,3294.8135069947352,-2449.8135069947352,leave_one_system_out
1239,2019-04-27 10:00:00,495.0,43.65475,7.002501960200003,0.4999999999999999,-0.8660254037844387,0.9033558023246844,-0.4288919379124835,10.0,117,0.49999999999999994,-0.8660254037844387,0.9033558023246845,-0.4288919379124835,18550.0,max_ac,495.0,0.026684636118598382,0.026684636118598382,0.20774213670737013,3853.616635921716,-3358.616635921716,leave_one_system_out
1239,2019-04-27 11:00:00,3195.0,159.34675,8.050279821800004,0.258819045102521,-0.9659258262890682,0.9033558023246844,-0.4288919379124835,11.0,117,0.258819045102521,-0.9659258262890682,0.9033558023246845,-0.4288919379124835,18550.0,max_ac,3195.0,0.17223719676549865,0.17223719676549865,0.26028487899576197,4828.2845053713845,-1633.2845053713845,leave_one_system_out
1239,2019-04-27 12:00:00,3035.0,150.904,8.351113179200004,1.2246467991473532e-16,-1.0,0.9033558023246844,-0.4288919379124835,12.0,117,1.2246467991473532e-16,-1.0,0.9033558023246845,-0.4288919379124835,18550.0,max_ac,3035.0,0.16361185983827492,0.16361185983827492,0.22675463327623607,4206.298447274179,-1171.2984472741791,leave_one_system_out
1239,2019-04-27 13:00:00,3140.0,160.547,9.433891043600005,-0.2588190451025208,-0.9659258262890684,0.9033558023246844,-0.4288919379124835,13.0,117,-0.2588190451025208,-0.9659258262890683,0.9033558023246845,-0.4288919379124835,18550.0,max_ac,3140.0,0.16927223719676548,0.16927223719676548,0.18475083308207216,3427.1279536724387,-287.1279536724387,leave_one_system_out
1239,2019-04-27 14:00:00,2740.0,143.63925,9.7869466274,-0.4999999999999997,-0.8660254037844388,0.9033558023246844,-0.4288919379124835,14.0,117,-0.4999999999999997,-0.8660254037844388,0.9033558023246845,-0.4288919379124835,18550.0,max_ac,2740.0,0.1477088948787062,0.1477088948787062,0.12018671034449319,2229.463476890349,510.53652310965117,leave_one_system_out
1239,2019-04-27 15:00:00,2985.0,156.94725,10.162363324100005,-0.7071067811865471,-0.7071067811865479,0.9033558023246844,-0.4288919379124835,15.0,117,-0.7071067811865471,-0.7071067811865479,0.9033558023246845,-0.4288919379124835,18550.0,max_ac,2985.0,0.16091644204851752,0.16091644204851752,0.08847594874518111,1641.2288492231096,1343.7711507768904,leave_one_system_out
1239,2019-04-27 16:00:00,1015.0,68.1545,10.1173633205,-0.8660254037844385,-0.5000000000000004,0.9033558023246844,-0.4288919379124835,16.0,117,-0.8660254037844385,-0.5000000000000004,0.9033558023246845,-0.4288919379124835,18550.0,max_ac,1015.0,0.05471698113207547,0.05471698113207547,-0.005625519809238033,-104.35339246136552,1119.3533924613655,leave_one_system_out
1239,2019-04-27 17:00:00,375.0,43.85125,10.155418879100004,-0.9659258262890684,-0.2588190451025206,0.9033558023246844,-0.4288919379124835,17.0,117,-0.9659258262890683,-0.25881904510252063,0.9033558023246845,-0.4288919379124835,18550.0,max_ac,375.0,0.02021563342318059,0.02021563342318059,-0.0206850625816275,-383.70791088919015,758.7079108891901,leave_one_system_out
1239,2019-04-27 18:00:00,-85.0,19.63475,8.559168751400003,-1.0,-1.8369701987210287e-16,0.9033558023246844,-0.4288919379124835,18.0,117,-1.0,-1.8369701987210297e-16,0.9033558023246845,-0.4288919379124835,18550.0,max_ac,-85.0,-0.004582210242587601,-0.004582210242587601,-0.010102633587205312,-187.40385304265854,102.40385304265854,leave_one_system_out
1239,2019-04-28 06:00:00,65.0,22.9945,1.5055570760000023,1.0,6.123233995736766e-17,0.895839290734909,-0.4443781781046132,6.0,118,1.0,6.123233995736766e-17,0.895839290734909,-0.4443781781046132,18550.0,max_ac,65.0,0.003504043126684636,0.003504043126684636,-0.03721316399178998,-690.3041920477041,755.3041920477041,leave_one_system_out
1239,2019-04-28 07:00:00,1085.0,70.61975000000001,1.835973769100003,0.9659258262890684,-0.2588190451025206,0.895839290734909,-0.4443781781046132,7.0,118,0.9659258262890683,-0.25881904510252063,0.895839290734909,-0.4443781781046132,18550.0,max_ac,1085.0,0.05849056603773585,0.05849056603773585,0.05207682269485081,966.0250609894825,118.97493901051746,leave_one_system_out
1239,2019-04-28 08:00:00,1745.0,100.68275,2.2536126914000016,0.8660254037844387,-0.4999999999999998,0.895839290734909,-0.4443781781046132,8.0,118,0.8660254037844387,-0.4999999999999998,0.895839290734909,-0.4443781781046132,18550.0,max_ac,1745.0,0.0940700808625337,0.0940700808625337,0.13305288503502932,2468.131017399794,-723.131017399794,leave_one_system_out
1239,2019-04-28 09:00:00,4020.0,205.29225,2.953890525200002,0.7071067811865476,-0.7071067811865475,0.895839290734909,-0.4443781781046132,9.0,118,0.7071067811865476,-0.7071067811865475,0.895839290734909,-0.4443781781046132,18550.0,max_ac,4020.0,0.21671159029649595,0.21671159029649595,0.2376025570736512,4407.527433716229,-387.5274337162291,leave_one_system_out
1239,2019-04-28 10:00:00,6395.0,321.09375,3.4854183455000025,0.4999999999999999,-0.8660254037844387,0.895839290734909,-0.4443781781046132,10.0,118,0.49999999999999994,-0.8660254037844387,0.895839290734909,-0.4443781781046132,18550.0,max_ac,6395.0,0.34474393530997305,0.34474393530997305,0.31860192452271097,5910.065699896289,484.9343001037114,leave_one_system_out
1239,2019-04-28 11:00:00,5960.0,301.241,4.090140616100005,0.258819045102521,-0.9659258262890682,0.895839290734909,-0.4443781781046132,11.0,118,0.258819045102521,-0.9659258262890682,0.895839290734909,-0.4443781781046132,18550.0,max_ac,5960.0,0.3212938005390836,0.3212938005390836,0.3127706696390218,5801.895921803854,158.10407819614557,leave_one_system_out
1239,2019-04-28 12:00:00,6130.0,309.68375000000003,5.0280573578000025,1.2246467991473532e-16,-1.0,0.895839290734909,-0.4443781781046132,12.0,118,1.2246467991473532e-16,-1.0,0.895839290734909,-0.4443781781046132,18550.0,max_ac,6130.0,0.33045822102425876,0.33045822102425876,0.29647472739643593,5499.6061932038865,630.3938067961135,leave_one_system_out
1239,2019-04-28 13:00:00,3050.0,167.7245,4.218057293000003,-0.2588190451025208,-0.9659258262890684,0.895839290734909,-0.4443781781046132,13.0,118,-0.2588190451025208,-0.9659258262890683,0.895839290734909,-0.4443781781046132,18550.0,max_ac,3050.0,0.16442048517520216,0.16442048517520216,0.17461302763386372,3239.071662608172,-189.07166260817212,leave_one_system_out
1239,2019-04-28 14:00:00,5055.0,256.45175,4.259029518500002,-0.4999999999999997,-0.8660254037844388,0.895839290734909,-0.4443781781046132,14.0,118,-0.4999999999999997,-0.8660254037844388,0.895839290734909,-0.4443781781046132,18550.0,max_ac,5055.0,0.2725067385444744,0.2725067385444744,0.18273277467599006,3389.6929702396155,1665.3070297603845,leave_one_system_out
1239,2019-04-28 15:00:00,3620.0,193.446,4.355835081800001,-0.7071067811865471,-0.7071067811865479,0.895839290734909,-0.4443781781046132,15.0,118,-0.7071067811865471,-0.7071067811865479,0.895839290734909,-0.4443781781046132,18550.0,max_ac,3620.0,0.19514824797843666,0.19514824797843666,0.10538049519083914,1954.808185790066,1665.191814209934,leave_one_system_out
1239,2019-04-28 16:00:00,1305.0,85.17124999999999,3.749862811100003,-0.8660254037844385,-0.5000000000000004,0.895839290734909,-0.4443781781046132,16.0,118,-0.8660254037844385,-0.5000000000000004,0.895839290734909,-0.4443781781046132,18550.0,max_ac,1305.0,0.07035040431266847,0.07035040431266847,-0.0023984221588645993,-44.490731046938315,1349.4907310469382,leave_one_system_out
1239,2019-04-28 17:00:00,1565.0,98.9375,4.056251724500003,-0.9659258262890684,-0.2588190451025206,0.895839290734909,-0.4443781781046132,17.0,118,-0.9659258262890683,-0.25881904510252063,0.895839290734909,-0.4443781781046132,18550.0,max_ac,1565.0,0.08436657681940701,0.08436657681940701,0.027540558815634275,510.8773660300158,1054.1226339699842,leave_one_system_out
1239,2019-04-28 18:00:00,785.0,65.471,4.471112868800003,-1.0,-1.8369701987210287e-16,0.895839290734909,-0.4443781781046132,18.0,118,-1.0,-1.8369701987210297e-16,0.895839290734909,-0.4443781781046132,18550.0,max_ac,785.0,0.04231805929919137,0.04231805929919137,0.038331759931143405,711.0541467227101,73.94585327728987,leave_one_system_out
1239,2019-04-29 06:00:00,745.0,80.30599999999998,-1.0916653539999972,1.0,6.123233995736766e-17,0.8880573226294932,-0.4597327394521039,6.0,119,1.0,6.123233995736766e-17,0.8880573226294932,-0.45973273945210397,18550.0,max_ac,745.0,0.04016172506738545,0.04016172506738545,-0.0030061942944388242,-55.76490416184019,800.7649041618401,leave_one_system_out
1239,2019-04-29 07:00:00,2485.0,143.0935,-0.3352764045999973,0.9659258262890684,-0.2588190451025206,0.8880573226294932,-0.4597327394521039,7.0,119,0.9659258262890683,-0.25881904510252063,0.8880573226294932,-0.45973273945210397,18550.0,max_ac,2485.0,0.1339622641509434,0.1339622641509434,0.09052517286844675,1679.2419567096872,805.7580432903128,leave_one_system_out
1239,2019-04-29 08:00:00,4785.0,254.9465,0.4943069951000032,0.8660254037844387,-0.4999999999999998,0.8880573226294932,-0.4597327394521039,8.0,119,0.8660254037844387,-0.4999999999999998,0.8880573226294932,-0.45973273945210397,18550.0,max_ac,4785.0,0.2579514824797844,0.2579514824797844,0.209592937199241,3887.9489850459204,897.0510149540796,leave_one_system_out
1239,2019-04-29 09:00:00,5970.0,296.81225,1.0723625969000024,0.7071067811865476,-0.7071067811865475,0.8880573226294932,-0.4597327394521039,9.0,119,0.7071067811865476,-0.7071067811865475,0.8880573226294932,-0.45973273945210397,18550.0,max_ac,5970.0,0.32183288409703503,0.32183288409703503,0.2762716483060029,5124.839076076354,845.1609239236459,leave_one_system_out
1239,2019-04-29 10:00:00,12820.0,653.2705,3.463057232600001,0.4999999999999999,-0.8660254037844387,0.8880573226294932,-0.4597327394521039,10.0,119,0.49999999999999994,-0.8660254037844387,0.8880573226294932,-0.45973273945210397,18550.0,max_ac,12820.0,0.6911051212938005,0.6911051212938005,0.4675748512188023,8673.513490108782,4146.486509891218,leave_one_system_out
1239,2019-04-29 11:00:00,15510.0,784.867,3.918612824600003,0.258819045102521,-0.9659258262890682,0.8880573226294932,-0.4597327394521039,11.0,119,0.258819045102521,-0.9659258262890682,0.8880573226294932,-0.45973273945210397,18550.0,max_ac,15510.0,0.8361185983827494,0.8361185983827494,0.5343170785668172,9911.581807414459,5598.418192585541,leave_one_system_out
1239,2019-04-29 12:00:00,17550.0,827.80175,4.2884739653000015,1.2246467991473532e-16,-1.0,0.8880573226294932,-0.4597327394521039,12.0,119,1.2246467991473532e-16,-1.0,0.8880573226294932,-0.45973273945210397,18550.0,max_ac,17550.0,0.9460916442048517,0.9460916442048517,0.555544379820057,10305.348245662057,7244.651754337943,leave_one_system_out
1239,2019-04-29 13:00:00,18340.0,894.887,5.472501837800003,-0.2588190451025208,-0.9659258262890684,0.8880573226294932,-0.4597327394521039,13.0,119,-0.2588190451025208,-0.9659258262890683,0.8880573226294932,-0.45973273945210397,18550.0,max_ac,18340.0,0.9886792452830189,0.9886792452830189,0.5968439610577198,11071.4554776207,7268.544522379299,leave_one_system_out
1239,2019-04-29 14:00:00,16605.0,816.2825,7.887085364300001,-0.4999999999999997,-0.8660254037844388,0.8880573226294932,-0.4597327394521039,14.0,119,-0.4999999999999997,-0.8660254037844388,0.8880573226294932,-0.45973273945210397,18550.0,max_ac,16605.0,0.8951482479784366,0.8951482479784366,0.565764088477847,10494.92384126406,6110.076158735939,leave_one_system_out
1239,2019-04-29 15:00:00,14140.0,702.772,8.227224280400002,-0.7071067811865471,-0.7071067811865479,0.8880573226294932,-0.4597327394521039,15.0,119,-0.7071067811865471,-0.7071067811865479,0.8880573226294932,-0.45973273945210397,18550.0,max_ac,14140.0,0.7622641509433963,0.7622641509433963,0.5138016769481195,9531.021107387616,4608.978892612384,leave_one_system_out
1239,2019-04-29 16:00:00,9915.0,526.8225,7.999585373300002,-0.8660254037844385,-0.5000000000000004,0.8880573226294932,-0.4597327394521039,16.0,119,-0.8660254037844385,-0.5000000000000004,0.8880573226294932,-0.45973273945210397,18550.0,max_ac,9915.0,0.5345013477088949,0.5345013477088949,0.4096659993740233,7599.304288388133,2315.6957116118674,leave_one_system_out
1239,2019-04-29 17:00:00,5240.0,351.39675,7.714029794900002,-0.9659258262890684,-0.2588190451025206,0.8880573226294932,-0.4597327394521039,17.0,119,-0.9659258262890683,-0.25881904510252063,0.8880573226294932,-0.45973273945210397,18550.0,max_ac,5240.0,0.28247978436657684,0.28247978436657684,0.29609560257384504,5492.5734277448255,-252.5734277448255,leave_one_system_out
1239,2019-04-29 18:00:00,1095.0,171.2805,6.541251923300002,-1.0,-1.8369701987210287e-16,0.8880573226294932,-0.4597327394521039,18.0,119,-1.0,-1.8369701987210297e-16,0.8880573226294932,-0.45973273945210397,18550.0,max_ac,1095.0,0.05902964959568733,0.05902964959568733,0.16361758515850466,3035.1062046902616,-1940.1062046902616,leave_one_system_out
1239,2019-04-30 06:00:00,835.0,76.85900000000001,-0.4590264144999985,1.0,6.123233995736766e-17,0.8800122039735357,-0.4749510720670499,6.0,120,1.0,6.123233995736766e-17,0.8800122039735357,-0.47495107206704995,18550.0,max_ac,835.0,0.04501347708894879,0.04501347708894879,-0.0029307531141833376,-54.365470268100914,889.3654702681009,leave_one_system_out
1239,2019-04-30 07:00:00,3580.0,221.39275,1.768473763700003,0.9659258262890684,-0.2588190451025206,0.8800122039735357,-0.4749510720670499,7.0,120,0.9659258262890683,-0.25881904510252063,0.8800122039735357,-0.47495107206704995,18550.0,max_ac,3580.0,0.19299191374663072,0.19299191374663072,0.14516407669455908,2692.793622684071,887.2063773159289,leave_one_system_out
1239,2019-04-30 08:00:00,8060.0,420.83825,3.8440294853000014,0.8660254037844387,-0.4999999999999998,0.8800122039735357,-0.4749510720670499,8.0,120,0.8660254037844387,-0.4999999999999998,0.8800122039735357,-0.47495107206704995,18550.0,max_ac,8060.0,0.43450134770889487,0.43450134770889487,0.30613324097589245,5678.771620102805,2381.228379897195,leave_one_system_out
1239,2019-04-30 09:00:00,13365.0,658.37525,6.565279703000002,0.7071067811865476,-0.7071067811865475,0.8800122039735357,-0.4749510720670499,9.0,120,0.7071067811865476,-0.7071067811865475,0.8800122039735357,-0.47495107206704995,18550.0,max_ac,13365.0,0.7204851752021564,0.7204851752021564,0.4579598842508805,8495.155852853833,4869.8441471461665,leave_one_system_out
1239,2019-04-30 10:00:00,15405.0,782.7289999999998,9.414307708700004,0.4999999999999999,-0.8660254037844387,0.8800122039735357,-0.4749510720670499,10.0,120,0.49999999999999994,-0.8660254037844387,0.8800122039735357,-0.47495107206704995,18550.0,max_ac,15405.0,0.8304582210242588,0.8304582210242588,0.5354763435193205,9933.086172283396,5471.913827716604,leave_one_system_out
1239,2019-04-30 11:00:00,17175.0,863.1225,10.380280008200003,0.258819045102521,-0.9659258262890682,0.8800122039735357,-0.4749510720670499,11.0,120,0.258819045102521,-0.9659258262890682,0.8800122039735357,-0.47495107206704995,18550.0,max_ac,17175.0,0.9258760107816711,0.9258760107816711,0.5791875275390153,10743.928635848733,6431.071364151267,leave_one_system_out
1239,2019-04-30 12:00:00,18125.0,898.356,8.363752069100002,1.2246467991473532e-16,-1.0,0.8800122039735357,-0.4749510720670499,12.0,120,1.2246467991473532e-16,-1.0,0.8800122039735357,-0.47495107206704995,18550.0,max_ac,18125.0,0.977088948787062,0.977088948787062,0.5958089871619754,11052.256711854643,7072.743288145357,leave_one_system_out
1239,2019-04-30 13:00:00,17655.0,876.845,9.474724380200003,-0.2588190451025208,-0.9659258262890684,0.8800122039735357,-0.4749510720670499,13.0,120,-0.2588190451025208,-0.9659258262890683,0.8800122039735357,-0.47495107206704995,18550.0,max_ac,17655.0,0.9517520215633423,0.9517520215633423,0.5901289833749448,10946.892641605225,6708.107358394775,leave_one_system_out
1239,2019-04-30 14:00:00,16060.0,806.7705000000001,11.6544467768,-0.4999999999999997,-0.8660254037844388,0.8800122039735357,-0.4749510720670499,14.0,120,-0.4999999999999997,-0.8660254037844388,0.8800122039735357,-0.47495107206704995,18550.0,max_ac,16060.0,0.8657681940700809,0.8657681940700809,0.5621661584329767,10428.182238931717,5631.817761068283,leave_one_system_out
1239,2019-04-30 15:00:00,13680.0,690.00925,10.883752270700004,-0.7071067811865471,-0.7071067811865479,0.8800122039735357,-0.4749510720670499,15.0,120,-0.7071067811865471,-0.7071067811865479,0.8800122039735357,-0.47495107206704995,18550.0,max_ac,13680.0,0.7374663072776281,0.7374663072776281,0.5054160852227096,9375.468380881264,4304.531619118736,leave_one_system_out
1239,2019-04-30 16:00:00,9915.0,534.96,10.414030010900005,-0.8660254037844385,-0.5000000000000004,0.8800122039735357,-0.4749510720670499,16.0,120,-0.8660254037844385,-0.5000000000000004,0.8800122039735357,-0.47495107206704995,18550.0,max_ac,9915.0,0.5345013477088949,0.5345013477088949,0.41835128709122077,7760.416375542145,2154.583624457855,leave_one_system_out
1239,2019-04-30 17:00:00,5380.0,354.80025,9.526668828800002,-0.9659258262890684,-0.2588190451025206,0.8800122039735357,-0.4749510720670499,17.0,120,-0.9659258262890683,-0.25881904510252063,0.8800122039735357,-0.47495107206704995,18550.0,max_ac,5380.0,0.2900269541778976,0.2900269541778976,0.30044926431863317,5573.333853110646,-193.33385311064558,leave_one_system_out
1239,2019-04-30 18:00:00,1180.0,178.15275,8.162640941900003,-1.0,-1.8369701987210287e-16,0.8800122039735357,-0.4749510720670499,18.0,120,-1.0,-1.8369701987210297e-16,0.8800122039735357,-0.47495107206704995,18550.0,max_ac,1180.0,0.06361185983827493,0.06361185983827493,0.1721735005884464,3193.8184359156808,-2013.8184359156808,leave_one_system_out
1239,2019-05-01 06:00:00,1320.0,145.232,-1.347776485599998,1.0,6.123233995736766e-17,0.8717063187093218,-0.4900286664290592,6.0,121,1.0,6.123233995736766e-17,0.8717063187093218,-0.4900286664290592,18550.0,max_ac,1320.0,0.07115902964959568,0.07115902964959568,0.044164913231235114,819.2591404394113,500.74085956058866,leave_one_system_out
1239,2019-05-01 07:00:00,5455.0,322.14125,0.3004180907,0.9659258262890684,-0.2588190451025206,0.8717063187093218,-0.4900286664290592,7.0,121,0.9659258262890683,-0.25881904510252063,0.8717063187093218,-0.4900286664290592,18550.0,max_ac,5455.0,0.29407008086253367,0.29407008086253367,0.20305845269572112,3766.7342975056267,1688.2657024943733,leave_one_system_out
1239,2019-05-01 08:00:00,9750.0,500.53375,2.626390499000003,0.8660254037844387,-0.4999999999999998,0.8717063187093218,-0.4900286664290592,8.0,121,0.8660254037844387,-0.4999999999999998,0.8717063187093218,-0.4900286664290592,18550.0,max_ac,9750.0,0.5256064690026954,0.5256064690026954,0.3454829078231561,6408.707940119546,3341.292059880454,leave_one_system_out
1239,2019-05-01 09:00:00,13410.0,660.16425,4.614585102500001,0.7071067811865476,-0.7071067811865475,0.8717063187093218,-0.4900286664290592,9.0,121,0.7071067811865476,-0.7071067811865475,0.8717063187093218,-0.4900286664290592,18550.0,max_ac,13410.0,0.722911051212938,0.722911051212938,0.45637223029516527,8465.704871975317,4944.295128024683,leave_one_system_out
1239,2019-05-01 10:00:00,15705.0,784.9324999999999,7.673196458300001,0.4999999999999999,-0.8660254037844387,0.8717063187093218,-0.4900286664290592,10.0,121,0.49999999999999994,-0.8660254037844387,0.8717063187093218,-0.4900286664290592,18550.0,max_ac,15705.0,0.8466307277628032,0.8466307277628032,0.5349840186554143,9923.953546057935,5781.0464539420645,leave_one_system_out
1239,2019-05-01 11:00:00,16590.0,832.79775,8.597363198900004,0.258819045102521,-0.9659258262890682,0.8717063187093218,-0.4900286664290592,11.0,121,0.258819045102521,-0.9659258262890682,0.8717063187093218,-0.4900286664290592,18550.0,max_ac,16590.0,0.8943396226415095,0.8943396226415095,0.5649305232263429,10479.46120584866,6110.53879415134,leave_one_system_out
1239,2019-05-01 12:00:00,17455.0,860.0250000000001,7.192363086500001,1.2246467991473532e-16,-1.0,0.8717063187093218,-0.4900286664290592,12.0,121,1.2246467991473532e-16,-1.0,0.8717063187093218,-0.4900286664290592,18550.0,max_ac,17455.0,0.9409703504043126,0.9409703504043126,0.5770127225269903,10703.58600287567,6751.413997124329,leave_one_system_out
1239,2019-05-01 13:00:00,17115.0,860.1555000000001,9.220141026500002,-0.2588190451025208,-0.9659258262890684,0.8717063187093218,-0.4900286664290592,13.0,121,-0.2588190451025208,-0.9659258262890683,0.8717063187093218,-0.4900286664290592,18550.0,max_ac,17115.0,0.9226415094339623,0.9226415094339623,0.5814870943782888,10786.585600717257,6328.414399282743,leave_one_system_out
1239,2019-05-01 14:00:00,12010.0,606.0815,11.053891173200004,-0.4999999999999997,-0.8660254037844388,0.8717063187093218,-0.4900286664290592,14.0,121,-0.4999999999999997,-0.8660254037844388,0.8717063187093218,-0.4900286664290592,18550.0,max_ac,12010.0,0.6474393530997304,0.6474393530997304,0.43169051792066243,8007.859107428288,4002.1408925717124,leave_one_system_out
1239,2019-05-01 15:00:00,10015.0,516.4159999999999,10.775557817600005,-0.7071067811865471,-0.7071067811865479,0.8717063187093218,-0.4900286664290592,15.0,121,-0.7071067811865471,-0.7071067811865479,0.8717063187093218,-0.4900286664290592,18550.0,max_ac,10015.0,0.5398921832884097,0.5398921832884097,0.37188070638365817,6898.387103416859,3116.6128965831413,leave_one_system_out
1239,2019-05-01 16:00:00,6460.0,345.3755,10.224168884600005,-0.8660254037844385,-0.5000000000000004,0.8717063187093218,-0.4900286664290592,16.0,121,-0.8660254037844385,-0.5000000000000004,0.8717063187093218,-0.4900286664290592,18550.0,max_ac,6460.0,0.34824797843665767,0.34824797843665767,0.24758607395021578,4592.721671776503,1867.2783282234968,leave_one_system_out
1239,2019-05-01 17:00:00,3030.0,183.345,8.855835441800005,-0.9659258262890684,-0.2588190451025206,0.8717063187093218,-0.4900286664290592,17.0,121,-0.9659258262890683,-0.25881904510252063,0.8717063187093218,-0.4900286664290592,18550.0,max_ac,3030.0,0.1633423180592992,0.1633423180592992,0.1225212061460127,2272.7683740085354,757.2316259914646,leave_one_system_out
1239,2019-05-01 18:00:00,955.0,78.86625,7.517085334700003,-1.0,-1.8369701987210287e-16,0.8717063187093218,-0.4900286664290592,18.0,121,-1.0,-1.8369701987210297e-16,0.8717063187093218,-0.4900286664290592,18550.0,max_ac,955.0,0.051482479784366576,0.051482479784366576,0.055992934815664086,1038.6689408305688,-83.66894083056877,leave_one_system_out
1239,2019-05-02 06:00:00,665.0,57.87875,2.917223855600003,1.0,6.123233995736766e-17,0.8631421280499114,-0.5049610547215204,6.0,122,1.0,6.123233995736766e-17,0.8631421280499114,-0.5049610547215204,18550.0,max_ac,665.0,0.035849056603773584,0.035849056603773584,-0.004900642532267407,-90.90691897356041,755.9069189735604,leave_one_system_out
1239,2019-05-02 07:00:00,2420.0,137.77075000000002,3.960835050200004,0.9659258262890684,-0.2588190451025206,0.8631421280499114,-0.5049610547215204,7.0,122,0.9659258262890683,-0.25881904510252063,0.8631421280499114,-0.5049610547215204,18550.0,max_ac,2420.0,0.13045822102425875,0.13045822102425875,0.10449197377876224,1938.3261135960395,481.6738864039605,leave_one_system_out
1239,2019-05-02 08:00:00,3425.0,186.29025,4.582501766600004,0.8660254037844387,-0.4999999999999998,0.8631421280499114,-0.5049610547215204,8.0,122,0.8660254037844387,-0.4999999999999998,0.8631421280499114,-0.5049610547215204,18550.0,max_ac,3425.0,0.18463611859838275,0.18463611859838275,0.19233390521946792,3567.79394182113,-142.79394182112992,leave_one_system_out
1239,2019-05-02 09:00:00,11210.0,592.359,8.296390952600003,0.7071067811865476,-0.7071067811865475,0.8631421280499114,-0.5049610547215204,9.0,122,0.7071067811865476,-0.7071067811865475,0.8631421280499114,-0.5049610547215204,18550.0,max_ac,11210.0,0.6043126684636119,0.6043126684636119,0.4346817851910935,8063.347115294785,3146.652884705215,leave_one_system_out
1239,2019-05-02 10:00:00,15480.0,813.68625,12.741391308200004,0.4999999999999999,-0.8660254037844387,0.8631421280499114,-0.5049610547215204,10.0,122,0.49999999999999994,-0.8660254037844387,0.8631421280499114,-0.5049610547215204,18550.0,max_ac,15480.0,0.8345013477088948,0.8345013477088948,0.5560098211667874,10313.982182643907,5166.017817356093,leave_one_system_out
1239,2019-05-02 11:00:00,16535.0,867.4639999999999,14.264446985600005,0.258819045102521,-0.9659258262890682,0.8631421280499114,-0.5049610547215204,11.0,122,0.258819045102521,-0.9659258262890682,0.8631421280499114,-0.5049610547215204,18550.0,max_ac,16535.0,0.8913746630727762,0.8913746630727762,0.5885337619311797,10917.301283823383,5617.698716176617,leave_one_system_out
1239,2019-05-02 12:00:00,17330.0,905.3375,12.394030169300002,1.2246467991473532e-16,-1.0,0.8631421280499114,-0.5049610547215204,12.0,122,1.2246467991473532e-16,-1.0,0.8631421280499114,-0.5049610547215204,18550.0,max_ac,17330.0,0.9342318059299192,0.9342318059299192,0.6052202913404301,11226.836404364978,6103.163595635022,leave_one_system_out
1239,2019-05-02 13:00:00,16595.0,878.132,13.514863592300005,-0.2588190451025208,-0.9659258262890684,0.8631421280499114,-0.5049610547215204,13.0,122,-0.2588190451025208,-0.9659258262890683,0.8631421280499114,-0.5049610547215204,18550.0,max_ac,16595.0,0.8946091644204852,0.8946091644204852,0.595739655730277,11050.970613796639,5544.029386203361,leave_one_system_out
1239,2019-05-02 14:00:00,15055.0,803.6945000000001,18.007919507300002,-0.4999999999999997,-0.8660254037844388,0.8631421280499114,-0.5049610547215204,14.0,122,-0.4999999999999997,-0.8660254037844388,0.8631421280499114,-0.5049610547215204,18550.0,max_ac,15055.0,0.8115902964959568,0.8115902964959568,0.5656681211199855,10493.143646775732,4561.856353224268,leave_one_system_out
1239,2019-05-02 15:00:00,12570.0,690.4458000000001,18.36155842448,-0.7071067811865471,-0.7071067811865479,0.8631421280499114,-0.5049610547215204,15.0,122,-0.7071067811865471,-0.7071067811865479,0.8631421280499114,-0.5049610547215204,18550.0,max_ac,12570.0,0.6776280323450135,0.6776280323450135,0.5107786724927051,9474.94437473968,3095.05562526032,leave_one_system_out
1239,2019-05-02 16:00:00,9405.0,531.03325,17.874169496600004,-0.8660254037844385,-0.5000000000000004,0.8631421280499114,-0.5049610547215204,16.0,122,-0.8660254037844385,-0.5000000000000004,0.8631421280499114,-0.5049610547215204,18550.0,max_ac,9405.0,0.5070080862533692,0.5070080862533692,0.41946836311325036,7781.138135750794,1623.8618642492056,leave_one_system_out
1239,2019-05-02 17:00:00,5170.0,356.54549999999995,16.9811138696,-0.9659258262890684,-0.2588190451025206,0.8631421280499114,-0.5049610547215204,17.0,122,-0.9659258262890683,-0.25881904510252063,0.8631421280499114,-0.5049610547215204,18550.0,max_ac,5170.0,0.27870619946091646,0.27870619946091646,0.306813364488622,5691.387911263938,-521.3879112639379,leave_one_system_out
1239,2019-05-02 18:00:00,1135.0,180.39975,15.234724841000004,-1.0,-1.8369701987210287e-16,0.8631421280499114,-0.5049610547215204,18.0,122,-1.0,-1.8369701987210297e-16,0.8631421280499114,-0.5049610547215204,18550.0,max_ac,1135.0,0.06118598382749326,0.06118598382749326,0.1791328462786424,3322.9142984688165,-2187.9142984688165,leave_one_system_out
1239,2019-05-03 06:00:00,1235.0,101.0315,2.1186126806000027,1.0,6.123233995736766e-17,0.854322169749827,-0.5197438121555155,6.0,123,1.0,6.123233995736766e-17,0.854322169749827,-0.5197438121555155,18550.0,max_ac,1235.0,0.06657681940700809,0.06657681940700809,0.023748022866498908,440.5258241735547,794.4741758264453,leave_one_system_out
1239,2019-05-03 07:00:00,4705.0,287.4315,5.803057419800003,0.9659258262890684,-0.2588190451025206,0.854322169749827,-0.5197438121555155,7.0,123,0.9659258262890683,-0.25881904510252063,0.854322169749827,-0.5197438121555155,18550.0,max_ac,4705.0,0.2536388140161725,0.2536388140161725,0.19838906331343356,3680.117124464193,1024.8828755358072,leave_one_system_out
1239,2019-05-03 08:00:00,7000.0,381.63425000000007,9.395835485000005,0.8660254037844387,-0.4999999999999998,0.854322169749827,-0.5197438121555155,8.0,123,0.8660254037844387,-0.4999999999999998,0.854322169749827,-0.5197438121555155,18550.0,max_ac,7000.0,0.37735849056603776,0.37735849056603776,0.3049373118745101,5656.587135272162,1343.4128647278376,leave_one_system_out
1239,2019-05-03 09:00:00,8980.0,475.183,11.670002333600005,0.7071067811865476,-0.7071067811865475,0.854322169749827,-0.5197438121555155,9.0,123,0.7071067811865476,-0.7071067811865475,0.854322169749827,-0.5197438121555155,18550.0,max_ac,8980.0,0.4840970350404313,0.4840970350404313,0.3935198243132394,7299.79274101059,1680.2072589894096,leave_one_system_out
1239,2019-05-03 10:00:00,9030.0,480.79,12.079169033,0.4999999999999999,-0.8660254037844387,0.854322169749827,-0.5197438121555155,10.0,123,0.49999999999999994,-0.8660254037844387,0.854322169749827,-0.5197438121555155,18550.0,max_ac,9030.0,0.4867924528301887,0.4867924528301887,0.42152008762081306,7819.197625366082,1210.8023746339177,leave_one_system_out
1239,2019-05-03 11:00:00,7050.0,378.40575,12.1072245908,0.258819045102521,-0.9659258262890682,0.854322169749827,-0.5197438121555155,11.0,123,0.258819045102521,-0.9659258262890682,0.854322169749827,-0.5197438121555155,18550.0,max_ac,7050.0,0.38005390835579517,0.38005390835579517,0.38268524223004835,7098.811243367397,-48.811243367396855,leave_one_system_out
1239,2019-05-03 12:00:00,8559.5,451.5995,12.865280207000003,1.2246467991473532e-16,-1.0,0.854322169749827,-0.5197438121555155,12.0,123,1.2246467991473532e-16,-1.0,0.854322169749827,-0.5197438121555155,18550.0,max_ac,8559.5,0.4614285714285714,0.4614285714285714,0.3970347027070791,7364.993735216317,1194.506264783683,leave_one_system_out
1239,2019-05-03 13:00:00,6645.0,352.8585,13.422224696000002,-0.2588190451025208,-0.9659258262890684,0.854322169749827,-0.5197438121555155,13.0,123,-0.2588190451025208,-0.9659258262890683,0.854322169749827,-0.5197438121555155,18550.0,max_ac,6645.0,0.3582210242587601,0.3582210242587601,0.3148628251361883,5840.705406276293,804.2945937237073,leave_one_system_out
1239,2019-05-03 14:00:00,4800.0,256.7355,13.474169144600005,-0.4999999999999997,-0.8660254037844388,0.854322169749827,-0.5197438121555155,14.0,123,-0.4999999999999997,-0.8660254037844388,0.854322169749827,-0.5197438121555155,18550.0,max_ac,4800.0,0.2587601078167116,0.2587601078167116,0.215021097251224,3988.6413540102053,811.3586459897947,leave_one_system_out
1239,2019-05-03 15:00:00,3350.0,189.03925,12.4265301719,-0.7071067811865471,-0.7071067811865479,0.854322169749827,-0.5197438121555155,15.0,123,-0.7071067811865471,-0.7071067811865479,0.854322169749827,-0.5197438121555155,18550.0,max_ac,3350.0,0.18059299191374664,0.18059299191374664,0.12712367580421147,2358.144186168123,991.8558138318772,leave_one_system_out
1239,2019-05-03 16:00:00,2445.0,142.1775,11.513752321100004,-0.8660254037844385,-0.5000000000000004,0.854322169749827,-0.5197438121555155,16.0,123,-0.8660254037844385,-0.5000000000000004,0.854322169749827,-0.5197438121555155,18550.0,max_ac,2445.0,0.13180592991913748,0.13180592991913748,0.0694062111726294,1287.4852172522756,1157.5147827477244,leave_one_system_out
1239,2019-05-03 17:00:00,1280.0,84.604,10.146807767300002,-0.9659258262890684,-0.2588190451025206,0.854322169749827,-0.5197438121555155,17.0,123,-0.9659258262890683,-0.25881904510252063,0.854322169749827,-0.5197438121555155,18550.0,max_ac,1280.0,0.06900269541778976,0.06900269541778976,0.02336038870538215,433.3352104848389,846.6647895151611,leave_one_system_out
1239,2019-05-03 18:00:00,165.0,31.72125,8.913474335300004,-1.0,-1.8369701987210287e-16,0.854322169749827,-0.5197438121555155,18.0,123,-1.0,-1.8369701987210297e-16,0.854322169749827,-0.5197438121555155,18550.0,max_ac,165.0,0.00889487870619946,0.00889487870619946,0.0026723478299068293,49.57205224477168,115.42794775522832,leave_one_system_out
1239,2019-05-04 06:00:00,460.0,39.72775,5.503335173600002,1.0,6.123233995736766e-17,0.8452490573530633,-0.5343725582809786,6.0,124,1.0,6.123233995736766e-17,0.8452490573530633,-0.5343725582809786,18550.0,max_ac,460.0,0.024797843665768194,0.024797843665768194,-0.007787641744492091,-144.46075436032828,604.4607543603283,leave_one_system_out
1239,2019-05-04 07:00:00,1810.0,106.42,6.192501895400003,0.9659258262890684,-0.2588190451025206,0.8452490573530633,-0.5343725582809786,7.0,124,0.9659258262890683,-0.25881904510252063,0.8452490573530633,-0.5343725582809786,18550.0,max_ac,1810.0,0.09757412398921833,0.09757412398921833,0.09625704789812256,1785.5682385101736,24.431761489826386,leave_one_system_out
1239,2019-05-04 08:00:00,2268.0,114.0345,6.895696396100004,0.8660254037844387,-0.4999999999999998,0.8452490573530633,-0.5343725582809786,8.0,124,0.8660254037844387,-0.4999999999999998,0.8452490573530633,-0.5343725582809786,18550.0,max_ac,2268.0,0.12226415094339622,0.12226415094339622,0.16830015953340027,3121.967959344575,-853.9679593445749,leave_one_system_out
1239,2019-05-04 09:00:00,3375.0,178.71975,7.671946458200002,0.7071067811865476,-0.7071067811865475,0.8452490573530633,-0.5343725582809786,9.0,124,0.7071067811865476,-0.7071067811865475,0.8452490573530633,-0.5343725582809786,18550.0,max_ac,3375.0,0.18194070080862534,0.18194070080862534,0.2557432875547986,4744.037984141513,-1369.0379841415133,leave_one_system_out
1239,2019-05-04 10:00:00,5760.0,294.238,9.861391077800002,0.4999999999999999,-0.8660254037844387,0.8452490573530633,-0.5343725582809786,10.0,124,0.49999999999999994,-0.8660254037844387,0.8452490573530633,-0.5343725582809786,18550.0,max_ac,5760.0,0.3105121293800539,0.3105121293800539,0.34150520908652116,6334.921628554967,-574.9216285549674,leave_one_system_out
1239,2019-05-04 11:00:00,7480.0,391.081,12.451669062800002,0.258819045102521,-0.9659258262890682,0.8452490573530633,-0.5343725582809786,11.0,124,0.258819045102521,-0.9659258262890682,0.8452490573530633,-0.5343725582809786,18550.0,max_ac,7480.0,0.4032345013477089,0.4032345013477089,0.39128990602598,7258.427756781929,221.57224321807098,leave_one_system_out
1239,2019-05-04 12:00:00,14005.0,722.494,14.3165303231,1.2246467991473532e-16,-1.0,0.8452490573530633,-0.5343725582809786,12.0,124,1.2246467991473532e-16,-1.0,0.8452490573530633,-0.5343725582809786,18550.0,max_ac,14005.0,0.7549865229110512,0.7549865229110512,0.5260102286564048,9757.489741576308,4247.510258423692,leave_one_system_out
1239,2019-05-04 13:00:00,9565.0,516.1105,15.648197096300006,-0.2588190451025208,-0.9659258262890684,0.8452490573530633,-0.5343725582809786,13.0,124,-0.2588190451025208,-0.9659258262890683,0.8452490573530633,-0.5343725582809786,18550.0,max_ac,9565.0,0.515633423180593,0.515633423180593,0.4085262482115296,7578.161904323874,1986.8380956761257,leave_one_system_out
1239,2019-05-04 14:00:00,12760.0,741.86675,18.7911140144,-0.4999999999999997,-0.8660254037844388,0.8452490573530633,-0.5343725582809786,14.0,124,-0.4999999999999997,-0.8660254037844388,0.8452490573530633,-0.5343725582809786,18550.0,max_ac,12760.0,0.6878706199460917,0.6878706199460917,0.5295764827995214,9823.643755931122,2936.3562440688784,leave_one_system_out
1239,2019-05-04 15:00:00,12985.0,695.1800000000001,18.3988917608,-0.7071067811865471,-0.7071067811865479,0.8452490573530633,-0.5343725582809786,15.0,124,-0.7071067811865471,-0.7071067811865479,0.8452490573530633,-0.5343725582809786,18550.0,max_ac,12985.0,0.7,0.7,0.5153285476229167,9559.344558405104,3425.655441594896,leave_one_system_out
1239,2019-05-04 16:00:00,9115.0,508.56225,19.393058507000003,-0.8660254037844385,-0.5000000000000004,0.8452490573530633,-0.5343725582809786,16.0,124,-0.8660254037844385,-0.5000000000000004,0.8452490573530633,-0.5343725582809786,18550.0,max_ac,9115.0,0.4913746630727763,0.4913746630727763,0.401522111775822,7448.235173441498,1666.7648265585021,leave_one_system_out
1239,2019-05-04 17:00:00,3635.0,219.2765,17.867225051600002,-0.9659258262890684,-0.2588190451025206,0.8452490573530633,-0.5343725582809786,17.0,124,-0.9659258262890683,-0.25881904510252063,0.8452490573530633,-0.5343725582809786,18550.0,max_ac,3635.0,0.19595687331536388,0.19595687331536388,0.17052850893526283,3163.303840749126,471.6961592508742,leave_one_system_out
1239,2019-05-04 18:00:00,1190.0,105.74425,15.5258359754,-1.0,-1.8369701987210287e-16,0.8452490573530633,-0.5343725582809786,18.0,124,-1.0,-1.8369701987210297e-16,0.8452490573530633,-0.5343725582809786,18550.0,max_ac,1190.0,0.06415094339622641,0.06415094339622641,0.09450072982405072,1752.9885382361408,-562.9885382361408,leave_one_system_out
1239,2019-05-05 06:00:00,1835.0,159.63074999999998,1.7009737583000015,1.0,6.123233995736766e-17,0.8359254794186372,-0.548842958284719,6.0,125,1.0,6.123233995736766e-17,0.8359254794186372,-0.548842958284719,18550.0,max_ac,1835.0,0.09892183288409703,0.09892183288409703,0.06497970128686115,1205.3734588712744,629.6265411287256,leave_one_system_out
1239,2019-05-05 07:00:00,5625.0,326.679,6.650974154300004,0.9659258262890684,-0.2588190451025206,0.8359254794186372,-0.548842958284719,7.0,125,0.9659258262890683,-0.25881904510252063,0.8359254794186372,-0.548842958284719,18550.0,max_ac,5625.0,0.3032345013477089,0.3032345013477089,0.22539226796272013,4181.026570708458,1443.9734292915418,leave_one_system_out
1239,2019-05-05 08:00:00,9445.0,504.8970000000001,12.332224608800004,0.8660254037844387,-0.4999999999999998,0.8359254794186372,-0.548842958284719,8.0,125,0.8660254037844387,-0.4999999999999998,0.8359254794186372,-0.548842958284719,18550.0,max_ac,9445.0,0.5091644204851752,0.5091644204851752,0.3741242273214913,6940.004416813664,2504.9955831863363,leave_one_system_out
1239,2019-05-05 09:00:00,12605.0,660.1645000000001,16.26541936790001,0.7071067811865476,-0.7071067811865475,0.8359254794186372,-0.548842958284719,9.0,125,0.7071067811865476,-0.7071067811865475,0.8359254794186372,-0.548842958284719,18550.0,max_ac,12605.0,0.6795148247978436,0.6795148247978436,0.48431545057522996,8984.051608170515,3620.9483918294845,leave_one_system_out
1239,2019-05-05 10:00:00,14400.0,786.765,20.769725283800007,0.4999999999999999,-0.8660254037844387,0.8359254794186372,-0.548842958284719,10.0,125,0.49999999999999994,-0.8660254037844387,0.8359254794186372,-0.548842958284719,18550.0,max_ac,14400.0,0.7762803234501348,0.7762803234501348,0.5626679322506482,10437.490143249523,3962.5098567504774,leave_one_system_out
1239,2019-05-05 11:00:00,15860.0,879.8555,21.6880586906,0.258819045102521,-0.9659258262890682,0.8359254794186372,-0.548842958284719,11.0,125,0.258819045102521,-0.9659258262890682,0.8359254794186372,-0.548842958284719,18550.0,max_ac,15860.0,0.8549865229110513,0.8549865229110513,0.6074674640843782,11268.521458765217,4591.478541234783,leave_one_system_out
1239,2019-05-05 12:00:00,16405.0,892.98925,18.552086217500005,1.2246467991473532e-16,-1.0,0.8359254794186372,-0.548842958284719,12.0,125,1.2246467991473532e-16,-1.0,0.8359254794186372,-0.548842958284719,18550.0,max_ac,16405.0,0.884366576819407,0.884366576819407,0.609755942373561,11310.972731029557,5094.027268970443,leave_one_system_out
1239,2019-05-05 13:00:00,16020.0,882.45175,19.641947415800004,-0.2588190451025208,-0.9659258262890684,0.8359254794186372,-0.548842958284719,13.0,125,-0.2588190451025208,-0.9659258262890683,0.8359254794186372,-0.548842958284719,18550.0,max_ac,16020.0,0.8636118598382749,0.8636118598382749,0.6062023680242341,11245.053926849543,4774.946073150457,leave_one_system_out
1239,2019-05-05 14:00:00,14715.0,820.1222499999999,23.7973644149,-0.4999999999999997,-0.8660254037844388,0.8359254794186372,-0.548842958284719,14.0,125,-0.4999999999999997,-0.8660254037844388,0.8359254794186372,-0.548842958284719,18550.0,max_ac,14715.0,0.7932614555256065,0.7932614555256065,0.5822704876560887,10801.117546020445,3913.882453979555,leave_one_system_out
1239,2019-05-05 15:00:00,12030.0,665.6187500000001,24.5918089229,-0.7071067811865471,-0.7071067811865479,0.8359254794186372,-0.548842958284719,15.0,125,-0.7071067811865471,-0.7071067811865479,0.8359254794186372,-0.548842958284719,18550.0,max_ac,12030.0,0.6485175202156335,0.6485175202156335,0.49874593892366825,9251.737167034045,2778.2628329659547,leave_one_system_out
1239,2019-05-05 16:00:00,8790.75,514.01625,22.678197658700004,-0.8660254037844385,-0.5000000000000004,0.8359254794186372,-0.548842958284719,16.0,125,-0.8660254037844385,-0.5000000000000004,0.8359254794186372,-0.548842958284719,18550.0,max_ac,8790.75,0.47389487870619945,0.47389487870619945,0.4090194557927871,7587.310904956201,1203.4390950437992,leave_one_system_out
1239,2019-05-05 17:00:00,5470.0,376.79125,22.1070865019,-0.9659258262890684,-0.2588190451025206,0.8359254794186372,-0.548842958284719,17.0,125,-0.9659258262890683,-0.25881904510252063,0.8359254794186372,-0.548842958284719,18550.0,max_ac,5470.0,0.29487870619946094,0.29487870619946094,0.33029057332576583,6126.890135192956,-656.8901351929562,leave_one_system_out
1239,2019-05-05 18:00:00,1085.0,145.908,19.350697392500003,-1.0,-1.8369701987210287e-16,0.8359254794186372,-0.548842958284719,18.0,125,-1.0,-1.8369701987210297e-16,0.8359254794186372,-0.548842958284719,18550.0,max_ac,1085.0,0.05849056603773585,0.05849056603773585,0.14310456829798635,2654.5897419276466,-1569.5897419276466,leave_one_system_out
1239,2019-05-06 06:00:00,1370.0,132.7745,8.254029838100005,1.0,6.123233995736766e-17,0.8263541987239096,-0.5631507242749186,6.0,126,1.0,6.123233995736766e-17,0.8263541987239096,-0.5631507242749186,18550.0,max_ac,1370.0,0.0738544474393531,0.0738544474393531,0.06502077869523704,1206.135444796647,163.8645552033529,leave_one_system_out
1239,2019-05-06 07:00:00,4975.0,305.71325,10.862641157900002,0.9659258262890684,-0.2588190451025206,0.8263541987239096,-0.5631507242749186,7.0,126,0.9659258262890683,-0.25881904510252063,0.8263541987239096,-0.5631507242749186,18550.0,max_ac,4975.0,0.26819407008086255,0.26819407008086255,0.22544652663358364,4182.033069052976,792.9669309470237,leave_one_system_out
1239,2019-05-06 08:00:00,9010.0,494.4992,13.872891398720004,0.8660254037844387,-0.4999999999999998,0.8263541987239096,-0.5631507242749186,8.0,126,0.8660254037844387,-0.4999999999999998,0.8263541987239096,-0.5631507242749186,18550.0,max_ac,9010.0,0.4857142857142857,0.4857142857142857,0.37414241531336184,6940.341804062862,2069.658195937138,leave_one_system_out
1239,2019-05-06 09:00:00,12255.0,647.969,16.949030533700004,0.7071067811865476,-0.7071067811865475,0.8263541987239096,-0.5631507242749186,9.0,126,0.7071067811865476,-0.7071067811865475,0.8263541987239096,-0.5631507242749186,18550.0,max_ac,12255.0,0.6606469002695418,0.6606469002695418,0.48226387234833046,8945.99483206153,3309.0051679384705,leave_one_system_out
1239,2019-05-06 10:00:00,14075.0,775.6605,19.9877807768,0.4999999999999999,-0.8660254037844387,0.8263541987239096,-0.5631507242749186,10.0,126,0.49999999999999994,-0.8660254037844387,0.8263541987239096,-0.5631507242749186,18550.0,max_ac,14075.0,0.7587601078167115,0.7587601078167115,0.5587596279412712,10364.99109831058,3710.00890168942,leave_one_system_out
1239,2019-05-06 11:00:00,15530.0,856.75225,21.101530865900003,0.258819045102521,-0.9659258262890682,0.8263541987239096,-0.5631507242749186,11.0,126,0.258819045102521,-0.9659258262890682,0.8263541987239096,-0.5631507242749186,18550.0,max_ac,15530.0,0.8371967654986523,0.8371967654986523,0.5993125574502367,11117.247940701891,4412.752059298109,leave_one_system_out
1239,2019-05-06 12:00:00,16620.0,884.37175,19.616669636,1.2246467991473532e-16,-1.0,0.8263541987239096,-0.5631507242749186,12.0,126,1.2246467991473532e-16,-1.0,0.8263541987239096,-0.5631507242749186,18550.0,max_ac,16620.0,0.8959568733153639,0.8959568733153639,0.6085475320594381,11288.556719702578,5331.4432802974225,leave_one_system_out
1239,2019-05-06 13:00:00,16010.0,863.166,20.442086368700007,-0.2588190451025208,-0.9659258262890684,0.8263541987239096,-0.5631507242749186,13.0,126,-0.2588190451025208,-0.9659258262890683,0.8263541987239096,-0.5631507242749186,18550.0,max_ac,16010.0,0.8630727762803234,0.8630727762803234,0.5982280564910769,11097.130447909476,4912.869552090524,leave_one_system_out
1239,2019-05-06 14:00:00,14715.0,808.014,23.4008366054,-0.4999999999999997,-0.8660254037844388,0.8263541987239096,-0.5631507242749186,14.0,126,-0.4999999999999997,-0.8660254037844388,0.8263541987239096,-0.5631507242749186,18550.0,max_ac,14715.0,0.7932614555256065,0.7932614555256065,0.575649747180775,10678.302810203377,4036.697189796623,leave_one_system_out
1239,2019-05-06 15:00:00,12480.0,690.90375,23.9394477596,-0.7071067811865471,-0.7071067811865479,0.8263541987239096,-0.5631507242749186,15.0,126,-0.7071067811865471,-0.7071067811865479,0.8263541987239096,-0.5631507242749186,18550.0,max_ac,12480.0,0.6727762803234502,0.6727762803234502,0.5170351973504832,9591.002910851463,2888.9970891485373,leave_one_system_out
1239,2019-05-06 16:00:00,9115.0,532.7785,23.673614405,-0.8660254037844385,-0.5000000000000004,0.8263541987239096,-0.5631507242749186,16.0,126,-0.8660254037844385,-0.5000000000000004,0.8263541987239096,-0.5631507242749186,18550.0,max_ac,9115.0,0.4913746630727763,0.4913746630727763,0.42600835559600475,7902.454996305888,1212.545003694112,leave_one_system_out
1239,2019-05-06 17:00:00,5145.0,308.1874,21.593669794160004,-0.9659258262890684,-0.2588190451025206,0.8263541987239096,-0.5631507242749186,17.0,126,-0.9659258262890683,-0.25881904510252063,0.8263541987239096,-0.5631507242749186,18550.0,max_ac,5145.0,0.27735849056603773,0.27735849056603773,0.2626948049490784,4872.988631805404,272.0113681945959,leave_one_system_out
1239,2019-05-06 18:00:00,1400.0,189.759,21.302641993100004,-1.0,-1.8369701987210287e-16,0.8263541987239096,-0.5631507242749186,18.0,126,-1.0,-1.8369701987210297e-16,0.8263541987239096,-0.5631507242749186,18550.0,max_ac,1400.0,0.07547169811320754,0.07547169811320754,0.1931119284703964,3582.2262731258534,-2182.2262731258534,leave_one_system_out
1239,2019-05-07 06:00:00,115.0,35.386250000000004,8.643474313700002,1.0,6.123233995736766e-17,0.8165380514459161,-0.5772916165517272,6.0,127,1.0,6.123233995736766e-17,0.8165380514459161,-0.5772916165517272,18550.0,max_ac,115.0,0.0061994609164420485,0.0061994609164420485,0.0020480020746442285,37.99043848465044,77.00956151534956,leave_one_system_out
1239,2019-05-07 07:00:00,465.0,45.81425,7.536807558500003,0.9659258262890684,-0.2588190451025206,0.8165380514459161,-0.5772916165517272,7.0,127,0.9659258262890683,-0.25881904510252063,0.8165380514459161,-0.5772916165517272,18550.0,max_ac,465.0,0.025067385444743934,0.025067385444743934,0.07100462775061189,1317.1358447738505,-852.1358447738505,leave_one_system_out
1239,2019-05-07 08:00:00,2235.0,126.055,8.389168737800002,0.8660254037844387,-0.4999999999999998,0.8165380514459161,-0.5772916165517272,8.0,127,0.8660254037844387,-0.4999999999999998,0.8165380514459161,-0.5772916165517272,18550.0,max_ac,2235.0,0.12048517520215633,0.12048517520215633,0.1855624298497781,3442.183073713384,-1207.1830737133841,leave_one_system_out
1239,2019-05-07 09:00:00,3070.0,162.336,9.051391013000002,0.7071067811865476,-0.7071067811865475,0.8165380514459161,-0.5772916165517272,9.0,127,0.7071067811865476,-0.7071067811865475,0.8165380514459161,-0.5772916165517272,18550.0,max_ac,3070.0,0.1654986522911051,0.1654986522911051,0.2608013720986093,4837.865452429203,-1767.8654524292033,leave_one_system_out
1239,2019-05-07 10:00:00,3950.0,212.07725,11.381530088300002,0.4999999999999999,-0.8660254037844387,0.8165380514459161,-0.5772916165517272,10.0,127,0.49999999999999994,-0.8660254037844387,0.8165380514459161,-0.5772916165517272,18550.0,max_ac,3950.0,0.21293800539083557,0.21293800539083557,0.3212960313979434,5960.041382431849,-2010.0413824318493,leave_one_system_out
1239,2019-05-07 11:00:00,3065.0,169.70975,13.135141339700006,0.258819045102521,-0.9659258262890682,0.8165380514459161,-0.5772916165517272,11.0,127,0.258819045102521,-0.9659258262890682,0.8165380514459161,-0.5772916165517272,18550.0,max_ac,3065.0,0.16522911051212938,0.16522911051212938,0.3111522690422557,5771.8745907338425,-2706.8745907338425,leave_one_system_out
1239,2019-05-07 12:00:00,3512.75,195.78025,14.583613677800004,1.2246467991473532e-16,-1.0,0.8165380514459161,-0.5772916165517272,12.0,127,1.2246467991473532e-16,-1.0,0.8165380514459161,-0.5772916165517272,18550.0,max_ac,3512.75,0.189366576819407,0.189366576819407,0.29632407017596035,5496.811501764065,-1984.0615017640648,leave_one_system_out
1239,2019-05-07 13:00:00,4010.0,217.00775,15.006947045000004,-0.2588190451025208,-0.9659258262890684,0.8165380514459161,-0.5772916165517272,13.0,127,-0.2588190451025208,-0.9659258262890683,0.8165380514459161,-0.5772916165517272,18550.0,max_ac,4010.0,0.21617250673854446,0.21617250673854446,0.2569184466963239,4765.837186216809,-755.8371862168087,leave_one_system_out
1239,2019-05-07 14:00:00,2480.0,147.457,15.285280400600003,-0.4999999999999997,-0.8660254037844388,0.8165380514459161,-0.5772916165517272,14.0,127,-0.4999999999999997,-0.8660254037844388,0.8165380514459161,-0.5772916165517272,18550.0,max_ac,2480.0,0.13369272237196766,0.13369272237196766,0.15966494784838628,2961.7847825875656,-481.7847825875656,leave_one_system_out
1239,2019-05-07 15:00:00,1550.0,94.81425,12.614724631400003,-0.7071067811865471,-0.7071067811865479,0.8165380514459161,-0.5772916165517272,15.0,127,-0.7071067811865471,-0.7071067811865479,0.8165380514459161,-0.5772916165517272,18550.0,max_ac,1550.0,0.08355795148247978,0.08355795148247978,0.0630975146134975,1170.4588960803785,379.5411039196215,leave_one_system_out
1239,2019-05-07 16:00:00,2760.0,150.70775,13.1491691186,-0.8660254037844385,-0.5000000000000004,0.8165380514459161,-0.5772916165517272,16.0,127,-0.8660254037844385,-0.5000000000000004,0.8165380514459161,-0.5772916165517272,18550.0,max_ac,2760.0,0.14878706199460917,0.14878706199460917,0.08400962965225606,1558.3786300493498,1201.6213699506502,leave_one_system_out
1239,2019-05-07 17:00:00,2170.0,132.491,12.640280189000002,-0.9659258262890684,-0.2588190451025206,0.8165380514459161,-0.5772916165517272,17.0,127,-0.9659258262890683,-0.25881904510252063,0.8165380514459161,-0.5772916165517272,18550.0,max_ac,2170.0,0.1169811320754717,0.1169811320754717,0.07735519071357083,1434.938787736739,735.061212263261,leave_one_system_out
1239,2019-05-07 18:00:00,1515.0,136.65775,12.8215302035,-1.0,-1.8369701987210287e-16,0.8165380514459161,-0.5772916165517272,18.0,127,-1.0,-1.8369701987210297e-16,0.8165380514459161,-0.5772916165517272,18550.0,max_ac,1515.0,0.0816711590296496,0.0816711590296496,0.12567613821537038,2331.2923638951206,-816.2923638951206,leave_one_system_out
1239,2019-05-08 06:00:00,2670.0,216.98575,2.4701404865000027,1.0,6.123233995736766e-17,0.8064799463209448,-0.5912614448635781,6.0,128,1.0,6.123233995736766e-17,0.8064799463209448,-0.5912614448635781,18550.0,max_ac,2670.0,0.14393530997304582,0.14393530997304582,0.10869463244236466,2016.2854318058644,653.7145681941356,leave_one_system_out
1239,2019-05-08 07:00:00,6005.0,363.3305,3.7794461468000025,0.9659258262890684,-0.2588190451025206,0.8064799463209448,-0.5912614448635781,7.0,128,0.9659258262890683,-0.25881904510252063,0.8064799463209448,-0.5912614448635781,18550.0,max_ac,6005.0,0.3237196765498652,0.3237196765498652,0.24262654737339742,4500.722453776522,1504.2775462234777,leave_one_system_out
1239,2019-05-08 08:00:00,7335.0,405.7195,5.260140709700004,0.8660254037844387,-0.4999999999999998,0.8064799463209448,-0.5912614448635781,8.0,128,0.8660254037844387,-0.4999999999999998,0.8064799463209448,-0.5912614448635781,18550.0,max_ac,7335.0,0.3954177897574124,0.3954177897574124,0.3132731211893856,5811.216398063103,1523.783601936897,leave_one_system_out
1239,2019-05-08 09:00:00,9430.0,499.63925,5.829724088600002,0.7071067811865476,-0.7071067811865475,0.8064799463209448,-0.5912614448635781,9.0,128,0.7071067811865476,-0.7071067811865475,0.8064799463209448,-0.5912614448635781,18550.0,max_ac,9430.0,0.508355795148248,0.508355795148248,0.39783567474058157,7379.851766437788,2050.148233562212,leave_one_system_out
1239,2019-05-08 10:00:00,12425.0,636.9735000000001,6.701668602800003,0.4999999999999999,-0.8660254037844387,0.8064799463209448,-0.5912614448635781,10.0,128,0.49999999999999994,-0.8660254037844387,0.8064799463209448,-0.5912614448635781,18550.0,max_ac,12425.0,0.6698113207547169,0.6698113207547169,0.4816996999600245,8935.529434258455,3489.470565741545,leave_one_system_out
1239,2019-05-08 11:00:00,14825.0,741.86675,8.927502114200003,0.258819045102521,-0.9659258262890682,0.8064799463209448,-0.5912614448635781,11.0,128,0.258819045102521,-0.9659258262890682,0.8064799463209448,-0.5912614448635781,18550.0,max_ac,14825.0,0.7991913746630728,0.7991913746630728,0.5368948332061668,9959.399155974395,4865.600844025605,leave_one_system_out
1239,2019-05-08 12:00:00,18550.0,930.53525,8.196390944600001,1.2246467991473532e-16,-1.0,0.8064799463209448,-0.5912614448635781,12.0,128,1.2246467991473532e-16,-1.0,0.8064799463209448,-0.5912614448635781,18550.0,max_ac,18550.0,1.0,1.0,0.6201772678597292,11504.288318797975,7045.711681202025,leave_one_system_out
1239,2019-05-08 13:00:00,17160.0,850.0107499999999,9.303196588700002,-0.2588190451025208,-0.9659258262890684,0.8064799463209448,-0.5912614448635781,13.0,128,-0.2588190451025208,-0.9659258262890683,0.8064799463209448,-0.5912614448635781,18550.0,max_ac,17160.0,0.925067385444744,0.925067385444744,0.5832483228801668,10819.256389427095,6340.743610572905,leave_one_system_out
1239,2019-05-08 14:00:00,18365.0,883.4335,11.2043078519,-0.4999999999999997,-0.8660254037844388,0.8064799463209448,-0.5912614448635781,14.0,128,-0.4999999999999997,-0.8660254037844388,0.8064799463209448,-0.5912614448635781,18550.0,max_ac,18365.0,0.9900269541778975,0.9900269541778975,0.6168046585940274,11441.72641691921,6923.273583080791,leave_one_system_out
1239,2019-05-08 15:00:00,11280.0,578.9855,10.369030007300005,-0.7071067811865471,-0.7071067811865479,0.8064799463209448,-0.5912614448635781,15.0,128,-0.7071067811865471,-0.7071067811865479,0.8064799463209448,-0.5912614448635781,18550.0,max_ac,11280.0,0.6080862533692722,0.6080862533692722,0.42447273989138423,7873.969324985177,3406.030675014823,leave_one_system_out
1239,2019-05-08 16:00:00,7250.0,379.49625,9.599863279100004,-0.8660254037844385,-0.5000000000000004,0.8064799463209448,-0.5912614448635781,16.0,128,-0.8660254037844385,-0.5000000000000004,0.8064799463209448,-0.5912614448635781,18550.0,max_ac,7250.0,0.3908355795148248,0.3908355795148248,0.280794605647159,5208.7399347548,2041.2600652452002,leave_one_system_out
1239,2019-05-08 17:00:00,4155.0,273.88325,8.037502043000003,-0.9659258262890684,-0.2588190451025206,0.8064799463209448,-0.5912614448635781,17.0,128,-0.9659258262890683,-0.25881904510252063,0.8064799463209448,-0.5912614448635781,18550.0,max_ac,4155.0,0.22398921832884097,0.22398921832884097,0.2152245023058985,3992.4145177744176,162.58548222558238,leave_one_system_out
1239,2019-05-08 18:00:00,1715.0,149.6825,8.143057607000001,-1.0,-1.8369701987210287e-16,0.8064799463209448,-0.5912614448635781,18.0,128,-1.0,-1.8369701987210297e-16,0.8064799463209448,-0.5912614448635781,18550.0,max_ac,1715.0,0.09245283018867924,0.09245283018867924,0.135622826830063,2515.8034376976684,-800.8034376976684,leave_one_system_out
1239,2019-05-09 06:00:00,1735.0,170.21175,1.831945991000001,1.0,6.123233995736766e-17,0.7961828637826158,-0.6050560696488488,6.0,129,1.0,6.123233995736766e-17,0.7961828637826158,-0.6050560696488488,18550.0,max_ac,1735.0,0.09353099730458221,0.09353099730458221,0.07562813282371628,1402.9018638799369,332.09813612006315,leave_one_system_out
1239,2019-05-09 07:00:00,5460.0,329.14425,4.420696198100002,0.9659258262890684,-0.2588190451025206,0.7961828637826158,-0.6050560696488488,7.0,129,0.9659258262890683,-0.25881904510252063,0.7961828637826158,-0.6050560696488488,18550.0,max_ac,5460.0,0.2943396226415094,0.2943396226415094,0.2255576123952241,4184.093709931407,1275.906290068593,leave_one_system_out
1239,2019-05-09 08:00:00,9110.0,474.35425,7.280835315800003,0.8660254037844387,-0.4999999999999998,0.7961828637826158,-0.6050560696488488,8.0,129,0.8660254037844387,-0.4999999999999998,0.7961828637826158,-0.6050560696488488,18550.0,max_ac,9110.0,0.4911051212938005,0.4911051212938005,0.3531761791495631,6551.4181232243955,2558.5818767756045,leave_one_system_out
1239,2019-05-09 09:00:00,12425.0,634.3555,10.322641114700003,0.7071067811865476,-0.7071067811865475,0.7961828637826158,-0.6050560696488488,9.0,129,0.7071067811865476,-0.7071067811865475,0.7961828637826158,-0.6050560696488488,18550.0,max_ac,12425.0,0.6698113207547169,0.6698113207547169,0.4675209471976688,8672.513570516756,3752.486429483244,leave_one_system_out
1239,2019-05-09 10:00:00,13995.0,731.8097499999999,13.170419120300004,0.4999999999999999,-0.8660254037844387,0.7961828637826158,-0.6050560696488488,10.0,129,0.49999999999999994,-0.8660254037844387,0.7961828637826158,-0.6050560696488488,18550.0,max_ac,13995.0,0.7544474393530998,0.7544474393530998,0.5345518215482492,9915.936289720023,4079.0637102799774,leave_one_system_out
1239,2019-05-09 11:00:00,16150.0,836.8772499999999,14.831113697600005,0.258819045102521,-0.9659258262890682,0.7961828637826158,-0.6050560696488488,11.0,129,0.258819045102521,-0.9659258262890682,0.7961828637826158,-0.6050560696488488,18550.0,max_ac,16150.0,0.8706199460916442,0.8706199460916442,0.587053284005368,10889.838418299578,5260.161581700422,leave_one_system_out
1239,2019-05-09 12:00:00,17080.0,889.30225,13.795974725900004,1.2246467991473532e-16,-1.0,0.7961828637826158,-0.6050560696488488,12.0,129,1.2246467991473532e-16,-1.0,0.7961828637826158,-0.6050560696488488,18550.0,max_ac,17080.0,0.9207547169811321,0.9207547169811321,0.608261325636354,11283.247590554367,5796.752409445633,leave_one_system_out
1239,2019-05-09 13:00:00,16565.0,877.82675,15.454169303000004,-0.2588190451025208,-0.9659258262890684,0.7961828637826158,-0.6050560696488488,13.0,129,-0.2588190451025208,-0.9659258262890683,0.7961828637826158,-0.6050560696488488,18550.0,max_ac,16565.0,0.8929919137466308,0.8929919137466308,0.6048109134666672,11219.242444806676,5345.757555193324,leave_one_system_out
1239,2019-05-09 14:00:00,15055.0,807.9925,19.699586309300003,-0.4999999999999997,-0.8660254037844388,0.7961828637826158,-0.6050560696488488,14.0,129,-0.4999999999999997,-0.8660254037844388,0.7961828637826158,-0.6050560696488488,18550.0,max_ac,15055.0,0.8115902964959568,0.8115902964959568,0.5757337274588956,10679.860644362514,4375.139355637486,leave_one_system_out
1239,2019-05-09 15:00:00,12775.0,694.4382499999999,20.08208633990001,-0.7071067811865471,-0.7071067811865479,0.7961828637826158,-0.6050560696488488,15.0,129,-0.7071067811865471,-0.7071067811865479,0.7961828637826158,-0.6050560696488488,18550.0,max_ac,12775.0,0.6886792452830188,0.6886792452830188,0.518963008305288,9626.763804063092,3148.236195936908,leave_one_system_out
1239,2019-05-09 16:00:00,9300.0,533.542,19.566114076400005,-0.8660254037844385,-0.5000000000000004,0.7961828637826158,-0.6050560696488488,16.0,129,-0.8660254037844385,-0.5000000000000004,0.7961828637826158,-0.6050560696488488,18550.0,max_ac,9300.0,0.5013477088948787,0.5013477088948787,0.4248241793080007,7880.488526163413,1419.5114738365874,leave_one_system_out
1239,2019-05-09 17:00:00,4095.0,263.5425,18.25528063820001,-0.9659258262890684,-0.2588190451025206,0.7961828637826158,-0.6050560696488488,17.0,129,-0.9659258262890683,-0.25881904510252063,0.7961828637826158,-0.6050560696488488,18550.0,max_ac,4095.0,0.22075471698113208,0.22075471698113208,0.21589170747060102,4004.791173579649,90.20882642035122,leave_one_system_out
1239,2019-05-09 18:00:00,1100.0,85.21475,15.082919273300002,-1.0,-1.8369701987210287e-16,0.7961828637826158,-0.6050560696488488,18.0,129,-1.0,-1.8369701987210297e-16,0.7961828637826158,-0.6050560696488488,18550.0,max_ac,1100.0,0.05929919137466307,0.05929919137466307,0.07004058154538068,1299.2527876668116,-199.25278766681163,leave_one_system_out
1239,2019-05-10 06:00:00,0.0,20.94375,4.690696219700003,1.0,6.123233995736766e-17,0.7856498550787147,-0.6186714032625031,6.0,130,1.0,6.123233995736766e-17,0.7856498550787147,-0.6186714032625031,18550.0,max_ac,0.0,0.0,0.0,-0.0168575158642712,-312.70691928223073,312.70691928223073,leave_one_system_out
1239,2019-05-10 07:00:00,645.0,52.27225,4.731390667400002,0.9659258262890684,-0.2588190451025206,0.7856498550787147,-0.6186714032625031,7.0,130,0.9659258262890683,-0.25881904510252063,0.7856498550787147,-0.6186714032625031,18550.0,max_ac,645.0,0.03477088948787062,0.03477088948787062,0.0696584626488958,1292.164482137017,-647.1644821370171,leave_one_system_out
1239,2019-05-10 08:00:00,2034.0,110.282,4.780696226900004,0.8660254037844387,-0.4999999999999998,0.7856498550787147,-0.6186714032625031,8.0,130,0.8660254037844387,-0.4999999999999998,0.7856498550787147,-0.6186714032625031,18550.0,max_ac,2034.0,0.10964959568733154,0.10964959568733154,0.17089635080506962,3170.1273074340415,-1136.1273074340415,leave_one_system_out
1239,2019-05-10 09:00:00,2855.0,148.9405,5.511807396500002,0.7071067811865476,-0.7071067811865475,0.7856498550787147,-0.6186714032625031,9.0,130,0.7071067811865476,-0.7071067811865475,0.7856498550787147,-0.6186714032625031,18550.0,max_ac,2855.0,0.15390835579514825,0.15390835579514825,0.2488928338832554,4616.962068534388,-1761.962068534388,leave_one_system_out
1239,2019-05-10 10:00:00,2410.0,124.2445,5.475279615800003,0.4999999999999999,-0.8660254037844387,0.7856498550787147,-0.6186714032625031,10.0,130,0.49999999999999994,-0.8660254037844387,0.7856498550787147,-0.6186714032625031,18550.0,max_ac,2410.0,0.1299191374663073,0.1299191374663073,0.2712571936161589,5031.820941579747,-2621.8209415797473,leave_one_system_out
1239,2019-05-10 11:00:00,3035.0,154.50375,5.319168492200004,0.258819045102521,-0.9659258262890682,0.7856498550787147,-0.6186714032625031,11.0,130,0.258819045102521,-0.9659258262890682,0.7856498550787147,-0.6186714032625031,18550.0,max_ac,3035.0,0.16361185983827492,0.16361185983827492,0.2832714554865544,5254.685499275584,-2219.6854992755843,leave_one_system_out
1239,2019-05-10 12:00:00,3960.0,194.188,5.326112937200003,1.2246467991473532e-16,-1.0,0.7856498550787147,-0.6186714032625031,12.0,130,1.2246467991473532e-16,-1.0,0.7856498550787147,-0.6186714032625031,18550.0,max_ac,3960.0,0.21347708894878706,0.21347708894878706,0.2707153129405959,5021.769055048055,-1061.7690550480547,leave_one_system_out
1239,2019-05-10 13:00:00,2595.0,133.07999999999998,5.677779632000002,-0.2588190451025208,-0.9659258262890684,0.7856498550787147,-0.6186714032625031,13.0,130,-0.2588190451025208,-0.9659258262890683,0.7856498550787147,-0.6186714032625031,18550.0,max_ac,2595.0,0.13989218328840972,0.13989218328840972,0.18861487179382286,3498.805871775414,-903.8058717754138,leave_one_system_out
1239,2019-05-10 14:00:00,1653.3333333333333,92.24,5.603705552,-0.4999999999999997,-0.8660254037844388,0.7856498550787147,-0.6186714032625031,14.0,130,-0.4999999999999997,-0.8660254037844388,0.7856498550787147,-0.6186714032625031,18550.0,max_ac,1653.3333333333333,0.08912848158131177,0.08912848158131177,0.10106159348382593,1874.692559124971,-221.35922579163775,leave_one_system_out
1239,2019-05-10 15:00:00,1810.0,97.323,5.368474051700002,-0.7071067811865471,-0.7071067811865479,0.7856498550787147,-0.6186714032625031,15.0,130,-0.7071067811865471,-0.7071067811865479,0.7856498550787147,-0.6186714032625031,18550.0,max_ac,1810.0,0.09757412398921833,0.09757412398921833,0.05037227962603741,934.4057870629939,875.5942129370061,leave_one_system_out
1239,2019-05-10 16:00:00,1635.0,97.083,4.762501781000004,-0.8660254037844385,-0.5000000000000004,0.7856498550787147,-0.6186714032625031,16.0,130,-0.8660254037844385,-0.5000000000000004,0.7856498550787147,-0.6186714032625031,18550.0,max_ac,1635.0,0.08814016172506739,0.08814016172506739,0.022057579476624012,409.1680992913754,1225.8319007086245,leave_one_system_out
1239,2019-05-10 17:00:00,400.0,40.46975,4.613196213500003,-0.9659258262890684,-0.2588190451025206,0.7856498550787147,-0.6186714032625031,17.0,130,-0.9659258262890683,-0.25881904510252063,0.7856498550787147,-0.6186714032625031,18550.0,max_ac,400.0,0.0215633423180593,0.0215633423180593,-0.02841973786748031,-527.1861374417598,927.1861374417598,leave_one_system_out
1239,2019-05-10 18:00:00,-215.0,16.75475,4.069029503300003,-1.0,-1.8369701987210287e-16,0.7856498550787147,-0.6186714032625031,18.0,130,-1.0,-1.8369701987210297e-16,0.7856498550787147,-0.6186714032625031,18550.0,max_ac,-215.0,-0.011590296495956873,-0.011590296495956873,-0.02214855321901571,-410.85566221274144,195.85566221274144,leave_one_system_out
1239,2019-05-11 06:00:00,455.0,50.09075,7.992640928300002,1.0,6.123233995736766e-17,0.7748840413670407,-0.6321034111873487,6.0,131,1.0,6.123233995736766e-17,0.7748840413670407,-0.6321034111873487,18550.0,max_ac,455.0,0.024528301886792454,0.024528301886792454,0.01401196731213461,259.921993640097,195.078006359903,leave_one_system_out
1239,2019-05-11 07:00:00,1675.0,102.97325,8.574724308200004,0.9659258262890684,-0.2588190451025206,0.7748840413670407,-0.6321034111873487,7.0,131,0.9659258262890683,-0.25881904510252063,0.7748840413670407,-0.6321034111873487,18550.0,max_ac,1675.0,0.09029649595687332,0.09029649595687332,0.1128660537224091,2093.6652965506887,-418.6652965506887,leave_one_system_out
1239,2019-05-11 08:00:00,4225.0,218.31675,8.839168773800003,0.8660254037844387,-0.4999999999999998,0.7748840413670407,-0.6321034111873487,8.0,131,0.8660254037844387,-0.4999999999999998,0.7748840413670407,-0.6321034111873487,18550.0,max_ac,4225.0,0.22776280323450135,0.22776280323450135,0.23867993001621807,4427.512701800845,-202.5127018008452,leave_one_system_out
1239,2019-05-11 09:00:00,3285.0,177.47650000000002,8.043057599000003,0.7071067811865476,-0.7071067811865475,0.7748840413670407,-0.6321034111873487,9.0,131,0.7071067811865476,-0.7071067811865475,0.7748840413670407,-0.6321034111873487,18550.0,max_ac,3285.0,0.177088948787062,0.177088948787062,0.2727654904421392,5059.799847701683,-1774.7998477016827,leave_one_system_out
1239,2019-05-11 10:00:00,6005.0,307.153,7.593196451900003,0.4999999999999999,-0.8660254037844387,0.7748840413670407,-0.6321034111873487,10.0,131,0.49999999999999994,-0.8660254037844387,0.7748840413670407,-0.6321034111873487,18550.0,max_ac,6005.0,0.3237196765498652,0.3237196765498652,0.3556594111984574,6597.482077731384,-592.4820777313844,leave_one_system_out
1239,2019-05-11 11:00:00,11320.0,554.1365000000001,9.1822243568,0.258819045102521,-0.9659258262890682,0.7748840413670407,-0.6321034111873487,11.0,131,0.258819045102521,-0.9659258262890682,0.7748840413670407,-0.6321034111873487,18550.0,max_ac,11320.0,0.6102425876010782,0.6102425876010782,0.4647573622410509,8621.249069571495,2698.750930428505,leave_one_system_out
1239,2019-05-11 12:00:00,16585.0,817.8534999999999,9.914724415400002,1.2246467991473532e-16,-1.0,0.7748840413670407,-0.6321034111873487,12.0,131,1.2246467991473532e-16,-1.0,0.7748840413670407,-0.6321034111873487,18550.0,max_ac,16585.0,0.8940700808625337,0.8940700808625337,0.5738370745586668,10644.67773306327,5940.32226693673,leave_one_system_out
1239,2019-05-11 13:00:00,9390.0,511.98725,10.743057815,-0.2588190451025208,-0.9659258262890684,0.7748840413670407,-0.6321034111873487,13.0,131,-0.2588190451025208,-0.9659258262890683,0.7748840413670407,-0.6321034111873487,18550.0,max_ac,9390.0,0.5061994609164421,0.5061994609164421,0.40851575262241546,7577.967211145807,1812.0327888541933,leave_one_system_out
1239,2019-05-11 14:00:00,15835.0,822.19475,11.709307892300004,-0.4999999999999997,-0.8660254037844388,0.7748840413670407,-0.6321034111873487,14.0,131,-0.4999999999999997,-0.8660254037844388,0.7748840413670407,-0.6321034111873487,18550.0,max_ac,15835.0,0.8536388140161725,0.8536388140161725,0.5806955732025688,10771.902882907652,5063.097117092348,leave_one_system_out
1239,2019-05-11 15:00:00,7540.0,387.26275,10.731946703000004,-0.7071067811865471,-0.7071067811865479,0.7748840413670407,-0.6321034111873487,15.0,131,-0.7071067811865471,-0.7071067811865479,0.7748840413670407,-0.6321034111873487,18550.0,max_ac,7540.0,0.4064690026954178,0.4064690026954178,0.28336833615398177,5256.482635656362,2283.5173643436383,leave_one_system_out
1239,2019-05-11 16:00:00,4049.0,219.05875000000003,10.713613368200004,-0.8660254037844385,-0.5000000000000004,0.7748840413670407,-0.6321034111873487,16.0,131,-0.8660254037844385,-0.5000000000000004,0.7748840413670407,-0.6321034111873487,18550.0,max_ac,4049.0,0.21827493261455524,0.21827493261455524,0.14298920094153147,2652.449677465409,1396.550322534591,leave_one_system_out
1239,2019-05-11 17:00:00,1460.0,95.99225,9.1176410183,-0.9659258262890684,-0.2588190451025206,0.7748840413670407,-0.6321034111873487,17.0,131,-0.9659258262890683,-0.25881904510252063,0.7748840413670407,-0.6321034111873487,18550.0,max_ac,1460.0,0.07870619946091645,0.07870619946091645,0.03654599669459396,677.928238684718,782.071761315282,leave_one_system_out
1239,2019-05-11 18:00:00,430.0,47.9525,8.289168729800002,-1.0,-1.8369701987210287e-16,0.7748840413670407,-0.6321034111873487,18.0,131,-1.0,-1.8369701987210297e-16,0.7748840413670407,-0.6321034111873487,18550.0,max_ac,430.0,0.023180592991913745,0.023180592991913745,0.019203053977090268,356.21665127502445,73.78334872497555,leave_one_system_out
1239,2019-05-12 06:00:00,1895.0,180.18175,3.891946155800003,1.0,6.123233995736766e-17,0.7638886127905428,-0.6453481132295501,6.0,132,1.0,6.123233995736766e-17,0.7638886127905428,-0.6453481132295501,18550.0,max_ac,1895.0,0.10215633423180592,0.10215633423180592,0.0901758510030537,1672.762036106646,222.23796389335394,leave_one_system_out
1239,2019-05-12 07:00:00,5925.0,353.0985,7.023751961900002,0.9659258262890684,-0.2588190451025206,0.7638886127905428,-0.6453481132295501,7.0,132,0.9659258262890683,-0.25881904510252063,0.7638886127905428,-0.6453481132295501,18550.0,max_ac,5925.0,0.3194070080862534,0.3194070080862534,0.24899724813263088,4618.898952860303,1306.1010471396967,leave_one_system_out
1239,2019-05-12 08:00:00,10160.0,525.6445,9.166668800000004,0.8660254037844387,-0.4999999999999998,0.7638886127905428,-0.6453481132295501,8.0,132,0.8660254037844387,-0.4999999999999998,0.7638886127905428,-0.6453481132295501,18550.0,max_ac,10160.0,0.5477088948787062,0.5477088948787062,0.3861396185369399,7162.889923860235,2997.1100761397647,leave_one_system_out
1239,2019-05-12 09:00:00,13395.0,677.05025,11.774030119700004,0.7071067811865476,-0.7071067811865475,0.7638886127905428,-0.6453481132295501,9.0,132,0.7071067811865476,-0.7071067811865475,0.7638886127905428,-0.6453481132295501,18550.0,max_ac,13395.0,0.7221024258760108,0.7221024258760108,0.49277061645898373,9140.894935314149,4254.105064685851,leave_one_system_out
1239,2019-05-12 10:00:00,15425.0,793.288,14.153196976700004,0.4999999999999999,-0.8660254037844387,0.7638886127905428,-0.6453481132295501,10.0,132,0.49999999999999994,-0.8660254037844387,0.7638886127905428,-0.6453481132295501,18550.0,max_ac,15425.0,0.8315363881401617,0.8315363881401617,0.564913194154202,10479.139751560448,4945.860248439552,leave_one_system_out
1239,2019-05-12 11:00:00,13030.0,872.5255,14.0548636355,0.258819045102521,-0.9659258262890682,0.7638886127905428,-0.6453481132295501,11.0,132,0.258819045102521,-0.9659258262890682,0.7638886127905428,-0.6453481132295501,18550.0,max_ac,13030.0,0.7024258760107817,0.7024258760107817,0.6048021978448173,11219.08077002136,1810.9192299786391,leave_one_system_out
1239,2019-05-12 12:00:00,17975.0,917.838,13.235002458800004,1.2246467991473532e-16,-1.0,0.7638886127905428,-0.6453481132295501,12.0,132,1.2246467991473532e-16,-1.0,0.7638886127905428,-0.6453481132295501,18550.0,max_ac,17975.0,0.9690026954177897,0.9690026954177897,0.6246325631337681,11586.934046131399,6388.065953868601,leave_one_system_out
1239,2019-05-12 13:00:00,17245.0,895.6725,14.690419241900004,-0.2588190451025208,-0.9659258262890684,0.7638886127905428,-0.6453481132295501,13.0,132,-0.2588190451025208,-0.9659258262890683,0.7638886127905428,-0.6453481132295501,18550.0,max_ac,17245.0,0.9296495956873315,0.9296495956873315,0.6170520913377209,11446.316294314722,5798.683705685278,leave_one_system_out
1239,2019-05-12 14:00:00,13710.0,731.37325,17.7281972627,-0.4999999999999997,-0.8660254037844388,0.7638886127905428,-0.6453481132295501,14.0,132,-0.4999999999999997,-0.8660254037844388,0.7638886127905428,-0.6453481132295501,18550.0,max_ac,13710.0,0.7390835579514825,0.7390835579514825,0.5306567287753594,9843.682318782918,3866.3176812170823,leave_one_system_out
1239,2019-05-12 15:00:00,12350.0,696.72875,17.843197271900003,-0.7071067811865471,-0.7071067811865479,0.7638886127905428,-0.6453481132295501,15.0,132,-0.7071067811865471,-0.7071067811865479,0.7638886127905428,-0.6453481132295501,18550.0,max_ac,12350.0,0.6657681940700808,0.6657681940700808,0.5212279449961323,9668.778379678255,2681.221620321745,leave_one_system_out
1239,2019-05-12 16:00:00,5945.0,330.86775,15.680419321100004,-0.8660254037844385,-0.5000000000000004,0.7638886127905428,-0.6453481132295501,16.0,132,-0.8660254037844385,-0.5000000000000004,0.7638886127905428,-0.6453481132295501,18550.0,max_ac,5945.0,0.32048517520215636,0.32048517520215636,0.24884847501797816,4616.139211583495,1328.8607884165049,leave_one_system_out
1239,2019-05-12 17:00:00,2425.0,144.337,13.2715302395,-0.9659258262890684,-0.2588190451025206,0.7638886127905428,-0.6453481132295501,17.0,132,-0.9659258262890683,-0.25881904510252063,0.7638886127905428,-0.6453481132295501,18550.0,max_ac,2425.0,0.1307277628032345,0.1307277628032345,0.09216732864091448,1709.7039462889636,715.2960537110364,leave_one_system_out
1239,2019-05-12 18:00:00,630.0,59.92975,11.965141246100004,-1.0,-1.8369701987210287e-16,0.7638886127905428,-0.6453481132295501,18.0,132,-1.0,-1.8369701987210297e-16,0.7638886127905428,-0.6453481132295501,18550.0,max_ac,630.0,0.033962264150943396,0.033962264150943396,0.03750856650506834,695.7839086690177,-65.7839086690177,leave_one_system_out
1239,2019-05-13 06:00:00,625.0,55.56625,4.665279551000004,1.0,6.123233995736766e-17,0.7526668275320085,-0.6584015846980488,6.0,133,1.0,6.123233995736766e-17,0.7526668275320085,-0.6584015846980488,18550.0,max_ac,625.0,0.03369272237196765,0.03369272237196765,0.009440709677164982,175.12516451141042,449.8748354885896,leave_one_system_out
1239,2019-05-13 07:00:00,3975.0,229.37775,6.004029658100002,0.9659258262890684,-0.2588190451025206,0.7526668275320085,-0.6584015846980488,7.0,133,0.9659258262890683,-0.25881904510252063,0.7526668275320085,-0.6584015846980488,18550.0,max_ac,3975.0,0.21428571428571427,0.21428571428571427,0.17809123943986066,3303.5924916094154,671.4075083905846,leave_one_system_out
1239,2019-05-13 08:00:00,7895.0,427.01225,10.145418878300005,0.8660254037844387,-0.4999999999999998,0.7526668275320085,-0.6584015846980488,8.0,133,0.8660254037844387,-0.4999999999999998,0.7526668275320085,-0.6584015846980488,18550.0,max_ac,7895.0,0.42560646900269544,0.42560646900269544,0.34370859610774795,6375.794457798725,1519.2055422012754,leave_one_system_out
1239,2019-05-13 09:00:00,12985.0,691.231,14.157502532600002,0.7071067811865476,-0.7071067811865475,0.7526668275320085,-0.6584015846980488,9.0,133,0.7071067811865476,-0.7071067811865475,0.7526668275320085,-0.6584015846980488,18550.0,max_ac,12985.0,0.7,0.7,0.5047258709813611,9362.664906704249,3622.335093295751,leave_one_system_out
1239,2019-05-13 10:00:00,15985.0,861.02825,15.8688915584,0.4999999999999999,-0.8660254037844387,0.7526668275320085,-0.6584015846980488,10.0,133,0.49999999999999994,-0.8660254037844387,0.7526668275320085,-0.6584015846980488,18550.0,max_ac,15985.0,0.8617250673854447,0.8617250673854447,0.594880333637456,11035.030188974808,4949.969811025192,leave_one_system_out
1239,2019-05-13 11:00:00,11635.0,639.11175,17.102363879300004,0.258819045102521,-0.9659258262890682,0.7526668275320085,-0.6584015846980488,11.0,133,0.258819045102521,-0.9659258262890682,0.7526668275320085,-0.6584015846980488,18550.0,max_ac,11635.0,0.6272237196765499,0.6272237196765499,0.5210639802382114,9665.736833418821,1969.2631665811787,leave_one_system_out
1239,2019-05-13 12:00:00,7660.0,404.06175,15.210835950200003,1.2246467991473532e-16,-1.0,0.7526668275320085,-0.6584015846980488,12.0,133,1.2246467991473532e-16,-1.0,0.7526668275320085,-0.6584015846980488,18550.0,max_ac,7660.0,0.4129380053908356,0.4129380053908356,0.4041876852969469,7497.6815622583645,162.31843774163553,leave_one_system_out
1239,2019-05-13 13:00:00,12900.0,657.1755,15.219169284200005,-0.2588190451025208,-0.9659258262890684,0.7526668275320085,-0.6584015846980488,13.0,133,-0.2588190451025208,-0.9659258262890683,0.7526668275320085,-0.6584015846980488,18550.0,max_ac,12900.0,0.6954177897574124,0.6954177897574124,0.49620878762078496,9204.673010365561,3695.326989634439,leave_one_system_out
1239,2019-05-13 14:00:00,7170.0,388.68075,16.168474915700003,-0.4999999999999997,-0.8660254037844388,0.7526668275320085,-0.6584015846980488,14.0,133,-0.4999999999999997,-0.8660254037844388,0.7526668275320085,-0.6584015846980488,18550.0,max_ac,7170.0,0.38652291105121295,0.38652291105121295,0.321251889553014,5959.22255120841,1210.7774487915904,leave_one_system_out
1239,2019-05-13 15:00:00,7190.0,385.99750000000006,16.082780464400006,-0.7071067811865471,-0.7071067811865479,0.7526668275320085,-0.6584015846980488,15.0,133,-0.7071067811865471,-0.7071067811865479,0.7526668275320085,-0.6584015846980488,18550.0,max_ac,7190.0,0.3876010781671159,0.3876010781671159,0.2941469112946692,5456.425204516114,1733.5747954838862,leave_one_system_out
1239,2019-05-13 16:00:00,8615.0,514.06,17.8925028314,-0.8660254037844385,-0.5000000000000004,0.7526668275320085,-0.6584015846980488,16.0,133,-0.8660254037844385,-0.5000000000000004,0.7526668275320085,-0.6584015846980488,18550.0,max_ac,8615.0,0.4644204851752022,0.4644204851752022,0.4086979213607735,7581.346441242348,1033.6535587576518,leave_one_system_out
1239,2019-05-13 17:00:00,2235.0,165.12825,15.434308190300005,-0.9659258262890684,-0.2588190451025206,0.7526668275320085,-0.6584015846980488,17.0,133,-0.9659258262890683,-0.25881904510252063,0.7526668275320085,-0.6584015846980488,18550.0,max_ac,2235.0,0.12048517520215633,0.12048517520215633,0.11647246095978675,2160.5641508040444,74.4358491959556,leave_one_system_out
1239,2019-05-13 18:00:00,1580.0,194.05725,14.811391473800004,-1.0,-1.8369701987210287e-16,0.7526668275320085,-0.6584015846980488,18.0,133,-1.0,-1.8369701987210297e-16,0.7526668275320085,-0.6584015846980488,18550.0,max_ac,1580.0,0.08517520215633423,0.08517520215633423,0.190320027616931,3530.4365122940703,-1950.4365122940703,leave_one_system_out
1239,2019-05-14 06:00:00,480.0,52.9265,4.100001728000002,1.0,6.123233995736766e-17,0.7412220108485958,-0.6712599575675313,6.0,134,1.0,6.123233995736766e-17,0.7412220108485958,-0.6712599575675313,18550.0,max_ac,480.0,0.02587601078167116,0.02587601078167116,0.006938080447921768,128.7013923089488,351.2986076910512,leave_one_system_out
1239,2019-05-14 07:00:00,1770.0,109.95425,4.457223978800004,0.9659258262890684,-0.2588190451025206,0.7412220108485958,-0.6712599575675313,7.0,134,0.9659258262890683,-0.25881904510252063,0.7412220108485958,-0.6712599575675313,18550.0,max_ac,1770.0,0.0954177897574124,0.0954177897574124,0.10749529100350264,1994.037648114974,-224.037648114974,leave_one_system_out
1239,2019-05-14 08:00:00,1670.0,102.20975,5.101112919200002,0.8660254037844387,-0.4999999999999998,0.7412220108485958,-0.6712599575675313,8.0,134,0.8660254037844387,-0.4999999999999998,0.7412220108485958,-0.6712599575675313,18550.0,max_ac,1670.0,0.09002695417789758,0.09002695417789758,0.1761177579833341,3266.9844105908473,-1596.9844105908473,leave_one_system_out
1239,2019-05-14 09:00:00,2680.0,145.3845,6.174307449500001,0.7071067811865476,-0.7071067811865475,0.7412220108485958,-0.6712599575675313,9.0,134,0.7071067811865476,-0.7071067811865475,0.7412220108485958,-0.6712599575675313,18550.0,max_ac,2680.0,0.1444743935309973,0.1444743935309973,0.25910754092837995,4806.444884221448,-2126.444884221448,leave_one_system_out
1239,2019-05-14 10:00:00,4140.0,218.09875,7.026251962100002,0.4999999999999999,-0.8660254037844387,0.7412220108485958,-0.6712599575675313,10.0,134,0.49999999999999994,-0.8660254037844387,0.7412220108485958,-0.6712599575675313,18550.0,max_ac,4140.0,0.22318059299191376,0.22318059299191376,0.32513161729795814,6031.191500877124,-1891.1915008771239,leave_one_system_out
1239,2019-05-14 11:00:00,9895.75,515.73975,10.2959744459,0.258819045102521,-0.9659258262890682,0.7412220108485958,-0.6712599575675313,11.0,134,0.258819045102521,-0.9659258262890682,0.7412220108485958,-0.6712599575675313,18550.0,max_ac,9895.75,0.5334636118598383,0.5334636118598383,0.4580751647622955,8497.294306340582,1398.455693659418,leave_one_system_out
1239,2019-05-14 12:00:00,5570.0,287.4965,9.831807742100002,1.2246467991473532e-16,-1.0,0.7412220108485958,-0.6712599575675313,12.0,134,1.2246467991473532e-16,-1.0,0.7412220108485958,-0.6712599575675313,18550.0,max_ac,5570.0,0.30026954177897575,0.30026954177897575,0.3385883990263352,6280.814801938518,-710.814801938518,leave_one_system_out
1239,2019-05-14 13:00:00,4980.0,260.728,9.892363302500003,-0.2588190451025208,-0.9659258262890684,0.7412220108485958,-0.6712599575675313,13.0,134,-0.2588190451025208,-0.9659258262890683,0.7412220108485958,-0.6712599575675313,18550.0,max_ac,4980.0,0.2684636118598383,0.2684636118598383,0.27974221484078665,5189.218085296592,-209.2180852965921,leave_one_system_out
1239,2019-05-14 14:00:00,8525.0,444.422,11.069446730000005,-0.4999999999999997,-0.8660254037844388,0.7412220108485958,-0.6712599575675313,14.0,134,-0.4999999999999997,-0.8660254037844388,0.7412220108485958,-0.6712599575675313,18550.0,max_ac,8525.0,0.45956873315363883,0.45956873315363883,0.34637370884229796,6425.2322990246275,2099.7677009753725,leave_one_system_out
1239,2019-05-14 15:00:00,5545.0,294.82675,11.231252298500005,-0.7071067811865471,-0.7071067811865479,0.7412220108485958,-0.6712599575675313,15.0,134,-0.7071067811865471,-0.7071067811865479,0.7412220108485958,-0.6712599575675313,18550.0,max_ac,5545.0,0.298921832884097,0.298921832884097,0.21911274627958424,4064.541443486288,1480.4585565137122,leave_one_system_out
1239,2019-05-14 16:00:00,2540.0,147.43525,10.421113344800004,-0.8660254037844385,-0.5000000000000004,0.7412220108485958,-0.6712599575675313,16.0,134,-0.8660254037844385,-0.5000000000000004,0.7412220108485958,-0.6712599575675313,18550.0,max_ac,2540.0,0.13692722371967656,0.13692722371967656,0.08258069284359165,1531.8718522486251,1008.1281477513749,leave_one_system_out
1239,2019-05-14 17:00:00,675.0,60.56249999999999,9.494446604000004,-0.9659258262890684,-0.2588190451025206,0.7412220108485958,-0.6712599575675313,17.0,134,-0.9659258262890683,-0.25881904510252063,0.7412220108485958,-0.6712599575675313,18550.0,max_ac,675.0,0.03638814016172507,0.03638814016172507,0.002958352544756182,54.877439705227175,620.1225602947728,leave_one_system_out
1239,2019-05-14 18:00:00,-5.0,27.205,7.940557590800002,-1.0,-1.8369701987210287e-16,0.7412220108485958,-0.6712599575675313,18.0,134,-1.0,-1.8369701987210297e-16,0.7412220108485958,-0.6712599575675313,18550.0,max_ac,-5.0,-0.00026954177897574127,-0.00026954177897574127,-0.00497046777579252,-92.20217724095124,87.20217724095124,leave_one_system_out
1239,2019-05-15 06:00:00,245.0,33.61925,1.5040292981,1.0,6.123233995736766e-17,0.7295575540864875,-0.6839194216246106,6.0,135,1.0,6.123233995736766e-17,0.7295575540864875,-0.6839194216246106,18550.0,max_ac,245.0,0.013207547169811321,0.013207547169811321,-0.013157820742345838,-244.0775747705153,489.0775747705153,leave_one_system_out
1239,2019-05-15 07:00:00,1010.0,68.41624999999999,2.097362678900004,0.9659258262890684,-0.2588190451025206,0.7295575540864875,-0.6839194216246106,7.0,135,0.9659258262890683,-0.25881904510252063,0.7295575540864875,-0.6839194216246106,18550.0,max_ac,1010.0,0.05444743935309973,0.05444743935309973,0.07741320571684207,1436.0149660474203,-426.01496604742033,leave_one_system_out
1239,2019-05-15 08:00:00,1515.0,87.5055,2.0566682312000024,0.8660254037844387,-0.4999999999999998,0.7295575540864875,-0.6839194216246106,8.0,135,0.8660254037844387,-0.4999999999999998,0.7295575540864875,-0.6839194216246106,18550.0,max_ac,1515.0,0.0816711590296496,0.0816711590296496,0.159589211888268,2960.3798805273714,-1445.3798805273714,leave_one_system_out
1239,2019-05-15 09:00:00,3180.0,160.11075,2.807501624600003,0.7071067811865476,-0.7071067811865475,0.7295575540864875,-0.6839194216246106,9.0,135,0.7071067811865476,-0.7071067811865475,0.7295575540864875,-0.6839194216246106,18550.0,max_ac,3180.0,0.17142857142857143,0.17142857142857143,0.25490697360729175,4728.524360415262,-1548.524360415262,leave_one_system_out
1239,2019-05-15 10:00:00,2479.0,134.75975,3.5487516839000026,0.4999999999999999,-0.8660254037844387,0.7295575540864875,-0.6839194216246106,10.0,135,0.49999999999999994,-0.8660254037844387,0.7295575540864875,-0.6839194216246106,18550.0,max_ac,2479.0,0.1336388140161725,0.1336388140161725,0.2807137921198455,5207.240843823134,-2728.240843823134,leave_one_system_out
1239,2019-05-15 11:00:00,4185.0,211.619,3.9945850529000015,0.258819045102521,-0.9659258262890682,0.7295575540864875,-0.6839194216246106,11.0,135,0.258819045102521,-0.9659258262890682,0.7295575540864875,-0.6839194216246106,18550.0,max_ac,4185.0,0.22560646900269543,0.22560646900269543,0.3152397719285416,5847.697769274447,-1662.6977692744467,leave_one_system_out
1239,2019-05-15 12:00:00,5865.0,279.948,4.754029558100002,1.2246467991473532e-16,-1.0,0.7295575540864875,-0.6839194216246106,12.0,135,1.2246467991473532e-16,-1.0,0.7295575540864875,-0.6839194216246106,18550.0,max_ac,5865.0,0.31617250673854447,0.31617250673854447,0.32096578816416554,5953.915370445271,-88.91537044527104,leave_one_system_out
1239,2019-05-15 13:00:00,3090.0,163.68825,4.876251790100003,-0.2588190451025208,-0.9659258262890684,0.7295575540864875,-0.6839194216246106,13.0,135,-0.2588190451025208,-0.9659258262890683,0.7295575540864875,-0.6839194216246106,18550.0,max_ac,3090.0,0.16657681940700808,0.16657681940700808,0.21416445577644003,3972.7506546529626,-882.7506546529626,leave_one_system_out
1239,2019-05-15 14:00:00,4595.0,227.47975,4.565557320800002,-0.4999999999999997,-0.8660254037844388,0.7295575540864875,-0.6839194216246106,14.0,135,-0.4999999999999997,-0.8660254037844388,0.7295575540864875,-0.6839194216246106,18550.0,max_ac,4595.0,0.2477088948787062,0.2477088948787062,0.19500231153968905,3617.292879061232,977.7071209387682,leave_one_system_out
1239,2019-05-15 15:00:00,2920.0,156.29275,4.530418429100002,-0.7071067811865471,-0.7071067811865479,0.7295575540864875,-0.6839194216246106,15.0,135,-0.7071067811865471,-0.7071067811865479,0.7295575540864875,-0.6839194216246106,18550.0,max_ac,2920.0,0.1574123989218329,0.1574123989218329,0.10094911794600753,1872.6061378984396,1047.3938621015604,leave_one_system_out
1239,2019-05-15 16:00:00,3260.0,183.0395,4.980279576200003,-0.8660254037844385,-0.5000000000000004,0.7295575540864875,-0.6839194216246106,16.0,135,-0.8660254037844385,-0.5000000000000004,0.7295575540864875,-0.6839194216246106,18550.0,max_ac,3260.0,0.1757412398921833,0.1757412398921833,0.10416273941655102,1932.2188161770214,1327.7811838229786,leave_one_system_out
1239,2019-05-15 17:00:00,3120.0,163.09924999999998,5.036668469600004,-0.9659258262890684,-0.2588190451025206,0.7295575540864875,-0.6839194216246106,17.0,135,-0.9659258262890683,-0.25881904510252063,0.7295575540864875,-0.6839194216246106,18550.0,max_ac,3120.0,0.16819407008086254,0.16819407008086254,0.09999845618413006,1854.9713622156125,1265.0286377843875,leave_one_system_out
1239,2019-05-15 18:00:00,1125.0,78.40825,4.3080573002000015,-1.0,-1.8369701987210287e-16,0.7295575540864875,-0.6839194216246106,18.0,135,-1.0,-1.8369701987210297e-16,0.7295575540864875,-0.6839194216246106,18550.0,max_ac,1125.0,0.06064690026954178,0.06064690026954178,0.048469426536991655,899.1078622611952,225.89213773880476,leave_one_system_out
1239,2019-05-16 06:00:00,540.0,47.0365,3.627362801300002,1.0,6.123233995736766e-17,0.717676913675962,-0.6963762255968722,6.0,136,1.0,6.123233995736766e-17,0.717676913675962,-0.6963762255968722,18550.0,max_ac,540.0,0.029110512129380053,0.029110512129380053,0.0035442220975655525,65.745319909841,474.254680090159,leave_one_system_out
1239,2019-05-16 07:00:00,1770.0,102.23175,4.433196199100002,0.9659258262890684,-0.2588190451025206,0.717676913675962,-0.6963762255968722,7.0,136,0.9659258262890683,-0.25881904510252063,0.717676913675962,-0.6963762255968722,18550.0,max_ac,1770.0,0.0954177897574124,0.0954177897574124,0.10602258368728418,1966.7189273991214,-196.7189273991214,leave_one_system_out
1239,2019-05-16 08:00:00,4245.0,212.27375,5.420418500300002,0.8660254037844387,-0.4999999999999998,0.717676913675962,-0.6963762255968722,8.0,136,0.8660254037844387,-0.4999999999999998,0.717676913675962,-0.6963762255968722,18550.0,max_ac,4245.0,0.22884097035040432,0.22884097035040432,0.23350982087672761,4331.607177263298,-86.60717726329767,leave_one_system_out
1239,2019-05-16 09:00:00,5090.0,248.969,6.4216685804,0.7071067811865476,-0.7071067811865475,0.717676913675962,-0.6963762255968722,9.0,136,0.7071067811865476,-0.7071067811865475,0.717676913675962,-0.6963762255968722,18550.0,max_ac,5090.0,0.27439353099730457,0.27439353099730457,0.3079169900334822,5711.860165121095,-621.8601651210947,leave_one_system_out
1239,2019-05-16 10:00:00,8560.0,428.7795,7.4538908852,0.4999999999999999,-0.8660254037844387,0.717676913675962,-0.6963762255968722,10.0,136,0.49999999999999994,-0.8660254037844387,0.717676913675962,-0.6963762255968722,18550.0,max_ac,8560.0,0.461455525606469,0.461455525606469,0.41476642641723716,7693.917210039749,866.0827899602509,leave_one_system_out
1239,2019-05-16 11:00:00,8865.0,456.59575,9.886807746500002,0.258819045102521,-0.9659258262890682,0.717676913675962,-0.6963762255968722,11.0,136,0.258819045102521,-0.9659258262890682,0.717676913675962,-0.6963762255968722,18550.0,max_ac,8865.0,0.4778975741239892,0.4778975741239892,0.43739481393157337,8113.673798430686,751.3262015693144,leave_one_system_out
1239,2019-05-16 12:00:00,7055.0,354.12350000000004,9.518196605900004,1.2246467991473532e-16,-1.0,0.717676913675962,-0.6963762255968722,12.0,136,1.2246467991473532e-16,-1.0,0.717676913675962,-0.6963762255968722,18550.0,max_ac,7055.0,0.38032345013477087,0.38032345013477087,0.3720785263595824,6902.056663970253,152.94333602974712,leave_one_system_out
1239,2019-05-16 13:00:00,8385.0,426.94725,10.751668926800004,-0.2588190451025208,-0.9659258262890684,0.717676913675962,-0.6963762255968722,13.0,136,-0.2588190451025208,-0.9659258262890683,0.717676913675962,-0.6963762255968722,18550.0,max_ac,8385.0,0.4520215633423181,0.4520215633423181,0.3732088990564489,6923.025077497126,1461.9749225028736,leave_one_system_out
1239,2019-05-16 14:00:00,9305.0,456.94475,11.769724563800002,-0.4999999999999997,-0.8660254037844388,0.717676913675962,-0.6963762255968722,14.0,136,-0.4999999999999997,-0.8660254037844388,0.717676913675962,-0.6963762255968722,18550.0,max_ac,9305.0,0.5016172506738544,0.5016172506738544,0.3586851509428561,6653.60954998998,2651.39045001002,leave_one_system_out
1239,2019-05-16 15:00:00,6345.0,321.7265,10.125696654500002,-0.7071067811865471,-0.7071067811865479,0.717676913675962,-0.6963762255968722,15.0,136,-0.7071067811865471,-0.7071067811865479,0.717676913675962,-0.6963762255968722,18550.0,max_ac,6345.0,0.34204851752021564,0.34204851752021564,0.23945905369681386,4441.9654460758975,1903.0345539241025,leave_one_system_out
1239,2019-05-16 16:00:00,4040.0,209.21925,8.803890993200003,-0.8660254037844385,-0.5000000000000004,0.717676913675962,-0.6963762255968722,16.0,136,-0.8660254037844385,-0.5000000000000004,0.717676913675962,-0.6963762255968722,18550.0,max_ac,4040.0,0.21778975741239892,0.21778975741239892,0.13534711936334975,2510.6890641901377,1529.3109358098623,leave_one_system_out
1239,2019-05-16 17:00:00,1810.0,111.30725,8.753196544700003,-0.9659258262890684,-0.2588190451025206,0.717676913675962,-0.6963762255968722,17.0,136,-0.9659258262890683,-0.25881904510252063,0.717676913675962,-0.6963762255968722,18550.0,max_ac,1810.0,0.09757412398921833,0.09757412398921833,0.05369314959928867,996.0079250668048,813.9920749331952,leave_one_system_out
1239,2019-05-16 18:00:00,453.3333333333333,55.806250000000006,8.466252077300002,-1.0,-1.8369701987210287e-16,0.717676913675962,-0.6963762255968722,18.0,136,-1.0,-1.8369701987210297e-16,0.717676913675962,-0.6963762255968722,18550.0,max_ac,453.3333333333333,0.02443845462713387,0.02443845462713387,0.02805112772325724,520.3484192664218,-67.01508593308853,leave_one_system_out
1239,2019-05-17 06:00:00,530.0,46.88375,4.579585099700001,1.0,6.123233995736766e-17,0.705583610107178,-0.7086266782644596,6.0,137,1.0,6.123233995736766e-17,0.705583610107178,-0.7086266782644596,18550.0,max_ac,530.0,0.02857142857142857,0.02857142857142857,0.007432266753767347,137.8685482823843,392.13145171761573,leave_one_system_out
1239,2019-05-17 07:00:00,2100.0,115.95425,5.503474062500002,0.9659258262890684,-0.2588190451025206,0.705583610107178,-0.7086266782644596,7.0,137,0.9659258262890683,-0.25881904510252063,0.705583610107178,-0.7086266782644596,18550.0,max_ac,2100.0,0.11320754716981132,0.11320754716981132,0.11874241826572807,2202.6718588292556,-102.6718588292556,leave_one_system_out
1239,2019-05-17 08:00:00,3665.0,192.98775,6.915279731000003,0.8660254037844387,-0.4999999999999998,0.705583610107178,-0.7086266782644596,8.0,137,0.8660254037844387,-0.4999999999999998,0.705583610107178,-0.7086266782644596,18550.0,max_ac,3665.0,0.19757412398921834,0.19757412398921834,0.2312778297901554,4290.203742607383,-625.203742607383,leave_one_system_out
1239,2019-05-17 09:00:00,3995.0,211.72380000000004,7.755113131520001,0.7071067811865476,-0.7071067811865475,0.705583610107178,-0.7086266782644596,9.0,137,0.7071067811865476,-0.7071067811865475,0.705583610107178,-0.7086266782644596,18550.0,max_ac,3995.0,0.21536388140161725,0.21536388140161725,0.2992820171905319,5551.681418884366,-1556.6814188843664,leave_one_system_out
1239,2019-05-17 10:00:00,7390.0,434.19025,11.084724509000004,0.4999999999999999,-0.8660254037844387,0.705583610107178,-0.7086266782644596,10.0,137,0.49999999999999994,-0.8660254037844387,0.705583610107178,-0.7086266782644596,18550.0,max_ac,7390.0,0.39838274932614554,0.39838274932614554,0.42972068309313616,7971.318671377676,-581.3186713776759,leave_one_system_out
1239,2019-05-17 11:00:00,14980.0,806.42175,14.130974752700004,0.258819045102521,-0.9659258262890682,0.705583610107178,-0.7086266782644596,11.0,137,0.258819045102521,-0.9659258262890682,0.705583610107178,-0.7086266782644596,18550.0,max_ac,14980.0,0.8075471698113208,0.8075471698113208,0.5871071417786936,10890.837479994767,4089.162520005233,leave_one_system_out
1239,2019-05-17 12:00:00,11675.0,608.91775,14.0280580778,1.2246467991473532e-16,-1.0,0.705583610107178,-0.7086266782644596,12.0,137,1.2246467991473532e-16,-1.0,0.705583610107178,-0.7086266782644596,18550.0,max_ac,11675.0,0.6293800539083558,0.6293800539083558,0.49823738771789594,9242.30354216697,2432.69645783303,leave_one_system_out
1239,2019-05-17 13:00:00,12455.0,673.7339999999999,14.977363709300004,-0.2588190451025208,-0.9659258262890684,0.705583610107178,-0.7086266782644596,13.0,137,-0.2588190451025208,-0.9659258262890683,0.705583610107178,-0.7086266782644596,18550.0,max_ac,12455.0,0.6714285714285714,0.6714285714285714,0.5107349233049028,9474.132827305946,2980.867172694054,leave_one_system_out
1239,2019-05-17 14:00:00,7350.0,384.07775,15.378335963600009,-0.4999999999999997,-0.8660254037844388,0.705583610107178,-0.7086266782644596,14.0,137,-0.4999999999999997,-0.8660254037844388,0.705583610107178,-0.7086266782644596,18550.0,max_ac,7350.0,0.39622641509433965,0.39622641509433965,0.3234064401591549,5999.189464952323,1350.8105350476771,leave_one_system_out
1239,2019-05-17 15:00:00,3380.0,187.31575,13.797502503800006,-0.7071067811865471,-0.7071067811865479,0.705583610107178,-0.7086266782644596,15.0,137,-0.7071067811865471,-0.7071067811865479,0.705583610107178,-0.7086266782644596,18550.0,max_ac,3380.0,0.18221024258760107,0.18221024258760107,0.15016938768020252,2785.6421414677566,594.3578585322434,leave_one_system_out
1239,2019-05-17 16:00:00,1100.0,78.14625000000001,12.595002407600004,-0.8660254037844385,-0.5000000000000004,0.705583610107178,-0.7086266782644596,16.0,137,-0.8660254037844385,-0.5000000000000004,0.705583610107178,-0.7086266782644596,18550.0,max_ac,1100.0,0.05929919137466307,0.05929919137466307,0.03048573849709263,565.5104491210683,534.4895508789317,leave_one_system_out
1239,2019-05-17 17:00:00,350.0,44.1565,11.3183356388,-0.9659258262890684,-0.2588190451025206,0.705583610107178,-0.7086266782644596,17.0,137,-0.9659258262890683,-0.25881904510252063,0.705583610107178,-0.7086266782644596,18550.0,max_ac,350.0,0.018867924528301886,0.018867924528301886,-0.008358118892725308,-155.04310546005448,505.04310546005445,leave_one_system_out
1239,2019-05-17 18:00:00,-190.0,15.1405,10.250974442300002,-1.0,-1.8369701987210287e-16,0.705583610107178,-0.7086266782644596,18.0,137,-1.0,-1.8369701987210297e-16,0.705583610107178,-0.7086266782644596,18550.0,max_ac,-190.0,-0.010242587601078167,-0.010242587601078167,-0.015121076612966633,-280.49597117053105,90.49597117053105,leave_one_system_out
1239,2019-05-18 06:00:00,235.0,35.84425,5.538612954200003,1.0,6.123233995736766e-17,0.6932812268869777,-0.7206671495538609,6.0,138,1.0,6.123233995736766e-17,0.6932812268869777,-0.7206671495538609,18550.0,max_ac,235.0,0.012668463611859838,0.012668463611859838,0.004175291600833464,77.45165919546076,157.54834080453924,leave_one_system_out
1239,2019-05-18 07:00:00,1115.0,75.48474999999999,5.8127796428000025,0.9659258262890684,-0.2588190451025206,0.6932812268869777,-0.7206671495538609,7.0,138,0.9659258262890683,-0.25881904510252063,0.6932812268869777,-0.7206671495538609,18550.0,max_ac,1115.0,0.060107816711590295,0.060107816711590295,0.09883950029939287,1833.4727305537376,-718.4727305537376,leave_one_system_out
1239,2019-05-18 08:00:00,2255.0,129.502,6.767779719200001,0.8660254037844387,-0.4999999999999998,0.6932812268869777,-0.7206671495538609,8.0,138,0.8660254037844387,-0.4999999999999998,0.6932812268869777,-0.7206671495538609,18550.0,max_ac,2255.0,0.1215633423180593,0.1215633423180593,0.20287800137867484,3763.3869255744185,-1508.3869255744185,leave_one_system_out
1239,2019-05-18 09:00:00,7370.0,374.1075,9.334168813400002,0.7071067811865476,-0.7071067811865475,0.6932812268869777,-0.7206671495538609,9.0,138,0.7071067811865476,-0.7071067811865475,0.6932812268869777,-0.7206671495538609,18550.0,max_ac,7370.0,0.39730458221024256,0.39730458221024256,0.37316354893077214,6922.1838326658235,447.8161673341765,leave_one_system_out
1239,2019-05-18 10:00:00,7160.0,374.39125,11.218335630800002,0.4999999999999999,-0.8660254037844387,0.6932812268869777,-0.7206671495538609,10.0,138,0.49999999999999994,-0.8660254037844387,0.6932812268869777,-0.7206671495538609,18550.0,max_ac,7160.0,0.38598382749326143,0.38598382749326143,0.40946988351040653,7595.666339118041,-435.6663391180409,leave_one_system_out
1239,2019-05-18 11:00:00,8920.0,464.013,12.104446812800006,0.258819045102521,-0.9659258262890682,0.6932812268869777,-0.7206671495538609,11.0,138,0.258819045102521,-0.9659258262890682,0.6932812268869777,-0.7206671495538609,18550.0,max_ac,8920.0,0.48086253369272236,0.48086253369272236,0.45093138183726406,8364.777133081248,555.2228669187516,leave_one_system_out
1239,2019-05-18 12:00:00,6600.0,342.86675,11.301391193000002,1.2246467991473532e-16,-1.0,0.6932812268869777,-0.7206671495538609,12.0,138,1.2246467991473532e-16,-1.0,0.6932812268869777,-0.7206671495538609,18550.0,max_ac,6600.0,0.3557951482479784,0.3557951482479784,0.3769995321350379,6993.341321104953,-393.34132110495284,leave_one_system_out
1239,2019-05-18 13:00:00,10745.0,559.30725,13.517641370300003,-0.2588190451025208,-0.9659258262890684,0.6932812268869777,-0.7206671495538609,13.0,138,-0.2588190451025208,-0.9659258262890683,0.6932812268869777,-0.7206671495538609,18550.0,max_ac,10745.0,0.5792452830188679,0.5792452830188679,0.451456220814384,8374.512896106824,2370.487103893176,leave_one_system_out
1239,2019-05-18 14:00:00,4135.0,225.03625,13.744030277300004,-0.4999999999999997,-0.8660254037844388,0.6932812268869777,-0.7206671495538609,14.0,138,-0.4999999999999997,-0.8660254037844388,0.6932812268869777,-0.7206671495538609,18550.0,max_ac,4135.0,0.222911051212938,0.222911051212938,0.22458783266399018,4166.104295917018,-31.104295917018135,leave_one_system_out
1239,2019-05-18 15:00:00,6595.0,340.576,11.955280134200002,-0.7071067811865471,-0.7071067811865479,0.6932812268869777,-0.7206671495538609,15.0,138,-0.7071067811865471,-0.7071067811865479,0.6932812268869777,-0.7206671495538609,18550.0,max_ac,6595.0,0.3555256064690027,0.3555256064690027,0.2595190676770919,4814.078705410055,1780.9212945899453,leave_one_system_out
1239,2019-05-18 16:00:00,3385.0,188.101,13.326391355000004,-0.8660254037844385,-0.5000000000000004,0.6932812268869777,-0.7206671495538609,16.0,138,-0.8660254037844385,-0.5000000000000004,0.6932812268869777,-0.7206671495538609,18550.0,max_ac,3385.0,0.18247978436657683,0.18247978436657683,0.12750929529959465,2365.2974278074807,1019.7025721925193,leave_one_system_out
1239,2019-05-18 17:00:00,2740.0,167.55,14.313613656200005,-0.9659258262890684,-0.2588190451025206,0.6932812268869777,-0.7206671495538609,17.0,138,-0.9659258262890683,-0.25881904510252063,0.6932812268869777,-0.7206671495538609,18550.0,max_ac,2740.0,0.1477088948787062,0.1477088948787062,0.1193452523894793,2213.854431824841,526.145568175159,leave_one_system_out
1239,2019-05-18 18:00:00,990.0,81.89874999999999,12.990419105900004,-1.0,-1.8369701987210287e-16,0.6932812268869777,-0.7206671495538609,18.0,138,-1.0,-1.8369701987210297e-16,0.6932812268869777,-0.7206671495538609,18550.0,max_ac,990.0,0.053369272237196765,0.053369272237196765,0.06318332126190002,1172.0506094082452,-182.05060940824524,leave_one_system_out
1239,2019-05-19 06:00:00,890.0,63.31125,4.131112841600002,1.0,6.123233995736766e-17,0.6807734094770161,-0.7324940716135789,6.0,139,1.0,6.123233995736766e-17,0.6807734094770161,-0.7324940716135789,18550.0,max_ac,890.0,0.04797843665768194,0.04797843665768194,0.018937398295463315,351.2887383808445,538.7112616191555,leave_one_system_out
1239,2019-05-19 07:00:00,2470.0,137.15975,6.254307455900003,0.9659258262890684,-0.2588190451025206,0.6807734094770161,-0.7324940716135789,7.0,139,0.9659258262890683,-0.25881904510252063,0.6807734094770161,-0.7324940716135789,18550.0,max_ac,2470.0,0.13315363881401618,0.13315363881401618,0.13582504398268497,2519.554565878806,-49.55456587880599,leave_one_system_out
1239,2019-05-19 08:00:00,4855.0,260.6405,10.113196653500005,0.8660254037844387,-0.4999999999999998,0.6807734094770161,-0.7324940716135789,8.0,139,0.8660254037844387,-0.4999999999999998,0.6807734094770161,-0.7324940716135789,18550.0,max_ac,4855.0,0.26172506738544477,0.26172506738544477,0.27676139243484205,5133.92382966632,-278.92382966631976,leave_one_system_out
1239,2019-05-19 09:00:00,8830.0,473.2415,15.479447082800004,0.7071067811865476,-0.7071067811865475,0.6807734094770161,-0.7324940716135789,9.0,139,0.7071067811865476,-0.7071067811865475,0.6807734094770161,-0.7324940716135789,18550.0,max_ac,8830.0,0.476010781671159,0.476010781671159,0.43228358550861934,8018.860511184888,811.1394888151117,leave_one_system_out
1239,2019-05-19 10:00:00,8895.0,476.88475,15.323335959200003,0.4999999999999999,-0.8660254037844387,0.6807734094770161,-0.7324940716135789,10.0,139,0.49999999999999994,-0.8660254037844387,0.6807734094770161,-0.7324940716135789,18550.0,max_ac,8895.0,0.4795148247978437,0.4795148247978437,0.46217820394351716,8573.405683152243,321.594316847757,leave_one_system_out
1239,2019-05-19 11:00:00,7470.0,395.20425,15.056113715600004,0.258819045102521,-0.9659258262890682,0.6807734094770161,-0.7324940716135789,11.0,139,0.258819045102521,-0.9659258262890682,0.6807734094770161,-0.7324940716135789,18550.0,max_ac,7470.0,0.4026954177897574,0.4026954177897574,0.4354208139338957,8077.056098473765,-607.0560984737649,leave_one_system_out
1239,2019-05-19 12:00:00,5790.0,306.93525,14.097085861100002,1.2246467991473532e-16,-1.0,0.6807734094770161,-0.7324940716135789,12.0,139,1.2246467991473532e-16,-1.0,0.6807734094770161,-0.7324940716135789,18550.0,max_ac,5790.0,0.31212938005390833,0.31212938005390833,0.37253562676254665,6910.53587644524,-1120.5358764452403,leave_one_system_out
1239,2019-05-19 13:00:00,5530.0,289.678,13.821252505700006,-0.2588190451025208,-0.9659258262890684,0.6807734094770161,-0.7324940716135789,13.0,139,-0.2588190451025208,-0.9659258262890683,0.6807734094770161,-0.7324940716135789,18550.0,max_ac,5530.0,0.2981132075471698,0.2981132075471698,0.3172451689385323,5884.897883809774,-354.8978838097737,leave_one_system_out
1239,2019-05-19 14:00:00,4185.0,228.00325,13.291113574400002,-0.4999999999999997,-0.8660254037844388,0.6807734094770161,-0.7324940716135789,14.0,139,-0.4999999999999997,-0.8660254037844388,0.6807734094770161,-0.7324940716135789,18550.0,max_ac,4185.0,0.22560646900269543,0.22560646900269543,0.22695475960332714,4210.010790641719,-25.010790641718813,leave_one_system_out
1239,2019-05-19 15:00:00,1535.0,99.26475,12.408057948200003,-0.7071067811865471,-0.7071067811865479,0.6807734094770161,-0.7324940716135789,15.0,139,-0.7071067811865471,-0.7071067811865479,0.6807734094770161,-0.7324940716135789,18550.0,max_ac,1535.0,0.08274932614555255,0.08274932614555255,0.08541437080181591,1584.436578373685,-49.43657837368505,leave_one_system_out
1239,2019-05-19 16:00:00,1675.0,106.6385,12.005974582700002,-0.8660254037844385,-0.5000000000000004,0.6807734094770161,-0.7324940716135789,16.0,139,-0.8660254037844385,-0.5000000000000004,0.6807734094770161,-0.7324940716135789,18550.0,max_ac,1675.0,0.09029649595687332,0.09029649595687332,0.0557929507000291,1034.9592354855397,640.0407645144603,leave_one_system_out
1239,2019-05-19 17:00:00,790.0,62.3515,11.394446756000002,-0.9659258262890684,-0.2588190451025206,0.6807734094770161,-0.7324940716135789,17.0,139,-0.9659258262890683,-0.25881904510252063,0.6807734094770161,-0.7324940716135789,18550.0,max_ac,790.0,0.042587601078167114,0.042587601078167114,0.011000832056948684,204.06543465639808,585.9345653436019,leave_one_system_out
1239,2019-05-19 18:00:00,15.0,29.365,10.069585538900002,-1.0,-1.8369701987210287e-16,0.6807734094770161,-0.7324940716135789,18.0,139,-1.0,-1.8369701987210297e-16,0.6807734094770161,-0.7324940716135789,18550.0,max_ac,15.0,0.0008086253369272237,0.0008086253369272237,0.000641172598082107,11.893751694423086,3.106248305576914,leave_one_system_out
1239,2019-05-20 06:00:00,80.0,27.09625,6.657918599300004,1.0,6.123233995736766e-17,0.6680638642135335,-0.7441039398713607,6.0,140,1.0,6.123233995736766e-17,0.6680638642135335,-0.7441039398713607,18550.0,max_ac,80.0,0.00431266846361186,0.00431266846361186,0.00408573118895883,75.7903135551863,4.209686444813698,leave_one_system_out
1239,2019-05-20 07:00:00,-10.0,25.04525,6.829585279700002,0.9659258262890684,-0.2588190451025206,0.6680638642135335,-0.7441039398713607,7.0,140,0.9659258262890683,-0.25881904510252063,0.6680638642135335,-0.7441039398713607,18550.0,max_ac,-10.0,-0.0005390835579514825,-0.0005390835579514825,0.07779473763398947,1443.0923831105047,-1453.0923831105047,leave_one_system_out
1239,2019-05-20 08:00:00,480.0,43.96,7.106668635200004,0.8660254037844387,-0.4999999999999998,0.6680638642135335,-0.7441039398713607,8.0,140,0.8660254037844387,-0.4999999999999998,0.6680638642135335,-0.7441039398713607,18550.0,max_ac,480.0,0.02587601078167116,0.02587601078167116,0.16820495738447233,3120.2019594819617,-2640.2019594819617,leave_one_system_out
1239,2019-05-20 09:00:00,1170.0,72.23425,7.9994464844000035,0.7071067811865476,-0.7071067811865475,0.6680638642135335,-0.7441039398713607,9.0,140,0.7071067811865476,-0.7071067811865475,0.6680638642135335,-0.7441039398713607,18550.0,max_ac,1170.0,0.06307277628032346,0.06307277628032346,0.24971598633837655,4632.231546576885,-3462.231546576885,leave_one_system_out
1239,2019-05-20 10:00:00,2060.0,114.929,8.450835409400003,0.4999999999999999,-0.8660254037844387,0.6680638642135335,-0.7441039398713607,10.0,140,0.49999999999999994,-0.8660254037844387,0.6680638642135335,-0.7441039398713607,18550.0,max_ac,2060.0,0.11105121293800539,0.11105121293800539,0.3048381971534286,5654.748557196101,-3594.7485571961006,leave_one_system_out
1239,2019-05-20 11:00:00,2435.0,133.01475,9.380557706000005,0.258819045102521,-0.9659258262890682,0.6680638642135335,-0.7441039398713607,11.0,140,0.258819045102521,-0.9659258262890682,0.6680638642135335,-0.7441039398713607,18550.0,max_ac,2435.0,0.131266846361186,0.131266846361186,0.3162093493203433,5865.683429892368,-3430.6834298923677,leave_one_system_out
1239,2019-05-20 12:00:00,3075.0,169.6225,10.072224428000002,1.2246467991473532e-16,-1.0,0.6680638642135335,-0.7441039398713607,12.0,140,1.2246467991473532e-16,-1.0,0.6680638642135335,-0.7441039398713607,18550.0,max_ac,3075.0,0.16576819407008087,0.16576819407008087,0.3013503857117544,5590.0496549530435,-2515.0496549530435,leave_one_system_out
1239,2019-05-20 13:00:00,4400.0,232.62825,11.193057851000004,-0.2588190451025208,-0.9659258262890684,0.6680638642135335,-0.7441039398713607,13.0,140,-0.2588190451025208,-0.9659258262890683,0.6680638642135335,-0.7441039398713607,18550.0,max_ac,4400.0,0.2371967654986523,0.2371967654986523,0.28215321315566616,5233.942104037607,-833.9421040376074,leave_one_system_out
1239,2019-05-20 14:00:00,5210.0,271.8545,12.471391286600005,-0.4999999999999997,-0.8660254037844388,0.6680638642135335,-0.7441039398713607,14.0,140,-0.4999999999999997,-0.8660254037844388,0.6680638642135335,-0.7441039398713607,18550.0,max_ac,5210.0,0.28086253369272235,0.28086253369272235,0.25320119313427447,4696.8821326407915,513.1178673592085,leave_one_system_out
1239,2019-05-20 15:00:00,3960.0,208.04125,13.039446887600002,-0.7071067811865471,-0.7071067811865479,0.6680638642135335,-0.7441039398713607,15.0,140,-0.7071067811865471,-0.7071067811865479,0.6680638642135335,-0.7441039398713607,18550.0,max_ac,3960.0,0.21347708894878706,0.21347708894878706,0.16773651220744928,3111.512301448184,848.4876985518158,leave_one_system_out
1239,2019-05-20 16:00:00,65.0,27.33575,11.803335677600003,-0.8660254037844385,-0.5000000000000004,0.6680638642135335,-0.7441039398713607,16.0,140,-0.8660254037844385,-0.5000000000000004,0.6680638642135335,-0.7441039398713607,18550.0,max_ac,65.0,0.003504043126684636,0.003504043126684636,-0.011737009664501863,-217.72152927650956,282.72152927650956,leave_one_system_out
1239,2019-05-20 17:00:00,-150.0,15.599,11.108613399800005,-0.9659258262890684,-0.2588190451025206,0.6680638642135335,-0.7441039398713607,17.0,140,-0.9659258262890683,-0.25881904510252063,0.6680638642135335,-0.7441039398713607,18550.0,max_ac,-150.0,-0.008086253369272238,-0.008086253369272238,-0.03532276543379004,-655.2372987968052,505.23729879680525,leave_one_system_out
1239,2019-05-20 18:00:00,1090.0,72.47375,11.140974513500002,-1.0,-1.8369701987210287e-16,0.6680638642135335,-0.7441039398713607,18.0,140,-1.0,-1.8369701987210297e-16,0.6680638642135335,-0.7441039398713607,18550.0,max_ac,1090.0,0.05876010781671159,0.05876010781671159,0.05029318977644026,932.9386703529668,157.06132964703318,leave_one_system_out
1239,2019-05-21 06:00:00,225.0,40.8185,9.620974391900004,1.0,6.123233995736766e-17,0.6551563572090853,-0.7554933140726803,6.0,141,1.0,6.123233995736766e-17,0.6551563572090853,-0.7554933140726803,18550.0,max_ac,225.0,0.012129380053908356,0.012129380053908356,0.02355303425979155,436.90878551913323,-211.90878551913323,leave_one_system_out
1239,2019-05-21 07:00:00,1415.0,85.5205,11.070696730100003,0.9659258262890684,-0.2588190451025206,0.6551563572090853,-0.7554933140726803,7.0,141,0.9659258262890683,-0.25881904510252063,0.6551563572090853,-0.7554933140726803,18550.0,max_ac,1415.0,0.07628032345013477,0.07628032345013477,0.12714571762578014,2358.5530619582214,-943.5530619582214,leave_one_system_out
1239,2019-05-21 08:00:00,2465.0,134.651,10.623613361000002,0.8660254037844387,-0.4999999999999998,0.6551563572090853,-0.7554933140726803,8.0,141,0.8660254037844387,-0.4999999999999998,0.6551563572090853,-0.7554933140726803,18550.0,max_ac,2465.0,0.13288409703504042,0.13288409703504042,0.2249919903338528,4173.601420692969,-1708.6014206929694,leave_one_system_out
1239,2019-05-21 09:00:00,2950.0,154.85275,9.1188910184,0.7071067811865476,-0.7071067811865475,0.6551563572090853,-0.7554933140726803,9.0,141,0.7071067811865476,-0.7071067811865475,0.6551563572090853,-0.7554933140726803,18550.0,max_ac,2950.0,0.15902964959568733,0.15902964959568733,0.28976983855894733,5375.230505268473,-2425.2305052684733,leave_one_system_out
1239,2019-05-21 10:00:00,3895.0,195.86775,8.608335422,0.4999999999999999,-0.8660254037844387,0.6551563572090853,-0.7554933140726803,10.0,141,0.49999999999999994,-0.8660254037844387,0.6551563572090853,-0.7554933140726803,18550.0,max_ac,3895.0,0.20997304582210244,0.20997304582210244,0.3388891749304067,6286.394194959044,-2391.3941949590444,leave_one_system_out
1239,2019-05-21 11:00:00,4840.0,236.49,8.968474339700006,0.258819045102521,-0.9659258262890682,0.6551563572090853,-0.7554933140726803,11.0,141,0.258819045102521,-0.9659258262890682,0.6551563572090853,-0.7554933140726803,18550.0,max_ac,4840.0,0.2609164420485175,0.2609164420485175,0.3579422336935968,6639.82843501622,-1799.8284350162203,leave_one_system_out
1239,2019-05-21 12:00:00,4845.0,236.206,8.494446524000004,1.2246467991473532e-16,-1.0,0.6551563572090853,-0.7554933140726803,12.0,141,1.2246467991473532e-16,-1.0,0.6551563572090853,-0.7554933140726803,18550.0,max_ac,4845.0,0.26118598382749325,0.26118598382749325,0.3274223988458975,6073.685498591399,-1228.6854985913988,leave_one_system_out
1239,2019-05-21 13:00:00,5725.0,282.47875,9.037363234100004,-0.2588190451025208,-0.9659258262890684,0.6551563572090853,-0.7554933140726803,13.0,141,-0.2588190451025208,-0.9659258262890683,0.6551563572090853,-0.7554933140726803,18550.0,max_ac,5725.0,0.3086253369272237,0.3086253369272237,0.30324839712238,5625.257766620149,99.74223337985131,leave_one_system_out
1239,2019-05-21 14:00:00,4975.0,252.4375,9.055696568900002,-0.4999999999999997,-0.8660254037844388,0.6551563572090853,-0.7554933140726803,14.0,141,-0.4999999999999997,-0.8660254037844388,0.6551563572090853,-0.7554933140726803,18550.0,max_ac,4975.0,0.26819407008086255,0.26819407008086255,0.23379389025881975,4336.876664301107,638.1233356988932,leave_one_system_out
1239,2019-05-21 15:00:00,4725.0,244.6275,9.0359743451,-0.7071067811865471,-0.7071067811865479,0.6551563572090853,-0.7554933140726803,15.0,141,-0.7071067811865471,-0.7071067811865479,0.6551563572090853,-0.7554933140726803,18550.0,max_ac,4725.0,0.25471698113207547,0.25471698113207547,0.1865539775348638,3460.5762832717237,1264.4237167282763,leave_one_system_out
1239,2019-05-21 16:00:00,6025.0,308.06925,9.737641067900004,-0.8660254037844385,-0.5000000000000004,0.6551563572090853,-0.7554933140726803,16.0,141,-0.8660254037844385,-0.5000000000000004,0.6551563572090853,-0.7554933140726803,18550.0,max_ac,6025.0,0.3247978436657682,0.3247978436657682,0.22733426287947817,4217.05057641432,1807.94942358568,leave_one_system_out
1239,2019-05-21 17:00:00,2545.0,145.71175,8.314446509600003,-0.9659258262890684,-0.2588190451025206,0.6551563572090853,-0.7554933140726803,17.0,141,-0.9659258262890683,-0.25881904510252063,0.6551563572090853,-0.7554933140726803,18550.0,max_ac,2545.0,0.13719676549865228,0.13719676549865228,0.08981016918128071,1665.978638312757,879.0213616872429,leave_one_system_out
1239,2019-05-21 18:00:00,805.0,60.8895,6.680557490000002,-1.0,-1.8369701987210287e-16,0.6551563572090853,-0.7554933140726803,18.0,141,-1.0,-1.8369701987210297e-16,0.6551563572090853,-0.7554933140726803,18550.0,max_ac,805.0,0.04339622641509434,0.04339622641509434,0.03137625915097941,582.0296072506682,222.97039274933184,leave_one_system_out
1239,2019-05-22 06:00:00,880.0,62.155,6.1602796706000005,1.0,6.123233995736766e-17,0.6420547132365637,-0.766658819300159,6.0,142,1.0,6.123233995736766e-17,0.6420547132365637,-0.766658819300159,18550.0,max_ac,880.0,0.04743935309973046,0.04743935309973046,0.02739860459160326,508.24411517424045,371.75588482575955,leave_one_system_out
1239,2019-05-22 07:00:00,1840.0,106.617,6.6270852635000015,0.9659258262890684,-0.2588190451025206,0.6420547132365637,-0.766658819300159,7.0,142,0.9659258262890683,-0.25881904510252063,0.6420547132365637,-0.766658819300159,18550.0,max_ac,1840.0,0.09919137466307278,0.09919137466307278,0.12454937540104699,2310.3909136894217,-470.3909136894217,leave_one_system_out
1239,2019-05-22 08:00:00,3465.0,186.53025,7.589029784900001,0.8660254037844387,-0.4999999999999998,0.6420547132365637,-0.766658819300159,8.0,142,0.8660254037844387,-0.4999999999999998,0.6420547132365637,-0.766658819300159,18550.0,max_ac,3465.0,0.18679245283018867,0.18679245283018867,0.23950206572221727,4442.7633191471305,-977.7633191471305,leave_one_system_out
1239,2019-05-22 09:00:00,4680.0,246.089,8.795418770300003,0.7071067811865476,-0.7071067811865475,0.6420547132365637,-0.766658819300159,9.0,142,0.7071067811865476,-0.7071067811865475,0.6420547132365637,-0.766658819300159,18550.0,max_ac,4680.0,0.2522911051212938,0.2522911051212938,0.32738589292481307,6073.008313755283,-1393.0083137552829,leave_one_system_out
1239,2019-05-22 10:00:00,6160.0,314.636,10.294585556900005,0.4999999999999999,-0.8660254037844387,0.6420547132365637,-0.766658819300159,10.0,142,0.49999999999999994,-0.8660254037844387,0.6420547132365637,-0.766658819300159,18550.0,max_ac,6160.0,0.3320754716981132,0.3320754716981132,0.3924071531442724,7279.152690826253,-1119.152690826253,leave_one_system_out
1239,2019-05-22 11:00:00,7765.0,394.2225,10.893613382600002,0.258819045102521,-0.9659258262890682,0.6420547132365637,-0.766658819300159,11.0,142,0.258819045102521,-0.9659258262890682,0.6420547132365637,-0.766658819300159,18550.0,max_ac,7765.0,0.41859838274932615,0.41859838274932615,0.42864414261732386,7951.348845551358,-186.34884555135795,leave_one_system_out
1239,2019-05-22 12:00:00,9510.0,489.56,12.4854190655,1.2246467991473532e-16,-1.0,0.6420547132365637,-0.766658819300159,12.0,142,1.2246467991473532e-16,-1.0,0.6420547132365637,-0.766658819300159,18550.0,max_ac,9510.0,0.5126684636118598,0.5126684636118598,0.4526650923044696,8396.937462247912,1113.0625377520882,leave_one_system_out
1239,2019-05-22 13:00:00,7700.0,397.5165,12.616391298200003,-0.2588190451025208,-0.9659258262890684,0.6420547132365637,-0.766658819300159,13.0,142,-0.2588190451025208,-0.9659258262890683,0.6420547132365637,-0.766658819300159,18550.0,max_ac,7700.0,0.41509433962264153,0.41509433962264153,0.374382274763032,6944.791196854243,755.208803145757,leave_one_system_out
1239,2019-05-22 14:00:00,16665.0,863.9297499999999,14.812780362800003,-0.4999999999999997,-0.8660254037844388,0.6420547132365637,-0.766658819300159,14.0,142,-0.4999999999999997,-0.8660254037844388,0.6420547132365637,-0.766658819300159,18550.0,max_ac,16665.0,0.8983827493261456,0.8983827493261456,0.6198808997421885,11498.790690217596,5166.209309782404,leave_one_system_out
1239,2019-05-22 15:00:00,6800.0,357.789,14.362780326800005,-0.7071067811865471,-0.7071067811865479,0.6420547132365637,-0.766658819300159,15.0,142,-0.7071067811865471,-0.7071067811865479,0.6420547132365637,-0.766658819300159,18550.0,max_ac,6800.0,0.3665768194070081,0.3665768194070081,0.281714838618703,5225.810256376941,1574.1897436230593,leave_one_system_out
1239,2019-05-22 16:00:00,6500.0,352.31325,14.305141433300005,-0.8660254037844385,-0.5000000000000004,0.6420547132365637,-0.766658819300159,16.0,142,-0.8660254037844385,-0.5000000000000004,0.6420547132365637,-0.766658819300159,18550.0,max_ac,6500.0,0.3504043126684636,0.3504043126684636,0.2728779151124427,5061.885325335812,1438.114674664188,leave_one_system_out
1239,2019-05-22 17:00:00,4265.0,241.09325,14.248752539900003,-0.9659258262890684,-0.2588190451025206,0.6420547132365637,-0.766658819300159,17.0,142,-0.9659258262890683,-0.25881904510252063,0.6420547132365637,-0.766658819300159,18550.0,max_ac,4265.0,0.22991913746630727,0.22991913746630727,0.19313461518295708,3582.647111643854,682.3528883561462,leave_one_system_out
1239,2019-05-22 18:00:00,1435.0,126.7315,13.789308058700003,-1.0,-1.8369701987210287e-16,0.6420547132365637,-0.766658819300159,18.0,142,-1.0,-1.8369701987210297e-16,0.6420547132365637,-0.766658819300159,18550.0,max_ac,1435.0,0.07735849056603773,0.07735849056603773,0.11374700254108655,2110.0068971371556,-675.0068971371556,leave_one_system_out
1239,2019-05-23 06:00:00,935.0,63.5295,4.378473972500003,1.0,6.123233995736766e-17,0.6287628145958344,-0.7775971469736269,6.0,143,1.0,6.123233995736766e-17,0.6287628145958344,-0.7775971469736269,18550.0,max_ac,935.0,0.05040431266846361,0.05040431266846361,0.023707997814228998,439.7833594539479,495.2166405460521,leave_one_system_out
1239,2019-05-23 07:00:00,2750.0,149.98775,6.996807515300002,0.9659258262890684,-0.2588190451025206,0.6287628145958344,-0.7775971469736269,7.0,143,0.9659258262890683,-0.25881904510252063,0.6287628145958344,-0.7775971469736269,18550.0,max_ac,2750.0,0.14824797843665768,0.14824797843665768,0.1507869181251948,2797.097331222363,-47.09733122236321,leave_one_system_out
1239,2019-05-23 08:00:00,3200.0,172.197,10.693891144400002,0.8660254037844387,-0.4999999999999998,0.6287628145958344,-0.7775971469736269,8.0,143,0.8660254037844387,-0.4999999999999998,0.6287628145958344,-0.7775971469736269,18550.0,max_ac,3200.0,0.1725067385444744,0.1725067385444744,0.24569242961732496,4557.594569401378,-1357.594569401378,leave_one_system_out
1239,2019-05-23 09:00:00,8145.0,422.03825,13.378474692500005,0.7071067811865476,-0.7071067811865475,0.6287628145958344,-0.7775971469736269,9.0,143,0.7071067811865476,-0.7071067811865475,0.6287628145958344,-0.7775971469736269,18550.0,max_ac,8145.0,0.43908355795148246,0.43908355795148246,0.4137768807888602,7675.561138633357,469.4388613666433,leave_one_system_out
1239,2019-05-23 10:00:00,9980.0,532.16775,16.297780481600004,0.4999999999999999,-0.8660254037844387,0.6287628145958344,-0.7775971469736269,10.0,143,0.49999999999999994,-0.8660254037844387,0.6287628145958344,-0.7775971469736269,18550.0,max_ac,9980.0,0.5380053908355795,0.5380053908355795,0.4928177396692668,9141.769070864899,838.2309291351012,leave_one_system_out
1239,2019-05-23 11:00:00,14665.0,795.1865,18.1905584108,0.258819045102521,-0.9659258262890682,0.6287628145958344,-0.7775971469736269,11.0,143,0.258819045102521,-0.9659258262890682,0.6287628145958344,-0.7775971469736269,18550.0,max_ac,14665.0,0.7905660377358491,0.7905660377358491,0.6001874481510834,11133.477163202597,3531.522836797403,leave_one_system_out
1239,2019-05-23 12:00:00,16270.0,894.8217500000001,18.6475028918,1.2246467991473532e-16,-1.0,0.6287628145958344,-0.7775971469736269,12.0,143,1.2246467991473532e-16,-1.0,0.6287628145958344,-0.7775971469736269,18550.0,max_ac,16270.0,0.877088948787062,0.877088948787062,0.6376681937667916,11828.744994373985,4441.255005626015,leave_one_system_out
1239,2019-05-23 13:00:00,16420.0,919.8235,20.693891944400004,-0.2588190451025208,-0.9659258262890684,0.6287628145958344,-0.7775971469736269,13.0,143,-0.2588190451025208,-0.9659258262890683,0.6287628145958344,-0.7775971469736269,18550.0,max_ac,16420.0,0.8851752021563343,0.8851752021563343,0.6489163468563937,12037.398234186103,4382.601765813897,leave_one_system_out
1239,2019-05-23 14:00:00,14720.0,830.35425,23.942086648700005,-0.4999999999999997,-0.8660254037844388,0.6287628145958344,-0.7775971469736269,14.0,143,-0.4999999999999997,-0.8660254037844388,0.6287628145958344,-0.7775971469736269,18550.0,max_ac,14720.0,0.7935309973045822,0.7935309973045822,0.607831318220843,11275.270952996638,3444.729047003362,leave_one_system_out
1239,2019-05-23 15:00:00,9565.0,530.7495,22.372919856500005,-0.7071067811865471,-0.7071067811865479,0.6287628145958344,-0.7775971469736269,15.0,143,-0.7071067811865471,-0.7071067811865479,0.6287628145958344,-0.7775971469736269,18550.0,max_ac,9565.0,0.515633423180593,0.515633423180593,0.41852483660722556,7763.635719064034,1801.3642809359662,leave_one_system_out
1239,2019-05-23 16:00:00,5641.75,322.3375,19.7670863147,-0.8660254037844385,-0.5000000000000004,0.6287628145958344,-0.7775971469736269,16.0,143,-0.8660254037844385,-0.5000000000000004,0.6287628145958344,-0.7775971469736269,18550.0,max_ac,5641.75,0.3041374663072776,0.3041374663072776,0.2566080246859261,4760.078857923929,881.6711420760712,leave_one_system_out
1239,2019-05-23 17:00:00,1660.0,108.27475,17.526947246600002,-0.9659258262890684,-0.2588190451025206,0.6287628145958344,-0.7775971469736269,17.0,143,-0.9659258262890683,-0.25881904510252063,0.6287628145958344,-0.7775971469736269,18550.0,max_ac,1660.0,0.08948787061994609,0.08948787061994609,0.06928090830032202,1285.1608489709733,374.83915102902665,leave_one_system_out
1239,2019-05-23 18:00:00,145.0,34.07725,16.249863811100006,-1.0,-1.8369701987210287e-16,0.6287628145958344,-0.7775971469736269,18.0,143,-1.0,-1.8369701987210297e-16,0.6287628145958344,-0.7775971469736269,18550.0,max_ac,145.0,0.007816711590296496,0.007816711590296496,0.015357054007701543,284.8733518428636,-139.8733518428636,leave_one_system_out
1239,2019-05-24 06:00:00,35.0,27.2705,8.678890983200004,1.0,6.123233995736766e-17,0.6152845999633276,-0.7883050558305255,6.0,144,1.0,6.123233995736766e-17,0.6152845999633276,-0.7883050558305255,18550.0,max_ac,35.0,0.0018867924528301887,0.0018867924528301887,0.014812263127277403,274.7674810109958,-239.76748101099582,leave_one_system_out
1239,2019-05-24 07:00:00,1270.0,76.27000000000001,8.960141005700002,0.9659258262890684,-0.2588190451025206,0.6152845999633276,-0.7883050558305255,7.0,144,0.9659258262890683,-0.25881904510252063,0.6152845999633276,-0.7883050558305255,18550.0,max_ac,1270.0,0.06846361185983828,0.06846361185983828,0.11906732721371766,2208.6989198144624,-938.6989198144624,leave_one_system_out
1239,2019-05-24 08:00:00,3255.0,168.37900000000002,9.719446622000005,0.8660254037844387,-0.4999999999999998,0.6152845999633276,-0.7883050558305255,8.0,144,0.8660254037844387,-0.4999999999999998,0.6152845999633276,-0.7883050558305255,18550.0,max_ac,3255.0,0.17547169811320754,0.17547169811320754,0.24222076565337203,4493.195202870051,-1238.1952028700507,leave_one_system_out
1239,2019-05-24 09:00:00,4545.0,228.4395,10.310141113700002,0.7071067811865476,-0.7071067811865475,0.6152845999633276,-0.7883050558305255,9.0,144,0.7071067811865476,-0.7071067811865475,0.6152845999633276,-0.7883050558305255,18550.0,max_ac,4545.0,0.2450134770889488,0.2450134770889488,0.32971842615147373,6116.276805109837,-1571.2768051098374,leave_one_system_out
1239,2019-05-24 10:00:00,9175.0,457.774,12.257502380600004,0.4999999999999999,-0.8660254037844387,0.6152845999633276,-0.7883050558305255,10.0,144,0.49999999999999994,-0.8660254037844387,0.6152845999633276,-0.7883050558305255,18550.0,max_ac,9175.0,0.4946091644204852,0.4946091644204852,0.45629019595490683,8464.183134963521,710.8168650364787,leave_one_system_out
1239,2019-05-24 11:00:00,8880.0,479.32825,13.8876413999,0.258819045102521,-0.9659258262890682,0.6152845999633276,-0.7883050558305255,11.0,144,0.258819045102521,-0.9659258262890682,0.6152845999633276,-0.7883050558305255,18550.0,max_ac,8880.0,0.4787061994609164,0.4787061994609164,0.4743828499437472,8799.80186645651,80.19813354349026,leave_one_system_out
1239,2019-05-24 12:00:00,10135.0,547.13375,14.943613706600004,1.2246467991473532e-16,-1.0,0.6152845999633276,-0.7883050558305255,12.0,144,1.2246467991473532e-16,-1.0,0.6152845999633276,-0.7883050558305255,18550.0,max_ac,10135.0,0.5463611859838275,0.5463611859838275,0.4873455699464575,9040.260322506787,1094.739677493213,leave_one_system_out
1239,2019-05-24 13:00:00,15180.0,798.7205,17.472086131100006,-0.2588190451025208,-0.9659258262890684,0.6152845999633276,-0.7883050558305255,13.0,144,-0.2588190451025208,-0.9659258262890683,0.6152845999633276,-0.7883050558305255,18550.0,max_ac,15180.0,0.8183288409703504,0.8183288409703504,0.5878010166634406,10903.708859106824,4276.291140893176,leave_one_system_out
1239,2019-05-24 14:00:00,14090.0,771.12275,20.248058575400005,-0.4999999999999997,-0.8660254037844388,0.6152845999633276,-0.7883050558305255,14.0,144,-0.4999999999999997,-0.8660254037844388,0.6152845999633276,-0.7883050558305255,18550.0,max_ac,14090.0,0.7595687331536388,0.7595687331536388,0.5714538316431733,10600.468576980866,3489.5314230191343,leave_one_system_out
1239,2019-05-24 15:00:00,12475.0,680.781,20.664169719800004,-0.7071067811865471,-0.7071067811865479,0.6152845999633276,-0.7883050558305255,15.0,144,-0.7071067811865471,-0.7071067811865479,0.6152845999633276,-0.7883050558305255,18550.0,max_ac,12475.0,0.6725067385444744,0.6725067385444744,0.5223333071421667,9689.282847487193,2785.717152512807,leave_one_system_out
1239,2019-05-24 16:00:00,9825.0,554.07125,21.713336470400005,-0.8660254037844385,-0.5000000000000004,0.6152845999633276,-0.7883050558305255,16.0,144,-0.8660254037844385,-0.5000000000000004,0.6152845999633276,-0.7883050558305255,18550.0,max_ac,9825.0,0.5296495956873315,0.5296495956873315,0.45146655231863936,8374.70454551076,1450.29545448924,leave_one_system_out
1239,2019-05-24 17:00:00,6175.0,402.927,20.959447521200005,-0.9659258262890684,-0.2588190451025206,0.6152845999633276,-0.7883050558305255,17.0,144,-0.9659258262890683,-0.25881904510252063,0.6152845999633276,-0.7883050558305255,18550.0,max_ac,6175.0,0.3328840970350404,0.3328840970350404,0.3573401706937287,6628.660166368667,-453.660166368667,leave_one_system_out
1239,2019-05-24 18:00:00,985.0,80.54625,18.477502878200006,-1.0,-1.8369701987210287e-16,0.6152845999633276,-0.7883050558305255,18.0,144,-1.0,-1.8369701987210297e-16,0.6152845999633276,-0.7883050558305255,18550.0,max_ac,985.0,0.05309973045822102,0.05309973045822102,0.06922291758513327,1284.085121204222,-299.0851212042221,leave_one_system_out
1239,2019-05-25 06:00:00,2325.0,182.407,7.771807577300004,1.0,6.123233995736766e-17,0.6016240632249226,-0.7987793728863649,6.0,145,1.0,6.123233995736766e-17,0.6016240632249226,-0.7987793728863649,18550.0,max_ac,2325.0,0.12533692722371967,0.12533692722371967,0.11290196959403914,2094.331535969426,230.6684640305739,leave_one_system_out
1239,2019-05-25 07:00:00,5475.0,345.41925000000003,12.931252434500005,0.9659258262890684,-0.2588190451025206,0.6016240632249226,-0.7987793728863649,7.0,145,0.9659258262890683,-0.25881904510252063,0.6016240632249226,-0.7987793728863649,18550.0,max_ac,5475.0,0.29514824797843664,0.29514824797843664,0.2750829313425616,5102.788376404518,372.2116235954818,leave_one_system_out
1239,2019-05-25 08:00:00,9465.75,521.6957500000001,17.064308320700004,0.8660254037844387,-0.4999999999999998,0.6016240632249226,-0.7987793728863649,8.0,145,0.8660254037844387,-0.4999999999999998,0.6016240632249226,-0.7987793728863649,18550.0,max_ac,9465.75,0.5102830188679245,0.5102830188679245,0.4210098286422313,7809.7323213133905,1656.0176786866095,leave_one_system_out
1239,2019-05-25 09:00:00,11780.0,652.7035,21.609169795400003,0.7071067811865476,-0.7071067811865475,0.6016240632249226,-0.7987793728863649,9.0,145,0.7071067811865476,-0.7071067811865475,0.6016240632249226,-0.7987793728863649,18550.0,max_ac,11780.0,0.6350404312668464,0.6350404312668464,0.5247131135187529,9733.428255772867,2046.5717442271325,leave_one_system_out
1239,2019-05-25 10:00:00,14015.0,798.4367500000001,25.97417014460001,0.4999999999999999,-0.8660254037844387,0.6016240632249226,-0.7987793728863649,10.0,145,0.49999999999999994,-0.8660254037844387,0.6016240632249226,-0.7987793728863649,18550.0,max_ac,14015.0,0.7555256064690027,0.7555256064690027,0.6093420194135175,11303.29446012075,2711.705539879251,leave_one_system_out
1239,2019-05-25 11:00:00,13995.0,799.942,26.221670164400003,0.258819045102521,-0.9659258262890682,0.6016240632249226,-0.7987793728863649,11.0,145,0.258819045102521,-0.9659258262890682,0.6016240632249226,-0.7987793728863649,18550.0,max_ac,13995.0,0.7544474393530998,0.7544474393530998,0.6196634886717028,11494.757714860089,2500.2422851399115,leave_one_system_out
1239,2019-05-25 12:00:00,14040.75,774.6135,23.534308838300003,1.2246467991473532e-16,-1.0,0.6016240632249226,-0.7987793728863649,12.0,145,1.2246467991473532e-16,-1.0,0.6016240632249226,-0.7987793728863649,18550.0,max_ac,14040.75,0.7569137466307277,0.7569137466307277,0.5996820506885694,11124.102040272963,2916.6479597270372,leave_one_system_out
1239,2019-05-25 13:00:00,12745.0,718.39225,24.2572255628,-0.2588190451025208,-0.9659258262890684,0.6016240632249226,-0.7987793728863649,13.0,145,-0.2588190451025208,-0.9659258262890683,0.6016240632249226,-0.7987793728863649,18550.0,max_ac,12745.0,0.6870619946091644,0.6870619946091644,0.5606345346619848,10399.770617979817,2345.229382020183,leave_one_system_out
1239,2019-05-25 14:00:00,12545.0,705.1935000000001,25.612920115700003,-0.4999999999999997,-0.8660254037844388,0.6016240632249226,-0.7987793728863649,14.0,145,-0.4999999999999997,-0.8660254037844388,0.6016240632249226,-0.7987793728863649,18550.0,max_ac,12545.0,0.6762803234501348,0.6762803234501348,0.5409937953877881,10035.43490444347,2509.5650955565307,leave_one_system_out
1239,2019-05-25 15:00:00,10075.0,568.51375,24.895697836100005,-0.7071067811865471,-0.7071067811865479,0.6016240632249226,-0.7987793728863649,15.0,145,-0.7071067811865471,-0.7071067811865479,0.6016240632249226,-0.7987793728863649,18550.0,max_ac,10075.0,0.5431266846361186,0.5431266846361186,0.4500423032053381,8348.284724459021,1726.7152755409788,leave_one_system_out
1239,2019-05-25 16:00:00,7760.0,454.82875,24.83653116470001,-0.8660254037844385,-0.5000000000000004,0.6016240632249226,-0.7987793728863649,16.0,145,-0.8660254037844385,-0.5000000000000004,0.6016240632249226,-0.7987793728863649,18550.0,max_ac,7760.0,0.4183288409703504,0.4183288409703504,0.3738519198624515,6934.953113448475,825.046886551525,leave_one_system_out
1239,2019-05-25 17:00:00,4535.0,284.6605,23.184308810300003,-0.9659258262890684,-0.2588190451025206,0.6016240632249226,-0.7987793728863649,17.0,145,-0.9659258262890683,-0.25881904510252063,0.6016240632249226,-0.7987793728863649,18550.0,max_ac,4535.0,0.2444743935309973,0.2444743935309973,0.2472896996319348,4587.2239281723905,-52.223928172390515,leave_one_system_out
1239,2019-05-25 18:00:00,1580.0,115.9325,21.676808689700003,-1.0,-1.8369701987210287e-16,0.6016240632249226,-0.7987793728863649,18.0,145,-1.0,-1.8369701987210297e-16,0.6016240632249226,-0.7987793728863649,18550.0,max_ac,1580.0,0.08517520215633423,0.08517520215633423,0.11165723673597,2071.2417414522433,-491.24174145224333,leave_one_system_out
1239,2019-05-26 06:00:00,330.0,34.36075,9.1595854661,1.0,6.123233995736766e-17,0.5877852522924732,-0.8090169943749473,6.0,146,1.0,6.123233995736766e-17,0.5877852522924732,-0.8090169943749473,18550.0,max_ac,330.0,0.01778975741239892,0.01778975741239892,0.022856230286324497,423.9830718113194,-93.9830718113194,leave_one_system_out
1239,2019-05-26 07:00:00,385.0,40.49125,9.452224378400004,0.9659258262890684,-0.2588190451025206,0.5877852522924732,-0.8090169943749473,7.0,146,0.9659258262890683,-0.25881904510252063,0.5877852522924732,-0.8090169943749473,18550.0,max_ac,385.0,0.020754716981132074,0.020754716981132074,0.10454977812161403,1939.3983841559404,-1554.3983841559404,leave_one_system_out
1239,2019-05-26 08:00:00,985.0,67.49975,9.006391009400003,0.8660254037844387,-0.4999999999999998,0.5877852522924732,-0.8090169943749473,8.0,146,0.8660254037844387,-0.4999999999999998,0.5877852522924732,-0.8090169943749473,18550.0,max_ac,985.0,0.05309973045822102,0.05309973045822102,0.1975369570862302,3664.3105539495705,-2679.3105539495705,leave_one_system_out
1239,2019-05-26 09:00:00,1370.0,82.07325,9.577363277300002,0.7071067811865476,-0.7071067811865475,0.5877852522924732,-0.8090169943749473,9.0,146,0.7071067811865476,-0.7071067811865475,0.5877852522924732,-0.8090169943749473,18550.0,max_ac,1370.0,0.0738544474393531,0.0738544474393531,0.2730101592743577,5064.338454539335,-3694.3384545393346,leave_one_system_out
1239,2019-05-26 10:00:00,2195.0,116.3905,9.626529947900003,0.4999999999999999,-0.8660254037844387,0.5877852522924732,-0.8090169943749473,10.0,146,0.49999999999999994,-0.8660254037844387,0.5877852522924732,-0.8090169943749473,18550.0,max_ac,2195.0,0.1183288409703504,0.1183288409703504,0.32404334672595037,6011.004081766379,-3816.0040817663794,leave_one_system_out
1239,2019-05-26 11:00:00,2290.0,124.288,10.179307769900005,0.258819045102521,-0.9659258262890682,0.5877852522924732,-0.8090169943749473,11.0,146,0.258819045102521,-0.9659258262890682,0.5877852522924732,-0.8090169943749473,18550.0,max_ac,2290.0,0.1234501347708895,0.1234501347708895,0.3302472062024479,6126.0856750554085,-3836.0856750554085,leave_one_system_out
1239,2019-05-26 12:00:00,1445.0,83.6005,9.718057733000004,1.2246467991473532e-16,-1.0,0.5877852522924732,-0.8090169943749473,12.0,146,1.2246467991473532e-16,-1.0,0.5877852522924732,-0.8090169943749473,18550.0,max_ac,1445.0,0.07789757412398922,0.07789757412398922,0.27635308102033956,5126.349652927299,-3681.349652927299,leave_one_system_out
1239,2019-05-26 13:00:00,3715.0,190.1955,10.459030014500003,-0.2588190451025208,-0.9659258262890684,0.5877852522924732,-0.8090169943749473,13.0,146,-0.2588190451025208,-0.9659258262890683,0.5877852522924732,-0.8090169943749473,18550.0,max_ac,3715.0,0.20026954177897574,0.20026954177897574,0.2704000314298997,5015.92058302464,-1300.92058302464,leave_one_system_out
1239,2019-05-26 14:00:00,3380.0,177.28025,11.799169010600004,-0.4999999999999997,-0.8660254037844388,0.5877852522924732,-0.8090169943749473,14.0,146,-0.4999999999999997,-0.8660254037844388,0.5877852522924732,-0.8090169943749473,18550.0,max_ac,3380.0,0.18221024258760107,0.18221024258760107,0.20429746633737103,3789.7180005582327,-409.7180005582327,leave_one_system_out
1239,2019-05-26 15:00:00,4015.0,217.0075,12.462919063700005,-0.7071067811865471,-0.7071067811865479,0.5877852522924732,-0.8090169943749473,15.0,146,-0.7071067811865471,-0.7071067811865479,0.5877852522924732,-0.8090169943749473,18550.0,max_ac,4015.0,0.21644204851752022,0.21644204851752022,0.1810552802381376,3358.5754484174527,656.4245515825473,leave_one_system_out
1239,2019-05-26 16:00:00,2550.0,143.792,12.323752385900002,-0.8660254037844385,-0.5000000000000004,0.5877852522924732,-0.8090169943749473,16.0,146,-0.8660254037844385,-0.5000000000000004,0.5877852522924732,-0.8090169943749473,18550.0,max_ac,2550.0,0.13746630727762804,0.13746630727762804,0.09526511494441198,1767.1678822188421,782.8321177811579,leave_one_system_out
1239,2019-05-26 17:00:00,1565.0,103.8895,11.9723634689,-0.9659258262890684,-0.2588190451025206,0.5877852522924732,-0.8090169943749473,17.0,146,-0.9659258262890683,-0.25881904510252063,0.5877852522924732,-0.8090169943749473,18550.0,max_ac,1565.0,0.08436657681940701,0.08436657681940701,0.05680089183965459,1053.6565436255926,511.3434563744074,leave_one_system_out
1239,2019-05-26 18:00:00,240.0,36.8045,11.7879190097,-1.0,-1.8369701987210287e-16,0.5877852522924732,-0.8090169943749473,18.0,146,-1.0,-1.8369701987210297e-16,0.5877852522924732,-0.8090169943749473,18550.0,max_ac,240.0,0.01293800539083558,0.01293800539083558,0.011972951910696528,222.09825794342058,17.901742056579423,leave_one_system_out
1239,2019-05-27 06:00:00,1065.0,75.02674999999999,9.7025021762,1.0,6.123233995736766e-17,0.5737722679043246,-0.8190148866680801,6.0,147,1.0,6.123233995736766e-17,0.5737722679043246,-0.8190148866680801,18550.0,max_ac,1065.0,0.057412398921832884,0.057412398921832884,0.051435479473449286,954.1281442324843,110.87185576751574,leave_one_system_out
1239,2019-05-27 07:00:00,2610.0,147.54425,10.443474457700002,0.9659258262890684,-0.2588190451025206,0.5737722679043246,-0.8190148866680801,7.0,147,0.9659258262890683,-0.25881904510252063,0.5737722679043246,-0.8190148866680801,18550.0,max_ac,2610.0,0.14070080862533693,0.14070080862533693,0.16607361309944935,3080.6655229947855,-470.66552299478553,leave_one_system_out
1239,2019-05-27 08:00:00,5380.0,278.96625,11.4743078735,0.8660254037844387,-0.4999999999999998,0.5737722679043246,-0.8190148866680801,8.0,147,0.8660254037844387,-0.4999999999999998,0.5737722679043246,-0.8190148866680801,18550.0,max_ac,5380.0,0.2900269541778976,0.2900269541778976,0.302523825549963,5611.816963951814,-231.8169639518137,leave_one_system_out
1239,2019-05-27 09:00:00,8220.0,424.45975,12.389724613400002,0.7071067811865476,-0.7071067811865475,0.5737722679043246,-0.8190148866680801,9.0,147,0.7071067811865476,-0.7071067811865475,0.5737722679043246,-0.8190148866680801,18550.0,max_ac,8220.0,0.4431266846361186,0.4431266846361186,0.4189066658878397,7770.718652219426,449.2813477805739,leave_one_system_out
1239,2019-05-27 10:00:00,6420.0,338.394,12.800419090700004,0.4999999999999999,-0.8660254037844387,0.5737722679043246,-0.8190148866680801,10.0,147,0.49999999999999994,-0.8660254037844387,0.5737722679043246,-0.8190148866680801,18550.0,max_ac,6420.0,0.3460916442048518,0.3460916442048518,0.4200401927385386,7791.745575299891,-1371.7455752998912,leave_one_system_out
1239,2019-05-27 11:00:00,6830.0,351.2225,12.873613541000005,0.258819045102521,-0.9659258262890682,0.5737722679043246,-0.8190148866680801,11.0,147,0.258819045102521,-0.9659258262890682,0.5737722679043246,-0.8190148866680801,18550.0,max_ac,6830.0,0.3681940700808625,0.3681940700808625,0.4289503965123668,7957.029855304405,-1127.029855304405,leave_one_system_out
1239,2019-05-27 12:00:00,7935.0,410.825,13.883335844000005,1.2246467991473532e-16,-1.0,0.5737722679043246,-0.8190148866680801,12.0,147,1.2246467991473532e-16,-1.0,0.5737722679043246,-0.8190148866680801,18550.0,max_ac,7935.0,0.42776280323450133,0.42776280323450133,0.43282022856345864,8028.815239852158,-93.8152398521579,leave_one_system_out
1239,2019-05-27 13:00:00,7185.0,379.03825,14.323474768100002,-0.2588190451025208,-0.9659258262890684,0.5737722679043246,-0.8190148866680801,13.0,147,-0.2588190451025208,-0.9659258262890683,0.5737722679043246,-0.8190148866680801,18550.0,max_ac,7185.0,0.38733153638814016,0.38733153638814016,0.37899168763053387,7030.295805546403,154.70419445359676,leave_one_system_out
1239,2019-05-27 14:00:00,12935.0,697.64525,16.7422249616,-0.4999999999999997,-0.8660254037844388,0.5737722679043246,-0.8190148866680801,14.0,147,-0.4999999999999997,-0.8660254037844388,0.5737722679043246,-0.8190148866680801,18550.0,max_ac,12935.0,0.6973045822102426,0.6973045822102426,0.5281180595411445,9796.590004488231,3138.409995511769,leave_one_system_out
1239,2019-05-27 15:00:00,8515.0,445.84,18.362225091200003,-0.7071067811865471,-0.7071067811865479,0.5737722679043246,-0.8190148866680801,15.0,147,-0.7071067811865471,-0.7071067811865479,0.5737722679043246,-0.8190148866680801,18550.0,max_ac,8515.0,0.4590296495956873,0.4590296495956873,0.3575545617555913,6632.637120566219,1882.362879433781,leave_one_system_out
1239,2019-05-27 16:00:00,8950.0,504.28625,17.567780583200005,-0.8660254037844385,-0.5000000000000004,0.5737722679043246,-0.8190148866680801,16.0,147,-0.8660254037844385,-0.5000000000000004,0.5737722679043246,-0.8190148866680801,18550.0,max_ac,8950.0,0.48247978436657685,0.48247978436657685,0.408510049652014,7577.8614210448595,1372.1385789551405,leave_one_system_out
1239,2019-05-27 17:00:00,5255.0,341.05575,16.373752709900003,-0.9659258262890684,-0.2588190451025206,0.5737722679043246,-0.8190148866680801,17.0,147,-0.9659258262890683,-0.25881904510252063,0.5737722679043246,-0.8190148866680801,18550.0,max_ac,5255.0,0.28328840970350405,0.28328840970350405,0.2947205368768054,5467.06595906474,-212.06595906474013,leave_one_system_out
1239,2019-05-27 18:00:00,2240.0,232.36675,14.621530347500002,-1.0,-1.8369701987210287e-16,0.5737722679043246,-0.8190148866680801,18.0,147,-1.0,-1.8369701987210297e-16,0.5737722679043246,-0.8190148866680801,18550.0,max_ac,2240.0,0.12075471698113208,0.12075471698113208,0.2305976307999585,4277.58605133923,-2037.58605133923,leave_one_system_out
1239,2019-05-28 06:00:00,2530.0,209.3065,3.111390537800003,1.0,6.123233995736766e-17,0.5595892624101765,-0.8287700871745038,6.0,148,1.0,6.123233995736766e-17,0.5595892624101765,-0.8287700871745038,18550.0,max_ac,2530.0,0.13638814016172507,0.13638814016172507,0.12046256663093108,2234.5806110037715,295.41938899622846,leave_one_system_out
1239,2019-05-28 07:00:00,6135.0,371.8825,6.800140832900002,0.9659258262890684,-0.2588190451025206,0.5595892624101765,-0.8287700871745038,7.0,148,0.9659258262890683,-0.25881904510252063,0.5595892624101765,-0.8287700871745038,18550.0,max_ac,6135.0,0.3307277628032345,0.3307277628032345,0.27679721353900066,5134.588311148463,1000.4116888515373,leave_one_system_out
1239,2019-05-28 08:00:00,10155.0,539.8032499999999,11.062363396100002,0.8660254037844387,-0.4999999999999998,0.5595892624101765,-0.8287700871745038,8.0,148,0.8660254037844387,-0.4999999999999998,0.5595892624101765,-0.8287700871745038,18550.0,max_ac,10155.0,0.5474393530997305,0.5474393530997305,0.4189405247277716,7771.346733700163,2383.653266299837,leave_one_system_out
1239,2019-05-28 09:00:00,11430.0,580.7747499999999,12.865280207,0.7071067811865476,-0.7071067811865475,0.5595892624101765,-0.8287700871745038,9.0,148,0.7071067811865476,-0.7071067811865475,0.5595892624101765,-0.8287700871745038,18550.0,max_ac,11430.0,0.6161725067385445,0.6161725067385445,0.482452608857053,8949.495894298332,2480.504105701668,leave_one_system_out
1239,2019-05-28 10:00:00,15430.0,808.865,14.966113708400002,0.4999999999999999,-0.8660254037844387,0.5595892624101765,-0.8287700871745038,10.0,148,0.49999999999999994,-0.8660254037844387,0.5595892624101765,-0.8287700871745038,18550.0,max_ac,15430.0,0.8318059299191375,0.8318059299191375,0.598225785859049,11097.088327685358,4332.911672314642,leave_one_system_out
1239,2019-05-28 11:00:00,15976.0,845.1328,16.688780512880005,0.258819045102521,-0.9659258262890682,0.5595892624101765,-0.8287700871745038,11.0,148,0.258819045102521,-0.9659258262890682,0.5595892624101765,-0.8287700871745038,18550.0,max_ac,15976.0,0.8612398921832884,0.8612398921832884,0.6246155013796367,11586.617550592262,4389.382449407738,leave_one_system_out
1239,2019-05-28 12:00:00,14630.0,780.7217499999999,16.0994471324,1.2246467991473532e-16,-1.0,0.5595892624101765,-0.8287700871745038,12.0,148,1.2246467991473532e-16,-1.0,0.5595892624101765,-0.8287700871745038,18550.0,max_ac,14630.0,0.7886792452830189,0.7886792452830189,0.594799694371926,11033.534330599228,3596.4656694007717,leave_one_system_out
1239,2019-05-28 13:00:00,15820.0,842.48425,16.9701416465,-0.2588190451025208,-0.9659258262890684,0.5595892624101765,-0.8287700871745038,13.0,148,-0.2588190451025208,-0.9659258262890683,0.5595892624101765,-0.8287700871745038,18550.0,max_ac,15820.0,0.8528301886792453,0.8528301886792453,0.6146435968256048,11401.638721114969,4418.361278885031,leave_one_system_out
1239,2019-05-28 14:00:00,12185.0,644.064,18.966947361800003,-0.4999999999999997,-0.8660254037844388,0.5595892624101765,-0.8287700871745038,14.0,148,-0.4999999999999997,-0.8660254037844388,0.5595892624101765,-0.8287700871745038,18550.0,max_ac,12185.0,0.6568733153638814,0.6568733153638814,0.500898991996123,9291.676301528081,2893.3236984719188,leave_one_system_out
1239,2019-05-28 15:00:00,13315.0,729.8677499999999,19.67833630760001,-0.7071067811865471,-0.7071067811865479,0.5595892624101765,-0.8287700871745038,15.0,148,-0.7071067811865471,-0.7071067811865479,0.5595892624101765,-0.8287700871745038,18550.0,max_ac,13315.0,0.7177897574123989,0.7177897574123989,0.559754258878908,10383.441502203743,2931.558497796257,leave_one_system_out
1239,2019-05-28 16:00:00,7285.0,417.7625000000001,18.882502910600003,-0.8660254037844385,-0.5000000000000004,0.5595892624101765,-0.8287700871745038,16.0,148,-0.8660254037844385,-0.5000000000000004,0.5595892624101765,-0.8287700871745038,18550.0,max_ac,7285.0,0.39272237196765497,0.39272237196765497,0.33850249401496413,6279.221263977584,1005.7787360224156,leave_one_system_out
1239,2019-05-28 17:00:00,6745.0,437.20075,20.00611411160001,-0.9659258262890684,-0.2588190451025206,0.5595892624101765,-0.8287700871745038,17.0,148,-0.9659258262890683,-0.25881904510252063,0.5595892624101765,-0.8287700871745038,18550.0,max_ac,6745.0,0.36361185983827493,0.36361185983827493,0.390544420821774,7244.599006243908,-499.59900624390775,leave_one_system_out
1239,2019-05-28 18:00:00,2340.0,244.99825,17.405836125800004,-1.0,-1.8369701987210287e-16,0.5595892624101765,-0.8287700871745038,18.0,148,-1.0,-1.8369701987210297e-16,0.5595892624101765,-0.8287700871745038,18550.0,max_ac,2340.0,0.1261455525606469,0.1261455525606469,0.24658577680712981,4574.166159772258,-2234.1661597722577,leave_one_system_out
1239,2019-05-29 06:00:00,2900.0,207.49575,5.735418525500003,1.0,6.123233995736766e-17,0.545240438540651,-0.8382797052177744,6.0,149,1.0,6.123233995736766e-17,0.545240438540651,-0.8382797052177744,18550.0,max_ac,2900.0,0.15633423180592992,0.15633423180592992,0.12692301849945742,2354.421993164935,545.578006835065,leave_one_system_out
1239,2019-05-29 07:00:00,3730.0,220.193,7.3429186541000036,0.9659258262890684,-0.2588190451025206,0.545240438540651,-0.8382797052177744,7.0,149,0.9659258262890683,-0.25881904510252063,0.545240438540651,-0.8382797052177744,18550.0,max_ac,3730.0,0.20107816711590296,0.20107816711590296,0.19742912679890612,3662.3103021197085,67.68969788029153,leave_one_system_out
1239,2019-05-29 08:00:00,5850.0,305.735,9.183613245800004,0.8660254037844387,-0.4999999999999998,0.545240438540651,-0.8382797052177744,8.0,149,0.8660254037844387,-0.4999999999999998,0.545240438540651,-0.8382797052177744,18550.0,max_ac,5850.0,0.31536388140161725,0.31536388140161725,0.3102748612648671,5755.598676463284,94.40132353671561,leave_one_system_out
1239,2019-05-29 09:00:00,10225.0,564.5867499999999,12.105835701800002,0.7071067811865476,-0.7071067811865475,0.545240438540651,-0.8382797052177744,9.0,149,0.7071067811865476,-0.7071067811865475,0.545240438540651,-0.8382797052177744,18550.0,max_ac,10225.0,0.5512129380053908,0.5512129380053908,0.47591509242794305,8828.224964538344,1396.7750354616564,leave_one_system_out
1239,2019-05-29 10:00:00,8845.0,469.53275,12.391252391300004,0.4999999999999999,-0.8660254037844387,0.545240438540651,-0.8382797052177744,10.0,149,0.49999999999999994,-0.8660254037844387,0.545240438540651,-0.8382797052177744,18550.0,max_ac,8845.0,0.4768194070080862,0.4768194070080862,0.4705060043268931,8727.886380263866,117.11361973613384,leave_one_system_out
1239,2019-05-29 11:00:00,10715.0,579.66175,13.936669181600005,0.258819045102521,-0.9659258262890682,0.545240438540651,-0.8382797052177744,11.0,149,0.258819045102521,-0.9659258262890682,0.545240438540651,-0.8382797052177744,18550.0,max_ac,10715.0,0.5776280323450135,0.5776280323450135,0.5219294533156001,9681.791359004383,1033.2086409956173,leave_one_system_out
1239,2019-05-29 12:00:00,10635.0,556.20925,14.614585902500004,1.2246467991473532e-16,-1.0,0.545240438540651,-0.8382797052177744,12.0,149,1.2246467991473532e-16,-1.0,0.545240438540651,-0.8382797052177744,18550.0,max_ac,10635.0,0.5733153638814016,0.5733153638814016,0.4996381206100813,9268.287137317007,1366.7128626829926,leave_one_system_out
1239,2019-05-29 13:00:00,9265.0,499.7265,15.728335991600003,-0.2588190451025208,-0.9659258262890684,0.545240438540651,-0.8382797052177744,13.0,149,-0.2588190451025208,-0.9659258262890683,0.545240438540651,-0.8382797052177744,18550.0,max_ac,9265.0,0.49946091644204854,0.49946091644204854,0.44563816381891747,8266.58793884092,998.4120611590806,leave_one_system_out
1239,2019-05-29 14:00:00,10930.0,595.6535,16.496252719700003,-0.4999999999999997,-0.8660254037844388,0.545240438540651,-0.8382797052177744,14.0,149,-0.4999999999999997,-0.8660254037844388,0.545240438540651,-0.8382797052177744,18550.0,max_ac,10930.0,0.5892183288409704,0.5892183288409704,0.47004308991488,8719.299317921024,2210.7006820789757,leave_one_system_out
1239,2019-05-29 15:00:00,10005.0,561.13975,17.971113948800003,-0.7071067811865471,-0.7071067811865479,0.545240438540651,-0.8382797052177744,15.0,149,-0.7071067811865471,-0.7071067811865479,0.545240438540651,-0.8382797052177744,18550.0,max_ac,10005.0,0.5393530997304582,0.5393530997304582,0.44039663881923835,8169.357650096871,1835.642349903129,leave_one_system_out
1239,2019-05-29 16:00:00,7310.0,418.78775,18.6209751119,-0.8660254037844385,-0.5000000000000004,0.545240438540651,-0.8382797052177744,16.0,149,-0.8660254037844385,-0.5000000000000004,0.545240438540651,-0.8382797052177744,18550.0,max_ac,7310.0,0.3940700808625337,0.3940700808625337,0.33976136638320126,6302.573346408383,1007.4266535916167,leave_one_system_out
1239,2019-05-29 17:00:00,2160.0,131.02925,16.096808243300003,-0.9659258262890684,-0.2588190451025206,0.545240438540651,-0.8382797052177744,17.0,149,-0.9659258262890683,-0.25881904510252063,0.545240438540651,-0.8382797052177744,18550.0,max_ac,2160.0,0.11644204851752021,0.11644204851752021,0.09183370449324002,1703.5152183496025,456.4847816503975,leave_one_system_out
1239,2019-05-29 18:00:00,355.0,44.4185,14.997085933100005,-1.0,-1.8369701987210287e-16,0.545240438540651,-0.8382797052177744,18.0,149,-1.0,-1.8369701987210297e-16,0.545240438540651,-0.8382797052177744,18550.0,max_ac,355.0,0.01913746630727763,0.01913746630727763,0.02536821100890907,470.58031421526323,-115.58031421526323,leave_one_system_out
1239,2019-05-30 06:00:00,5.0,25.5035,8.801113215200001,1.0,6.123233995736766e-17,0.5307300481619334,-0.8475409228928311,6.0,150,1.0,6.123233995736766e-17,0.5307300481619334,-0.8475409228928311,18550.0,max_ac,5.0,0.00026954177897574127,0.00026954177897574127,0.019692085169840556,365.28817990054233,-360.28817990054233,leave_one_system_out
1239,2019-05-30 07:00:00,1905.0,113.6855,9.753196624700005,0.9659258262890684,-0.2588190451025206,0.5307300481619334,-0.8475409228928311,7.0,150,0.9659258262890683,-0.25881904510252063,0.5307300481619334,-0.8475409228928311,18550.0,max_ac,1905.0,0.10269541778975741,0.10269541778975741,0.14961558350872872,2775.369074086918,-870.3690740869179,leave_one_system_out
1239,2019-05-30 08:00:00,9040.0,486.39675,12.385696835300005,0.8660254037844387,-0.4999999999999998,0.5307300481619334,-0.8475409228928311,8.0,150,0.8660254037844387,-0.4999999999999998,0.5307300481619334,-0.8475409228928311,18550.0,max_ac,9040.0,0.48733153638814014,0.48733153638814014,0.40112813810822656,7440.926961907603,1599.073038092397,leave_one_system_out
1239,2019-05-30 09:00:00,12835.0,701.46325,16.716947181800005,0.7071067811865476,-0.7071067811865475,0.5307300481619334,-0.8475409228928311,9.0,150,0.7071067811865476,-0.7071067811865475,0.5307300481619334,-0.8475409228928311,18550.0,max_ac,12835.0,0.6919137466307278,0.6919137466307278,0.5400104246479751,10017.193377219939,2817.806622780061,leave_one_system_out
1239,2019-05-30 10:00:00,5970.0,333.6165,17.303336117600004,0.4999999999999999,-0.8660254037844387,0.5307300481619334,-0.8475409228928311,10.0,150,0.49999999999999994,-0.8660254037844387,0.5307300481619334,-0.8475409228928311,18550.0,max_ac,5970.0,0.32183288409703503,0.32183288409703503,0.43940904799629954,8151.037840331356,-2181.037840331356,leave_one_system_out
1239,2019-05-30 11:00:00,4075.0,230.403,16.588891616,0.258819045102521,-0.9659258262890682,0.5307300481619334,-0.8475409228928311,11.0,150,0.258819045102521,-0.9659258262890682,0.5307300481619334,-0.8475409228928311,18550.0,max_ac,4075.0,0.2196765498652291,0.2196765498652291,0.40341823244697406,7483.408211891368,-3408.4082118913684,leave_one_system_out
1239,2019-05-30 12:00:00,2500.0,151.02766666666665,17.617039846400008,1.2246467991473532e-16,-1.0,0.5307300481619334,-0.8475409228928311,12.0,150,1.2246467991473532e-16,-1.0,0.5307300481619334,-0.8475409228928311,18550.0,max_ac,2500.0,0.1347708894878706,0.1347708894878706,0.3442149188939726,6385.186745483192,-3885.1867454831918,leave_one_system_out
1239,2019-05-30 13:00:00,5010.0,276.3485,18.370697314100003,-0.2588190451025208,-0.9659258262890684,0.5307300481619334,-0.8475409228928311,13.0,150,-0.2588190451025208,-0.9659258262890683,0.5307300481619334,-0.8475409228928311,18550.0,max_ac,5010.0,0.27008086253369273,0.27008086253369273,0.34617628226909625,6421.570036091735,-1411.5700360917353,leave_one_system_out
1239,2019-05-30 14:00:00,10775.0,588.1487500000001,21.900280929800005,-0.4999999999999997,-0.8660254037844388,0.5307300481619334,-0.8475409228928311,14.0,150,-0.4999999999999997,-0.8660254037844388,0.5307300481619334,-0.8475409228928311,18550.0,max_ac,10775.0,0.5808625336927223,0.5808625336927223,0.4758498465154333,8827.014652861288,1947.9853471387123,leave_one_system_out
1239,2019-05-30 15:00:00,3100.0,187.4685,20.375836363400005,-0.7071067811865471,-0.7071067811865479,0.5307300481619334,-0.8475409228928311,15.0,150,-0.7071067811865471,-0.7071067811865479,0.5307300481619334,-0.8475409228928311,18550.0,max_ac,3100.0,0.16711590296495957,0.16711590296495957,0.18505419015642952,3432.7552274017676,-332.75522740176757,leave_one_system_out
1239,2019-05-30 16:00:00,1825.0,120.31725,18.498752879900007,-0.8660254037844385,-0.5000000000000004,0.5307300481619334,-0.8475409228928311,16.0,150,-0.8660254037844385,-0.5000000000000004,0.5307300481619334,-0.8475409228928311,18550.0,max_ac,1825.0,0.09838274932614555,0.09838274932614555,0.09291005345935899,1723.4814916711093,101.51850832889068,leave_one_system_out
1239,2019-05-30 17:00:00,4515.0,272.68325000000004,19.1608362662,-0.9659258262890684,-0.2588190451025206,0.5307300481619334,-0.8475409228928311,17.0,150,-0.9659258262890683,-0.25881904510252063,0.5307300481619334,-0.8475409228928311,18550.0,max_ac,4515.0,0.24339622641509434,0.24339622641509434,0.23297901948115832,4321.760811375487,193.2391886245132,leave_one_system_out
1239,2019-05-30 18:00:00,2555.0,200.9945,18.1483361852,-1.0,-1.8369701987210287e-16,0.5307300481619334,-0.8475409228928311,18.0,150,-1.0,-1.8369701987210297e-16,0.5307300481619334,-0.8475409228928311,18550.0,max_ac,2555.0,0.13773584905660377,0.13773584905660377,0.19948313741286208,3700.4121990085914,-1145.4121990085914,leave_one_system_out
1239,2019-05-31 06:00:00,1675.0,123.4155,9.190557690800002,1.0,6.123233995736766e-17,0.5160623910158528,-0.8565509959010036,6.0,151,1.0,6.123233995736766e-17,0.5160623910158528,-0.8565509959010036,18550.0,max_ac,1675.0,0.09029649595687332,0.09029649595687332,0.08407150110555417,1559.5263455080299,115.47365449197014,leave_one_system_out
1239,2019-05-31 07:00:00,5695.0,347.077,9.156946577,0.9659258262890684,-0.2588190451025206,0.5160623910158528,-0.8565509959010036,7.0,151,0.9659258262890683,-0.25881904510252063,0.5160623910158528,-0.8565509959010036,18550.0,max_ac,5695.0,0.3070080862533693,0.3070080862533693,0.27274977691080915,5059.50836169551,635.4916383044902,leave_one_system_out
1239,2019-05-31 08:00:00,9975.0,530.29125,11.356252308500002,0.8660254037844387,-0.4999999999999998,0.5160623910158528,-0.8565509959010036,8.0,151,0.8660254037844387,-0.4999999999999998,0.5160623910158528,-0.8565509959010036,18550.0,max_ac,9975.0,0.5377358490566038,0.5377358490566038,0.41937883738757714,7779.477433539556,2195.522566460444,leave_one_system_out
1239,2019-05-31 09:00:00,12500.0,642.646,12.201391265000003,0.7071067811865476,-0.7071067811865475,0.5160623910158528,-0.8565509959010036,9.0,151,0.7071067811865476,-0.7071067811865475,0.5160623910158528,-0.8565509959010036,18550.0,max_ac,12500.0,0.6738544474393531,0.6738544474393531,0.5095973626595067,9453.03107733385,3046.9689226661503,leave_one_system_out
1239,2019-05-31 10:00:00,14355.0,754.5202499999999,13.894585844900003,0.4999999999999999,-0.8660254037844387,0.5160623910158528,-0.8565509959010036,10.0,151,0.49999999999999994,-0.8660254037844387,0.5160623910158528,-0.8565509959010036,18550.0,max_ac,14355.0,0.773854447439353,0.773854447439353,0.5814729572605205,10786.323357182655,3568.676642817345,leave_one_system_out
1239,2019-05-31 11:00:00,15465.0,802.6257499999999,15.046252603700005,0.258819045102521,-0.9659258262890682,0.5160623910158528,-0.8565509959010036,11.0,151,0.258819045102521,-0.9659258262890682,0.5160623910158528,-0.8565509959010036,18550.0,max_ac,15465.0,0.8336927223719677,0.8336927223719677,0.6111409924639208,11336.665410205731,4128.334589794269,leave_one_system_out
1239,2019-05-31 12:00:00,14890.0,768.374,14.451530333900005,1.2246467991473532e-16,-1.0,0.5160623910158528,-0.8565509959010036,12.0,151,1.2246467991473532e-16,-1.0,0.5160623910158528,-0.8565509959010036,18550.0,max_ac,14890.0,0.8026954177897574,0.8026954177897574,0.5918554213714857,10978.91806644106,3911.0819335589404,leave_one_system_out
1239,2019-05-31 13:00:00,15990.0,833.9759999999999,15.333197071100004,-0.2588190451025208,-0.9659258262890684,0.5160623910158528,-0.8565509959010036,13.0,151,-0.2588190451025208,-0.9659258262890683,0.5160623910158528,-0.8565509959010036,18550.0,max_ac,15990.0,0.8619946091644205,0.8619946091644205,0.612943814772281,11370.107764025812,4619.892235974188,leave_one_system_out
1239,2019-05-31 14:00:00,13020.0,681.1954999999999,16.896947196200006,-0.4999999999999997,-0.8660254037844388,0.5160623910158528,-0.8565509959010036,14.0,151,-0.4999999999999997,-0.8660254037844388,0.5160623910158528,-0.8565509959010036,18550.0,max_ac,13020.0,0.7018867924528301,0.7018867924528301,0.5237733990204536,9715.996551829414,3304.003448170586,leave_one_system_out
1239,2019-05-31 15:00:00,12465.0,673.62525,16.5931971719,-0.7071067811865471,-0.7071067811865479,0.5160623910158528,-0.8565509959010036,15.0,151,-0.7071067811865471,-0.7071067811865479,0.5160623910158528,-0.8565509959010036,18550.0,max_ac,12465.0,0.6719676549865229,0.6719676549865229,0.5205469622554175,9656.146149837996,2808.853850162004,leave_one_system_out
1239,2019-05-31 16:00:00,9080.0,505.00625,17.600002808,-0.8660254037844385,-0.5000000000000004,0.5160623910158528,-0.8565509959010036,16.0,151,-0.8660254037844385,-0.5000000000000004,0.5160623910158528,-0.8565509959010036,18550.0,max_ac,9080.0,0.4894878706199461,0.4894878706199461,0.4118268237237645,7639.3875800758315,1440.6124199241685,leave_one_system_out
1239,2019-05-31 17:00:00,6185.0,399.28375,17.861530606700004,-0.9659258262890684,-0.2588190451025206,0.5160623910158528,-0.8565509959010036,17.0,151,-0.9659258262890683,-0.25881904510252063,0.5160623910158528,-0.8565509959010036,18550.0,max_ac,6185.0,0.3334231805929919,0.3334231805929919,0.3535369709137054,6558.110810449235,-373.11081044923503,leave_one_system_out
1239,2019-05-31 18:00:00,2350.0,225.21075,17.4537527963,-1.0,-1.8369701987210287e-16,0.5160623910158528,-0.8565509959010036,18.0,151,-1.0,-1.8369701987210297e-16,0.5160623910158528,-0.8565509959010036,18550.0,max_ac,2350.0,0.12668463611859837,0.12668463611859837,0.22508227931651076,4175.276281321275,-1825.2762813212748,leave_one_system_out
1239,2019-06-01 06:00:00,2615.0,202.76175,7.228751978300004,1.0,6.123233995736766e-17,0.5012418134457758,-0.865307254363206,6.0,152,1.0,6.123233995736766e-17,0.5012418134457758,-0.865307254363206,18550.0,max_ac,2615.0,0.14097035040431266,0.14097035040431266,0.13010261432647363,2413.4034957560857,201.5965042439143,leave_one_system_out
1239,2019-06-01 07:00:00,5925.0,370.26825,11.390141200100002,0.9659258262890684,-0.2588190451025206,0.5012418134457758,-0.865307254363206,7.0,152,0.9659258262890683,-0.25881904510252063,0.5012418134457758,-0.865307254363206,18550.0,max_ac,5925.0,0.3194070080862534,0.3194070080862534,0.2918257093231932,5413.366907945234,511.63309205476617,leave_one_system_out
1239,2019-06-01 08:00:00,9780.0,536.0509999999999,14.5498636751,0.8660254037844387,-0.4999999999999998,0.5012418134457758,-0.865307254363206,8.0,152,0.8660254037844387,-0.4999999999999998,0.5012418134457758,-0.865307254363206,18550.0,max_ac,9780.0,0.5272237196765499,0.5272237196765499,0.43068717078636226,7989.24701808702,1790.7529819129804,leave_one_system_out
1239,2019-06-01 09:00:00,12820.0,688.04575,18.6772251164,0.7071067811865476,-0.7071067811865475,0.5012418134457758,-0.865307254363206,9.0,152,0.7071067811865476,-0.7071067811865475,0.5012418134457758,-0.865307254363206,18550.0,max_ac,12820.0,0.6911051212938005,0.6911051212938005,0.5420454405603201,10054.942922393939,2765.0570776060613,leave_one_system_out
1239,2019-06-01 10:00:00,15305.0,839.86625,20.105975230700004,0.4999999999999999,-0.8660254037844387,0.5012418134457758,-0.865307254363206,10.0,152,0.49999999999999994,-0.8660254037844387,0.5012418134457758,-0.865307254363206,18550.0,max_ac,15305.0,0.8250673854447439,0.8250673854447439,0.624261849605924,11580.05731018989,3724.94268981011,leave_one_system_out
1239,2019-06-01 11:00:00,14770.0,802.5165000000001,19.205975158700006,0.258819045102521,-0.9659258262890682,0.5012418134457758,-0.865307254363206,11.0,152,0.258819045102521,-0.9659258262890682,0.5012418134457758,-0.865307254363206,18550.0,max_ac,14770.0,0.7962264150943397,0.7962264150943397,0.6200065146776329,11501.120847270091,3268.879152729909,leave_one_system_out
1239,2019-06-01 12:00:00,12410.0,675.807,19.061114036000003,1.2246467991473532e-16,-1.0,0.5012418134457758,-0.865307254363206,12.0,152,1.2246467991473532e-16,-1.0,0.5012418134457758,-0.865307254363206,18550.0,max_ac,12410.0,0.6690026954177898,0.6690026954177898,0.5639008891594143,10460.361493907134,1949.638506092866,leave_one_system_out
1239,2019-06-01 13:00:00,16990.0,931.8005,19.496947404200004,-0.2588190451025208,-0.9659258262890684,0.5012418134457758,-0.865307254363206,13.0,152,-0.2588190451025208,-0.9659258262890683,0.5012418134457758,-0.865307254363206,18550.0,max_ac,16990.0,0.9159029649595687,0.9159029649595687,0.6662955907523117,12359.783208455383,4630.216791544617,leave_one_system_out
1239,2019-06-01 14:00:00,11340.0,608.5687499999999,21.1508364254,-0.4999999999999997,-0.8660254037844388,0.5012418134457758,-0.865307254363206,14.0,152,-0.4999999999999997,-0.8660254037844388,0.5012418134457758,-0.865307254363206,18550.0,max_ac,11340.0,0.6113207547169811,0.6113207547169811,0.48899114942371624,9070.785821809935,2269.2141781900646,leave_one_system_out
1239,2019-06-01 15:00:00,9135.0,511.42025,22.1520865055,-0.7071067811865471,-0.7071067811865479,0.5012418134457758,-0.865307254363206,15.0,152,-0.7071067811865471,-0.7071067811865479,0.5012418134457758,-0.865307254363206,18550.0,max_ac,9135.0,0.49245283018867925,0.49245283018867925,0.4145529887496097,7689.957941305261,1445.0420586947394,leave_one_system_out
1239,2019-06-01 16:00:00,9850.0,580.142,23.023892130800007,-0.8660254037844385,-0.5000000000000004,0.5012418134457758,-0.865307254363206,16.0,152,-0.8660254037844385,-0.5000000000000004,0.5012418134457758,-0.865307254363206,18550.0,max_ac,9850.0,0.5309973045822103,0.5309973045822103,0.4788701254369647,8883.040826855695,966.9591731443052,leave_one_system_out
1239,2019-06-01 17:00:00,5410.0,353.68775,23.223614369,-0.9659258262890684,-0.2588190451025206,0.5012418134457758,-0.865307254363206,17.0,152,-0.9659258262890683,-0.25881904510252063,0.5012418134457758,-0.865307254363206,18550.0,max_ac,5410.0,0.291644204851752,0.291644204851752,0.315079878680129,5844.7317495163925,-434.7317495163925,leave_one_system_out
1239,2019-06-01 18:00:00,2155.0,181.86175,21.839864258300004,-1.0,-1.8369701987210287e-16,0.5012418134457758,-0.865307254363206,18.0,152,-1.0,-1.8369701987210297e-16,0.5012418134457758,-0.865307254363206,18550.0,max_ac,2155.0,0.11617250673854447,0.11617250673854447,0.18264364172002,3388.039553906371,-1233.039553906371,leave_one_system_out
1239,2019-06-02 06:00:00,5.0,16.05675,10.609585582100005,1.0,6.123233995736766e-17,0.4862727071086899,-0.8738071036110808,6.0,153,1.0,6.123233995736766e-17,0.48627270710868997,-0.8738071036110808,18550.0,max_ac,5.0,0.00026954177897574127,0.00026954177897574127,0.02223542019224556,412.4670445661551,-407.4670445661551,leave_one_system_out
1239,2019-06-02 07:00:00,155.0,39.1605,11.054030062100002,0.9659258262890684,-0.2588190451025206,0.4862727071086899,-0.8738071036110808,7.0,153,0.9659258262890683,-0.25881904510252063,0.48627270710868997,-0.8738071036110808,18550.0,max_ac,155.0,0.008355795148247979,0.008355795148247979,0.11873119790431613,2202.4637211250642,-2047.4637211250642,leave_one_system_out
1239,2019-06-02 08:00:00,145.0,31.28475,11.128613401400004,0.8660254037844387,-0.4999999999999998,0.4862727071086899,-0.8738071036110808,8.0,153,0.8660254037844387,-0.4999999999999998,0.48627270710868997,-0.8738071036110808,18550.0,max_ac,145.0,0.007816711590296496,0.007816711590296496,0.20132026746353504,3734.490961448575,-3589.490961448575,leave_one_system_out
1239,2019-06-02 09:00:00,560.0,48.4498,11.051335617440005,0.7071067811865476,-0.7071067811865475,0.4862727071086899,-0.8738071036110808,9.0,153,0.7071067811865476,-0.7071067811865475,0.48627270710868997,-0.8738071036110808,18550.0,max_ac,560.0,0.03018867924528302,0.03018867924528302,0.27927753003467765,5180.598182143271,-4620.598182143271,leave_one_system_out
1239,2019-06-02 10:00:00,1625.0,94.6395,11.281807858100004,0.4999999999999999,-0.8660254037844387,0.4862727071086899,-0.8738071036110808,10.0,153,0.49999999999999994,-0.8660254037844387,0.48627270710868997,-0.8738071036110808,18550.0,max_ac,1625.0,0.0876010781671159,0.0876010781671159,0.3371542156824483,6254.210700909416,-4629.210700909416,leave_one_system_out
1239,2019-06-02 11:00:00,1465.0,88.24725000000001,12.440557950800002,0.258819045102521,-0.9659258262890682,0.4862727071086899,-0.8738071036110808,11.0,153,0.258819045102521,-0.9659258262890682,0.48627270710868997,-0.8738071036110808,18550.0,max_ac,1465.0,0.07897574123989218,0.07897574123989218,0.3406320143773472,6318.72386669979,-4853.72386669979,leave_one_system_out
1239,2019-06-02 12:00:00,2785.0,147.828,14.315002545200004,1.2246467991473532e-16,-1.0,0.4862727071086899,-0.8738071036110808,12.0,153,1.2246467991473532e-16,-1.0,0.48627270710868997,-0.8738071036110808,18550.0,max_ac,2785.0,0.15013477088948787,0.15013477088948787,0.33601067285732467,6232.997981503372,-3447.997981503372,leave_one_system_out
1239,2019-06-02 13:00:00,5615.0,285.40225,17.1148638803,-0.2588190451025208,-0.9659258262890684,0.4862727071086899,-0.8738071036110808,13.0,153,-0.2588190451025208,-0.9659258262890683,0.48627270710868997,-0.8738071036110808,18550.0,max_ac,5615.0,0.3026954177897574,0.3026954177897574,0.35179788040033483,6525.850681426211,-910.8506814262109,leave_one_system_out
1239,2019-06-02 14:00:00,6420.0,338.24175,19.108891817600004,-0.4999999999999997,-0.8660254037844388,0.4862727071086899,-0.8738071036110808,14.0,153,-0.4999999999999997,-0.8660254037844388,0.48627270710868997,-0.8738071036110808,18550.0,max_ac,6420.0,0.3460916442048518,0.3460916442048518,0.3306187192487281,6132.9772420639065,287.0227579360935,leave_one_system_out
1239,2019-06-02 15:00:00,2250.0,134.9125,18.947225138,-0.7071067811865471,-0.7071067811865479,0.4862727071086899,-0.8738071036110808,15.0,153,-0.7071067811865471,-0.7071067811865479,0.48627270710868997,-0.8738071036110808,18550.0,max_ac,2250.0,0.12129380053908356,0.12129380053908356,0.14845097868525642,2753.7656546115068,-503.76565461150676,leave_one_system_out
1239,2019-06-02 16:00:00,895.0,67.6745,17.539447247600002,-0.8660254037844385,-0.5000000000000004,0.4862727071086899,-0.8738071036110808,16.0,153,-0.8660254037844385,-0.5000000000000004,0.48627270710868997,-0.8738071036110808,18550.0,max_ac,895.0,0.04824797843665768,0.04824797843665768,0.049682677287934296,921.6136636911812,-26.61366369118116,leave_one_system_out
1239,2019-06-02 17:00:00,365.0,45.5745,15.801530441900002,-0.9659258262890684,-0.2588190451025206,0.4862727071086899,-0.8738071036110808,17.0,153,-0.9659258262890683,-0.25881904510252063,0.48627270710868997,-0.8738071036110808,18550.0,max_ac,365.0,0.019676549865229112,0.019676549865229112,0.010675663508124267,198.03355807570514,166.96644192429486,leave_one_system_out
1239,2019-06-02 18:00:00,-55.0,23.86725,14.760697025300002,-1.0,-1.8369701987210287e-16,0.4862727071086899,-0.8738071036110808,18.0,153,-1.0,-1.8369701987210297e-16,0.48627270710868997,-0.8738071036110808,18550.0,max_ac,-55.0,-0.0029649595687331535,-0.0029649595687331535,0.0029563037999562614,54.839435489188645,-109.83943548918865,leave_one_system_out
1239,2019-06-03 06:00:00,960.0,69.48525000000001,11.620696774100002,1.0,6.123233995736766e-17,0.4711595076738638,-0.8820480249558537,6.0,154,1.0,6.123233995736766e-17,0.4711595076738638,-0.8820480249558537,18550.0,max_ac,960.0,0.05175202156334232,0.05175202156334232,0.05982422930999398,1109.7394537003884,-149.73945370038837,leave_one_system_out
1239,2019-06-03 07:00:00,1350.0,85.891,11.984863469900002,0.9659258262890684,-0.2588190451025206,0.4711595076738638,-0.8820480249558537,7.0,154,0.9659258262890683,-0.25881904510252063,0.4711595076738638,-0.8820480249558537,18550.0,max_ac,1350.0,0.07277628032345014,0.07277628032345014,0.1475431392510481,2736.925233106942,-1386.925233106942,leave_one_system_out
1239,2019-06-03 08:00:00,2575.0,141.56674999999998,12.832780204400002,0.8660254037844387,-0.4999999999999998,0.4711595076738638,-0.8820480249558537,8.0,154,0.8660254037844387,-0.4999999999999998,0.4711595076738638,-0.8820480249558537,18550.0,max_ac,2575.0,0.13881401617250674,0.13881401617250674,0.25747426683327435,4776.147649757239,-2201.1476497572394,leave_one_system_out
1239,2019-06-03 09:00:00,5250.0,277.22125,14.631391459400003,0.7071067811865476,-0.7071067811865475,0.4711595076738638,-0.8820480249558537,9.0,154,0.7071067811865476,-0.7071067811865475,0.4711595076738638,-0.8820480249558537,18550.0,max_ac,5250.0,0.2830188679245283,0.2830188679245283,0.3817445072334609,7081.3606091807,-1831.3606091806996,leave_one_system_out
1239,2019-06-03 10:00:00,8615.0,478.9795,18.928891803200003,0.4999999999999999,-0.8660254037844387,0.4711595076738638,-0.8820480249558537,10.0,154,0.49999999999999994,-0.8660254037844387,0.4711595076738638,-0.8820480249558537,18550.0,max_ac,8615.0,0.4644204851752022,0.4644204851752022,0.5016607322300597,9305.806582867608,-690.8065828676081,leave_one_system_out
1239,2019-06-03 11:00:00,11680.0,613.0845,17.4283361276,0.258819045102521,-0.9659258262890682,0.4711595076738638,-0.8820480249558537,11.0,154,0.258819045102521,-0.9659258262890682,0.4711595076738638,-0.8820480249558537,18550.0,max_ac,11680.0,0.6296495956873316,0.6296495956873316,0.5515950825093934,10232.088780549248,1447.9112194507525,leave_one_system_out
1239,2019-06-03 12:00:00,6725.0,352.31325,18.727780676,1.2246467991473532e-16,-1.0,0.4711595076738638,-0.8820480249558537,12.0,154,1.2246467991473532e-16,-1.0,0.4711595076738638,-0.8820480249558537,18550.0,max_ac,6725.0,0.36253369272237196,0.36253369272237196,0.43648689333732255,8096.831871407333,-1371.831871407333,leave_one_system_out
1239,2019-06-03 13:00:00,6171.0,331.304,18.9050029124,-0.2588190451025208,-0.9659258262890684,0.4711595076738638,-0.8820480249558537,13.0,154,-0.2588190451025208,-0.9659258262890683,0.4711595076738638,-0.8820480249558537,18550.0,max_ac,6171.0,0.33266846361185987,0.33266846361185987,0.38081697852172985,7064.154951578089,-893.1549515780889,leave_one_system_out
1239,2019-06-03 14:00:00,10435.0,570.9354999999999,19.4098640639,-0.4999999999999997,-0.8660254037844388,0.4711595076738638,-0.8820480249558537,14.0,154,-0.4999999999999997,-0.8660254037844388,0.4711595076738638,-0.8820480249558537,18550.0,max_ac,10435.0,0.562533692722372,0.562533692722372,0.46706063878177034,8663.97484940184,1771.0251505981596,leave_one_system_out
1239,2019-06-03 15:00:00,10055.0,520.5395,16.235836032200005,-0.7071067811865471,-0.7071067811865479,0.4711595076738638,-0.8820480249558537,15.0,154,-0.7071067811865471,-0.7071067811865479,0.4711595076738638,-0.8820480249558537,18550.0,max_ac,10055.0,0.5420485175202157,0.5420485175202157,0.4145723916625706,7690.317865340685,2364.682134659315,leave_one_system_out
1239,2019-06-03 16:00:00,5445.0,302.74625000000003,19.225697382500005,-0.8660254037844385,-0.5000000000000004,0.4711595076738638,-0.8820480249558537,16.0,154,-0.8660254037844385,-0.5000000000000004,0.4711595076738638,-0.8820480249558537,18550.0,max_ac,5445.0,0.2935309973045822,0.2935309973045822,0.24829644473090975,4605.899049758376,839.1009502416237,leave_one_system_out
1239,2019-06-03 17:00:00,705.0,61.54425,14.890141480100004,-0.9659258262890684,-0.2588190451025206,0.4711595076738638,-0.8820480249558537,17.0,154,-0.9659258262890683,-0.25881904510252063,0.4711595076738638,-0.8820480249558537,18550.0,max_ac,705.0,0.038005390835579515,0.038005390835579515,0.024785508067758255,459.7711746569156,245.2288253430844,leave_one_system_out
1239,2019-06-03 18:00:00,335.0,42.04025,11.516530099100002,-1.0,-1.8369701987210287e-16,0.4711595076738638,-0.8820480249558537,18.0,154,-1.0,-1.8369701987210297e-16,0.4711595076738638,-0.8820480249558537,18550.0,max_ac,335.0,0.018059299191374664,0.018059299191374664,0.018067931281625538,335.1601252741537,-0.1601252741536996,leave_one_system_out
1239,2019-06-04 06:00:00,2665.0,200.5365,7.563613116200003,1.0,6.123233995736766e-17,0.4559066935084588,-0.8900275764346767,6.0,155,1.0,6.123233995736766e-17,0.4559066935084588,-0.8900275764346767,18550.0,max_ac,2665.0,0.1436657681940701,0.1436657681940701,0.13175090027081682,2443.979200023652,221.02079997634792,leave_one_system_out
1239,2019-06-04 07:00:00,5910.0,365.2285,9.269307697100002,0.9659258262890684,-0.2588190451025206,0.4559066935084588,-0.8900275764346767,7.0,155,0.9659258262890683,-0.25881904510252063,0.4559066935084588,-0.8900275764346767,18550.0,max_ac,5910.0,0.31859838274932617,0.31859838274932617,0.28684058777801064,5320.892903282097,589.107096717903,leave_one_system_out
1239,2019-06-04 08:00:00,8164.5,440.82225,11.322502305800004,0.8660254037844387,-0.4999999999999998,0.4559066935084588,-0.8900275764346767,8.0,155,0.8660254037844387,-0.4999999999999998,0.4559066935084588,-0.8900275764346767,18550.0,max_ac,8164.5,0.4401347708894879,0.4401347708894879,0.38489697503290227,7139.838886860337,1024.661113139663,leave_one_system_out
1239,2019-06-04 09:00:00,9805.0,519.4920000000001,13.5794469308,0.7071067811865476,-0.7071067811865475,0.4559066935084588,-0.8900275764346767,9.0,155,0.7071067811865476,-0.7071067811865475,0.4559066935084588,-0.8900275764346767,18550.0,max_ac,9805.0,0.5285714285714286,0.5285714285714286,0.4715886633992375,8747.969706055856,1057.0302939441444,leave_one_system_out
1239,2019-06-04 10:00:00,5310.0,279.92625,12.932641323500002,0.4999999999999999,-0.8660254037844387,0.4559066935084588,-0.8900275764346767,10.0,155,0.49999999999999994,-0.8660254037844387,0.4559066935084588,-0.8900275764346767,18550.0,max_ac,5310.0,0.2862533692722372,0.2862533692722372,0.4141725028554176,7682.8999279679965,-2372.8999279679965,leave_one_system_out
1239,2019-06-04 11:00:00,17045.0,918.09975,14.575141454900002,0.258819045102521,-0.9659258262890682,0.4559066935084588,-0.8900275764346767,11.0,155,0.258819045102521,-0.9659258262890682,0.4559066935084588,-0.8900275764346767,18550.0,max_ac,17045.0,0.9188679245283019,0.9188679245283019,0.6599848377101786,12242.718739523812,4802.2812604761875,leave_one_system_out
1239,2019-06-04 12:00:00,13162.25,723.6285,16.279586035700003,1.2246467991473532e-16,-1.0,0.4559066935084588,-0.8900275764346767,12.0,155,1.2246467991473532e-16,-1.0,0.4559066935084588,-0.8900275764346767,18550.0,max_ac,13162.25,0.70955525606469,0.70955525606469,0.5828977898326148,10812.754001395004,2349.495998604996,leave_one_system_out
1239,2019-06-04 13:00:00,12020.0,675.174,16.602919394900002,-0.2588190451025208,-0.9659258262890684,0.4559066935084588,-0.8900275764346767,13.0,155,-0.2588190451025208,-0.9659258262890683,0.4559066935084588,-0.8900275764346767,18550.0,max_ac,12020.0,0.647978436657682,0.647978436657682,0.5426394443391476,10065.961692491188,1954.038307508812,leave_one_system_out
1239,2019-06-04 14:00:00,6995.0,370.2245,16.321669372400002,-0.4999999999999997,-0.8660254037844388,0.4559066935084588,-0.8900275764346767,14.0,155,-0.4999999999999997,-0.8660254037844388,0.4559066935084588,-0.8900275764346767,18550.0,max_ac,6995.0,0.377088948787062,0.377088948787062,0.34514023703504326,6402.351397000052,592.6486029999478,leave_one_system_out
1239,2019-06-04 15:00:00,11110.0,589.69775,15.890141560100002,-0.7071067811865471,-0.7071067811865479,0.4559066935084588,-0.8900275764346767,15.0,155,-0.7071067811865471,-0.7071067811865479,0.4559066935084588,-0.8900275764346767,18550.0,max_ac,11110.0,0.5989218328840971,0.5989218328840971,0.46418639182513133,8610.657568356186,2499.342431643814,leave_one_system_out
1239,2019-06-04 16:00:00,6745.0,383.07425,16.016530459100004,-0.8660254037844385,-0.5000000000000004,0.4559066935084588,-0.8900275764346767,16.0,155,-0.8660254037844385,-0.5000000000000004,0.4559066935084588,-0.8900275764346767,18550.0,max_ac,6745.0,0.36361185983827493,0.36361185983827493,0.31096755063602055,5768.448064298182,976.5519357018184,leave_one_system_out
1239,2019-06-04 17:00:00,6250.0,367.67175,14.783197027100003,-0.9659258262890684,-0.2588190451025206,0.4559066935084588,-0.8900275764346767,17.0,155,-0.9659258262890683,-0.25881904510252063,0.4559066935084588,-0.8900275764346767,18550.0,max_ac,6250.0,0.33692722371967654,0.33692722371967654,0.321822409062834,5969.805688115571,280.1943118844292,leave_one_system_out
1239,2019-06-04 18:00:00,2120.0,166.21925,13.087363558100003,-1.0,-1.8369701987210287e-16,0.4559066935084588,-0.8900275764346767,18.0,155,-1.0,-1.8369701987210297e-16,0.4559066935084588,-0.8900275764346767,18550.0,max_ac,2120.0,0.11428571428571428,0.11428571428571428,0.15664672172557906,2905.7966880094914,-785.7966880094914,leave_one_system_out
1239,2019-06-05 06:00:00,1950.0,139.34125,8.816668772000003,1.0,6.123233995736766e-17,0.440518784350495,-0.8977433935342337,6.0,156,1.0,6.123233995736766e-17,0.440518784350495,-0.8977433935342337,18550.0,max_ac,1950.0,0.10512129380053908,0.10512129380053908,0.0968728431311967,1796.9912400836988,153.0087599163012,leave_one_system_out
1239,2019-06-05 07:00:00,4900.0,293.75775,10.5602800226,0.9659258262890684,-0.2588190451025206,0.440518784350495,-0.8977433935342337,7.0,156,0.9659258262890683,-0.25881904510252063,0.440518784350495,-0.8977433935342337,18550.0,max_ac,4900.0,0.2641509433962264,0.2641509433962264,0.25357351260367966,4703.7886587982575,196.21134120174247,leave_one_system_out
1239,2019-06-05 08:00:00,9865.0,534.1965,13.545835817000004,0.8660254037844387,-0.4999999999999998,0.440518784350495,-0.8977433935342337,8.0,156,0.8660254037844387,-0.4999999999999998,0.440518784350495,-0.8977433935342337,18550.0,max_ac,9865.0,0.5318059299191374,0.5318059299191374,0.4325880853755859,8024.508983717119,1840.491016282881,leave_one_system_out
1239,2019-06-05 09:00:00,12755.0,685.2095,17.4693083531,0.7071067811865476,-0.7071067811865475,0.440518784350495,-0.8977433935342337,9.0,156,0.7071067811865476,-0.7071067811865475,0.440518784350495,-0.8977433935342337,18550.0,max_ac,12755.0,0.6876010781671159,0.6876010781671159,0.5442828809021675,10096.447440735206,2658.5525592647937,leave_one_system_out
1239,2019-06-05 10:00:00,12805.0,703.8407500000001,18.511113992,0.4999999999999999,-0.8660254037844387,0.440518784350495,-0.8977433935342337,10.0,156,0.49999999999999994,-0.8660254037844387,0.440518784350495,-0.8977433935342337,18550.0,max_ac,12805.0,0.6902964959568734,0.6902964959568734,0.5808729312880928,10775.192875394121,2029.807124605879,leave_one_system_out
1239,2019-06-05 11:00:00,8890.0,482.535,18.8009751263,0.258819045102521,-0.9659258262890682,0.440518784350495,-0.8977433935342337,11.0,156,0.258819045102521,-0.9659258262890682,0.440518784350495,-0.8977433935342337,18550.0,max_ac,8890.0,0.47924528301886793,0.47924528301886793,0.511877400401573,9495.32577744918,-605.3257774491794,leave_one_system_out
1239,2019-06-05 12:00:00,11785.0,642.16575,18.5913917762,1.2246467991473532e-16,-1.0,0.440518784350495,-0.8977433935342337,12.0,156,1.2246467991473532e-16,-1.0,0.440518784350495,-0.8977433935342337,18550.0,max_ac,11785.0,0.6353099730458222,0.6353099730458222,0.5558642366625834,10311.281590090923,1473.7184099090773,leave_one_system_out
1239,2019-06-05 13:00:00,10790.0,567.48825,19.997780777600006,-0.2588190451025208,-0.9659258262890684,0.440518784350495,-0.8977433935342337,13.0,156,-0.2588190451025208,-0.9659258262890683,0.440518784350495,-0.8977433935342337,18550.0,max_ac,10790.0,0.5816711590296496,0.5816711590296496,0.4988479342219569,9253.6291798173,1536.3708201826994,leave_one_system_out
1239,2019-06-05 14:00:00,9340.0,502.3445,20.442086368700007,-0.4999999999999997,-0.8660254037844388,0.440518784350495,-0.8977433935342337,14.0,156,-0.4999999999999997,-0.8660254037844388,0.440518784350495,-0.8977433935342337,18550.0,max_ac,9340.0,0.5035040431266846,0.5035040431266846,0.4320151117856787,8013.88032362434,1326.1196763756598,leave_one_system_out
1239,2019-06-05 15:00:00,7715.0,430.874,20.9088919616,-0.7071067811865471,-0.7071067811865479,0.440518784350495,-0.8977433935342337,15.0,156,-0.7071067811865471,-0.7071067811865479,0.440518784350495,-0.8977433935342337,18550.0,max_ac,7715.0,0.41590296495956874,0.41590296495956874,0.3611560536596516,6699.444795386537,1015.5552046134626,leave_one_system_out
1239,2019-06-05 16:00:00,6315.0,359.44699999999995,20.844308623100005,-0.8660254037844385,-0.5000000000000004,0.440518784350495,-0.8977433935342337,16.0,156,-0.8660254037844385,-0.5000000000000004,0.440518784350495,-0.8977433935342337,18550.0,max_ac,6315.0,0.3404312668463612,0.3404312668463612,0.29885443329914135,5543.749737699072,771.2502623009277,leave_one_system_out
1239,2019-06-05 17:00:00,4805.0,307.873,20.994725301800003,-0.9659258262890684,-0.2588190451025206,0.440518784350495,-0.8977433935342337,17.0,156,-0.9659258262890683,-0.25881904510252063,0.440518784350495,-0.8977433935342337,18550.0,max_ac,4805.0,0.2590296495956873,0.2590296495956873,0.27086115318786486,5024.474391634893,-219.47439163489344,leave_one_system_out
1239,2019-06-05 18:00:00,1610.0,114.8635,19.4563918454,-1.0,-1.8369701987210287e-16,0.440518784350495,-0.8977433935342337,18.0,156,-1.0,-1.8369701987210297e-16,0.440518784350495,-0.8977433935342337,18550.0,max_ac,1610.0,0.08679245283018867,0.08679245283018867,0.108267780005886,2008.3673191091852,-398.36731910918525,leave_one_system_out
1239,2019-06-06 06:00:00,955.0,71.51425,9.332641035500002,1.0,6.123233995736766e-17,0.4250003399695541,-0.9051931898913974,6.0,157,1.0,6.123233995736766e-17,0.42500033996955416,-0.9051931898913974,18550.0,max_ac,955.0,0.051482479784366576,0.051482479784366576,0.05609604953185737,1040.5817188159542,-85.58171881595422,leave_one_system_out
1239,2019-06-06 07:00:00,4410.0,263.82575,11.962363468100005,0.9659258262890684,-0.2588190451025206,0.4250003399695541,-0.9051931898913974,7.0,157,0.9659258262890683,-0.25881904510252063,0.42500033996955416,-0.9051931898913974,18550.0,max_ac,4410.0,0.23773584905660378,0.23773584905660378,0.2429381291820704,4506.502296327406,-96.50229632740593,leave_one_system_out
1239,2019-06-06 08:00:00,10045.0,564.87025,18.5394473276,0.8660254037844387,-0.4999999999999998,0.4250003399695541,-0.9051931898913974,8.0,157,0.8660254037844387,-0.4999999999999998,0.42500033996955416,-0.9051931898913974,18550.0,max_ac,10045.0,0.5415094339622641,0.5415094339622641,0.4583482355423099,8502.359769309849,1542.640230690151,leave_one_system_out
1239,2019-06-06 09:00:00,11480.0,624.9309999999999,22.0029198269,0.7071067811865476,-0.7071067811865475,0.4250003399695541,-0.9051931898913974,9.0,157,0.7071067811865476,-0.7071067811865475,0.42500033996955416,-0.9051931898913974,18550.0,max_ac,11480.0,0.6188679245283019,0.6188679245283019,0.5339198898584362,9904.213956873991,1575.7860431260087,leave_one_system_out
1239,2019-06-06 10:00:00,14405.0,794.31375,25.079864517500003,0.4999999999999999,-0.8660254037844387,0.4250003399695541,-0.9051931898913974,10.0,157,0.49999999999999994,-0.8660254037844387,0.42500033996955416,-0.9051931898913974,18550.0,max_ac,14405.0,0.7765498652291105,0.7765498652291105,0.6256025861918809,11604.92797385939,2800.0720261406095,leave_one_system_out
1239,2019-06-06 11:00:00,15840.0,880.64125,25.397781209600005,0.258819045102521,-0.9659258262890682,0.4250003399695541,-0.9051931898913974,11.0,157,0.258819045102521,-0.9659258262890682,0.42500033996955416,-0.9051931898913974,18550.0,max_ac,15840.0,0.8539083557951482,0.8539083557951482,0.6651798039784075,12339.085363799459,3500.9146362005413,leave_one_system_out
1239,2019-06-06 12:00:00,14485.0,788.9467500000001,23.298058819400005,1.2246467991473532e-16,-1.0,0.4250003399695541,-0.9051931898913974,12.0,157,1.2246467991473532e-16,-1.0,0.42500033996955416,-0.9051931898913974,18550.0,max_ac,14485.0,0.7808625336927224,0.7808625336927224,0.6244289039534893,11583.156168337226,2901.8438316627744,leave_one_system_out
1239,2019-06-06 13:00:00,17910.0,1011.86675,24.14194777580001,-0.2588190451025208,-0.9659258262890684,0.4250003399695541,-0.9051931898913974,13.0,157,-0.2588190451025208,-0.9659258262890683,0.42500033996955416,-0.9051931898913974,18550.0,max_ac,17910.0,0.9654986522911051,0.9654986522911051,0.7143618876490543,13251.413015889957,4658.586984110043,leave_one_system_out
1239,2019-06-06 14:00:00,9800.0,552.8277499999999,26.418614624600004,-0.4999999999999997,-0.8660254037844388,0.4250003399695541,-0.9051931898913974,14.0,157,-0.4999999999999997,-0.8660254037844388,0.42500033996955416,-0.9051931898913974,18550.0,max_ac,9800.0,0.5283018867924528,0.5283018867924528,0.47293761574869686,8772.992772138326,1027.0072278616735,leave_one_system_out
1239,2019-06-06 15:00:00,11005.0,619.12775,26.155836825800005,-0.7071067811865471,-0.7071067811865479,0.4250003399695541,-0.9051931898913974,15.0,157,-0.7071067811865471,-0.7071067811865479,0.42500033996955416,-0.9051931898913974,18550.0,max_ac,11005.0,0.5932614555256065,0.5932614555256065,0.4979948923615185,9237.80525330617,1767.194746693831,leave_one_system_out
1239,2019-06-06 16:00:00,8130.0,486.7240000000001,26.785420209500003,-0.8660254037844385,-0.5000000000000004,0.4250003399695541,-0.9051931898913974,16.0,157,-0.8660254037844385,-0.5000000000000004,0.42500033996955416,-0.9051931898913974,18550.0,max_ac,8130.0,0.43827493261455525,0.43827493261455525,0.40999283208719894,7605.36703521754,524.6329647824596,leave_one_system_out
1239,2019-06-06 17:00:00,6740.0,433.6665,24.411808908500003,-0.9659258262890684,-0.2588190451025206,0.4250003399695541,-0.9051931898913974,17.0,157,-0.9659258262890683,-0.25881904510252063,0.42500033996955416,-0.9051931898913974,18550.0,max_ac,6740.0,0.3633423180592992,0.3633423180592992,0.392897139628219,7288.241940103462,-548.2419401034622,leave_one_system_out
1239,2019-06-06 18:00:00,2490.0,253.65925,22.650003212,-1.0,-1.8369701987210287e-16,0.4250003399695541,-0.9051931898913974,18.0,157,-1.0,-1.8369701987210297e-16,0.42500033996955416,-0.9051931898913974,18550.0,max_ac,2490.0,0.13423180592991915,0.13423180592991915,0.2600074326032785,4823.137874790817,-2333.1378747908166,leave_one_system_out
1239,2019-06-07 06:00:00,2555.0,212.84075,8.671668760400001,1.0,6.123233995736766e-17,0.4093559588156213,-0.9123747579707272,6.0,158,1.0,6.123233995736766e-17,0.4093559588156213,-0.9123747579707273,18550.0,max_ac,2555.0,0.13773584905660377,0.13773584905660377,0.14458478419218598,2682.04774676505,-127.04774676504985,leave_one_system_out
1239,2019-06-07 07:00:00,5770.0,377.62025,13.1590302305,0.9659258262890684,-0.2588190451025206,0.4093559588156213,-0.9123747579707272,7.0,158,0.9659258262890683,-0.25881904510252063,0.4093559588156213,-0.9123747579707273,18550.0,max_ac,5770.0,0.3110512129380054,0.3110512129380054,0.3061044793952176,5678.2380927812865,91.76190721871353,leave_one_system_out
1239,2019-06-07 08:00:00,9740.0,540.9815,17.671669480400006,0.8660254037844387,-0.4999999999999998,0.4093559588156213,-0.9123747579707272,8.0,158,0.8660254037844387,-0.4999999999999998,0.4093559588156213,-0.9123747579707273,18550.0,max_ac,9740.0,0.525067385444744,0.525067385444744,0.44753828874756685,8301.835256267364,1438.1647437326355,leave_one_system_out
1239,2019-06-07 09:00:00,12785.0,687.56575,20.0159752235,0.7071067811865476,-0.7071067811865475,0.4093559588156213,-0.9123747579707272,9.0,158,0.7071067811865476,-0.7071067811865475,0.4093559588156213,-0.9123747579707273,18550.0,max_ac,12785.0,0.6892183288409703,0.6892183288409703,0.5532073508682572,10261.996358606171,2523.0036413938287,leave_one_system_out
1239,2019-06-07 10:00:00,14720.0,828.74,22.011392049800005,0.4999999999999999,-0.8660254037844387,0.4093559588156213,-0.9123747579707272,10.0,158,0.49999999999999994,-0.8660254037844387,0.4093559588156213,-0.9123747579707273,18550.0,max_ac,14720.0,0.7935309973045822,0.7935309973045822,0.6329050857496452,11740.389340655918,2979.610659344082,leave_one_system_out
1239,2019-06-07 11:00:00,12460.0,704.146,21.804725366600003,0.258819045102521,-0.9659258262890682,0.4093559588156213,-0.9123747579707272,11.0,158,0.258819045102521,-0.9659258262890682,0.4093559588156213,-0.9123747579707273,18550.0,max_ac,12460.0,0.6716981132075471,0.6716981132075471,0.6001032044656428,11131.914442837675,1328.0855571623251,leave_one_system_out
1239,2019-06-07 12:00:00,13150.0,754.84775,21.972086491100004,1.2246467991473532e-16,-1.0,0.4093559588156213,-0.9123747579707272,12.0,158,1.2246467991473532e-16,-1.0,0.4093559588156213,-0.9123747579707273,18550.0,max_ac,13150.0,0.7088948787061995,0.7088948787061995,0.6103627589026033,11322.22917764329,1827.7708223567097,leave_one_system_out
1239,2019-06-07 13:00:00,16840.0,954.05325,23.015419907900004,-0.2588190451025208,-0.9659258262890684,0.4093559588156213,-0.9123747579707272,13.0,158,-0.2588190451025208,-0.9659258262890683,0.4093559588156213,-0.9123747579707273,18550.0,max_ac,16840.0,0.9078167115902965,0.9078167115902965,0.6880145256468297,12762.669450748692,4077.330549251308,leave_one_system_out
1239,2019-06-07 14:00:00,10345.0,573.00775,24.126392219,-0.4999999999999997,-0.8660254037844388,0.4093559588156213,-0.9123747579707272,14.0,158,-0.4999999999999997,-0.8660254037844388,0.4093559588156213,-0.9123747579707273,18550.0,max_ac,10345.0,0.5576819407008087,0.5576819407008087,0.48133121638901566,8928.694064016241,1416.305935983759,leave_one_system_out
1239,2019-06-07 15:00:00,3775.0,216.6805,22.2744476264,-0.7071067811865471,-0.7071067811865479,0.4093559588156213,-0.9123747579707272,15.0,158,-0.7071067811865471,-0.7071067811865479,0.4093559588156213,-0.9123747579707273,18550.0,max_ac,3775.0,0.20350404312668463,0.20350404312668463,0.21891015761677604,4060.7834237911957,-285.7834237911957,leave_one_system_out
1239,2019-06-07 16:00:00,4005.0,233.91525,21.984725381000004,-0.8660254037844385,-0.5000000000000004,0.4093559588156213,-0.9123747579707272,16.0,158,-0.8660254037844385,-0.5000000000000004,0.4093559588156213,-0.9123747579707273,18550.0,max_ac,4005.0,0.21590296495956873,0.21590296495956873,0.19964913231090947,3703.4914043673707,301.5085956326293,leave_one_system_out
1239,2019-06-07 17:00:00,7635.0,491.5675,23.526114393200004,-0.9659258262890684,-0.2588190451025206,0.4093559588156213,-0.9123747579707272,17.0,158,-0.9659258262890683,-0.25881904510252063,0.4093559588156213,-0.9123747579707273,18550.0,max_ac,7635.0,0.41159029649595685,0.41159029649595685,0.4470989688615986,8293.685872382654,-658.6858723826535,leave_one_system_out
1239,2019-06-07 18:00:00,1855.0,152.21325,22.760836554200004,-1.0,-1.8369701987210287e-16,0.4093559588156213,-0.9123747579707272,18.0,158,-1.0,-1.8369701987210297e-16,0.4093559588156213,-0.9123747579707273,18550.0,max_ac,1855.0,0.1,0.1,0.15223246792041104,2823.9122799236247,-968.9122799236247,leave_one_system_out
1239,2019-06-08 06:00:00,2350.0,213.58275000000003,9.827779964,1.0,6.123233995736766e-17,0.3935902766564667,-0.9192859697186104,6.0,159,1.0,6.123233995736766e-17,0.39359027665646673,-0.9192859697186104,18550.0,max_ac,2350.0,0.12668463611859837,0.12668463611859837,0.1487350642882307,2759.0354425466794,-409.0354425466794,leave_one_system_out
1239,2019-06-08 07:00:00,5970.0,378.7985,11.726252338100004,0.9659258262890684,-0.2588190451025206,0.3935902766564667,-0.9192859697186104,7.0,159,0.9659258262890683,-0.25881904510252063,0.39359027665646673,-0.9192859697186104,18550.0,max_ac,5970.0,0.32183288409703503,0.32183288409703503,0.30403517668077235,5639.852527428327,330.14747257167255,leave_one_system_out
1239,2019-06-08 08:00:00,10090.0,543.316,13.814308060700004,0.8660254037844387,-0.4999999999999998,0.3935902766564667,-0.9192859697186104,8.0,159,0.8660254037844387,-0.4999999999999998,0.39359027665646673,-0.9192859697186104,18550.0,max_ac,10090.0,0.5439353099730458,0.5439353099730458,0.44075297900345173,8175.96776051403,1914.0322394859704,leave_one_system_out
1239,2019-06-08 09:00:00,13180.0,692.3000000000001,16.542641612300002,0.7071067811865476,-0.7071067811865475,0.3935902766564667,-0.9192859697186104,9.0,159,0.7071067811865476,-0.7071067811865475,0.39359027665646673,-0.9192859697186104,18550.0,max_ac,13180.0,0.7105121293800539,0.7105121293800539,0.5491412750880734,10186.570652883762,2993.429347116238,leave_one_system_out
1239,2019-06-08 10:00:00,15100.0,800.37825,19.4393085107,0.4999999999999999,-0.8660254037844387,0.3935902766564667,-0.9192859697186104,10.0,159,0.49999999999999994,-0.8660254037844387,0.39359027665646673,-0.9192859697186104,18550.0,max_ac,15100.0,0.8140161725067385,0.8140161725067385,0.6203137819451269,11506.820655082103,3593.1793449178967,leave_one_system_out
1239,2019-06-08 11:00:00,16575.0,883.0627499999998,18.920558469200003,0.258819045102521,-0.9659258262890682,0.3935902766564667,-0.9192859697186104,11.0,159,0.258819045102521,-0.9659258262890682,0.39359027665646673,-0.9192859697186104,18550.0,max_ac,16575.0,0.8935309973045822,0.8935309973045822,0.6594056417824306,12231.974655064087,4343.025344935913,leave_one_system_out
1239,2019-06-08 12:00:00,17590.0,921.8305,17.562086138300003,1.2246467991473532e-16,-1.0,0.3935902766564667,-0.9192859697186104,12.0,159,1.2246467991473532e-16,-1.0,0.39359027665646673,-0.9192859697186104,18550.0,max_ac,17590.0,0.9482479784366576,0.9482479784366576,0.6723575558530657,12472.232661074368,5117.767338925632,leave_one_system_out
1239,2019-06-08 13:00:00,17035.0,895.716,18.682919561300004,-0.2588190451025208,-0.9659258262890684,0.3935902766564667,-0.9192859697186104,13.0,159,-0.2588190451025208,-0.9659258262890683,0.39359027665646673,-0.9192859697186104,18550.0,max_ac,17035.0,0.9183288409703504,0.9183288409703504,0.6579245302624623,12204.500036368676,4830.499963631324,leave_one_system_out
1239,2019-06-08 14:00:00,15710.0,832.3832499999999,21.995975381900003,-0.4999999999999997,-0.8660254037844388,0.3935902766564667,-0.9192859697186104,14.0,159,-0.4999999999999997,-0.8660254037844388,0.39359027665646673,-0.9192859697186104,18550.0,max_ac,15710.0,0.846900269541779,0.846900269541779,0.6266426836457196,11624.221781628099,4085.778218371901,leave_one_system_out
1239,2019-06-08 15:00:00,13440.0,732.071,23.001392129000006,-0.7071067811865471,-0.7071067811865479,0.3935902766564667,-0.9192859697186104,15.0,159,-0.7071067811865471,-0.7071067811865479,0.39359027665646673,-0.9192859697186104,18550.0,max_ac,13440.0,0.7245283018867924,0.7245283018867924,0.573837517677082,10644.685952909871,2795.314047090129,leave_one_system_out
1239,2019-06-08 16:00:00,10255.0,588.14875,22.731392107400005,-0.8660254037844385,-0.5000000000000004,0.3935902766564667,-0.9192859697186104,16.0,159,-0.8660254037844385,-0.5000000000000004,0.39359027665646673,-0.9192859697186104,18550.0,max_ac,10255.0,0.5528301886792453,0.5528301886792453,0.4896726218331725,9083.42713500535,1171.5728649946504,leave_one_system_out
1239,2019-06-08 17:00:00,6500.0,425.07075,21.472780895600003,-0.9659258262890684,-0.2588190451025206,0.3935902766564667,-0.9192859697186104,17.0,159,-0.9659258262890683,-0.25881904510252063,0.39359027665646673,-0.9192859697186104,18550.0,max_ac,6500.0,0.3504043126684636,0.3504043126684636,0.38341677016122905,7112.381086490799,-612.3810864907991,leave_one_system_out
1239,2019-06-08 18:00:00,2545.0,264.19675,20.01028077860001,-1.0,-1.8369701987210287e-16,0.3935902766564667,-0.9192859697186104,18.0,159,-1.0,-1.8369701987210297e-16,0.39359027665646673,-0.9192859697186104,18550.0,max_ac,2545.0,0.13719676549865228,0.13719676549865228,0.26927303862526086,4995.014866498589,-2450.014866498589,leave_one_system_out
1239,2019-06-09 06:00:00,2655.0,217.2915,8.210418723500004,1.0,6.123233995736766e-17,0.3777079652039649,-0.9259247771938498,6.0,160,1.0,6.123233995736766e-17,0.3777079652039649,-0.9259247771938498,18550.0,max_ac,2655.0,0.1431266846361186,0.1431266846361186,0.1474866847957484,2735.8780029611326,-80.87800296113255,leave_one_system_out
1239,2019-06-09 07:00:00,5895.0,382.87775,13.471391366600004,0.9659258262890684,-0.2588190451025206,0.3777079652039649,-0.9259247771938498,7.0,160,0.9659258262890683,-0.25881904510252063,0.3777079652039649,-0.9259247771938498,18550.0,max_ac,5895.0,0.3177897574123989,0.3177897574123989,0.31142592852198336,5776.950974082792,118.04902591720838,leave_one_system_out
1239,2019-06-09 08:00:00,9725.0,546.348,18.2511139712,0.8660254037844387,-0.4999999999999998,0.3777079652039649,-0.9259247771938498,8.0,160,0.8660254037844387,-0.4999999999999998,0.3777079652039649,-0.9259247771938498,18550.0,max_ac,9725.0,0.5242587601078167,0.5242587601078167,0.45343255142839944,8411.173828996809,1313.8261710031911,leave_one_system_out
1239,2019-06-09 09:00:00,12378.75,687.9367500000001,23.151808807700004,0.7071067811865476,-0.7071067811865475,0.3777079652039649,-0.9259247771938498,9.0,160,0.7071067811865476,-0.7071067811865475,0.3777079652039649,-0.9259247771938498,18550.0,max_ac,12378.75,0.6673180592991914,0.6673180592991914,0.5625507183404748,10435.315825215806,1943.4341747841936,leave_one_system_out
1239,2019-06-09 10:00:00,12725.0,743.7429999999999,25.7520867935,0.4999999999999999,-0.8660254037844387,0.3777079652039649,-0.9259247771938498,10.0,160,0.49999999999999994,-0.8660254037844387,0.3777079652039649,-0.9259247771938498,18550.0,max_ac,12725.0,0.6859838274932615,0.6859838274932615,0.6150744352200761,11409.630773332412,1315.369226667588,leave_one_system_out
1239,2019-06-09 11:00:00,10510.0,603.0709999999999,24.639586704500005,0.258819045102521,-0.9659258262890682,0.3777079652039649,-0.9259247771938498,11.0,160,0.258819045102521,-0.9659258262890682,0.3777079652039649,-0.9259247771938498,18550.0,max_ac,10510.0,0.5665768194070081,0.5665768194070081,0.5752348298316987,10670.606093378012,-160.6060933780118,leave_one_system_out
1239,2019-06-09 12:00:00,9350.0,511.442,22.3320865199,1.2246467991473532e-16,-1.0,0.3777079652039649,-0.9259247771938498,12.0,160,1.2246467991473532e-16,-1.0,0.3777079652039649,-0.9259247771938498,18550.0,max_ac,9350.0,0.5040431266846361,0.5040431266846361,0.5191088247030905,9629.468698242328,-279.4686982423282,leave_one_system_out
1239,2019-06-09 13:00:00,9515.0,514.6055,22.7229198845,-0.2588190451025208,-0.9659258262890684,0.3777079652039649,-0.9259247771938498,13.0,160,-0.2588190451025208,-0.9659258262890683,0.3777079652039649,-0.9259247771938498,18550.0,max_ac,9515.0,0.5129380053908356,0.5129380053908356,0.48570332372386105,9009.796655077622,505.20334492237816,leave_one_system_out
1239,2019-06-09 14:00:00,5120.0,294.08525,22.3531976327,-0.4999999999999997,-0.8660254037844388,0.3777079652039649,-0.9259247771938498,14.0,160,-0.4999999999999997,-0.8660254037844388,0.3777079652039649,-0.9259247771938498,18550.0,max_ac,5120.0,0.27601078167115906,0.27601078167115906,0.3228771135871696,5989.370457041996,-869.3704570419959,leave_one_system_out
1239,2019-06-09 15:00:00,3349.5,203.2415,22.3475031878,-0.7071067811865471,-0.7071067811865479,0.3777079652039649,-0.9259247771938498,15.0,160,-0.7071067811865471,-0.7071067811865479,0.3777079652039649,-0.9259247771938498,18550.0,max_ac,3349.5,0.18056603773584906,0.18056603773584906,0.21180504364814298,3928.9835596730522,-579.4835596730522,leave_one_system_out
1239,2019-06-09 16:00:00,1480.0,105.30775,21.166253093300003,-0.8660254037844385,-0.5000000000000004,0.3777079652039649,-0.9259247771938498,16.0,160,-0.8660254037844385,-0.5000000000000004,0.3777079652039649,-0.9259247771938498,18550.0,max_ac,1480.0,0.07978436657681941,0.07978436657681941,0.09449543881876615,1752.890390088112,-272.8903900881121,leave_one_system_out
1239,2019-06-09 17:00:00,1250.0,88.11625,21.0454197503,-0.9659258262890684,-0.2588190451025206,0.3777079652039649,-0.9259247771938498,17.0,160,-0.9659258262890683,-0.25881904510252063,0.3777079652039649,-0.9259247771938498,18550.0,max_ac,1250.0,0.0673854447439353,0.0673854447439353,0.06421826706364803,1191.2488540306708,58.75114596932917,leave_one_system_out
1239,2019-06-09 18:00:00,40.0,30.412000000000003,20.620697494100003,-1.0,-1.8369701987210287e-16,0.3777079652039649,-0.9259247771938498,18.0,160,-1.0,-1.8369701987210297e-16,0.3777079652039649,-0.9259247771938498,18550.0,max_ac,40.0,0.00215633423180593,0.00215633423180593,0.019557766983959335,362.7965775524457,-322.7965775524457,leave_one_system_out
1239,2019-06-10 06:00:00,1390.0,91.10525,11.623335663200002,1.0,6.123233995736766e-17,0.3617137307297676,-0.9322892131745132,6.0,161,1.0,6.123233995736766e-17,0.36171373072976765,-0.9322892131745133,18550.0,max_ac,1390.0,0.07493261455525606,0.07493261455525606,0.0780445897641312,1447.7271401246337,-57.727140124633706,leave_one_system_out
1239,2019-06-10 07:00:00,2920.0,176.32025,14.1561136436,0.9659258262890684,-0.2588190451025206,0.3617137307297676,-0.9322892131745132,7.0,161,0.9659258262890683,-0.25881904510252063,0.36171373072976765,-0.9322892131745133,18550.0,max_ac,2920.0,0.1574123989218329,0.1574123989218329,0.2082657447793992,3863.329565657855,-943.3295656578548,leave_one_system_out
1239,2019-06-10 08:00:00,5600.0,306.913,16.978474980500003,0.8660254037844387,-0.4999999999999998,0.3617137307297676,-0.9322892131745132,8.0,161,0.8660254037844387,-0.4999999999999998,0.36171373072976765,-0.9322892131745133,18550.0,max_ac,5600.0,0.3018867924528302,0.3018867924528302,0.3508235190866747,6507.776279057815,-907.7762790578154,leave_one_system_out
1239,2019-06-10 09:00:00,11970.0,646.7255,19.9766696648,0.7071067811865476,-0.7071067811865475,0.3617137307297676,-0.9322892131745132,9.0,161,0.7071067811865476,-0.7071067811865475,0.36171373072976765,-0.9322892131745133,18550.0,max_ac,11970.0,0.6452830188679245,0.6452830188679245,0.5424273332789177,10062.027032323924,1907.9729676760762,leave_one_system_out
1239,2019-06-10 10:00:00,14005.0,770.2065,22.738475441300004,0.4999999999999999,-0.8660254037844387,0.3617137307297676,-0.9322892131745132,10.0,161,0.49999999999999994,-0.8660254037844387,0.36171373072976765,-0.9322892131745133,18550.0,max_ac,14005.0,0.7549865229110512,0.7549865229110512,0.6191476456064133,11485.188825998966,2519.8111740010336,leave_one_system_out
1239,2019-06-10 11:00:00,15295.0,850.2725,23.922503313800007,0.258819045102521,-0.9659258262890682,0.3617137307297676,-0.9322892131745132,11.0,161,0.258819045102521,-0.9659258262890682,0.36171373072976765,-0.9322892131745133,18550.0,max_ac,15295.0,0.8245283018867925,0.8245283018867925,0.6586047437500563,12217.117996563544,3077.882003436456,leave_one_system_out
1239,2019-06-10 12:00:00,15995.0,879.48475,22.776392111000007,1.2246467991473532e-16,-1.0,0.3617137307297676,-0.9322892131745132,12.0,161,1.2246467991473532e-16,-1.0,0.36171373072976765,-0.9322892131745133,18550.0,max_ac,15995.0,0.8622641509433963,0.8622641509433963,0.6647807621065973,12331.68313707738,3663.31686292262,leave_one_system_out
1239,2019-06-10 13:00:00,15030.0,817.3515,23.51194772540001,-0.2588190451025208,-0.9659258262890684,0.3617137307297676,-0.9322892131745132,13.0,161,-0.2588190451025208,-0.9659258262890683,0.36171373072976765,-0.9322892131745133,18550.0,max_ac,15030.0,0.8102425876010781,0.8102425876010781,0.628875229840052,11665.635513532963,3364.364486467037,leave_one_system_out
1239,2019-06-10 14:00:00,14265.0,803.2802499999999,27.224309133500004,-0.4999999999999997,-0.8660254037844388,0.3617137307297676,-0.9322892131745132,14.0,161,-0.4999999999999997,-0.8660254037844388,0.36171373072976765,-0.9322892131745133,18550.0,max_ac,14265.0,0.7690026954177898,0.7690026954177898,0.6171110277661498,11447.409565062078,2817.5904349379216,leave_one_system_out
1239,2019-06-10 15:00:00,11685.0,658.50625,27.389031368900003,-0.7071067811865471,-0.7071067811865479,0.3617137307297676,-0.9322892131745132,15.0,161,-0.7071067811865471,-0.7071067811865479,0.36171373072976765,-0.9322892131745133,18550.0,max_ac,11685.0,0.6299191374663072,0.6299191374663072,0.5293740907530857,9819.889383469741,1865.110616530259,leave_one_system_out
1239,2019-06-10 16:00:00,9300.0,553.00225,27.3256980305,-0.8660254037844385,-0.5000000000000004,0.3617137307297676,-0.9322892131745132,16.0,161,-0.8660254037844385,-0.5000000000000004,0.36171373072976765,-0.9322892131745133,18550.0,max_ac,9300.0,0.5013477088948787,0.5013477088948787,0.46594205848424913,8643.225184882822,656.7748151171782,leave_one_system_out
1239,2019-06-10 17:00:00,5520.0,370.1155,26.560559080400004,-0.9659258262890684,-0.2588190451025206,0.3617137307297676,-0.9322892131745132,17.0,161,-0.9659258262890683,-0.25881904510252063,0.36171373072976765,-0.9322892131745133,18550.0,max_ac,5520.0,0.29757412398921834,0.29757412398921834,0.3365469768848527,6242.946421214017,-722.9464212140174,leave_one_system_out
1239,2019-06-10 18:00:00,2400.0,241.224,25.792781241200004,-1.0,-1.8369701987210287e-16,0.3617137307297676,-0.9322892131745132,18.0,161,-1.0,-1.8369701987210297e-16,0.36171373072976765,-0.9322892131745133,18550.0,max_ac,2400.0,0.1293800539083558,0.1293800539083558,0.2494628078804962,4627.535086183205,-2227.535086183205,leave_one_system_out
1239,2019-06-11 06:00:00,1100.0,75.2885,13.150696896500005,1.0,6.123233995736766e-17,0.3456123126707335,-0.938377391740864,6.0,162,1.0,6.123233995736766e-17,0.3456123126707335,-0.9383773917408641,18550.0,max_ac,1100.0,0.05929919137466307,0.05929919137466307,0.07348162167897421,1363.0840821449715,-263.0840821449715,leave_one_system_out
1239,2019-06-11 07:00:00,3420.0,188.123,14.282641431500004,0.9659258262890684,-0.2588190451025206,0.3456123126707335,-0.938377391740864,7.0,162,0.9659258262890683,-0.25881904510252063,0.3456123126707335,-0.9383773917408641,18550.0,max_ac,3420.0,0.18436657681940702,0.18436657681940702,0.21552931623030933,3998.068816072238,-578.068816072238,leave_one_system_out
1239,2019-06-11 08:00:00,4280.0,234.11175,15.556669311200002,0.8660254037844387,-0.4999999999999998,0.3456123126707335,-0.938377391740864,8.0,162,0.8660254037844387,-0.4999999999999998,0.3456123126707335,-0.9383773917408641,18550.0,max_ac,4280.0,0.2307277628032345,0.2307277628032345,0.3165432302434691,5871.876921016352,-1591.8769210163518,leave_one_system_out
1239,2019-06-11 09:00:00,6600.0,354.99675,17.3215305635,0.7071067811865476,-0.7071067811865475,0.3456123126707335,-0.938377391740864,9.0,162,0.7071067811865476,-0.7071067811865475,0.3456123126707335,-0.9383773917408641,18550.0,max_ac,6600.0,0.3557951482479784,0.3557951482479784,0.4308069427563736,7991.46878813073,-1391.46878813073,leave_one_system_out
1239,2019-06-11 10:00:00,6025.0,327.94449999999995,19.7698640927,0.4999999999999999,-0.8660254037844387,0.3456123126707335,-0.938377391740864,10.0,162,0.49999999999999994,-0.8660254037844387,0.3456123126707335,-0.9383773917408641,18550.0,max_ac,6025.0,0.3247978436657682,0.3247978436657682,0.46543039083516324,8633.733749992278,-2608.733749992278,leave_one_system_out
1239,2019-06-11 11:00:00,5075.0,262.82225,19.495558515200003,0.258819045102521,-0.9659258262890682,0.3456123126707335,-0.938377391740864,11.0,162,0.258819045102521,-0.9659258262890682,0.3456123126707335,-0.9383773917408641,18550.0,max_ac,5075.0,0.27358490566037735,0.27358490566037735,0.4460560618225548,8274.339946808392,-3199.3399468083917,leave_one_system_out
1239,2019-06-11 12:00:00,7240.0,355.3455,19.048336257200003,1.2246467991473532e-16,-1.0,0.3456123126707335,-0.938377391740864,12.0,162,1.2246467991473532e-16,-1.0,0.3456123126707335,-0.9383773917408641,18550.0,max_ac,7240.0,0.3902964959568733,0.3902964959568733,0.4510927269268856,8367.770084493728,-1127.770084493728,leave_one_system_out
1239,2019-06-11 13:00:00,3080.0,160.5905,16.476391607000004,-0.2588190451025208,-0.9659258262890684,0.3456123126707335,-0.938377391740864,13.0,162,-0.2588190451025208,-0.9659258262890683,0.3456123126707335,-0.9383773917408641,18550.0,max_ac,3080.0,0.1660377358490566,0.1660377358490566,0.30278246478013526,5616.614721671509,-2536.614721671509,leave_one_system_out
1239,2019-06-11 14:00:00,1475.0,83.2295,14.3262525461,-0.4999999999999997,-0.8660254037844388,0.3456123126707335,-0.938377391740864,14.0,162,-0.4999999999999997,-0.8660254037844388,0.3456123126707335,-0.9383773917408641,18550.0,max_ac,1475.0,0.07951482479784366,0.07951482479784366,0.17919151976334974,3324.002691610138,-1849.0026916101378,leave_one_system_out
1239,2019-06-11 15:00:00,1435.0,85.193,14.442919222100004,-0.7071067811865471,-0.7071067811865479,0.3456123126707335,-0.938377391740864,15.0,162,-0.7071067811865471,-0.7071067811865479,0.3456123126707335,-0.9383773917408641,18550.0,max_ac,1435.0,0.07735849056603773,0.07735849056603773,0.11008972158904495,2042.164335476784,-607.1643354767839,leave_one_system_out
1239,2019-06-11 16:00:00,860.0,63.48575,13.5809747087,-0.8660254037844385,-0.5000000000000004,0.3456123126707335,-0.938377391740864,16.0,162,-0.8660254037844385,-0.5000000000000004,0.3456123126707335,-0.9383773917408641,18550.0,max_ac,860.0,0.04636118598382749,0.04636118598382749,0.04304327343154901,798.4527221552341,61.54727784476586,leave_one_system_out
1239,2019-06-11 17:00:00,180.0,32.7074,13.520780259440006,-0.9659258262890684,-0.2588190451025206,0.3456123126707335,-0.938377391740864,17.0,162,-0.9659258262890683,-0.25881904510252063,0.3456123126707335,-0.9383773917408641,18550.0,max_ac,180.0,0.009703504043126684,0.009703504043126684,-0.002779087380067047,-51.55207090024372,231.55207090024373,leave_one_system_out
1239,2019-06-11 18:00:00,-90.0,25.503500000000003,13.795974725900004,-1.0,-1.8369701987210287e-16,0.3456123126707335,-0.938377391740864,18.0,162,-1.0,-1.8369701987210297e-16,0.3456123126707335,-0.9383773917408641,18550.0,max_ac,-90.0,-0.004851752021563342,-0.004851752021563342,0.003801807260349621,70.52352467948548,-160.5235246794855,leave_one_system_out
1239,2019-06-12 06:00:00,2760.0,216.13525,9.393057707000004,1.0,6.123233995736766e-17,0.3294084822245304,-0.9441875088341992,6.0,163,1.0,6.123233995736766e-17,0.3294084822245304,-0.9441875088341993,18550.0,max_ac,2760.0,0.14878706199460917,0.14878706199460917,0.1515848061924749,2811.8981548704096,-51.8981548704096,leave_one_system_out
1239,2019-06-12 07:00:00,6085.0,378.64575,11.623474552100005,0.9659258262890684,-0.2588190451025206,0.3294084822245304,-0.9441875088341992,7.0,163,0.9659258262890683,-0.25881904510252063,0.3294084822245304,-0.9441875088341993,18550.0,max_ac,6085.0,0.3280323450134771,0.3280323450134771,0.3071888037550624,5698.352309656408,386.64769034359233,leave_one_system_out
1239,2019-06-12 08:00:00,10260.0,540.938,13.875002510000003,0.8660254037844387,-0.4999999999999998,0.3294084822245304,-0.9441875088341992,8.0,163,0.8660254037844387,-0.4999999999999998,0.3294084822245304,-0.9441875088341993,18550.0,max_ac,10260.0,0.553099730458221,0.553099730458221,0.44432437834695765,8242.217218336064,2017.7827816639365,leave_one_system_out
1239,2019-06-12 09:00:00,13260.0,683.63875,16.2891693698,0.7071067811865476,-0.7071067811865475,0.3294084822245304,-0.9441875088341992,9.0,163,0.7071067811865476,-0.7071067811865475,0.3294084822245304,-0.9441875088341993,18550.0,max_ac,13260.0,0.7148247978436658,0.7148247978436658,0.5506098196202813,10213.812153956218,3046.187846043782,leave_one_system_out
1239,2019-06-12 10:00:00,15290.0,800.09475,19.471669624400004,0.4999999999999999,-0.8660254037844387,0.3294084822245304,-0.9441875088341992,10.0,163,0.49999999999999994,-0.8660254037844387,0.3294084822245304,-0.9441875088341993,18550.0,max_ac,15290.0,0.8242587601078167,0.8242587601078167,0.6259502159665701,11611.376506179875,3678.623493820125,leave_one_system_out
1239,2019-06-12 11:00:00,16525.0,881.252,20.1748641251,0.258819045102521,-0.9659258262890682,0.3294084822245304,-0.9441875088341992,11.0,163,0.258819045102521,-0.9659258262890682,0.3294084822245304,-0.9441875088341993,18550.0,max_ac,16525.0,0.8908355795148248,0.8908355795148248,0.6664790336374904,12363.186073975447,4161.813926024553,leave_one_system_out
1239,2019-06-12 12:00:00,18030.0,938.738,19.921808549300007,1.2246467991473532e-16,-1.0,0.3294084822245304,-0.9441875088341992,12.0,163,1.2246467991473532e-16,-1.0,0.3294084822245304,-0.9441875088341993,18550.0,max_ac,18030.0,0.9719676549865229,0.9719676549865229,0.6876433159267161,12755.783510440584,5274.216489559416,leave_one_system_out
1239,2019-06-12 13:00:00,14190.0,742.587,21.034030860500003,-0.2588190451025208,-0.9659258262890684,0.3294084822245304,-0.9441875088341992,13.0,163,-0.2588190451025208,-0.9659258262890683,0.3294084822245304,-0.9441875088341993,18550.0,max_ac,14190.0,0.7649595687331536,0.7649595687331536,0.5930567413694505,11001.202552403307,3188.797447596693,leave_one_system_out
1239,2019-06-12 14:00:00,13085.0,702.55375,23.03930879870001,-0.4999999999999997,-0.8660254037844388,0.3294084822245304,-0.9441875088341992,14.0,163,-0.4999999999999997,-0.8660254037844388,0.3294084822245304,-0.9441875088341993,18550.0,max_ac,13085.0,0.7053908355795149,0.7053908355795149,0.5584269218306263,10358.819399958116,2726.1806000418837,leave_one_system_out
1239,2019-06-12 15:00:00,11545.0,637.25725,23.556947729,-0.7071067811865471,-0.7071067811865479,0.3294084822245304,-0.9441875088341992,15.0,163,-0.7071067811865471,-0.7071067811865479,0.3294084822245304,-0.9441875088341993,18550.0,max_ac,11545.0,0.6223719676549865,0.6223719676549865,0.5129875550011016,9515.919145270434,2029.0808547295655,leave_one_system_out
1239,2019-06-12 16:00:00,8125.0,468.70375,23.307919931300003,-0.8660254037844385,-0.5000000000000004,0.3294084822245304,-0.9441875088341992,16.0,163,-0.8660254037844385,-0.5000000000000004,0.3294084822245304,-0.9441875088341993,18550.0,max_ac,8125.0,0.4380053908355795,0.4380053908355795,0.3955095919887757,7336.702931391789,788.2970686082108,leave_one_system_out
1239,2019-06-12 17:00:00,6490.0,420.162,24.193892224400003,-0.9659258262890684,-0.2588190451025206,0.3294084822245304,-0.9441875088341992,17.0,163,-0.9659258262890683,-0.25881904510252063,0.3294084822245304,-0.9441875088341993,18550.0,max_ac,6490.0,0.34986522911051215,0.34986522911051215,0.3819738595256901,7085.615094201551,-595.6150942015511,leave_one_system_out
1239,2019-06-12 18:00:00,2570.0,256.6265,23.334725489000007,-1.0,-1.8369701987210287e-16,0.3294084822245304,-0.9441875088341992,18.0,163,-1.0,-1.8369701987210297e-16,0.3294084822245304,-0.9441875088341993,18550.0,max_ac,2570.0,0.138544474393531,0.138544474393531,0.26376983235523904,4892.930390189685,-2322.9303901896847,leave_one_system_out
1239,2019-06-13 06:00:00,1715.0,111.30725,11.280141191300004,1.0,6.123233995736766e-17,0.3131070409358269,-0.9497178427914316,6.0,164,1.0,6.123233995736766e-17,0.3131070409358269,-0.9497178427914316,18550.0,max_ac,1715.0,0.09245283018867924,0.09245283018867924,0.09125719661590564,1692.8209972250497,22.179002774950277,leave_one_system_out
1239,2019-06-13 07:00:00,5250.0,325.806,13.773613613000004,0.9659258262890684,-0.2588190451025206,0.3131070409358269,-0.9497178427914316,7.0,164,0.9659258262890683,-0.25881904510252063,0.3131070409358269,-0.9497178427914316,18550.0,max_ac,5250.0,0.2830188679245283,0.2830188679245283,0.286175677700558,5308.558821345351,-58.558821345351134,leave_one_system_out
1239,2019-06-13 08:00:00,9260.0,508.955,16.9544472008,0.8660254037844387,-0.4999999999999998,0.3131070409358269,-0.9497178427914316,8.0,164,0.8660254037844387,-0.4999999999999998,0.3131070409358269,-0.9497178427914316,18550.0,max_ac,9260.0,0.4991913746630728,0.4991913746630728,0.4389426057033547,8142.385335797229,1117.6146642027707,leave_one_system_out
1239,2019-06-13 09:00:00,8390.0,461.46075,20.0779196729,0.7071067811865476,-0.7071067811865475,0.3131070409358269,-0.9497178427914316,9.0,164,0.7071067811865476,-0.7071067811865475,0.3131070409358269,-0.9497178427914316,18550.0,max_ac,8390.0,0.4522911051212938,0.4522911051212938,0.4799990443517369,8903.98227272472,-513.9822727247192,leave_one_system_out
1239,2019-06-13 10:00:00,12360.0,726.9228,21.790669809920004,0.4999999999999999,-0.8660254037844387,0.3131070409358269,-0.9497178427914316,10.0,164,0.49999999999999994,-0.8660254037844387,0.3131070409358269,-0.9497178427914316,18550.0,max_ac,12360.0,0.6663072776280323,0.6663072776280323,0.6070095539361063,11260.027225514772,1099.972774485228,leave_one_system_out
1239,2019-06-13 11:00:00,14165.0,801.4474999999999,24.7943089391,0.258819045102521,-0.9659258262890682,0.3131070409358269,-0.9497178427914316,11.0,164,0.258819045102521,-0.9659258262890682,0.3131070409358269,-0.9497178427914316,18550.0,max_ac,14165.0,0.763611859838275,0.763611859838275,0.6477761348286155,12016.247301070818,2148.752698929182,leave_one_system_out
1239,2019-06-13 12:00:00,13830.0,759.3199999999999,23.649725514200004,1.2246467991473532e-16,-1.0,0.3131070409358269,-0.9497178427914316,12.0,164,1.2246467991473532e-16,-1.0,0.3131070409358269,-0.9497178427914316,18550.0,max_ac,13830.0,0.7455525606469002,0.7455525606469002,0.6235443591753207,11566.7478627022,2263.252137297801,leave_one_system_out
1239,2019-06-13 13:00:00,8410.0,460.0425,22.656808768100003,-0.2588190451025208,-0.9659258262890684,0.3131070409358269,-0.9497178427914316,13.0,164,-0.2588190451025208,-0.9659258262890683,0.3131070409358269,-0.9497178427914316,18550.0,max_ac,8410.0,0.45336927223719675,0.45336927223719675,0.4652486429539724,8630.362326796188,-220.36232679618843,leave_one_system_out
1239,2019-06-13 14:00:00,4830.0,268.8,20.993336412800005,-0.4999999999999997,-0.8660254037844388,0.3131070409358269,-0.9497178427914316,14.0,164,-0.4999999999999997,-0.8660254037844388,0.3131070409358269,-0.9497178427914316,18550.0,max_ac,4830.0,0.26037735849056604,0.26037735849056604,0.30911147554343776,5734.0178713307705,-904.0178713307705,leave_one_system_out
1239,2019-06-13 15:00:00,2385.0,141.98125,19.567502965400003,-0.7071067811865471,-0.7071067811865479,0.3131070409358269,-0.9497178427914316,15.0,164,-0.7071067811865471,-0.7071067811865479,0.3131070409358269,-0.9497178427914316,18550.0,max_ac,2385.0,0.12857142857142856,0.12857142857142856,0.16575553756340433,3074.7652218011503,-689.7652218011503,leave_one_system_out
1239,2019-06-13 16:00:00,1540.0,102.079,18.321252865700004,-0.8660254037844385,-0.5000000000000004,0.3131070409358269,-0.9497178427914316,16.0,164,-0.8660254037844385,-0.5000000000000004,0.3131070409358269,-0.9497178427914316,18550.0,max_ac,1540.0,0.0830188679245283,0.0830188679245283,0.08751544352054969,1623.4114773061967,-83.41147730619673,leave_one_system_out
1239,2019-06-13 17:00:00,945.0,73.71775,17.1809749967,-0.9659258262890684,-0.2588190451025206,0.3131070409358269,-0.9497178427914316,17.0,164,-0.9659258262890683,-0.25881904510252063,0.3131070409358269,-0.9497178427914316,18550.0,max_ac,945.0,0.0509433962264151,0.0509433962264151,0.044448033329835435,824.5110182684473,120.48898173155271,leave_one_system_out
1239,2019-06-13 18:00:00,535.0,54.672,16.006808236100003,-1.0,-1.8369701987210287e-16,0.3131070409358269,-0.9497178427914316,18.0,164,-1.0,-1.8369701987210297e-16,0.3131070409358269,-0.9497178427914316,18550.0,max_ac,535.0,0.028840970350404314,0.028840970350404314,0.03884652475946293,720.6030342880374,-185.6030342880374,leave_one_system_out
1239,2019-06-14 06:00:00,480.0,46.66525,12.118474591700002,1.0,6.123233995736766e-17,0.2967128192734907,-0.9549667548552552,6.0,165,1.0,6.123233995736766e-17,0.29671281927349075,-0.9549667548552551,18550.0,max_ac,480.0,0.02587601078167116,0.02587601078167116,0.053894959309527424,999.7514951917337,-519.7514951917337,leave_one_system_out
1239,2019-06-14 07:00:00,1615.0,92.5015,12.841252427300002,0.9659258262890684,-0.2588190451025206,0.2967128192734907,-0.9549667548552552,7.0,165,0.9659258262890683,-0.25881904510252063,0.29671281927349075,-0.9549667548552551,18550.0,max_ac,1615.0,0.08706199460916442,0.08706199460916442,0.16391721093575817,3040.664262858314,-1425.664262858314,leave_one_system_out
1239,2019-06-14 08:00:00,4630.0,231.7775,13.7891691698,0.8660254037844387,-0.4999999999999998,0.2967128192734907,-0.9549667548552552,8.0,165,0.8660254037844387,-0.4999999999999998,0.29671281927349075,-0.9549667548552551,18550.0,max_ac,4630.0,0.2495956873315364,0.2495956873315364,0.3125223738008987,5797.290034006671,-1167.2900340066708,leave_one_system_out
1239,2019-06-14 09:00:00,5405.0,278.5866,15.282558178160002,0.7071067811865476,-0.7071067811865475,0.2967128192734907,-0.9549667548552552,9.0,165,0.7071067811865476,-0.7071067811865475,0.29671281927349075,-0.9549667548552551,18550.0,max_ac,5405.0,0.29137466307277626,0.29137466307277626,0.39930114947691625,7407.036322796796,-2002.0363227967964,leave_one_system_out
1239,2019-06-14 10:00:00,8010.0,413.33375,16.873197194300005,0.4999999999999999,-0.8660254037844387,0.2967128192734907,-0.9549667548552552,10.0,165,0.49999999999999994,-0.8660254037844387,0.29671281927349075,-0.9549667548552551,18550.0,max_ac,8010.0,0.43180592991913747,0.43180592991913747,0.4889432909374337,9069.898046889395,-1059.8980468893951,leave_one_system_out
1239,2019-06-14 11:00:00,13390.0,729.16975,18.239863970300004,0.258819045102521,-0.9659258262890682,0.2967128192734907,-0.9549667548552552,11.0,165,0.258819045102521,-0.9659258262890682,0.29671281927349075,-0.9549667548552551,18550.0,max_ac,13390.0,0.721832884097035,0.721832884097035,0.6117357205799062,11347.697616757261,2042.3023832427389,leave_one_system_out
1239,2019-06-14 12:00:00,9280.0,487.8585,19.83583632020001,1.2246467991473532e-16,-1.0,0.2967128192734907,-0.9549667548552552,12.0,165,1.2246467991473532e-16,-1.0,0.29671281927349075,-0.9549667548552551,18550.0,max_ac,9280.0,0.5002695417789758,0.5002695417789758,0.5099662654974125,9459.874224977002,-179.8742249770021,leave_one_system_out
1239,2019-06-14 13:00:00,10200.0,533.4110000000001,20.661391941800005,-0.2588190451025208,-0.9659258262890684,0.2967128192734907,-0.9549667548552552,13.0,165,-0.2588190451025208,-0.9659258262890683,0.29671281927349075,-0.9549667548552551,18550.0,max_ac,10200.0,0.5498652291105122,0.5498652291105122,0.49605333188925527,9201.789306545685,998.2106934543153,leave_one_system_out
1239,2019-06-14 14:00:00,15295.0,836.201,22.7609754431,-0.4999999999999997,-0.8660254037844388,0.2967128192734907,-0.9549667548552552,14.0,165,-0.4999999999999997,-0.8660254037844388,0.29671281927349075,-0.9549667548552551,18550.0,max_ac,15295.0,0.8245283018867925,0.8245283018867925,0.636218178479816,11801.847210800586,3493.1527891994137,leave_one_system_out
1239,2019-06-14 15:00:00,7315.0,407.13775,23.28125326250001,-0.7071067811865471,-0.7071067811865479,0.2967128192734907,-0.9549667548552552,15.0,165,-0.7071067811865471,-0.7071067811865479,0.29671281927349075,-0.9549667548552551,18550.0,max_ac,7315.0,0.39433962264150946,0.39433962264150946,0.3571024337336697,6624.250145759573,690.7498542404273,leave_one_system_out
1239,2019-06-14 16:00:00,8040.0,442.30575,21.609308684300004,-0.8660254037844385,-0.5000000000000004,0.2967128192734907,-0.9549667548552552,16.0,165,-0.8660254037844385,-0.5000000000000004,0.29671281927349075,-0.9549667548552551,18550.0,max_ac,8040.0,0.4334231805929919,0.4334231805929919,0.3732821511191755,6924.383903260706,1115.6160967392943,leave_one_system_out
1239,2019-06-14 17:00:00,1575.0,107.94774999999998,21.243753099500005,-0.9659258262890684,-0.2588190451025206,0.2967128192734907,-0.9549667548552552,17.0,165,-0.9659258262890683,-0.25881904510252063,0.29671281927349075,-0.9549667548552551,18550.0,max_ac,1575.0,0.08490566037735849,0.08490566037735849,0.08468663696269196,1570.937115657936,4.062884342064081,leave_one_system_out
1239,2019-06-14 18:00:00,425.0,50.11225,16.752086073500003,-1.0,-1.8369701987210287e-16,0.2967128192734907,-0.9549667548552552,18.0,165,-1.0,-1.8369701987210297e-16,0.29671281927349075,-0.9549667548552551,18550.0,max_ac,425.0,0.022911051212938006,0.022911051212938006,0.03495561691187393,648.4266937152614,-223.42669371526142,leave_one_system_out
1239,2019-06-15 06:00:00,2125.0,173.637,13.717363608500005,1.0,6.123233995736766e-17,0.2802306751992158,-0.9599326896597448,6.0,166,1.0,6.123233995736766e-17,0.28023067519921585,-0.9599326896597447,18550.0,max_ac,2125.0,0.11455525606469003,0.11455525606469003,0.13803397820283253,2560.5302956625433,-435.53029566254327,leave_one_system_out
1239,2019-06-15 07:00:00,4680.0,287.6495,15.7731971063,0.9659258262890684,-0.2588190451025206,0.2802306751992158,-0.9599326896597448,7.0,166,0.9659258262890683,-0.25881904510252063,0.28023067519921585,-0.9599326896597447,18550.0,max_ac,4680.0,0.2522911051212938,0.2522911051212938,0.27365828729601915,5076.361229341155,-396.3612293411552,leave_one_system_out
1239,2019-06-15 08:00:00,9745.0,523.572,18.0555584,0.8660254037844387,-0.4999999999999998,0.2802306751992158,-0.9599326896597448,8.0,166,0.8660254037844387,-0.4999999999999998,0.28023067519921585,-0.9599326896597447,18550.0,max_ac,9745.0,0.5253369272237197,0.5253369272237197,0.4496976663150347,8341.891710143895,1403.1082898561053,leave_one_system_out
1239,2019-06-15 09:00:00,12780.0,698.53975,21.015836414600003,0.7071067811865476,-0.7071067811865475,0.2802306751992158,-0.9599326896597448,9.0,166,0.7071067811865476,-0.7071067811865475,0.28023067519921585,-0.9599326896597447,18550.0,max_ac,12780.0,0.6889487870619946,0.6889487870619946,0.569251762862216,10559.620201094107,2220.379798905893,leave_one_system_out
1239,2019-06-15 10:00:00,10380.0,569.648,23.1575032526,0.4999999999999999,-0.8660254037844387,0.2802306751992158,-0.9599326896597448,10.0,166,0.49999999999999994,-0.8660254037844387,0.28023067519921585,-0.9599326896597447,18550.0,max_ac,10380.0,0.5595687331536389,0.5595687331536389,0.5607219321797796,10401.391841934912,-21.39184193491201,leave_one_system_out
1239,2019-06-15 11:00:00,10910.0,590.8319999999999,22.437503195000005,0.258819045102521,-0.9659258262890682,0.2802306751992158,-0.9599326896597448,11.0,166,0.258819045102521,-0.9659258262890682,0.28023067519921585,-0.9599326896597447,18550.0,max_ac,10910.0,0.5881401617250673,0.5881401617250673,0.5737451360382598,10642.97227350972,267.02772649027975,leave_one_system_out
1239,2019-06-15 12:00:00,5352.0,281.7634,21.535225345040004,1.2246467991473532e-16,-1.0,0.2802306751992158,-0.9599326896597448,12.0,166,1.2246467991473532e-16,-1.0,0.28023067519921585,-0.9599326896597447,18550.0,max_ac,5352.0,0.2885175202156334,0.2885175202156334,0.43511241245763443,8071.335251089119,-2719.335251089119,leave_one_system_out
1239,2019-06-15 13:00:00,14570.0,765.0797499999999,22.6370865443,-0.2588190451025208,-0.9659258262890684,0.2802306751992158,-0.9599326896597448,13.0,166,-0.2588190451025208,-0.9659258262890683,0.28023067519921585,-0.9599326896597447,18550.0,max_ac,14570.0,0.7854447439353099,0.7854447439353099,0.6096373766176355,11308.773336257138,3261.226663742862,leave_one_system_out
1239,2019-06-15 14:00:00,12805.0,687.47875,22.894586564900003,-0.4999999999999997,-0.8660254037844388,0.2802306751992158,-0.9599326896597448,14.0,166,-0.4999999999999997,-0.8660254037844388,0.28023067519921585,-0.9599326896597447,18550.0,max_ac,12805.0,0.6902964959568734,0.6902964959568734,0.5528738469777603,10255.809861437454,2549.190138562546,leave_one_system_out
1239,2019-06-15 15:00:00,2430.0,146.54075,21.914308708700005,-0.7071067811865471,-0.7071067811865479,0.2802306751992158,-0.9599326896597448,15.0,166,-0.7071067811865471,-0.7071067811865479,0.28023067519921585,-0.9599326896597447,18550.0,max_ac,2430.0,0.13099730458221023,0.13099730458221023,0.17661022858184233,3276.1197401931754,-846.1197401931754,leave_one_system_out
1239,2019-06-15 16:00:00,250.0,43.1965,20.5601419337,-0.8660254037844385,-0.5000000000000004,0.2802306751992158,-0.9599326896597448,16.0,166,-0.8660254037844385,-0.5000000000000004,0.28023067519921585,-0.9599326896597447,18550.0,max_ac,250.0,0.013477088948787063,0.013477088948787063,0.04545705336446054,843.2283399107431,-593.2283399107431,leave_one_system_out
1239,2019-06-15 17:00:00,1415.0,94.92325,19.862641877900003,-0.9659258262890684,-0.2588190451025206,0.2802306751992158,-0.9599326896597448,17.0,166,-0.9659258262890683,-0.25881904510252063,0.28023067519921585,-0.9599326896597447,18550.0,max_ac,1415.0,0.07628032345013477,0.07628032345013477,0.07007527924485385,1299.896429992039,115.10357000796103,leave_one_system_out
1239,2019-06-15 18:00:00,815.0,67.6525,20.02305855740001,-1.0,-1.8369701987210287e-16,0.2802306751992158,-0.9599326896597448,18.0,166,-1.0,-1.8369701987210297e-16,0.28023067519921585,-0.9599326896597447,18550.0,max_ac,815.0,0.04393530997304582,0.04393530997304582,0.05845909271346511,1084.4161698347777,-269.41616983477775,leave_one_system_out
1239,2019-06-16 06:00:00,2435.0,204.87775,13.192780233200002,1.0,6.123233995736766e-17,0.263665492728007,-0.9646141756912436,6.0,167,1.0,6.123233995736766e-17,0.26366549272800704,-0.9646141756912435,18550.0,max_ac,2435.0,0.131266846361186,0.131266846361186,0.15645453217656827,2902.231571875341,-467.23157187534116,leave_one_system_out
1239,2019-06-16 07:00:00,5855.0,371.2935,14.227780316000002,0.9659258262890684,-0.2588190451025206,0.263665492728007,-0.9646141756912436,7.0,167,0.9659258262890683,-0.25881904510252063,0.26366549272800704,-0.9646141756912435,18550.0,max_ac,5855.0,0.315633423180593,0.315633423180593,0.31296395958172446,5805.481450240989,49.518549759010966,leave_one_system_out
1239,2019-06-16 08:00:00,10060.0,547.461,16.396391600600005,0.8660254037844387,-0.4999999999999998,0.263665492728007,-0.9646141756912436,8.0,167,0.8660254037844387,-0.4999999999999998,0.26366549272800704,-0.9646141756912435,18550.0,max_ac,10060.0,0.5423180592991914,0.5423180592991914,0.4568979811726341,8475.457550752362,1584.5424492476377,leave_one_system_out
1239,2019-06-16 09:00:00,10005.0,535.2217499999999,17.839030604900003,0.7071067811865476,-0.7071067811865475,0.263665492728007,-0.9646141756912436,9.0,167,0.7071067811865476,-0.7071067811865475,0.26366549272800704,-0.9646141756912435,18550.0,max_ac,10005.0,0.5393530997304582,0.5393530997304582,0.5039751578553736,9348.73917821718,656.2608217828201,leave_one_system_out
1239,2019-06-16 10:00:00,11700.0,645.504,18.836114018000004,0.4999999999999999,-0.8660254037844387,0.263665492728007,-0.9646141756912436,10.0,167,0.49999999999999994,-0.8660254037844387,0.26366549272800704,-0.9646141756912435,18550.0,max_ac,11700.0,0.6307277628032345,0.6307277628032345,0.5768451057906168,10700.47671241594,999.5232875840593,leave_one_system_out
1239,2019-06-16 11:00:00,10242.25,562.0125,19.52514185090001,0.258819045102521,-0.9659258262890682,0.263665492728007,-0.9646141756912436,11.0,167,0.258819045102521,-0.9659258262890682,0.26366549272800704,-0.9646141756912435,18550.0,max_ac,10242.25,0.5521428571428572,0.5521428571428572,0.5575976594832995,10343.436583415207,-101.18658341520677,leave_one_system_out
1239,2019-06-16 12:00:00,8470.0,444.815,20.15944745720001,1.2246467991473532e-16,-1.0,0.263665492728007,-0.9646141756912436,12.0,167,1.2246467991473532e-16,-1.0,0.26366549272800704,-0.9646141756912435,18550.0,max_ac,8470.0,0.45660377358490567,0.45660377358490567,0.49610146862531007,9202.682242999503,-732.6822429995027,leave_one_system_out
1239,2019-06-16 13:00:00,6810.0,362.30525,19.855558544,-0.2588190451025208,-0.9659258262890684,0.263665492728007,-0.9646141756912436,13.0,167,-0.2588190451025208,-0.9659258262890683,0.26366549272800704,-0.9646141756912435,18550.0,max_ac,6810.0,0.36711590296495955,0.36711590296495955,0.4153179794411909,7704.1485186340915,-894.1485186340915,leave_one_system_out
1239,2019-06-16 14:00:00,7785.0,414.1845,21.4322253368,-0.4999999999999997,-0.8660254037844388,0.263665492728007,-0.9646141756912436,14.0,167,-0.4999999999999997,-0.8660254037844388,0.26366549272800704,-0.9646141756912435,18550.0,max_ac,7785.0,0.4196765498652291,0.4196765498652291,0.3957981682672547,7342.056021357575,442.94397864242455,leave_one_system_out
1239,2019-06-16 15:00:00,9545.0,532.51675,23.225142146900005,-0.7071067811865471,-0.7071067811865479,0.263665492728007,-0.9646141756912436,15.0,167,-0.7071067811865471,-0.7071067811865479,0.26366549272800704,-0.9646141756912435,18550.0,max_ac,9545.0,0.51455525606469,0.51455525606469,0.4442345220564231,8240.550384146649,1304.4496158533511,leave_one_system_out
1239,2019-06-16 16:00:00,10954.5,623.1637499999999,22.901392121,-0.8660254037844385,-0.5000000000000004,0.263665492728007,-0.9646141756912436,16.0,167,-0.8660254037844385,-0.5000000000000004,0.26366549272800704,-0.9646141756912435,18550.0,max_ac,10954.5,0.5905390835579515,0.5905390835579515,0.5232552139110722,9706.384218050389,1248.1157819496111,leave_one_system_out
1239,2019-06-16 17:00:00,4925.0,299.6265,21.8537531483,-0.9659258262890684,-0.2588190451025206,0.263665492728007,-0.9646141756912436,17.0,167,-0.9659258262890683,-0.25881904510252063,0.26366549272800704,-0.9646141756912435,18550.0,max_ac,4925.0,0.26549865229110514,0.26549865229110514,0.26740041893779265,4960.277771296053,-35.27777129605329,leave_one_system_out
1239,2019-06-16 18:00:00,1325.0,97.84625,20.24083635260001,-1.0,-1.8369701987210287e-16,0.263665492728007,-0.9646141756912436,18.0,167,-1.0,-1.8369701987210297e-16,0.26366549272800704,-0.9646141756912435,18550.0,max_ac,1325.0,0.07142857142857142,0.07142857142857142,0.09109022545167755,1689.7236821286185,-364.7236821286185,leave_one_system_out
1239,2019-06-17 06:00:00,2120.0,179.6145,13.503613591400002,1.0,6.123233995736766e-17,0.2470221804809355,-0.9690098257244062,6.0,168,1.0,6.123233995736766e-17,0.24702218048093552,-0.9690098257244062,18550.0,max_ac,2120.0,0.11428571428571428,0.11428571428571428,0.14199221464718506,2633.955581705283,-513.9555817052828,leave_one_system_out
1239,2019-06-17 07:00:00,3880.0,256.452,15.800002664000004,0.9659258262890684,-0.2588190451025206,0.2470221804809355,-0.9690098257244062,7.0,168,0.9659258262890683,-0.25881904510252063,0.24702218048093552,-0.9690098257244062,18550.0,max_ac,3880.0,0.2091644204851752,0.2091644204851752,0.2591939833737569,4808.04839158319,-928.0483915831901,leave_one_system_out
1239,2019-06-17 08:00:00,10370.0,566.7245,18.664586226500003,0.8660254037844387,-0.4999999999999998,0.2470221804809355,-0.9690098257244062,8.0,168,0.8660254037844387,-0.4999999999999998,0.24702218048093552,-0.9690098257244062,18550.0,max_ac,10370.0,0.5590296495956874,0.5590296495956874,0.4710247362150856,8737.508856789838,1632.4911432101617,leave_one_system_out
1239,2019-06-17 09:00:00,9825.0,564.3249999999999,20.862503069,0.7071067811865476,-0.7071067811865475,0.2470221804809355,-0.9690098257244062,9.0,168,0.7071067811865476,-0.7071067811865475,0.24702218048093552,-0.9690098257244062,18550.0,max_ac,9825.0,0.5296495956873315,0.5296495956873315,0.5231492294571516,9704.418206430162,120.58179356983783,leave_one_system_out
1239,2019-06-17 10:00:00,8620.0,484.5205,19.976669664800006,0.4999999999999999,-0.8660254037844387,0.2470221804809355,-0.9690098257244062,10.0,168,0.49999999999999994,-0.8660254037844387,0.24702218048093552,-0.9690098257244062,18550.0,max_ac,8620.0,0.4646900269541779,0.4646900269541779,0.5259967918252406,9757.240488358213,-1137.240488358213,leave_one_system_out
1239,2019-06-17 11:00:00,8865.0,457.68625,20.0904196739,0.258819045102521,-0.9659258262890682,0.2470221804809355,-0.9690098257244062,11.0,168,0.258819045102521,-0.9659258262890682,0.24702218048093552,-0.9690098257244062,18550.0,max_ac,8865.0,0.4778975741239892,0.4778975741239892,0.5235208054690286,9711.31094145048,-846.3109414504797,leave_one_system_out
1239,2019-06-17 12:00:00,7060.0,378.122,19.433614065800004,1.2246467991473532e-16,-1.0,0.2470221804809355,-0.9690098257244062,12.0,168,1.2246467991473532e-16,-1.0,0.24702218048093552,-0.9690098257244062,18550.0,max_ac,7060.0,0.3805929919137466,0.3805929919137466,0.46853125946295915,8691.254863037891,-1631.2548630378915,leave_one_system_out
1239,2019-06-17 13:00:00,7860.0,420.0965000000001,19.560280742600007,-0.2588190451025208,-0.9659258262890684,0.2470221804809355,-0.9690098257244062,13.0,168,-0.2588190451025208,-0.9659258262890683,0.24702218048093552,-0.9690098257244062,18550.0,max_ac,7860.0,0.42371967654986525,0.42371967654986525,0.4429538642654507,8216.794182124111,-356.7941821241111,leave_one_system_out
1239,2019-06-17 14:00:00,14030.0,811.3085000000001,22.035280940600003,-0.4999999999999997,-0.8660254037844388,0.2470221804809355,-0.9690098257244062,14.0,168,-0.4999999999999997,-0.8660254037844388,0.24702218048093552,-0.9690098257244062,18550.0,max_ac,14030.0,0.75633423180593,0.75633423180593,0.6246318590278337,11586.920984966315,2443.079015033685,leave_one_system_out
1239,2019-06-17 15:00:00,8075.0,446.51625,21.935697599300006,-0.7071067811865471,-0.7071067811865479,0.2470221804809355,-0.9690098257244062,15.0,168,-0.7071067811865471,-0.7071067811865479,0.24702218048093552,-0.9690098257244062,18550.0,max_ac,8075.0,0.4353099730458221,0.4353099730458221,0.3839959031989728,7123.124004340945,951.8759956590548,leave_one_system_out
1239,2019-06-17 16:00:00,4310.0,246.8525,21.455975338700004,-0.8660254037844385,-0.5000000000000004,0.2470221804809355,-0.9690098257244062,16.0,168,-0.8660254037844385,-0.5000000000000004,0.24702218048093552,-0.9690098257244062,18550.0,max_ac,4310.0,0.23234501347708894,0.23234501347708894,0.2147213051002231,3983.080209609139,326.9197903908612,leave_one_system_out
1239,2019-06-17 17:00:00,4145.0,263.913,22.095697612100004,-0.9659258262890684,-0.2588190451025206,0.2470221804809355,-0.9690098257244062,17.0,168,-0.9659258262890683,-0.25881904510252063,0.24702218048093552,-0.9690098257244062,18550.0,max_ac,4145.0,0.22345013477088949,0.22345013477088949,0.2341212268884026,4342.948758779868,-197.9487587798676,leave_one_system_out
1239,2019-06-17 18:00:00,3025.0,278.15925,21.81722536760001,-1.0,-1.8369701987210287e-16,0.2470221804809355,-0.9690098257244062,18.0,168,-1.0,-1.8369701987210297e-16,0.24702218048093552,-0.9690098257244062,18550.0,max_ac,3025.0,0.16307277628032346,0.16307277628032346,0.2857132107871986,5299.980060102534,-2274.9800601025336,leave_one_system_out
1239,2019-06-18 06:00:00,2565.0,216.2005,11.360557864400004,1.0,6.123233995736766e-17,0.2303056702306122,-0.973118337233262,6.0,169,1.0,6.123233995736766e-17,0.23030567023061221,-0.9731183372332619,18550.0,max_ac,2565.0,0.13827493261455526,0.13827493261455526,0.15959547558849113,2960.4960721665107,-395.49607216651066,leave_one_system_out
1239,2019-06-18 07:00:00,5610.0,365.403,15.123613721000003,0.9659258262890684,-0.2588190451025206,0.2303056702306122,-0.973118337233262,7.0,169,0.9659258262890683,-0.25881904510252063,0.23030567023061221,-0.9731183372332619,18550.0,max_ac,5610.0,0.3024258760107817,0.3024258760107817,0.3135374535193175,5816.11976278334,-206.11976278333987,leave_one_system_out
1239,2019-06-18 08:00:00,9710.0,534.48025,19.040002923200003,0.8660254037844387,-0.4999999999999998,0.2303056702306122,-0.973118337233262,8.0,169,0.8660254037844387,-0.4999999999999998,0.23030567023061221,-0.9731183372332619,18550.0,max_ac,9710.0,0.5234501347708895,0.5234501347708895,0.4592793588118616,8519.632105960032,1190.3678940399677,leave_one_system_out
1239,2019-06-18 09:00:00,12455.0,680.75925,22.088614278200005,0.7071067811865476,-0.7071067811865475,0.2303056702306122,-0.973118337233262,9.0,169,0.7071067811865476,-0.7071067811865475,0.23030567023061221,-0.9731183372332619,18550.0,max_ac,12455.0,0.6714285714285714,0.6714285714285714,0.5683898821878928,10543.632314585411,1911.3676854145888,leave_one_system_out
1239,2019-06-18 10:00:00,14165.0,791.412,25.301947868600006,0.4999999999999999,-0.8660254037844387,0.2303056702306122,-0.973118337233262,10.0,169,0.49999999999999994,-0.8660254037844387,0.23030567023061221,-0.9731183372332619,18550.0,max_ac,14165.0,0.763611859838275,0.763611859838275,0.6410945969047934,11892.304772583919,2272.6952274160813,leave_one_system_out
1239,2019-06-18 11:00:00,16085.0,905.1845,25.640975673500005,0.258819045102521,-0.9659258262890682,0.2303056702306122,-0.973118337233262,11.0,169,0.258819045102521,-0.9659258262890682,0.23030567023061221,-0.9731183372332619,18550.0,max_ac,16085.0,0.8671159029649596,0.8671159029649596,0.6905320809738478,12809.370102064877,3275.629897935123,leave_one_system_out
1239,2019-06-18 12:00:00,13705.0,775.2895,24.012503321000004,1.2246467991473532e-16,-1.0,0.2303056702306122,-0.973118337233262,12.0,169,1.2246467991473532e-16,-1.0,0.23030567023061221,-0.9731183372332619,18550.0,max_ac,13705.0,0.7388140161725067,0.7388140161725067,0.6365825711501186,11808.6066948347,1896.3933051653003,leave_one_system_out
1239,2019-06-18 13:00:00,15975.0,904.639,24.770420048300004,-0.2588190451025208,-0.9659258262890684,0.2303056702306122,-0.973118337233262,13.0,169,-0.2588190451025208,-0.9659258262890683,0.23030567023061221,-0.9731183372332619,18550.0,max_ac,15975.0,0.8611859838274932,0.8611859838274932,0.6805897371680161,12624.939624466699,3350.0603755333013,leave_one_system_out
1239,2019-06-18 14:00:00,12450.0,723.1485,27.848892516800007,-0.4999999999999997,-0.8660254037844388,0.2303056702306122,-0.973118337233262,14.0,169,-0.4999999999999997,-0.8660254037844388,0.23030567023061221,-0.9731183372332619,18550.0,max_ac,12450.0,0.6711590296495957,0.6711590296495957,0.5818347328385863,10793.034294155776,1656.9657058442244,leave_one_system_out
1239,2019-06-18 15:00:00,9290.75,525.797,26.390420177900005,-0.7071067811865471,-0.7071067811865479,0.2303056702306122,-0.973118337233262,15.0,169,-0.7071067811865471,-0.7071067811865479,0.23030567023061221,-0.9731183372332619,18550.0,max_ac,9290.75,0.5008490566037735,0.5008490566037735,0.4454035681961435,8262.236190038462,1028.5138099615378,leave_one_system_out
1239,2019-06-18 16:00:00,6880.0,404.19225000000006,26.0247257042,-0.8660254037844385,-0.5000000000000004,0.2303056702306122,-0.973118337233262,16.0,169,-0.8660254037844385,-0.5000000000000004,0.23030567023061221,-0.9731183372332619,18550.0,max_ac,6880.0,0.3708894878706199,0.3708894878706199,0.34972236968138565,6487.349957589704,392.650042410296,leave_one_system_out
1239,2019-06-18 17:00:00,4160.0,277.57025,25.934725697000005,-0.9659258262890684,-0.2588190451025206,0.2303056702306122,-0.973118337233262,17.0,169,-0.9659258262890683,-0.25881904510252063,0.23030567023061221,-0.9731183372332619,18550.0,max_ac,4160.0,0.2242587601078167,0.2242587601078167,0.25174855791270334,4669.935749280647,-509.93574928064663,leave_one_system_out
1239,2019-06-18 18:00:00,2535.0,207.69225000000003,24.70861448780001,-1.0,-1.8369701987210287e-16,0.2303056702306122,-0.973118337233262,18.0,169,-1.0,-1.8369701987210297e-16,0.23030567023061221,-0.9731183372332619,18550.0,max_ac,2535.0,0.1366576819407008,0.1366576819407008,0.21297887655751124,3950.7581601418337,-1415.7581601418337,leave_one_system_out
1239,2019-06-19 06:00:00,1670.0,111.962,13.240558014800005,1.0,6.123233995736766e-17,0.2135209154397961,-0.9769384927771816,6.0,170,1.0,6.123233995736766e-17,0.21352091543979612,-0.9769384927771817,18550.0,max_ac,1670.0,0.09002695417789758,0.09002695417789758,0.09985651486638064,1852.3383507713609,-182.33835077136087,leave_one_system_out
1239,2019-06-19 07:00:00,5375.0,358.98875,17.957225058800006,0.9659258262890684,-0.2588190451025206,0.2135209154397961,-0.9769384927771816,7.0,170,0.9659258262890683,-0.25881904510252063,0.21352091543979612,-0.9769384927771817,18550.0,max_ac,5375.0,0.28975741239892183,0.28975741239892183,0.31809215878326647,5900.609545429593,-525.6095454295928,leave_one_system_out
1239,2019-06-19 08:00:00,9105.0,512.8165,21.971947602200004,0.8660254037844387,-0.4999999999999998,0.2135209154397961,-0.9769384927771816,8.0,170,0.8660254037844387,-0.4999999999999998,0.21352091543979612,-0.9769384927771817,18550.0,max_ac,9105.0,0.4908355795148248,0.4908355795148248,0.4580795626702402,8497.375887532955,607.624112467045,leave_one_system_out
1239,2019-06-19 09:00:00,11900.0,659.0474,25.63811456216,0.7071067811865476,-0.7071067811865475,0.2135209154397961,-0.9769384927771816,9.0,170,0.7071067811865476,-0.7071067811865475,0.21352091543979612,-0.9769384927771817,18550.0,max_ac,11900.0,0.6415094339622641,0.6415094339622641,0.5693025579148788,10560.562449321002,1339.4375506789984,leave_one_system_out
1239,2019-06-19 10:00:00,13695.0,769.639,27.599864719100005,0.4999999999999999,-0.8660254037844387,0.2135209154397961,-0.9769384927771816,10.0,170,0.49999999999999994,-0.8660254037844387,0.21352091543979612,-0.9769384927771817,18550.0,max_ac,13695.0,0.7382749326145552,0.7382749326145552,0.6394938302829822,11862.61055174932,1832.3894482506803,leave_one_system_out
1239,2019-06-19 11:00:00,15055.0,878.61175,29.4997259822,0.258819045102521,-0.9659258262890682,0.2135209154397961,-0.9769384927771816,11.0,170,0.258819045102521,-0.9659258262890682,0.21352091543979612,-0.9769384927771817,18550.0,max_ac,15055.0,0.8115902964959568,0.8115902964959568,0.6884879904401028,12771.452222663907,2283.5477773360926,leave_one_system_out
1239,2019-06-19 12:00:00,16625.0,967.77575,27.91639252220001,1.2246467991473532e-16,-1.0,0.2135209154397961,-0.9769384927771816,12.0,170,1.2246467991473532e-16,-1.0,0.21352091543979612,-0.9769384927771817,18550.0,max_ac,16625.0,0.8962264150943396,0.8962264150943396,0.7165348491632652,13291.721451978568,3333.2785480214316,leave_one_system_out
1239,2019-06-19 13:00:00,8330.0,485.3495,28.36347589130001,-0.2588190451025208,-0.9659258262890684,0.2135209154397961,-0.9769384927771816,13.0,170,-0.2588190451025208,-0.9659258262890683,0.21352091543979612,-0.9769384927771817,18550.0,max_ac,8330.0,0.4490566037735849,0.4490566037735849,0.49676974373975985,9215.078746372545,-885.0787463725446,leave_one_system_out
1239,2019-06-19 14:00:00,10606.5,629.27225,31.264726123400003,-0.4999999999999997,-0.8660254037844388,0.2135209154397961,-0.9769384927771816,14.0,170,-0.4999999999999997,-0.8660254037844388,0.21352091543979612,-0.9769384927771817,18550.0,max_ac,10606.5,0.5717789757412399,0.5717789757412399,0.5360424601072824,9943.587634990088,662.9123650099118,leave_one_system_out
1239,2019-06-19 15:00:00,3122.75,190.348,27.073892454800006,-0.7071067811865471,-0.7071067811865479,0.2135209154397961,-0.9769384927771816,15.0,170,-0.7071067811865471,-0.7071067811865479,0.21352091543979612,-0.9769384927771817,18550.0,max_ac,3122.75,0.1683423180592992,0.1683423180592992,0.22193716753689177,4116.934457809342,-994.1844578093423,leave_one_system_out
1239,2019-06-19 16:00:00,2015.0,131.0075,26.051670150800007,-0.8660254037844385,-0.5000000000000004,0.2135209154397961,-0.9769384927771816,16.0,170,-0.8660254037844385,-0.5000000000000004,0.21352091543979612,-0.9769384927771817,18550.0,max_ac,2015.0,0.10862533692722372,0.10862533692722372,0.13085758375485962,2427.408178652646,-412.4081786526458,leave_one_system_out
1239,2019-06-19 17:00:00,1585.0,108.013,24.852086721500008,-0.9659258262890684,-0.2588190451025206,0.2135209154397961,-0.9769384927771816,17.0,170,-0.9659258262890683,-0.25881904510252063,0.21352091543979612,-0.9769384927771817,18550.0,max_ac,1585.0,0.08544474393530997,0.08544474393530997,0.09185279922621953,1703.8694256463723,-118.86942564637229,leave_one_system_out
1239,2019-06-19 18:00:00,1180.0,89.731,24.461114468000005,-1.0,-1.8369701987210287e-16,0.2135209154397961,-0.9769384927771816,18.0,170,-1.0,-1.8369701987210297e-16,0.21352091543979612,-0.9769384927771817,18550.0,max_ac,1180.0,0.06361185983827493,0.06361185983827493,0.08768558324288178,1626.567569155457,-446.567569155457,leave_one_system_out
1239,2019-06-20 06:00:00,820.0,65.14375,14.747919246500002,1.0,6.123233995736766e-17,0.1966728897935764,-0.980469160361632,6.0,171,1.0,6.123233995736766e-17,0.19667288979357647,-0.980469160361632,18550.0,max_ac,820.0,0.044204851752021566,0.044204851752021566,0.07564613420528138,1403.2357895079697,-583.2357895079697,leave_one_system_out
1239,2019-06-20 07:00:00,1830.0,108.68925,14.853613699400006,0.9659258262890684,-0.2588190451025206,0.1966728897935764,-0.980469160361632,7.0,171,0.9659258262890683,-0.25881904510252063,0.19667288979357647,-0.980469160361632,18550.0,max_ac,1830.0,0.09865229110512129,0.09865229110512129,0.18242287205359747,3383.944276594233,-1553.944276594233,leave_one_system_out
1239,2019-06-20 08:00:00,1810.0,107.29325,15.022363712900002,0.8660254037844387,-0.4999999999999998,0.1966728897935764,-0.980469160361632,8.0,171,0.8660254037844387,-0.4999999999999998,0.19667288979357647,-0.980469160361632,18550.0,max_ac,1810.0,0.09757412398921833,0.09757412398921833,0.267903037622919,4969.601347905147,-3159.601347905147,leave_one_system_out
1239,2019-06-20 09:00:00,2290.0,137.2862,16.126224912320005,0.7071067811865476,-0.7071067811865475,0.1966728897935764,-0.980469160361632,9.0,171,0.7071067811865476,-0.7071067811865475,0.19667288979357647,-0.980469160361632,18550.0,max_ac,2290.0,0.1234501347708895,0.1234501347708895,0.35517564549633057,6588.508223956932,-4298.508223956932,leave_one_system_out
1239,2019-06-20 10:00:00,2560.0,145.53725,15.912502673000002,0.4999999999999999,-0.8660254037844387,0.1966728897935764,-0.980469160361632,10.0,171,0.49999999999999994,-0.8660254037844387,0.19667288979357647,-0.980469160361632,18550.0,max_ac,2560.0,0.13800539083557953,0.13800539083557953,0.3980360886382267,7383.569444239105,-4823.569444239105,leave_one_system_out
1239,2019-06-20 11:00:00,2880.0,152.082,15.977224900400005,0.258819045102521,-0.9659258262890682,0.1966728897935764,-0.980469160361632,11.0,171,0.258819045102521,-0.9659258262890682,0.19667288979357647,-0.980469160361632,18550.0,max_ac,2880.0,0.15525606469002695,0.15525606469002695,0.40302258176967043,7476.068891827386,-4596.068891827386,leave_one_system_out
1239,2019-06-20 12:00:00,2255.0,118.26675,15.158891501600005,1.2246467991473532e-16,-1.0,0.1966728897935764,-0.980469160361632,12.0,171,1.2246467991473532e-16,-1.0,0.19667288979357647,-0.980469160361632,18550.0,max_ac,2255.0,0.1215633423180593,0.1215633423180593,0.3509858009673531,6510.7866079444,-4255.7866079444,leave_one_system_out
1239,2019-06-20 13:00:00,2400.0,122.2155,14.933613705800004,-0.2588190451025208,-0.9659258262890684,0.1966728897935764,-0.980469160361632,13.0,171,-0.2588190451025208,-0.9659258262890683,0.19667288979357647,-0.980469160361632,18550.0,max_ac,2400.0,0.1293800539083558,0.1293800539083558,0.2873738934377728,5330.785723270686,-2930.7857232706856,leave_one_system_out
1239,2019-06-20 14:00:00,1768.0,96.0794,14.520891450560004,-0.4999999999999997,-0.8660254037844388,0.1966728897935764,-0.980469160361632,14.0,171,-0.4999999999999997,-0.8660254037844388,0.19667288979357647,-0.980469160361632,18550.0,max_ac,1768.0,0.0953099730458221,0.0953099730458221,0.19483426010716443,3614.1755249879,-1846.1755249879002,leave_one_system_out
1239,2019-06-20 15:00:00,1445.0,84.2985,14.773474804100005,-0.7071067811865471,-0.7071067811865479,0.1966728897935764,-0.980469160361632,15.0,171,-0.7071067811865471,-0.7071067811865479,0.19667288979357647,-0.980469160361632,18550.0,max_ac,1445.0,0.07789757412398922,0.07789757412398922,0.11619205473670785,2155.3626153659307,-710.3626153659307,leave_one_system_out
1239,2019-06-20 16:00:00,630.0,51.37774999999999,14.832502586600004,-0.8660254037844385,-0.5000000000000004,0.1966728897935764,-0.980469160361632,16.0,171,-0.8660254037844385,-0.5000000000000004,0.19667288979357647,-0.980469160361632,18550.0,max_ac,630.0,0.033962264150943396,0.033962264150943396,0.03975756717430706,737.502871083396,-107.50287108339603,leave_one_system_out
1239,2019-06-20 17:00:00,220.0,31.15375,15.139169277800004,-0.9659258262890684,-0.2588190451025206,0.1966728897935764,-0.980469160361632,17.0,171,-0.9659258262890683,-0.25881904510252063,0.19667288979357647,-0.980469160361632,18550.0,max_ac,220.0,0.011859838274932614,0.011859838274932614,0.0006767632939677637,12.553959103102017,207.44604089689798,leave_one_system_out
1239,2019-06-20 18:00:00,150.0,34.88425,15.678891543200002,-1.0,-1.8369701987210287e-16,0.1966728897935764,-0.980469160361632,18.0,171,-1.0,-1.8369701987210297e-16,0.19667288979357647,-0.980469160361632,18550.0,max_ac,150.0,0.008086253369272238,0.008086253369272238,0.01654130037944407,306.84112203868744,-156.84112203868744,leave_one_system_out
1239,2019-06-21 06:00:00,1200.0,77.33925,14.949308151500004,1.0,6.123233995736766e-17,0.1797665857255624,-0.9837092937736096,6.0,172,1.0,6.123233995736766e-17,0.1797665857255624,-0.9837092937736097,18550.0,max_ac,1200.0,0.0646900269541779,0.0646900269541779,0.08400487280487606,1558.290390530451,-358.2903905304511,leave_one_system_out
1239,2019-06-21 07:00:00,900.0,63.37675,15.247502619800002,0.9659258262890684,-0.2588190451025206,0.1797665857255624,-0.9837092937736096,7.0,172,0.9659258262890683,-0.25881904510252063,0.1797665857255624,-0.9837092937736097,18550.0,max_ac,900.0,0.04851752021563342,0.04851752021563342,0.16100836370589156,2986.7051467442884,-2086.7051467442884,leave_one_system_out
1239,2019-06-21 08:00:00,3550.0,191.15525,16.498891608800005,0.8660254037844387,-0.4999999999999998,0.1797665857255624,-0.9837092937736096,8.0,172,0.8660254037844387,-0.4999999999999998,0.1797665857255624,-0.9837092937736097,18550.0,max_ac,3550.0,0.19137466307277629,0.19137466307277629,0.3095287668054104,5741.758624240363,-2191.758624240363,leave_one_system_out
1239,2019-06-21 09:00:00,2720.0,151.9515,17.144447216000007,0.7071067811865476,-0.7071067811865475,0.1797665857255624,-0.9837092937736096,9.0,172,0.7071067811865476,-0.7071067811865475,0.1797665857255624,-0.9837092937736097,18550.0,max_ac,2720.0,0.14663072776280323,0.14663072776280323,0.36516815108361644,6773.869202601085,-4053.869202601085,leave_one_system_out
1239,2019-06-21 10:00:00,3490.0,190.02075,17.6576417015,0.4999999999999999,-0.8660254037844387,0.1797665857255624,-0.9837092937736096,10.0,172,0.49999999999999994,-0.8660254037844387,0.1797665857255624,-0.9837092937736097,18550.0,max_ac,3490.0,0.1881401617250674,0.1881401617250674,0.42105396164747544,7810.55098856067,-4320.55098856067,leave_one_system_out
1239,2019-06-21 11:00:00,4230.0,223.64,18.177919520900005,0.258819045102521,-0.9659258262890682,0.1797665857255624,-0.9837092937736096,11.0,172,0.258819045102521,-0.9659258262890682,0.1797665857255624,-0.9837092937736097,18550.0,max_ac,4230.0,0.22803234501347708,0.22803234501347708,0.43796246627993585,8124.20374949281,-3894.20374949281,leave_one_system_out
1239,2019-06-21 12:00:00,7260.0,378.0565,18.99639180860001,1.2246467991473532e-16,-1.0,0.1797665857255624,-0.9837092937736096,12.0,172,1.2246467991473532e-16,-1.0,0.1797665857255624,-0.9837092937736097,18550.0,max_ac,7260.0,0.3913746630727763,0.3913746630727763,0.47091031781832926,8735.386395530008,-1475.3863955300076,leave_one_system_out
1239,2019-06-21 13:00:00,8095.0,423.84925,20.361947473400008,-0.2588190451025208,-0.9659258262890684,0.1797665857255624,-0.9837092937736096,13.0,172,-0.2588190451025208,-0.9659258262890683,0.1797665857255624,-0.9837092937736097,18550.0,max_ac,8095.0,0.43638814016172506,0.43638814016172506,0.45033604241917835,8353.733586875758,-258.7335868757582,leave_one_system_out
1239,2019-06-21 14:00:00,4190.0,225.93075,19.844586320900003,-0.4999999999999997,-0.8660254037844388,0.1797665857255624,-0.9837092937736096,14.0,172,-0.4999999999999997,-0.8660254037844388,0.1797665857255624,-0.9837092937736097,18550.0,max_ac,4190.0,0.22587601078167116,0.22587601078167116,0.28753164469592163,5333.712009109347,-1143.7120091093466,leave_one_system_out
1239,2019-06-21 15:00:00,4865.0,267.709,20.062225227200003,-0.7071067811865471,-0.7071067811865479,0.1797665857255624,-0.9837092937736096,15.0,172,-0.7071067811865471,-0.7071067811865479,0.1797665857255624,-0.9837092937736097,18550.0,max_ac,4865.0,0.2622641509433962,0.2622641509433962,0.2590034179258273,4804.513402524097,60.48659747590318,leave_one_system_out
1239,2019-06-21 16:00:00,7440.0,395.4005,21.635975353100005,-0.8660254037844385,-0.5000000000000004,0.1797665857255624,-0.9837092937736096,16.0,172,-0.8660254037844385,-0.5000000000000004,0.1797665857255624,-0.9837092937736097,18550.0,max_ac,7440.0,0.40107816711590294,0.40107816711590294,0.33832406354705913,6275.911378797947,1164.0886212020532,leave_one_system_out
1239,2019-06-21 17:00:00,2020.0,124.877,19.6334751929,-0.9659258262890684,-0.2588190451025206,0.1797665857255624,-0.9837092937736096,17.0,172,-0.9659258262890683,-0.25881904510252063,0.1797665857255624,-0.9837092937736097,18550.0,max_ac,2020.0,0.10889487870619946,0.10889487870619946,0.09905054564054111,1837.3876216320375,182.6123783679625,leave_one_system_out
1239,2019-06-21 18:00:00,2085.0,133.47275,19.56305852060001,-1.0,-1.8369701987210287e-16,0.1797665857255624,-0.9837092937736096,18.0,172,-1.0,-1.8369701987210297e-16,0.1797665857255624,-0.9837092937736097,18550.0,max_ac,2085.0,0.1123989218328841,0.1123989218328841,0.12829713644098678,2379.911880980305,-294.9118809803049,leave_one_system_out
1239,2019-06-22 06:00:00,2410.0,202.609,15.080002606400004,1.0,6.123233995736766e-17,0.1628070129385171,-0.986657932891657,6.0,173,1.0,6.123233995736766e-17,0.16280701293851715,-0.986657932891657,18550.0,max_ac,2410.0,0.1299191374663073,0.1299191374663073,0.1620766324005257,3006.5215310297517,-596.5215310297517,leave_one_system_out
1239,2019-06-22 07:00:00,3760.0,226.956,16.402086045500006,0.9659258262890684,-0.2588190451025206,0.1628070129385171,-0.986657932891657,7.0,173,0.9659258262890683,-0.25881904510252063,0.16280701293851715,-0.986657932891657,18550.0,max_ac,3760.0,0.20269541778975741,0.20269541778975741,0.24848599885458872,4609.415278752621,-849.4152787526209,leave_one_system_out
1239,2019-06-22 08:00:00,9260.0,486.26575,18.688336228400004,0.8660254037844387,-0.4999999999999998,0.1628070129385171,-0.986657932891657,8.0,173,0.8660254037844387,-0.4999999999999998,0.16280701293851715,-0.986657932891657,18550.0,max_ac,9260.0,0.4991913746630728,0.4991913746630728,0.44134128003706685,8186.88074468759,1073.1192553124101,leave_one_system_out
1239,2019-06-22 09:00:00,13350.0,697.5795,21.709030914500005,0.7071067811865476,-0.7071067811865475,0.1628070129385171,-0.986657932891657,9.0,173,0.7071067811865476,-0.7071067811865475,0.16280701293851715,-0.986657932891657,18550.0,max_ac,13350.0,0.7196765498652291,0.7196765498652291,0.577532937556784,10713.235991678344,2636.7640083216556,leave_one_system_out
1239,2019-06-22 10:00:00,15985.0,869.95075,23.68208662790001,0.4999999999999999,-0.8660254037844387,0.1628070129385171,-0.986657932891657,10.0,173,0.49999999999999994,-0.8660254037844387,0.16280701293851715,-0.986657932891657,18550.0,max_ac,15985.0,0.8617250673854447,0.8617250673854447,0.6686908970407011,12404.216140105005,3580.7838598949947,leave_one_system_out
1239,2019-06-22 11:00:00,11705.0,683.7915,22.981808794100004,0.258819045102521,-0.9659258262890682,0.1628070129385171,-0.986657932891657,11.0,173,0.258819045102521,-0.9659258262890682,0.16280701293851715,-0.986657932891657,18550.0,max_ac,11705.0,0.6309973045822103,0.6309973045822103,0.6147437996315412,11403.49748316509,301.50251683490933,leave_one_system_out
1239,2019-06-22 12:00:00,11090.0,616.6625,21.766808696900007,1.2246467991473532e-16,-1.0,0.1628070129385171,-0.986657932891657,12.0,173,1.2246467991473532e-16,-1.0,0.16280701293851715,-0.986657932891657,18550.0,max_ac,11090.0,0.597843665768194,0.597843665768194,0.5743064841970512,10653.3852818553,436.6147181446995,leave_one_system_out
1239,2019-06-22 13:00:00,16765.0,867.7257500000001,22.4838920876,-0.2588190451025208,-0.9659258262890684,0.1628070129385171,-0.986657932891657,13.0,173,-0.2588190451025208,-0.9659258262890683,0.16280701293851715,-0.986657932891657,18550.0,max_ac,16765.0,0.9037735849056604,0.9037735849056604,0.6656040478735877,12346.955088055052,4418.044911944948,leave_one_system_out
1239,2019-06-22 14:00:00,10850.0,549.1845000000001,23.414864384300003,-0.4999999999999997,-0.8660254037844388,0.1628070129385171,-0.986657932891657,14.0,173,-0.4999999999999997,-0.8660254037844388,0.16280701293851715,-0.986657932891657,18550.0,max_ac,10850.0,0.5849056603773585,0.5849056603773585,0.48134297296302403,8928.912148464096,1921.0878515359036,leave_one_system_out
1239,2019-06-22 15:00:00,10440.75,574.97125,24.338753347100003,-0.7071067811865471,-0.7071067811865479,0.1628070129385171,-0.986657932891657,15.0,173,-0.7071067811865471,-0.7071067811865479,0.16280701293851715,-0.986657932891657,18550.0,max_ac,10440.75,0.5628436657681941,0.5628436657681941,0.47885561818456424,8882.771717323667,1557.978282676333,leave_one_system_out
1239,2019-06-22 16:00:00,11285.0,625.97825,24.565142254100003,-0.8660254037844385,-0.5000000000000004,0.1628070129385171,-0.986657932891657,16.0,173,-0.8660254037844385,-0.5000000000000004,0.16280701293851715,-0.986657932891657,18550.0,max_ac,11285.0,0.608355795148248,0.608355795148248,0.5297826593684648,9827.468331285023,1457.531668714977,leave_one_system_out
1239,2019-06-22 17:00:00,7665.0,487.335,24.733753378700005,-0.9659258262890684,-0.2588190451025206,0.1628070129385171,-0.986657932891657,17.0,173,-0.9659258262890683,-0.25881904510252063,0.16280701293851715,-0.986657932891657,18550.0,max_ac,7665.0,0.41320754716981134,0.41320754716981134,0.44838262371344006,8317.497669884313,-652.4976698843129,leave_one_system_out
1239,2019-06-22 18:00:00,3050.0,259.8335,23.497781057600005,-1.0,-1.8369701987210287e-16,0.1628070129385171,-0.986657932891657,18.0,173,-1.0,-1.8369701987210297e-16,0.16280701293851715,-0.986657932891657,18550.0,max_ac,3050.0,0.16442048517520216,0.16442048517520216,0.26730378912724245,4958.485288310348,-1908.4852883103476,leave_one_system_out
1239,2019-06-23 06:00:00,2100.0,170.58225,15.695974877900005,1.0,6.123233995736766e-17,0.1457991969198751,-0.9893142039703664,6.0,174,1.0,6.123233995736766e-17,0.1457991969198751,-0.9893142039703663,18550.0,max_ac,2100.0,0.11320754716981132,0.11320754716981132,0.14413329134990066,2673.672554540657,-573.6725545406571,leave_one_system_out
1239,2019-06-23 07:00:00,5570.0,352.226,18.508336214000003,0.9659258262890684,-0.2588190451025206,0.1457991969198751,-0.9893142039703664,7.0,174,0.9659258262890683,-0.25881904510252063,0.1457991969198751,-0.9893142039703663,18550.0,max_ac,5570.0,0.30026954177897575,0.30026954177897575,0.3181309479284063,5901.329084071936,-331.32908407193645,leave_one_system_out
1239,2019-06-23 08:00:00,9155.0,495.2325,20.65847527490001,0.8660254037844387,-0.4999999999999998,0.1457991969198751,-0.9893142039703664,8.0,174,0.8660254037844387,-0.4999999999999998,0.1457991969198751,-0.9893142039703663,18550.0,max_ac,9155.0,0.4935309973045822,0.4935309973045822,0.4505435322782679,8357.582523761868,797.4174762381317,leave_one_system_out
1239,2019-06-23 09:00:00,12175.0,638.7625,22.3912531913,0.7071067811865476,-0.7071067811865475,0.1457991969198751,-0.9893142039703664,9.0,174,0.7071067811865476,-0.7071067811865475,0.1457991969198751,-0.9893142039703663,18550.0,max_ac,12175.0,0.6563342318059299,0.6563342318059299,0.5587760475607038,10365.295682251055,1809.704317748945,leave_one_system_out
1239,2019-06-23 10:00:00,14865.0,782.1837499999999,24.1123644401,0.4999999999999999,-0.8660254037844387,0.1457991969198751,-0.9893142039703664,10.0,174,0.49999999999999994,-0.8660254037844387,0.1457991969198751,-0.9893142039703663,18550.0,max_ac,14865.0,0.8013477088948787,0.8013477088948787,0.6412931480560364,11895.987896439476,2969.0121035605243,leave_one_system_out
1239,2019-06-23 11:00:00,16950.0,908.12975,24.226114449200004,0.258819045102521,-0.9659258262890682,0.1457991969198751,-0.9893142039703664,11.0,174,0.258819045102521,-0.9659258262890682,0.1457991969198751,-0.9893142039703663,18550.0,max_ac,16950.0,0.9137466307277629,0.9137466307277629,0.6955348570089628,12902.171597516259,4047.8284024837412,leave_one_system_out
1239,2019-06-23 12:00:00,8305.0,434.8885,23.208197701100005,1.2246467991473532e-16,-1.0,0.1457991969198751,-0.9893142039703664,12.0,174,1.2246467991473532e-16,-1.0,0.1457991969198751,-0.9893142039703663,18550.0,max_ac,8305.0,0.4477088948787062,0.4477088948787062,0.5071457105929221,9407.552931498705,-1102.5529314987052,leave_one_system_out
1239,2019-06-23 13:00:00,14725.0,759.25475,23.0619476894,-0.2588190451025208,-0.9659258262890684,0.1457991969198751,-0.9893142039703664,13.0,174,-0.2588190451025208,-0.9659258262890683,0.1457991969198751,-0.9893142039703663,18550.0,max_ac,14725.0,0.793800539083558,0.793800539083558,0.6160588140017389,11427.890999732257,3297.109000267743,leave_one_system_out
1239,2019-06-23 14:00:00,10100.0,569.4300000000001,24.940558950800007,-0.4999999999999997,-0.8660254037844388,0.1457991969198751,-0.9893142039703664,14.0,174,-0.4999999999999997,-0.8660254037844388,0.1457991969198751,-0.9893142039703663,18550.0,max_ac,10100.0,0.5444743935309974,0.5444743935309974,0.49607443021453057,9202.180680479541,897.8193195204585,leave_one_system_out
1239,2019-06-23 15:00:00,13849.5,753.99675,24.075975548300004,-0.7071067811865471,-0.7071067811865479,0.1457991969198751,-0.9893142039703664,15.0,174,-0.7071067811865471,-0.7071067811865479,0.1457991969198751,-0.9893142039703663,18550.0,max_ac,13849.5,0.7466037735849057,0.7466037735849057,0.6022748326932315,11172.198146459443,2677.301853540557,leave_one_system_out
1239,2019-06-23 16:00:00,10465.0,589.5885000000001,24.905420059100003,-0.8660254037844385,-0.5000000000000004,0.1457991969198751,-0.9893142039703664,16.0,174,-0.8660254037844385,-0.5000000000000004,0.1457991969198751,-0.9893142039703663,18550.0,max_ac,10465.0,0.5641509433962264,0.5641509433962264,0.5008713356533048,9291.163276368803,1173.836723631197,leave_one_system_out
1239,2019-06-23 17:00:00,6630.0,427.5145,23.727086631500004,-0.9659258262890684,-0.2588190451025206,0.1457991969198751,-0.9893142039703664,17.0,174,-0.9659258262890683,-0.25881904510252063,0.1457991969198751,-0.9893142039703663,18550.0,max_ac,6630.0,0.3574123989218329,0.3574123989218329,0.39167216689961454,7265.518695987849,-635.5186959878492,leave_one_system_out
1239,2019-06-23 18:00:00,2835.0,261.36025,22.6372254332,-1.0,-1.8369701987210287e-16,0.1457991969198751,-0.9893142039703664,18.0,174,-1.0,-1.8369701987210297e-16,0.1457991969198751,-0.9893142039703663,18550.0,max_ac,2835.0,0.15283018867924528,0.15283018867924528,0.2683393766150767,4977.695436209672,-2142.695436209672,leave_one_system_out
1239,2019-06-24 06:00:00,2200.0,207.1905,10.9751411669,1.0,6.123233995736766e-17,0.1287481774525813,-0.99167731989929,6.0,175,1.0,6.123233995736766e-17,0.12874817745258132,-0.99167731989929,18550.0,max_ac,2200.0,0.11859838274932614,0.11859838274932614,0.15484023755699858,2872.2864066823236,-672.2864066823236,leave_one_system_out
1239,2019-06-24 07:00:00,5640.0,367.8465,13.6190302673,0.9659258262890684,-0.2588190451025206,0.1287481774525813,-0.99167731989929,7.0,175,0.9659258262890683,-0.25881904510252063,0.12874817745258132,-0.99167731989929,18550.0,max_ac,5640.0,0.3040431266846361,0.3040431266846361,0.31436098100544174,5831.3961976509445,-191.3961976509445,leave_one_system_out
1239,2019-06-24 08:00:00,9890.0,531.44775,16.107919355300005,0.8660254037844387,-0.4999999999999998,0.1287481774525813,-0.99167731989929,8.0,175,0.8660254037844387,-0.4999999999999998,0.12874817745258132,-0.99167731989929,18550.0,max_ac,9890.0,0.5331536388140161,0.5331536388140161,0.4559146328692685,8457.21643972493,1432.7835602750692,leave_one_system_out
1239,2019-06-24 09:00:00,13025.0,679.5152499999999,19.014864032300004,0.7071067811865476,-0.7071067811865475,0.1287481774525813,-0.99167731989929,9.0,175,0.7071067811865476,-0.7071067811865475,0.12874817745258132,-0.99167731989929,18550.0,max_ac,13025.0,0.7021563342318059,0.7021563342318059,0.5674003385086204,10525.276279334908,2499.7237206650916,leave_one_system_out
1239,2019-06-24 10:00:00,14970.0,794.1389999999999,21.4784753405,0.4999999999999999,-0.8660254037844387,0.1287481774525813,-0.99167731989929,10.0,175,0.49999999999999994,-0.8660254037844387,0.12874817745258132,-0.99167731989929,18550.0,max_ac,14970.0,0.8070080862533693,0.8070080862533693,0.6416936660821593,11903.417505824054,3066.5824941759456,leave_one_system_out
1239,2019-06-24 11:00:00,16425.0,869.49275,21.686669801600004,0.258819045102521,-0.9659258262890682,0.1287481774525813,-0.99167731989929,11.0,175,0.258819045102521,-0.9659258262890682,0.12874817745258132,-0.99167731989929,18550.0,max_ac,16425.0,0.8854447439353099,0.8854447439353099,0.6796314824033305,12607.16399858178,3817.83600141822,leave_one_system_out
1239,2019-06-24 12:00:00,17080.0,908.3045,20.7473641709,1.2246467991473532e-16,-1.0,0.1287481774525813,-0.99167731989929,12.0,175,1.2246467991473532e-16,-1.0,0.12874817745258132,-0.99167731989929,18550.0,max_ac,17080.0,0.9207547169811321,0.9207547169811321,0.6915676999683271,12828.580834412469,4251.419165587531,leave_one_system_out
1239,2019-06-24 13:00:00,16630.0,885.6370000000001,22.0197253838,-0.2588190451025208,-0.9659258262890684,0.1287481774525813,-0.99167731989929,13.0,175,-0.2588190451025208,-0.9659258262890683,0.12874817745258132,-0.99167731989929,18550.0,max_ac,16630.0,0.8964959568733154,0.8964959568733154,0.6757816402234282,12535.749426144594,4094.2505738554064,leave_one_system_out
1239,2019-06-24 14:00:00,15375.0,822.12925,25.054586737700006,-0.4999999999999997,-0.8660254037844388,0.1287481774525813,-0.99167731989929,14.0,175,-0.4999999999999997,-0.8660254037844388,0.12874817745258132,-0.99167731989929,18550.0,max_ac,15375.0,0.8288409703504043,0.8288409703504043,0.6399410032994354,11870.905611204525,3504.0943887954745,leave_one_system_out
1239,2019-06-24 15:00:00,13410.0,727.3589999999999,25.867225691600005,-0.7071067811865471,-0.7071067811865479,0.1287481774525813,-0.99167731989929,15.0,175,-0.7071067811865471,-0.7071067811865479,0.12874817745258132,-0.99167731989929,18550.0,max_ac,13410.0,0.722911051212938,0.722911051212938,0.5857477731233953,10865.621191438982,2544.3788085610176,leave_one_system_out
1239,2019-06-24 16:00:00,10470.0,589.8064999999999,24.4427811332,-0.8660254037844385,-0.5000000000000004,0.1287481774525813,-0.99167731989929,16.0,175,-0.8660254037844385,-0.5000000000000004,0.12874817745258132,-0.99167731989929,18550.0,max_ac,10470.0,0.5644204851752022,0.5644204851752022,0.5012820450154105,9298.781935035866,1171.218064964134,leave_one_system_out
1239,2019-06-24 17:00:00,6880.0,437.04775,23.5822255088,-0.9659258262890684,-0.2588190451025206,0.1287481774525813,-0.99167731989929,17.0,175,-0.9659258262890683,-0.25881904510252063,0.12874817745258132,-0.99167731989929,18550.0,max_ac,6880.0,0.3708894878706199,0.3708894878706199,0.40086199646588716,7435.990034442207,-555.9900344422067,leave_one_system_out
1239,2019-06-24 18:00:00,2845.0,270.08725,23.334725489000004,-1.0,-1.8369701987210287e-16,0.1287481774525813,-0.99167731989929,18.0,175,-1.0,-1.8369701987210297e-16,0.12874817745258132,-0.99167731989929,18550.0,max_ac,2845.0,0.15336927223719676,0.15336927223719676,0.2781170294452514,5159.070896209413,-2314.070896209413,leave_one_system_out
1239,2019-06-25 06:00:00,2340.0,214.15,9.699724398200004,1.0,6.123233995736766e-17,0.1116590071216951,-0.993746580436178,6.0,176,1.0,6.123233995736766e-17,0.11165900712169512,-0.993746580436178,18550.0,max_ac,2340.0,0.1261455525606469,0.1261455525606469,0.15629279156234793,2899.2312834815543,-559.2312834815543,leave_one_system_out
1239,2019-06-25 07:00:00,5730.0,370.39925,14.525974784300004,0.9659258262890684,-0.2588190451025206,0.1116590071216951,-0.993746580436178,7.0,176,0.9659258262890683,-0.25881904510252063,0.11165900712169512,-0.993746580436178,18550.0,max_ac,5730.0,0.30889487870619947,0.30889487870619947,0.3183542028590257,5905.470463034927,-175.47046303492698,leave_one_system_out
1239,2019-06-25 08:00:00,9530.0,528.63325,19.7669474258,0.8660254037844387,-0.4999999999999998,0.1116590071216951,-0.993746580436178,8.0,176,0.8660254037844387,-0.4999999999999998,0.11165900712169512,-0.993746580436178,18550.0,max_ac,9530.0,0.5137466307277628,0.5137466307277628,0.46363933491982795,8600.509662762808,929.4903372371919,leave_one_system_out
1239,2019-06-25 09:00:00,12570.0,683.72625,22.662642101900005,0.7071067811865476,-0.7071067811865475,0.1116590071216951,-0.993746580436178,9.0,176,0.7071067811865476,-0.7071067811865475,0.11165900712169512,-0.993746580436178,18550.0,max_ac,12570.0,0.6776280323450135,0.6776280323450135,0.5770204701734674,10703.72972171782,1866.2702782821798,leave_one_system_out
1239,2019-06-25 10:00:00,13755.0,759.18925,24.5454200303,0.4999999999999999,-0.8660254037844387,0.1116590071216951,-0.993746580436178,10.0,176,0.49999999999999994,-0.8660254037844387,0.11165900712169512,-0.993746580436178,18550.0,max_ac,13755.0,0.7415094339622641,0.7415094339622641,0.6363362047130088,11804.036597426313,1950.9634025736868,leave_one_system_out
1239,2019-06-25 11:00:00,15860.0,894.9524999999999,24.413336686400008,0.258819045102521,-0.9659258262890682,0.1116590071216951,-0.993746580436178,11.0,176,0.258819045102521,-0.9659258262890682,0.11165900712169512,-0.993746580436178,18550.0,max_ac,15860.0,0.8549865229110513,0.8549865229110513,0.6933764675328078,12862.133472733585,2997.866527266415,leave_one_system_out
1239,2019-06-25 12:00:00,15395.0,824.1804999999999,23.305142153300004,1.2246467991473532e-16,-1.0,0.1116590071216951,-0.993746580436178,12.0,176,1.2246467991473532e-16,-1.0,0.11165900712169512,-0.993746580436178,18550.0,max_ac,15395.0,0.8299191374663073,0.8299191374663073,0.6621348148063619,12282.600814658013,3112.3991853419866,leave_one_system_out
1239,2019-06-25 13:00:00,15345.0,860.701,24.52569780650001,-0.2588190451025208,-0.9659258262890684,0.1116590071216951,-0.993746580436178,13.0,176,-0.2588190451025208,-0.9659258262890683,0.11165900712169512,-0.993746580436178,18550.0,max_ac,15345.0,0.8272237196765498,0.8272237196765498,0.6673726191439477,12379.76208512023,2965.23791487977,leave_one_system_out
1239,2019-06-25 14:00:00,14445.0,832.25225,27.028892451200004,-0.4999999999999997,-0.8660254037844388,0.1116590071216951,-0.993746580436178,14.0,176,-0.4999999999999997,-0.8660254037844388,0.11165900712169512,-0.993746580436178,18550.0,max_ac,14445.0,0.7787061994609165,0.7787061994609165,0.647968605982744,12019.8176409799,2425.1823590201,leave_one_system_out
1239,2019-06-25 15:00:00,10430.0,583.32725,26.24569794410001,-0.7071067811865471,-0.7071067811865479,0.1116590071216951,-0.993746580436178,15.0,176,-0.7071067811865471,-0.7071067811865479,0.11165900712169512,-0.993746580436178,18550.0,max_ac,10430.0,0.5622641509433962,0.5622641509433962,0.48847820666896896,9061.270733709374,1368.7292662906257,leave_one_system_out
1239,2019-06-25 16:00:00,6545.0,367.78125,25.1938923044,-0.8660254037844385,-0.5000000000000004,0.1116590071216951,-0.993746580436178,16.0,176,-0.8660254037844385,-0.5000000000000004,0.11165900712169512,-0.993746580436178,18550.0,max_ac,6545.0,0.35283018867924526,0.35283018867924526,0.32170932226661353,5967.707928045681,577.292071954319,leave_one_system_out
1239,2019-06-25 17:00:00,3270.0,194.3625,23.468197721900005,-0.9659258262890684,-0.2588190451025206,0.1116590071216951,-0.993746580436178,17.0,176,-0.9659258262890683,-0.25881904510252063,0.11165900712169512,-0.993746580436178,18550.0,max_ac,3270.0,0.17628032345013478,0.17628032345013478,0.171114420020625,3174.1724913825938,95.82750861740624,leave_one_system_out
1239,2019-06-25 18:00:00,1440.0,105.1115,22.6119476534,-1.0,-1.8369701987210287e-16,0.1116590071216951,-0.993746580436178,18.0,176,-1.0,-1.8369701987210297e-16,0.11165900712169512,-0.993746580436178,18550.0,max_ac,1440.0,0.07762803234501348,0.07762803234501348,0.10088283371467427,1871.3765654072076,-431.37656540720764,leave_one_system_out
1239,2019-06-26 06:00:00,400.0,45.22525,11.593891216400005,1.0,6.123233995736766e-17,0.0945367498171991,-0.9955213724144752,6.0,177,1.0,6.123233995736766e-17,0.09453674981719912,-0.9955213724144752,18550.0,max_ac,400.0,0.0215633423180593,0.0215633423180593,0.05409329353806347,1003.4305951310773,-603.4305951310773,leave_one_system_out
1239,2019-06-26 07:00:00,1035.0,69.92150000000001,11.480002318400004,0.9659258262890684,-0.2588190451025206,0.0945367498171991,-0.9955213724144752,7.0,177,0.9659258262890683,-0.25881904510252063,0.09453674981719912,-0.9955213724144752,18550.0,max_ac,1035.0,0.05579514824797844,0.05579514824797844,0.15229343579649376,2825.0432340249595,-1790.0432340249595,leave_one_system_out
1239,2019-06-26 08:00:00,2535.0,136.7455,12.417919060100004,0.8660254037844387,-0.4999999999999998,0.0945367498171991,-0.9955213724144752,8.0,177,0.8660254037844387,-0.4999999999999998,0.09453674981719912,-0.9955213724144752,18550.0,max_ac,2535.0,0.1366576819407008,0.1366576819407008,0.273507793902427,5073.569576890021,-2538.5695768900214,leave_one_system_out
1239,2019-06-26 09:00:00,3120.0,168.466,13.1295857837,0.7071067811865476,-0.7071067811865475,0.0945367498171991,-0.9955213724144752,9.0,177,0.7071067811865476,-0.7071067811865475,0.09453674981719912,-0.9955213724144752,18550.0,max_ac,3120.0,0.16819407008086254,0.16819407008086254,0.3585153105485812,6650.459010676182,-3530.4590106761816,leave_one_system_out
1239,2019-06-26 10:00:00,2640.0,145.01375,13.530419149100004,0.4999999999999999,-0.8660254037844387,0.0945367498171991,-0.9955213724144752,10.0,177,0.49999999999999994,-0.8660254037844387,0.09453674981719912,-0.9955213724144752,18550.0,max_ac,2640.0,0.14231805929919136,0.14231805929919136,0.39167759824499915,7265.619447444734,-4625.619447444734,leave_one_system_out
1239,2019-06-26 11:00:00,3145.0,168.98975000000002,14.316252545300005,0.258819045102521,-0.9659258262890682,0.0945367498171991,-0.9955213724144752,11.0,177,0.258819045102521,-0.9659258262890682,0.09453674981719912,-0.9955213724144752,18550.0,max_ac,3145.0,0.16954177897574124,0.16954177897574124,0.40626625929993865,7536.239110013862,-4391.239110013862,leave_one_system_out
1239,2019-06-26 12:00:00,3690.0,193.9915,15.251669286800004,1.2246467991473532e-16,-1.0,0.0945367498171991,-0.9955213724144752,12.0,177,1.2246467991473532e-16,-1.0,0.09453674981719912,-0.9955213724144752,18550.0,max_ac,3690.0,0.19892183288409704,0.19892183288409704,0.3861371254468984,7162.843677039965,-3472.843677039965,leave_one_system_out
1239,2019-06-26 13:00:00,2685.0,151.90775,15.676252654100004,-0.2588190451025208,-0.9659258262890684,0.0945367498171991,-0.9955213724144752,13.0,177,-0.2588190451025208,-0.9659258262890683,0.09453674981719912,-0.9955213724144752,18550.0,max_ac,2685.0,0.14474393530997304,0.14474393530997304,0.30752567400837394,5704.6012528553365,-3019.6012528553365,leave_one_system_out
1239,2019-06-26 14:00:00,2255.0,133.10175,15.645280429400003,-0.4999999999999997,-0.8660254037844388,0.0945367498171991,-0.9955213724144752,14.0,177,-0.4999999999999997,-0.8660254037844388,0.09453674981719912,-0.9955213724144752,18550.0,max_ac,2255.0,0.1215633423180593,0.1215633423180593,0.22280258641248976,4132.987977951685,-1877.987977951685,leave_one_system_out
1239,2019-06-26 15:00:00,2000.0,119.0085,16.229030476100004,-0.7071067811865471,-0.7071067811865479,0.0945367498171991,-0.9955213724144752,15.0,177,-0.7071067811865471,-0.7071067811865479,0.09453674981719912,-0.9955213724144752,18550.0,max_ac,2000.0,0.1078167115902965,0.1078167115902965,0.14663019062547908,2719.990036102637,-719.9900361026371,leave_one_system_out
1239,2019-06-26 16:00:00,905.0,71.47075000000001,16.268197145900004,-0.8660254037844385,-0.5000000000000004,0.0945367498171991,-0.9955213724144752,16.0,177,-0.8660254037844385,-0.5000000000000004,0.09453674981719912,-0.9955213724144752,18550.0,max_ac,905.0,0.048787061994609165,0.048787061994609165,0.06087864329661408,1129.298833152191,-224.29883315219104,leave_one_system_out
1239,2019-06-26 17:00:00,1100.0,80.30624999999999,16.348336041200007,-0.9659258262890684,-0.2588190451025206,0.0945367498171991,-0.9955213724144752,17.0,177,-0.9659258262890683,-0.25881904510252063,0.09453674981719912,-0.9955213724144752,18550.0,max_ac,1100.0,0.05929919137466307,0.05929919137466307,0.050652871733552596,939.6107706574006,160.38922934259938,leave_one_system_out
1239,2019-06-26 18:00:00,930.0,69.35425000000001,16.397641600700002,-1.0,-1.8369701987210287e-16,0.0945367498171991,-0.9955213724144752,18.0,177,-1.0,-1.8369701987210297e-16,0.09453674981719912,-0.9955213724144752,18550.0,max_ac,930.0,0.05013477088948787,0.05013477088948787,0.054405819445296266,1009.2279507102458,-79.22795071024575,leave_one_system_out
1239,2019-06-27 06:00:00,85.0,34.164500000000004,14.444308111100003,1.0,6.123233995736766e-17,0.077386479233463,-0.9970011699250152,6.0,178,1.0,6.123233995736766e-17,0.07738647923346301,-0.9970011699250151,18550.0,max_ac,85.0,0.004582210242587601,0.004582210242587601,0.056012814190021964,1039.0377032249075,-954.0377032249075,leave_one_system_out
1239,2019-06-27 07:00:00,2185.0,126.9715,14.509030338500002,0.9659258262890684,-0.2588190451025206,0.077386479233463,-0.9970011699250152,7.0,178,0.9659258262890683,-0.25881904510252063,0.07738647923346301,-0.9970011699250151,18550.0,max_ac,2185.0,0.11778975741239892,0.11778975741239892,0.1924522162767377,3569.988611933484,-1384.9886119334842,leave_one_system_out
1239,2019-06-27 08:00:00,2425.0,133.60375,14.714447021600002,0.8660254037844387,-0.4999999999999998,0.077386479233463,-0.9970011699250152,8.0,178,0.8660254037844387,-0.4999999999999998,0.07738647923346301,-0.9970011699250151,18550.0,max_ac,2425.0,0.1307277628032345,0.1307277628032345,0.2805854815101544,5204.860682013364,-2779.8606820133637,leave_one_system_out
1239,2019-06-27 09:00:00,2492.75,130.54925,14.1926414243,0.7071067811865476,-0.7071067811865475,0.077386479233463,-0.9970011699250152,9.0,178,0.7071067811865476,-0.7071067811865475,0.07738647923346301,-0.9970011699250151,18550.0,max_ac,2492.75,0.1343800539083558,0.1343800539083558,0.3482022749728213,6459.152200745835,-3966.402200745835,leave_one_system_out
1239,2019-06-27 10:00:00,3810.0,200.951,15.438474857300005,0.4999999999999999,-0.8660254037844387,0.077386479233463,-0.9970011699250152,10.0,178,0.49999999999999994,-0.8660254037844387,0.07738647923346301,-0.9970011699250151,18550.0,max_ac,3810.0,0.20539083557951482,0.20539083557951482,0.41951031169780506,7781.916281994284,-3971.916281994284,leave_one_system_out
1239,2019-06-27 11:00:00,4350.0,232.083,16.091113798400002,0.258819045102521,-0.9659258262890682,0.077386479233463,-0.9970011699250152,11.0,178,0.258819045102521,-0.9659258262890682,0.07738647923346301,-0.9970011699250151,18550.0,max_ac,4350.0,0.23450134770889489,0.23450134770889489,0.4366955565033318,8100.702573136805,-3750.702573136805,leave_one_system_out
1239,2019-06-27 12:00:00,4045.0,215.04425,16.757641629500004,1.2246467991473532e-16,-1.0,0.077386479233463,-0.9970011699250152,12.0,178,1.2246467991473532e-16,-1.0,0.07738647923346301,-0.9970011699250151,18550.0,max_ac,4045.0,0.21805929919137465,0.21805929919137465,0.4005481734214001,7430.168616966972,-3385.168616966972,leave_one_system_out
1239,2019-06-27 13:00:00,4235.0,226.75975,16.656391621400005,-0.2588190451025208,-0.9659258262890684,0.077386479233463,-0.9970011699250152,13.0,178,-0.2588190451025208,-0.9659258262890683,0.07738647923346301,-0.9970011699250151,18550.0,max_ac,4235.0,0.22830188679245284,0.22830188679245284,0.3479084728409088,6453.702171198858,-2218.702171198858,leave_one_system_out
1239,2019-06-27 14:00:00,3745.0,204.4415,17.318752785500003,-0.4999999999999997,-0.8660254037844388,0.077386479233463,-0.9970011699250152,14.0,178,-0.4999999999999997,-0.8660254037844388,0.07738647923346301,-0.9970011699250151,18550.0,max_ac,3745.0,0.2018867924528302,0.2018867924528302,0.2702602108742855,5013.326911717995,-1268.3269117179952,leave_one_system_out
1239,2019-06-27 15:00:00,2590.0,150.38074999999998,17.919308389100003,-0.7071067811865471,-0.7071067811865479,0.077386479233463,-0.9970011699250152,15.0,178,-0.7071067811865471,-0.7071067811865479,0.07738647923346301,-0.9970011699250151,18550.0,max_ac,2590.0,0.13962264150943396,0.13962264150943396,0.1734203117487313,3216.9467829389655,-626.9467829389655,leave_one_system_out
1239,2019-06-27 16:00:00,1965.0,121.10275,17.225975000300004,-0.8660254037844385,-0.5000000000000004,0.077386479233463,-0.9970011699250152,16.0,178,-0.8660254037844385,-0.5000000000000004,0.07738647923346301,-0.9970011699250151,18550.0,max_ac,1965.0,0.10592991913746631,0.10592991913746631,0.10470151866519106,1942.2131712392943,22.786828760705703,leave_one_system_out
1239,2019-06-27 17:00:00,250.0,42.804,17.095141656500005,-0.9659258262890684,-0.2588190451025206,0.077386479233463,-0.9970011699250152,17.0,178,-0.9659258262890683,-0.25881904510252063,0.07738647923346301,-0.9970011699250151,18550.0,max_ac,250.0,0.013477088948787063,0.013477088948787063,0.015535871279078461,288.19041222690544,-38.19041222690544,leave_one_system_out
1239,2019-06-27 18:00:00,-195.0,17.06025,16.7590305185,-1.0,-1.8369701987210287e-16,0.077386479233463,-0.9970011699250152,18.0,178,-1.0,-1.8369701987210297e-16,0.07738647923346301,-0.9970011699250151,18550.0,max_ac,-195.0,-0.010512129380053909,-0.010512129380053909,-0.002424034405280051,-44.96583821794495,-150.03416178205504,leave_one_system_out
1239,2019-06-28 06:00:00,835.0,63.3985,14.8366692536,1.0,6.123233995736766e-17,0.060213277365793,-0.9981855344718586,6.0,179,1.0,6.123233995736766e-17,0.06021327736579302,-0.9981855344718586,18550.0,max_ac,835.0,0.04501347708894879,0.04501347708894879,0.0754075644180614,1398.810319955039,-563.810319955039,leave_one_system_out
1239,2019-06-28 07:00:00,4325.0,242.35825,16.681669401200004,0.9659258262890684,-0.2588190451025206,0.060213277365793,-0.9981855344718586,7.0,179,0.9659258262890683,-0.25881904510252063,0.06021327736579302,-0.9981855344718586,18550.0,max_ac,4325.0,0.23315363881401618,0.23315363881401618,0.25882629682145725,4801.227806038032,-476.2278060380322,leave_one_system_out
1239,2019-06-28 08:00:00,5640.0,309.8365,19.667364084500004,0.8660254037844387,-0.4999999999999998,0.060213277365793,-0.9981855344718586,8.0,179,0.8660254037844387,-0.4999999999999998,0.06021327736579302,-0.9981855344718586,18550.0,max_ac,5640.0,0.3040431266846361,0.3040431266846361,0.3726503120636751,6912.663288781173,-1272.663288781173,leave_one_system_out
1239,2019-06-28 09:00:00,9880.0,540.8505,21.7822253648,0.7071067811865476,-0.7071067811865475,0.060213277365793,-0.9981855344718586,9.0,179,0.7071067811865476,-0.7071067811865475,0.06021327736579302,-0.9981855344718586,18550.0,max_ac,9880.0,0.5326145552560647,0.5326145552560647,0.5255825005071126,9749.55538440694,130.44461559306,leave_one_system_out
1239,2019-06-28 10:00:00,10530.0,588.2139999999999,26.778475764500005,0.4999999999999999,-0.8660254037844387,0.060213277365793,-0.9981855344718586,10.0,179,0.49999999999999994,-0.8660254037844387,0.06021327736579302,-0.9981855344718586,18550.0,max_ac,10530.0,0.567654986522911,0.567654986522911,0.5872001996753334,10892.563703977436,-362.5637039774356,leave_one_system_out
1239,2019-06-28 11:00:00,14925.0,844.928,26.978198002700005,0.258819045102521,-0.9659258262890682,0.060213277365793,-0.9981855344718586,11.0,179,0.258819045102521,-0.9659258262890682,0.06021327736579302,-0.9981855344718586,18550.0,max_ac,14925.0,0.8045822102425876,0.8045822102425876,0.6826869781445948,12663.843444582233,2261.156555417767,leave_one_system_out
1239,2019-06-28 12:00:00,16245.0,878.24125,25.461114548000005,1.2246467991473532e-16,-1.0,0.060213277365793,-0.9981855344718586,12.0,179,1.2246467991473532e-16,-1.0,0.06021327736579302,-0.9981855344718586,18550.0,max_ac,16245.0,0.8757412398921833,0.8757412398921833,0.6890796592621431,12782.427679312754,3462.5723206872462,leave_one_system_out
1239,2019-06-28 13:00:00,16570.0,915.569,26.443892404400007,-0.2588190451025208,-0.9659258262890684,0.060213277365793,-0.9981855344718586,13.0,179,-0.2588190451025208,-0.9659258262890683,0.06021327736579302,-0.9981855344718586,18550.0,max_ac,16570.0,0.8932614555256064,0.8932614555256064,0.6975471253122875,12939.499174542932,3630.5008254570675,leave_one_system_out
1239,2019-06-28 14:00:00,15645.0,867.68225,30.541809398900003,-0.4999999999999997,-0.8660254037844388,0.060213277365793,-0.9981855344718586,14.0,179,-0.4999999999999997,-0.8660254037844388,0.06021327736579302,-0.9981855344718586,18550.0,max_ac,15645.0,0.8433962264150944,0.8433962264150944,0.6724373622535649,12473.713069803629,3171.286930196371,leave_one_system_out
1239,2019-06-28 15:00:00,11070.0,723.69375,30.9340316525,-0.7071067811865471,-0.7071067811865479,0.060213277365793,-0.9981855344718586,15.0,179,-0.7071067811865471,-0.7071067811865479,0.06021327736579302,-0.9981855344718586,18550.0,max_ac,11070.0,0.5967654986522911,0.5967654986522911,0.5889250880742778,10924.560383777853,145.43961622214738,leave_one_system_out
1239,2019-06-28 16:00:00,9830.0,575.01525,29.85833712200001,-0.8660254037844385,-0.5000000000000004,0.060213277365793,-0.9981855344718586,16.0,179,-0.8660254037844385,-0.5000000000000004,0.06021327736579302,-0.9981855344718586,18550.0,max_ac,9830.0,0.5299191374663073,0.5299191374663073,0.49419236899100716,9167.268444783183,662.7315552168166,leave_one_system_out
1239,2019-06-28 17:00:00,6460.0,415.886,30.27180937730001,-0.9659258262890684,-0.2588190451025206,0.060213277365793,-0.9981855344718586,17.0,179,-0.9659258262890683,-0.25881904510252063,0.06021327736579302,-0.9981855344718586,18550.0,max_ac,6460.0,0.34824797843665767,0.34824797843665767,0.3857376377267281,7155.433179830806,-695.4331798308058,leave_one_system_out
1239,2019-06-28 18:00:00,2000.0,182.73425,28.7345870321,-1.0,-1.8369701987210287e-16,0.060213277365793,-0.9981855344718586,18.0,179,-1.0,-1.8369701987210297e-16,0.06021327736579302,-0.9981855344718586,18550.0,max_ac,2000.0,0.1078167115902965,0.1078167115902965,0.18927399158872482,3511.0325439708454,-1511.0325439708454,leave_one_system_out
1239,2019-06-29 06:00:00,0.0,29.67025,15.996947124200004,1.0,6.123233995736766e-17,0.0430222330045305,-0.99907411510223,6.0,180,1.0,6.123233995736766e-17,0.04302223300453059,-0.99907411510223,18550.0,max_ac,0.0,0.0,0.0,0.05786423842771149,1073.3816228340481,-1073.3816228340481,leave_one_system_out
1239,2019-06-29 07:00:00,150.0,32.6155,16.126252690100003,0.9659258262890684,-0.2588190451025206,0.0430222330045305,-0.99907411510223,7.0,180,0.9659258262890683,-0.25881904510252063,0.04302223300453059,-0.99907411510223,18550.0,max_ac,150.0,0.008086253369272238,0.008086253369272238,0.1492131128842905,2767.903244003589,-2617.903244003589,leave_one_system_out
1239,2019-06-29 08:00:00,940.0,71.14325,16.458058272200006,0.8660254037844387,-0.4999999999999998,0.0430222330045305,-0.99907411510223,8.0,180,0.8660254037844387,-0.4999999999999998,0.04302223300453059,-0.99907411510223,18550.0,max_ac,940.0,0.050673854447439354,0.050673854447439354,0.2601026400388317,4824.903972720328,-3884.903972720328,leave_one_system_out
1239,2019-06-29 09:00:00,2550.0,143.661,17.943058391,0.7071067811865476,-0.7071067811865475,0.0430222330045305,-0.99907411510223,9.0,180,0.7071067811865476,-0.7071067811865475,0.04302223300453059,-0.99907411510223,18550.0,max_ac,2550.0,0.13746630727762804,0.13746630727762804,0.36777618957337127,6822.248316586037,-4272.248316586037,leave_one_system_out
1239,2019-06-29 10:00:00,6390.0,323.14475,19.8415307651,0.4999999999999999,-0.8660254037844387,0.0430222330045305,-0.99907411510223,10.0,180,0.49999999999999994,-0.8660254037844387,0.04302223300453059,-0.99907411510223,18550.0,max_ac,6390.0,0.3444743935309973,0.3444743935309973,0.4786865641194352,8879.635764415523,-2489.635764415523,leave_one_system_out
1239,2019-06-29 11:00:00,7155.0,378.97275,21.702086469500006,0.258819045102521,-0.9659258262890682,0.0430222330045305,-0.99907411510223,11.0,180,0.258819045102521,-0.9659258262890682,0.04302223300453059,-0.99907411510223,18550.0,max_ac,7155.0,0.38571428571428573,0.38571428571428573,0.5093137260673414,9447.769618549182,-2292.7696185491823,leave_one_system_out
1239,2019-06-29 12:00:00,8575.0,456.22475,23.313614376200004,1.2246467991473532e-16,-1.0,0.0430222330045305,-0.99907411510223,12.0,180,1.2246467991473532e-16,-1.0,0.04302223300453059,-0.99907411510223,18550.0,max_ac,8575.0,0.46226415094339623,0.46226415094339623,0.5191452080599466,9630.14360951201,-1055.1436095120098,leave_one_system_out
1239,2019-06-29 13:00:00,16400.0,915.133,24.53430891830001,-0.2588190451025208,-0.9659258262890684,0.0430222330045305,-0.99907411510223,13.0,180,-0.2588190451025208,-0.9659258262890683,0.04302223300453059,-0.99907411510223,18550.0,max_ac,16400.0,0.8840970350404312,0.8840970350404312,0.6967807224056465,12925.282400624743,3474.717599375257,leave_one_system_out
1239,2019-06-29 14:00:00,11760.0,643.824,25.470836771,-0.4999999999999997,-0.8660254037844388,0.0430222330045305,-0.99907411510223,14.0,180,-0.4999999999999997,-0.8660254037844388,0.04302223300453059,-0.99907411510223,18550.0,max_ac,11760.0,0.6339622641509434,0.6339622641509434,0.542726317095815,10067.573182127368,1692.4268178726325,leave_one_system_out
1239,2019-06-29 15:00:00,10205.0,590.63525,26.256670167200006,-0.7071067811865471,-0.7071067811865479,0.0430222330045305,-0.99907411510223,15.0,180,-0.7071067811865471,-0.7071067811865479,0.04302223300453059,-0.99907411510223,18550.0,max_ac,10205.0,0.5501347708894879,0.5501347708894879,0.4954679845295878,9190.931113023853,1014.068886976147,leave_one_system_out
1239,2019-06-29 16:00:00,8210.0,484.957,26.598614639,-0.8660254037844385,-0.5000000000000004,0.0430222330045305,-0.99907411510223,16.0,180,-0.8660254037844385,-0.5000000000000004,0.04302223300453059,-0.99907411510223,18550.0,max_ac,8210.0,0.44258760107816714,0.44258760107816714,0.4194558718124083,7780.906422120173,429.0935778798266,leave_one_system_out
1239,2019-06-29 17:00:00,6395.0,397.58225,25.923614585000006,-0.9659258262890684,-0.2588190451025206,0.0430222330045305,-0.99907411510223,17.0,180,-0.9659258262890683,-0.25881904510252063,0.04302223300453059,-0.99907411510223,18550.0,max_ac,6395.0,0.34474393530997305,0.34474393530997305,0.36594130647094886,6788.211235036101,-393.21123503610124,leave_one_system_out
1239,2019-06-29 18:00:00,730.0,63.311,21.9269475986,-1.0,-1.8369701987210287e-16,0.0430222330045305,-0.99907411510223,18.0,180,-1.0,-1.8369701987210297e-16,0.04302223300453059,-0.99907411510223,18550.0,max_ac,730.0,0.039353099730458224,0.039353099730458224,0.05430590248684164,1007.3744911309124,-277.37449113091236,leave_one_system_out
1239,2019-06-30 06:00:00,60.0,29.53925,15.702919322900003,1.0,6.123233995736766e-17,0.025818440227133,-0.9996666485105112,6.0,181,1.0,6.123233995736766e-17,0.02581844022713308,-0.9996666485105112,18550.0,max_ac,60.0,0.003234501347708895,0.003234501347708895,0.05667055117916847,1051.2387243735752,-991.2387243735752,leave_one_system_out
1239,2019-06-30 07:00:00,1205.0,78.90975,16.137502691,0.9659258262890684,-0.2588190451025206,0.025818440227133,-0.9996666485105112,7.0,181,0.9659258262890683,-0.25881904510252063,0.02581844022713308,-0.9996666485105112,18550.0,max_ac,1205.0,0.06495956873315364,0.06495956873315364,0.17299278517782707,3209.016165048692,-2004.016165048692,leave_one_system_out
1239,2019-06-30 08:00:00,1365.0,86.13125,16.740697183700004,0.8660254037844387,-0.4999999999999998,0.025818440227133,-0.9996666485105112,8.0,181,0.8660254037844387,-0.4999999999999998,0.02581844022713308,-0.9996666485105112,18550.0,max_ac,1365.0,0.07358490566037736,0.07358490566037736,0.26756831944190634,4963.392325647363,-3598.3923256473627,leave_one_system_out
1239,2019-06-30 09:00:00,1935.0,118.747,17.396113902800003,0.7071067811865476,-0.7071067811865475,0.025818440227133,-0.9996666485105112,9.0,181,0.7071067811865476,-0.7071067811865475,0.02581844022713308,-0.9996666485105112,18550.0,max_ac,1935.0,0.10431266846361185,0.10431266846361185,0.3563619626489472,6610.514407137971,-4675.514407137971,leave_one_system_out
1239,2019-06-30 10:00:00,2925.0,163.623,18.0851417357,0.4999999999999999,-0.8660254037844387,0.025818440227133,-0.9996666485105112,10.0,181,0.49999999999999994,-0.8660254037844387,0.02581844022713308,-0.9996666485105112,18550.0,max_ac,2925.0,0.15768194070080863,0.15768194070080863,0.4167179792860952,7730.118515757066,-4805.118515757066,leave_one_system_out
1239,2019-06-30 11:00:00,2565.0,148.3515,18.170836187000003,0.258819045102521,-0.9659258262890682,0.025818440227133,-0.9996666485105112,11.0,181,0.258819045102521,-0.9659258262890682,0.02581844022713308,-0.9996666485105112,18550.0,max_ac,2565.0,0.13827493261455526,0.13827493261455526,0.41415964103218356,7682.661341147005,-5117.661341147005,leave_one_system_out
1239,2019-06-30 12:00:00,5345.0,287.7585,19.2468084953,1.2246467991473532e-16,-1.0,0.025818440227133,-0.9996666485105112,12.0,181,1.2246467991473532e-16,-1.0,0.02581844022713308,-0.9996666485105112,18550.0,max_ac,5345.0,0.2881401617250674,0.2881401617250674,0.43958916698950856,8154.379047655384,-2809.379047655384,leave_one_system_out
1239,2019-06-30 13:00:00,7950.0,422.802,21.13111420160001,-0.2588190451025208,-0.9659258262890684,0.025818440227133,-0.9996666485105112,13.0,181,-0.2588190451025208,-0.9659258262890683,0.02581844022713308,-0.9996666485105112,18550.0,max_ac,7950.0,0.42857142857142855,0.42857142857142855,0.4567452420903674,8472.624240776315,-522.6242407763148,leave_one_system_out
1239,2019-06-30 14:00:00,9680.0,495.25425,22.592364318500003,-0.4999999999999997,-0.8660254037844388,0.025818440227133,-0.9996666485105112,14.0,181,-0.4999999999999997,-0.8660254037844388,0.02581844022713308,-0.9996666485105112,18550.0,max_ac,9680.0,0.521832884097035,0.521832884097035,0.45341643449438945,8410.874859870924,1269.1251401290756,leave_one_system_out
1239,2019-06-30 15:00:00,10885.0,564.8485,24.407642241500007,-0.7071067811865471,-0.7071067811865479,0.025818440227133,-0.9996666485105112,15.0,181,-0.7071067811865471,-0.7071067811865479,0.02581844022713308,-0.9996666485105112,18550.0,max_ac,10885.0,0.5867924528301887,0.5867924528301887,0.4761605388567349,8832.777995792432,2052.222004207568,leave_one_system_out
1239,2019-06-30 16:00:00,9520.0,498.63575,25.579031224100007,-0.8660254037844385,-0.5000000000000004,0.025818440227133,-0.9996666485105112,16.0,181,-0.8660254037844385,-0.5000000000000004,0.02581844022713308,-0.9996666485105112,18550.0,max_ac,9520.0,0.5132075471698113,0.5132075471698113,0.43001715939288243,7976.818306737969,1543.1816932620313,leave_one_system_out
1239,2019-06-30 17:00:00,2920.0,187.16275,22.801669890800003,-0.9659258262890684,-0.2588190451025206,0.025818440227133,-0.9996666485105112,17.0,181,-0.9659258262890683,-0.25881904510252063,0.02581844022713308,-0.9996666485105112,18550.0,max_ac,2920.0,0.1574123989218329,0.1574123989218329,0.16314252513128227,3026.293841185286,-106.29384118528606,leave_one_system_out
1239,2019-06-30 18:00:00,2985.0,250.10325,23.478197722700003,-1.0,-1.8369701987210287e-16,0.025818440227133,-0.9996666485105112,18.0,181,-1.0,-1.8369701987210297e-16,0.02581844022713308,-0.9996666485105112,18550.0,max_ac,2985.0,0.16091644204851752,0.16091644204851752,0.25658425822812636,4759.637990131744,-1774.6379901317441,leave_one_system_out
1239,2019-07-01 06:00:00,1230.0,89.99275,15.018058157000006,1.0,6.123233995736766e-17,0.0086069968886886,-0.9999629591162656,6.0,182,1.0,6.123233995736766e-17,0.008606996888688698,-0.9999629591162655,18550.0,max_ac,1230.0,0.06630727762803235,0.06630727762803235,0.09224073570822422,1711.0656473875592,-481.06564738755924,leave_one_system_out
1239,2019-07-01 07:00:00,6050.0,386.25975000000005,17.5184750237,0.9659258262890684,-0.2588190451025206,0.0086069968886886,-0.9999629591162656,7.0,182,0.9659258262890683,-0.25881904510252063,0.008606996888688698,-0.9999629591162655,18550.0,max_ac,6050.0,0.3261455525606469,0.3261455525606469,0.335636715572861,6226.061073876572,-176.06107387657175,leave_one_system_out
1239,2019-07-01 08:00:00,8705.0,477.059,20.3704196963,0.8660254037844387,-0.4999999999999998,0.0086069968886886,-0.9999629591162656,8.0,182,0.8660254037844387,-0.4999999999999998,0.008606996888688698,-0.9999629591162655,18550.0,max_ac,8705.0,0.4692722371967655,0.4692722371967655,0.44606743188767933,8274.55086151645,430.4491384835492,leave_one_system_out
1239,2019-07-01 09:00:00,5430.0,287.911,20.703614167400005,0.7071067811865476,-0.7071067811865475,0.0086069968886886,-0.9999629591162656,9.0,182,0.7071067811865476,-0.7071067811865475,0.008606996888688698,-0.9999629591162655,18550.0,max_ac,5430.0,0.292722371967655,0.292722371967655,0.4310962705583266,7996.835818856958,-2566.835818856958,leave_one_system_out
1239,2019-07-01 10:00:00,11560.0,624.211,23.31625326530001,0.4999999999999999,-0.8660254037844387,0.0086069968886886,-0.9999629591162656,10.0,182,0.49999999999999994,-0.8660254037844387,0.008606996888688698,-0.9999629591162655,18550.0,max_ac,11560.0,0.6231805929919138,0.6231805929919138,0.5926674501228699,10993.981199779237,566.0188002207633,leave_one_system_out
1239,2019-07-01 11:00:00,10960.0,573.40075,24.2994477884,0.258819045102521,-0.9659258262890682,0.0086069968886886,-0.9999629591162656,11.0,182,0.258819045102521,-0.9659258262890682,0.008606996888688698,-0.9999629591162655,18550.0,max_ac,10960.0,0.5908355795148248,0.5908355795148248,0.5856938295124862,10864.620537456618,95.37946254338203,leave_one_system_out
1239,2019-07-01 12:00:00,15220.0,852.5197499999999,25.41597565550001,1.2246467991473532e-16,-1.0,0.0086069968886886,-0.9999629591162656,12.0,182,1.2246467991473532e-16,-1.0,0.008606996888688698,-0.9999629591162655,18550.0,max_ac,15220.0,0.8204851752021564,0.8204851752021564,0.6814096833743124,12640.149626593495,2579.8503734065052,leave_one_system_out
1239,2019-07-01 13:00:00,15120.0,881.732,25.941809030900004,-0.2588190451025208,-0.9659258262890684,0.0086069968886886,-0.9999629591162656,13.0,182,-0.2588190451025208,-0.9659258262890683,0.008606996888688698,-0.9999629591162655,18550.0,max_ac,15120.0,0.8150943396226416,0.8150943396226416,0.6838652125867342,12685.699693483919,2434.300306516081,leave_one_system_out
1239,2019-07-01 14:00:00,11345.0,625.3889999999999,28.668614804600004,-0.4999999999999997,-0.8660254037844388,0.0086069968886886,-0.9999629591162656,14.0,182,-0.4999999999999997,-0.8660254037844388,0.008606996888688698,-0.9999629591162655,18550.0,max_ac,11345.0,0.6115902964959569,0.6115902964959569,0.5376115396163359,9972.694059883032,1372.3059401169685,leave_one_system_out
1239,2019-07-01 15:00:00,9055.0,512.70725,29.567087098700007,-0.7071067811865471,-0.7071067811865479,0.0086069968886886,-0.9999629591162656,15.0,182,-0.7071067811865471,-0.7071067811865479,0.008606996888688698,-0.9999629591162655,18550.0,max_ac,9055.0,0.4881401617250674,0.4881401617250674,0.44702295297483446,8292.275777683179,762.7242223168214,leave_one_system_out
1239,2019-07-01 16:00:00,8645.0,506.22775,28.720698142100005,-0.8660254037844385,-0.5000000000000004,0.0086069968886886,-0.9999629591162656,16.0,182,-0.8660254037844385,-0.5000000000000004,0.008606996888688698,-0.9999629591162655,18550.0,max_ac,8645.0,0.4660377358490566,0.4660377358490566,0.43898578010008077,8143.186220856498,501.81377914350196,leave_one_system_out
1239,2019-07-01 17:00:00,6110.0,397.25500000000005,28.58139257540001,-0.9659258262890684,-0.2588190451025206,0.0086069968886886,-0.9999629591162656,17.0,182,-0.9659258262890683,-0.25881904510252063,0.008606996888688698,-0.9999629591162655,18550.0,max_ac,6110.0,0.3293800539083558,0.3293800539083558,0.367578928786273,6818.589128985364,-708.5891289853644,leave_one_system_out
1239,2019-07-01 18:00:00,2450.0,243.40575,27.88250363060001,-1.0,-1.8369701987210287e-16,0.0086069968886886,-0.9999629591162656,18.0,182,-1.0,-1.8369701987210297e-16,0.008606996888688698,-0.9999629591162655,18550.0,max_ac,2450.0,0.1320754716981132,0.1320754716981132,0.25222107198013155,4678.70088523144,-2228.70088523144,leave_one_system_out
1239,2019-07-02 06:00:00,5.0,7.5265,13.787780280800003,1.0,6.123233995736766e-17,-0.008606996888688,-0.9999629591162656,6.0,183,1.0,6.123233995736766e-17,-0.008606996888688009,-0.9999629591162655,18550.0,max_ac,5.0,0.00026954177897574127,0.00026954177897574127,0.03631103895627791,673.5697726389552,-668.5697726389552,leave_one_system_out
1239,2019-07-02 07:00:00,695.0,63.02775,14.070280303400006,0.9659258262890684,-0.2588190451025206,-0.008606996888688,-0.9999629591162656,7.0,183,0.9659258262890683,-0.25881904510252063,-0.008606996888688009,-0.9999629591162655,18550.0,max_ac,695.0,0.03746630727762803,0.03746630727762803,0.15732278245712325,2918.3376145796365,-2223.3376145796365,leave_one_system_out
1239,2019-07-02 08:00:00,615.0,55.37025,14.393752551500006,0.8660254037844387,-0.4999999999999998,-0.008606996888688,-0.9999629591162656,8.0,183,0.8660254037844387,-0.4999999999999998,-0.008606996888688009,-0.9999629591162655,18550.0,max_ac,615.0,0.03315363881401617,0.03315363881401617,0.24496841657903284,4544.164127541059,-3929.1641275410593,leave_one_system_out
1239,2019-07-02 09:00:00,5145.0,261.64425,16.652224954400005,0.7071067811865476,-0.7071067811865475,-0.008606996888688,-0.9999629591162656,9.0,183,0.7071067811865476,-0.7071067811865475,-0.008606996888688009,-0.9999629591162655,18550.0,max_ac,5145.0,0.27735849056603773,0.27735849056603773,0.40787355343774634,7566.054416270194,-2421.0544162701945,leave_one_system_out
1239,2019-07-02 10:00:00,4470.0,241.13675,17.989586172500005,0.4999999999999999,-0.8660254037844387,-0.008606996888688,-0.9999629591162656,10.0,183,0.49999999999999994,-0.8660254037844387,-0.008606996888688009,-0.9999629591162655,18550.0,max_ac,4470.0,0.24097035040431267,0.24097035040431267,0.44390686426464365,8234.47233210914,-3764.4723321091406,leave_one_system_out
1239,2019-07-02 11:00:00,7290.0,377.642,19.2087529367,0.258819045102521,-0.9659258262890682,-0.008606996888688,-0.9999629591162656,11.0,183,0.258819045102521,-0.9659258262890682,-0.008606996888688009,-0.9999629591162655,18550.0,max_ac,7290.0,0.3929919137466307,0.3929919137466307,0.5019660564738728,9311.47034759034,-2021.4703475903407,leave_one_system_out
1239,2019-07-02 12:00:00,10700.0,613.7827500000001,24.364170015800006,1.2246467991473532e-16,-1.0,-0.008606996888688,-0.9999629591162656,12.0,183,1.2246467991473532e-16,-1.0,-0.008606996888688009,-0.9999629591162655,18550.0,max_ac,10700.0,0.5768194070080862,0.5768194070080862,0.5854607052065803,10860.296081582064,-160.2960815820643,leave_one_system_out
1239,2019-07-02 13:00:00,11520.75,642.71125,24.473753357900005,-0.2588190451025208,-0.9659258262890684,-0.008606996888688,-0.9999629591162656,13.0,183,-0.2588190451025208,-0.9659258262890683,-0.008606996888688009,-0.9999629591162655,18550.0,max_ac,11520.75,0.6210646900269542,0.6210646900269542,0.5695918293191451,10565.928433870142,954.8215661298582,leave_one_system_out
1239,2019-07-02 14:00:00,11170.0,603.81275,27.118892458400005,-0.4999999999999997,-0.8660254037844388,-0.008606996888688,-0.9999629591162656,14.0,183,-0.4999999999999997,-0.8660254037844388,-0.008606996888688009,-0.9999629591162655,18550.0,max_ac,11170.0,0.6021563342318059,0.6021563342318059,0.5236760973618996,9714.191606063237,1455.8083939367625,leave_one_system_out
1239,2019-07-02 15:00:00,11580.0,667.45125,27.7966702904,-0.7071067811865471,-0.7071067811865479,-0.008606996888688,-0.9999629591162656,15.0,183,-0.7071067811865471,-0.7071067811865479,-0.008606996888688009,-0.9999629591162655,18550.0,max_ac,11580.0,0.6242587601078167,0.6242587601078167,0.5507947883074519,10217.243323103232,1362.756676896768,leave_one_system_out
1239,2019-07-02 16:00:00,8970.0,494.5125,23.3009754863,-0.8660254037844385,-0.5000000000000004,-0.008606996888688,-0.9999629591162656,16.0,183,-0.8660254037844385,-0.5000000000000004,-0.008606996888688009,-0.9999629591162655,18550.0,max_ac,8970.0,0.48355795148247976,0.48355795148247976,0.4253618258450479,7890.461869425639,1079.5381305743613,leave_one_system_out
1239,2019-07-02 17:00:00,2295.0,145.9955,23.7241699646,-0.9659258262890684,-0.2588190451025206,-0.008606996888688,-0.9999629591162656,17.0,183,-0.9659258262890683,-0.25881904510252063,-0.008606996888688009,-0.9999629591162655,18550.0,max_ac,2295.0,0.12371967654986522,0.12371967654986522,0.12489761105437852,2316.8506850587214,-21.85068505872141,leave_one_system_out
1239,2019-07-02 18:00:00,2835.0,241.1805,24.2908366766,-1.0,-1.8369701987210287e-16,-0.008606996888688,-0.9999629591162656,18.0,183,-1.0,-1.8369701987210297e-16,-0.008606996888688009,-0.9999629591162655,18550.0,max_ac,2835.0,0.15283018867924528,0.15283018867924528,0.24736478053834907,4588.6166789863755,-1753.6166789863755,leave_one_system_out
1239,2019-07-03 06:00:00,1480.0,93.6795,13.724446942400004,1.0,6.123233995736766e-17,-0.0258184402271323,-0.9996666485105112,6.0,184,1.0,6.123233995736766e-17,-0.02581844022713239,-0.9996666485105112,18550.0,max_ac,1480.0,0.07978436657681941,0.07978436657681941,0.09047675188156129,1678.343747402962,-198.34374740296198,leave_one_system_out
1239,2019-07-03 07:00:00,2235.0,126.7315,14.916808148900005,0.9659258262890684,-0.2588190451025206,-0.0258184402271323,-0.9996666485105112,7.0,184,0.9659258262890683,-0.25881904510252063,-0.02581844022713239,-0.9996666485105112,18550.0,max_ac,2235.0,0.12048517520215633,0.12048517520215633,0.19340467303273645,3587.6566847572612,-1352.6566847572612,leave_one_system_out
1239,2019-07-03 08:00:00,6100.0,316.1415,17.805141713300003,0.8660254037844387,-0.4999999999999998,-0.0258184402271323,-0.9996666485105112,8.0,184,0.8660254037844387,-0.4999999999999998,-0.02581844022713239,-0.9996666485105112,18550.0,max_ac,6100.0,0.3288409703504043,0.3288409703504043,0.37057272652333634,6874.124077007889,-774.1240770078894,leave_one_system_out
1239,2019-07-03 09:00:00,12245.0,618.1245,22.9113921218,0.7071067811865476,-0.7071067811865475,-0.0258184402271323,-0.9996666485105112,9.0,184,0.7071067811865476,-0.7071067811865475,-0.02581844022713239,-0.9996666485105112,18550.0,max_ac,12245.0,0.6601078167115902,0.6601078167115902,0.5586092612168652,10362.201795572848,1882.798204427152,leave_one_system_out
1239,2019-07-03 10:00:00,13345.0,736.8707499999999,27.184864685900003,0.4999999999999999,-0.8660254037844387,-0.0258184402271323,-0.9996666485105112,10.0,184,0.49999999999999994,-0.8660254037844387,-0.02581844022713239,-0.9996666485105112,18550.0,max_ac,13345.0,0.7194070080862534,0.7194070080862534,0.6394340634178524,11861.501876401162,1483.498123598838,leave_one_system_out
1239,2019-07-03 11:00:00,15130.0,852.4759999999999,28.6729203605,0.258819045102521,-0.9659258262890682,-0.0258184402271323,-0.9996666485105112,11.0,184,0.258819045102521,-0.9659258262890682,-0.02581844022713239,-0.9996666485105112,18550.0,max_ac,15130.0,0.815633423180593,0.815633423180593,0.6914960503279433,12827.251733583347,2302.7482664166528,leave_one_system_out
1239,2019-07-03 12:00:00,7810.0,416.0605,25.721114568800004,1.2246467991473532e-16,-1.0,-0.0258184402271323,-0.9996666485105112,12.0,184,1.2246467991473532e-16,-1.0,-0.02581844022713239,-0.9996666485105112,18550.0,max_ac,7810.0,0.4210242587601078,0.4210242587601078,0.5107704812425001,9474.792427048378,-1664.7924270483782,leave_one_system_out
1239,2019-07-03 13:00:00,11500.0,606.12525,26.3075035046,-0.2588190451025208,-0.9659258262890684,-0.0258184402271323,-0.9996666485105112,13.0,184,-0.2588190451025208,-0.9659258262890683,-0.02581844022713239,-0.9996666485105112,18550.0,max_ac,11500.0,0.6199460916442049,0.6199460916442049,0.5559132460729763,10312.19071465371,1187.8092853462895,leave_one_system_out
1239,2019-07-03 14:00:00,13815.0,776.773,27.913475855300003,-0.4999999999999997,-0.8660254037844388,-0.0258184402271323,-0.9996666485105112,14.0,184,-0.4999999999999997,-0.8660254037844388,-0.02581844022713239,-0.9996666485105112,18550.0,max_ac,13815.0,0.7447439353099731,0.7447439353099731,0.6231172236500984,11558.824498709324,2256.175501290676,leave_one_system_out
1239,2019-07-03 15:00:00,13030.0,720.5305,30.645837185000005,-0.7071067811865471,-0.7071067811865479,-0.0258184402271323,-0.9996666485105112,15.0,184,-0.7071067811865471,-0.7071067811865479,-0.02581844022713239,-0.9996666485105112,18550.0,max_ac,13030.0,0.7024258760107817,0.7024258760107817,0.5892246786303651,10930.117788593272,2099.882211406728,leave_one_system_out
1239,2019-07-03 16:00:00,10465.0,603.551,30.534726065000005,-0.8660254037844385,-0.5000000000000004,-0.0258184402271323,-0.9996666485105112,16.0,184,-0.8660254037844385,-0.5000000000000004,-0.02581844022713239,-0.9996666485105112,18550.0,max_ac,10465.0,0.5641509433962264,0.5641509433962264,0.519133670924457,9629.929595648677,835.0704043513233,leave_one_system_out
1239,2019-07-03 17:00:00,6275.0,410.4975,29.24097596150001,-0.9659258262890684,-0.2588190451025206,-0.0258184402271323,-0.9996666485105112,17.0,184,-0.9659258262890683,-0.25881904510252063,-0.02581844022713239,-0.9996666485105112,18550.0,max_ac,6275.0,0.33827493261455527,0.33827493261455527,0.38054395462312857,7059.0903582590345,-784.0903582590345,leave_one_system_out
1239,2019-07-03 18:00:00,2635.0,234.3955,27.930281412200003,-1.0,-1.8369701987210287e-16,-0.0258184402271323,-0.9996666485105112,18.0,184,-1.0,-1.8369701987210297e-16,-0.02581844022713239,-0.9996666485105112,18550.0,max_ac,2635.0,0.14204851752021563,0.14204851752021563,0.24239909773000642,4496.503262891619,-1861.5032628916188,leave_one_system_out
1239,2019-07-04 06:00:00,1875.0,154.74375,15.448474858100004,1.0,6.123233995736766e-17,-0.0430222330045303,-0.99907411510223,6.0,185,1.0,6.123233995736766e-17,-0.04302223300453034,-0.99907411510223,18550.0,max_ac,1875.0,0.10107816711590296,0.10107816711590296,0.13368719006291785,2479.897375667126,-604.8973756671262,leave_one_system_out
1239,2019-07-04 07:00:00,4775.0,307.52375,19.928752994300005,0.9659258262890684,-0.2588190451025206,-0.0430222330045303,-0.99907411510223,7.0,185,0.9659258262890683,-0.25881904510252063,-0.04302223300453034,-0.99907411510223,18550.0,max_ac,4775.0,0.2574123989218329,0.2574123989218329,0.3014205302676891,5591.350836465633,-816.3508364656327,leave_one_system_out
1239,2019-07-04 08:00:00,8015.0,457.77375,23.49916994660001,0.8660254037844387,-0.4999999999999998,-0.0430222330045303,-0.99907411510223,8.0,185,0.8660254037844387,-0.4999999999999998,-0.04302223300453034,-0.99907411510223,18550.0,max_ac,8015.0,0.4320754716981132,0.4320754716981132,0.4461603501996901,8276.27449620425,-261.2744962042507,leave_one_system_out
1239,2019-07-04 09:00:00,10765.0,602.2855,27.7798647335,0.7071067811865476,-0.7071067811865475,-0.0430222330045303,-0.99907411510223,9.0,185,0.7071067811865476,-0.7071067811865475,-0.04302223300453034,-0.99907411510223,18550.0,max_ac,10765.0,0.5803234501347709,0.5803234501347709,0.5637901890380792,10458.308006656369,306.6919933436311,leave_one_system_out
1239,2019-07-04 10:00:00,12530.0,720.87975,31.700420602700003,0.4999999999999999,-0.8660254037844387,-0.0430222330045303,-0.99907411510223,10.0,185,0.49999999999999994,-0.8660254037844387,-0.04302223300453034,-0.99907411510223,18550.0,max_ac,12530.0,0.6754716981132075,0.6754716981132075,0.6431888577921302,11931.153312044014,598.8466879559855,leave_one_system_out
1239,2019-07-04 11:00:00,14005.0,810.23925,32.457087329900006,0.258819045102521,-0.9659258262890682,-0.0430222330045303,-0.99907411510223,11.0,185,0.258819045102521,-0.9659258262890682,-0.04302223300453034,-0.99907411510223,18550.0,max_ac,14005.0,0.7549865229110512,0.7549865229110512,0.6836149347402716,12681.057039432038,1323.9429605679616,leave_one_system_out
1239,2019-07-04 12:00:00,14800.0,828.49975,31.652781710000003,1.2246467991473532e-16,-1.0,-0.0430222330045303,-0.99907411510223,12.0,185,1.2246467991473532e-16,-1.0,-0.04302223300453034,-0.99907411510223,18550.0,max_ac,14800.0,0.7978436657681941,0.7978436657681941,0.6821960866710797,12654.737407748527,2145.2625922514726,leave_one_system_out
1239,2019-07-04 13:00:00,14575.0,831.4014999999999,31.994448404000003,-0.2588190451025208,-0.9659258262890684,-0.0430222330045303,-0.99907411510223,13.0,185,-0.2588190451025208,-0.9659258262890683,-0.04302223300453034,-0.99907411510223,18550.0,max_ac,14575.0,0.7857142857142857,0.7857142857142857,0.6684066561185127,12398.94347099841,2176.0565290015893,leave_one_system_out
1239,2019-07-04 14:00:00,13650.0,785.73975,35.6576431415,-0.4999999999999997,-0.8660254037844388,-0.0430222330045303,-0.99907411510223,14.0,185,-0.4999999999999997,-0.8660254037844388,-0.04302223300453034,-0.99907411510223,18550.0,max_ac,13650.0,0.7358490566037735,0.7358490566037735,0.6349709408857828,11778.71095343127,1871.2890465687306,leave_one_system_out
1239,2019-07-04 15:00:00,11885.0,688.0675,36.349587641300005,-0.7071067811865471,-0.7071067811865479,-0.0430222330045303,-0.99907411510223,15.0,185,-0.7071067811865471,-0.7071067811865479,-0.04302223300453034,-0.99907411510223,18550.0,max_ac,11885.0,0.640700808625337,0.640700808625337,0.5715350431862388,10601.97505110473,1283.0249488952704,leave_one_system_out
1239,2019-07-04 16:00:00,7224.5,430.02325,34.289448587600006,-0.8660254037844385,-0.5000000000000004,-0.0430222330045303,-0.99907411510223,16.0,185,-0.8660254037844385,-0.5000000000000004,-0.04302223300453034,-0.99907411510223,18550.0,max_ac,7224.5,0.3894609164420485,0.3894609164420485,0.38359408101777803,7115.670202879783,108.82979712021734,leave_one_system_out
1239,2019-07-04 17:00:00,5475.0,364.3995,34.59444861200001,-0.9659258262890684,-0.2588190451025206,-0.0430222330045303,-0.99907411510223,17.0,185,-0.9659258262890683,-0.25881904510252063,-0.04302223300453034,-0.99907411510223,18550.0,max_ac,5475.0,0.29514824797843664,0.29514824797843664,0.34129959850849584,6331.107552332598,-856.1075523325981,leave_one_system_out
1239,2019-07-04 18:00:00,1745.0,143.7485,31.947920622500007,-1.0,-1.8369701987210287e-16,-0.0430222330045303,-0.99907411510223,18.0,185,-1.0,-1.8369701987210297e-16,-0.04302223300453034,-0.99907411510223,18550.0,max_ac,1745.0,0.0940700808625337,0.0940700808625337,0.14980083008624126,2778.805398099775,-1033.8053980997752,leave_one_system_out
1239,2019-07-05 06:00:00,1880.0,170.7135,22.125142058900003,1.0,6.123233995736766e-17,-0.0602132773657927,-0.9981855344718586,6.0,186,1.0,6.123233995736766e-17,-0.060213277365792774,-0.9981855344718586,18550.0,max_ac,1880.0,0.10134770889487871,0.10134770889487871,0.16092455793243943,2985.150549646751,-1105.1505496467512,leave_one_system_out
1239,2019-07-05 07:00:00,4690.0,315.945,25.061670071600005,0.9659258262890684,-0.2588190451025206,-0.0602132773657927,-0.9981855344718586,7.0,186,0.9659258262890683,-0.25881904510252063,-0.060213277365792774,-0.9981855344718586,18550.0,max_ac,4690.0,0.2528301886792453,0.2528301886792453,0.31880890865606404,5913.905255569988,-1223.9052555699882,leave_one_system_out
1239,2019-07-05 08:00:00,8306.25,479.372,28.381670337200003,0.8660254037844387,-0.4999999999999998,-0.0602132773657927,-0.9981855344718586,8.0,186,0.8660254037844387,-0.4999999999999998,-0.060213277365792774,-0.9981855344718586,18550.0,max_ac,8306.25,0.4477762803234501,0.4477762803234501,0.4668447216337066,8659.969586305258,-353.7195863052584,leave_one_system_out
1239,2019-07-05 09:00:00,10720.0,590.33025,30.91153165070001,0.7071067811865476,-0.7071067811865475,-0.0602132773657927,-0.9981855344718586,9.0,186,0.7071067811865476,-0.7071067811865475,-0.060213277365792774,-0.9981855344718586,18550.0,max_ac,10720.0,0.5778975741239892,0.5778975741239892,0.5668324796259129,10514.742497060684,205.2575029393156,leave_one_system_out
1239,2019-07-05 10:00:00,12750.0,723.1485,34.235837472200004,0.4999999999999999,-0.8660254037844387,-0.0602132773657927,-0.9981855344718586,10.0,186,0.49999999999999994,-0.8660254037844387,-0.060213277365792774,-0.9981855344718586,18550.0,max_ac,12750.0,0.6873315363881402,0.6873315363881402,0.6490938364828047,12040.690666756027,709.309333243973,leave_one_system_out
1239,2019-07-05 11:00:00,13710.0,792.2407499999999,35.6730598094,0.258819045102521,-0.9659258262890682,-0.0602132773657927,-0.9981855344718586,11.0,186,0.258819045102521,-0.9659258262890682,-0.060213277365792774,-0.9981855344718586,18550.0,max_ac,13710.0,0.7390835579514825,0.7390835579514825,0.6834250911554172,12677.535440932988,1032.4645590670116,leave_one_system_out
1239,2019-07-05 12:00:00,14765.0,835.7429999999999,34.52569860650001,1.2246467991473532e-16,-1.0,-0.0602132773657927,-0.9981855344718586,12.0,186,1.2246467991473532e-16,-1.0,-0.060213277365792774,-0.9981855344718586,18550.0,max_ac,14765.0,0.7959568733153639,0.7959568733153639,0.6892361694744609,12785.330943751249,1979.669056248751,leave_one_system_out
1239,2019-07-05 13:00:00,14405.0,826.71075,34.28930969870001,-0.2588190451025208,-0.9659258262890684,-0.0602132773657927,-0.9981855344718586,13.0,186,-0.2588190451025208,-0.9659258262890683,-0.060213277365792774,-0.9981855344718586,18550.0,max_ac,14405.0,0.7765498652291105,0.7765498652291105,0.6692198881791956,12414.028925724078,1990.9710742759216,leave_one_system_out
1239,2019-07-05 14:00:00,10610.0,605.9942500000001,34.778754182300005,-0.4999999999999997,-0.8660254037844388,-0.0602132773657927,-0.9981855344718586,14.0,186,-0.4999999999999997,-0.8660254037844388,-0.060213277365792774,-0.9981855344718586,18550.0,max_ac,10610.0,0.5719676549865229,0.5719676549865229,0.5366793022020652,9955.40105584831,654.5989441516904,leave_one_system_out
1239,2019-07-05 15:00:00,7105.0,400.1785,32.5230595574,-0.7071067811865471,-0.7071067811865479,-0.0602132773657927,-0.9981855344718586,15.0,186,-0.7071067811865471,-0.7071067811865479,-0.060213277365792774,-0.9981855344718586,18550.0,max_ac,7105.0,0.38301886792452833,0.38301886792452833,0.37608722714660636,6976.418063569548,128.5819364304516,leave_one_system_out
1239,2019-07-05 16:00:00,5630.0,326.1115,31.870559505200006,-0.8660254037844385,-0.5000000000000004,-0.0602132773657927,-0.9981855344718586,16.0,186,-0.8660254037844385,-0.5000000000000004,-0.060213277365792774,-0.9981855344718586,18550.0,max_ac,5630.0,0.3035040431266846,0.3035040431266846,0.2978345137719085,5524.830230468903,105.16976953109679,leave_one_system_out
1239,2019-07-05 17:00:00,4955.0,310.46950000000004,30.942503875400007,-0.9659258262890684,-0.2588190451025206,-0.0602132773657927,-0.9981855344718586,17.0,186,-0.9659258262890683,-0.25881904510252063,-0.060213277365792774,-0.9981855344718586,18550.0,max_ac,4955.0,0.2671159029649596,0.2671159029649596,0.2881469937605862,5345.126734258874,-390.1267342588744,leave_one_system_out
1239,2019-07-05 18:00:00,1155.0,91.1925,29.03278150040001,-1.0,-1.8369701987210287e-16,-0.0602132773657927,-0.9981855344718586,18.0,186,-1.0,-1.8369701987210297e-16,-0.060213277365792774,-0.9981855344718586,18550.0,max_ac,1155.0,0.062264150943396226,0.062264150943396226,0.09081615784304431,1684.639727988472,-529.639727988472,leave_one_system_out
1239,2019-07-06 06:00:00,1370.0,98.85,22.554169871000006,1.0,6.123233995736766e-17,-0.0773864792334632,-0.9970011699250152,6.0,187,1.0,6.123233995736766e-17,-0.07738647923346322,-0.9970011699250151,18550.0,max_ac,1370.0,0.0738544474393531,0.0738544474393531,0.11797145456837455,2188.370482243348,-818.3704822433479,leave_one_system_out
1239,2019-07-06 07:00:00,2350.0,142.1775,23.306669931200005,0.9659258262890684,-0.2588190451025206,-0.0773864792334632,-0.9970011699250152,7.0,187,0.9659258262890683,-0.25881904510252063,-0.07738647923346322,-0.9970011699250151,18550.0,max_ac,2350.0,0.12668463611859837,0.12668463611859837,0.22706693722517202,4212.091685526941,-1862.0916855269406,leave_one_system_out
1239,2019-07-06 08:00:00,2020.0,121.779,23.668058849000005,0.8660254037844387,-0.4999999999999998,-0.0773864792334632,-0.9970011699250152,8.0,187,0.8660254037844387,-0.4999999999999998,-0.07738647923346322,-0.9970011699250151,18550.0,max_ac,2020.0,0.10889487870619946,0.10889487870619946,0.306308314027326,5682.019225206897,-3662.0192252068973,leave_one_system_out
1239,2019-07-06 09:00:00,3775.0,195.19125,21.865142038100004,0.7071067811865476,-0.7071067811865475,-0.0773864792334632,-0.9970011699250152,9.0,187,0.7071067811865476,-0.7071067811865475,-0.07738647923346322,-0.9970011699250151,18550.0,max_ac,3775.0,0.20350404312668463,0.20350404312668463,0.40019086997793996,7423.540638090786,-3648.540638090786,leave_one_system_out
1239,2019-07-06 10:00:00,3880.0,202.28175000000005,21.758336474000007,0.4999999999999999,-0.8660254037844387,-0.0773864792334632,-0.9970011699250152,10.0,187,0.49999999999999994,-0.8660254037844387,-0.07738647923346322,-0.9970011699250151,18550.0,max_ac,3880.0,0.2091644204851752,0.2091644204851752,0.4429397049376612,8216.531526593615,-4336.531526593615,leave_one_system_out
1239,2019-07-06 11:00:00,9050.0,451.7305,26.078336819600008,0.258819045102521,-0.9659258262890682,-0.0773864792334632,-0.9970011699250152,11.0,187,0.258819045102521,-0.9659258262890682,-0.07738647923346322,-0.9970011699250151,18550.0,max_ac,9050.0,0.48787061994609165,0.48787061994609165,0.5486447344893429,10177.359824777312,-1127.3598247773116,leave_one_system_out
1239,2019-07-06 12:00:00,9810.0,438.562,27.217670244080004,1.2246467991473532e-16,-1.0,-0.0773864792334632,-0.9970011699250152,12.0,187,1.2246467991473532e-16,-1.0,-0.07738647923346322,-0.9970011699250151,18550.0,max_ac,9810.0,0.5288409703504043,0.5288409703504043,0.5236456922594921,9713.627591413579,96.37240858642144,leave_one_system_out
1239,2019-07-06 13:00:00,1575.0,107.9915,23.905697756900008,-0.2588190451025208,-0.9659258262890684,-0.0773864792334632,-0.9970011699250152,13.0,187,-0.2588190451025208,-0.9659258262890683,-0.07738647923346322,-0.9970011699250151,18550.0,max_ac,1575.0,0.08490566037735849,0.08490566037735849,0.31358222584829964,5816.950289485959,-4241.950289485959,leave_one_system_out
1239,2019-07-06 14:00:00,1303.25,76.55375,20.492780817200003,-0.4999999999999997,-0.8660254037844388,-0.0773864792334632,-0.9970011699250152,14.0,187,-0.4999999999999997,-0.8660254037844388,-0.07738647923346322,-0.9970011699250151,18550.0,max_ac,1303.25,0.07025606469002696,0.07025606469002696,0.20326977390248874,3770.654305891166,-2467.404305891166,leave_one_system_out
1239,2019-07-06 15:00:00,4184.5,218.4475,22.082919833300004,-0.7071067811865471,-0.7071067811865479,-0.0773864792334632,-0.9970011699250152,15.0,187,-0.7071067811865471,-0.7071067811865479,-0.07738647923346322,-0.9970011699250151,18550.0,max_ac,4184.5,0.22557951482479785,0.22557951482479785,0.23074459688057722,4280.312272134707,-95.8122721347072,leave_one_system_out
1239,2019-07-06 16:00:00,5875.0,314.04725,24.395003351600003,-0.8660254037844385,-0.5000000000000004,-0.0773864792334632,-0.9970011699250152,16.0,187,-0.8660254037844385,-0.5000000000000004,-0.07738647923346322,-0.9970011699250151,18550.0,max_ac,5875.0,0.316711590296496,0.316711590296496,0.2775526821261194,5148.602253439514,726.3977465604858,leave_one_system_out
1239,2019-07-06 17:00:00,5460.0,325.50075,26.137364602100003,-0.9659258262890684,-0.2588190451025206,-0.0773864792334632,-0.9970011699250152,17.0,187,-0.9659258262890683,-0.25881904510252063,-0.07738647923346322,-0.9970011699250151,18550.0,max_ac,5460.0,0.2943396226415094,0.2943396226415094,0.2980910630396213,5529.589219384975,-69.58921938497497,leave_one_system_out
1239,2019-07-06 18:00:00,2870.0,228.11240000000004,25.056558960080004,-1.0,-1.8369701987210287e-16,-0.0773864792334632,-0.9970011699250152,18.0,187,-1.0,-1.8369701987210297e-16,-0.07738647923346322,-0.9970011699250151,18550.0,max_ac,2870.0,0.15471698113207547,0.15471698113207547,0.23332793432350588,4328.233181701034,-1458.2331817010336,leave_one_system_out
1239,2019-07-07 06:00:00,1930.0,186.22475,13.765141390100002,1.0,6.123233995736766e-17,-0.0945367498171993,-0.9955213724144752,6.0,188,1.0,6.123233995736766e-17,-0.09453674981719933,-0.9955213724144752,18550.0,max_ac,1930.0,0.10404312668463613,0.10404312668463613,0.1488664034154111,2761.471783355876,-831.4717833558761,leave_one_system_out
1239,2019-07-07 07:00:00,5315.0,345.28825,16.442641604300007,0.9659258262890684,-0.2588190451025206,-0.0945367498171993,-0.9955213724144752,7.0,188,0.9659258262890683,-0.25881904510252063,-0.09453674981719933,-0.9955213724144752,18550.0,max_ac,5315.0,0.2865229110512129,0.2865229110512129,0.3122851846738216,5792.890175699391,-477.89017569939097,leave_one_system_out
1239,2019-07-07 08:00:00,9470.0,503.501,18.4029195389,0.8660254037844387,-0.4999999999999998,-0.0945367498171993,-0.9955213724144752,8.0,188,0.8660254037844387,-0.4999999999999998,-0.09453674981719933,-0.9955213724144752,18550.0,max_ac,9470.0,0.5105121293800539,0.5105121293800539,0.45436451388167864,8428.461732505139,1041.5382674948614,leave_one_system_out
1239,2019-07-07 09:00:00,12395.0,647.904,21.520697566100004,0.7071067811865476,-0.7071067811865475,-0.0945367498171993,-0.9955213724144752,9.0,188,0.7071067811865476,-0.7071067811865475,-0.09453674981719933,-0.9955213724144752,18550.0,max_ac,12395.0,0.6681940700808625,0.6681940700808625,0.5682371021389372,10540.798244677284,1854.201755322716,leave_one_system_out
1239,2019-07-07 10:00:00,14490.0,769.2682499999999,24.473753357900005,0.4999999999999999,-0.8660254037844387,-0.0945367498171993,-0.9955213724144752,10.0,188,0.49999999999999994,-0.8660254037844387,-0.09453674981719933,-0.9955213724144752,18550.0,max_ac,14490.0,0.7811320754716982,0.7811320754716982,0.6475603970059864,12012.245364461049,2477.7546355389513,leave_one_system_out
1239,2019-07-07 11:00:00,15855.0,840.7604999999999,24.226253338100005,0.258819045102521,-0.9659258262890682,-0.0945367498171993,-0.9955213724144752,11.0,188,0.258819045102521,-0.9659258262890682,-0.09453674981719933,-0.9955213724144752,18550.0,max_ac,15855.0,0.8547169811320755,0.8547169811320755,0.6835837812621304,12680.479142412518,3174.520857587482,leave_one_system_out
1239,2019-07-07 12:00:00,16975.0,883.4335,23.393753271500003,1.2246467991473532e-16,-1.0,-0.0945367498171993,-0.9955213724144752,12.0,188,1.2246467991473532e-16,-1.0,-0.09453674981719933,-0.9955213724144752,18550.0,max_ac,16975.0,0.9150943396226415,0.9150943396226415,0.6958069479439326,12907.21888435995,4067.7811156400494,leave_one_system_out
1239,2019-07-07 13:00:00,16470.0,870.0819999999999,23.797225526000005,-0.2588190451025208,-0.9659258262890684,-0.0945367498171993,-0.9955213724144752,13.0,188,-0.2588190451025208,-0.9659258262890683,-0.09453674981719933,-0.9955213724144752,18550.0,max_ac,16470.0,0.8878706199460916,0.8878706199460916,0.6808343885609393,12629.477907805423,3840.5220921945765,leave_one_system_out
1239,2019-07-07 14:00:00,15440.0,811.832,26.692781313200005,-0.4999999999999997,-0.8660254037844388,-0.0945367498171993,-0.9955213724144752,14.0,188,-0.4999999999999997,-0.8660254037844388,-0.09453674981719933,-0.9955213724144752,18550.0,max_ac,15440.0,0.832345013477089,0.832345013477089,0.6445445137831975,11956.300730678315,3483.6992693216853,leave_one_system_out
1239,2019-07-07 15:00:00,13315.0,714.531,27.809448069200005,-0.7071067811865471,-0.7071067811865479,-0.0945367498171993,-0.9955213724144752,15.0,188,-0.7071067811865471,-0.7071067811865479,-0.09453674981719933,-0.9955213724144752,18550.0,max_ac,13315.0,0.7177897574123989,0.7177897574123989,0.5853925229602777,10859.031300913151,2455.9686990868486,leave_one_system_out
1239,2019-07-07 16:00:00,10295.0,577.26225,27.63083694380001,-0.8660254037844385,-0.5000000000000004,-0.0945367498171993,-0.9955213724144752,16.0,188,-0.8660254037844385,-0.5000000000000004,-0.09453674981719933,-0.9955213724144752,18550.0,max_ac,10295.0,0.5549865229110512,0.5549865229110512,0.49759582741475505,9230.402598543706,1064.5974014562944,leave_one_system_out
1239,2019-07-07 17:00:00,6640.0,419.115,26.5056979649,-0.9659258262890684,-0.2588190451025206,-0.0945367498171993,-0.9955213724144752,17.0,188,-0.9659258262890683,-0.25881904510252063,-0.09453674981719933,-0.9955213724144752,18550.0,max_ac,6640.0,0.35795148247978437,0.35795148247978437,0.3875436290176901,7188.934318278152,-548.9343182781522,leave_one_system_out
1239,2019-07-07 18:00:00,2690.0,260.5535,25.082503406600004,-1.0,-1.8369701987210287e-16,-0.0945367498171993,-0.9955213724144752,18.0,188,-1.0,-1.8369701987210297e-16,-0.09453674981719933,-0.9955213724144752,18550.0,max_ac,2690.0,0.1450134770889488,0.1450134770889488,0.2682053062673564,4975.208431259461,-2285.2084312594607,leave_one_system_out
1239,2019-07-08 06:00:00,2180.0,188.31925,13.026807997700004,1.0,6.123233995736766e-17,-0.1116590071216944,-0.993746580436178,6.0,189,1.0,6.123233995736766e-17,-0.11165900712169444,-0.9937465804361781,18550.0,max_ac,2180.0,0.11752021563342319,0.11752021563342319,0.14820078462078684,2749.124554715596,-569.1245547155959,leave_one_system_out
1239,2019-07-08 07:00:00,5187.75,331.9805,16.0011137912,0.9659258262890684,-0.2588190451025206,-0.1116590071216944,-0.993746580436178,7.0,189,0.9659258262890683,-0.25881904510252063,-0.11165900712169444,-0.9937465804361781,18550.0,max_ac,5187.75,0.27966307277628033,0.27966307277628033,0.3041257685927127,5641.53300739482,-453.78300739481983,leave_one_system_out
1239,2019-07-08 08:00:00,9015.0,499.70475,19.820697430100005,0.8660254037844387,-0.4999999999999998,-0.1116590071216944,-0.993746580436178,8.0,189,0.8660254037844387,-0.4999999999999998,-0.11165900712169444,-0.9937465804361781,18550.0,max_ac,9015.0,0.48598382749326147,0.48598382749326147,0.4559386533997517,8457.662020565394,557.3379794346056,leave_one_system_out
1239,2019-07-08 09:00:00,11645.0,617.46975,23.3108365982,0.7071067811865476,-0.7071067811865475,-0.1116590071216944,-0.993746580436178,9.0,189,0.7071067811865476,-0.7071067811865475,-0.11165900712169444,-0.9937465804361781,18550.0,max_ac,11645.0,0.6277628032345014,0.6277628032345014,0.5606637722938802,10400.312976051478,1244.6870239485215,leave_one_system_out
1239,2019-07-08 10:00:00,14185.0,757.4655,25.9869479234,0.4999999999999999,-0.8660254037844387,-0.1116590071216944,-0.993746580436178,10.0,189,0.49999999999999994,-0.8660254037844387,-0.11165900712169444,-0.9937465804361781,18550.0,max_ac,14185.0,0.7646900269541779,0.7646900269541779,0.6464097321317682,11990.9005310443,2194.099468955699,leave_one_system_out
1239,2019-07-08 11:00:00,16070.0,855.596,26.4395868485,0.258819045102521,-0.9659258262890682,-0.1116590071216944,-0.993746580436178,11.0,189,0.258819045102521,-0.9659258262890682,-0.11165900712169444,-0.9937465804361781,18550.0,max_ac,16070.0,0.8663072776280324,0.8663072776280324,0.692417491244343,12844.344462582563,3225.655537417437,leave_one_system_out
1239,2019-07-08 12:00:00,16875.0,879.6374999999999,25.1122256312,1.2246467991473532e-16,-1.0,-0.1116590071216944,-0.993746580436178,12.0,189,1.2246467991473532e-16,-1.0,-0.11165900712169444,-0.9937465804361781,18550.0,max_ac,16875.0,0.9097035040431267,0.9097035040431267,0.6966722687372655,12923.270585076276,3951.729414923724,leave_one_system_out
1239,2019-07-08 13:00:00,14315.0,763.8797500000001,25.349864539100004,-0.2588190451025208,-0.9659258262890684,-0.1116590071216944,-0.993746580436178,13.0,189,-0.2588190451025208,-0.9659258262890683,-0.11165900712169444,-0.9937465804361781,18550.0,max_ac,14315.0,0.7716981132075472,0.7716981132075472,0.6314163817728021,11712.77388188548,2602.2261181145204,leave_one_system_out
1239,2019-07-08 14:00:00,13100.0,716.1234999999999,27.774170288600004,-0.4999999999999997,-0.8660254037844388,-0.1116590071216944,-0.993746580436178,14.0,189,-0.4999999999999997,-0.8660254037844388,-0.11165900712169444,-0.9937465804361781,18550.0,max_ac,13100.0,0.706199460916442,0.706199460916442,0.5906792765045997,10957.100579160326,2142.8994208396743,leave_one_system_out
1239,2019-07-08 15:00:00,13490.0,718.52325,27.598336941200003,-0.7071067811865471,-0.7071067811865479,-0.1116590071216944,-0.993746580436178,15.0,189,-0.7071067811865471,-0.7071067811865479,-0.11165900712169444,-0.9937465804361781,18550.0,max_ac,13490.0,0.7272237196765499,0.7272237196765499,0.5884760289934406,10916.230337828323,2573.769662171677,leave_one_system_out
1239,2019-07-08 16:00:00,5999.5,357.81100000000004,27.176531351900003,-0.8660254037844385,-0.5000000000000004,-0.1116590071216944,-0.993746580436178,16.0,189,-0.8660254037844385,-0.5000000000000004,-0.11165900712169444,-0.9937465804361781,18550.0,max_ac,5999.5,0.3234231805929919,0.3234231805929919,0.31702234116769595,5880.76442866076,118.73557133923987,leave_one_system_out
1239,2019-07-08 17:00:00,4680.0,299.71375,26.701253536100005,-0.9659258262890684,-0.2588190451025206,-0.1116590071216944,-0.993746580436178,17.0,189,-0.9659258262890683,-0.25881904510252063,-0.11165900712169444,-0.9937465804361781,18550.0,max_ac,4680.0,0.2522911051212938,0.2522911051212938,0.27381190376771775,5079.210814891164,-399.21081489116386,leave_one_system_out
1239,2019-07-08 18:00:00,2380.0,206.38325,25.030558958000007,-1.0,-1.8369701987210287e-16,-0.1116590071216944,-0.993746580436178,18.0,189,-1.0,-1.8369701987210297e-16,-0.11165900712169444,-0.9937465804361781,18550.0,max_ac,2380.0,0.12830188679245283,0.12830188679245283,0.20953349309492297,3886.8462969108214,-1506.8462969108214,leave_one_system_out
1239,2019-07-09 06:00:00,1935.75,182.75625,15.372363740900004,1.0,6.123233995736766e-17,-0.1287481774525806,-0.99167731989929,6.0,190,1.0,6.123233995736766e-17,-0.12874817745258066,-0.99167731989929,18550.0,max_ac,1935.75,0.10435309973045823,0.10435309973045823,0.15014725066372892,2785.2314998121715,-849.4814998121715,leave_one_system_out
1239,2019-07-09 07:00:00,5360.0,337.36875000000003,18.107780626400004,0.9659258262890684,-0.2588190451025206,-0.1287481774525806,-0.99167731989929,7.0,190,0.9659258262890683,-0.25881904510252063,-0.12874817745258066,-0.99167731989929,18550.0,max_ac,5360.0,0.2889487870619946,0.2889487870619946,0.31192329727584933,5786.177164467005,-426.17716446700524,leave_one_system_out
1239,2019-07-09 08:00:00,9190.0,498.8975,20.9145864065,0.8660254037844387,-0.4999999999999998,-0.1287481774525806,-0.99167731989929,8.0,190,0.8660254037844387,-0.4999999999999998,-0.12874817745258066,-0.99167731989929,18550.0,max_ac,9190.0,0.4954177897574124,0.4954177897574124,0.4580535156272415,8496.892714885329,693.107285114671,leave_one_system_out
1239,2019-07-09 09:00:00,12470.0,646.74725,23.3051421533,0.7071067811865476,-0.7071067811865475,-0.1287481774525806,-0.99167731989929,9.0,190,0.7071067811865476,-0.7071067811865475,-0.12874817745258066,-0.99167731989929,18550.0,max_ac,12470.0,0.6722371967654986,0.6722371967654986,0.5717731463143072,10606.391864130399,1863.608135869601,leave_one_system_out
1239,2019-07-09 10:00:00,14555.0,763.4869999999999,24.8437533875,0.4999999999999999,-0.8660254037844387,-0.1287481774525806,-0.99167731989929,10.0,190,0.49999999999999994,-0.8660254037844387,-0.12874817745258066,-0.99167731989929,18550.0,max_ac,14555.0,0.7846361185983828,0.7846361185983828,0.6469379779627551,12000.699491209107,2554.300508790893,leave_one_system_out
1239,2019-07-09 11:00:00,15995.0,835.4594999999999,25.2852812006,0.258819045102521,-0.9659258262890682,-0.1287481774525806,-0.99167731989929,11.0,190,0.258819045102521,-0.9659258262890682,-0.12874817745258066,-0.99167731989929,18550.0,max_ac,15995.0,0.8622641509433963,0.8622641509433963,0.6841191583578259,12690.41038753767,3304.5896124623305,leave_one_system_out
1239,2019-07-09 12:00:00,17130.0,880.1175,24.039308878700005,1.2246467991473532e-16,-1.0,-0.1287481774525806,-0.99167731989929,12.0,190,1.2246467991473532e-16,-1.0,-0.12874817745258066,-0.99167731989929,18550.0,max_ac,17130.0,0.9234501347708894,0.9234501347708894,0.6963214364231571,12916.762645649565,4213.2373543504345,leave_one_system_out
1239,2019-07-09 13:00:00,16460.0,860.06825,24.5372255852,-0.2588190451025208,-0.9659258262890684,-0.1287481774525806,-0.99167731989929,13.0,190,-0.2588190451025208,-0.9659258262890683,-0.12874817745258066,-0.99167731989929,18550.0,max_ac,16460.0,0.8873315363881401,0.8873315363881401,0.6777549222069104,12572.353806938187,3887.6461930618134,leave_one_system_out
1239,2019-07-09 14:00:00,15665.0,826.362,27.983614749800005,-0.4999999999999997,-0.8660254037844388,-0.1287481774525806,-0.99167731989929,14.0,190,-0.4999999999999997,-0.8660254037844388,-0.12874817745258066,-0.99167731989929,18550.0,max_ac,15665.0,0.8444743935309973,0.8444743935309973,0.6547460497506674,12145.53922287488,3519.4607771251194,leave_one_system_out
1239,2019-07-09 15:00:00,10440.0,563.69225,28.69528147340001,-0.7071067811865471,-0.7071067811865479,-0.1287481774525806,-0.99167731989929,15.0,190,-0.7071067811865471,-0.7071067811865479,-0.12874817745258066,-0.99167731989929,18550.0,max_ac,10440.0,0.5628032345013477,0.5628032345013477,0.4822336259111397,8945.433760651642,1494.566239348358,leave_one_system_out
1239,2019-07-09 16:00:00,10265.0,571.3715,28.5154203479,-0.8660254037844385,-0.5000000000000004,-0.1287481774525806,-0.99167731989929,16.0,190,-0.8660254037844385,-0.5000000000000004,-0.12874817745258066,-0.99167731989929,18550.0,max_ac,10265.0,0.5533692722371968,0.5533692722371968,0.4936257468635031,9156.757604317982,1108.2423956820185,leave_one_system_out
1239,2019-07-09 17:00:00,5615.0,347.97175000000004,26.6112535289,-0.9659258262890684,-0.2588190451025206,-0.1287481774525806,-0.99167731989929,17.0,190,-0.9659258262890683,-0.25881904510252063,-0.12874817745258066,-0.99167731989929,18550.0,max_ac,5615.0,0.3026954177897574,0.3026954177897574,0.3197066266715481,5930.557924757217,-315.5579247572168,leave_one_system_out
1239,2019-07-09 18:00:00,2720.0,236.16275,25.051808959700004,-1.0,-1.8369701987210287e-16,-0.1287481774525806,-0.99167731989929,18.0,190,-1.0,-1.8369701987210297e-16,-0.12874817745258066,-0.99167731989929,18550.0,max_ac,2720.0,0.14663072776280323,0.14663072776280323,0.2415865706604605,4481.4308857515425,-1761.4308857515425,leave_one_system_out
1239,2019-07-10 06:00:00,2175.0,177.018,13.488058034600003,1.0,6.123233995736766e-17,-0.1457991969198744,-0.9893142039703664,6.0,191,1.0,6.123233995736766e-17,-0.14579919691987442,-0.9893142039703664,18550.0,max_ac,2175.0,0.11725067385444744,0.11725067385444744,0.14152974513917427,2625.376772331683,-450.3767723316828,leave_one_system_out
1239,2019-07-10 07:00:00,5295.0,339.11400000000003,17.494447244000003,0.9659258262890684,-0.2588190451025206,-0.1457991969198744,-0.9893142039703664,7.0,191,0.9659258262890683,-0.25881904510252063,-0.14579919691987442,-0.9893142039703664,18550.0,max_ac,5295.0,0.28544474393531,0.28544474393531,0.3112406517304201,5773.514089599293,-478.5140895992927,leave_one_system_out
1239,2019-07-10 08:00:00,8580.0,464.88575,20.937086408300004,0.8660254037844387,-0.4999999999999998,-0.1457991969198744,-0.9893142039703664,8.0,191,0.8660254037844387,-0.4999999999999998,-0.14579919691987442,-0.9893142039703664,18550.0,max_ac,8580.0,0.462533692722372,0.462533692722372,0.4432773540174486,8222.794917023672,357.2050829763284,leave_one_system_out
1239,2019-07-10 09:00:00,11930.0,627.789,24.497781137600004,0.7071067811865476,-0.7071067811865475,-0.1457991969198744,-0.9893142039703664,9.0,191,0.7071067811865476,-0.7071067811865475,-0.14579919691987442,-0.9893142039703664,18550.0,max_ac,11930.0,0.6431266846361186,0.6431266846361186,0.5671966512638609,10521.497880944618,1408.5021190553816,leave_one_system_out
1239,2019-07-10 10:00:00,14040.0,756.2004999999999,27.199031353700004,0.4999999999999999,-0.8660254037844387,-0.1457991969198744,-0.9893142039703664,10.0,191,0.49999999999999994,-0.8660254037844387,-0.14579919691987442,-0.9893142039703664,18550.0,max_ac,14040.0,0.7568733153638814,0.7568733153638814,0.6486206350440586,12031.912780067289,2008.0872199327114,leave_one_system_out
1239,2019-07-10 11:00:00,15760.0,853.23975,27.453753596300004,0.258819045102521,-0.9659258262890682,-0.1457991969198744,-0.9893142039703664,11.0,191,0.258819045102521,-0.9659258262890682,-0.14579919691987442,-0.9893142039703664,18550.0,max_ac,15760.0,0.8495956873315363,0.8495956873315363,0.6938249219204103,12870.452301623613,2889.5476983763874,leave_one_system_out
1239,2019-07-10 12:00:00,16170.0,860.8755,25.2963923126,1.2246467991473532e-16,-1.0,-0.1457991969198744,-0.9893142039703664,12.0,191,1.2246467991473532e-16,-1.0,-0.14579919691987442,-0.9893142039703664,18550.0,max_ac,16170.0,0.8716981132075472,0.8716981132075472,0.690255028886331,12804.230785841439,3365.769214158561,leave_one_system_out
1239,2019-07-10 13:00:00,16635.0,911.773,25.702920122900004,-0.2588190451025208,-0.9659258262890684,-0.1457991969198744,-0.9893142039703664,13.0,191,-0.2588190451025208,-0.9659258262890683,-0.14579919691987442,-0.9893142039703664,18550.0,max_ac,16635.0,0.8967654986522912,0.8967654986522912,0.7043514898412107,13065.720136554457,3569.279863445543,leave_one_system_out
1239,2019-07-10 14:00:00,15850.0,858.5844999999999,28.1033369816,-0.4999999999999997,-0.8660254037844388,-0.1457991969198744,-0.9893142039703664,14.0,191,-0.4999999999999997,-0.8660254037844388,-0.14579919691987442,-0.9893142039703664,18550.0,max_ac,15850.0,0.8544474393530997,0.8544474393530997,0.6739411609091395,12501.608534864537,3348.3914651354626,leave_one_system_out
1239,2019-07-10 15:00:00,12910.0,702.6412500000001,29.9988926888,-0.7071067811865471,-0.7071067811865479,-0.1457991969198744,-0.9893142039703664,15.0,191,-0.7071067811865471,-0.7071067811865479,-0.14579919691987442,-0.9893142039703664,18550.0,max_ac,12910.0,0.6959568733153639,0.6959568733153639,0.5793723441534346,10747.356984046213,2162.6430159537867,leave_one_system_out
1239,2019-07-10 16:00:00,9650.0,549.09725,28.571670352400005,-0.8660254037844385,-0.5000000000000004,-0.1457991969198744,-0.9893142039703664,16.0,191,-0.8660254037844385,-0.5000000000000004,-0.14579919691987442,-0.9893142039703664,18550.0,max_ac,9650.0,0.5202156334231806,0.5202156334231806,0.4755250482457626,8820.989644958896,829.010355041104,leave_one_system_out
1239,2019-07-10 17:00:00,5780.0,367.4755,27.62250360980001,-0.9659258262890684,-0.2588190451025206,-0.1457991969198744,-0.9893142039703664,17.0,191,-0.9659258262890683,-0.25881904510252063,-0.14579919691987442,-0.9893142039703664,18550.0,max_ac,5780.0,0.3115902964959569,0.3115902964959569,0.3389303369585207,6287.157750580559,-507.15775058055897,leave_one_system_out
1239,2019-07-10 18:00:00,2795.0,260.88075,26.321670172400005,-1.0,-1.8369701987210287e-16,-0.1457991969198744,-0.9893142039703664,18.0,191,-1.0,-1.8369701987210297e-16,-0.14579919691987442,-0.9893142039703664,18550.0,max_ac,2795.0,0.15067385444743936,0.15067385444743936,0.2688351323848779,4986.891705739485,-2191.8917057394847,leave_one_system_out
1239,2019-07-11 06:00:00,1610.25,112.8345,13.019863552700002,1.0,6.123233995736766e-17,-0.1628070129385164,-0.9866579328916572,6.0,192,1.0,6.123233995736766e-17,-0.16280701293851646,-0.9866579328916572,18550.0,max_ac,1610.25,0.08680592991913746,0.08680592991913746,0.09829663123893362,1823.4025094822186,-213.15250948221865,leave_one_system_out
1239,2019-07-11 07:00:00,2820.0,158.1255,14.817085918700002,0.9659258262890684,-0.2588190451025206,-0.1628070129385164,-0.9866579328916572,7.0,192,0.9659258262890683,-0.25881904510252063,-0.16280701293851646,-0.9866579328916572,18550.0,max_ac,2820.0,0.15202156334231806,0.15202156334231806,0.2071246704943862,3842.162637670864,-1022.1626376708641,leave_one_system_out
1239,2019-07-11 08:00:00,7590.0,415.27525,16.889863862300004,0.8660254037844387,-0.4999999999999998,-0.1628070129385164,-0.9866579328916572,8.0,192,0.8660254037844387,-0.4999999999999998,-0.16280701293851646,-0.9866579328916572,18550.0,max_ac,7590.0,0.4091644204851752,0.4091644204851752,0.41159024846567616,7634.999109038293,-44.99910903829277,leave_one_system_out
1239,2019-07-11 09:00:00,9035.0,489.36375,19.554864075500003,0.7071067811865476,-0.7071067811865475,-0.1628070129385164,-0.9866579328916572,9.0,192,0.7071067811865476,-0.7071067811865475,-0.16280701293851646,-0.9866579328916572,18550.0,max_ac,9035.0,0.48706199460916444,0.48706199460916444,0.5035975760945783,9341.735036554428,-306.735036554428,leave_one_system_out
1239,2019-07-11 10:00:00,11725.0,661.40825,23.265697705700006,0.4999999999999999,-0.8660254037844387,-0.1628070129385164,-0.9866579328916572,10.0,192,0.49999999999999994,-0.8660254037844387,-0.16280701293851646,-0.9866579328916572,18550.0,max_ac,11725.0,0.6320754716981132,0.6320754716981132,0.6084869634451475,11287.433171907487,437.5668280925129,leave_one_system_out
1239,2019-07-11 11:00:00,13545.0,725.8100000000001,23.6594477372,0.258819045102521,-0.9659258262890682,-0.1628070129385164,-0.9866579328916572,11.0,192,0.258819045102521,-0.9659258262890682,-0.16280701293851646,-0.9866579328916572,18550.0,max_ac,13545.0,0.730188679245283,0.730188679245283,0.6421753825506611,11912.353346314763,1632.6466536852367,leave_one_system_out
1239,2019-07-11 12:00:00,15480.0,825.1399999999999,24.1533366656,1.2246467991473532e-16,-1.0,-0.1628070129385164,-0.9866579328916572,12.0,192,1.2246467991473532e-16,-1.0,-0.16280701293851646,-0.9866579328916572,18550.0,max_ac,15480.0,0.8345013477088948,0.8345013477088948,0.6746279474674219,12514.348425520677,2965.6515744793232,leave_one_system_out
1239,2019-07-11 13:00:00,13390.0,732.704,25.168336746800005,-0.2588190451025208,-0.9659258262890684,-0.1628070129385164,-0.9866579328916572,13.0,192,-0.2588190451025208,-0.9659258262890683,-0.16280701293851646,-0.9866579328916572,18550.0,max_ac,13390.0,0.721832884097035,0.721832884097035,0.6170845284622128,11446.91800297405,1943.0819970259508,leave_one_system_out
1239,2019-07-11 14:00:00,12190.0,667.93125,26.408614623800005,-0.4999999999999997,-0.8660254037844388,-0.1628070129385164,-0.9866579328916572,14.0,192,-0.4999999999999997,-0.8660254037844388,-0.16280701293851646,-0.9866579328916572,18550.0,max_ac,12190.0,0.6571428571428571,0.6571428571428571,0.5621702480817008,10428.25810191555,1761.7418980844504,leave_one_system_out
1239,2019-07-11 15:00:00,6255.0,341.8195,25.150142300900004,-0.7071067811865471,-0.7071067811865479,-0.1628070129385164,-0.9866579328916572,15.0,192,-0.7071067811865471,-0.7071067811865479,-0.16280701293851646,-0.9866579328916572,18550.0,max_ac,6255.0,0.3371967654986523,0.3371967654986523,0.32236195134645207,5979.814197476686,275.1858025233141,leave_one_system_out
1239,2019-07-11 16:00:00,8570.0,482.12075,25.070003405600005,-0.8660254037844385,-0.5000000000000004,-0.1628070129385164,-0.9866579328916572,16.0,192,-0.8660254037844385,-0.5000000000000004,-0.16280701293851646,-0.9866579328916572,18550.0,max_ac,8570.0,0.4619946091644205,0.4619946091644205,0.4179608225444835,7753.17325820017,816.8267417998304,leave_one_system_out
1239,2019-07-11 17:00:00,4290.0,257.19350000000003,23.250419926700005,-0.9659258262890684,-0.2588190451025206,-0.1628070129385164,-0.9866579328916572,17.0,192,-0.9659258262890683,-0.25881904510252063,-0.16280701293851646,-0.9866579328916572,18550.0,max_ac,4290.0,0.231266846361186,0.231266846361186,0.22928114792168625,4253.16529394728,36.83470605272032,leave_one_system_out
1239,2019-07-11 18:00:00,2220.0,146.148,21.793336476800004,-1.0,-1.8369701987210287e-16,-0.1628070129385164,-0.9866579328916572,18.0,192,-1.0,-1.8369701987210297e-16,-0.16280701293851646,-0.9866579328916572,18550.0,max_ac,2220.0,0.1196765498652291,0.1196765498652291,0.1408562174056912,2612.8828328755717,-392.8828328755717,leave_one_system_out
1239,2019-07-12 06:00:00,55.0,32.52825,15.951947120600003,1.0,6.123233995736766e-17,-0.1797665857255621,-0.9837092937736098,6.0,193,1.0,6.123233995736766e-17,-0.17976658572556214,-0.9837092937736098,18550.0,max_ac,55.0,0.0029649595687331535,0.0029649595687331535,0.054090733462613005,1003.3831057314712,-948.3831057314712,leave_one_system_out
1239,2019-07-12 07:00:00,280.0,44.3745,15.866113780400005,0.9659258262890684,-0.2588190451025206,-0.1797665857255621,-0.9837092937736098,7.0,193,0.9659258262890683,-0.25881904510252063,-0.17976658572556214,-0.9837092937736098,18550.0,max_ac,280.0,0.01509433962264151,0.01509433962264151,0.14870837924889121,2758.540435066932,-2478.540435066932,leave_one_system_out
1239,2019-07-12 08:00:00,1075.0,72.75750000000001,15.594724869800004,0.8660254037844387,-0.4999999999999998,-0.1797665857255621,-0.9837092937736098,8.0,193,0.8660254037844387,-0.4999999999999998,-0.17976658572556214,-0.9837092937736098,18550.0,max_ac,1075.0,0.057951482479784364,0.057951482479784364,0.2521078842319088,4676.601252501908,-3601.6012525019078,leave_one_system_out
1239,2019-07-12 09:00:00,1205.0,78.10300000000001,15.8998637831,0.7071067811865476,-0.7071067811865475,-0.1797665857255621,-0.9837092937736098,9.0,193,0.7071067811865476,-0.7071067811865475,-0.17976658572556214,-0.9837092937736098,18550.0,max_ac,1205.0,0.06495956873315364,0.06495956873315364,0.32946875867173386,6111.645473360663,-4906.645473360663,leave_one_system_out
1239,2019-07-12 10:00:00,4355.0,224.7745,16.889863862300004,0.4999999999999999,-0.8660254037844387,-0.1797665857255621,-0.9837092937736098,10.0,193,0.49999999999999994,-0.8660254037844387,-0.17976658572556214,-0.9837092937736098,18550.0,max_ac,4355.0,0.23477088948787062,0.23477088948787062,0.4307995894993984,7991.33238521384,-3636.33238521384,leave_one_system_out
1239,2019-07-12 11:00:00,3275.0,179.5925,17.6872250372,0.258819045102521,-0.9659258262890682,-0.1797665857255621,-0.9837092937736098,11.0,193,0.258819045102521,-0.9659258262890682,-0.17976658572556214,-0.9837092937736098,18550.0,max_ac,3275.0,0.1765498652291105,0.1765498652291105,0.41954065096003873,7782.479075308718,-4507.479075308718,leave_one_system_out
1239,2019-07-12 12:00:00,4005.0,217.1825,17.905280610200002,1.2246467991473532e-16,-1.0,-0.1797665857255621,-0.9837092937736098,12.0,193,1.2246467991473532e-16,-1.0,-0.17976658572556214,-0.9837092937736098,18550.0,max_ac,4005.0,0.21590296495956873,0.21590296495956873,0.4025924249276447,7468.089482407809,-3463.0894824078086,leave_one_system_out
1239,2019-07-12 13:00:00,5635.0,294.65225,18.7066695632,-0.2588190451025208,-0.9659258262890684,-0.1797665857255621,-0.9837092937736098,13.0,193,-0.2588190451025208,-0.9659258262890683,-0.17976658572556214,-0.9837092937736098,18550.0,max_ac,5635.0,0.30377358490566037,0.30377358490566037,0.3862311971101983,7164.588706394179,-1529.588706394179,leave_one_system_out
1239,2019-07-12 14:00:00,1855.0,114.71075,18.5295862157,-0.4999999999999997,-0.8660254037844388,-0.1797665857255621,-0.9837092937736098,14.0,193,-0.4999999999999997,-0.8660254037844388,-0.17976658572556214,-0.9837092937736098,18550.0,max_ac,1855.0,0.1,0.1,0.21636383893375175,4013.549212221095,-2158.549212221095,leave_one_system_out
1239,2019-07-12 15:00:00,1860.0,117.30675,18.182225076800005,-0.7071067811865471,-0.7071067811865479,-0.1797665857255621,-0.9837092937736098,15.0,193,-0.7071067811865471,-0.7071067811865479,-0.17976658572556214,-0.9837092937736098,18550.0,max_ac,1860.0,0.10026954177897573,0.10026954177897573,0.14648995345887147,2717.388636662066,-857.3886366620659,leave_one_system_out
1239,2019-07-12 16:00:00,3440.0,193.90425,19.4675029574,-0.8660254037844385,-0.5000000000000004,-0.1797665857255621,-0.9837092937736098,16.0,193,-0.8660254037844385,-0.5000000000000004,-0.17976658572556214,-0.9837092937736098,18550.0,max_ac,3440.0,0.18544474393530996,0.18544474393530996,0.16760853531185496,3109.1383300349094,330.86166996509064,leave_one_system_out
1239,2019-07-12 17:00:00,655.0,62.286,18.862919575700005,-0.9659258262890684,-0.2588190451025206,-0.1797665857255621,-0.9837092937736098,17.0,193,-0.9659258262890683,-0.25881904510252063,-0.17976658572556214,-0.9837092937736098,18550.0,max_ac,655.0,0.035309973045822104,0.035309973045822104,0.032810234108367975,608.629842710226,46.370157289774056,leave_one_system_out
1239,2019-07-12 18:00:00,660.0,60.039,18.518336214800005,-1.0,-1.8369701987210287e-16,-0.1797665857255621,-0.9837092937736098,18.0,193,-1.0,-1.8369701987210297e-16,-0.17976658572556214,-0.9837092937736098,18550.0,max_ac,660.0,0.03557951482479784,0.03557951482479784,0.042465011431503996,787.7259620543991,-127.72596205439913,leave_one_system_out
1239,2019-07-13 06:00:00,295.0,37.37175,17.7758361554,1.0,6.123233995736766e-17,-0.1966728897935762,-0.980469160361632,6.0,194,1.0,6.123233995736766e-17,-0.19667288979357622,-0.9804691603616321,18550.0,max_ac,295.0,0.015902964959568732,0.015902964959568732,0.06185739564513737,1147.4546892172982,-852.4546892172982,leave_one_system_out
1239,2019-07-13 07:00:00,2435.0,138.35975,19.096252927700004,0.9659258262890684,-0.2588190451025206,-0.1966728897935762,-0.980469160361632,7.0,194,0.9659258262890683,-0.25881904510252063,-0.19667288979357622,-0.9804691603616321,18550.0,max_ac,2435.0,0.131266846361186,0.131266846361186,0.20825123361902423,3863.0603836328996,-1428.0603836328996,leave_one_system_out
1239,2019-07-13 08:00:00,6350.0,367.78075,23.661114404000003,0.8660254037844387,-0.4999999999999998,-0.1966728897935762,-0.980469160361632,8.0,194,0.8660254037844387,-0.4999999999999998,-0.19667288979357622,-0.9804691603616321,18550.0,max_ac,6350.0,0.3423180592991914,0.3423180592991914,0.4071445143339938,7552.530740895585,-1202.530740895585,leave_one_system_out
1239,2019-07-13 09:00:00,5545.0,312.149,24.953336729600004,0.7071067811865476,-0.7071067811865475,-0.1966728897935762,-0.980469160361632,9.0,194,0.7071067811865476,-0.7071067811865475,-0.19667288979357622,-0.9804691603616321,18550.0,max_ac,5545.0,0.298921832884097,0.298921832884097,0.45016266886778905,8350.517507497487,-2805.517507497487,leave_one_system_out
1239,2019-07-13 10:00:00,10110.0,566.201,25.08819785150001,0.4999999999999999,-0.8660254037844387,-0.1966728897935762,-0.980469160361632,10.0,194,0.49999999999999994,-0.8660254037844387,-0.19667288979357622,-0.9804691603616321,18550.0,max_ac,10110.0,0.5450134770889488,0.5450134770889488,0.5784111693747229,10729.52719190111,-619.5271919011102,leave_one_system_out
1239,2019-07-13 11:00:00,9270.0,523.79,28.559031462500005,0.258819045102521,-0.9659258262890682,-0.1966728897935762,-0.980469160361632,11.0,194,0.258819045102521,-0.9659258262890682,-0.19667288979357622,-0.9804691603616321,18550.0,max_ac,9270.0,0.49973045822102424,0.49973045822102424,0.578958669293959,10739.68331540294,-1469.6833154029391,leave_one_system_out
1239,2019-07-13 12:00:00,10935.0,621.4402499999999,27.808059180200004,1.2246467991473532e-16,-1.0,-0.1966728897935762,-0.980469160361632,12.0,194,1.2246467991473532e-16,-1.0,-0.19667288979357622,-0.9804691603616321,18550.0,max_ac,10935.0,0.5894878706199461,0.5894878706199461,0.5969931960711184,11074.223787119246,-139.22378711924648,leave_one_system_out
1239,2019-07-13 13:00:00,9985.0,531.993,28.15958698610001,-0.2588190451025208,-0.9659258262890684,-0.1966728897935762,-0.980469160361632,13.0,194,-0.2588190451025208,-0.9659258262890683,-0.19667288979357622,-0.9804691603616321,18550.0,max_ac,9985.0,0.5382749326145553,0.5382749326145553,0.5247636515240978,9734.365735772013,250.63426422798693,leave_one_system_out
1239,2019-07-13 14:00:00,12840.0,726.0717500000001,29.847087121100003,-0.4999999999999997,-0.8660254037844388,-0.1966728897935762,-0.980469160361632,14.0,194,-0.4999999999999997,-0.8660254037844388,-0.19667288979357622,-0.9804691603616321,18550.0,max_ac,12840.0,0.6921832884097036,0.6921832884097036,0.5995882940096725,11122.362853879426,1717.6371461205745,leave_one_system_out
1239,2019-07-13 15:00:00,10090.0,574.5129999999999,31.109864999900005,-0.7071067811865471,-0.7071067811865479,-0.1966728897935762,-0.980469160361632,15.0,194,-0.7071067811865471,-0.7071067811865479,-0.19667288979357622,-0.9804691603616321,18550.0,max_ac,10090.0,0.5439353099730458,0.5439353099730458,0.4921904103180166,9130.132111399207,959.8678886007929,leave_one_system_out
1239,2019-07-13 16:00:00,3600.0,217.8805,31.37986502150001,-0.8660254037844385,-0.5000000000000004,-0.1966728897935762,-0.980469160361632,16.0,194,-0.8660254037844385,-0.5000000000000004,-0.19667288979357622,-0.9804691603616321,18550.0,max_ac,3600.0,0.1940700808625337,0.1940700808625337,0.20678248744264638,3835.8151420610902,-235.81514206109023,leave_one_system_out
1239,2019-07-13 17:00:00,5636.0,373.977,30.754031638100003,-0.9659258262890684,-0.2588190451025206,-0.1966728897935762,-0.980469160361632,17.0,194,-0.9659258262890683,-0.25881904510252063,-0.19667288979357622,-0.9804691603616321,18550.0,max_ac,5636.0,0.30382749326145553,0.30382749326145553,0.3466702188222624,6430.732559152968,-794.732559152968,leave_one_system_out
1239,2019-07-13 18:00:00,2830.0,261.2515,29.8245871193,-1.0,-1.8369701987210287e-16,-0.1966728897935762,-0.980469160361632,18.0,194,-1.0,-1.8369701987210297e-16,-0.19667288979357622,-0.9804691603616321,18550.0,max_ac,2830.0,0.15256064690026955,0.15256064690026955,0.2703575700889602,5015.132925150212,-2185.132925150212,leave_one_system_out
1239,2019-07-14 06:00:00,1700.0,117.32875,18.367919536100008,1.0,6.123233995736766e-17,-0.2135209154397959,-0.9769384927771816,6.0,195,1.0,6.123233995736766e-17,-0.2135209154397959,-0.9769384927771817,18550.0,max_ac,1700.0,0.09164420485175202,0.09164420485175202,0.1138186678035249,2111.336287755387,-411.3362877553868,leave_one_system_out
1239,2019-07-14 07:00:00,4860.0,291.62,20.4266697008,0.9659258262890684,-0.2588190451025206,-0.2135209154397959,-0.9769384927771816,7.0,195,0.9659258262890683,-0.25881904510252063,-0.2135209154397959,-0.9769384927771817,18550.0,max_ac,4860.0,0.26199460916442047,0.26199460916442047,0.2921063750298559,5418.5732568038275,-558.5732568038275,leave_one_system_out
1239,2019-07-14 08:00:00,3760.0,207.73575,20.4575030366,0.8660254037844387,-0.4999999999999998,-0.2135209154397959,-0.9769384927771816,8.0,195,0.8660254037844387,-0.4999999999999998,-0.2135209154397959,-0.9769384927771817,18550.0,max_ac,3760.0,0.20269541778975741,0.20269541778975741,0.32747528813469506,6074.666594898594,-2314.6665948985938,leave_one_system_out
1239,2019-07-14 09:00:00,9200.0,493.269,21.391392000200007,0.7071067811865476,-0.7071067811865475,-0.2135209154397959,-0.9769384927771816,9.0,195,0.7071067811865476,-0.7071067811865475,-0.2135209154397959,-0.9769384927771817,18550.0,max_ac,9200.0,0.49595687331536387,0.49595687331536387,0.5089726928571532,9441.443452500193,-241.4434525001925,leave_one_system_out
1239,2019-07-14 10:00:00,6955.0,388.28825,21.821669812400003,0.4999999999999999,-0.8660254037844387,-0.2135209154397959,-0.9769384927771816,10.0,195,0.49999999999999994,-0.8660254037844387,-0.2135209154397959,-0.9769384927771817,18550.0,max_ac,6955.0,0.37493261455525606,0.37493261455525606,0.5057378262893643,9381.436677667707,-2426.436677667707,leave_one_system_out
1239,2019-07-14 11:00:00,14595.0,774.3952499999999,23.451392165,0.258819045102521,-0.9659258262890682,-0.2135209154397959,-0.9769384927771816,11.0,195,0.258819045102521,-0.9659258262890682,-0.2135209154397959,-0.9769384927771817,18550.0,max_ac,14595.0,0.7867924528301887,0.7867924528301887,0.6605615307304028,12253.416395048973,2341.583604951027,leave_one_system_out
1239,2019-07-14 12:00:00,12706.25,693.10725,25.023614513,1.2246467991473532e-16,-1.0,-0.2135209154397959,-0.9769384927771816,12.0,195,1.2246467991473532e-16,-1.0,-0.2135209154397959,-0.9769384927771817,18550.0,max_ac,12706.25,0.6849730458221024,0.6849730458221024,0.621501827874205,11528.858907066504,1177.391092933496,leave_one_system_out
1239,2019-07-14 13:00:00,13580.0,726.5735,25.430003434400007,-0.2588190451025208,-0.9659258262890684,-0.2135209154397959,-0.9769384927771816,13.0,195,-0.2588190451025208,-0.9659258262890683,-0.2135209154397959,-0.9769384927771817,18550.0,max_ac,13580.0,0.7320754716981132,0.7320754716981132,0.6149876890884471,11408.021632590695,2171.978367409305,leave_one_system_out
1239,2019-07-14 14:00:00,2600.0,146.01725,19.1581973771,-0.4999999999999997,-0.8660254037844388,-0.2135209154397959,-0.9769384927771816,14.0,195,-0.4999999999999997,-0.8660254037844388,-0.2135209154397959,-0.9769384927771817,18550.0,max_ac,2600.0,0.14016172506738545,0.14016172506738545,0.23566089317890157,4371.509568468624,-1771.509568468624,leave_one_system_out
1239,2019-07-14 15:00:00,5435.0,289.52575,19.485836292200005,-0.7071067811865471,-0.7071067811865479,-0.2135209154397959,-0.9769384927771816,15.0,195,-0.7071067811865471,-0.7071067811865479,-0.2135209154397959,-0.9769384927771817,18550.0,max_ac,5435.0,0.29299191374663075,0.29299191374663075,0.27379703757271656,5078.935046973892,356.064953026108,leave_one_system_out
1239,2019-07-14 16:00:00,8925.0,481.6625,25.151531189900005,-0.8660254037844385,-0.5000000000000004,-0.2135209154397959,-0.9769384927771816,16.0,195,-0.8660254037844385,-0.5000000000000004,-0.2135209154397959,-0.9769384927771817,18550.0,max_ac,8925.0,0.4811320754716981,0.4811320754716981,0.4177696268872528,7749.626578758539,1175.373421241461,leave_one_system_out
1239,2019-07-14 17:00:00,3345.0,208.434,23.451392165000005,-0.9659258262890684,-0.2588190451025206,-0.2135209154397959,-0.9769384927771816,17.0,195,-0.9659258262890683,-0.25881904510252063,-0.2135209154397959,-0.9769384927771817,18550.0,max_ac,3345.0,0.18032345013477089,0.18032345013477089,0.18127240330042008,3362.6030812227923,-17.603081222792298,leave_one_system_out
1239,2019-07-14 18:00:00,2430.0,185.50475,23.399447716400005,-1.0,-1.8369701987210287e-16,-0.2135209154397959,-0.9769384927771816,18.0,195,-1.0,-1.8369701987210297e-16,-0.2135209154397959,-0.9769384927771817,18550.0,max_ac,2430.0,0.13099730458221023,0.13099730458221023,0.18445987301498026,3421.730644427884,-991.7306444278838,leave_one_system_out
1239,2019-07-15 06:00:00,5.0,29.845,15.698752655900002,1.0,6.123233995736766e-17,-0.2303056702306119,-0.973118337233262,6.0,196,1.0,6.123233995736766e-17,-0.23030567023061196,-0.973118337233262,18550.0,max_ac,5.0,0.00026954177897574127,0.00026954177897574127,0.049498771043111955,918.2022028497267,-913.2022028497267,leave_one_system_out
1239,2019-07-15 07:00:00,3270.0,195.32225,17.126113881200002,0.9659258262890684,-0.2588190451025206,-0.2303056702306119,-0.973118337233262,7.0,196,0.9659258262890683,-0.25881904510252063,-0.23030567023061196,-0.973118337233262,18550.0,max_ac,3270.0,0.17628032345013478,0.17628032345013478,0.23162741436282558,4296.688536430414,-1026.6885364304144,leave_one_system_out
1239,2019-07-15 08:00:00,8455.0,468.07075,20.15514190130001,0.8660254037844387,-0.4999999999999998,-0.2303056702306119,-0.973118337233262,8.0,196,0.8660254037844387,-0.4999999999999998,-0.23030567023061196,-0.973118337233262,18550.0,max_ac,8455.0,0.45579514824797845,0.45579514824797845,0.4421671195445527,8202.200067551452,252.79993244854813,leave_one_system_out
1239,2019-07-15 09:00:00,4480.0,243.602,20.135419677500003,0.7071067811865476,-0.7071067811865475,-0.2303056702306119,-0.973118337233262,9.0,196,0.7071067811865476,-0.7071067811865475,-0.23030567023061196,-0.973118337233262,18550.0,max_ac,4480.0,0.24150943396226415,0.24150943396226415,0.407422711892795,7557.691305611347,-3077.691305611347,leave_one_system_out
1239,2019-07-15 10:00:00,5975.0,323.27575,21.079169753,0.4999999999999999,-0.8660254037844387,-0.2303056702306119,-0.973118337233262,10.0,196,0.49999999999999994,-0.8660254037844387,-0.23030567023061196,-0.973118337233262,18550.0,max_ac,5975.0,0.3221024258760108,0.3221024258760108,0.47905384003217244,8886.448732596798,-2911.4487325967984,leave_one_system_out
1239,2019-07-15 11:00:00,8365.0,443.942,22.5641698718,0.258819045102521,-0.9659258262890682,-0.2303056702306119,-0.973118337233262,11.0,196,0.258819045102521,-0.9659258262890682,-0.23030567023061196,-0.973118337233262,18550.0,max_ac,8365.0,0.4509433962264151,0.4509433962264151,0.5337858967011071,9901.728383805537,-1536.7283838055373,leave_one_system_out
1239,2019-07-15 12:00:00,9230.0,468.682,23.978753318300004,1.2246467991473532e-16,-1.0,-0.2303056702306119,-0.973118337233262,12.0,196,1.2246467991473532e-16,-1.0,-0.23030567023061196,-0.973118337233262,18550.0,max_ac,9230.0,0.49757412398921835,0.49757412398921835,0.525239112125611,9743.185529930084,-513.1855299300842,leave_one_system_out
1239,2019-07-15 13:00:00,12250.0,706.0225,24.690420041900005,-0.2588190451025208,-0.9659258262890684,-0.2303056702306119,-0.973118337233262,13.0,196,-0.2588190451025208,-0.9659258262890683,-0.23030567023061196,-0.973118337233262,18550.0,max_ac,12250.0,0.660377358490566,0.660377358490566,0.604018792777872,11204.548606029524,1045.4513939704757,leave_one_system_out
1239,2019-07-15 14:00:00,15245.0,854.134,26.564864636300005,-0.4999999999999997,-0.8660254037844388,-0.2303056702306119,-0.973118337233262,14.0,196,-0.4999999999999997,-0.8660254037844388,-0.23030567023061196,-0.973118337233262,18550.0,max_ac,15245.0,0.821832884097035,0.821832884097035,0.6731839251559103,12487.561811642136,2757.4381883578644,leave_one_system_out
1239,2019-07-15 15:00:00,9865.75,547.6137499999999,26.660420199500003,-0.7071067811865471,-0.7071067811865479,-0.2303056702306119,-0.973118337233262,15.0,196,-0.7071067811865471,-0.7071067811865479,-0.23030567023061196,-0.973118337233262,18550.0,max_ac,9865.75,0.5318463611859838,0.5318463611859838,0.46917369650223995,8703.17207011655,1162.5779298834495,leave_one_system_out
1239,2019-07-15 16:00:00,6855.0,389.37925,26.598475750100004,-0.8660254037844385,-0.5000000000000004,-0.2303056702306119,-0.973118337233262,16.0,196,-0.8660254037844385,-0.5000000000000004,-0.23030567023061196,-0.973118337233262,18550.0,max_ac,6855.0,0.36954177897574125,0.36954177897574125,0.3413992488028913,6332.956065293633,522.0439347063666,leave_one_system_out
1239,2019-07-15 17:00:00,4310.0,263.52025,25.382225652800003,-0.9659258262890684,-0.2588190451025206,-0.2303056702306119,-0.973118337233262,17.0,196,-0.9659258262890683,-0.25881904510252063,-0.23030567023061196,-0.973118337233262,18550.0,max_ac,4310.0,0.23234501347708894,0.23234501347708894,0.23641579692343623,4385.513032929742,-75.51303292974171,leave_one_system_out
1239,2019-07-15 18:00:00,2690.0,225.778,25.958892365600004,-1.0,-1.8369701987210287e-16,-0.2303056702306119,-0.973118337233262,18.0,196,-1.0,-1.8369701987210297e-16,-0.23030567023061196,-0.973118337233262,18550.0,max_ac,2690.0,0.1450134770889488,0.1450134770889488,0.2297646079864837,4262.133478149272,-1572.1334781492724,leave_one_system_out
1239,2019-07-16 06:00:00,1800.0,148.22075,16.4483360492,1.0,6.123233995736766e-17,-0.2470221804809352,-0.9690098257244064,6.0,197,1.0,6.123233995736766e-17,-0.24702218048093527,-0.9690098257244063,18550.0,max_ac,1800.0,0.09703504043126684,0.09703504043126684,0.12763805376761483,2367.6858973892554,-567.6858973892554,leave_one_system_out
1239,2019-07-16 07:00:00,4770.0,305.4735,20.364586362500003,0.9659258262890684,-0.2588190451025206,-0.2470221804809352,-0.9690098257244064,7.0,197,0.9659258262890683,-0.25881904510252063,-0.24702218048093527,-0.9690098257244063,18550.0,max_ac,4770.0,0.2571428571428571,0.2571428571428571,0.29837561261550527,5534.867614017623,-764.867614017623,leave_one_system_out
1239,2019-07-16 08:00:00,8120.0,463.51125,23.606114399600003,0.8660254037844387,-0.4999999999999998,-0.2470221804809352,-0.9690098257244064,8.0,197,0.8660254037844387,-0.4999999999999998,-0.24702218048093527,-0.9690098257244063,18550.0,max_ac,8120.0,0.4377358490566038,0.4377358490566038,0.44747702643370907,8300.698840345303,-180.69884034530332,leave_one_system_out
1239,2019-07-16 09:00:00,11160.0,620.69875,27.9766703048,0.7071067811865476,-0.7071067811865475,-0.2470221804809352,-0.9690098257244064,9.0,197,0.7071067811865476,-0.7071067811865475,-0.24702218048093527,-0.9690098257244063,18550.0,max_ac,11160.0,0.6016172506738544,0.6016172506738544,0.5711061634121166,10594.019331294763,565.9806687052369,leave_one_system_out
1239,2019-07-16 10:00:00,12875.0,735.2562499999999,30.717642746300008,0.4999999999999999,-0.8660254037844387,-0.2470221804809352,-0.9690098257244064,10.0,197,0.49999999999999994,-0.8660254037844387,-0.24702218048093527,-0.9690098257244063,18550.0,max_ac,12875.0,0.6940700808625337,0.6940700808625337,0.6478324208914146,12017.29140753574,857.7085924642597,leave_one_system_out
1239,2019-07-16 11:00:00,13980.0,805.7235,31.45708724990001,0.258819045102521,-0.9659258262890682,-0.2470221804809352,-0.9690098257244064,11.0,197,0.258819045102521,-0.9659258262890682,-0.24702218048093527,-0.9690098257244063,18550.0,max_ac,13980.0,0.7536388140161725,0.7536388140161725,0.6836966483935162,12682.572827699725,1297.4271723002748,leave_one_system_out
1239,2019-07-16 12:00:00,15225.0,831.46675,29.64167043800001,1.2246467991473532e-16,-1.0,-0.2470221804809352,-0.9690098257244064,12.0,197,1.2246467991473532e-16,-1.0,-0.24702218048093527,-0.9690098257244063,18550.0,max_ac,15225.0,0.8207547169811321,0.8207547169811321,0.6849153431347796,12705.179615150162,2519.820384849838,leave_one_system_out
1239,2019-07-16 13:00:00,12325.0,672.3815,29.498337093200004,-0.2588190451025208,-0.9659258262890684,-0.2470221804809352,-0.9690098257244064,13.0,197,-0.2588190451025208,-0.9659258262890683,-0.24702218048093527,-0.9690098257244063,18550.0,max_ac,12325.0,0.6644204851752021,0.6644204851752021,0.5938498323752148,11015.914390560236,1309.085609439764,leave_one_system_out
1239,2019-07-16 14:00:00,13455.0,734.9729999999998,31.403892801200005,-0.4999999999999997,-0.8660254037844388,-0.2470221804809352,-0.9690098257244064,14.0,197,-0.4999999999999997,-0.8660254037844388,-0.24702218048093527,-0.9690098257244063,18550.0,max_ac,13455.0,0.7253369272237197,0.7253369272237197,0.6063947395266108,11248.62241821863,2206.3775817813694,leave_one_system_out
1239,2019-07-16 15:00:00,10210.0,566.35375,31.534587256100004,-0.7071067811865471,-0.7071067811865479,-0.2470221804809352,-0.9690098257244064,15.0,197,-0.7071067811865471,-0.7071067811865479,-0.24702218048093527,-0.9690098257244063,18550.0,max_ac,10210.0,0.5504043126684636,0.5504043126684636,0.486710899043193,9028.48717725123,1181.5128227487694,leave_one_system_out
1239,2019-07-16 16:00:00,6445.0,365.381,29.32680930170001,-0.8660254037844385,-0.5000000000000004,-0.2470221804809352,-0.9690098257244064,16.0,197,-0.8660254037844385,-0.5000000000000004,-0.24702218048093527,-0.9690098257244063,18550.0,max_ac,6445.0,0.34743935309973045,0.34743935309973045,0.32389480955845135,6008.248717309272,436.75128269072775,leave_one_system_out
1239,2019-07-16 17:00:00,1885.0,122.761,27.390281369,-0.9659258262890684,-0.2588190451025206,-0.2470221804809352,-0.9690098257244064,17.0,197,-0.9659258262890683,-0.25881904510252063,-0.24702218048093527,-0.9690098257244063,18550.0,max_ac,1885.0,0.10161725067385445,0.10161725067385445,0.10205250233237473,1893.0739182655511,-8.073918265551129,leave_one_system_out
1239,2019-07-16 18:00:00,150.0,33.90275,25.569170112200005,-1.0,-1.8369701987210287e-16,-0.2470221804809352,-0.9690098257244064,18.0,197,-1.0,-1.8369701987210297e-16,-0.24702218048093527,-0.9690098257244063,18550.0,max_ac,150.0,0.008086253369272238,0.008086253369272238,0.01966908505597309,364.8615277883008,-214.8615277883008,leave_one_system_out
1239,2019-07-17 06:00:00,840.0,73.52125000000001,20.009030778500005,1.0,6.123233995736766e-17,-0.2636654927280072,-0.9646141756912436,6.0,198,1.0,6.123233995736766e-17,-0.2636654927280072,-0.9646141756912435,18550.0,max_ac,840.0,0.045283018867924525,0.045283018867924525,0.08817535956884537,1635.6529200020816,-795.6529200020816,leave_one_system_out
1239,2019-07-17 07:00:00,4515.0,301.2845,22.810281002600004,0.9659258262890684,-0.2588190451025206,-0.2636654927280072,-0.9646141756912436,7.0,198,0.9659258262890683,-0.25881904510252063,-0.2636654927280072,-0.9646141756912435,18550.0,max_ac,4515.0,0.24339622641509434,0.24339622641509434,0.3015271953738809,5593.329474185491,-1078.3294741854907,leave_one_system_out
1239,2019-07-17 08:00:00,8835.0,494.425,25.7519479046,0.8660254037844387,-0.4999999999999998,-0.2636654927280072,-0.9646141756912436,8.0,198,0.8660254037844387,-0.4999999999999998,-0.2636654927280072,-0.9646141756912435,18550.0,max_ac,8835.0,0.47628032345013477,0.47628032345013477,0.465242197173534,8630.242757569056,204.75724243094373,leave_one_system_out
1239,2019-07-17 09:00:00,10615.0,567.292,26.878336883600003,0.7071067811865476,-0.7071067811865475,-0.2636654927280072,-0.9646141756912436,9.0,198,0.7071067811865476,-0.7071067811865475,-0.2636654927280072,-0.9646141756912435,18550.0,max_ac,10615.0,0.5722371967654987,0.5722371967654987,0.5486560948541601,10177.57055954467,437.4294404553293,leave_one_system_out
1239,2019-07-17 10:00:00,6290.0,339.46325,27.311670251600003,0.4999999999999999,-0.8660254037844387,-0.2636654927280072,-0.9646141756912436,10.0,198,0.49999999999999994,-0.8660254037844387,-0.2636654927280072,-0.9646141756912435,18550.0,max_ac,6290.0,0.3390835579514825,0.3390835579514825,0.5021544125020976,9314.96435191391,-3024.96435191391,leave_one_system_out
1239,2019-07-17 11:00:00,8020.0,439.22975,28.942642604300005,0.258819045102521,-0.9659258262890682,-0.2636654927280072,-0.9646141756912436,11.0,198,0.258819045102521,-0.9659258262890682,-0.2636654927280072,-0.9646141756912435,18550.0,max_ac,8020.0,0.4323450134770889,0.4323450134770889,0.5475201683165425,10156.499122271864,-2136.4991222718636,leave_one_system_out
1239,2019-07-17 12:00:00,7510.0,395.92425,28.360698113300003,1.2246467991473532e-16,-1.0,-0.2636654927280072,-0.9646141756912436,12.0,198,1.2246467991473532e-16,-1.0,-0.2636654927280072,-0.9646141756912435,18550.0,max_ac,7510.0,0.4048517520215633,0.4048517520215633,0.5047414470523289,9362.953842820702,-1852.9538428207015,leave_one_system_out
1239,2019-07-17 13:00:00,6320.0,349.106,27.808059180200008,-0.2588190451025208,-0.9659258262890684,-0.2636654927280072,-0.9646141756912436,13.0,198,-0.2588190451025208,-0.9659258262890683,-0.2636654927280072,-0.9646141756912435,18550.0,max_ac,6320.0,0.3407008086253369,0.3407008086253369,0.43358862126201847,8043.068924410442,-1723.0689244104424,leave_one_system_out
1239,2019-07-17 14:00:00,8085.0,448.43625,28.792364814500004,-0.4999999999999997,-0.8660254037844388,-0.2636654927280072,-0.9646141756912436,14.0,198,-0.4999999999999997,-0.8660254037844388,-0.2636654927280072,-0.9646141756912435,18550.0,max_ac,8085.0,0.4358490566037736,0.4358490566037736,0.43626653144075955,8092.74415822609,-7.744158226089894,leave_one_system_out
1239,2019-07-17 15:00:00,5625.0,301.8735,25.677503454200007,-0.7071067811865471,-0.7071067811865479,-0.2636654927280072,-0.9646141756912436,15.0,198,-0.7071067811865471,-0.7071067811865479,-0.2636654927280072,-0.9646141756912435,18550.0,max_ac,5625.0,0.3032345013477089,0.3032345013477089,0.2922540002393102,5421.311704439204,203.68829556079618,leave_one_system_out
1239,2019-07-17 16:00:00,9605.0,531.862,28.667364804500004,-0.8660254037844385,-0.5000000000000004,-0.2636654927280072,-0.9646141756912436,16.0,198,-0.8660254037844385,-0.5000000000000004,-0.2636654927280072,-0.9646141756912435,18550.0,max_ac,9605.0,0.517789757412399,0.517789757412399,0.4618629939120159,8567.558537067895,1037.4414629321054,leave_one_system_out
1239,2019-07-17 17:00:00,3110.0,182.996,26.460836850200003,-0.9659258262890684,-0.2588190451025206,-0.2636654927280072,-0.9646141756912436,17.0,198,-0.9659258262890683,-0.25881904510252063,-0.2636654927280072,-0.9646141756912435,18550.0,max_ac,3110.0,0.16765498652291105,0.16765498652291105,0.15859269712702867,2941.8945317063817,168.1054682936183,leave_one_system_out
1239,2019-07-17 18:00:00,1545.0,113.5325,24.122364440900004,-1.0,-1.8369701987210287e-16,-0.2636654927280072,-0.9646141756912436,18.0,198,-1.0,-1.8369701987210297e-16,-0.2636654927280072,-0.9646141756912435,18550.0,max_ac,1545.0,0.08328840970350404,0.08328840970350404,0.10499427783474208,1947.6438538344655,-402.6438538344655,leave_one_system_out
1239,2019-07-18 06:00:00,1795.0,151.864,13.821391394600004,1.0,6.123233995736766e-17,-0.2802306751992161,-0.9599326896597444,6.0,199,1.0,6.123233995736766e-17,-0.2802306751992161,-0.9599326896597445,18550.0,max_ac,1795.0,0.0967654986522911,0.0967654986522911,0.12251026411805899,2272.565399389994,-477.5653993899941,leave_one_system_out
1239,2019-07-18 07:00:00,5030.0,324.01750000000004,16.1066693552,0.9659258262890684,-0.2588190451025206,-0.2802306751992161,-0.9599326896597444,7.0,199,0.9659258262890683,-0.25881904510252063,-0.2802306751992161,-0.9599326896597445,18550.0,max_ac,5030.0,0.2711590296495957,0.2711590296495957,0.29759682740372473,5520.421148339094,-490.42114833909363,leave_one_system_out
1239,2019-07-18 08:00:00,8765.0,489.86575,18.834725129,0.8660254037844387,-0.4999999999999998,-0.2802306751992161,-0.9599326896597444,8.0,199,0.8660254037844387,-0.4999999999999998,-0.2802306751992161,-0.9599326896597445,18550.0,max_ac,8765.0,0.4725067385444744,0.4725067385444744,0.44850055394919874,8319.685275757636,445.3147242423638,leave_one_system_out
1239,2019-07-18 09:00:00,11815.0,643.9765,22.274308737500004,0.7071067811865476,-0.7071067811865475,-0.2802306751992161,-0.9599326896597444,9.0,199,0.7071067811865476,-0.7071067811865475,-0.2802306751992161,-0.9599326896597445,18550.0,max_ac,11815.0,0.6369272237196766,0.6369272237196766,0.5691032357242457,10556.865022684759,1258.1349773152415,leave_one_system_out
1239,2019-07-18 10:00:00,13735.0,767.43575,27.0894480116,0.4999999999999999,-0.8660254037844387,-0.2802306751992161,-0.9599326896597444,10.0,199,0.49999999999999994,-0.8660254037844387,-0.2802306751992161,-0.9599326896597445,18550.0,max_ac,13735.0,0.7404312668463612,0.7404312668463612,0.6532853226842483,12118.442735792807,1616.557264207193,leave_one_system_out
1239,2019-07-18 11:00:00,16335.0,905.599,26.074031263700007,0.258819045102521,-0.9659258262890682,-0.2802306751992161,-0.9599326896597444,11.0,199,0.258819045102521,-0.9659258262890682,-0.2802306751992161,-0.9599326896597445,18550.0,max_ac,16335.0,0.8805929919137466,0.8805929919137466,0.714139974775741,13247.296532089995,3087.703467910005,leave_one_system_out
1239,2019-07-18 12:00:00,16080.0,879.4844999999999,25.41583676660001,1.2246467991473532e-16,-1.0,-0.2802306751992161,-0.9599326896597444,12.0,199,1.2246467991473532e-16,-1.0,-0.2802306751992161,-0.9599326896597445,18550.0,max_ac,16080.0,0.8668463611859838,0.8668463611859838,0.7010616497006996,13004.693601947978,3075.306398052022,leave_one_system_out
1239,2019-07-18 13:00:00,15625.0,861.0937499999999,25.98264236750001,-0.2588190451025208,-0.9659258262890684,-0.2802306751992161,-0.9599326896597444,13.0,199,-0.2588190451025208,-0.9659258262890683,-0.2802306751992161,-0.9599326896597445,18550.0,max_ac,15625.0,0.8423180592991913,0.8423180592991913,0.6831180944277075,12671.840651633975,2953.1593483660254,leave_one_system_out
1239,2019-07-18 14:00:00,13645.0,761.30525,28.134309206300003,-0.4999999999999997,-0.8660254037844388,-0.2802306751992161,-0.9599326896597444,14.0,199,-0.4999999999999997,-0.8660254037844388,-0.2802306751992161,-0.9599326896597445,18550.0,max_ac,13645.0,0.7355795148247979,0.7355795148247979,0.6197616858361689,11496.579272260933,2148.420727739067,leave_one_system_out
1239,2019-07-18 15:00:00,12985.0,731.4385,30.095976029900005,-0.7071067811865471,-0.7071067811865479,-0.2802306751992161,-0.9599326896597444,15.0,199,-0.7071067811865471,-0.7071067811865479,-0.2802306751992161,-0.9599326896597445,18550.0,max_ac,12985.0,0.7,0.7,0.6015641657397416,11159.015274472207,1825.9847255277928,leave_one_system_out
1239,2019-07-18 16:00:00,9875.0,564.2592500000001,28.557364795700003,-0.8660254037844385,-0.5000000000000004,-0.2802306751992161,-0.9599326896597444,16.0,199,-0.8660254037844385,-0.5000000000000004,-0.2802306751992161,-0.9599326896597445,18550.0,max_ac,9875.0,0.532345013477089,0.532345013477089,0.48898956622560663,9070.756453485003,804.2435465149974,leave_one_system_out
1239,2019-07-18 17:00:00,6285.0,412.461,28.005003640400005,-0.9659258262890684,-0.2588190451025206,-0.2802306751992161,-0.9599326896597444,17.0,199,-0.9659258262890683,-0.25881904510252063,-0.2802306751992161,-0.9599326896597445,18550.0,max_ac,6285.0,0.3388140161725067,0.3388140161725067,0.3819411364350361,7085.0080808699195,-800.0080808699195,leave_one_system_out
1239,2019-07-18 18:00:00,2455.0,245.30375,28.058475866900004,-1.0,-1.8369701987210287e-16,-0.2802306751992161,-0.9599326896597444,18.0,199,-1.0,-1.8369701987210297e-16,-0.2802306751992161,-0.9599326896597445,18550.0,max_ac,2455.0,0.13234501347708894,0.13234501347708894,0.25139719808443806,4663.418024466326,-2208.4180244663257,leave_one_system_out
1239,2019-07-19 06:00:00,2045.0,161.856,15.2122248392,1.0,6.123233995736766e-17,-0.2967128192734901,-0.9549667548552552,6.0,200,1.0,6.123233995736766e-17,-0.2967128192734901,-0.9549667548552553,18550.0,max_ac,2045.0,0.11024258760107816,0.11024258760107816,0.13186654674779907,2446.124442171673,-401.12444217167285,leave_one_system_out
1239,2019-07-19 07:00:00,2865.0,188.363,17.258197225100005,0.9659258262890684,-0.2588190451025206,-0.2967128192734901,-0.9549667548552552,7.0,200,0.9659258262890683,-0.25881904510252063,-0.2967128192734901,-0.9549667548552553,18550.0,max_ac,2865.0,0.15444743935309974,0.15444743935309974,0.22547920642708172,4182.639279222366,-1317.639279222366,leave_one_system_out
1239,2019-07-19 08:00:00,7924.5,443.50575,19.9119474374,0.8660254037844387,-0.4999999999999998,-0.2967128192734901,-0.9549667548552552,8.0,200,0.8660254037844387,-0.4999999999999998,-0.2967128192734901,-0.9549667548552553,18550.0,max_ac,7924.5,0.42719676549865226,0.42719676549865226,0.4291935067409903,7961.539550045371,-37.03955004537056,leave_one_system_out
1239,2019-07-19 09:00:00,11590.0,615.4625,23.69903107370001,0.7071067811865476,-0.7071067811865475,-0.2967128192734901,-0.9549667548552552,9.0,200,0.7071067811865476,-0.7071067811865475,-0.2967128192734901,-0.9549667548552553,18550.0,max_ac,11590.0,0.6247978436657682,0.6247978436657682,0.5602833952712447,10393.25698228159,1196.7430177184106,leave_one_system_out
1239,2019-07-19 10:00:00,8015.0,444.02925,25.079864517500003,0.4999999999999999,-0.8660254037844387,-0.2967128192734901,-0.9549667548552552,10.0,200,0.49999999999999994,-0.8660254037844387,-0.2967128192734901,-0.9549667548552553,18550.0,max_ac,8015.0,0.4320754716981132,0.4320754716981132,0.531731717743838,9863.623364148194,-1848.623364148194,leave_one_system_out
1239,2019-07-19 11:00:00,4530.0,249.536,23.850975530300005,0.258819045102521,-0.9659258262890682,-0.2967128192734901,-0.9549667548552552,11.0,200,0.258819045102521,-0.9659258262890682,-0.2967128192734901,-0.9549667548552553,18550.0,max_ac,4530.0,0.24420485175202156,0.24420485175202156,0.4604305121100916,8540.9859996422,-4010.9859996422,leave_one_system_out
1239,2019-07-19 12:00:00,7570.0,414.6425,24.289447787600004,1.2246467991473532e-16,-1.0,-0.2967128192734901,-0.9549667548552552,12.0,200,1.2246467991473532e-16,-1.0,-0.2967128192734901,-0.9549667548552553,18550.0,max_ac,7570.0,0.40808625336927223,0.40808625336927223,0.5005972204255497,9286.078438893946,-1716.0784388939464,leave_one_system_out
1239,2019-07-19 13:00:00,6825.0,372.14425000000006,25.843336800800003,-0.2588190451025208,-0.9659258262890684,-0.2967128192734901,-0.9549667548552552,13.0,200,-0.2588190451025208,-0.9659258262890683,-0.2967128192734901,-0.9549667548552553,18550.0,max_ac,6825.0,0.36792452830188677,0.36792452830188677,0.43854178693239404,8134.95014759591,-1309.9501475959096,leave_one_system_out
1239,2019-07-19 14:00:00,8480.0,467.5255,27.1455591272,-0.4999999999999997,-0.8660254037844388,-0.2967128192734901,-0.9549667548552552,14.0,200,-0.4999999999999997,-0.8660254037844388,-0.2967128192734901,-0.9549667548552553,18550.0,max_ac,8480.0,0.45714285714285713,0.45714285714285713,0.4437653428451557,8231.847109777638,248.15289022236175,leave_one_system_out
1239,2019-07-19 15:00:00,8100.0,451.35975,28.513892570000003,-0.7071067811865471,-0.7071067811865479,-0.2967128192734901,-0.9549667548552552,15.0,200,-0.7071067811865471,-0.7071067811865479,-0.2967128192734901,-0.9549667548552553,18550.0,max_ac,8100.0,0.4366576819407008,0.4366576819407008,0.40197763151900484,7456.68506467754,643.3149353224599,leave_one_system_out
1239,2019-07-19 16:00:00,6340.0,367.03925,28.27055921720001,-0.8660254037844385,-0.5000000000000004,-0.2967128192734901,-0.9549667548552552,16.0,200,-0.8660254037844385,-0.5000000000000004,-0.2967128192734901,-0.9549667548552553,18550.0,max_ac,6340.0,0.3417789757412399,0.3417789757412399,0.3231489149474265,5994.412372274761,345.58762772523914,leave_one_system_out
1239,2019-07-19 17:00:00,1640.0,113.6855,27.312920251700007,-0.9659258262890684,-0.2588190451025206,-0.2967128192734901,-0.9549667548552552,17.0,200,-0.9659258262890683,-0.25881904510252063,-0.2967128192734901,-0.9549667548552553,18550.0,max_ac,1640.0,0.08840970350404313,0.08840970350404313,0.09119476547083682,1691.662899484023,-51.662899484023,leave_one_system_out
1239,2019-07-19 18:00:00,1450.0,139.5595,24.312086678300005,-1.0,-1.8369701987210287e-16,-0.2967128192734901,-0.9549667548552552,18.0,200,-1.0,-1.8369701987210297e-16,-0.2967128192734901,-0.9549667548552553,18550.0,max_ac,1450.0,0.07816711590296496,0.07816711590296496,0.13305730076276034,2468.2129291492042,-1018.2129291492042,leave_one_system_out
1239,2019-07-20 06:00:00,1440.0,149.11525,22.6245865433,1.0,6.123233995736766e-17,-0.3131070409358267,-0.9497178427914316,6.0,201,1.0,6.123233995736766e-17,-0.3131070409358267,-0.9497178427914317,18550.0,max_ac,1440.0,0.07762803234501348,0.07762803234501348,0.1407093580078861,2610.158591046287,-1170.1585910462868,leave_one_system_out
1239,2019-07-20 07:00:00,4810.0,308.964,24.492086692700003,0.9659258262890684,-0.2588190451025206,-0.3131070409358267,-0.9497178427914316,7.0,201,0.9659258262890683,-0.25881904510252063,-0.3131070409358267,-0.9497178427914317,18550.0,max_ac,4810.0,0.25929919137466306,0.25929919137466306,0.3077075774607077,5707.975561896128,-897.975561896128,leave_one_system_out
1239,2019-07-20 08:00:00,8450.0,473.896,26.7743090975,0.8660254037844387,-0.4999999999999998,-0.3131070409358267,-0.9497178427914316,8.0,201,0.8660254037844387,-0.4999999999999998,-0.3131070409358267,-0.9497178427914317,18550.0,max_ac,8450.0,0.4555256064690027,0.4555256064690027,0.4571683494046628,8480.472881456495,-30.472881456495088,leave_one_system_out
1239,2019-07-20 09:00:00,11460.0,622.7492500000001,29.751392669000005,0.7071067811865476,-0.7071067811865475,-0.3131070409358267,-0.9497178427914316,9.0,201,0.7071067811865476,-0.7071067811865475,-0.3131070409358267,-0.9497178427914317,18550.0,max_ac,11460.0,0.6177897574123989,0.6177897574123989,0.5740605425136031,10648.823063627337,811.1769363726635,leave_one_system_out
1239,2019-07-20 10:00:00,14015.0,758.84,31.022781659600007,0.4999999999999999,-0.8660254037844387,-0.3131070409358267,-0.9497178427914316,10.0,201,0.49999999999999994,-0.8660254037844387,-0.3131070409358267,-0.9497178427914317,18550.0,max_ac,14015.0,0.7555256064690027,0.7555256064690027,0.6559125827068681,12167.178409212403,1847.8215907875965,leave_one_system_out
1239,2019-07-20 11:00:00,15200.0,833.6484999999999,32.683337348,0.258819045102521,-0.9659258262890682,-0.3131070409358267,-0.9497178427914316,11.0,201,0.258819045102521,-0.9659258262890682,-0.3131070409358267,-0.9497178427914317,18550.0,max_ac,15200.0,0.8194070080862533,0.8194070080862533,0.6951099192311236,12894.289001737343,2305.710998262657,leave_one_system_out
1239,2019-07-20 12:00:00,16170.0,888.27675,31.409309468300005,1.2246467991473532e-16,-1.0,-0.3131070409358267,-0.9497178427914316,12.0,201,1.2246467991473532e-16,-1.0,-0.3131070409358267,-0.9497178427914317,18550.0,max_ac,16170.0,0.8716981132075472,0.8716981132075472,0.7103034082694316,13176.128223397956,2993.8717766020436,leave_one_system_out
1239,2019-07-20 13:00:00,13395.0,727.09725,31.29694834820001,-0.2588190451025208,-0.9659258262890684,-0.3131070409358267,-0.9497178427914316,13.0,201,-0.2588190451025208,-0.9659258262890683,-0.3131070409358267,-0.9497178427914317,18550.0,max_ac,13395.0,0.7221024258760108,0.7221024258760108,0.6219527749386445,11537.223975111856,1857.776024888144,leave_one_system_out
1239,2019-07-20 14:00:00,14420.0,808.49425,33.4258374074,-0.4999999999999997,-0.8660254037844388,-0.3131070409358267,-0.9497178427914316,14.0,201,-0.4999999999999997,-0.8660254037844388,-0.3131070409358267,-0.9497178427914317,18550.0,max_ac,14420.0,0.7773584905660378,0.7773584905660378,0.6505694392491618,12068.06309807195,2351.9369019280493,leave_one_system_out
1239,2019-07-20 15:00:00,12080.0,676.5485,34.439865266300004,-0.7071067811865471,-0.7071067811865479,-0.3131070409358267,-0.9497178427914316,15.0,201,-0.7071067811865471,-0.7071067811865479,-0.3131070409358267,-0.9497178427914317,18550.0,max_ac,12080.0,0.6512129380053908,0.6512129380053908,0.5648852556189793,10478.621491732065,1601.378508267935,leave_one_system_out
1239,2019-07-20 16:00:00,8675.0,502.781,33.245837393,-0.8660254037844385,-0.5000000000000004,-0.3131070409358267,-0.9497178427914316,16.0,201,-0.8660254037844385,-0.5000000000000004,-0.3131070409358267,-0.9497178427914317,18550.0,max_ac,8675.0,0.46765498652291104,0.46765498652291104,0.4396970874778983,8156.380972715014,518.6190272849863,leave_one_system_out
1239,2019-07-20 17:00:00,5965.0,387.132,33.02361515300001,-0.9659258262890684,-0.2588190451025206,-0.3131070409358267,-0.9497178427914316,17.0,201,-0.9659258262890683,-0.25881904510252063,-0.3131070409358267,-0.9497178427914317,18550.0,max_ac,5965.0,0.3215633423180593,0.3215633423180593,0.35910159492745464,6661.334585904284,-696.3345859042838,leave_one_system_out
1239,2019-07-20 18:00:00,2155.0,215.89525,32.3572262108,-1.0,-1.8369701987210287e-16,-0.3131070409358267,-0.9497178427914316,18.0,201,-1.0,-1.8369701987210297e-16,-0.3131070409358267,-0.9497178427914317,18550.0,max_ac,2155.0,0.11617250673854447,0.11617250673854447,0.22085427072119557,4096.846721878178,-1941.846721878178,leave_one_system_out
1239,2019-07-21 06:00:00,330.0,43.0,20.269030799300005,1.0,6.123233995736766e-17,-0.3294084822245302,-0.9441875088341994,6.0,202,1.0,6.123233995736766e-17,-0.3294084822245302,-0.9441875088341994,18550.0,max_ac,330.0,0.01778975741239892,0.01778975741239892,0.06568455016258906,1218.4484055160272,-888.4484055160272,leave_one_system_out
1239,2019-07-21 07:00:00,840.25,65.68925,20.899030849700004,0.9659258262890684,-0.2588190451025206,-0.3294084822245302,-0.9441875088341994,7.0,202,0.9659258262890683,-0.25881904510252063,-0.3294084822245302,-0.9441875088341994,18550.0,max_ac,840.25,0.045296495956873316,0.045296495956873316,0.1677082022994102,3110.987152654059,-2270.737152654059,leave_one_system_out
1239,2019-07-21 08:00:00,1235.0,82.42224999999999,20.695141944500005,0.8660254037844387,-0.4999999999999998,-0.3294084822245302,-0.9441875088341994,8.0,202,0.8660254037844387,-0.4999999999999998,-0.3294084822245302,-0.9441875088341994,18550.0,max_ac,1235.0,0.06657681940700809,0.06657681940700809,0.2648085562099681,4912.198717694909,-3677.1987176949087,leave_one_system_out
1239,2019-07-21 09:00:00,1745.0,105.984,21.204169763000003,0.7071067811865476,-0.7071067811865475,-0.3294084822245302,-0.9441875088341994,9.0,202,0.7071067811865476,-0.7071067811865475,-0.3294084822245302,-0.9441875088341994,18550.0,max_ac,1745.0,0.0940700808625337,0.0940700808625337,0.3498358748454184,6489.4554783825115,-4744.4554783825115,leave_one_system_out
1239,2019-07-21 10:00:00,2775.0,152.671,20.662780830800006,0.4999999999999999,-0.8660254037844387,-0.3294084822245302,-0.9441875088341994,10.0,202,0.49999999999999994,-0.8660254037844387,-0.3294084822245302,-0.9441875088341994,18550.0,max_ac,2775.0,0.1495956873315364,0.1495956873315364,0.40728186180270837,7555.07853644024,-4780.07853644024,leave_one_system_out
1239,2019-07-21 11:00:00,2355.0,126.9715,19.976669664800003,0.258819045102521,-0.9659258262890682,-0.3294084822245302,-0.9441875088341994,11.0,202,0.258819045102521,-0.9659258262890682,-0.3294084822245302,-0.9441875088341994,18550.0,max_ac,2355.0,0.12695417789757413,0.12695417789757413,0.3969054022137399,7362.595211064875,-5007.595211064875,leave_one_system_out
1239,2019-07-21 12:00:00,1855.0,110.151,18.6631973375,1.2246467991473532e-16,-1.0,-0.3294084822245302,-0.9441875088341994,12.0,202,1.2246467991473532e-16,-1.0,-0.3294084822245302,-0.9441875088341994,18550.0,max_ac,1855.0,0.1,0.1,0.34832545548383964,6461.437199225225,-4606.437199225225,leave_one_system_out
1239,2019-07-21 13:00:00,4475.0,242.18375,20.8568086241,-0.2588190451025208,-0.9659258262890684,-0.3294084822245302,-0.9441875088341994,13.0,202,-0.2588190451025208,-0.9659258262890683,-0.3294084822245302,-0.9441875088341994,18550.0,max_ac,4475.0,0.24123989218328842,0.24123989218328842,0.3578830275302137,6638.730160685464,-2163.7301606854644,leave_one_system_out
1239,2019-07-21 14:00:00,13640.0,718.8072500000001,24.479447802800003,-0.4999999999999997,-0.8660254037844388,-0.3294084822245302,-0.9441875088341994,14.0,202,-0.4999999999999997,-0.8660254037844388,-0.3294084822245302,-0.9441875088341994,18550.0,max_ac,13640.0,0.7353099730458221,0.7353099730458221,0.5920626314092761,10982.761812642071,2657.238187357929,leave_one_system_out
1239,2019-07-21 15:00:00,9465.0,534.6982499999999,28.781253702500003,-0.7071067811865471,-0.7071067811865479,-0.3294084822245302,-0.9441875088341994,15.0,202,-0.7071067811865471,-0.7071067811865479,-0.3294084822245302,-0.9441875088341994,18550.0,max_ac,9465.0,0.5102425876010782,0.5102425876010782,0.4610080160610452,8551.698697932388,913.3013020676117,leave_one_system_out
1239,2019-07-21 16:00:00,8915.0,497.4575,27.36653136710001,-0.8660254037844385,-0.5000000000000004,-0.3294084822245302,-0.9441875088341994,16.0,202,-0.8660254037844385,-0.5000000000000004,-0.3294084822245302,-0.9441875088341994,18550.0,max_ac,8915.0,0.4805929919137466,0.4805929919137466,0.43213810661997926,8016.161877800615,898.838122199385,leave_one_system_out
1239,2019-07-21 17:00:00,4475.0,288.21675,26.427086847500007,-0.9659258262890684,-0.2588190451025206,-0.3294084822245302,-0.9441875088341994,17.0,202,-0.9659258262890683,-0.25881904510252063,-0.3294084822245302,-0.9441875088341994,18550.0,max_ac,4475.0,0.24123989218328842,0.24123989218328842,0.25954530709913015,4814.5654466888645,-339.56544668886454,leave_one_system_out
1239,2019-07-21 18:00:00,1890.0,161.267,25.984170145400007,-1.0,-1.8369701987210287e-16,-0.3294084822245302,-0.9441875088341994,18.0,202,-1.0,-1.8369701987210297e-16,-0.3294084822245302,-0.9441875088341994,18550.0,max_ac,1890.0,0.1018867924528302,0.1018867924528302,0.15741367169480258,2920.023609938588,-1030.023609938588,leave_one_system_out
1239,2019-07-22 06:00:00,1580.0,123.568,15.341669294000004,1.0,6.123233995736766e-17,-0.3456123126707333,-0.9383773917408642,6.0,203,1.0,6.123233995736766e-17,-0.3456123126707333,-0.9383773917408642,18550.0,max_ac,1580.0,0.08517520215633423,0.08517520215633423,0.1048198067001837,1944.4074142884076,-364.4074142884076,leave_one_system_out
1239,2019-07-22 07:00:00,2405.0,149.137,17.275280559800002,0.9659258262890684,-0.2588190451025206,-0.3456123126707333,-0.9383773917408642,7.0,203,0.9659258262890683,-0.25881904510252063,-0.3456123126707333,-0.9383773917408642,18550.0,max_ac,2405.0,0.12964959568733153,0.12964959568733153,0.2013691884416647,3735.3984455928803,-1330.3984455928803,leave_one_system_out
1239,2019-07-22 08:00:00,4090.0,234.00275,19.751669646800003,0.8660254037844387,-0.4999999999999998,-0.3456123126707333,-0.9383773917408642,8.0,203,0.8660254037844387,-0.4999999999999998,-0.3456123126707333,-0.9383773917408642,18550.0,max_ac,4090.0,0.22048517520215632,0.22048517520215632,0.33024795280913616,6126.099524609475,-2036.0995246094753,leave_one_system_out
1239,2019-07-22 09:00:00,7900.0,428.86675,21.654169799,0.7071067811865476,-0.7071067811865475,-0.3456123126707333,-0.9383773917408642,9.0,203,0.7071067811865476,-0.7071067811865475,-0.3456123126707333,-0.9383773917408642,18550.0,max_ac,7900.0,0.42587601078167114,0.42587601078167114,0.48003142113336805,8904.582862023977,-1004.5828620239772,leave_one_system_out
1239,2019-07-22 10:00:00,9890.0,541.6795,23.464031054900005,0.4999999999999999,-0.8660254037844387,-0.3456123126707333,-0.9383773917408642,10.0,203,0.49999999999999994,-0.8660254037844387,-0.3456123126707333,-0.9383773917408642,18550.0,max_ac,9890.0,0.5331536388140161,0.5331536388140161,0.5621361335084618,10427.625276581966,-537.6252765819663,leave_one_system_out
1239,2019-07-22 11:00:00,10295.0,562.44875,23.572364396900003,0.258819045102521,-0.9659258262890682,-0.3456123126707333,-0.9383773917408642,11.0,203,0.258819045102521,-0.9659258262890682,-0.3456123126707333,-0.9383773917408642,18550.0,max_ac,10295.0,0.5549865229110512,0.5549865229110512,0.5777804715887168,10717.827747970698,-422.8277479706976,leave_one_system_out
1239,2019-07-22 12:00:00,9255.0,490.01825,22.9662532373,1.2246467991473532e-16,-1.0,-0.3456123126707333,-0.9383773917408642,12.0,203,1.2246467991473532e-16,-1.0,-0.3456123126707333,-0.9383773917408642,18550.0,max_ac,9255.0,0.498921832884097,0.498921832884097,0.5279120874826688,9792.769222803507,-537.7692228035066,leave_one_system_out
1239,2019-07-22 13:00:00,8235.0,443.33125,22.0788920552,-0.2588190451025208,-0.9659258262890684,-0.3456123126707333,-0.9383773917408642,13.0,203,-0.2588190451025208,-0.9659258262890683,-0.3456123126707333,-0.9383773917408642,18550.0,max_ac,8235.0,0.4439353099730458,0.4439353099730458,0.46418842040836605,8610.695198575191,-375.69519857519117,leave_one_system_out
1239,2019-07-22 14:00:00,11605.0,621.833,22.918475455700005,-0.4999999999999997,-0.8660254037844388,-0.3456123126707333,-0.9383773917408642,14.0,203,-0.4999999999999997,-0.8660254037844388,-0.3456123126707333,-0.9383773917408642,18550.0,max_ac,11605.0,0.6256064690026955,0.6256064690026955,0.5309728214714438,9849.545838295282,1755.454161704718,leave_one_system_out
1239,2019-07-22 15:00:00,7260.0,391.36425,23.122364360900004,-0.7071067811865471,-0.7071067811865479,-0.3456123126707333,-0.9383773917408642,15.0,203,-0.7071067811865471,-0.7071067811865479,-0.3456123126707333,-0.9383773917408642,18550.0,max_ac,7260.0,0.3913746630727763,0.3913746630727763,0.35040805580122275,6500.069435112682,759.9305648873178,leave_one_system_out
1239,2019-07-22 16:00:00,5135.0,288.3475,21.936808710500003,-0.8660254037844385,-0.5000000000000004,-0.3456123126707333,-0.9383773917408642,16.0,203,-0.8660254037844385,-0.5000000000000004,-0.3456123126707333,-0.9383773917408642,18550.0,max_ac,5135.0,0.27681940700808627,0.27681940700808627,0.24789722525942423,4598.49352856232,536.5064714376804,leave_one_system_out
1239,2019-07-22 17:00:00,2755.0,161.39775,20.546114154800005,-0.9659258262890684,-0.2588190451025206,-0.3456123126707333,-0.9383773917408642,17.0,203,-0.9659258262890683,-0.25881904510252063,-0.3456123126707333,-0.9383773917408642,18550.0,max_ac,2755.0,0.14851752021563341,0.14851752021563341,0.12835775781322345,2381.036407435295,373.96359256470487,leave_one_system_out
1239,2019-07-22 18:00:00,1165.0,87.96375,19.388752951100003,-1.0,-1.8369701987210287e-16,-0.3456123126707333,-0.9383773917408642,18.0,203,-1.0,-1.8369701987210297e-16,-0.3456123126707333,-0.9383773917408642,18550.0,max_ac,1165.0,0.06280323450134771,0.06280323450134771,0.07063007825181883,1310.1879515712392,-145.18795157123918,leave_one_system_out
1239,2019-07-23 06:00:00,755.0,65.733,12.004585693700005,1.0,6.123233995736766e-17,-0.3617137307297674,-0.9322892131745134,6.0,204,1.0,6.123233995736766e-17,-0.3617137307297674,-0.9322892131745134,18550.0,max_ac,755.0,0.040700808625336926,0.040700808625336926,0.05673933209945231,1052.5146104448404,-297.5146104448404,leave_one_system_out
1239,2019-07-23 07:00:00,2095.0,122.10625,13.438891364,0.9659258262890684,-0.2588190451025206,-0.3617137307297674,-0.9322892131745134,7.0,204,0.9659258262890683,-0.25881904510252063,-0.3617137307297674,-0.9322892131745134,18550.0,max_ac,2095.0,0.11293800539083558,0.11293800539083558,0.17439007131006884,3234.935822801777,-1139.9358228017768,leave_one_system_out
1239,2019-07-23 08:00:00,3950.0,223.20375,15.901252672100002,0.8660254037844387,-0.4999999999999998,-0.3617137307297674,-0.9322892131745134,8.0,204,0.8660254037844387,-0.4999999999999998,-0.3617137307297674,-0.9322892131745134,18550.0,max_ac,3950.0,0.21293800539083557,0.21293800539083557,0.3130971929293148,5807.95292883879,-1857.9529288387903,leave_one_system_out
1239,2019-07-23 09:00:00,5800.0,313.91625,18.694169562200003,0.7071067811865476,-0.7071067811865475,-0.3617137307297674,-0.9322892131745134,9.0,204,0.7071067811865476,-0.7071067811865475,-0.3617137307297674,-0.9322892131745134,18550.0,max_ac,5800.0,0.31266846361185985,0.31266846361185985,0.42421274645132073,7869.146446672,-2069.146446672,leave_one_system_out
1239,2019-07-23 10:00:00,7350.0,399.72025,20.292919690100007,0.4999999999999999,-0.8660254037844387,-0.3617137307297674,-0.9322892131745134,10.0,204,0.49999999999999994,-0.8660254037844387,-0.3617137307297674,-0.9322892131745134,18550.0,max_ac,7350.0,0.39622641509433965,0.39622641509433965,0.4991690532758316,9259.585938266677,-1909.5859382666767,leave_one_system_out
1239,2019-07-23 11:00:00,8265.0,458.7335,22.690697659700007,0.258819045102521,-0.9659258262890682,-0.3617137307297674,-0.9322892131745134,11.0,204,0.258819045102521,-0.9659258262890682,-0.3617137307297674,-0.9322892131745134,18550.0,max_ac,8265.0,0.44555256064690024,0.44555256064690024,0.5342223196005513,9909.824028590227,-1644.8240285902266,leave_one_system_out
1239,2019-07-23 12:00:00,9210.0,498.483,22.8873643421,1.2246467991473532e-16,-1.0,-0.3617137307297674,-0.9322892131745134,12.0,204,1.2246467991473532e-16,-1.0,-0.3617137307297674,-0.9322892131745134,18550.0,max_ac,9210.0,0.4964959568733154,0.4964959568733154,0.5307355322264091,9845.14412279989,-635.1441227998894,leave_one_system_out
1239,2019-07-23 13:00:00,12660.0,723.912,24.147642220700007,-0.2588190451025208,-0.9659258262890684,-0.3617137307297674,-0.9322892131745134,13.0,204,-0.2588190451025208,-0.9659258262890683,-0.3617137307297674,-0.9322892131745134,18550.0,max_ac,12660.0,0.6824797843665769,0.6824797843665769,0.6122049782657897,11356.402346830399,1303.5976531696015,leave_one_system_out
1239,2019-07-23 14:00:00,14080.0,782.0964999999999,27.850281405800004,-0.4999999999999997,-0.8660254037844388,-0.3617137307297674,-0.9322892131745134,14.0,204,-0.4999999999999997,-0.8660254037844388,-0.3617137307297674,-0.9322892131745134,18550.0,max_ac,14080.0,0.7590296495956873,0.7590296495956873,0.6327026531719804,11736.634216340237,2343.365783659763,leave_one_system_out
1239,2019-07-23 15:00:00,9495.0,540.15225,29.03708705630001,-0.7071067811865471,-0.7071067811865479,-0.3617137307297674,-0.9322892131745134,15.0,204,-0.7071067811865471,-0.7071067811865479,-0.3617137307297674,-0.9322892131745134,18550.0,max_ac,9495.0,0.5118598382749326,0.5118598382749326,0.46458919359501794,8618.129541187584,876.8704588124165,leave_one_system_out
1239,2019-07-23 16:00:00,9720.0,567.3355,28.155420319100006,-0.8660254037844385,-0.5000000000000004,-0.3617137307297674,-0.9322892131745134,16.0,204,-0.8660254037844385,-0.5000000000000004,-0.3617137307297674,-0.9322892131745134,18550.0,max_ac,9720.0,0.5239892183288409,0.5239892183288409,0.4917773899581632,9122.470583723927,597.5294162760729,leave_one_system_out
1239,2019-07-23 17:00:00,6655.0,420.315,27.637781388800004,-0.9659258262890684,-0.2588190451025206,-0.3617137307297674,-0.9322892131745134,17.0,204,-0.9659258262890683,-0.25881904510252063,-0.3617137307297674,-0.9322892131745134,18550.0,max_ac,6655.0,0.3587601078167116,0.3587601078167116,0.38933775018837813,7222.215265994414,-567.215265994414,leave_one_system_out
1239,2019-07-23 18:00:00,2155.0,188.319,25.004031178100007,-1.0,-1.8369701987210287e-16,-0.3617137307297674,-0.9322892131745134,18.0,204,-1.0,-1.8369701987210297e-16,-0.3617137307297674,-0.9322892131745134,18550.0,max_ac,2155.0,0.11617250673854447,0.11617250673854447,0.1862200381241711,3454.381707203374,-1299.381707203374,leave_one_system_out
1239,2019-07-24 06:00:00,1010.0,76.5755,13.914308068700002,1.0,6.123233995736766e-17,-0.3777079652039646,-0.92592477719385,6.0,205,1.0,6.123233995736766e-17,-0.37770796520396466,-0.9259247771938499,18550.0,max_ac,1010.0,0.05444743935309973,0.05444743935309973,0.06814415578012001,1264.074089721226,-254.07408972122607,leave_one_system_out
1239,2019-07-24 07:00:00,3115.0,183.716,16.451113827200004,0.9659258262890684,-0.2588190451025206,-0.3777079652039646,-0.92592477719385,7.0,205,0.9659258262890683,-0.25881904510252063,-0.37770796520396466,-0.9259247771938499,18550.0,max_ac,3115.0,0.16792452830188678,0.16792452830188678,0.21651711729751183,4016.3925258688446,-901.3925258688446,leave_one_system_out
1239,2019-07-24 08:00:00,4075.0,218.513,16.766113852400004,0.8660254037844387,-0.4999999999999998,-0.3777079652039646,-0.92592477719385,8.0,205,0.8660254037844387,-0.4999999999999998,-0.37770796520396466,-0.9259247771938499,18550.0,max_ac,4075.0,0.2196765498652291,0.2196765498652291,0.31230025644377235,5793.1697570319775,-1718.1697570319775,leave_one_system_out
1239,2019-07-24 09:00:00,8524.5,450.11625,20.640280829,0.7071067811865476,-0.7071067811865475,-0.3777079652039646,-0.92592477719385,9.0,205,0.7071067811865476,-0.7071067811865475,-0.37770796520396466,-0.9259247771938499,18550.0,max_ac,8524.5,0.4595417789757412,0.4595417789757412,0.4847913616241801,8992.87975812854,-468.37975812853983,leave_one_system_out
1239,2019-07-24 10:00:00,12255.0,645.15475,24.276808897700008,0.4999999999999999,-0.8660254037844387,-0.3777079652039646,-0.92592477719385,10.0,205,0.49999999999999994,-0.8660254037844387,-0.37770796520396466,-0.9259247771938499,18550.0,max_ac,12255.0,0.6606469002695418,0.6606469002695418,0.6019776946189465,11166.686235181456,1088.3137648185439,leave_one_system_out
1239,2019-07-24 11:00:00,11235.0,591.4645,24.788892272000005,0.258819045102521,-0.9659258262890682,-0.3777079652039646,-0.92592477719385,11.0,205,0.258819045102521,-0.9659258262890682,-0.37770796520396466,-0.9259247771938499,18550.0,max_ac,11235.0,0.6056603773584905,0.6056603773584905,0.590340479970776,10950.815903457895,284.1840965421052,leave_one_system_out
1239,2019-07-24 12:00:00,9750.0,529.50625,22.87764211910001,1.2246467991473532e-16,-1.0,-0.3777079652039646,-0.92592477719385,12.0,205,1.2246467991473532e-16,-1.0,-0.37770796520396466,-0.9259247771938499,18550.0,max_ac,9750.0,0.5256064690026954,0.5256064690026954,0.5437448379929817,10086.46674476981,-336.46674476981025,leave_one_system_out
1239,2019-07-24 13:00:00,12700.0,710.2330000000001,23.441669942000004,-0.2588190451025208,-0.9659258262890684,-0.3777079652039646,-0.92592477719385,13.0,205,-0.2588190451025208,-0.9659258262890683,-0.37770796520396466,-0.9259247771938499,18550.0,max_ac,12700.0,0.6846361185983828,0.6846361185983828,0.6042153548443516,11208.194832362722,1491.805167637278,leave_one_system_out
1239,2019-07-24 14:00:00,12850.0,698.2995,25.58194789100001,-0.4999999999999997,-0.8660254037844388,-0.3777079652039646,-0.92592477719385,14.0,205,-0.4999999999999997,-0.8660254037844388,-0.37770796520396466,-0.9259247771938499,18550.0,max_ac,12850.0,0.692722371967655,0.692722371967655,0.5802142270966992,10762.97391264377,2087.0260873562293,leave_one_system_out
1239,2019-07-24 15:00:00,8155.0,451.0105,23.866253309300003,-0.7071067811865471,-0.7071067811865479,-0.3777079652039646,-0.92592477719385,15.0,205,-0.7071067811865471,-0.7071067811865479,-0.37770796520396466,-0.9259247771938499,18550.0,max_ac,8155.0,0.439622641509434,0.439622641509434,0.3943399815360124,7315.00665749303,839.9933425069703,leave_one_system_out
1239,2019-07-24 16:00:00,7405.75,427.449,24.390836684600004,-0.8660254037844385,-0.5000000000000004,-0.3777079652039646,-0.92592477719385,16.0,205,-0.8660254037844385,-0.5000000000000004,-0.37770796520396466,-0.9259247771938499,18550.0,max_ac,7405.75,0.39923180592991914,0.39923180592991914,0.3699747576343574,6863.03175411733,542.7182458826701,leave_one_system_out
1239,2019-07-24 17:00:00,3670.0,233.043,24.196670002400005,-0.9659258262890684,-0.2588190451025206,-0.3777079652039646,-0.92592477719385,17.0,205,-0.9659258262890683,-0.25881904510252063,-0.37770796520396466,-0.9259247771938499,18550.0,max_ac,3670.0,0.19784366576819407,0.19784366576819407,0.20234371986846497,3753.476003560025,-83.47600356002522,leave_one_system_out
1239,2019-07-24 18:00:00,2620.0,223.94525,22.745558775200003,-1.0,-1.8369701987210287e-16,-0.3777079652039646,-0.92592477719385,18.0,205,-1.0,-1.8369701987210297e-16,-0.37770796520396466,-0.9259247771938499,18550.0,max_ac,2620.0,0.14123989218328842,0.14123989218328842,0.22492653372149757,4172.38720053378,-1552.3872005337798,leave_one_system_out
1239,2019-07-25 06:00:00,1665.0,156.70725,10.037224425200003,1.0,6.123233995736766e-17,-0.3935902766564664,-0.9192859697186104,6.0,206,1.0,6.123233995736766e-17,-0.39359027665646645,-0.9192859697186105,18550.0,max_ac,1665.0,0.08975741239892183,0.08975741239892183,0.11294944146744668,2095.2121392211357,-430.21213922113566,leave_one_system_out
1239,2019-07-25 07:00:00,3125.0,195.64975,12.405280170200005,0.9659258262890684,-0.2588190451025206,-0.3935902766564664,-0.9192859697186104,7.0,206,0.9659258262890683,-0.25881904510252063,-0.39359027665646645,-0.9192859697186105,18550.0,max_ac,3125.0,0.16846361185983827,0.16846361185983827,0.21195717568698041,3931.8056089934867,-806.8056089934867,leave_one_system_out
1239,2019-07-25 08:00:00,8545.0,466.23875,17.176808329700005,0.8660254037844387,-0.4999999999999998,-0.3935902766564664,-0.9192859697186104,8.0,206,0.8660254037844387,-0.4999999999999998,-0.39359027665646645,-0.9192859697186105,18550.0,max_ac,8545.0,0.4606469002695418,0.4606469002695418,0.4313426424321642,8001.406017116646,543.5939828833543,leave_one_system_out
1239,2019-07-25 09:00:00,11420.0,614.241,22.856669895200003,0.7071067811865476,-0.7071067811865475,-0.3935902766564664,-0.9192859697186104,9.0,206,0.7071067811865476,-0.7071067811865475,-0.39359027665646645,-0.9192859697186105,18550.0,max_ac,11420.0,0.615633423180593,0.615633423180593,0.5562193614542696,10317.869154976703,1102.1308450232973,leave_one_system_out
1239,2019-07-25 10:00:00,13485.0,732.9654999999999,25.68875345510001,0.4999999999999999,-0.8660254037844387,-0.3935902766564664,-0.9192859697186104,10.0,206,0.49999999999999994,-0.8660254037844387,-0.39359027665646645,-0.9192859697186105,18550.0,max_ac,13485.0,0.7269541778975741,0.7269541778975741,0.637310622376367,11822.112045081609,1662.8879549183912,leave_one_system_out
1239,2019-07-25 11:00:00,14985.0,830.4414999999999,27.377642479100004,0.258819045102521,-0.9659258262890682,-0.3935902766564664,-0.9192859697186104,11.0,206,0.258819045102521,-0.9659258262890682,-0.39359027665646645,-0.9192859697186105,18550.0,max_ac,14985.0,0.8078167115902964,0.8078167115902964,0.6871835587587751,12747.255014975279,2237.7449850247212,leave_one_system_out
1239,2019-07-25 12:00:00,15190.0,785.36875,26.4411146264,1.2246467991473532e-16,-1.0,-0.3935902766564664,-0.9192859697186104,12.0,206,1.2246467991473532e-16,-1.0,-0.39359027665646645,-0.9192859697186105,18550.0,max_ac,15190.0,0.8188679245283019,0.8188679245283019,0.6616650166581015,12273.886059007784,2916.113940992216,leave_one_system_out
1239,2019-07-25 13:00:00,13715.0,709.01125,26.0698645967,-0.2588190451025208,-0.9659258262890684,-0.3935902766564664,-0.9192859697186104,13.0,206,-0.2588190451025208,-0.9659258262890683,-0.39359027665646645,-0.9192859697186105,18550.0,max_ac,13715.0,0.7393530997304583,0.7393530997304583,0.6061167867867308,11243.466394893856,2471.533605106144,leave_one_system_out
1239,2019-07-25 14:00:00,11130.0,596.37325,28.961114828000003,-0.4999999999999997,-0.8660254037844388,-0.3935902766564664,-0.9192859697186104,14.0,206,-0.4999999999999997,-0.8660254037844388,-0.39359027665646645,-0.9192859697186105,18550.0,max_ac,11130.0,0.6,0.6,0.5207393998465198,9659.715867152943,1470.2841328470568,leave_one_system_out
1239,2019-07-25 15:00:00,11415.0,649.2565,28.9131981575,-0.7071067811865471,-0.7071067811865479,-0.3935902766564664,-0.9192859697186104,15.0,206,-0.7071067811865471,-0.7071067811865479,-0.39359027665646645,-0.9192859697186105,18550.0,max_ac,11415.0,0.6153638814016172,0.6153638814016172,0.5429497360709327,10071.717604115802,1343.2823958841982,leave_one_system_out
1239,2019-07-25 16:00:00,9615.0,553.85325,28.492781457200007,-0.8660254037844385,-0.5000000000000004,-0.3935902766564664,-0.9192859697186104,16.0,206,-0.8660254037844385,-0.5000000000000004,-0.39359027665646645,-0.9192859697186105,18550.0,max_ac,9615.0,0.5183288409703504,0.5183288409703504,0.4803766183732726,8910.986270824207,704.0137291757928,leave_one_system_out
1239,2019-07-25 17:00:00,5370.0,345.63725,26.884170217400005,-0.9659258262890684,-0.2588190451025206,-0.3935902766564664,-0.9192859697186104,17.0,206,-0.9659258262890683,-0.25881904510252063,-0.39359027665646645,-0.9192859697186105,18550.0,max_ac,5370.0,0.2894878706199461,0.2894878706199461,0.3152981656493107,5848.780972794713,-478.7809727947133,leave_one_system_out
1239,2019-07-25 18:00:00,1600.0,143.0065,24.726808933700006,-1.0,-1.8369701987210287e-16,-0.3935902766564664,-0.9192859697186104,18.0,206,-1.0,-1.8369701987210297e-16,-0.39359027665646645,-0.9192859697186105,18550.0,max_ac,1600.0,0.0862533692722372,0.0862533692722372,0.13497107726064494,2503.713483184964,-903.7134831849639,leave_one_system_out
1239,2019-07-26 06:00:00,1385.0,135.89425,15.3105581804,1.0,6.123233995736766e-17,-0.4093559588156211,-0.9123747579707274,6.0,207,1.0,6.123233995736766e-17,-0.4093559588156211,-0.9123747579707274,18550.0,max_ac,1385.0,0.07466307277628033,0.07466307277628033,0.10995257743955633,2039.62031150377,-654.6203115037699,leave_one_system_out
1239,2019-07-26 07:00:00,4305.0,282.1735,19.006391809400007,0.9659258262890684,-0.2588190451025206,-0.4093559588156211,-0.9123747579707274,7.0,207,0.9659258262890683,-0.25881904510252063,-0.4093559588156211,-0.9123747579707274,18550.0,max_ac,4305.0,0.2320754716981132,0.2320754716981132,0.27619370106039054,5123.393154670244,-818.3931546702443,leave_one_system_out
1239,2019-07-26 08:00:00,5735.0,353.164,23.82264219470001,0.8660254037844387,-0.4999999999999998,-0.4093559588156211,-0.9123747579707274,8.0,207,0.8660254037844387,-0.4999999999999998,-0.4093559588156211,-0.9123747579707274,18550.0,max_ac,5735.0,0.30916442048517523,0.30916442048517523,0.391994160504076,7271.491677350609,-1536.4916773506093,leave_one_system_out
1239,2019-07-26 09:00:00,10730.0,586.9485,26.6745868673,0.7071067811865476,-0.7071067811865475,-0.4093559588156211,-0.9123747579707274,9.0,207,0.7071067811865476,-0.7071067811865475,-0.4093559588156211,-0.9123747579707274,18550.0,max_ac,10730.0,0.5784366576819407,0.5784366576819407,0.5515231522989034,10230.754475144657,499.2455248553433,leave_one_system_out
1239,2019-07-26 10:00:00,12770.0,714.8802499999999,29.665698217700005,0.4999999999999999,-0.8660254037844387,-0.4093559588156211,-0.9123747579707274,10.0,207,0.49999999999999994,-0.8660254037844387,-0.4093559588156211,-0.9123747579707274,18550.0,max_ac,12770.0,0.6884097035040432,0.6884097035040432,0.6360792544532926,11799.270170108577,970.7298298914229,leave_one_system_out
1239,2019-07-26 11:00:00,12745.0,716.6469999999999,30.062226027200005,0.258819045102521,-0.9659258262890682,-0.4093559588156211,-0.9123747579707274,11.0,207,0.258819045102521,-0.9659258262890682,-0.4093559588156211,-0.9123747579707274,18550.0,max_ac,12745.0,0.6870619946091644,0.6870619946091644,0.646578959598584,11994.039700553734,750.9602994462657,leave_one_system_out
1239,2019-07-26 12:00:00,14650.0,853.51,28.56644812976,1.2246467991473532e-16,-1.0,-0.4093559588156211,-0.9123747579707274,12.0,207,1.2246467991473532e-16,-1.0,-0.4093559588156211,-0.9123747579707274,18550.0,max_ac,14650.0,0.7897574123989218,0.7897574123989218,0.6932384639697641,12859.573506639124,1790.4264933608756,leave_one_system_out
1239,2019-07-26 13:00:00,13665.0,775.4422500000001,28.901948156600003,-0.2588190451025208,-0.9659258262890684,-0.4093559588156211,-0.9123747579707274,13.0,207,-0.2588190451025208,-0.9659258262890683,-0.4093559588156211,-0.9123747579707274,18550.0,max_ac,13665.0,0.7366576819407008,0.7366576819407008,0.6425179467377251,11918.7079119848,1746.2920880151996,leave_one_system_out
1239,2019-07-26 14:00:00,12145.0,732.0715,30.567087178700007,-0.4999999999999997,-0.8660254037844388,-0.4093559588156211,-0.9123747579707274,14.0,207,-0.4999999999999997,-0.8660254037844388,-0.4093559588156211,-0.9123747579707274,18550.0,max_ac,12145.0,0.6547169811320754,0.6547169811320754,0.6037836989169557,11200.187614909528,944.8123850904722,leave_one_system_out
1239,2019-07-26 15:00:00,12175.0,683.3114999999999,32.0604206315,-0.7071067811865471,-0.7071067811865479,-0.4093559588156211,-0.9123747579707274,15.0,207,-0.7071067811865471,-0.7071067811865479,-0.4093559588156211,-0.9123747579707274,18550.0,max_ac,12175.0,0.6563342318059299,0.6563342318059299,0.5685411517121693,10546.43836426074,1628.5616357392591,leave_one_system_out
1239,2019-07-26 16:00:00,8972.0,523.5938,30.99311499056,-0.8660254037844385,-0.5000000000000004,-0.4093559588156211,-0.9123747579707274,16.0,207,-0.8660254037844385,-0.5000000000000004,-0.4093559588156211,-0.9123747579707274,18550.0,max_ac,8972.0,0.4836657681940701,0.4836657681940701,0.455176984974544,8443.53307127779,528.4669287222096,leave_one_system_out
1239,2019-07-26 17:00:00,5450.0,363.8975,30.865142758100006,-0.9659258262890684,-0.2588190451025206,-0.4093559588156211,-0.9123747579707274,17.0,207,-0.9659258262890683,-0.25881904510252063,-0.4093559588156211,-0.9123747579707274,18550.0,max_ac,5450.0,0.29380053908355797,0.29380053908355797,0.3344973447533151,6204.925745173995,-754.925745173995,leave_one_system_out
1239,2019-07-26 18:00:00,2050.0,207.2995,29.872503789800007,-1.0,-1.8369701987210287e-16,-0.4093559588156211,-0.9123747579707274,18.0,207,-1.0,-1.8369701987210297e-16,-0.4093559588156211,-0.9123747579707274,18550.0,max_ac,2050.0,0.1105121293800539,0.1105121293800539,0.20842339334502444,3866.253946550203,-1816.2539465502032,leave_one_system_out
1239,2019-07-27 06:00:00,1320.0,120.05575,18.286391751800004,1.0,6.123233995736766e-17,-0.4250003399695539,-0.9051931898913976,6.0,208,1.0,6.123233995736766e-17,-0.42500033996955394,-0.9051931898913975,18550.0,max_ac,1320.0,0.07115902964959568,0.07115902964959568,0.10540564354099252,1955.2746876854112,-635.2746876854112,leave_one_system_out
1239,2019-07-27 07:00:00,3990.0,262.36425,21.7865309207,0.9659258262890684,-0.2588190451025206,-0.4250003399695539,-0.9051931898913976,7.0,208,0.9659258262890683,-0.25881904510252063,-0.42500033996955394,-0.9051931898913975,18550.0,max_ac,3990.0,0.21509433962264152,0.21509433962264152,0.2707442479240008,5022.305798990215,-1032.3057989902154,leave_one_system_out
1239,2019-07-27 08:00:00,7290.0,423.89275,24.639725593400005,0.8660254037844387,-0.4999999999999998,-0.4250003399695539,-0.9051931898913976,8.0,208,0.8660254037844387,-0.4999999999999998,-0.42500033996955394,-0.9051931898913975,18550.0,max_ac,7290.0,0.3929919137466307,0.3929919137466307,0.425483658745716,7892.721869733032,-602.7218697330318,leave_one_system_out
1239,2019-07-27 09:00:00,10205.0,574.295,28.799448148400007,0.7071067811865476,-0.7071067811865475,-0.4250003399695539,-0.9051931898913976,9.0,208,0.7071067811865476,-0.7071067811865475,-0.42500033996955394,-0.9051931898913975,18550.0,max_ac,10205.0,0.5501347708894879,0.5501347708894879,0.5498037938177376,10198.860375319033,6.139624680967245,leave_one_system_out
1239,2019-07-27 10:00:00,12120.0,693.7402500000001,31.299726126200007,0.4999999999999999,-0.8660254037844387,-0.4250003399695539,-0.9051931898913976,10.0,208,0.49999999999999994,-0.8660254037844387,-0.42500033996955394,-0.9051931898913975,18550.0,max_ac,12120.0,0.6533692722371968,0.6533692722371968,0.6303355066641321,11692.72364861965,427.2763513803493,leave_one_system_out
1239,2019-07-27 11:00:00,13805.0,780.0675,31.855142837300004,0.258819045102521,-0.9659258262890682,-0.4250003399695539,-0.9051931898913976,11.0,208,0.258819045102521,-0.9659258262890682,-0.42500033996955394,-0.9051931898913975,18550.0,max_ac,13805.0,0.7442048517520216,0.7442048517520216,0.6725978064528182,12476.689309699777,1328.3106903002226,leave_one_system_out
1239,2019-07-27 12:00:00,11750.0,649.1255,30.879170537000004,1.2246467991473532e-16,-1.0,-0.4250003399695539,-0.9051931898913976,12.0,208,1.2246467991473532e-16,-1.0,-0.42500033996955394,-0.9051931898913975,18550.0,max_ac,11750.0,0.633423180592992,0.633423180592992,0.607746787635177,11273.702910632534,476.29708936746647,leave_one_system_out
1239,2019-07-27 13:00:00,12405.0,703.97175,30.727226080400005,-0.2588190451025208,-0.9659258262890684,-0.4250003399695539,-0.9051931898913976,13.0,208,-0.2588190451025208,-0.9659258262890683,-0.42500033996955394,-0.9051931898913975,18550.0,max_ac,12405.0,0.668733153638814,0.668733153638814,0.607752765004905,11273.813790840988,1131.186209159012,leave_one_system_out
1239,2019-07-27 14:00:00,13619.5,779.9365,33.5272263044,-0.4999999999999997,-0.8660254037844388,-0.4250003399695539,-0.9051931898913976,14.0,208,-0.4999999999999997,-0.8660254037844388,-0.42500033996955394,-0.9051931898913975,18550.0,max_ac,13619.5,0.7342048517520215,0.7342048517520215,0.6338395100173266,11757.722910821409,1861.7770891785913,leave_one_system_out
1239,2019-07-27 15:00:00,9105.0,518.9902500000001,33.994031897300005,-0.7071067811865471,-0.7071067811865479,-0.4250003399695539,-0.9051931898913976,15.0,208,-0.7071067811865471,-0.7071067811865479,-0.42500033996955394,-0.9051931898913975,18550.0,max_ac,9105.0,0.4908355795148248,0.4908355795148248,0.4519732897800478,8384.104525419887,720.8954745801129,leave_one_system_out
1239,2019-07-27 16:00:00,4540.0,278.02825,31.696115046800003,-0.8660254037844385,-0.5000000000000004,-0.4250003399695539,-0.9051931898913976,16.0,208,-0.8660254037844385,-0.5000000000000004,-0.42500033996955394,-0.9051931898913975,18550.0,max_ac,4540.0,0.24474393530997304,0.24474393530997304,0.24713906706535405,4584.429694062317,-44.42969406231714,leave_one_system_out
1239,2019-07-27 17:00:00,6095.0,393.76425,31.322087239100007,-0.9659258262890684,-0.2588190451025206,-0.4250003399695539,-0.9051931898913976,17.0,208,-0.9659258262890683,-0.25881904510252063,-0.42500033996955394,-0.9051931898913975,18550.0,max_ac,6095.0,0.32857142857142857,0.32857142857142857,0.3636333772401011,6745.399147803875,-650.3991478038752,leave_one_system_out
1239,2019-07-27 18:00:00,2050.0,189.3445,29.42792042090001,-1.0,-1.8369701987210287e-16,-0.4250003399695539,-0.9051931898913976,18.0,208,-1.0,-1.8369701987210297e-16,-0.42500033996955394,-0.9051931898913975,18550.0,max_ac,2050.0,0.1105121293800539,0.1105121293800539,0.1881029647342514,3489.3099958203634,-1439.3099958203634,leave_one_system_out
1239,2019-07-28 06:00:00,1130.0,110.82725,15.565141534100004,1.0,6.123233995736766e-17,-0.4405187843504952,-0.8977433935342336,6.0,209,1.0,6.123233995736766e-17,-0.4405187843504952,-0.8977433935342336,18550.0,max_ac,1130.0,0.06091644204851752,0.06091644204851752,0.09186433429372154,1704.0834011485344,-574.0834011485344,leave_one_system_out
1239,2019-07-28 07:00:00,4030.0,263.52025000000003,17.553613915400007,0.9659258262890684,-0.2588190451025206,-0.4405187843504952,-0.8977433935342336,7.0,209,0.9659258262890683,-0.25881904510252063,-0.4405187843504952,-0.8977433935342336,18550.0,max_ac,4030.0,0.21725067385444743,0.21725067385444743,0.2607458511718055,4836.835539236992,-806.8355392369922,leave_one_system_out
1239,2019-07-28 08:00:00,7720.0,426.903,21.00736419170001,0.8660254037844387,-0.4999999999999998,-0.4405187843504952,-0.8977433935342336,8.0,209,0.8660254037844387,-0.4999999999999998,-0.4405187843504952,-0.8977433935342336,18550.0,max_ac,7720.0,0.4161725067385445,0.4161725067385445,0.4184223853139797,7761.735247574323,-41.735247574322784,leave_one_system_out
1239,2019-07-28 09:00:00,10755.0,574.9715,24.33736445810001,0.7071067811865476,-0.7071067811865475,-0.4405187843504952,-0.8977433935342336,9.0,209,0.7071067811865476,-0.7071067811865475,-0.4405187843504952,-0.8977433935342336,18550.0,max_ac,10755.0,0.5797843665768194,0.5797843665768194,0.5411085198911543,10037.563043980912,717.436956019088,leave_one_system_out
1239,2019-07-28 10:00:00,12735.0,691.62375,27.145698016100003,0.4999999999999999,-0.8660254037844387,-0.4405187843504952,-0.8977433935342336,10.0,209,0.49999999999999994,-0.8660254037844387,-0.4405187843504952,-0.8977433935342336,18550.0,max_ac,12735.0,0.686522911051213,0.686522911051213,0.6224649249266248,11546.72435738889,1188.27564261111,leave_one_system_out
1239,2019-07-28 11:00:00,14120.0,772.17,29.2747259642,0.258819045102521,-0.9659258262890682,-0.4405187843504952,-0.8977433935342336,11.0,209,0.258819045102521,-0.9659258262890682,-0.4405187843504952,-0.8977433935342336,18550.0,max_ac,14120.0,0.7611859838274933,0.7611859838274933,0.6659132912478224,12352.691552647106,1767.3084473528943,leave_one_system_out
1239,2019-07-28 12:00:00,13475.0,755.9385,28.9511148272,1.2246467991473532e-16,-1.0,-0.4405187843504952,-0.8977433935342336,12.0,209,1.2246467991473532e-16,-1.0,-0.4405187843504952,-0.8977433935342336,18550.0,max_ac,13475.0,0.7264150943396226,0.7264150943396226,0.6506615190230829,12069.771177878187,1405.2288221218132,leave_one_system_out
1239,2019-07-28 13:00:00,3335.0,184.69775,27.462086930300003,-0.2588190451025208,-0.9659258262890684,-0.4405187843504952,-0.8977433935342336,13.0,209,-0.2588190451025208,-0.9659258262890683,-0.4405187843504952,-0.8977433935342336,18550.0,max_ac,3335.0,0.1797843665768194,0.1797843665768194,0.3365694678894613,6243.363629349507,-2908.3636293495074,leave_one_system_out
1239,2019-07-28 14:00:00,8530.0,457.4465,27.927364745300007,-0.4999999999999997,-0.8660254037844388,-0.4405187843504952,-0.8977433935342336,14.0,209,-0.4999999999999997,-0.8660254037844388,-0.4405187843504952,-0.8977433935342336,18550.0,max_ac,8530.0,0.45983827493261453,0.45983827493261453,0.4327760614705831,8027.9959402793165,502.0040597206835,leave_one_system_out
1239,2019-07-28 15:00:00,870.0,71.18675,25.0068089561,-0.7071067811865471,-0.7071067811865479,-0.4405187843504952,-0.8977433935342336,15.0,209,-0.7071067811865471,-0.7071067811865479,-0.4405187843504952,-0.8977433935342336,18550.0,max_ac,870.0,0.04690026954177898,0.04690026954177898,0.11156857782889823,2069.597118726062,-1199.597118726062,leave_one_system_out
1239,2019-07-28 16:00:00,8050.0,444.13825,22.9197254558,-0.8660254037844385,-0.5000000000000004,-0.4405187843504952,-0.8977433935342336,16.0,209,-0.8660254037844385,-0.5000000000000004,-0.4405187843504952,-0.8977433935342336,18550.0,max_ac,8050.0,0.4339622641509434,0.4339622641509434,0.38286849222853475,7102.210530839319,947.7894691606807,leave_one_system_out
1239,2019-07-28 17:00:00,7055.75,428.5175,25.767503461400004,-0.9659258262890684,-0.2588190451025206,-0.4405187843504952,-0.8977433935342336,17.0,209,-0.9659258262890683,-0.25881904510252063,-0.4405187843504952,-0.8977433935342336,18550.0,max_ac,7055.75,0.38036388140161725,0.38036388140161725,0.39727696824390835,7369.4877609244995,-313.7377609244995,leave_one_system_out
1239,2019-07-28 18:00:00,1860.75,161.65949999999998,25.4526423251,-1.0,-1.8369701987210287e-16,-0.4405187843504952,-0.8977433935342336,18.0,209,-1.0,-1.8369701987210297e-16,-0.4405187843504952,-0.8977433935342336,18550.0,max_ac,1860.75,0.1003099730458221,0.1003099730458221,0.15519774544469223,2878.918177999041,-1018.1681779990408,leave_one_system_out
1239,2019-07-29 06:00:00,1085.0,118.15775,19.52930851790001,1.0,6.123233995736766e-17,-0.455906693508459,-0.8900275764346766,6.0,210,1.0,6.123233995736766e-17,-0.455906693508459,-0.8900275764346766,18550.0,max_ac,1085.0,0.05849056603773585,0.05849056603773585,0.1051582823521503,1950.6861376323882,-865.6861376323882,leave_one_system_out
1239,2019-07-29 07:00:00,4375.0,281.03875000000005,23.2390310369,0.9659258262890684,-0.2588190451025206,-0.455906693508459,-0.8900275764346766,7.0,210,0.9659258262890683,-0.25881904510252063,-0.455906693508459,-0.8900275764346766,18550.0,max_ac,4375.0,0.2358490566037736,0.2358490566037736,0.28247796679764364,5239.966284096289,-864.9662840962892,leave_one_system_out
1239,2019-07-29 08:00:00,4465.0,262.757,25.847781245600004,0.8660254037844387,-0.4999999999999998,-0.455906693508459,-0.8900275764346766,8.0,210,0.8660254037844387,-0.4999999999999998,-0.455906693508459,-0.8900275764346766,18550.0,max_ac,4465.0,0.24070080862533694,0.24070080862533694,0.3521585435820246,6532.540983446556,-2067.5409834465563,leave_one_system_out
1239,2019-07-29 09:00:00,9050.0,511.68175,28.430975896700005,0.7071067811865476,-0.7071067811865475,-0.455906693508459,-0.8900275764346766,9.0,210,0.7071067811865476,-0.7071067811865475,-0.455906693508459,-0.8900275764346766,18550.0,max_ac,9050.0,0.48787061994609165,0.48787061994609165,0.5225904648707937,9694.053123353224,-644.0531233532238,leave_one_system_out
1239,2019-07-29 10:00:00,7425.0,435.4335,30.57000384560001,0.4999999999999999,-0.8660254037844387,-0.455906693508459,-0.8900275764346766,10.0,210,0.49999999999999994,-0.8660254037844387,-0.455906693508459,-0.8900275764346766,18550.0,max_ac,7425.0,0.4002695417789757,0.4002695417789757,0.5319918013485012,9868.447915014698,-2443.447915014698,leave_one_system_out
1239,2019-07-29 11:00:00,14935.0,815.3225,29.7922260056,0.258819045102521,-0.9659258262890682,-0.455906693508459,-0.8900275764346766,11.0,210,0.258819045102521,-0.9659258262890682,-0.455906693508459,-0.8900275764346766,18550.0,max_ac,14935.0,0.8051212938005391,0.8051212938005391,0.6829372361878705,12668.485731284998,2266.514268715002,leave_one_system_out
1239,2019-07-29 12:00:00,16115.0,873.17975,29.987642687900006,1.2246467991473532e-16,-1.0,-0.455906693508459,-0.8900275764346766,12.0,210,1.2246467991473532e-16,-1.0,-0.455906693508459,-0.8900275764346766,18550.0,max_ac,16115.0,0.868733153638814,0.868733153638814,0.7025082149169801,13031.52738670998,3083.4726132900196,leave_one_system_out
1239,2019-07-29 13:00:00,4345.0,217.29125,28.558892573600005,-0.2588190451025208,-0.9659258262890684,-0.455906693508459,-0.8900275764346766,13.0,210,-0.2588190451025208,-0.9659258262890683,-0.455906693508459,-0.8900275764346766,18550.0,max_ac,4345.0,0.23423180592991913,0.23423180592991913,0.3545372057197994,6576.665166102279,-2231.665166102279,leave_one_system_out
1239,2019-07-29 14:00:00,10390.0,568.034,31.672365044900005,-0.4999999999999997,-0.8660254037844388,-0.455906693508459,-0.8900275764346766,14.0,210,-0.4999999999999997,-0.8660254037844388,-0.455906693508459,-0.8900275764346766,18550.0,max_ac,10390.0,0.5601078167115903,0.5601078167115903,0.504337497897663,9355.460586001649,1034.539413998351,leave_one_system_out
1239,2019-07-29 15:00:00,5760.0,314.76725,29.318337078800003,-0.7071067811865471,-0.7071067811865479,-0.455906693508459,-0.8900275764346766,15.0,210,-0.7071067811865471,-0.7071067811865479,-0.455906693508459,-0.8900275764346766,18550.0,max_ac,5760.0,0.3105121293800539,0.3105121293800539,0.2977269927295941,5522.835715133971,237.16428486602945,leave_one_system_out
1239,2019-07-29 16:00:00,9015.0,522.1755,31.6344483752,-0.8660254037844385,-0.5000000000000004,-0.455906693508459,-0.8900275764346766,16.0,210,-0.8660254037844385,-0.5000000000000004,-0.455906693508459,-0.8900275764346766,18550.0,max_ac,9015.0,0.48598382749326147,0.48598382749326147,0.4536503717653639,8415.2143962475,599.7856037524998,leave_one_system_out
1239,2019-07-29 17:00:00,4855.0,318.78125,31.531670589200004,-0.9659258262890684,-0.2588190451025206,-0.455906693508459,-0.8900275764346766,17.0,210,-0.9659258262890683,-0.25881904510252063,-0.455906693508459,-0.8900275764346766,18550.0,max_ac,4855.0,0.26172506738544477,0.26172506738544477,0.289604491185938,5372.16331149915,-517.16331149915,leave_one_system_out
1239,2019-07-29 18:00:00,2031.25,185.527,30.081781584320005,-1.0,-1.8369701987210287e-16,-0.455906693508459,-0.8900275764346766,18.0,210,-1.0,-1.8369701987210297e-16,-0.455906693508459,-0.8900275764346766,18550.0,max_ac,2031.25,0.10950134770889487,0.10950134770889487,0.18343794377034167,3402.773856939838,-1371.523856939838,leave_one_system_out
1239,2019-07-30 06:00:00,875.0,95.2505,20.2268085737,1.0,6.123233995736766e-17,-0.4711595076738639,-0.8820480249558535,6.0,211,1.0,6.123233995736766e-17,-0.47115950767386394,-0.8820480249558535,18550.0,max_ac,875.0,0.04716981132075472,0.04716981132075472,0.09045629890204887,1677.9643446330065,-802.9643446330065,leave_one_system_out
1239,2019-07-30 07:00:00,4670.0,300.892,24.113753329100003,0.9659258262890684,-0.2588190451025206,-0.4711595076738639,-0.8820480249558535,7.0,211,0.9659258262890683,-0.25881904510252063,-0.47115950767386394,-0.8820480249558535,18550.0,max_ac,4670.0,0.2517520215633423,0.2517520215633423,0.29439145306210457,5460.96145430204,-790.9614543020398,leave_one_system_out
1239,2019-07-30 08:00:00,5225.0,308.22225000000003,26.0769479306,0.8660254037844387,-0.4999999999999998,-0.4711595076738639,-0.8820480249558535,8.0,211,0.8660254037844387,-0.4999999999999998,-0.47115950767386394,-0.8820480249558535,18550.0,max_ac,5225.0,0.2816711590296496,0.2816711590296496,0.37239233191657783,6907.877757052519,-1682.877757052519,leave_one_system_out
1239,2019-07-30 09:00:00,8180.0,462.70425,29.090420393900004,0.7071067811865476,-0.7071067811865475,-0.4711595076738639,-0.8820480249558535,9.0,211,0.7071067811865476,-0.7071067811865475,-0.47115950767386394,-0.8820480249558535,18550.0,max_ac,8180.0,0.44097035040431265,0.44097035040431265,0.5034073362284522,9338.206087037788,-1158.2060870377882,leave_one_system_out
1239,2019-07-30 10:00:00,9435.0,531.03325,30.3140316029,0.4999999999999999,-0.8660254037844387,-0.4711595076738639,-0.8820480249558535,10.0,211,0.49999999999999994,-0.8660254037844387,-0.47115950767386394,-0.8820480249558535,18550.0,max_ac,9435.0,0.5086253369272237,0.5086253369272237,0.5657969112891681,10495.532704414069,-1060.5327044140686,leave_one_system_out
1239,2019-07-30 11:00:00,9815.0,551.80225,31.4825039186,0.258819045102521,-0.9659258262890682,-0.4711595076738639,-0.8820480249558535,11.0,211,0.258819045102521,-0.9659258262890682,-0.47115950767386394,-0.8820480249558535,18550.0,max_ac,9815.0,0.5291105121293801,0.5291105121293801,0.5827706386736416,10810.395347396052,-995.3953473960519,leave_one_system_out
1239,2019-07-30 12:00:00,8775.0,473.00125,30.991670546,1.2246467991473532e-16,-1.0,-0.4711595076738639,-0.8820480249558535,12.0,211,1.2246467991473532e-16,-1.0,-0.47115950767386394,-0.8820480249558535,18550.0,max_ac,8775.0,0.47304582210242585,0.47304582210242585,0.5294776997866268,9821.811331041928,-1046.8113310419285,leave_one_system_out
1239,2019-07-30 13:00:00,9795.0,543.316,31.185837228200004,-0.2588190451025208,-0.9659258262890684,-0.4711595076738639,-0.8820480249558535,13.0,211,-0.2588190451025208,-0.9659258262890683,-0.47115950767386394,-0.8820480249558535,18550.0,max_ac,9795.0,0.5280323450134771,0.5280323450134771,0.5249827064576575,9738.429204789547,56.57079521045307,leave_one_system_out
1239,2019-07-30 14:00:00,12554.5,725.0029999999999,33.56375408510001,-0.4999999999999997,-0.8660254037844388,-0.4711595076738639,-0.8820480249558535,14.0,211,-0.4999999999999997,-0.8660254037844388,-0.47115950767386394,-0.8820480249558535,18550.0,max_ac,12554.5,0.6767924528301886,0.6767924528301886,0.6002949447734238,11135.471225547011,1419.0287744529887,leave_one_system_out
1239,2019-07-30 15:00:00,7825.0,439.92775,34.02514301090001,-0.7071067811865471,-0.7071067811865479,-0.4711595076738639,-0.8820480249558535,15.0,211,-0.7071067811865471,-0.7071067811865479,-0.47115950767386394,-0.8820480249558535,18550.0,max_ac,7825.0,0.42183288409703507,0.42183288409703507,0.39349914208710834,7299.40908571586,525.5909142841401,leave_one_system_out
1239,2019-07-30 16:00:00,4770.0,282.84975,33.003892929200006,-0.8660254037844385,-0.5000000000000004,-0.4711595076738639,-0.8820480249558535,16.0,211,-0.8660254037844385,-0.5000000000000004,-0.47115950767386394,-0.8820480249558535,18550.0,max_ac,4770.0,0.2571428571428571,0.2571428571428571,0.2501802329345222,4640.843320935386,129.15667906461385,leave_one_system_out
1239,2019-07-30 17:00:00,4045.0,267.753,31.3812539105,-0.9659258262890684,-0.2588190451025206,-0.4711595076738639,-0.8820480249558535,17.0,211,-0.9659258262890683,-0.25881904510252063,-0.47115950767386394,-0.8820480249558535,18550.0,max_ac,4045.0,0.21805929919137465,0.21805929919137465,0.23886952647231444,4431.029716061433,-386.02971606143274,leave_one_system_out
1239,2019-07-30 18:00:00,1830.0,196.78375,31.93667062160001,-1.0,-1.8369701987210287e-16,-0.4711595076738639,-0.8820480249558535,18.0,211,-1.0,-1.8369701987210297e-16,-0.47115950767386394,-0.8820480249558535,18550.0,max_ac,1830.0,0.09865229110512129,0.09865229110512129,0.1962088262813375,3639.6737275188107,-1809.6737275188107,leave_one_system_out
1239,2019-07-31 06:00:00,1345.0,131.02925,22.250419846700005,1.0,6.123233995736766e-17,-0.4862727071086902,-0.8738071036110807,6.0,212,1.0,6.123233995736766e-17,-0.4862727071086902,-0.8738071036110807,18550.0,max_ac,1345.0,0.0725067385444744,0.0725067385444744,0.11796866927529581,2188.318815056737,-843.3188150567371,leave_one_system_out
1239,2019-07-31 07:00:00,4115.0,271.898,24.8363922758,0.9659258262890684,-0.2588190451025206,-0.4862727071086902,-0.8738071036110807,7.0,212,0.9659258262890683,-0.25881904510252063,-0.4862727071086902,-0.8738071036110807,18550.0,max_ac,4115.0,0.22183288409703503,0.22183288409703503,0.278991815451839,5175.298176631613,-1060.2981766316134,leave_one_system_out
1239,2019-07-31 08:00:00,5470.0,316.11975,26.535281300600005,0.8660254037844387,-0.4999999999999998,-0.4862727071086902,-0.8738071036110807,8.0,212,0.8660254037844387,-0.4999999999999998,-0.4862727071086902,-0.8738071036110807,18550.0,max_ac,5470.0,0.29487870619946094,0.29487870619946094,0.3759103693259446,6973.137350996273,-1503.1373509962732,leave_one_system_out
1239,2019-07-31 09:00:00,6830.0,378.38375,26.919170220200005,0.7071067811865476,-0.7071067811865475,-0.4862727071086902,-0.8738071036110807,9.0,212,0.7071067811865476,-0.7071067811865475,-0.4862727071086902,-0.8738071036110807,18550.0,max_ac,6830.0,0.3681940700808625,0.3681940700808625,0.4630486771357004,8589.552960867242,-1759.5529608672423,leave_one_system_out
1239,2019-07-31 10:00:00,11940.0,664.6584999999999,31.398059467400007,0.4999999999999999,-0.8660254037844387,-0.4862727071086902,-0.8738071036110807,10.0,212,0.49999999999999994,-0.8660254037844387,-0.4862727071086902,-0.8738071036110807,18550.0,max_ac,11940.0,0.6436657681940701,0.6436657681940701,0.6169341794477952,11444.1290287566,495.87097124339925,leave_one_system_out
1239,2019-07-31 11:00:00,8320.0,485.32775,33.7015318739,0.258819045102521,-0.9659258262890682,-0.4862727071086902,-0.8738071036110807,11.0,212,0.258819045102521,-0.9659258262890682,-0.4862727071086902,-0.8738071036110807,18550.0,max_ac,8320.0,0.4485175202156334,0.4485175202156334,0.5608285526176501,10403.369651057408,-2083.369651057408,leave_one_system_out
1239,2019-07-31 12:00:00,45.0,21.81625,20.564447489600003,1.2246467991473532e-16,-1.0,-0.4862727071086902,-0.8738071036110807,12.0,212,1.2246467991473532e-16,-1.0,-0.4862727071086902,-0.8738071036110807,18550.0,max_ac,45.0,0.002425876010781671,0.002425876010781671,0.29567286697156836,5484.731682322593,-5439.731682322593,leave_one_system_out
1239,2019-07-31 13:00:00,12345.0,666.6005,22.765280999000005,-0.2588190451025208,-0.9659258262890684,-0.4862727071086902,-0.8738071036110807,13.0,212,-0.2588190451025208,-0.9659258262890683,-0.4862727071086902,-0.8738071036110807,18550.0,max_ac,12345.0,0.6654986522911052,0.6654986522911052,0.5780674687516005,10723.15154534219,1621.8484546578093,leave_one_system_out
1239,2019-07-31 14:00:00,14635.0,796.4952499999999,28.485698123300004,-0.4999999999999997,-0.8660254037844388,-0.4862727071086902,-0.8738071036110807,14.0,212,-0.4999999999999997,-0.8660254037844388,-0.4862727071086902,-0.8738071036110807,18550.0,max_ac,14635.0,0.7889487870619946,0.7889487870619946,0.6420915701531762,11910.798626341419,2724.2013736585814,leave_one_system_out
1239,2019-07-31 15:00:00,8185.0,434.67025,27.9725036378,-0.7071067811865471,-0.7071067811865479,-0.4862727071086902,-0.8738071036110807,15.0,212,-0.7071067811865471,-0.7071067811865479,-0.4862727071086902,-0.8738071036110807,18550.0,max_ac,8185.0,0.4412398921832884,0.4412398921832884,0.3826354825132615,7097.8882006210015,1087.1117993789985,leave_one_system_out
1239,2019-07-31 16:00:00,9765.0,541.89775,28.73889258800001,-0.8660254037844385,-0.5000000000000004,-0.4862727071086902,-0.8738071036110807,16.0,212,-0.8660254037844385,-0.5000000000000004,-0.4862727071086902,-0.8738071036110807,18550.0,max_ac,9765.0,0.5264150943396226,0.5264150943396226,0.46983659165400843,8715.468775181856,1049.5312248181435,leave_one_system_out
1239,2019-07-31 17:00:00,4650.0,304.12100000000004,28.834587040100004,-0.9659258262890684,-0.2588190451025206,-0.4862727071086902,-0.8738071036110807,17.0,212,-0.9659258262890683,-0.25881904510252063,-0.4862727071086902,-0.8738071036110807,18550.0,max_ac,4650.0,0.25067385444743934,0.25067385444743934,0.27319230647551973,5067.717285120891,-417.71728512089066,leave_one_system_out
1239,2019-07-31 18:00:00,1735.0,152.95499999999998,26.331392395400005,-1.0,-1.8369701987210287e-16,-0.4862727071086902,-0.8738071036110807,18.0,212,-1.0,-1.8369701987210297e-16,-0.4862727071086902,-0.8738071036110807,18550.0,max_ac,1735.0,0.09353099730458221,0.09353099730458221,0.14479502386159265,2685.9476926325437,-950.9476926325437,leave_one_system_out
1239,2019-08-01 06:00:00,956.0,124.31,17.684308370300005,1.0,6.123233995736766e-17,-0.5012418134457756,-0.8653072543632061,6.0,213,1.0,6.123233995736766e-17,-0.5012418134457756,-0.8653072543632061,18550.0,max_ac,956.0,0.051536388140161725,0.051536388140161725,0.10217665454412511,1895.376941793521,-939.3769417935209,leave_one_system_out
1239,2019-08-01 07:00:00,5810.0,364.44325,20.347780805600006,0.9659258262890684,-0.2588190451025206,-0.5012418134457756,-0.8653072543632061,7.0,213,0.9659258262890683,-0.25881904510252063,-0.5012418134457756,-0.8653072543632061,18550.0,max_ac,5810.0,0.3132075471698113,0.3132075471698113,0.32083505349736,5951.490242376029,-141.49024237602862,leave_one_system_out
1239,2019-08-01 08:00:00,3510.0,198.70375,20.59819749230001,0.8660254037844387,-0.4999999999999998,-0.5012418134457756,-0.8653072543632061,8.0,213,0.8660254037844387,-0.4999999999999998,-0.5012418134457756,-0.8653072543632061,18550.0,max_ac,3510.0,0.18921832884097034,0.18921832884097034,0.3033432417983311,5627.017135359042,-2117.017135359042,leave_one_system_out
1239,2019-08-01 09:00:00,4570.0,243.8855,19.335280724600004,0.7071067811865476,-0.7071067811865475,-0.5012418134457756,-0.8653072543632061,9.0,213,0.7071067811865476,-0.7071067811865475,-0.5012418134457756,-0.8653072543632061,18550.0,max_ac,4570.0,0.2463611859838275,0.2463611859838275,0.3845771822905708,7133.9067314900885,-2563.9067314900885,leave_one_system_out
1239,2019-08-01 10:00:00,12850.0,693.97975,24.714170043800003,0.4999999999999999,-0.8660254037844387,-0.5012418134457756,-0.8653072543632061,10.0,213,0.49999999999999994,-0.8660254037844387,-0.5012418134457756,-0.8653072543632061,18550.0,max_ac,12850.0,0.692722371967655,0.692722371967655,0.6174851070985434,11454.348736677981,1395.651263322019,leave_one_system_out
1239,2019-08-01 11:00:00,14874.5,797.06225,26.411670179600005,0.258819045102521,-0.9659258262890682,-0.5012418134457756,-0.8653072543632061,11.0,213,0.258819045102521,-0.9659258262890682,-0.5012418134457756,-0.8653072543632061,18550.0,max_ac,14874.5,0.8018598382749326,0.8018598382749326,0.6709074083468404,12445.332424833889,2429.1675751661114,leave_one_system_out
1239,2019-08-01 12:00:00,8465.0,456.683,25.411531210700005,1.2246467991473532e-16,-1.0,-0.5012418134457756,-0.8653072543632061,12.0,213,1.2246467991473532e-16,-1.0,-0.5012418134457756,-0.8653072543632061,18550.0,max_ac,8465.0,0.4563342318059299,0.4563342318059299,0.5080816300720538,9424.914237836598,-959.9142378365977,leave_one_system_out
1239,2019-08-01 13:00:00,12635.0,684.44625,25.82944791080001,-0.2588190451025208,-0.9659258262890684,-0.5012418134457756,-0.8653072543632061,13.0,213,-0.2588190451025208,-0.9659258262890683,-0.5012418134457756,-0.8653072543632061,18550.0,max_ac,12635.0,0.6811320754716981,0.6811320754716981,0.5902775668439175,10949.64886495467,1685.35113504533,leave_one_system_out
1239,2019-08-01 14:00:00,13205.0,730.0207499999999,27.355142477300006,-0.4999999999999997,-0.8660254037844388,-0.5012418134457756,-0.8653072543632061,14.0,213,-0.4999999999999997,-0.8660254037844388,-0.5012418134457756,-0.8653072543632061,18550.0,max_ac,13205.0,0.7118598382749326,0.7118598382749326,0.5998981397703879,11128.110492740694,2076.889507259306,leave_one_system_out
1239,2019-08-01 15:00:00,13810.0,754.673,29.034170389400003,-0.7071067811865471,-0.7071067811865479,-0.5012418134457756,-0.8653072543632061,15.0,213,-0.7071067811865471,-0.7071067811865479,-0.5012418134457756,-0.8653072543632061,18550.0,max_ac,13810.0,0.7444743935309973,0.7444743935309973,0.6206997361656924,11513.980105873594,2296.019894126406,leave_one_system_out
1239,2019-08-01 16:00:00,8040.0,453.82475,27.867086962700007,-0.8660254037844385,-0.5000000000000004,-0.5012418134457756,-0.8653072543632061,16.0,213,-0.8660254037844385,-0.5000000000000004,-0.5012418134457756,-0.8653072543632061,18550.0,max_ac,8040.0,0.4334231805929919,0.4334231805929919,0.3925932077206297,7282.604003217682,757.3959967823184,leave_one_system_out
1239,2019-08-01 17:00:00,5495.0,350.10975,26.24694794420001,-0.9659258262890684,-0.2588190451025206,-0.5012418134457756,-0.8653072543632061,17.0,213,-0.9659258262890683,-0.25881904510252063,-0.5012418134457756,-0.8653072543632061,18550.0,max_ac,5495.0,0.2962264150943396,0.2962264150943396,0.3182384406063029,5903.323073246919,-408.3230732469192,leave_one_system_out
1239,2019-08-01 18:00:00,1840.0,200.798,25.435558990400004,-1.0,-1.8369701987210287e-16,-0.5012418134457756,-0.8653072543632061,18.0,213,-1.0,-1.8369701987210297e-16,-0.5012418134457756,-0.8653072543632061,18550.0,max_ac,1840.0,0.09919137466307278,0.09919137466307278,0.19829674806770306,3678.4046766558918,-1838.4046766558918,leave_one_system_out
1239,2019-08-02 06:00:00,1080.0,108.47125,15.364030406900005,1.0,6.123233995736766e-17,-0.5160623910158526,-0.8565509959010037,6.0,214,1.0,6.123233995736766e-17,-0.5160623910158526,-0.8565509959010037,18550.0,max_ac,1080.0,0.05822102425876011,0.05822102425876011,0.08509960660253457,1578.5977024770164,-498.59770247701636,leave_one_system_out
1239,2019-08-02 07:00:00,3980.0,267.01075,18.5915306651,0.9659258262890684,-0.2588190451025206,-0.5160623910158526,-0.8565509959010037,7.0,214,0.9659258262890683,-0.25881904510252063,-0.5160623910158526,-0.8565509959010037,18550.0,max_ac,3980.0,0.21455525606469003,0.21455525606469003,0.260491811862969,4832.123110058074,-852.1231100580744,leave_one_system_out
1239,2019-08-02 08:00:00,7760.0,430.30675,21.0579197513,0.8660254037844387,-0.4999999999999998,-0.5160623910158526,-0.8565509959010037,8.0,214,0.8660254037844387,-0.4999999999999998,-0.5160623910158526,-0.8565509959010037,18550.0,max_ac,7760.0,0.4183288409703504,0.4183288409703504,0.4160336854238064,7717.424864611609,42.57513538839066,leave_one_system_out
1239,2019-08-02 09:00:00,10715.0,583.06525,25.2204200843,0.7071067811865476,-0.7071067811865475,-0.5160623910158526,-0.8565509959010037,9.0,214,0.7071067811865476,-0.7071067811865475,-0.5160623910158526,-0.8565509959010037,18550.0,max_ac,10715.0,0.5776280323450135,0.5776280323450135,0.5424033983699855,10061.58303976323,653.4169602367692,leave_one_system_out
1239,2019-08-02 10:00:00,12825.0,707.0260000000001,28.217086990700004,0.4999999999999999,-0.8660254037844387,-0.5160623910158526,-0.8565509959010037,10.0,214,0.49999999999999994,-0.8660254037844387,-0.5160623910158526,-0.8565509959010037,18550.0,max_ac,12825.0,0.6913746630727763,0.6913746630727763,0.6269630817123093,11630.165165763337,1194.8348342366626,leave_one_system_out
1239,2019-08-02 11:00:00,14345.0,790.64825,29.5433370968,0.258819045102521,-0.9659258262890682,-0.5160623910158526,-0.8565509959010037,11.0,214,0.258819045102521,-0.9659258262890682,-0.5160623910158526,-0.8565509959010037,18550.0,max_ac,14345.0,0.7733153638814017,0.7733153638814017,0.6711661579113317,12450.132229255203,1894.8677707447969,leave_one_system_out
1239,2019-08-02 12:00:00,12835.0,701.5285,28.1300036504,1.2246467991473532e-16,-1.0,-0.5160623910158526,-0.8565509959010037,12.0,214,1.2246467991473532e-16,-1.0,-0.5160623910158526,-0.8565509959010037,18550.0,max_ac,12835.0,0.6919137466307278,0.6919137466307278,0.6227799310835483,11552.567721599822,1282.432278400178,leave_one_system_out
1239,2019-08-02 13:00:00,10325.0,555.72925,27.791114734400004,-0.2588190451025208,-0.9659258262890684,-0.5160623910158526,-0.8565509959010037,13.0,214,-0.2588190451025208,-0.9659258262890683,-0.5160623910158526,-0.8565509959010037,18550.0,max_ac,10325.0,0.5566037735849056,0.5566037735849056,0.5235260704236457,9711.40860635863,613.5913936413708,leave_one_system_out
1239,2019-08-02 14:00:00,12395.0,689.7475,29.973614909000005,-0.4999999999999997,-0.8660254037844388,-0.5160623910158526,-0.8565509959010037,14.0,214,-0.4999999999999997,-0.8660254037844388,-0.5160623910158526,-0.8565509959010037,18550.0,max_ac,12395.0,0.6681940700808625,0.6681940700808625,0.5756649941887471,10678.585642201258,1716.4143577987415,leave_one_system_out
1239,2019-08-02 15:00:00,7995.0,435.717,27.9331980791,-0.7071067811865471,-0.7071067811865479,-0.5160623910158526,-0.8565509959010037,15.0,214,-0.7071067811865471,-0.7071067811865479,-0.5160623910158526,-0.8565509959010037,18550.0,max_ac,7995.0,0.43099730458221025,0.43099730458221025,0.38195693741115894,7085.301188976999,909.6988110230013,leave_one_system_out
1239,2019-08-02 16:00:00,5620.0,327.28975,28.275003662000007,-0.8660254037844385,-0.5000000000000004,-0.5160623910158526,-0.8565509959010037,16.0,214,-0.8660254037844385,-0.5000000000000004,-0.5160623910158526,-0.8565509959010037,18550.0,max_ac,5620.0,0.30296495956873315,0.30296495956873315,0.2816724269281304,5225.023519516819,394.97648048318115,leave_one_system_out
1239,2019-08-02 17:00:00,880.0,65.951,22.0494476084,-0.9659258262890684,-0.2588190451025206,-0.5160623910158526,-0.8565509959010037,17.0,214,-0.9659258262890683,-0.25881904510252063,-0.5160623910158526,-0.8565509959010037,18550.0,max_ac,880.0,0.04743935309973046,0.04743935309973046,0.025877109658839825,480.0203841714788,399.9796158285212,leave_one_system_out
1239,2019-08-02 18:00:00,1195.0,110.631,20.3844474752,-1.0,-1.8369701987210287e-16,-0.5160623910158526,-0.8565509959010037,18.0,214,-1.0,-1.8369701987210297e-16,-0.5160623910158526,-0.8565509959010037,18550.0,max_ac,1195.0,0.06442048517520216,0.06442048517520216,0.09315918424006009,1728.1028676531146,-533.1028676531146,leave_one_system_out
1239,2019-08-03 06:00:00,945.0,79.60825,17.265141670100004,1.0,6.123233995736766e-17,-0.5307300481619331,-0.8475409228928312,6.0,215,1.0,6.123233995736766e-17,-0.5307300481619331,-0.8475409228928312,18550.0,max_ac,945.0,0.0509433962264151,0.0509433962264151,0.0684373098803806,1269.5120982810602,-324.51209828106016,leave_one_system_out
1239,2019-08-03 07:00:00,2030.0,122.89175,18.187780632800003,0.9659258262890684,-0.2588190451025206,-0.5307300481619331,-0.8475409228928312,7.0,215,0.9659258262890683,-0.25881904510252063,-0.5307300481619331,-0.8475409228928312,18550.0,max_ac,2030.0,0.10943396226415095,0.10943396226415095,0.17478752132214173,3242.308520525729,-1212.308520525729,leave_one_system_out
1239,2019-08-03 08:00:00,6390.0,365.33775,20.996114190800004,0.8660254037844387,-0.4999999999999998,-0.5307300481619331,-0.8475409228928312,8.0,215,0.8660254037844387,-0.4999999999999998,-0.5307300481619331,-0.8475409228928312,18550.0,max_ac,6390.0,0.3444743935309973,0.3444743935309973,0.3830881856514685,7106.285843834741,-716.2858438347412,leave_one_system_out
1239,2019-08-03 09:00:00,10425.0,584.19975,25.697225678,0.7071067811865476,-0.7071067811865475,-0.5307300481619331,-0.8475409228928312,9.0,215,0.7071067811865476,-0.7071067811865475,-0.5307300481619331,-0.8475409228928312,18550.0,max_ac,10425.0,0.5619946091644205,0.5619946091644205,0.5428750270912117,10070.331752541977,354.66824745802296,leave_one_system_out
1239,2019-08-03 10:00:00,12260.0,688.26425,28.420975895900003,0.4999999999999999,-0.8660254037844387,-0.5307300481619331,-0.8475409228928312,10.0,215,0.49999999999999994,-0.8660254037844387,-0.5307300481619331,-0.8475409228928312,18550.0,max_ac,12260.0,0.6609164420485175,0.6609164420485175,0.6191652924088236,11485.516174183676,774.4838258163236,leave_one_system_out
1239,2019-08-03 11:00:00,14670.0,817.22075,29.5165315391,0.258819045102521,-0.9659258262890682,-0.5307300481619331,-0.8475409228928312,11.0,215,0.258819045102521,-0.9659258262890682,-0.5307300481619331,-0.8475409228928312,18550.0,max_ac,14670.0,0.7908355795148247,0.7908355795148247,0.6813645006790948,12639.31148759721,2030.6885124027904,leave_one_system_out
1239,2019-08-03 12:00:00,15355.0,853.39225,28.02305919740001,1.2246467991473532e-16,-1.0,-0.5307300481619331,-0.8475409228928312,12.0,215,1.2246467991473532e-16,-1.0,-0.5307300481619331,-0.8475409228928312,18550.0,max_ac,15355.0,0.8277628032345014,0.8277628032345014,0.6912454128330733,12822.60240805351,2532.39759194649,leave_one_system_out
1239,2019-08-03 13:00:00,10750.0,592.3155,27.615420275900007,-0.2588190451025208,-0.9659258262890684,-0.5307300481619331,-0.8475409228928312,13.0,215,-0.2588190451025208,-0.9659258262890683,-0.5307300481619331,-0.8475409228928312,18550.0,max_ac,10750.0,0.5795148247978437,0.5795148247978437,0.5418021989178249,10050.430789925651,699.569210074349,leave_one_system_out
1239,2019-08-03 14:00:00,8260.0,461.9405,28.693892584400004,-0.4999999999999997,-0.8660254037844388,-0.5307300481619331,-0.8475409228928312,14.0,215,-0.4999999999999997,-0.8660254037844388,-0.5307300481619331,-0.8475409228928312,18550.0,max_ac,8260.0,0.44528301886792454,0.44528301886792454,0.43108906316739576,7996.702121755191,263.297878244809,leave_one_system_out
1239,2019-08-03 15:00:00,3760.0,220.32375,27.436809150500004,-0.7071067811865471,-0.7071067811865479,-0.5307300481619331,-0.8475409228928312,15.0,215,-0.7071067811865471,-0.7071067811865479,-0.5307300481619331,-0.8475409228928312,18550.0,max_ac,3760.0,0.20269541778975741,0.20269541778975741,0.21895581189391944,4061.6303106322057,-301.6303106322057,leave_one_system_out
1239,2019-08-03 16:00:00,1350.0,94.836,21.47153089550001,-0.8660254037844385,-0.5000000000000004,-0.5307300481619331,-0.8475409228928312,16.0,215,-0.8660254037844385,-0.5000000000000004,-0.5307300481619331,-0.8475409228928312,18550.0,max_ac,1350.0,0.07277628032345014,0.07277628032345014,0.06647472078449074,1233.1060705523032,116.89392944769679,leave_one_system_out
1239,2019-08-03 17:00:00,620.0,56.3955,18.5702806634,-0.9659258262890684,-0.2588190451025206,-0.5307300481619331,-0.8475409228928312,17.0,215,-0.9659258262890683,-0.25881904510252063,-0.5307300481619331,-0.8475409228928312,18550.0,max_ac,620.0,0.033423180592991916,0.033423180592991916,0.01115477989692265,206.92116708791517,413.07883291208486,leave_one_system_out
1239,2019-08-03 18:00:00,10.0,22.798,17.9204195003,-1.0,-1.8369701987210287e-16,-0.5307300481619331,-0.8475409228928312,18.0,215,-1.0,-1.8369701987210297e-16,-0.5307300481619331,-0.8475409228928312,18550.0,max_ac,10.0,0.0005390835579514825,0.0005390835579514825,-0.010492124768472832,-194.62891445517104,204.62891445517104,leave_one_system_out
1239,2019-08-04 06:00:00,1160.0,117.067,12.3786135014,1.0,6.123233995736766e-17,-0.5452404385406507,-0.8382797052177745,6.0,216,1.0,6.123233995736766e-17,-0.5452404385406507,-0.8382797052177745,18550.0,max_ac,1160.0,0.06253369272237197,0.06253369272237197,0.08270047262321845,1534.093767160702,-374.0937671607021,leave_one_system_out
1239,2019-08-04 07:00:00,4190.0,261.6225,14.0534747465,0.9659258262890684,-0.2588190451025206,-0.5452404385406507,-0.8382797052177745,7.0,216,0.9659258262890683,-0.25881904510252063,-0.5452404385406507,-0.8382797052177745,18550.0,max_ac,4190.0,0.22587601078167116,0.22587601078167116,0.2457712602574255,4559.056877775243,-369.05687777524327,leave_one_system_out
1239,2019-08-04 08:00:00,8100.0,436.41525,17.701391705000002,0.8660254037844387,-0.4999999999999998,-0.5452404385406507,-0.8382797052177745,8.0,216,0.8660254037844387,-0.4999999999999998,-0.5452404385406507,-0.8382797052177745,18550.0,max_ac,8100.0,0.4366576819407008,0.4366576819407008,0.41093945638613694,7622.92691596284,477.0730840371598,leave_one_system_out
1239,2019-08-04 09:00:00,11250.0,593.95175,20.2030585718,0.7071067811865476,-0.7071067811865475,-0.5452404385406507,-0.8382797052177745,9.0,216,0.7071067811865476,-0.7071067811865475,-0.5452404385406507,-0.8382797052177745,18550.0,max_ac,11250.0,0.6064690026954178,0.6064690026954178,0.5374538174657941,9969.76831399048,1280.2316860095198,leave_one_system_out
1239,2019-08-04 10:00:00,13110.0,709.077,20.7697252838,0.4999999999999999,-0.8660254037844387,-0.5452404385406507,-0.8382797052177745,10.0,216,0.49999999999999994,-0.8660254037844387,-0.5452404385406507,-0.8382797052177745,18550.0,max_ac,13110.0,0.7067385444743935,0.7067385444743935,0.6166671794275481,11439.176178381018,1670.823821618982,leave_one_system_out
1239,2019-08-04 11:00:00,14290.0,768.221,21.295558659200005,0.258819045102521,-0.9659258262890682,-0.5452404385406507,-0.8382797052177745,11.0,216,0.258819045102521,-0.9659258262890682,-0.5452404385406507,-0.8382797052177745,18550.0,max_ac,14290.0,0.7703504043126684,0.7703504043126684,0.6520930788600829,12096.326612854538,2193.6733871454617,leave_one_system_out
1239,2019-08-04 12:00:00,14840.0,773.3915000000001,21.110003088800003,1.2246467991473532e-16,-1.0,-0.5452404385406507,-0.8382797052177745,12.0,216,1.2246467991473532e-16,-1.0,-0.5452404385406507,-0.8382797052177745,18550.0,max_ac,14840.0,0.8,0.8,0.6481047625950163,12022.343346137552,2817.6566538624484,leave_one_system_out
1239,2019-08-04 13:00:00,9090.0,482.2515,21.592364238500004,-0.2588190451025208,-0.9659258262890684,-0.5452404385406507,-0.8382797052177745,13.0,216,-0.2588190451025208,-0.9659258262890683,-0.5452404385406507,-0.8382797052177745,18550.0,max_ac,9090.0,0.4900269541778976,0.4900269541778976,0.4724160660477622,8763.318025185989,326.6819748140115,leave_one_system_out
1239,2019-08-04 14:00:00,5690.0,307.764,21.551669790800005,-0.4999999999999997,-0.8660254037844388,-0.5452404385406507,-0.8382797052177745,14.0,216,-0.4999999999999997,-0.8660254037844388,-0.5452404385406507,-0.8382797052177745,18550.0,max_ac,5690.0,0.3067385444743935,0.3067385444743935,0.31981314176200926,5932.533779685272,-242.53377968527184,leave_one_system_out
1239,2019-08-04 15:00:00,8395.0,446.90925,21.776530919900004,-0.7071067811865471,-0.7071067811865479,-0.5452404385406507,-0.8382797052177745,15.0,216,-0.7071067811865471,-0.7071067811865479,-0.5452404385406507,-0.8382797052177745,18550.0,max_ac,8395.0,0.45256064690026954,0.45256064690026954,0.3836374309362915,7116.474343868207,1278.5256561317929,leave_one_system_out
1239,2019-08-04 16:00:00,4775.0,249.71075,22.503614311400007,-0.8660254037844385,-0.5000000000000004,-0.5452404385406507,-0.8382797052177745,16.0,216,-0.8660254037844385,-0.5000000000000004,-0.5452404385406507,-0.8382797052177745,18550.0,max_ac,4775.0,0.2574123989218329,0.2574123989218329,0.20610812620149757,3823.30574103778,951.6942589622199,leave_one_system_out
1239,2019-08-04 17:00:00,1895.0,120.3175,20.570003045600004,-0.9659258262890684,-0.2588190451025206,-0.5452404385406507,-0.8382797052177745,17.0,216,-0.9659258262890683,-0.25881904510252063,-0.5452404385406507,-0.8382797052177745,18550.0,max_ac,1895.0,0.10215633423180592,0.10215633423180592,0.07876653385315013,1461.119202975935,433.88079702406503,leave_one_system_out
1239,2019-08-04 18:00:00,1445.0,160.39425,20.084864117900004,-1.0,-1.8369701987210287e-16,-0.5452404385406507,-0.8382797052177745,18.0,216,-1.0,-1.8369701987210297e-16,-0.5452404385406507,-0.8382797052177745,18550.0,max_ac,1445.0,0.07789757412398922,0.07789757412398922,0.15013297694286684,2784.96672229018,-1339.9667222901799,leave_one_system_out
1239,2019-08-05 06:00:00,1120.25,116.43425,11.662918999700004,1.0,6.123233995736766e-17,-0.5595892624101763,-0.828770087174504,6.0,217,1.0,6.123233995736766e-17,-0.5595892624101763,-0.828770087174504,18550.0,max_ac,1120.25,0.06039083557951482,0.06039083557951482,0.07982415503580759,1480.7380759142306,-360.48807591423065,leave_one_system_out
1239,2019-08-05 07:00:00,4255.0,267.971,14.171530311500003,0.9659258262890684,-0.2588190451025206,-0.5595892624101763,-0.828770087174504,7.0,217,0.9659258262890683,-0.25881904510252063,-0.5595892624101763,-0.828770087174504,18550.0,max_ac,4255.0,0.2293800539083558,0.2293800539083558,0.24892292167645466,4617.520197098234,-362.52019709823435,leave_one_system_out
1239,2019-08-05 08:00:00,8275.0,441.3025,17.659169479400006,0.8660254037844387,-0.4999999999999998,-0.5595892624101763,-0.828770087174504,8.0,217,0.8660254037844387,-0.4999999999999998,-0.5595892624101763,-0.828770087174504,18550.0,max_ac,8275.0,0.44609164420485176,0.44609164420485176,0.4125138330722639,7652.131603490496,622.8683965095042,leave_one_system_out
1239,2019-08-05 09:00:00,11425.0,594.95525,20.292919690100007,0.7071067811865476,-0.7071067811865475,-0.5595892624101763,-0.828770087174504,9.0,217,0.7071067811865476,-0.7071067811865475,-0.5595892624101763,-0.828770087174504,18550.0,max_ac,11425.0,0.6159029649595688,0.6159029649595688,0.5373418124164668,9967.69062032546,1457.3093796745397,leave_one_system_out
1239,2019-08-05 10:00:00,13590.0,723.89025,23.3712532697,0.4999999999999999,-0.8660254037844387,-0.5595892624101763,-0.828770087174504,10.0,217,0.49999999999999994,-0.8660254037844387,-0.5595892624101763,-0.828770087174504,18550.0,max_ac,13590.0,0.7326145552560647,0.7326145552560647,0.6256028172437333,11604.932259871253,1985.0677401287467,leave_one_system_out
1239,2019-08-05 11:00:00,14985.0,804.3054999999999,26.250003500000005,0.258819045102521,-0.9659258262890682,-0.5595892624101763,-0.828770087174504,11.0,217,0.258819045102521,-0.9659258262890682,-0.5595892624101763,-0.828770087174504,18550.0,max_ac,14985.0,0.8078167115902964,0.8078167115902964,0.6720132598701483,12465.84597059125,2519.15402940875,leave_one_system_out
1239,2019-08-05 12:00:00,16050.0,840.6949999999999,24.800003384,1.2246467991473532e-16,-1.0,-0.5595892624101763,-0.828770087174504,12.0,217,1.2246467991473532e-16,-1.0,-0.5595892624101763,-0.828770087174504,18550.0,max_ac,16050.0,0.8652291105121294,0.8652291105121294,0.6827312771670992,12664.66519144969,3385.3348085503094,leave_one_system_out
1239,2019-08-05 13:00:00,15810.0,842.94225,25.240281197000005,-0.2588190451025208,-0.9659258262890684,-0.5595892624101763,-0.828770087174504,13.0,217,-0.2588190451025208,-0.9659258262890683,-0.5595892624101763,-0.828770087174504,18550.0,max_ac,15810.0,0.8522911051212938,0.8522911051212938,0.6744523975178638,12511.091973956372,3298.9080260436276,leave_one_system_out
1239,2019-08-05 14:00:00,15360.0,840.1062499999999,27.2848646939,-0.4999999999999997,-0.8660254037844388,-0.5595892624101763,-0.828770087174504,14.0,217,-0.4999999999999997,-0.8660254037844388,-0.5595892624101763,-0.828770087174504,18550.0,max_ac,15360.0,0.8280323450134771,0.8280323450134771,0.6698021679779962,12424.83021599183,2935.1697840081706,leave_one_system_out
1239,2019-08-05 15:00:00,13895.0,744.24475,28.633475912900003,-0.7071067811865471,-0.7071067811865479,-0.5595892624101763,-0.828770087174504,15.0,217,-0.7071067811865471,-0.7071067811865479,-0.5595892624101763,-0.828770087174504,18550.0,max_ac,13895.0,0.7490566037735849,0.7490566037735849,0.6134563127615815,11379.614601727337,2515.385398272663,leave_one_system_out
1239,2019-08-05 16:00:00,9575.0,540.0435,28.425420340700008,-0.8660254037844385,-0.5000000000000004,-0.5595892624101763,-0.828770087174504,16.0,217,-0.8660254037844385,-0.5000000000000004,-0.5595892624101763,-0.828770087174504,18550.0,max_ac,9575.0,0.5161725067385444,0.5161725067385444,0.4677935484904617,8677.570324498063,897.4296755019368,leave_one_system_out
1239,2019-08-05 17:00:00,3235.0,214.56425,26.906531330300005,-0.9659258262890684,-0.2588190451025206,-0.5595892624101763,-0.828770087174504,17.0,217,-0.9659258262890683,-0.25881904510252063,-0.5595892624101763,-0.828770087174504,18550.0,max_ac,3235.0,0.1743935309973046,0.1743935309973046,0.17969287797436906,3333.302886424546,-98.30288642454616,leave_one_system_out
1239,2019-08-05 18:00:00,560.0,64.3322,22.91911434464,-1.0,-1.8369701987210287e-16,-0.5595892624101763,-0.828770087174504,18.0,217,-1.0,-1.8369701987210297e-16,-0.5595892624101763,-0.828770087174504,18550.0,max_ac,560.0,0.03018867924528302,0.03018867924528302,0.04000225480844233,742.0418266966052,-182.0418266966052,leave_one_system_out
1239,2019-08-06 06:00:00,980.0,84.975,15.238891508000004,1.0,6.123233995736766e-17,-0.5737722679043243,-0.8190148866680802,6.0,218,1.0,6.123233995736766e-17,-0.5737722679043243,-0.8190148866680802,18550.0,max_ac,980.0,0.052830188679245285,0.052830188679245285,0.0642638332397717,1192.094106597765,-212.09410659776495,leave_one_system_out
1239,2019-08-06 07:00:00,3215.0,200.0345,16.6520860655,0.9659258262890684,-0.2588190451025206,-0.5737722679043243,-0.8190148866680802,7.0,218,0.9659258262890683,-0.25881904510252063,-0.5737722679043243,-0.8190148866680802,18550.0,max_ac,3215.0,0.17331536388140162,0.17331536388140162,0.21254983906005132,3942.799514563952,-727.799514563952,leave_one_system_out
1239,2019-08-06 08:00:00,5875.0,340.9685,20.5686141566,0.8660254037844387,-0.4999999999999998,-0.5737722679043243,-0.8190148866680802,8.0,218,0.8660254037844387,-0.4999999999999998,-0.5737722679043243,-0.8190148866680802,18550.0,max_ac,5875.0,0.316711590296496,0.316711590296496,0.36661902267409907,6800.7828706045375,-925.7828706045375,leave_one_system_out
1239,2019-08-06 09:00:00,8413.333333333334,497.1305,24.556670031200007,0.7071067811865476,-0.7071067811865475,-0.5737722679043243,-0.8190148866680802,9.0,218,0.7071067811865476,-0.7071067811865475,-0.5737722679043243,-0.8190148866680802,18550.0,max_ac,8413.333333333334,0.45354896675651396,0.45354896675651396,0.5005532826229369,9285.263392655479,-871.9300593221451,leave_one_system_out
1239,2019-08-06 10:00:00,11830.0,662.8694999999999,27.930420301100003,0.4999999999999999,-0.8660254037844387,-0.5737722679043243,-0.8190148866680802,10.0,218,0.49999999999999994,-0.8660254037844387,-0.5737722679043243,-0.8190148866680802,18550.0,max_ac,11830.0,0.6377358490566037,0.6377358490566037,0.6058689895817465,11238.869756741398,591.1302432586017,leave_one_system_out
1239,2019-08-06 11:00:00,13510.0,753.9095,29.487087092300005,0.258819045102521,-0.9659258262890682,-0.5737722679043243,-0.8190148866680802,11.0,218,0.258819045102521,-0.9659258262890682,-0.5737722679043243,-0.8190148866680802,18550.0,max_ac,13510.0,0.7283018867924528,0.7283018867924528,0.6536741995519578,12125.656401688817,1384.343598311183,leave_one_system_out
1239,2019-08-06 12:00:00,14945.0,807.2507499999999,28.660281470600005,1.2246467991473532e-16,-1.0,-0.5737722679043243,-0.8190148866680802,12.0,218,1.2246467991473532e-16,-1.0,-0.5737722679043243,-0.8190148866680802,18550.0,max_ac,14945.0,0.8056603773584906,0.8056603773584906,0.6693243576137613,12415.966833735272,2529.0331662647277,leave_one_system_out
1239,2019-08-06 13:00:00,14445.0,799.1347499999999,28.5729203525,-0.2588190451025208,-0.9659258262890684,-0.5737722679043243,-0.8190148866680802,13.0,218,-0.2588190451025208,-0.9659258262890683,-0.5737722679043243,-0.8190148866680802,18550.0,max_ac,14445.0,0.7787061994609165,0.7787061994609165,0.6517121370951771,12089.260143115534,2355.7398568844656,leave_one_system_out
1239,2019-08-06 14:00:00,13620.0,742.76125,31.322087239100004,-0.4999999999999997,-0.8660254037844388,-0.5737722679043243,-0.8190148866680802,14.0,218,-0.4999999999999997,-0.8660254037844388,-0.5737722679043243,-0.8190148866680802,18550.0,max_ac,13620.0,0.7342318059299191,0.7342318059299191,0.6081521334470588,11281.22207544294,2338.77792455706,leave_one_system_out
1239,2019-08-06 15:00:00,11695.0,645.4817499999999,31.457226138800003,-0.7071067811865471,-0.7071067811865479,-0.5737722679043243,-0.8190148866680802,15.0,218,-0.7071067811865471,-0.7071067811865479,-0.5737722679043243,-0.8190148866680802,18550.0,max_ac,11695.0,0.6304582210242587,0.6304582210242587,0.53897558766769,9997.99715123565,1697.0028487643503,leave_one_system_out
1239,2019-08-06 16:00:00,8185.0,471.998,30.922781651600005,-0.8660254037844385,-0.5000000000000004,-0.5737722679043243,-0.8190148866680802,16.0,218,-0.8660254037844385,-0.5000000000000004,-0.5737722679043243,-0.8190148866680802,18550.0,max_ac,8185.0,0.4412398921832884,0.4412398921832884,0.4078994021064845,7566.533909075288,618.4660909247123,leave_one_system_out
1239,2019-08-06 17:00:00,4930.0,325.4135,28.89930926750001,-0.9659258262890684,-0.2588190451025206,-0.5737722679043243,-0.8190148866680802,17.0,218,-0.9659258262890683,-0.25881904510252063,-0.5737722679043243,-0.8190148866680802,18550.0,max_ac,4930.0,0.26576819407008084,0.26576819407008084,0.2926791040915595,5429.1973808984285,-499.1973808984285,leave_one_system_out
1239,2019-08-06 18:00:00,1410.0,120.75375,26.943197999900004,-1.0,-1.8369701987210287e-16,-0.5737722679043243,-0.8190148866680802,18.0,218,-1.0,-1.8369701987210297e-16,-0.5737722679043243,-0.8190148866680802,18550.0,max_ac,1410.0,0.07601078167115903,0.07601078167115903,0.106281620965965,1971.5240689186508,-561.5240689186508,leave_one_system_out
1239,2019-08-07 06:00:00,0.0,22.34,14.550002564,1.0,6.123233995736766e-17,-0.5877852522924734,-0.8090169943749472,6.0,219,1.0,6.123233995736766e-17,-0.5877852522924734,-0.8090169943749472,18550.0,max_ac,0.0,0.0,0.0,0.017129136928829558,317.7454900297883,-317.7454900297883,leave_one_system_out
1239,2019-08-07 07:00:00,710.0,71.8195,15.022363712900006,0.9659258262890684,-0.2588190451025206,-0.5877852522924734,-0.8090169943749472,7.0,219,0.9659258262890683,-0.25881904510252063,-0.5877852522924734,-0.8090169943749472,18550.0,max_ac,710.0,0.03827493261455526,0.03827493261455526,0.1302436624602772,2416.019938638142,-1706.0199386381419,leave_one_system_out
1239,2019-08-07 08:00:00,2815.0,164.4955,16.414586046500002,0.8660254037844387,-0.4999999999999998,-0.5877852522924734,-0.8090169943749472,8.0,219,0.8660254037844387,-0.4999999999999998,-0.5877852522924734,-0.8090169943749472,18550.0,max_ac,2815.0,0.1517520215633423,0.1517520215633423,0.2651837542332365,4919.158641026536,-2104.1586410265363,leave_one_system_out
1239,2019-08-07 09:00:00,5675.0,302.15725000000003,18.796808459300003,0.7071067811865476,-0.7071067811865475,-0.5877852522924734,-0.8090169943749472,9.0,219,0.7071067811865476,-0.7071067811865475,-0.5877852522924734,-0.8090169943749472,18550.0,max_ac,5675.0,0.3059299191374663,0.3059299191374663,0.39963186760812264,7413.171144130675,-1738.1711441306752,leave_one_system_out
1239,2019-08-07 10:00:00,11065.0,625.73825,25.650836785400003,0.4999999999999999,-0.8660254037844387,-0.5877852522924734,-0.8090169943749472,10.0,219,0.49999999999999994,-0.8660254037844387,-0.5877852522924734,-0.8090169943749472,18550.0,max_ac,11065.0,0.5964959568733154,0.5964959568733154,0.5863475604814865,10876.747246931574,188.2527530684256,leave_one_system_out
1239,2019-08-07 11:00:00,11970.0,652.376,26.639309086700003,0.258819045102521,-0.9659258262890682,-0.5877852522924734,-0.8090169943749472,11.0,219,0.258819045102521,-0.9659258262890682,-0.5877852522924734,-0.8090169943749472,18550.0,max_ac,11970.0,0.6452830188679245,0.6452830188679245,0.6067099829776905,11254.47018423616,715.5298157638408,leave_one_system_out
1239,2019-08-07 12:00:00,11415.0,600.0165,25.41597565550001,1.2246467991473532e-16,-1.0,-0.5877852522924734,-0.8090169943749472,12.0,219,1.2246467991473532e-16,-1.0,-0.5877852522924734,-0.8090169943749472,18550.0,max_ac,11415.0,0.6153638814016172,0.6153638814016172,0.5678450981204197,10533.526570133787,881.4734298662133,leave_one_system_out
1239,2019-08-07 13:00:00,13195.0,716.64725,25.657781230400005,-0.2588190451025208,-0.9659258262890684,-0.5877852522924734,-0.8090169943749472,13.0,219,-0.2588190451025208,-0.9659258262890683,-0.5877852522924734,-0.8090169943749472,18550.0,max_ac,13195.0,0.7113207547169811,0.7113207547169811,0.6044894315528252,11213.278955304908,1981.7210446950921,leave_one_system_out
1239,2019-08-07 14:00:00,12765.0,683.9224999999999,26.837642435900005,-0.4999999999999997,-0.8660254037844388,-0.5877852522924734,-0.8090169943749472,14.0,219,-0.4999999999999997,-0.8660254037844388,-0.5877852522924734,-0.8090169943749472,18550.0,max_ac,12765.0,0.6881401617250674,0.6881401617250674,0.5684769115447519,10545.246709155148,2219.753290844852,leave_one_system_out
1239,2019-08-07 15:00:00,4985.0,272.749,24.383753350700005,-0.7071067811865471,-0.7071067811865479,-0.5877852522924734,-0.8090169943749472,15.0,219,-0.7071067811865471,-0.7071067811865479,-0.5877852522924734,-0.8090169943749472,18550.0,max_ac,4985.0,0.268733153638814,0.268733153638814,0.2491063156784984,4620.922155836145,364.07784416385493,leave_one_system_out
1239,2019-08-07 16:00:00,3435.0,197.43825,22.767919888100003,-0.8660254037844385,-0.5000000000000004,-0.5877852522924734,-0.8090169943749472,16.0,219,-0.8660254037844385,-0.5000000000000004,-0.5877852522924734,-0.8090169943749472,18550.0,max_ac,3435.0,0.18517520215633423,0.18517520215633423,0.15657474825611764,2904.461580150982,530.5384198490178,leave_one_system_out
1239,2019-08-07 17:00:00,3560.0,207.496,23.260142149700005,-0.9659258262890684,-0.2588190451025206,-0.5877852522924734,-0.8090169943749472,17.0,219,-0.9659258262890683,-0.25881904510252063,-0.5877852522924734,-0.8090169943749472,18550.0,max_ac,3560.0,0.19191374663072777,0.19191374663072777,0.1692630933222669,3139.830381128051,420.16961887194884,leave_one_system_out
1239,2019-08-07 18:00:00,620.0,59.515,22.09722539000001,-1.0,-1.8369701987210287e-16,-0.5877852522924734,-0.8090169943749472,18.0,219,-1.0,-1.8369701987210297e-16,-0.5877852522924734,-0.8090169943749472,18550.0,max_ac,620.0,0.033423180592991916,0.033423180592991916,0.03302428380955447,612.6004646672353,7.399535332764685,leave_one_system_out
1239,2019-08-08 06:00:00,-20.0,24.783500000000004,18.5238917708,1.0,6.123233995736766e-17,-0.6016240632249227,-0.7987793728863648,6.0,220,1.0,6.123233995736766e-17,-0.6016240632249227,-0.7987793728863648,18550.0,max_ac,-20.0,-0.001078167115902965,-0.001078167115902965,0.027166876812677043,503.94556487515916,-523.9455648751591,leave_one_system_out
1239,2019-08-08 07:00:00,485.0,49.6325,18.8080584602,0.9659258262890684,-0.2588190451025206,-0.6016240632249227,-0.7987793728863648,7.0,220,0.9659258262890683,-0.25881904510252063,-0.6016240632249227,-0.7987793728863648,18550.0,max_ac,485.0,0.0261455525606469,0.0261455525606469,0.12571225362735206,2331.9623047873806,-1846.9623047873806,leave_one_system_out
1239,2019-08-08 08:00:00,650.0,56.4825,18.8629195757,0.8660254037844387,-0.4999999999999998,-0.6016240632249227,-0.7987793728863648,8.0,220,0.8660254037844387,-0.4999999999999998,-0.6016240632249227,-0.7987793728863648,18550.0,max_ac,650.0,0.03504043126684636,0.03504043126684636,0.2150336065319899,3988.873401168413,-3338.873401168413,leave_one_system_out
1239,2019-08-08 09:00:00,1450.0,90.516,18.298891752800003,0.7071067811865476,-0.7071067811865475,-0.6016240632249227,-0.7987793728863648,9.0,220,0.7071067811865476,-0.7071067811865475,-0.6016240632249227,-0.7987793728863648,18550.0,max_ac,1450.0,0.07816711590296496,0.07816711590296496,0.2994941020385503,5555.615592815108,-4105.615592815108,leave_one_system_out
1239,2019-08-08 10:00:00,2320.0,125.90275,17.7588917096,0.4999999999999999,-0.8660254037844387,-0.6016240632249227,-0.7987793728863648,10.0,220,0.49999999999999994,-0.8660254037844387,-0.6016240632249227,-0.7987793728863648,18550.0,max_ac,2320.0,0.12506738544474394,0.12506738544474394,0.3524224446447169,6537.436348159498,-4217.436348159498,leave_one_system_out
1239,2019-08-08 11:00:00,2965.0,153.41275,17.744725041800002,0.258819045102521,-0.9659258262890682,-0.6016240632249227,-0.7987793728863648,11.0,220,0.258819045102521,-0.9659258262890682,-0.6016240632249227,-0.7987793728863648,18550.0,max_ac,2965.0,0.15983827493261454,0.15983827493261454,0.3659651221054014,6788.653015055195,-3823.6530150551953,leave_one_system_out
1239,2019-08-08 12:00:00,1915.0,108.38375,17.885558386400003,1.2246467991473532e-16,-1.0,-0.6016240632249227,-0.7987793728863648,12.0,220,1.2246467991473532e-16,-1.0,-0.6016240632249227,-0.7987793728863648,18550.0,max_ac,1915.0,0.1032345013477089,0.1032345013477089,0.3097576330316356,5746.004092736841,-3831.004092736841,leave_one_system_out
1239,2019-08-08 13:00:00,2570.0,135.24,18.0205583972,-0.2588190451025208,-0.9659258262890684,-0.6016240632249227,-0.7987793728863648,13.0,220,-0.2588190451025208,-0.9659258262890683,-0.6016240632249227,-0.7987793728863648,18550.0,max_ac,2570.0,0.138544474393531,0.138544474393531,0.26232839511168266,4866.191729321713,-2296.191729321713,leave_one_system_out
1239,2019-08-08 14:00:00,3240.0,169.317,17.801113935200004,-0.4999999999999997,-0.8660254037844388,-0.6016240632249227,-0.7987793728863648,14.0,220,-0.4999999999999997,-0.8660254037844388,-0.6016240632249227,-0.7987793728863648,18550.0,max_ac,3240.0,0.17466307277628032,0.17466307277628032,0.21407801166493265,3971.147116384501,-731.1471163845008,leave_one_system_out
1239,2019-08-08 15:00:00,2635.0,145.559,17.612641697900003,-0.7071067811865471,-0.7071067811865479,-0.6016240632249227,-0.7987793728863648,15.0,220,-0.7071067811865471,-0.7071067811865479,-0.6016240632249227,-0.7987793728863648,18550.0,max_ac,2635.0,0.14204851752021563,0.14204851752021563,0.13720729579060326,2545.1953369156904,89.8046630843096,leave_one_system_out
1239,2019-08-08 16:00:00,3630.0,188.2975,17.621113920800006,-0.8660254037844385,-0.5000000000000004,-0.6016240632249227,-0.7987793728863648,16.0,220,-0.8660254037844385,-0.5000000000000004,-0.6016240632249227,-0.7987793728863648,18550.0,max_ac,3630.0,0.19568733153638815,0.19568733153638815,0.14158148588613265,2626.3365631877605,1003.6634368122395,leave_one_system_out
1239,2019-08-08 17:00:00,2885.0,163.9065,18.298891752800003,-0.9659258262890684,-0.2588190451025206,-0.6016240632249227,-0.7987793728863648,17.0,220,-0.9659258262890683,-0.25881904510252063,-0.6016240632249227,-0.7987793728863648,18550.0,max_ac,2885.0,0.1555256064690027,0.1555256064690027,0.12019145730871167,2229.5515330766016,655.4484669233984,leave_one_system_out
1239,2019-08-08 18:00:00,810.0,63.92224999999999,18.0359750651,-1.0,-1.8369701987210287e-16,-0.6016240632249227,-0.7987793728863648,18.0,220,-1.0,-1.8369701987210297e-16,-0.6016240632249227,-0.7987793728863648,18550.0,max_ac,810.0,0.04366576819407008,0.04366576819407008,0.035644035034853416,661.1968498965309,148.80315010346908,leave_one_system_out
1239,2019-08-09 06:00:00,40.0,37.7425,17.145836105,1.0,6.123233995736766e-17,-0.6152845999633277,-0.7883050558305253,6.0,221,1.0,6.123233995736766e-17,-0.6152845999633277,-0.7883050558305253,18550.0,max_ac,40.0,0.00215633423180593,0.00215633423180593,0.031687384517251116,587.8009827950082,-547.8009827950082,leave_one_system_out
1239,2019-08-09 07:00:00,3225.0,206.078,19.045697368100004,0.9659258262890684,-0.2588190451025206,-0.6152845999633277,-0.7883050558305253,7.0,221,0.9659258262890683,-0.25881904510252063,-0.6152845999633277,-0.7883050558305253,18550.0,max_ac,3225.0,0.1738544474393531,0.1738544474393531,0.2178590750080131,4041.2858413986432,-816.2858413986432,leave_one_system_out
1239,2019-08-09 08:00:00,7015.0,391.561,20.596808603300005,0.8660254037844387,-0.4999999999999998,-0.6152845999633277,-0.7883050558305253,8.0,221,0.8660254037844387,-0.4999999999999998,-0.6152845999633277,-0.7883050558305253,18550.0,max_ac,7015.0,0.378167115902965,0.378167115902965,0.38876227974668226,7211.540289300956,-196.54028930095592,leave_one_system_out
1239,2019-08-09 09:00:00,10440.0,550.406,21.810280922600008,0.7071067811865476,-0.7071067811865475,-0.6152845999633277,-0.7883050558305253,9.0,221,0.7071067811865476,-0.7071067811865475,-0.6152845999633277,-0.7883050558305253,18550.0,max_ac,10440.0,0.5628032345013477,0.5628032345013477,0.5163058194123068,9577.47295009829,862.5270499017097,leave_one_system_out
1239,2019-08-09 10:00:00,9355.0,499.094,22.33625318690001,0.4999999999999999,-0.8660254037844387,-0.6152845999633277,-0.7883050558305253,10.0,221,0.49999999999999994,-0.8660254037844387,-0.6152845999633277,-0.7883050558305253,18550.0,max_ac,9355.0,0.5043126684636119,0.5043126684636119,0.5248276085123889,9735.552137904813,-380.5521379048132,leave_one_system_out
1239,2019-08-09 11:00:00,11205.0,603.0052499999999,24.366947793800005,0.258819045102521,-0.9659258262890682,-0.6152845999633277,-0.7883050558305253,11.0,221,0.258819045102521,-0.9659258262890682,-0.6152845999633277,-0.7883050558305253,18550.0,max_ac,11205.0,0.6040431266846361,0.6040431266846361,0.5799871498277309,10758.761629304408,446.2383706955916,leave_one_system_out
1239,2019-08-09 12:00:00,16738.75,862.2715,23.4922255016,1.2246467991473532e-16,-1.0,-0.6152845999633277,-0.7883050558305253,12.0,221,1.2246467991473532e-16,-1.0,-0.6152845999633277,-0.7883050558305253,18550.0,max_ac,16738.75,0.9023584905660378,0.9023584905660378,0.6913997645947527,12825.465633232663,3913.284366767337,leave_one_system_out
1239,2019-08-09 13:00:00,11825.0,605.27425,24.2598644519,-0.2588190451025208,-0.9659258262890684,-0.6152845999633277,-0.7883050558305253,13.0,221,-0.2588190451025208,-0.9659258262890683,-0.6152845999633277,-0.7883050558305253,18550.0,max_ac,11825.0,0.637466307277628,0.637466307277628,0.5398246710874,10013.74764867127,1811.2523513287306,leave_one_system_out
1239,2019-08-09 14:00:00,13445.0,694.809,25.01097562310001,-0.4999999999999997,-0.8660254037844388,-0.6152845999633277,-0.7883050558305253,14.0,221,-0.4999999999999997,-0.8660254037844388,-0.6152845999633277,-0.7883050558305253,18550.0,max_ac,13445.0,0.7247978436657682,0.7247978436657682,0.5741844091118841,10651.12078902545,2793.87921097455,leave_one_system_out
1239,2019-08-09 15:00:00,12015.0,648.1220000000001,26.6463924206,-0.7071067811865471,-0.7071067811865479,-0.6152845999633277,-0.7883050558305253,15.0,221,-0.7071067811865471,-0.7071067811865479,-0.6152845999633277,-0.7883050558305253,18550.0,max_ac,12015.0,0.6477088948787062,0.6477088948787062,0.5399269532550468,10015.644982881118,1999.3550171188817,leave_one_system_out
1239,2019-08-09 16:00:00,9370.0,530.575,26.193753495500005,-0.8660254037844385,-0.5000000000000004,-0.6152845999633277,-0.7883050558305253,16.0,221,-0.8660254037844385,-0.5000000000000004,-0.6152845999633277,-0.7883050558305253,18550.0,max_ac,9370.0,0.505121293800539,0.505121293800539,0.45914732313940776,8517.182844236015,852.8171557639853,leave_one_system_out
1239,2019-08-09 17:00:00,5375.0,345.74625000000003,25.370975651900004,-0.9659258262890684,-0.2588190451025206,-0.6152845999633277,-0.7883050558305253,17.0,221,-0.9659258262890683,-0.25881904510252063,-0.6152845999633277,-0.7883050558305253,18550.0,max_ac,5375.0,0.28975741239892183,0.28975741239892183,0.31249163935902713,5796.719910109953,-421.71991010995316,leave_one_system_out
1239,2019-08-09 18:00:00,1285.0,137.88,23.4809755007,-1.0,-1.8369701987210287e-16,-0.6152845999633277,-0.7883050558305253,18.0,221,-1.0,-1.8369701987210297e-16,-0.6152845999633277,-0.7883050558305253,18550.0,max_ac,1285.0,0.0692722371967655,0.0692722371967655,0.12394141967273942,2299.1133349293164,-1014.1133349293164,leave_one_system_out
1239,2019-08-10 06:00:00,1160.0,111.329,15.029308157900005,1.0,6.123233995736766e-17,-0.6287628145958345,-0.7775971469736268,6.0,222,1.0,6.123233995736766e-17,-0.6287628145958345,-0.7775971469736268,18550.0,max_ac,1160.0,0.06253369272237197,0.06253369272237197,0.07839072545984471,1454.1479572801195,-294.1479572801195,leave_one_system_out
1239,2019-08-10 07:00:00,1570.0,102.47175,16.1740304717,0.9659258262890684,-0.2588190451025206,-0.6287628145958345,-0.7775971469736268,7.0,222,0.9659258262890683,-0.25881904510252063,-0.6287628145958345,-0.7775971469736268,18550.0,max_ac,1570.0,0.08463611859838274,0.08463611859838274,0.14723087222233225,2731.132679724263,-1161.1326797242632,leave_one_system_out
1239,2019-08-10 08:00:00,3275.0,184.9595,17.261113892000004,0.8660254037844387,-0.4999999999999998,-0.6287628145958345,-0.7775971469736268,8.0,222,0.8660254037844387,-0.4999999999999998,-0.6287628145958345,-0.7775971469736268,18550.0,max_ac,3275.0,0.1765498652291105,0.1765498652291105,0.27306587160611673,5065.371918293466,-1790.3719182934656,leave_one_system_out
1239,2019-08-10 09:00:00,5135.0,278.4865,18.736252898900005,0.7071067811865476,-0.7071067811865475,-0.6287628145958345,-0.7775971469736268,9.0,222,0.7071067811865476,-0.7071067811865475,-0.6287628145958345,-0.7775971469736268,18550.0,max_ac,5135.0,0.27681940700808627,0.27681940700808627,0.3836038368619072,7115.851173788378,-1980.8511737883782,leave_one_system_out
1239,2019-08-10 10:00:00,8235.0,449.98525,18.183752854700003,0.4999999999999999,-0.8660254037844387,-0.6287628145958345,-0.7775971469736268,10.0,222,0.49999999999999994,-0.8660254037844387,-0.6287628145958345,-0.7775971469736268,18550.0,max_ac,8235.0,0.4439353099730458,0.4439353099730458,0.4937459731753933,9158.987802403546,-923.9878024035461,leave_one_system_out
1239,2019-08-10 11:00:00,2265.0,136.76725,17.2441694462,0.258819045102521,-0.9659258262890682,-0.6287628145958345,-0.7775971469736268,11.0,222,0.258819045102521,-0.9659258262890682,-0.6287628145958345,-0.7775971469736268,18550.0,max_ac,2265.0,0.12210242587601078,0.12210242587601078,0.3521538439404271,6532.453805094922,-4267.453805094922,leave_one_system_out
1239,2019-08-10 12:00:00,1620.0,94.116,15.379447074800003,1.2246467991473532e-16,-1.0,-0.6287628145958345,-0.7775971469736268,12.0,222,1.2246467991473532e-16,-1.0,-0.6287628145958345,-0.7775971469736268,18550.0,max_ac,1620.0,0.08733153638814016,0.08733153638814016,0.29010935259046955,5381.52849055321,-3761.52849055321,leave_one_system_out
1239,2019-08-10 13:00:00,9580.0,491.829,18.189308410700004,-0.2588190451025208,-0.9659258262890684,-0.6287628145958345,-0.7775971469736268,13.0,222,-0.2588190451025208,-0.9659258262890683,-0.6287628145958345,-0.7775971469736268,18550.0,max_ac,9580.0,0.5164420485175202,0.5164420485175202,0.46641217642378646,8651.94587266124,928.0541273387607,leave_one_system_out
1239,2019-08-10 14:00:00,6115.0,318.8685,21.363058664600004,-0.4999999999999997,-0.8660254037844388,-0.6287628145958345,-0.7775971469736268,14.0,222,-0.4999999999999997,-0.8660254037844388,-0.6287628145958345,-0.7775971469736268,18550.0,max_ac,6115.0,0.32964959568733154,0.32964959568733154,0.31876749207328664,5913.136977959467,201.863022040533,leave_one_system_out
1239,2019-08-10 15:00:00,3345.0,173.942,16.401947156600002,-0.7071067811865471,-0.7071067811865479,-0.6287628145958345,-0.7775971469736268,15.0,222,-0.7071067811865471,-0.7071067811865479,-0.6287628145958345,-0.7775971469736268,18550.0,max_ac,3345.0,0.18032345013477089,0.18032345013477089,0.15522423831826504,2879.4096208038163,465.5903791961837,leave_one_system_out
1239,2019-08-10 16:00:00,5385.0,286.122,17.536669469600003,-0.8660254037844385,-0.5000000000000004,-0.6287628145958345,-0.7775971469736268,16.0,222,-0.8660254037844385,-0.5000000000000004,-0.6287628145958345,-0.7775971469736268,18550.0,max_ac,5385.0,0.2902964959568733,0.2902964959568733,0.23121140563367046,4288.971574504587,1096.028425495413,leave_one_system_out
1239,2019-08-10 17:00:00,3700.0,228.74525,17.961530614700003,-0.9659258262890684,-0.2588190451025206,-0.6287628145958345,-0.7775971469736268,17.0,222,-0.9659258262890683,-0.25881904510252063,-0.6287628145958345,-0.7775971469736268,18550.0,max_ac,3700.0,0.19946091644204852,0.19946091644204852,0.18795227447685733,3486.5146915457035,213.4853084542965,leave_one_system_out
1239,2019-08-10 18:00:00,910.0,83.644,17.570558361200003,-1.0,-1.8369701987210287e-16,-0.6287628145958345,-0.7775971469736268,18.0,222,-1.0,-1.8369701987210297e-16,-0.6287628145958345,-0.7775971469736268,18550.0,max_ac,910.0,0.04905660377358491,0.04905660377358491,0.05819429573673779,1079.504185916486,-169.504185916486,leave_one_system_out
1239,2019-08-11 06:00:00,500.0,59.6245,11.953752356300004,1.0,6.123233995736766e-17,-0.6420547132365636,-0.7666588193001592,6.0,223,1.0,6.123233995736766e-17,-0.6420547132365636,-0.7666588193001592,18550.0,max_ac,500.0,0.026954177897574125,0.026954177897574125,0.033326456724966924,618.2057722481364,-118.20577224813644,leave_one_system_out
1239,2019-08-11 07:00:00,1925.0,116.456,13.330696910900002,0.9659258262890684,-0.2588190451025206,-0.6420547132365636,-0.7666588193001592,7.0,223,0.9659258262890683,-0.25881904510252063,-0.6420547132365636,-0.7666588193001592,18550.0,max_ac,1925.0,0.10377358490566038,0.10377358490566038,0.1473157272131921,2732.706739804714,-807.7067398047138,leave_one_system_out
1239,2019-08-11 08:00:00,2872.25,158.36525,13.954863627500004,0.8660254037844387,-0.4999999999999998,-0.6420547132365636,-0.7666588193001592,8.0,223,0.8660254037844387,-0.4999999999999998,-0.6420547132365636,-0.7666588193001592,18550.0,max_ac,2872.25,0.15483827493261457,0.15483827493261457,0.24861062668235778,4611.727124957737,-1739.477124957737,leave_one_system_out
1239,2019-08-11 09:00:00,3130.0,164.12475,13.374169136600004,0.7071067811865476,-0.7071067811865475,-0.6420547132365636,-0.7666588193001592,9.0,223,0.7071067811865476,-0.7071067811865475,-0.6420547132365636,-0.7666588193001592,18550.0,max_ac,3130.0,0.16873315363881403,0.16873315363881403,0.31296145210940657,5805.434936629492,-2675.434936629492,leave_one_system_out
1239,2019-08-11 10:00:00,5507.25,265.7895,14.285419209500004,0.4999999999999999,-0.8660254037844387,-0.6420547132365636,-0.7666588193001592,10.0,223,0.49999999999999994,-0.8660254037844387,-0.6420547132365636,-0.7666588193001592,18550.0,max_ac,5507.25,0.2968867924528302,0.2968867924528302,0.3991970045204552,7405.104433854444,-1897.8544338544443,leave_one_system_out
1239,2019-08-11 11:00:00,7415.0,375.46025,16.276669368800004,0.258819045102521,-0.9659258262890682,-0.6420547132365636,-0.7666588193001592,11.0,223,0.258819045102521,-0.9659258262890682,-0.6420547132365636,-0.7666588193001592,18550.0,max_ac,7415.0,0.39973045822102427,0.39973045822102427,0.458748344024717,8509.7817816585,-1094.7817816584993,leave_one_system_out
1239,2019-08-11 12:00:00,8155.0,413.5735,16.846252747700003,1.2246467991473532e-16,-1.0,-0.6420547132365636,-0.7666588193001592,12.0,223,1.2246467991473532e-16,-1.0,-0.6420547132365636,-0.7666588193001592,18550.0,max_ac,8155.0,0.439622641509434,0.439622641509434,0.4561788513146402,8462.117691886575,-307.1176918865749,leave_one_system_out
1239,2019-08-11 13:00:00,8435.0,429.30325,18.428336207600005,-0.2588190451025208,-0.9659258262890684,-0.6420547132365636,-0.7666588193001592,13.0,223,-0.2588190451025208,-0.9659258262890683,-0.6420547132365636,-0.7666588193001592,18550.0,max_ac,8435.0,0.4547169811320755,0.4547169811320755,0.42895960266062516,7957.2006293545965,477.79937064540354,leave_one_system_out
1239,2019-08-11 14:00:00,6235.0,316.59975000000003,17.813752825100003,-0.4999999999999997,-0.8660254037844388,-0.6420547132365636,-0.7666588193001592,14.0,223,-0.4999999999999997,-0.8660254037844388,-0.6420547132365636,-0.7666588193001592,18550.0,max_ac,6235.0,0.3361185983827493,0.3361185983827493,0.3102176283781066,5754.537006413878,480.46299358612214,leave_one_system_out
1239,2019-08-11 15:00:00,3180.0,178.58925,17.618197253900004,-0.7071067811865471,-0.7071067811865479,-0.6420547132365636,-0.7666588193001592,15.0,223,-0.7071067811865471,-0.7071067811865479,-0.6420547132365636,-0.7666588193001592,18550.0,max_ac,3180.0,0.17142857142857143,0.17142857142857143,0.15957196204411672,2960.0598959183653,219.94010408163467,leave_one_system_out
1239,2019-08-11 16:00:00,1190.0,82.1825,16.563752725100006,-0.8660254037844385,-0.5000000000000004,-0.6420547132365636,-0.7666588193001592,16.0,223,-0.8660254037844385,-0.5000000000000004,-0.6420547132365636,-0.7666588193001592,18550.0,max_ac,1190.0,0.06415094339622641,0.06415094339622641,0.03813231926071231,707.3545222862134,482.6454777137866,leave_one_system_out
1239,2019-08-11 17:00:00,870.0,69.09275,17.247086113100004,-0.9659258262890684,-0.2588190451025206,-0.6420547132365636,-0.7666588193001592,17.0,223,-0.9659258262890683,-0.25881904510252063,-0.6420547132365636,-0.7666588193001592,18550.0,max_ac,870.0,0.04690026954177898,0.04690026954177898,0.016879743887945664,313.11924912139204,556.880750878608,leave_one_system_out
1239,2019-08-11 18:00:00,100.0,33.22625,17.255419447100003,-1.0,-1.8369701987210287e-16,-0.6420547132365636,-0.7666588193001592,18.0,223,-1.0,-1.8369701987210297e-16,-0.6420547132365636,-0.7666588193001592,18550.0,max_ac,100.0,0.005390835579514825,0.005390835579514825,-0.002118399963954687,-39.29631933135944,139.29631933135943,leave_one_system_out
1239,2019-08-12 06:00:00,10.0,29.43,16.348474930100004,1.0,6.123233995736766e-17,-0.655156357209085,-0.7554933140726804,6.0,224,1.0,6.123233995736766e-17,-0.655156357209085,-0.7554933140726804,18550.0,max_ac,10.0,0.0005390835579514825,0.0005390835579514825,0.020010870623338894,371.2016500629365,-361.2016500629365,leave_one_system_out
1239,2019-08-12 07:00:00,1655.0,109.082,17.2877805608,0.9659258262890684,-0.2588190451025206,-0.655156357209085,-0.7554933140726804,7.0,224,0.9659258262890683,-0.25881904510252063,-0.655156357209085,-0.7554933140726804,18550.0,max_ac,1655.0,0.08921832884097035,0.08921832884097035,0.15096320201692415,2800.367397413943,-1145.3673974139429,leave_one_system_out
1239,2019-08-12 08:00:00,1475.75,101.337,18.419863984700005,0.8660254037844387,-0.4999999999999998,-0.655156357209085,-0.7554933140726804,8.0,224,0.8660254037844387,-0.4999999999999998,-0.655156357209085,-0.7554933140726804,18550.0,max_ac,1475.75,0.07955525606469002,0.07955525606469002,0.2287464478764065,4243.246608107341,-2767.4966081073408,leave_one_system_out
1239,2019-08-12 09:00:00,4840.0,268.73475,19.369030727300004,0.7071067811865476,-0.7071067811865475,-0.655156357209085,-0.7554933140726804,9.0,224,0.7071067811865476,-0.7071067811865475,-0.655156357209085,-0.7554933140726804,18550.0,max_ac,4840.0,0.2609164420485175,0.2609164420485175,0.3770877517984052,6994.977795860416,-2154.9777958604163,leave_one_system_out
1239,2019-08-12 10:00:00,12640.0,690.4892500000001,20.911808628500005,0.4999999999999999,-0.8660254037844387,-0.655156357209085,-0.7554933140726804,10.0,224,0.49999999999999994,-0.8660254037844387,-0.655156357209085,-0.7554933140726804,18550.0,max_ac,12640.0,0.6814016172506738,0.6814016172506738,0.6036048279432084,11196.869558346514,1443.1304416534858,leave_one_system_out
1239,2019-08-12 11:00:00,7650.0,392.4115,20.969447522000003,0.258819045102521,-0.9659258262890682,-0.655156357209085,-0.7554933140726804,11.0,224,0.258819045102521,-0.9659258262890682,-0.655156357209085,-0.7554933140726804,18550.0,max_ac,7650.0,0.4123989218328841,0.4123989218328841,0.47517711490678227,8814.535481520812,-1164.535481520812,leave_one_system_out
1239,2019-08-12 12:00:00,12680.0,648.77625,23.1926421443,1.2246467991473532e-16,-1.0,-0.655156357209085,-0.7554933140726804,12.0,224,1.2246467991473532e-16,-1.0,-0.655156357209085,-0.7554933140726804,18550.0,max_ac,12680.0,0.6835579514824798,0.6835579514824798,0.5838081835003855,10829.641803932152,1850.3581960678475,leave_one_system_out
1239,2019-08-12 13:00:00,12750.0,680.73725,24.822503385800005,-0.2588190451025208,-0.9659258262890684,-0.655156357209085,-0.7554933140726804,13.0,224,-0.2588190451025208,-0.9659258262890683,-0.655156357209085,-0.7554933140726804,18550.0,max_ac,12750.0,0.6873315363881402,0.6873315363881402,0.5806989199029551,10771.964964199817,1978.0350358001833,leave_one_system_out
1239,2019-08-12 14:00:00,12420.0,645.6129999999999,25.790142352100005,-0.4999999999999997,-0.8660254037844388,-0.655156357209085,-0.7554933140726804,14.0,224,-0.4999999999999997,-0.8660254037844388,-0.655156357209085,-0.7554933140726804,18550.0,max_ac,12420.0,0.6695417789757412,0.6695417789757412,0.5405370181081876,10026.96168590688,2393.038314093121,leave_one_system_out
1239,2019-08-12 15:00:00,12140.0,642.23125,24.954586729700004,-0.7071067811865471,-0.7071067811865479,-0.655156357209085,-0.7554933140726804,15.0,224,-0.7071067811865471,-0.7071067811865479,-0.655156357209085,-0.7554933140726804,18550.0,max_ac,12140.0,0.6544474393530997,0.6544474393530997,0.534940308957048,9923.14273115324,2216.8572688467593,leave_one_system_out
1239,2019-08-12 16:00:00,8770.0,484.56425,25.0966700744,-0.8660254037844385,-0.5000000000000004,-0.655156357209085,-0.7554933140726804,16.0,224,-0.8660254037844385,-0.5000000000000004,-0.655156357209085,-0.7554933140726804,18550.0,max_ac,8770.0,0.47277628032345015,0.47277628032345015,0.41700576361950953,7735.456915141902,1034.5430848580982,leave_one_system_out
1239,2019-08-12 17:00:00,5040.0,328.817,24.306392233400004,-0.9659258262890684,-0.2588190451025206,-0.655156357209085,-0.7554933140726804,17.0,224,-0.9659258262890683,-0.25881904510252063,-0.655156357209085,-0.7554933140726804,18550.0,max_ac,5040.0,0.27169811320754716,0.27169811320754716,0.29449936285920547,5462.963181038262,-422.9631810382616,leave_one_system_out
1239,2019-08-12 18:00:00,1160.0,153.87125,23.1815310323,-1.0,-1.8369701987210287e-16,-0.655156357209085,-0.7554933140726804,18.0,224,-1.0,-1.8369701987210297e-16,-0.655156357209085,-0.7554933140726804,18550.0,max_ac,1160.0,0.06253369272237197,0.06253369272237197,0.1420496510289003,2635.0210265861006,-1475.0210265861006,leave_one_system_out
1239,2019-08-13 06:00:00,665.0,86.284,13.281391351400003,1.0,6.123233995736766e-17,-0.6680638642135333,-0.7441039398713608,6.0,225,1.0,6.123233995736766e-17,-0.6680638642135333,-0.7441039398713608,18550.0,max_ac,665.0,0.035849056603773584,0.035849056603773584,0.05351509838680368,992.7050750752084,-327.70507507520836,leave_one_system_out
1239,2019-08-13 07:00:00,3705.0,230.7085,16.105141577300003,0.9659258262890684,-0.2588190451025206,-0.6680638642135333,-0.7441039398713608,7.0,225,0.9659258262890683,-0.25881904510252063,-0.6680638642135333,-0.7441039398713608,18550.0,max_ac,3705.0,0.19973045822102425,0.19973045822102425,0.22180965328867938,4114.569068505002,-409.5690685050022,leave_one_system_out
1239,2019-08-13 08:00:00,7815.0,424.6345,19.872502989800005,0.8660254037844387,-0.4999999999999998,-0.6680638642135333,-0.7441039398713608,8.0,225,0.8660254037844387,-0.4999999999999998,-0.6680638642135333,-0.7441039398713608,18550.0,max_ac,7815.0,0.42129380053908355,0.42129380053908355,0.4002456443464461,7424.556702626575,390.4432973734247,leave_one_system_out
1239,2019-08-13 09:00:00,11175.0,570.8262500000001,22.160558728400005,0.7071067811865476,-0.7071067811865475,-0.6680638642135333,-0.7441039398713608,9.0,225,0.7071067811865476,-0.7071067811865475,-0.6680638642135333,-0.7441039398713608,18550.0,max_ac,11175.0,0.6024258760107817,0.6024258760107817,0.5223898312264588,9690.33136925081,1484.668630749189,leave_one_system_out
1239,2019-08-13 10:00:00,13485.0,691.34,24.650975594300004,0.4999999999999999,-0.8660254037844387,-0.6680638642135333,-0.7441039398713608,10.0,225,0.49999999999999994,-0.8660254037844387,-0.6680638642135333,-0.7441039398713608,18550.0,max_ac,13485.0,0.7269541778975741,0.7269541778975741,0.6074857850600005,11268.86131286301,2216.1386871369905,leave_one_system_out
1239,2019-08-13 11:00:00,15135.0,804.6545,26.168197937900004,0.258819045102521,-0.9659258262890682,-0.6680638642135333,-0.7441039398713608,11.0,225,0.258819045102521,-0.9659258262890682,-0.6680638642135333,-0.7441039398713608,18550.0,max_ac,15135.0,0.8159029649595687,0.8159029649595687,0.6677787342501607,12387.29552034048,2747.70447965952,leave_one_system_out
1239,2019-08-13 12:00:00,8915.0,466.282,23.023753241900007,1.2246467991473532e-16,-1.0,-0.6680638642135333,-0.7441039398713608,12.0,225,1.2246467991473532e-16,-1.0,-0.6680638642135333,-0.7441039398713608,18550.0,max_ac,8915.0,0.4805929919137466,0.4805929919137466,0.4911781752417964,9111.355150735324,-196.35515073532406,leave_one_system_out
1239,2019-08-13 13:00:00,12115.0,652.76875,22.188614286200007,-0.2588190451025208,-0.9659258262890684,-0.6680638642135333,-0.7441039398713608,13.0,225,-0.2588190451025208,-0.9659258262890683,-0.6680638642135333,-0.7441039398713608,18550.0,max_ac,12115.0,0.653099730458221,0.653099730458221,0.5619232650920202,10423.676567456974,1691.3234325430258,leave_one_system_out
1239,2019-08-13 14:00:00,12055.0,640.3115,24.3276422351,-0.4999999999999997,-0.8660254037844388,-0.6680638642135333,-0.7441039398713608,14.0,225,-0.4999999999999997,-0.8660254037844388,-0.6680638642135333,-0.7441039398713608,18550.0,max_ac,12055.0,0.6498652291105121,0.6498652291105121,0.5358218130147885,9939.494631424326,2115.505368575674,leave_one_system_out
1239,2019-08-13 15:00:00,6210.0,337.69625,24.303614455400005,-0.7071067811865471,-0.7071067811865479,-0.6680638642135333,-0.7441039398713608,15.0,225,-0.7071067811865471,-0.7071067811865479,-0.6680638642135333,-0.7441039398713608,18550.0,max_ac,6210.0,0.3347708894878706,0.3347708894878706,0.2931012539281963,5437.028260368042,772.9717396319584,leave_one_system_out
1239,2019-08-13 16:00:00,8085.0,446.36375,24.4131977975,-0.8660254037844385,-0.5000000000000004,-0.6680638642135333,-0.7441039398713608,16.0,225,-0.8660254037844385,-0.5000000000000004,-0.6680638642135333,-0.7441039398713608,18550.0,max_ac,8085.0,0.4358490566037736,0.4358490566037736,0.38164422298388373,7079.500336351043,1005.4996636489568,leave_one_system_out
1239,2019-08-13 17:00:00,5120.0,339.987,23.947781093600007,-0.9659258262890684,-0.2588190451025206,-0.6680638642135333,-0.7441039398713608,17.0,225,-0.9659258262890683,-0.25881904510252063,-0.6680638642135333,-0.7441039398713608,18550.0,max_ac,5120.0,0.27601078167115906,0.27601078167115906,0.30617147234039876,5679.480811914397,-559.4808119143972,leave_one_system_out
1239,2019-08-13 18:00:00,1325.0,162.90325,22.673614325000003,-1.0,-1.8369701987210287e-16,-0.6680638642135333,-0.7441039398713608,18.0,225,-1.0,-1.8369701987210297e-16,-0.6680638642135333,-0.7441039398713608,18550.0,max_ac,1325.0,0.07142857142857142,0.07142857142857142,0.1525382138653828,2829.583867202851,-1504.5838672028508,leave_one_system_out
1239,2019-08-14 06:00:00,305.0,48.258,7.506113111600004,1.0,6.123233995736766e-17,-0.6807734094770159,-0.7324940716135792,6.0,226,1.0,6.123233995736766e-17,-0.6807734094770159,-0.7324940716135792,18550.0,max_ac,305.0,0.016442048517520215,0.016442048517520215,0.01212957887852334,225.00368819660795,79.99631180339205,leave_one_system_out
1239,2019-08-14 07:00:00,2415.0,148.897,9.620974391900004,0.9659258262890684,-0.2588190451025206,-0.6807734094770159,-0.7324940716135792,7.0,226,0.9659258262890683,-0.25881904510252063,-0.6807734094770159,-0.7324940716135792,18550.0,max_ac,2415.0,0.13018867924528302,0.13018867924528302,0.15522150524204012,2879.358922239844,-464.3589222398441,leave_one_system_out
1239,2019-08-14 08:00:00,8015.0,424.76525,15.106808164100002,0.8660254037844387,-0.4999999999999998,-0.6807734094770159,-0.7324940716135792,8.0,226,0.8660254037844387,-0.4999999999999998,-0.6807734094770159,-0.7324940716135792,18550.0,max_ac,8015.0,0.4320754716981132,0.4320754716981132,0.3913492636113156,7259.528839989905,755.4711600100954,leave_one_system_out
1239,2019-08-14 09:00:00,11980.0,632.10875,21.588197571500004,0.7071067811865476,-0.7071067811865475,-0.6807734094770159,-0.7324940716135792,9.0,226,0.7071067811865476,-0.7071067811865475,-0.6807734094770159,-0.7324940716135792,18550.0,max_ac,11980.0,0.645822102425876,0.645822102425876,0.5494809460284922,10192.87154882853,1787.1284511714694,leave_one_system_out
1239,2019-08-14 10:00:00,12990.0,705.41125,25.922225696000005,0.4999999999999999,-0.8660254037844387,-0.6807734094770159,-0.7324940716135792,10.0,226,0.49999999999999994,-0.8660254037844387,-0.6807734094770159,-0.7324940716135792,18550.0,max_ac,12990.0,0.7002695417789757,0.7002695417789757,0.6142019409506129,11393.446004633868,1596.5539953661319,leave_one_system_out
1239,2019-08-14 11:00:00,14480.0,807.70875,27.720836951000003,0.258819045102521,-0.9659258262890682,-0.6807734094770159,-0.7324940716135792,11.0,226,0.258819045102521,-0.9659258262890682,-0.6807734094770159,-0.7324940716135792,18550.0,max_ac,14480.0,0.7805929919137466,0.7805929919137466,0.6696333890086807,12421.699366111028,2058.300633888972,leave_one_system_out
1239,2019-08-14 12:00:00,13040.0,737.24175,24.504725582600003,1.2246467991473532e-16,-1.0,-0.6807734094770159,-0.7324940716135792,12.0,226,1.2246467991473532e-16,-1.0,-0.6807734094770159,-0.7324940716135792,18550.0,max_ac,13040.0,0.7029649595687332,0.7029649595687332,0.6276106611240453,11642.17776385104,1397.8222361489607,leave_one_system_out
1239,2019-08-14 13:00:00,12405.0,710.47325,23.748197744300004,-0.2588190451025208,-0.9659258262890684,-0.6807734094770159,-0.7324940716135792,13.0,226,-0.2588190451025208,-0.9659258262890683,-0.6807734094770159,-0.7324940716135792,18550.0,max_ac,12405.0,0.668733153638814,0.668733153638814,0.5958413538106964,11052.857113188418,1352.1428868115818,leave_one_system_out
1239,2019-08-14 14:00:00,13130.0,696.00875,27.455003596400005,-0.4999999999999997,-0.8660254037844388,-0.6807734094770159,-0.7324940716135792,14.0,226,-0.4999999999999997,-0.8660254037844388,-0.6807734094770159,-0.7324940716135792,18550.0,max_ac,13130.0,0.7078167115902965,0.7078167115902965,0.5738547940280285,10645.00642921993,2484.9935707800705,leave_one_system_out
1239,2019-08-14 15:00:00,10690.0,576.69475,28.4351425637,-0.7071067811865471,-0.7071067811865479,-0.6807734094770159,-0.7324940716135792,15.0,226,-0.7071067811865471,-0.7071067811865479,-0.6807734094770159,-0.7324940716135792,18550.0,max_ac,10690.0,0.5762803234501348,0.5762803234501348,0.4831531116658527,8962.490221401567,1727.5097785984326,leave_one_system_out
1239,2019-08-14 16:00:00,5800.0,322.73025,26.3075035046,-0.8660254037844385,-0.5000000000000004,-0.6807734094770159,-0.7324940716135792,16.0,226,-0.8660254037844385,-0.5000000000000004,-0.6807734094770159,-0.7324940716135792,18550.0,max_ac,5800.0,0.31266846361185985,0.31266846361185985,0.2680724329419487,4972.743631073148,827.2563689268518,leave_one_system_out
1239,2019-08-14 17:00:00,3080.0,209.69925,23.535697727300004,-0.9659258262890684,-0.2588190451025206,-0.6807734094770159,-0.7324940716135792,17.0,226,-0.9659258262890683,-0.25881904510252063,-0.6807734094770159,-0.7324940716135792,18550.0,max_ac,3080.0,0.1660377358490566,0.1660377358490566,0.16844632985220132,3124.6794187583346,-44.67941875833458,leave_one_system_out
1239,2019-08-14 18:00:00,810.0,90.32,23.023892130800007,-1.0,-1.8369701987210287e-16,-0.6807734094770159,-0.7324940716135792,18.0,226,-1.0,-1.8369701987210297e-16,-0.6807734094770159,-0.7324940716135792,18550.0,max_ac,810.0,0.04366576819407008,0.04366576819407008,0.06687725377832665,1240.5730575879593,-430.5730575879593,leave_one_system_out
1239,2019-08-15 06:00:00,675.0,93.614,12.398196836300002,1.0,6.123233995736766e-17,-0.6932812268869771,-0.7206671495538615,6.0,227,1.0,6.123233995736766e-17,-0.6932812268869771,-0.7206671495538615,18550.0,max_ac,675.0,0.03638814016172507,0.03638814016172507,0.05510157061703114,1022.1341349459276,-347.1341349459276,leave_one_system_out
1239,2019-08-15 07:00:00,3977.25,247.09250000000003,15.853474890500006,0.9659258262890684,-0.2588190451025206,-0.6932812268869771,-0.7206671495538615,7.0,227,0.9659258262890683,-0.25881904510252063,-0.6932812268869771,-0.7206671495538615,18550.0,max_ac,3977.25,0.21440700808625338,0.21440700808625338,0.2292795884496093,4253.136365740253,-275.8863657402526,leave_one_system_out
1239,2019-08-15 08:00:00,7730.0,413.92275,19.3619473934,0.8660254037844387,-0.4999999999999998,-0.6932812268869771,-0.7206671495538615,8.0,227,0.8660254037844387,-0.4999999999999998,-0.6932812268869771,-0.7206671495538615,18550.0,max_ac,7730.0,0.41671159029649596,0.41671159029649596,0.3915738293902269,7263.694535188709,466.30546481129113,leave_one_system_out
1239,2019-08-15 09:00:00,11070.0,569.081,22.399447636400005,0.7071067811865476,-0.7071067811865475,-0.6932812268869771,-0.7206671495538615,9.0,227,0.7071067811865476,-0.7071067811865475,-0.6932812268869771,-0.7206671495538615,18550.0,max_ac,11070.0,0.5967654986522911,0.5967654986522911,0.5199537234847269,9645.141570641685,1424.8584293583153,leave_one_system_out
1239,2019-08-15 10:00:00,13000.0,695.267,25.422920100500008,0.4999999999999999,-0.8660254037844387,-0.6932812268869771,-0.7206671495538615,10.0,227,0.49999999999999994,-0.8660254037844387,-0.6932812268869771,-0.7206671495538615,18550.0,max_ac,13000.0,0.7008086253369272,0.7008086253369272,0.6083472773606379,11284.841995039833,1715.158004960167,leave_one_system_out
1239,2019-08-15 11:00:00,14465.0,781.2452499999999,27.5098647119,0.258819045102521,-0.9659258262890682,-0.6932812268869771,-0.7206671495538615,11.0,227,0.258819045102521,-0.9659258262890682,-0.6932812268869771,-0.7206671495538615,18550.0,max_ac,14465.0,0.7797843665768194,0.7797843665768194,0.6569865496185854,12187.100495424758,2277.8995045752417,leave_one_system_out
1239,2019-08-15 12:00:00,15875.0,871.21625,25.901114583200005,1.2246467991473532e-16,-1.0,-0.6932812268869771,-0.7206671495538615,12.0,227,1.2246467991473532e-16,-1.0,-0.6932812268869771,-0.7206671495538615,18550.0,max_ac,15875.0,0.8557951482479784,0.8557951482479784,0.6949494347347094,12891.31201432886,2983.6879856711403,leave_one_system_out
1239,2019-08-15 13:00:00,16115.0,903.09025,25.410281210600004,-0.2588190451025208,-0.9659258262890684,-0.6932812268869771,-0.7206671495538615,13.0,227,-0.2588190451025208,-0.9659258262890683,-0.6932812268869771,-0.7206671495538615,18550.0,max_ac,16115.0,0.868733153638814,0.868733153638814,0.7076113545848128,13126.190627548278,2988.809372451722,leave_one_system_out
1239,2019-08-15 14:00:00,10370.0,552.84975,28.530837015800007,-0.4999999999999997,-0.8660254037844388,-0.6932812268869771,-0.7206671495538615,14.0,227,-0.4999999999999997,-0.8660254037844388,-0.6932812268869771,-0.7206671495538615,18550.0,max_ac,10370.0,0.5590296495956874,0.5590296495956874,0.47812944321095535,8869.301171563222,1500.698828436778,leave_one_system_out
1239,2019-08-15 15:00:00,12155.0,683.87875,29.581114877600005,-0.7071067811865471,-0.7071067811865479,-0.6932812268869771,-0.7206671495538615,15.0,227,-0.7071067811865471,-0.7071067811865479,-0.6932812268869771,-0.7206671495538615,18550.0,max_ac,12155.0,0.655256064690027,0.655256064690027,0.5668933052864163,10515.870813063024,1639.129186936976,leave_one_system_out
1239,2019-08-15 16:00:00,9405.0,536.2687500000001,28.819031483300005,-0.8660254037844385,-0.5000000000000004,-0.6932812268869771,-0.7206671495538615,16.0,227,-0.8660254037844385,-0.5000000000000004,-0.6932812268869771,-0.7206671495538615,18550.0,max_ac,9405.0,0.5070080862533692,0.5070080862533692,0.46368886119614905,8601.428375188565,803.571624811435,leave_one_system_out
1239,2019-08-15 17:00:00,4015.0,270.37075,25.8575034686,-0.9659258262890684,-0.2588190451025206,-0.6932812268869771,-0.7206671495538615,17.0,227,-0.9659258262890683,-0.25881904510252063,-0.6932812268869771,-0.7206671495538615,18550.0,max_ac,4015.0,0.21644204851752022,0.21644204851752022,0.23266793880872874,4315.990264901918,-300.9902649019177,leave_one_system_out
1239,2019-08-15 18:00:00,415.0,70.22725,23.144864362700005,-1.0,-1.8369701987210287e-16,-0.6932812268869771,-0.7206671495538615,18.0,227,-1.0,-1.8369701987210297e-16,-0.6932812268869771,-0.7206671495538615,18550.0,max_ac,415.0,0.022371967654986523,0.022371967654986523,0.04289463522253567,795.6954833780367,-380.69548337803667,leave_one_system_out
1239,2019-08-16 06:00:00,710.0,67.893,9.705279954200002,1.0,6.123233995736766e-17,-0.7055836101071774,-0.70862667826446,6.0,228,1.0,6.123233995736766e-17,-0.7055836101071774,-0.70862667826446,18550.0,max_ac,710.0,0.03827493261455526,0.03827493261455526,0.029464860005058213,546.5731530938299,163.4268469061701,leave_one_system_out
1239,2019-08-16 07:00:00,3200.0,183.30125,11.9341690214,0.9659258262890684,-0.2588190451025206,-0.7055836101071774,-0.70862667826446,7.0,228,0.9659258262890683,-0.25881904510252063,-0.7055836101071774,-0.70862667826446,18550.0,max_ac,3200.0,0.1725067385444744,0.1725067385444744,0.17986403538113857,3336.4778563201203,-136.47785632012028,leave_one_system_out
1239,2019-08-16 08:00:00,2290.0,136.658,13.945141404500005,0.8660254037844387,-0.4999999999999998,-0.7055836101071774,-0.70862667826446,8.0,228,0.8660254037844387,-0.4999999999999998,-0.7055836101071774,-0.70862667826446,18550.0,max_ac,2290.0,0.1234501347708895,0.1234501347708895,0.22787497141286925,4227.080719708724,-1937.0807197087242,leave_one_system_out
1239,2019-08-16 09:00:00,1955.0,122.9135,15.245974841900004,0.7071067811865476,-0.7071067811865475,-0.7055836101071774,-0.70862667826446,9.0,228,0.7071067811865476,-0.7071067811865475,-0.7055836101071774,-0.70862667826446,18550.0,max_ac,1955.0,0.10539083557951483,0.10539083557951483,0.2875509425288875,5334.069983910864,-3379.069983910864,leave_one_system_out
1239,2019-08-16 10:00:00,1945.0,116.783,15.975974900300004,0.4999999999999999,-0.8660254037844387,-0.7055836101071774,-0.70862667826446,10.0,228,0.49999999999999994,-0.8660254037844387,-0.7055836101071774,-0.70862667826446,18550.0,max_ac,1945.0,0.10485175202156334,0.10485175202156334,0.32343578057926975,5999.733729745454,-4054.733729745454,leave_one_system_out
1239,2019-08-16 11:00:00,4470.0,235.7265,17.912225055200004,0.258819045102521,-0.9659258262890682,-0.7055836101071774,-0.70862667826446,11.0,228,0.258819045102521,-0.9659258262890682,-0.7055836101071774,-0.70862667826446,18550.0,max_ac,4470.0,0.24097035040431267,0.24097035040431267,0.38660883662776413,7171.593919445025,-2701.5939194450248,leave_one_system_out
1239,2019-08-16 12:00:00,9155.0,466.41275,20.945280853400003,1.2246467991473532e-16,-1.0,-0.7055836101071774,-0.70862667826446,12.0,228,1.2246467991473532e-16,-1.0,-0.7055836101071774,-0.70862667826446,18550.0,max_ac,9155.0,0.4935309973045822,0.4935309973045822,0.4831902197202378,8963.17857581041,191.82142418958938,leave_one_system_out
1239,2019-08-16 13:00:00,4530.0,241.09325,20.131253010500004,-0.2588190451025208,-0.9659258262890684,-0.7055836101071774,-0.70862667826446,13.0,228,-0.2588190451025208,-0.9659258262890683,-0.7055836101071774,-0.70862667826446,18550.0,max_ac,4530.0,0.24420485175202156,0.24420485175202156,0.31272023783581704,5800.960411854406,-1270.9604118544057,leave_one_system_out
1239,2019-08-16 14:00:00,3304.0,181.9705,18.5872251092,-0.4999999999999997,-0.8660254037844388,-0.7055836101071774,-0.70862667826446,14.0,228,-0.4999999999999997,-0.8660254037844388,-0.7055836101071774,-0.70862667826446,18550.0,max_ac,3304.0,0.1781132075471698,0.1781132075471698,0.21010963711184952,3897.5337684248084,-593.5337684248084,leave_one_system_out
1239,2019-08-16 15:00:00,4980.0,259.85525,17.766113932400003,-0.7071067811865471,-0.7071067811865479,-0.7055836101071774,-0.70862667826446,15.0,228,-0.7071067811865471,-0.7071067811865479,-0.7055836101071774,-0.70862667826446,18550.0,max_ac,4980.0,0.2684636118598383,0.2684636118598383,0.21980014540691895,4077.2926972983464,902.7073027016536,leave_one_system_out
1239,2019-08-16 16:00:00,1340.0,88.2255,18.641947335800005,-0.8660254037844385,-0.5000000000000004,-0.7055836101071774,-0.70862667826446,16.0,228,-0.8660254037844385,-0.5000000000000004,-0.7055836101071774,-0.70862667826446,18550.0,max_ac,1340.0,0.07223719676549865,0.07223719676549865,0.0405966380294685,753.0676354466407,586.9323645533593,leave_one_system_out
1239,2019-08-16 17:00:00,2365.25,145.0355,18.639308446700003,-0.9659258262890684,-0.2588190451025206,-0.7055836101071774,-0.70862667826446,17.0,228,-0.9659258262890683,-0.25881904510252063,-0.7055836101071774,-0.70862667826446,18550.0,max_ac,2365.25,0.1275067385444744,0.1275067385444744,0.09628577006046779,1786.1010346216774,579.1489653783226,leave_one_system_out
1239,2019-08-16 18:00:00,730.0,64.64175,17.9811139496,-1.0,-1.8369701987210287e-16,-0.7055836101071774,-0.70862667826446,18.0,228,-1.0,-1.8369701987210297e-16,-0.7055836101071774,-0.70862667826446,18550.0,max_ac,730.0,0.039353099730458224,0.039353099730458224,0.03437228950176657,637.60597025777,92.39402974223003,leave_one_system_out
1239,2019-08-17 06:00:00,540.0,59.057,15.222085951100004,1.0,6.123233995736766e-17,-0.7176769136759615,-0.6963762255968726,6.0,229,1.0,6.123233995736766e-17,-0.7176769136759615,-0.6963762255968726,18550.0,max_ac,540.0,0.029110512129380053,0.029110512129380053,0.032941259012151725,611.0603546754145,-71.06035467541449,leave_one_system_out
1239,2019-08-17 07:00:00,2085.0,127.495,16.034863793900005,0.9659258262890684,-0.2588190451025206,-0.7176769136759615,-0.6963762255968726,7.0,229,0.9659258262890683,-0.25881904510252063,-0.7176769136759615,-0.6963762255968726,18550.0,max_ac,2085.0,0.1123989218328841,0.1123989218328841,0.15180451976315504,2815.973841606526,-730.9738416065261,leave_one_system_out
1239,2019-08-17 08:00:00,3015.0,175.09875,17.0643083207,0.8660254037844387,-0.4999999999999998,-0.7176769136759615,-0.6963762255968726,8.0,229,0.8660254037844387,-0.4999999999999998,-0.7176769136759615,-0.6963762255968726,18550.0,max_ac,3015.0,0.16253369272237198,0.16253369272237198,0.25503123670002126,4730.829440785395,-1715.8294407853946,leave_one_system_out
1239,2019-08-17 09:00:00,3160.0,170.757,17.6604194795,0.7071067811865476,-0.7071067811865475,-0.7176769136759615,-0.6963762255968726,9.0,229,0.7071067811865476,-0.7071067811865475,-0.7176769136759615,-0.6963762255968726,18550.0,max_ac,3160.0,0.17035040431266846,0.17035040431266846,0.3156388329328827,5855.100350904974,-2695.100350904974,leave_one_system_out
1239,2019-08-17 10:00:00,1650.0,98.50125,17.213197221500003,0.4999999999999999,-0.8660254037844387,-0.7176769136759615,-0.6963762255968726,10.0,229,0.49999999999999994,-0.8660254037844387,-0.7176769136759615,-0.6963762255968726,18550.0,max_ac,1650.0,0.0889487870619946,0.0889487870619946,0.31603541182842376,5862.456889417261,-4212.456889417261,leave_one_system_out
1239,2019-08-17 11:00:00,6200.0,309.05125,17.6731972583,0.258819045102521,-0.9659258262890682,-0.7176769136759615,-0.6963762255968726,11.0,229,0.258819045102521,-0.9659258262890682,-0.7176769136759615,-0.6963762255968726,18550.0,max_ac,6200.0,0.33423180592991913,0.33423180592991913,0.41917187758597,7775.638329219744,-1575.6383292197443,leave_one_system_out
1239,2019-08-17 12:00:00,3805.0,209.87375,18.861530686700004,1.2246467991473532e-16,-1.0,-0.7176769136759615,-0.6963762255968726,12.0,229,1.2246467991473532e-16,-1.0,-0.7176769136759615,-0.6963762255968726,18550.0,max_ac,3805.0,0.2051212938005391,0.2051212938005391,0.34328601639911055,6367.955604203501,-2562.955604203501,leave_one_system_out
1239,2019-08-17 13:00:00,3250.0,184.76325,18.568891774400004,-0.2588190451025208,-0.9659258262890684,-0.7176769136759615,-0.6963762255968726,13.0,229,-0.2588190451025208,-0.9659258262890683,-0.7176769136759615,-0.6963762255968726,18550.0,max_ac,3250.0,0.1752021563342318,0.1752021563342318,0.27347298990294355,5072.923962699603,-1822.9239626996032,leave_one_system_out
1239,2019-08-17 14:00:00,4820.0,260.20425,19.966669664,-0.4999999999999997,-0.8660254037844388,-0.7176769136759615,-0.6963762255968726,14.0,229,-0.4999999999999997,-0.8660254037844388,-0.7176769136759615,-0.6963762255968726,18550.0,max_ac,4820.0,0.2598382749326146,0.2598382749326146,0.26560264322380167,4926.929031801521,-106.92903180152098,leave_one_system_out
1239,2019-08-17 15:00:00,5620.0,295.1325,20.2437530195,-0.7071067811865471,-0.7071067811865479,-0.7176769136759615,-0.6963762255968726,15.0,229,-0.7071067811865471,-0.7071067811865479,-0.7176769136759615,-0.6963762255968726,18550.0,max_ac,5620.0,0.30296495956873315,0.30296495956873315,0.2503804616594876,4644.5575637834945,975.4424362165055,leave_one_system_out
1239,2019-08-17 16:00:00,3590.0,201.9325,20.0102807786,-0.8660254037844385,-0.5000000000000004,-0.7176769136759615,-0.6963762255968726,16.0,229,-0.8660254037844385,-0.5000000000000004,-0.7176769136759615,-0.6963762255968726,18550.0,max_ac,3590.0,0.1935309973045822,0.1935309973045822,0.14878183783926566,2759.903091918378,830.0969080816221,leave_one_system_out
1239,2019-08-17 17:00:00,1770.0,114.88525,20.041114114400003,-0.9659258262890684,-0.2588190451025206,-0.7176769136759615,-0.6963762255968726,17.0,229,-0.9659258262890683,-0.25881904510252063,-0.7176769136759615,-0.6963762255968726,18550.0,max_ac,1770.0,0.0954177897574124,0.0954177897574124,0.06401964108383279,1187.5643421050981,582.4356578949019,leave_one_system_out
1239,2019-08-17 18:00:00,970.0,93.3305,20.409725255000005,-1.0,-1.8369701987210287e-16,-0.7176769136759615,-0.6963762255968726,18.0,229,-1.0,-1.8369701987210297e-16,-0.7176769136759615,-0.6963762255968726,18550.0,max_ac,970.0,0.0522911051212938,0.0522911051212938,0.06922427192852249,1284.110244274092,-314.1102442740921,leave_one_system_out
1239,2019-08-18 06:00:00,135.0,28.33975,17.365141678100002,1.0,6.123233995736766e-17,-0.7295575540864876,-0.6839194216246105,6.0,230,1.0,6.123233995736766e-17,-0.7295575540864876,-0.6839194216246105,18550.0,max_ac,135.0,0.007277628032345013,0.007277628032345013,0.013521663878134138,250.82686493938826,-115.82686493938826,leave_one_system_out
1239,2019-08-18 07:00:00,800.0,70.57625,18.099169514600007,0.9659258262890684,-0.2588190451025206,-0.7295575540864876,-0.6839194216246105,7.0,230,0.9659258262890683,-0.25881904510252063,-0.7295575540864876,-0.6839194216246105,18550.0,max_ac,800.0,0.0431266846361186,0.0431266846361186,0.11923034273985456,2211.722857824302,-1411.722857824302,leave_one_system_out
1239,2019-08-18 08:00:00,2735.0,155.8345,19.492780737200004,0.8660254037844387,-0.4999999999999998,-0.7295575540864876,-0.6839194216246105,8.0,230,0.8660254037844387,-0.4999999999999998,-0.7295575540864876,-0.6839194216246105,18550.0,max_ac,2735.0,0.14743935309973047,0.14743935309973047,0.2487213564489787,4613.781162128555,-1878.7811621285546,leave_one_system_out
1239,2019-08-18 09:00:00,3315.0,190.58825,20.3408363606,0.7071067811865476,-0.7071067811865475,-0.7295575540864876,-0.6839194216246105,9.0,230,0.7071067811865476,-0.7071067811865475,-0.7295575540864876,-0.6839194216246105,18550.0,max_ac,3315.0,0.17870619946091645,0.17870619946091645,0.3302659307691871,6126.433015768421,-2811.433015768421,leave_one_system_out
1239,2019-08-18 10:00:00,5935.0,319.174,21.399725334200006,0.4999999999999999,-0.8660254037844387,-0.7295575540864876,-0.6839194216246105,10.0,230,0.49999999999999994,-0.8660254037844387,-0.7295575540864876,-0.6839194216246105,18550.0,max_ac,5935.0,0.31994609164420484,0.31994609164420484,0.4276117079701119,7932.197182845575,-1997.1971828455753,leave_one_system_out
1239,2019-08-18 11:00:00,8645.0,459.23525,25.873059025400003,0.258819045102521,-0.9659258262890682,-0.7295575540864876,-0.6839194216246105,11.0,230,0.258819045102521,-0.9659258262890682,-0.7295575540864876,-0.6839194216246105,18550.0,max_ac,8645.0,0.4660377358490566,0.4660377358490566,0.5049828124999199,9367.431171873515,-722.4311718735153,leave_one_system_out
1239,2019-08-18 12:00:00,5825.0,317.647,24.094169994200005,1.2246467991473532e-16,-1.0,-0.7295575540864876,-0.6839194216246105,12.0,230,1.2246467991473532e-16,-1.0,-0.7295575540864876,-0.6839194216246105,18550.0,max_ac,5825.0,0.3140161725067385,0.3140161725067385,0.4089743582347153,7586.474345253969,-1761.4743452539687,leave_one_system_out
1239,2019-08-18 13:00:00,7165.0,384.86325,24.250142228900003,-0.2588190451025208,-0.9659258262890684,-0.7295575540864876,-0.6839194216246105,13.0,230,-0.2588190451025208,-0.9659258262890683,-0.7295575540864876,-0.6839194216246105,18550.0,max_ac,7165.0,0.3862533692722372,0.3862533692722372,0.401653477376071,7450.672005326117,-285.67200532611696,leave_one_system_out
1239,2019-08-18 14:00:00,13040.0,734.53675,28.381809226100007,-0.4999999999999997,-0.8660254037844388,-0.7295575540864876,-0.6839194216246105,14.0,230,-0.4999999999999997,-0.8660254037844388,-0.7295575540864876,-0.6839194216246105,18550.0,max_ac,13040.0,0.7029649595687332,0.7029649595687332,0.5984671385487863,11101.565420079985,1938.4345799200146,leave_one_system_out
1239,2019-08-18 15:00:00,10070.0,564.47775,27.9584758589,-0.7071067811865471,-0.7071067811865479,-0.7295575540864876,-0.6839194216246105,15.0,230,-0.7071067811865471,-0.7071067811865479,-0.7295575540864876,-0.6839194216246105,18550.0,max_ac,10070.0,0.5428571428571428,0.5428571428571428,0.4717954845390349,8751.806238199099,1318.1937618009015,leave_one_system_out
1239,2019-08-18 16:00:00,5970.0,348.62600000000003,27.8345869601,-0.8660254037844385,-0.5000000000000004,-0.7295575540864876,-0.6839194216246105,16.0,230,-0.8660254037844385,-0.5000000000000004,-0.7295575540864876,-0.6839194216246105,18550.0,max_ac,5970.0,0.32183288409703503,0.32183288409703503,0.2900846955127392,5381.071101761312,588.9288982386879,leave_one_system_out
1239,2019-08-18 17:00:00,3195.0,203.21975,25.753475682500007,-0.9659258262890684,-0.2588190451025206,-0.7295575540864876,-0.6839194216246105,17.0,230,-0.9659258262890683,-0.25881904510252063,-0.7295575540864876,-0.6839194216246105,18550.0,max_ac,3195.0,0.17223719676549865,0.17223719676549865,0.16057399530416722,2978.647612892302,216.35238710769818,leave_one_system_out
1239,2019-08-18 18:00:00,295.0,42.62925,23.683336628000006,-1.0,-1.8369701987210287e-16,-0.7295575540864876,-0.6839194216246105,18.0,230,-1.0,-1.8369701987210297e-16,-0.7295575540864876,-0.6839194216246105,18550.0,max_ac,295.0,0.015902964959568732,0.015902964959568732,0.009326595206012978,173.00834107154074,121.99165892845926,leave_one_system_out
1239,2019-08-19 06:00:00,0.0,22.12175,18.286252862900007,1.0,6.123233995736766e-17,-0.7412220108485957,-0.6712599575675315,6.0,231,1.0,6.123233995736766e-17,-0.7412220108485957,-0.6712599575675315,18550.0,max_ac,0.0,0.0,0.0,0.009573365796824884,177.5859355311016,-177.5859355311016,leave_one_system_out
1239,2019-08-19 07:00:00,1495.0,95.643,19.104725150600004,0.9659258262890684,-0.2588190451025206,-0.7412220108485957,-0.6712599575675315,7.0,231,0.9659258262890683,-0.25881904510252063,-0.7412220108485957,-0.6712599575675315,18550.0,max_ac,1495.0,0.08059299191374664,0.08059299191374664,0.13564088990295498,2516.138507699815,-1021.1385076998149,leave_one_system_out
1239,2019-08-19 08:00:00,2605.0,155.00574999999998,20.13833634440001,0.8660254037844387,-0.4999999999999998,-0.7412220108485957,-0.6712599575675315,8.0,231,0.8660254037844387,-0.4999999999999998,-0.7412220108485957,-0.6712599575675315,18550.0,max_ac,2605.0,0.14043126684636117,0.14043126684636117,0.24792706019502203,4599.046966617659,-1994.0469666176587,leave_one_system_out
1239,2019-08-19 09:00:00,4630.0,245.9365,20.901808627700007,0.7071067811865476,-0.7071067811865475,-0.7412220108485957,-0.6712599575675315,9.0,231,0.7071067811865476,-0.7071067811865475,-0.7412220108485957,-0.6712599575675315,18550.0,max_ac,4630.0,0.2495956873315364,0.2495956873315364,0.3563958022153846,6611.142131095384,-1981.1421310953838,leave_one_system_out
1239,2019-08-19 10:00:00,3485.0,193.0315,21.387225333200007,0.4999999999999999,-0.8660254037844387,-0.7412220108485957,-0.6712599575675315,10.0,231,0.49999999999999994,-0.8660254037844387,-0.7412220108485957,-0.6712599575675315,18550.0,max_ac,3485.0,0.18787061994609164,0.18787061994609164,0.36709006739005645,6809.520750085547,-3324.5207500855468,leave_one_system_out
1239,2019-08-19 11:00:00,5247.25,272.225,21.363197553500004,0.258819045102521,-0.9659258262890682,-0.7412220108485957,-0.6712599575675315,11.0,231,0.258819045102521,-0.9659258262890682,-0.7412220108485957,-0.6712599575675315,18550.0,max_ac,5247.25,0.28287061994609164,0.28287061994609164,0.4058611574843385,7528.724471334479,-2281.474471334479,leave_one_system_out
1239,2019-08-19 12:00:00,11140.0,611.99375,22.4515309739,1.2246467991473532e-16,-1.0,-0.7412220108485957,-0.6712599575675315,12.0,231,1.2246467991473532e-16,-1.0,-0.7412220108485957,-0.6712599575675315,18550.0,max_ac,11140.0,0.6005390835579515,0.6005390835579515,0.5569830202450822,10332.035025546274,807.9649744537255,leave_one_system_out
1239,2019-08-19 13:00:00,2645.0,155.98725,22.619030987300007,-0.2588190451025208,-0.9659258262890684,-0.7412220108485957,-0.6712599575675315,13.0,231,-0.2588190451025208,-0.9659258262890683,-0.7412220108485957,-0.6712599575675315,18550.0,max_ac,2645.0,0.14258760107816712,0.14258760107816712,0.2610605130870672,4842.672517765096,-2197.672517765096,leave_one_system_out
1239,2019-08-19 14:00:00,4315.0,233.523,22.410836526200004,-0.4999999999999997,-0.8660254037844388,-0.7412220108485957,-0.6712599575675315,14.0,231,-0.4999999999999997,-0.8660254037844388,-0.7412220108485957,-0.6712599575675315,18550.0,max_ac,4315.0,0.2326145552560647,0.2326145552560647,0.24757387793457095,4592.495435686291,-277.4954356862909,leave_one_system_out
1239,2019-08-19 15:00:00,3420.0,191.897,22.423475416100004,-0.7071067811865471,-0.7071067811865479,-0.7412220108485957,-0.6712599575675315,15.0,231,-0.7071067811865471,-0.7071067811865479,-0.7412220108485957,-0.6712599575675315,18550.0,max_ac,3420.0,0.18436657681940702,0.18436657681940702,0.16599273993047484,3079.165325710308,340.834674289692,leave_one_system_out
1239,2019-08-19 16:00:00,1885.0,116.2595,21.6205586852,-0.8660254037844385,-0.5000000000000004,-0.7412220108485957,-0.6712599575675315,16.0,231,-0.8660254037844385,-0.5000000000000004,-0.7412220108485957,-0.6712599575675315,18550.0,max_ac,1885.0,0.10161725067385445,0.10161725067385445,0.06706378414642128,1244.0331959161147,640.9668040838853,leave_one_system_out
1239,2019-08-19 17:00:00,1430.0,93.13425,21.01569752570001,-0.9659258262890684,-0.2588190451025206,-0.7412220108485957,-0.6712599575675315,17.0,231,-0.9659258262890683,-0.25881904510252063,-0.7412220108485957,-0.6712599575675315,18550.0,max_ac,1430.0,0.07708894878706199,0.07708894878706199,0.03987913064955906,739.7578735493205,690.2421264506795,leave_one_system_out
1239,2019-08-19 18:00:00,595.0,52.1415,21.388475333300004,-1.0,-1.8369701987210287e-16,-0.7412220108485957,-0.6712599575675315,18.0,231,-1.0,-1.8369701987210297e-16,-0.7412220108485957,-0.6712599575675315,18550.0,max_ac,595.0,0.03207547169811321,0.03207547169811321,0.019657498047542132,364.64658878190653,230.35341121809347,leave_one_system_out
1239,2019-08-20 06:00:00,405.0,89.73075,15.887224893200004,1.0,6.123233995736766e-17,-0.7526668275320083,-0.6584015846980489,6.0,232,1.0,6.123233995736766e-17,-0.7526668275320083,-0.6584015846980489,18550.0,max_ac,405.0,0.02183288409703504,0.02183288409703504,0.05365822836138329,995.36013610366,-590.36013610366,leave_one_system_out
1239,2019-08-20 07:00:00,3547.75,236.0535,18.491669546000004,0.9659258262890684,-0.2588190451025206,-0.7526668275320083,-0.6584015846980489,7.0,232,0.9659258262890683,-0.25881904510252063,-0.7526668275320083,-0.6584015846980489,18550.0,max_ac,3547.75,0.19125336927223718,0.19125336927223718,0.2214386776082901,4107.687469633782,-559.9374696337818,leave_one_system_out
1239,2019-08-20 08:00:00,7290.0,400.24375,21.934169821400005,0.8660254037844387,-0.4999999999999998,-0.7526668275320083,-0.6584015846980489,8.0,232,0.8660254037844387,-0.4999999999999998,-0.7526668275320083,-0.6584015846980489,18550.0,max_ac,7290.0,0.3929919137466307,0.3929919137466307,0.3827089663443038,7099.251325686835,190.74867431316488,leave_one_system_out
1239,2019-08-20 09:00:00,10560.0,545.65,24.9336145058,0.7071067811865476,-0.7071067811865475,-0.7526668275320083,-0.6584015846980489,9.0,232,0.7071067811865476,-0.7071067811865475,-0.7526668275320083,-0.6584015846980489,18550.0,max_ac,10560.0,0.5692722371967655,0.5692722371967655,0.5069087871650029,9403.158001910804,1156.8419980891958,leave_one_system_out
1239,2019-08-20 10:00:00,12560.0,671.3127499999999,27.411392481800004,0.4999999999999999,-0.8660254037844387,-0.7526668275320083,-0.6584015846980489,10.0,232,0.49999999999999994,-0.8660254037844387,-0.7526668275320083,-0.6584015846980489,18550.0,max_ac,12560.0,0.6770889487870619,0.6770889487870619,0.5949696620006005,11036.68723011114,1523.3127698888602,leave_one_system_out
1239,2019-08-20 11:00:00,14225.0,759.90925,28.33819811150001,0.258819045102521,-0.9659258262890682,-0.7526668275320083,-0.6584015846980489,11.0,232,0.258819045102521,-0.9659258262890682,-0.7526668275320083,-0.6584015846980489,18550.0,max_ac,14225.0,0.7668463611859838,0.7668463611859838,0.6439053674578674,11944.44456634344,2280.55543365656,leave_one_system_out
1239,2019-08-20 12:00:00,15190.0,799.57125,26.476253518100005,1.2246467991473532e-16,-1.0,-0.7526668275320083,-0.6584015846980489,12.0,232,1.2246467991473532e-16,-1.0,-0.7526668275320083,-0.6584015846980489,18550.0,max_ac,15190.0,0.8188679245283019,0.8188679245283019,0.6563833730907673,12175.911570833734,3014.088429166266,leave_one_system_out
1239,2019-08-20 13:00:00,14750.0,770.5334999999999,25.906670139200006,-0.2588190451025208,-0.9659258262890684,-0.7526668275320083,-0.6584015846980489,13.0,232,-0.2588190451025208,-0.9659258262890683,-0.7526668275320083,-0.6584015846980489,18550.0,max_ac,14750.0,0.7951482479784366,0.7951482479784366,0.628673045835523,11661.88500024895,3088.1149997510493,leave_one_system_out
1239,2019-08-20 14:00:00,13495.0,711.4982499999999,28.7418092549,-0.4999999999999997,-0.8660254037844388,-0.7526668275320083,-0.6584015846980489,14.0,232,-0.4999999999999997,-0.8660254037844388,-0.7526668275320083,-0.6584015846980489,18550.0,max_ac,13495.0,0.7274932614555256,0.7274932614555256,0.5820673480189672,10797.34930575184,2697.650694248159,leave_one_system_out
1239,2019-08-20 15:00:00,11295.0,604.13975,28.904725934600005,-0.7071067811865471,-0.7071067811865479,-0.7526668275320083,-0.6584015846980489,15.0,232,-0.7071067811865471,-0.7071067811865479,-0.7526668275320083,-0.6584015846980489,18550.0,max_ac,11295.0,0.6088948787061995,0.6088948787061995,0.5028318067259403,9327.530014766193,1967.4699852338072,leave_one_system_out
1239,2019-08-20 16:00:00,7385.0,417.50075,27.47333693120001,-0.8660254037844385,-0.5000000000000004,-0.7526668275320083,-0.6584015846980489,16.0,232,-0.8660254037844385,-0.5000000000000004,-0.7526668275320083,-0.6584015846980489,18550.0,max_ac,7385.0,0.39811320754716983,0.39811320754716983,0.35310790910359446,6550.151713871677,834.8482861283228,leave_one_system_out
1239,2019-08-20 17:00:00,3265.0,240.0895,26.836392435800008,-0.9659258262890684,-0.2588190451025206,-0.7526668275320083,-0.6584015846980489,17.0,232,-0.9659258262890683,-0.25881904510252063,-0.7526668275320083,-0.6584015846980489,18550.0,max_ac,3265.0,0.17601078167115902,0.17601078167115902,0.19922597312554877,3695.6418014789297,-430.64180147892966,leave_one_system_out
1239,2019-08-20 18:00:00,780.0,132.05475,26.4452812934,-1.0,-1.8369701987210287e-16,-0.7526668275320083,-0.6584015846980489,18.0,232,-1.0,-1.8369701987210297e-16,-0.7526668275320083,-0.6584015846980489,18550.0,max_ac,780.0,0.042048517520215635,0.042048517520215635,0.11563002268760153,2144.9369208550083,-1364.9369208550083,leave_one_system_out
1239,2019-08-21 06:00:00,105.0,38.74575,14.558197009100004,1.0,6.123233995736766e-17,-0.7638886127905429,-0.64534811322955,6.0,233,1.0,6.123233995736766e-17,-0.7638886127905429,-0.64534811322955,18550.0,max_ac,105.0,0.005660377358490566,0.005660377358490566,0.011628100700420085,215.7012679927926,-110.7012679927926,leave_one_system_out
1239,2019-08-21 07:00:00,2955.0,190.91525,16.029308237900004,0.9659258262890684,-0.2588190451025206,-0.7638886127905429,-0.64534811322955,7.0,233,0.9659258262890683,-0.25881904510252063,-0.7638886127905429,-0.64534811322955,18550.0,max_ac,2955.0,0.15929919137466308,0.15929919137466308,0.18669895286899318,3463.2655757198236,-508.2655757198236,leave_one_system_out
1239,2019-08-21 08:00:00,6400.0,356.21825,20.034169669400004,0.8660254037844387,-0.4999999999999998,-0.7638886127905429,-0.64534811322955,8.0,233,0.8660254037844387,-0.4999999999999998,-0.7638886127905429,-0.64534811322955,18550.0,max_ac,6400.0,0.3450134770889488,0.3450134770889488,0.3542286783440975,6570.941983283008,-170.94198328300808,leave_one_system_out
1239,2019-08-21 09:00:00,9580.0,501.90825,22.8130587806,0.7071067811865476,-0.7071067811865475,-0.7638886127905429,-0.64534811322955,9.0,233,0.7071067811865476,-0.7071067811865475,-0.7638886127905429,-0.64534811322955,18550.0,max_ac,9580.0,0.5164420485175202,0.5164420485175202,0.4815102973691624,8932.016016197962,647.983983802038,leave_one_system_out
1239,2019-08-21 10:00:00,10905.0,598.70775,26.494586852900003,0.4999999999999999,-0.8660254037844387,-0.7638886127905429,-0.64534811322955,10.0,233,0.49999999999999994,-0.8660254037844387,-0.7638886127905429,-0.64534811322955,18550.0,max_ac,10905.0,0.5878706199460917,0.5878706199460917,0.5598495157721992,10385.208517574296,519.7914824257041,leave_one_system_out
1239,2019-08-21 11:00:00,9865.0,542.465,27.322920252500005,0.258819045102521,-0.9659258262890682,-0.7638886127905429,-0.64534811322955,11.0,233,0.258819045102521,-0.9659258262890682,-0.7638886127905429,-0.64534811322955,18550.0,max_ac,9865.0,0.5318059299191374,0.5318059299191374,0.5408446130876008,10032.667572774995,-167.66757277499528,leave_one_system_out
1239,2019-08-21 12:00:00,11625.0,622.9455,28.2144481016,1.2246467991473532e-16,-1.0,-0.7638886127905429,-0.64534811322955,12.0,233,1.2246467991473532e-16,-1.0,-0.7638886127905429,-0.64534811322955,18550.0,max_ac,11625.0,0.6266846361185984,0.6266846361185984,0.5662085575995845,10503.168743472293,1121.8312565277065,leave_one_system_out
1239,2019-08-21 13:00:00,12840.0,696.5105,28.9429203821,-0.2588190451025208,-0.9659258262890684,-0.7638886127905429,-0.64534811322955,13.0,233,-0.2588190451025208,-0.9659258262890683,-0.7638886127905429,-0.64534811322955,18550.0,max_ac,12840.0,0.6921832884097036,0.6921832884097036,0.5854596885947083,10860.27722343184,1979.72277656816,leave_one_system_out
1239,2019-08-21 14:00:00,8730.0,471.77975,28.7613925898,-0.4999999999999997,-0.8660254037844388,-0.7638886127905429,-0.64534811322955,14.0,233,-0.4999999999999997,-0.8660254037844388,-0.7638886127905429,-0.64534811322955,18550.0,max_ac,8730.0,0.4706199460916442,0.4706199460916442,0.4172721104328708,7740.3976485297535,989.6023514702465,leave_one_system_out
1239,2019-08-21 15:00:00,7290.0,398.32375,27.896531409500003,-0.7071067811865471,-0.7071067811865479,-0.7638886127905429,-0.64534811322955,15.0,233,-0.7071067811865471,-0.7071067811865479,-0.7638886127905429,-0.64534811322955,18550.0,max_ac,7290.0,0.3929919137466307,0.3929919137466307,0.33646931556907045,6241.505803806257,1048.494196193743,leave_one_system_out
1239,2019-08-21 16:00:00,4675.0,258.65525,27.024725784200008,-0.8660254037844385,-0.5000000000000004,-0.7638886127905429,-0.64534811322955,16.0,233,-0.8660254037844385,-0.5000000000000004,-0.7638886127905429,-0.64534811322955,18550.0,max_ac,4675.0,0.25202156334231807,0.25202156334231807,0.20377146840063745,3779.9607388318245,895.0392611681755,leave_one_system_out
1239,2019-08-21 17:00:00,1670.0,115.67075,24.873197834300004,-0.9659258262890684,-0.2588190451025206,-0.7638886127905429,-0.64534811322955,17.0,233,-0.9659258262890683,-0.25881904510252063,-0.7638886127905429,-0.64534811322955,18550.0,max_ac,1670.0,0.09002695417789758,0.09002695417789758,0.0650586645673294,1206.8382277239602,463.16177227603976,leave_one_system_out
1239,2019-08-21 18:00:00,85.0,29.234,23.458336610000007,-1.0,-1.8369701987210287e-16,-0.7638886127905429,-0.64534811322955,18.0,233,-1.0,-1.8369701987210297e-16,-0.7638886127905429,-0.64534811322955,18550.0,max_ac,85.0,0.004582210242587601,0.004582210242587601,-0.007803047588085921,-144.74653275899382,229.74653275899382,leave_one_system_out
1239,2019-08-22 06:00:00,0.0,17.97675,17.7588917096,1.0,6.123233995736766e-17,-0.7748840413670406,-0.6321034111873488,6.0,234,1.0,6.123233995736766e-17,-0.7748840413670406,-0.6321034111873488,18550.0,max_ac,0.0,0.0,0.0,0.0012986027520440757,24.089081050417605,-24.089081050417605,leave_one_system_out
1239,2019-08-22 07:00:00,1805.0,113.489,18.252502860200003,0.9659258262890684,-0.2588190451025206,-0.7748840413670406,-0.6321034111873488,7.0,234,0.9659258262890683,-0.25881904510252063,-0.7748840413670406,-0.6321034111873488,18550.0,max_ac,1805.0,0.09730458221024259,0.09730458221024259,0.14007964570623505,2598.47742785066,-793.4774278506602,leave_one_system_out
1239,2019-08-22 08:00:00,2410.0,145.12275,19.2172251596,0.8660254037844387,-0.4999999999999998,-0.7748840413670406,-0.6321034111873488,8.0,234,0.8660254037844387,-0.4999999999999998,-0.7748840413670406,-0.6321034111873488,18550.0,max_ac,2410.0,0.1299191374663073,0.1299191374663073,0.2342700862019891,4345.710099046898,-1935.710099046898,leave_one_system_out
1239,2019-08-22 09:00:00,3025.0,174.00775,20.782364173700003,0.7071067811865476,-0.7071067811865475,-0.7748840413670406,-0.6321034111873488,9.0,234,0.7071067811865476,-0.7071067811865475,-0.7748840413670406,-0.6321034111873488,18550.0,max_ac,3025.0,0.16307277628032346,0.16307277628032346,0.314251235887142,5829.3604257064835,-2804.3604257064835,leave_one_system_out
1239,2019-08-22 10:00:00,2875.0,168.70625,22.095697612100004,0.4999999999999999,-0.8660254037844387,-0.7748840413670406,-0.6321034111873488,10.0,234,0.49999999999999994,-0.8660254037844387,-0.7748840413670406,-0.6321034111873488,18550.0,max_ac,2875.0,0.15498652291105122,0.15498652291105122,0.35007295748297507,6493.853361309188,-3618.8533613091877,leave_one_system_out
1239,2019-08-22 11:00:00,3560.0,206.14325,23.357086601900004,0.258819045102521,-0.9659258262890682,-0.7748840413670406,-0.6321034111873488,11.0,234,0.258819045102521,-0.9659258262890682,-0.7748840413670406,-0.6321034111873488,18550.0,max_ac,3560.0,0.19191374663072777,0.19191374663072777,0.3719168751678733,6899.0580343640495,-3339.0580343640495,leave_one_system_out
1239,2019-08-22 12:00:00,6265.0,345.1355,24.963197841500005,1.2246467991473532e-16,-1.0,-0.7748840413670406,-0.6321034111873488,12.0,234,1.2246467991473532e-16,-1.0,-0.7748840413670406,-0.6321034111873488,18550.0,max_ac,6265.0,0.33773584905660375,0.33773584905660375,0.41648550459819067,7725.806110296437,-1460.8061102964366,leave_one_system_out
1239,2019-08-22 13:00:00,6740.0,373.01675,26.096531265500005,-0.2588190451025208,-0.9659258262890684,-0.7748840413670406,-0.6321034111873488,13.0,234,-0.2588190451025208,-0.9659258262890683,-0.7748840413670406,-0.6321034111873488,18550.0,max_ac,6740.0,0.3633423180592992,0.3633423180592992,0.39054053057935595,7244.526842247053,-504.5268422470526,leave_one_system_out
1239,2019-08-22 14:00:00,8315.0,457.77375,26.5225035218,-0.4999999999999997,-0.8660254037844388,-0.7748840413670406,-0.6321034111873488,14.0,234,-0.4999999999999997,-0.8660254037844388,-0.7748840413670406,-0.6321034111873488,18550.0,max_ac,8315.0,0.4482479784366577,0.4482479784366577,0.40452012191139525,7503.848261456382,811.1517385436182,leave_one_system_out
1239,2019-08-22 15:00:00,5320.0,297.40099999999995,26.363892398,-0.7071067811865471,-0.7071067811865479,-0.7748840413670406,-0.6321034111873488,15.0,234,-0.7071067811865471,-0.7071067811865479,-0.7748840413670406,-0.6321034111873488,18550.0,max_ac,5320.0,0.28679245283018867,0.28679245283018867,0.2524306092040342,4682.587800734835,637.4121992651653,leave_one_system_out
1239,2019-08-22 16:00:00,6023.25,347.47,26.486114630000003,-0.8660254037844385,-0.5000000000000004,-0.7748840413670406,-0.6321034111873488,16.0,234,-0.8660254037844385,-0.5000000000000004,-0.7748840413670406,-0.6321034111873488,18550.0,max_ac,6023.25,0.3247035040431267,0.3247035040431267,0.2863744046428693,5312.245206125225,711.0047938747748,leave_one_system_out
1239,2019-08-22 17:00:00,2645.0,171.86950000000002,25.905142361300005,-0.9659258262890684,-0.2588190451025206,-0.7748840413670406,-0.6321034111873488,17.0,234,-0.9659258262890683,-0.25881904510252063,-0.7748840413670406,-0.6321034111873488,18550.0,max_ac,2645.0,0.14258760107816712,0.14258760107816712,0.1252502499981082,2323.3921374649067,321.6078625350933,leave_one_system_out
1239,2019-08-22 18:00:00,930.0,94.68325,24.8365311647,-1.0,-1.8369701987210287e-16,-0.7748840413670406,-0.6321034111873488,18.0,234,-1.0,-1.8369701987210297e-16,-0.7748840413670406,-0.6321034111873488,18550.0,max_ac,930.0,0.05013477088948787,0.05013477088948787,0.07074632690162258,1312.344364025099,-382.3443640250989,leave_one_system_out
1239,2019-08-23 06:00:00,450.0,83.44800000000001,12.682363525700003,1.0,6.123233995736766e-17,-0.7856498550787144,-0.6186714032625032,6.0,235,1.0,6.123233995736766e-17,-0.7856498550787144,-0.6186714032625032,18550.0,max_ac,450.0,0.02425876010781671,0.02425876010781671,0.039927258139898225,740.650638495112,-290.65063849511205,leave_one_system_out
1239,2019-08-23 07:00:00,3445.0,232.541,15.690280433000002,0.9659258262890684,-0.2588190451025206,-0.7856498550787144,-0.6186714032625032,7.0,235,0.9659258262890683,-0.25881904510252063,-0.7856498550787144,-0.6186714032625032,18550.0,max_ac,3445.0,0.18571428571428572,0.18571428571428572,0.21069100436469018,3908.318130965003,-463.3181309650031,leave_one_system_out
1239,2019-08-23 08:00:00,7165.0,391.5605000000001,18.633614001800005,0.8660254037844387,-0.4999999999999998,-0.7856498550787144,-0.6186714032625032,8.0,235,0.8660254037844387,-0.4999999999999998,-0.7856498550787144,-0.6186714032625032,18550.0,max_ac,7165.0,0.3862533692722372,0.3862533692722372,0.3691062130683136,6846.920252417217,318.07974758278306,leave_one_system_out
1239,2019-08-23 09:00:00,10610.0,542.552,19.7712529817,0.7071067811865476,-0.7071067811865475,-0.7856498550787144,-0.6186714032625032,9.0,235,0.7071067811865476,-0.7071067811865475,-0.7856498550787144,-0.6186714032625032,18550.0,max_ac,10610.0,0.5719676549865229,0.5719676549865229,0.49520340250092654,9186.023116392187,1423.9768836078129,leave_one_system_out
1239,2019-08-23 10:00:00,13185.0,676.505,21.7245864713,0.4999999999999999,-0.8660254037844387,-0.7856498550787144,-0.6186714032625032,10.0,235,0.49999999999999994,-0.8660254037844387,-0.7856498550787144,-0.6186714032625032,18550.0,max_ac,13185.0,0.7107816711590297,0.7107816711590297,0.58882072344944,10922.624419987113,2262.3755800128874,leave_one_system_out
1239,2019-08-23 11:00:00,15015.0,774.0677499999999,22.564030982900007,0.258819045102521,-0.9659258262890682,-0.7856498550787144,-0.6186714032625032,11.0,235,0.258819045102521,-0.9659258262890682,-0.7856498550787144,-0.6186714032625032,18550.0,max_ac,15015.0,0.809433962264151,0.809433962264151,0.6446367911291571,11958.012475445863,3056.987524554137,leave_one_system_out
1239,2019-08-23 12:00:00,13805.0,705.52075,22.102919834900003,1.2246467991473532e-16,-1.0,-0.7856498550787144,-0.6186714032625032,12.0,235,1.2246467991473532e-16,-1.0,-0.7856498550787144,-0.6186714032625032,18550.0,max_ac,13805.0,0.7442048517520216,0.7442048517520216,0.6024500188765204,11175.447850159453,2629.552149840547,leave_one_system_out
1239,2019-08-23 13:00:00,13780.0,720.83575,22.00014204890001,-0.2588190451025208,-0.9659258262890684,-0.7856498550787144,-0.6186714032625032,13.0,235,-0.2588190451025208,-0.9659258262890683,-0.7856498550787144,-0.6186714032625032,18550.0,max_ac,13780.0,0.7428571428571429,0.7428571428571429,0.596162823524146,11058.820376372907,2721.179623627093,leave_one_system_out
1239,2019-08-23 14:00:00,16865.0,868.7727499999999,22.904447676800004,-0.4999999999999997,-0.8660254037844388,-0.7856498550787144,-0.6186714032625032,14.0,235,-0.4999999999999997,-0.8660254037844388,-0.7856498550787144,-0.6186714032625032,18550.0,max_ac,16865.0,0.9091644204851752,0.9091644204851752,0.6937351580973911,12868.787182706605,3996.2128172933953,leave_one_system_out
1239,2019-08-23 15:00:00,7075.0,372.057,22.008614271800003,-0.7071067811865471,-0.7071067811865479,-0.7856498550787144,-0.6186714032625032,15.0,235,-0.7071067811865471,-0.7071067811865479,-0.7856498550787144,-0.6186714032625032,18550.0,max_ac,7075.0,0.38140161725067384,0.38140161725067384,0.30947319520288885,5740.727771013589,1334.2722289864114,leave_one_system_out
1239,2019-08-23 16:00:00,2200.0,139.03575,19.721947422200003,-0.8660254037844385,-0.5000000000000004,-0.7856498550787144,-0.6186714032625032,16.0,235,-0.8660254037844385,-0.5000000000000004,-0.7856498550787144,-0.6186714032625032,18550.0,max_ac,2200.0,0.11859838274932614,0.11859838274932614,0.0825570876865474,1531.4339765854543,668.5660234145457,leave_one_system_out
1239,2019-08-23 17:00:00,1470.0,99.09025,18.743197343900007,-0.9659258262890684,-0.2588190451025206,-0.7856498550787144,-0.6186714032625032,17.0,235,-0.9659258262890683,-0.25881904510252063,-0.7856498550787144,-0.6186714032625032,18550.0,max_ac,1470.0,0.07924528301886792,0.07924528301886792,0.04265755763632684,791.2976941538628,678.7023058461372,leave_one_system_out
1239,2019-08-23 18:00:00,470.0,64.79475,18.397225094,-1.0,-1.8369701987210287e-16,-0.7856498550787144,-0.6186714032625032,18.0,235,-1.0,-1.8369701987210297e-16,-0.7856498550787144,-0.6186714032625032,18550.0,max_ac,470.0,0.025336927223719677,0.025336927223719677,0.03384335915808684,627.7943123825108,-157.79431238251084,leave_one_system_out
1239,2019-08-24 06:00:00,505.0,85.586,14.088752527100002,1.0,6.123233995736766e-17,-0.7961828637826154,-0.6050560696488494,6.0,236,1.0,6.123233995736766e-17,-0.7961828637826154,-0.6050560696488494,18550.0,max_ac,505.0,0.027223719676549865,0.027223719676549865,0.04307308227584461,799.0056762169175,-294.00567621691755,leave_one_system_out
1239,2019-08-24 07:00:00,1775.0,119.81575,14.487919225700002,0.9659258262890684,-0.2588190451025206,-0.7961828637826154,-0.6050560696488494,7.0,236,0.9659258262890683,-0.25881904510252063,-0.7961828637826154,-0.6050560696488494,18550.0,max_ac,1775.0,0.09568733153638814,0.09568733153638814,0.13304607927586054,2468.004770567213,-693.0047705672132,leave_one_system_out
1239,2019-08-24 08:00:00,3360.0,185.876,15.804169331000002,0.8660254037844387,-0.4999999999999998,-0.7961828637826154,-0.6050560696488494,8.0,236,0.8660254037844387,-0.4999999999999998,-0.7961828637826154,-0.6050560696488494,18550.0,max_ac,3360.0,0.1811320754716981,0.1811320754716981,0.24549855858992997,4553.998261843201,-1193.9982618432014,leave_one_system_out
1239,2019-08-24 09:00:00,3930.0,216.179,16.188197139500005,0.7071067811865476,-0.7071067811865475,-0.7961828637826154,-0.6050560696488494,9.0,236,0.7071067811865476,-0.7071067811865475,-0.7961828637826154,-0.6050560696488494,18550.0,max_ac,3930.0,0.21185983827493263,0.21185983827493263,0.31987544811700247,5933.6895625703955,-2003.6895625703955,leave_one_system_out
1239,2019-08-24 10:00:00,7465.0,398.76025,17.850419494700006,0.4999999999999999,-0.8660254037844387,-0.7961828637826154,-0.6050560696488494,10.0,236,0.49999999999999994,-0.8660254037844387,-0.7961828637826154,-0.6050560696488494,18550.0,max_ac,7465.0,0.40242587601078167,0.40242587601078167,0.44690441982154727,8290.076987689701,-825.0769876897011,leave_one_system_out
1239,2019-08-24 11:00:00,6810.0,356.0875,18.332780644400003,0.258819045102521,-0.9659258262890682,-0.7961828637826154,-0.6050560696488494,11.0,236,0.258819045102521,-0.9659258262890682,-0.7961828637826154,-0.6050560696488494,18550.0,max_ac,6810.0,0.36711590296495955,0.36711590296495955,0.42974287706031855,7971.730369468909,-1161.730369468909,leave_one_system_out
1239,2019-08-24 12:00:00,9920.0,507.7115,19.006252920500003,1.2246467991473532e-16,-1.0,-0.7961828637826154,-0.6050560696488494,12.0,236,1.2246467991473532e-16,-1.0,-0.7961828637826154,-0.6050560696488494,18550.0,max_ac,9920.0,0.5347708894878707,0.5347708894878707,0.49063277903105673,9101.238051026103,818.7619489738972,leave_one_system_out
1239,2019-08-24 13:00:00,14040.0,799.39675,20.562919711700005,-0.2588190451025208,-0.9659258262890684,-0.7961828637826154,-0.6050560696488494,13.0,236,-0.2588190451025208,-0.9659258262890683,-0.7961828637826154,-0.6050560696488494,18550.0,max_ac,14040.0,0.7568733153638814,0.7568733153638814,0.6443540278223173,11952.767216103986,2087.2327838960136,leave_one_system_out
1239,2019-08-24 14:00:00,14185.0,731.7439999999999,24.45680891210001,-0.4999999999999997,-0.8660254037844388,-0.7961828637826154,-0.6050560696488494,14.0,236,-0.4999999999999997,-0.8660254037844388,-0.7961828637826154,-0.6050560696488494,18550.0,max_ac,14185.0,0.7646900269541779,0.7646900269541779,0.5953009081048038,11042.831845344112,3142.1681546558884,leave_one_system_out
1239,2019-08-24 15:00:00,11315.0,597.50775,25.438475657300003,-0.7071067811865471,-0.7071067811865479,-0.7961828637826154,-0.6050560696488494,15.0,236,-0.7071067811865471,-0.7071067811865479,-0.7961828637826154,-0.6050560696488494,18550.0,max_ac,11315.0,0.6099730458221024,0.6099730458221024,0.49686905041397844,9216.920885179301,2098.079114820699,leave_one_system_out
1239,2019-08-24 16:00:00,8730.0,483.66975,25.5227812196,-0.8660254037844385,-0.5000000000000004,-0.7961828637826154,-0.6050560696488494,16.0,236,-0.8660254037844385,-0.5000000000000004,-0.7961828637826154,-0.6050560696488494,18550.0,max_ac,8730.0,0.4706199460916442,0.4706199460916442,0.4151338471186984,7700.732864051855,1029.2671359481446,leave_one_system_out
1239,2019-08-24 17:00:00,4445.0,302.659,24.625697814500008,-0.9659258262890684,-0.2588190451025206,-0.7961828637826154,-0.6050560696488494,17.0,236,-0.9659258262890683,-0.25881904510252063,-0.7961828637826154,-0.6050560696488494,18550.0,max_ac,4445.0,0.23962264150943396,0.23962264150943396,0.2659546890791384,4933.459482418017,-488.4594824180167,leave_one_system_out
1239,2019-08-24 18:00:00,710.0,123.78625,22.963475459300003,-1.0,-1.8369701987210287e-16,-0.7961828637826154,-0.6050560696488494,18.0,236,-1.0,-1.8369701987210297e-16,-0.7961828637826154,-0.6050560696488494,18550.0,max_ac,710.0,0.03827493261455526,0.03827493261455526,0.10579954109193102,1962.5814872553203,-1252.5814872553203,leave_one_system_out
1239,2019-08-25 06:00:00,535.0,70.03075,7.661946457400003,1.0,6.123233995736766e-17,-0.8064799463209447,-0.5912614448635782,6.0,237,1.0,6.123233995736766e-17,-0.8064799463209447,-0.5912614448635782,18550.0,max_ac,535.0,0.028840970350404314,0.028840970350404314,0.018703359404652453,346.947316956303,188.05268304369702,leave_one_system_out
1239,2019-08-25 07:00:00,3085.0,217.924,10.863891158000005,0.9659258262890684,-0.2588190451025206,-0.8064799463209447,-0.5912614448635782,7.0,237,0.9659258262890683,-0.25881904510252063,-0.8064799463209447,-0.5912614448635782,18550.0,max_ac,3085.0,0.16630727762803235,0.16630727762803235,0.19051005335971283,3533.961489822673,-448.9614898226728,leave_one_system_out
1239,2019-08-25 08:00:00,6995.0,379.7145,16.224724920200003,0.8660254037844387,-0.4999999999999998,-0.8064799463209447,-0.5912614448635782,8.0,237,0.8660254037844387,-0.4999999999999998,-0.8064799463209447,-0.5912614448635782,18550.0,max_ac,6995.0,0.377088948787062,0.377088948787062,0.356356071105547,6610.405119007897,384.59488099210284,leave_one_system_out
1239,2019-08-25 09:00:00,10275.0,529.5062499999999,20.748614171000007,0.7071067811865476,-0.7071067811865475,-0.8064799463209447,-0.5912614448635782,9.0,237,0.7071067811865476,-0.7071067811865475,-0.8064799463209447,-0.5912614448635782,18550.0,max_ac,10275.0,0.5539083557951483,0.5539083557951483,0.487625482859136,9045.452707036973,1229.5472929630268,leave_one_system_out
1239,2019-08-25 10:00:00,12420.0,657.76475,24.250142228900003,0.4999999999999999,-0.8660254037844387,-0.8064799463209447,-0.5912614448635782,10.0,237,0.49999999999999994,-0.8660254037844387,-0.8064799463209447,-0.5912614448635782,18550.0,max_ac,12420.0,0.6695417789757412,0.6695417789757412,0.5802767314870342,10764.133369084484,1655.866630915516,leave_one_system_out
1239,2019-08-25 11:00:00,13870.0,743.52475,26.6280590858,0.258819045102521,-0.9659258262890682,-0.8064799463209447,-0.5912614448635782,11.0,237,0.258819045102521,-0.9659258262890682,-0.8064799463209447,-0.5912614448635782,18550.0,max_ac,13870.0,0.7477088948787062,0.7477088948787062,0.6305927903720377,11697.4962614013,2172.5037385987,leave_one_system_out
1239,2019-08-25 12:00:00,14950.0,784.518,24.965836730600003,1.2246467991473532e-16,-1.0,-0.8064799463209447,-0.5912614448635782,12.0,237,1.2246467991473532e-16,-1.0,-0.8064799463209447,-0.5912614448635782,18550.0,max_ac,14950.0,0.8059299191374663,0.8059299191374663,0.6447952994874371,11960.952805491957,2989.0471945080426,leave_one_system_out
1239,2019-08-25 13:00:00,14384.5,759.8435,25.051808959700004,-0.2588190451025208,-0.9659258262890684,-0.8064799463209447,-0.5912614448635782,13.0,237,-0.2588190451025208,-0.9659258262890683,-0.8064799463209447,-0.5912614448635782,18550.0,max_ac,14384.5,0.7754447439353099,0.7754447439353099,0.6196740755532406,11494.954101512614,2889.545898487386,leave_one_system_out
1239,2019-08-25 14:00:00,13015.0,693.26025,27.190559130800008,-0.4999999999999997,-0.8660254037844388,-0.8064799463209447,-0.5912614448635782,14.0,237,-0.4999999999999997,-0.8660254037844388,-0.8064799463209447,-0.5912614448635782,18550.0,max_ac,13015.0,0.7016172506738545,0.7016172506738545,0.5674232766325386,10525.70178153359,2489.2982184664106,leave_one_system_out
1239,2019-08-25 15:00:00,10845.0,583.47975,28.770003701600004,-0.7071067811865471,-0.7071067811865479,-0.8064799463209447,-0.5912614448635782,15.0,237,-0.7071067811865471,-0.7071067811865479,-0.8064799463209447,-0.5912614448635782,18550.0,max_ac,10845.0,0.5846361185983827,0.5846361185983827,0.4845811806726784,8988.980901478184,1856.019098521816,leave_one_system_out
1239,2019-08-25 16:00:00,7740.0,440.03675,28.511114792000004,-0.8660254037844385,-0.5000000000000004,-0.8064799463209447,-0.5912614448635782,16.0,237,-0.8660254037844385,-0.5000000000000004,-0.8064799463209447,-0.5912614448635782,18550.0,max_ac,7740.0,0.4172506738544474,0.4172506738544474,0.37286519728097683,6916.64940956212,823.3505904378799,leave_one_system_out
1239,2019-08-25 17:00:00,3915.0,276.523,27.41000359280001,-0.9659258262890684,-0.2588190451025206,-0.8064799463209447,-0.5912614448635782,17.0,237,-0.9659258262890683,-0.25881904510252063,-0.8064799463209447,-0.5912614448635782,18550.0,max_ac,3915.0,0.21105121293800538,0.21105121293800538,0.23716057055448633,4399.328583785721,-484.3285837857211,leave_one_system_out
1239,2019-08-25 18:00:00,655.0,117.85225,25.086947851400005,-1.0,-1.8369701987210287e-16,-0.8064799463209447,-0.5912614448635782,18.0,237,-1.0,-1.8369701987210297e-16,-0.8064799463209447,-0.5912614448635782,18550.0,max_ac,655.0,0.035309973045822104,0.035309973045822104,0.0984823110241358,1826.846869497719,-1171.846869497719,leave_one_system_out
1239,2019-08-26 06:00:00,275.0,53.45049999999999,7.417363104500002,1.0,6.123233995736766e-17,-0.8165380514459157,-0.5772916165517278,6.0,238,1.0,6.123233995736766e-17,-0.8165380514459157,-0.5772916165517278,18550.0,max_ac,275.0,0.014824797843665768,0.014824797843665768,0.004198654546792691,77.88504184300442,197.11495815699558,leave_one_system_out
1239,2019-08-26 07:00:00,2150.0,152.082,8.799863215100004,0.9659258262890684,-0.2588190451025206,-0.8165380514459157,-0.5772916165517278,7.0,238,0.9659258262890683,-0.25881904510252063,-0.8165380514459157,-0.5772916165517278,18550.0,max_ac,2150.0,0.11590296495956873,0.11590296495956873,0.14077969433647447,2611.4633299416014,-461.4633299416014,leave_one_system_out
1239,2019-08-26 08:00:00,3590.0,193.92575,10.611113360000004,0.8660254037844387,-0.4999999999999998,-0.8165380514459157,-0.5772916165517278,8.0,238,0.8660254037844387,-0.4999999999999998,-0.8165380514459157,-0.5772916165517278,18550.0,max_ac,3590.0,0.1935309973045822,0.1935309973045822,0.2355715409264957,4369.852084186496,-779.8520841864956,leave_one_system_out
1239,2019-08-26 09:00:00,8935.0,467.8965,16.279447146800003,0.7071067811865476,-0.7071067811865475,-0.8165380514459157,-0.5772916165517278,9.0,238,0.7071067811865476,-0.7071067811865475,-0.8165380514459157,-0.5772916165517278,18550.0,max_ac,8935.0,0.4816711590296496,0.4816711590296496,0.44846919278983743,8319.103526251485,615.8964737485148,leave_one_system_out
1239,2019-08-26 10:00:00,6830.0,360.12350000000004,21.084725309000003,0.4999999999999999,-0.8660254037844387,-0.8165380514459157,-0.5772916165517278,10.0,238,0.49999999999999994,-0.8660254037844387,-0.8165380514459157,-0.5772916165517278,18550.0,max_ac,6830.0,0.3681940700808625,0.3681940700808625,0.4303326048125424,7982.669819272661,-1152.6698192726608,leave_one_system_out
1239,2019-08-26 11:00:00,5834.5,323.319,21.804725366600003,0.258819045102521,-0.9659258262890682,-0.8165380514459157,-0.5772916165517278,11.0,238,0.258819045102521,-0.9659258262890682,-0.8165380514459157,-0.5772916165517278,18550.0,max_ac,5834.5,0.3145283018867924,0.3145283018867924,0.41606210095175156,7717.951972654992,-1883.4519726549916,leave_one_system_out
1239,2019-08-26 12:00:00,4815.0,274.2975,21.5866697936,1.2246467991473532e-16,-1.0,-0.8165380514459157,-0.5772916165517278,12.0,238,1.2246467991473532e-16,-1.0,-0.8165380514459157,-0.5772916165517278,18550.0,max_ac,4815.0,0.2595687331536388,0.2595687331536388,0.36318540202816413,6737.0892076224445,-1922.0892076224445,leave_one_system_out
1239,2019-08-26 13:00:00,3025.0,181.949,20.724586391300004,-0.2588190451025208,-0.9659258262890684,-0.8165380514459157,-0.5772916165517278,13.0,238,-0.2588190451025208,-0.9659258262890683,-0.8165380514459157,-0.5772916165517278,18550.0,max_ac,3025.0,0.16307277628032346,0.16307277628032346,0.2560364085397756,4749.475378412838,-1724.475378412838,leave_one_system_out
1239,2019-08-26 14:00:00,5385.0,296.2885,20.8695864029,-0.4999999999999997,-0.8660254037844388,-0.8165380514459157,-0.5772916165517278,14.0,238,-0.4999999999999997,-0.8660254037844388,-0.8165380514459157,-0.5772916165517278,18550.0,max_ac,5385.0,0.2902964959568733,0.2902964959568733,0.27814821517228466,5159.649391445881,225.3506085541194,leave_one_system_out
1239,2019-08-26 15:00:00,9605.0,534.41475,25.466531215100005,-0.7071067811865471,-0.7071067811865479,-0.8165380514459157,-0.5772916165517278,15.0,238,-0.7071067811865471,-0.7071067811865479,-0.8165380514459157,-0.5772916165517278,18550.0,max_ac,9605.0,0.517789757412399,0.517789757412399,0.4439289957487114,8234.882871138598,1370.1171288614023,leave_one_system_out
1239,2019-08-26 16:00:00,4000.0,235.028,24.019586654900003,-0.8660254037844385,-0.5000000000000004,-0.8165380514459157,-0.5772916165517278,16.0,238,-0.8660254037844385,-0.5000000000000004,-0.8165380514459157,-0.5772916165517278,18550.0,max_ac,4000.0,0.215633423180593,0.215633423180593,0.1756152831259753,3257.6635019868418,742.3364980131582,leave_one_system_out
1239,2019-08-26 17:00:00,1430.0,99.54825,21.315280883000003,-0.9659258262890684,-0.2588190451025206,-0.8165380514459157,-0.5772916165517278,17.0,238,-0.9659258262890683,-0.25881904510252063,-0.8165380514459157,-0.5772916165517278,18550.0,max_ac,1430.0,0.07708894878706199,0.07708894878706199,0.042757323449992335,793.1483499973579,636.8516500026421,leave_one_system_out
1239,2019-08-26 18:00:00,540.0,55.4355,20.08750300700001,-1.0,-1.8369701987210287e-16,-0.8165380514459157,-0.5772916165517278,18.0,238,-1.0,-1.8369701987210297e-16,-0.8165380514459157,-0.5772916165517278,18550.0,max_ac,540.0,0.029110512129380053,0.029110512129380053,0.022432723221043616,416.1270157503591,123.87298424964092,leave_one_system_out
1239,2019-08-27 06:00:00,355.0,38.877,11.762780118800004,1.0,6.123233995736766e-17,-0.8263541987239094,-0.5631507242749187,6.0,239,1.0,6.123233995736766e-17,-0.8263541987239094,-0.5631507242749187,18550.0,max_ac,355.0,0.01913746630727763,0.01913746630727763,-0.00046461174625223034,-8.618547892978873,363.6185478929789,leave_one_system_out
1239,2019-08-27 07:00:00,2180.0,128.01875,13.281391351400003,0.9659258262890684,-0.2588190451025206,-0.8263541987239094,-0.5631507242749187,7.0,239,0.9659258262890683,-0.25881904510252063,-0.8263541987239094,-0.5631507242749187,18550.0,max_ac,2180.0,0.11752021563342319,0.11752021563342319,0.13176406744151137,2444.223451040036,-264.2234510400358,leave_one_system_out
1239,2019-08-27 08:00:00,3110.0,175.7965,15.762085994300003,0.8660254037844387,-0.4999999999999998,-0.8263541987239094,-0.5631507242749187,8.0,239,0.8660254037844387,-0.4999999999999998,-0.8263541987239094,-0.5631507242749187,18550.0,max_ac,3110.0,0.16765498652291105,0.16765498652291105,0.23419194498901133,4344.26057954616,-1234.2605795461604,leave_one_system_out
1239,2019-08-27 09:00:00,9875.0,521.5865,21.145141980500004,0.7071067811865476,-0.7071067811865475,-0.8263541987239094,-0.5631507242749187,9.0,239,0.7071067811865476,-0.7071067811865475,-0.8263541987239094,-0.5631507242749187,18550.0,max_ac,9875.0,0.532345013477089,0.532345013477089,0.48177090352670116,8936.850260420306,938.1497395796941,leave_one_system_out
1239,2019-08-27 10:00:00,12140.0,657.3720000000001,25.00250340020001,0.4999999999999999,-0.8660254037844387,-0.8263541987239094,-0.5631507242749187,10.0,239,0.49999999999999994,-0.8660254037844387,-0.8263541987239094,-0.5631507242749187,18550.0,max_ac,12140.0,0.6544474393530997,0.6544474393530997,0.5786960703262762,10734.812104552424,1405.187895447576,leave_one_system_out
1239,2019-08-27 11:00:00,13580.0,743.1542499999999,29.446253755700003,0.258819045102521,-0.9659258262890682,-0.8263541987239094,-0.5631507242749187,11.0,239,0.258819045102521,-0.9659258262890682,-0.8263541987239094,-0.5631507242749187,18550.0,max_ac,13580.0,0.7320754716981132,0.7320754716981132,0.6302969067539914,11692.00762028654,1887.9923797134597,leave_one_system_out
1239,2019-08-27 12:00:00,13115.0,699.2595,27.79264251230001,1.2246467991473532e-16,-1.0,-0.8263541987239094,-0.5631507242749187,12.0,239,1.2246467991473532e-16,-1.0,-0.8263541987239094,-0.5631507242749187,18550.0,max_ac,13115.0,0.7070080862533693,0.7070080862533693,0.5988606745638307,11108.86551315906,2006.1344868409396,leave_one_system_out
1239,2019-08-27 13:00:00,14195.0,759.6254999999999,27.312920251700003,-0.2588190451025208,-0.9659258262890684,-0.8263541987239094,-0.5631507242749187,13.0,239,-0.2588190451025208,-0.9659258262890683,-0.8263541987239094,-0.5631507242749187,18550.0,max_ac,14195.0,0.7652291105121294,0.7652291105121294,0.6187133885454776,11477.13335751861,2717.866642481389,leave_one_system_out
1239,2019-08-27 14:00:00,13245.0,715.99275,30.74972608220001,-0.4999999999999997,-0.8660254037844388,-0.8263541987239094,-0.5631507242749187,14.0,239,-0.4999999999999997,-0.8660254037844388,-0.8263541987239094,-0.5631507242749187,18550.0,max_ac,13245.0,0.7140161725067385,0.7140161725067385,0.582270963450034,10801.12637199813,2443.8736280018693,leave_one_system_out
1239,2019-08-27 15:00:00,7987.25,431.943,30.775281639800003,-0.7071067811865471,-0.7071067811865479,-0.8263541987239094,-0.5631507242749187,15.0,239,-0.7071067811865471,-0.7071067811865479,-0.8263541987239094,-0.5631507242749187,18550.0,max_ac,7987.25,0.43057951482479784,0.43057951482479784,0.3597397760599819,6673.172845912664,1314.0771540873357,leave_one_system_out
1239,2019-08-27 16:00:00,7395.0,420.29325,28.914725935400003,-0.8660254037844385,-0.5000000000000004,-0.8263541987239094,-0.5631507242749187,16.0,239,-0.8660254037844385,-0.5000000000000004,-0.8263541987239094,-0.5631507242749187,18550.0,max_ac,7395.0,0.3986522911051213,0.3986522911051213,0.3535823195913891,6558.952028420267,836.0479715797328,leave_one_system_out
1239,2019-08-27 17:00:00,3575.0,267.731,27.6308369438,-0.9659258262890684,-0.2588190451025206,-0.8263541987239094,-0.5631507242749187,17.0,239,-0.9659258262890683,-0.25881904510252063,-0.8263541987239094,-0.5631507242749187,18550.0,max_ac,3575.0,0.192722371967655,0.192722371967655,0.2273856529857294,4218.003862885281,-643.0038628852808,leave_one_system_out
1239,2019-08-27 18:00:00,385.0,96.4065,25.737920125700008,-1.0,-1.8369701987210287e-16,-0.8263541987239094,-0.5631507242749187,18.0,239,-1.0,-1.8369701987210297e-16,-0.8263541987239094,-0.5631507242749187,18550.0,max_ac,385.0,0.020754716981132074,0.020754716981132074,0.07249358353634827,1344.7559745992605,-959.7559745992605,leave_one_system_out
1239,2019-08-28 06:00:00,575.0,78.18975,12.188752375100002,1.0,6.123233995736766e-17,-0.8359254794186365,-0.5488429582847199,6.0,240,1.0,6.123233995736766e-17,-0.8359254794186365,-0.5488429582847199,18550.0,max_ac,575.0,0.03099730458221024,0.03099730458221024,0.03020238334622366,560.2542110724489,14.745788927551075,leave_one_system_out
1239,2019-08-28 07:00:00,2780.0,187.839,15.682085987900004,0.9659258262890684,-0.2588190451025206,-0.8359254794186365,-0.5488429582847199,7.0,240,0.9659258262890683,-0.25881904510252063,-0.8359254794186365,-0.5488429582847199,18550.0,max_ac,2780.0,0.14986522911051212,0.14986522911051212,0.17515089879470916,3249.049172641855,-469.04917264185497,leave_one_system_out
1239,2019-08-28 08:00:00,6605.0,372.1225,19.86125298890001,0.8660254037844387,-0.4999999999999998,-0.8359254794186365,-0.5488429582847199,8.0,240,0.8660254037844387,-0.4999999999999998,-0.8359254794186365,-0.5488429582847199,18550.0,max_ac,6605.0,0.3560646900269542,0.3560646900269542,0.35391157482626906,6565.059713027291,39.940286972709146,leave_one_system_out
1239,2019-08-28 09:00:00,9875.0,532.69125,23.859169975400004,0.7071067811865476,-0.7071067811865475,-0.8359254794186365,-0.5488429582847199,9.0,240,0.7071067811865476,-0.7071067811865475,-0.8359254794186365,-0.5488429582847199,18550.0,max_ac,9875.0,0.532345013477089,0.532345013477089,0.4895941077858219,9081.970699426996,793.0293005730036,leave_one_system_out
1239,2019-08-28 10:00:00,12090.0,655.8445,27.266670248000004,0.4999999999999999,-0.8660254037844387,-0.8359254794186365,-0.5488429582847199,10.0,240,0.49999999999999994,-0.8660254037844387,-0.8359254794186365,-0.5488429582847199,18550.0,max_ac,12090.0,0.6517520215633423,0.6517520215633423,0.578919627071781,10738.959082181538,1351.0409178184618,leave_one_system_out
1239,2019-08-28 11:00:00,13740.0,734.842,28.829031484100003,0.258819045102521,-0.9659258262890682,-0.8359254794186365,-0.5488429582847199,11.0,240,0.258819045102521,-0.9659258262890682,-0.8359254794186365,-0.5488429582847199,18550.0,max_ac,13740.0,0.7407008086253369,0.7407008086253369,0.624931676541719,11592.482599848887,2147.517400151113,leave_one_system_out
1239,2019-08-28 12:00:00,14580.0,768.5484999999999,26.87292021650001,1.2246467991473532e-16,-1.0,-0.8359254794186365,-0.5488429582847199,12.0,240,1.2246467991473532e-16,-1.0,-0.8359254794186365,-0.5488429582847199,18550.0,max_ac,14580.0,0.7859838274932615,0.7859838274932615,0.6347324475937275,11774.286902863645,2805.713097136355,leave_one_system_out
1239,2019-08-28 13:00:00,14290.0,754.1932499999999,26.6154201959,-0.2588190451025208,-0.9659258262890684,-0.8359254794186365,-0.5488429582847199,13.0,240,-0.2588190451025208,-0.9659258262890683,-0.8359254794186365,-0.5488429582847199,18550.0,max_ac,14290.0,0.7703504043126684,0.7703504043126684,0.6147946385609331,11404.44054530531,2885.5594546946904,leave_one_system_out
1239,2019-08-28 14:00:00,13095.0,686.2787500000001,29.124170396600004,-0.4999999999999997,-0.8660254037844388,-0.8359254794186365,-0.5488429582847199,14.0,240,-0.4999999999999997,-0.8660254037844388,-0.8359254794186365,-0.5488429582847199,18550.0,max_ac,13095.0,0.7059299191374663,0.7059299191374663,0.5611032684660916,10408.465630046,2686.534369954001,leave_one_system_out
1239,2019-08-28 15:00:00,10725.0,565.7215,28.902087045500004,-0.7071067811865471,-0.7071067811865479,-0.8359254794186365,-0.5488429582847199,15.0,240,-0.7071067811865471,-0.7071067811865479,-0.8359254794186365,-0.5488429582847199,18550.0,max_ac,10725.0,0.578167115902965,0.578167115902965,0.46896355832388215,8699.274006908014,2025.7259930919863,leave_one_system_out
1239,2019-08-28 16:00:00,2770.0,164.47375,27.1526424611,-0.8660254037844385,-0.5000000000000004,-0.8359254794186365,-0.5488429582847199,16.0,240,-0.8660254037844385,-0.5000000000000004,-0.8359254794186365,-0.5488429582847199,18550.0,max_ac,2770.0,0.14932614555256066,0.14932614555256066,0.10785371564326846,2000.6864251826298,769.3135748173702,leave_one_system_out
1239,2019-08-28 17:00:00,1710.0,112.4855,25.20236452730001,-0.9659258262890684,-0.2588190451025206,-0.8359254794186365,-0.5488429582847199,17.0,240,-0.9659258262890683,-0.25881904510252063,-0.8359254794186365,-0.5488429582847199,18550.0,max_ac,1710.0,0.09218328840970351,0.09218328840970351,0.05744162575873818,1065.5421578245932,644.4578421754068,leave_one_system_out
1239,2019-08-28 18:00:00,490.0,52.054,24.032225544800003,-1.0,-1.8369701987210287e-16,-0.8359254794186365,-0.5488429582847199,18.0,240,-1.0,-1.8369701987210297e-16,-0.8359254794186365,-0.5488429582847199,18550.0,max_ac,490.0,0.026415094339622643,0.026415094339622643,0.018453434223422327,342.31120484448417,147.68879515551583,leave_one_system_out
1239,2019-08-29 06:00:00,0.0,1.309,13.057641333500005,1.0,6.123233995736766e-17,-0.8452490573530634,-0.5343725582809785,6.0,241,1.0,6.123233995736766e-17,-0.8452490573530634,-0.5343725582809785,18550.0,max_ac,0.0,0.0,0.0,-0.029813123960616805,-553.0334494694417,553.0334494694417,leave_one_system_out
1239,2019-08-29 07:00:00,5.0,10.951999999999998,13.458752476700004,0.9659258262890684,-0.2588190451025206,-0.8452490573530634,-0.5343725582809785,7.0,241,0.9659258262890683,-0.25881904510252063,-0.8452490573530634,-0.5343725582809785,18550.0,max_ac,5.0,0.00026954177897574127,0.00026954177897574127,0.04972346116212717,922.370204557459,-917.370204557459,leave_one_system_out
1239,2019-08-29 08:00:00,440.0,45.33425,13.960696961300002,0.8660254037844387,-0.4999999999999998,-0.8452490573530634,-0.5343725582809785,8.0,241,0.8660254037844387,-0.4999999999999998,-0.8452490573530634,-0.5343725582809785,18550.0,max_ac,440.0,0.02371967654986523,0.02371967654986523,0.14900244997845666,2763.995447100371,-2323.995447100371,leave_one_system_out
1239,2019-08-29 09:00:00,2250.0,118.22299999999998,15.1700026136,0.7071067811865476,-0.7071067811865475,-0.8452490573530634,-0.5343725582809785,9.0,241,0.7071067811865476,-0.7071067811865475,-0.8452490573530634,-0.5343725582809785,18550.0,max_ac,2250.0,0.12129380053908356,0.12129380053908356,0.25445975853232505,4720.22852077463,-2470.22852077463,leave_one_system_out
1239,2019-08-29 10:00:00,3700.0,187.88325,16.676113845200003,0.4999999999999999,-0.8660254037844387,-0.8452490573530634,-0.5343725582809785,10.0,241,0.49999999999999994,-0.8660254037844387,-0.8452490573530634,-0.5343725582809785,18550.0,max_ac,3700.0,0.19946091644204852,0.19946091644204852,0.32778889259334826,6080.483957606611,-2380.4839576066106,leave_one_system_out
1239,2019-08-29 11:00:00,2885.0,154.8745,17.487502799000005,0.258819045102521,-0.9659258262890682,-0.8452490573530634,-0.5343725582809785,11.0,241,0.258819045102521,-0.9659258262890682,-0.8452490573530634,-0.5343725582809785,18550.0,max_ac,2885.0,0.1555256064690027,0.1555256064690027,0.3127930724549384,5802.311494039108,-2917.311494039108,leave_one_system_out
1239,2019-08-29 12:00:00,3055.0,169.797,18.443752875500003,1.2246467991473532e-16,-1.0,-0.8452490573530634,-0.5343725582809785,12.0,241,1.2246467991473532e-16,-1.0,-0.8452490573530634,-0.5343725582809785,18550.0,max_ac,3055.0,0.1646900269541779,0.1646900269541779,0.2909377360962344,5396.895004585148,-2341.895004585148,leave_one_system_out
1239,2019-08-29 13:00:00,3305.0,188.69,18.8895862445,-0.2588190451025208,-0.9659258262890684,-0.8452490573530634,-0.5343725582809785,13.0,241,-0.2588190451025208,-0.9659258262890683,-0.8452490573530634,-0.5343725582809785,18550.0,max_ac,3305.0,0.17816711590296497,0.17816711590296497,0.24970329289598756,4631.996083220569,-1326.9960832205688,leave_one_system_out
1239,2019-08-29 14:00:00,5755.0,300.521,20.47000303760001,-0.4999999999999997,-0.8660254037844388,-0.8452490573530634,-0.5343725582809785,14.0,241,-0.4999999999999997,-0.8660254037844388,-0.8452490573530634,-0.5343725582809785,18550.0,max_ac,5755.0,0.31024258760107815,0.31024258760107815,0.27611078355610236,5121.855034965699,633.1449650343011,leave_one_system_out
1239,2019-08-29 15:00:00,2125.0,131.96725,19.994725221800003,-0.7071067811865471,-0.7071067811865479,-0.8452490573530634,-0.5343725582809785,15.0,241,-0.7071067811865471,-0.7071067811865479,-0.8452490573530634,-0.5343725582809785,18550.0,max_ac,2125.0,0.11455525606469003,0.11455525606469003,0.0971836695068432,1802.7570693519415,322.2429306480585,leave_one_system_out
1239,2019-08-29 16:00:00,1750.0,111.22,19.5841696334,-0.8660254037844385,-0.5000000000000004,-0.8452490573530634,-0.5343725582809785,16.0,241,-0.8660254037844385,-0.5000000000000004,-0.8452490573530634,-0.5343725582809785,18550.0,max_ac,1750.0,0.09433962264150944,0.09433962264150944,0.049025126667432195,909.4160996808672,840.5839003191328,leave_one_system_out
1239,2019-08-29 17:00:00,2055.0,126.07725,20.918753073500003,-0.9659258262890684,-0.2588190451025206,-0.8452490573530634,-0.5343725582809785,17.0,241,-0.9659258262890683,-0.25881904510252063,-0.8452490573530634,-0.5343725582809785,18550.0,max_ac,2055.0,0.11078167115902965,0.11078167115902965,0.07066838771283607,1310.898592073109,744.1014079268909,leave_one_system_out
1239,2019-08-29 18:00:00,705.0,69.59425,20.779586395700008,-1.0,-1.8369701987210287e-16,-0.8452490573530634,-0.5343725582809785,18.0,241,-1.0,-1.8369701987210297e-16,-0.8452490573530634,-0.5343725582809785,18550.0,max_ac,705.0,0.038005390835579515,0.038005390835579515,0.04000167774869934,742.0311222383727,-37.031122238372745,leave_one_system_out
1239,2019-08-30 06:00:00,310.0,58.62049999999999,13.747085833100003,1.0,6.123233995736766e-17,-0.8543221697498269,-0.5197438121555157,6.0,242,1.0,6.123233995736766e-17,-0.8543221697498269,-0.5197438121555157,18550.0,max_ac,310.0,0.016711590296495958,0.016711590296495958,0.015495171960807297,287.43543987297534,22.564560127024663,leave_one_system_out
1239,2019-08-30 07:00:00,2915.0,211.94625,16.051808239700005,0.9659258262890684,-0.2588190451025206,-0.8543221697498269,-0.5197438121555157,7.0,242,0.9659258262890683,-0.25881904510252063,-0.8543221697498269,-0.5197438121555157,18550.0,max_ac,2915.0,0.15714285714285714,0.15714285714285714,0.18961937237608512,3517.439357576379,-602.4393575763788,leave_one_system_out
1239,2019-08-30 08:00:00,6685.0,390.0248,19.589002967120003,0.8660254037844387,-0.4999999999999998,-0.8543221697498269,-0.5197438121555157,8.0,242,0.8660254037844387,-0.4999999999999998,-0.8543221697498269,-0.5197438121555157,18550.0,max_ac,6685.0,0.360377358490566,0.360377358490566,0.3614880012489582,6705.602423168174,-20.602423168174028,leave_one_system_out
1239,2019-08-30 09:00:00,10050.0,517.7905,22.275836515400005,0.7071067811865476,-0.7071067811865475,-0.8543221697498269,-0.5197438121555157,9.0,242,0.7071067811865476,-0.7071067811865475,-0.8543221697498269,-0.5197438121555157,18550.0,max_ac,10050.0,0.5417789757412399,0.5417789757412399,0.4776382901356604,8860.1902820165,1189.8097179835004,leave_one_system_out
1239,2019-08-30 10:00:00,12270.0,644.71825,24.583475588900004,0.4999999999999999,-0.8660254037844387,-0.8543221697498269,-0.5197438121555157,10.0,242,0.49999999999999994,-0.8660254037844387,-0.8543221697498269,-0.5197438121555157,18550.0,max_ac,12270.0,0.661455525606469,0.661455525606469,0.5689489974696362,10554.003903061752,1715.9960969382482,leave_one_system_out
1239,2019-08-30 11:00:00,5851.75,335.88550000000004,24.36819779390001,0.258819045102521,-0.9659258262890682,-0.8543221697498269,-0.5197438121555157,11.0,242,0.258819045102521,-0.9659258262890682,-0.8543221697498269,-0.5197438121555157,18550.0,max_ac,5851.75,0.31545822102425874,0.31545822102425874,0.418576831027569,7764.600215561405,-1912.850215561405,leave_one_system_out
1239,2019-08-30 12:00:00,13770.0,702.7719999999999,24.432920021300003,1.2246467991473532e-16,-1.0,-0.8543221697498269,-0.5197438121555157,12.0,242,1.2246467991473532e-16,-1.0,-0.8543221697498269,-0.5197438121555157,18550.0,max_ac,13770.0,0.7423180592991914,0.7423180592991914,0.5961868930648124,11059.26686635227,2710.733133647729,leave_one_system_out
1239,2019-08-30 13:00:00,8050.0,435.01925,24.3598644599,-0.2588190451025208,-0.9659258262890684,-0.8543221697498269,-0.5197438121555157,13.0,242,-0.2588190451025208,-0.9659258262890683,-0.8543221697498269,-0.5197438121555157,18550.0,max_ac,8050.0,0.4339622641509434,0.4339622641509434,0.41259293060259067,7653.598862678057,396.40113732194277,leave_one_system_out
1239,2019-08-30 14:00:00,8340.0,447.60725,25.0602811826,-0.4999999999999997,-0.8660254037844388,-0.8543221697498269,-0.5197438121555157,14.0,242,-0.4999999999999997,-0.8660254037844388,-0.8543221697498269,-0.5197438121555157,18550.0,max_ac,8340.0,0.4495956873315364,0.4495956873315364,0.3868634435167026,7176.316877234834,1163.6831227651664,leave_one_system_out
1239,2019-08-30 15:00:00,7910.0,426.37975,24.8140311629,-0.7071067811865471,-0.7071067811865479,-0.8543221697498269,-0.5197438121555157,15.0,242,-0.7071067811865471,-0.7071067811865479,-0.8543221697498269,-0.5197438121555157,18550.0,max_ac,7910.0,0.42641509433962266,0.42641509433962266,0.3509250666495893,6509.659986349881,1400.3400136501186,leave_one_system_out
1239,2019-08-30 16:00:00,4380.0,252.24125,24.8084756069,-0.8660254037844385,-0.5000000000000004,-0.8543221697498269,-0.5197438121555157,16.0,242,-0.8660254037844385,-0.5000000000000004,-0.8543221697498269,-0.5197438121555157,18550.0,max_ac,4380.0,0.23611859838274932,0.23611859838274932,0.1897528687122106,3519.9157146115062,860.0842853884938,leave_one_system_out
1239,2019-08-30 17:00:00,2605.0,190.4355,23.157503252600005,-0.9659258262890684,-0.2588190451025206,-0.8543221697498269,-0.5197438121555157,17.0,242,-0.9659258262890683,-0.25881904510252063,-0.8543221697498269,-0.5197438121555157,18550.0,max_ac,2605.0,0.14043126684636117,0.14043126684636117,0.1423189449671057,2640.016429139811,-35.01642913981095,leave_one_system_out
1239,2019-08-30 18:00:00,390.0,92.32725,22.521808757300004,-1.0,-1.8369701987210287e-16,-0.8543221697498269,-0.5197438121555157,18.0,242,-1.0,-1.8369701987210297e-16,-0.8543221697498269,-0.5197438121555157,18550.0,max_ac,390.0,0.021024258760107817,0.021024258760107817,0.06805105636883468,1262.3470956418835,-872.3470956418835,leave_one_system_out
1239,2019-08-31 06:00:00,280.0,55.13025,11.747224562000005,1.0,6.123233995736766e-17,-0.8631421280499115,-0.5049610547215202,6.0,243,1.0,6.123233995736766e-17,-0.8631421280499115,-0.5049610547215202,18550.0,max_ac,280.0,0.01509433962264151,0.01509433962264151,0.008393435974041075,155.69823731846193,124.30176268153807,leave_one_system_out
1239,2019-08-31 07:00:00,2855.0,203.21975,15.266947065800004,0.9659258262890684,-0.2588190451025206,-0.8631421280499115,-0.5049610547215202,7.0,243,0.9659258262890683,-0.25881904510252063,-0.8631421280499115,-0.5049610547215202,18550.0,max_ac,2855.0,0.15390835579514825,0.15390835579514825,0.18128057215158036,3362.7546134118156,-507.7546134118156,leave_one_system_out
1239,2019-08-31 08:00:00,6860.0,377.35825,16.932086087900004,0.8660254037844387,-0.4999999999999998,-0.8631421280499115,-0.5049610547215202,8.0,243,0.8660254037844387,-0.4999999999999998,-0.8631421280499115,-0.5049610547215202,18550.0,max_ac,6860.0,0.36981132075471695,0.36981132075471695,0.34922991040262735,6478.214837968738,381.7851620312622,leave_one_system_out
1239,2019-08-31 09:00:00,10375.0,449.9938,19.347225170000005,0.7071067811865476,-0.7071067811865475,-0.8631421280499115,-0.5049610547215202,9.0,243,0.7071067811865476,-0.7071067811865475,-0.8631421280499115,-0.5049610547215202,18550.0,max_ac,10375.0,0.5592991913746631,0.5592991913746631,0.4368411066110826,8103.402527635582,2271.5974723644176,leave_one_system_out
1239,2019-08-31 10:00:00,12405.0,614.0664999999999,21.1465308695,0.4999999999999999,-0.8660254037844387,-0.8631421280499115,-0.5049610547215202,10.0,243,0.49999999999999994,-0.8660254037844387,-0.8631421280499115,-0.5049610547215202,18550.0,max_ac,12405.0,0.668733153638814,0.668733153638814,0.5494280079497637,10191.889547468116,2213.110452531884,leave_one_system_out
1239,2019-08-31 11:00:00,9600.0,507.8205,21.47139200660001,0.258819045102521,-0.9659258262890682,-0.8631421280499115,-0.5049610547215202,11.0,243,0.258819045102521,-0.9659258262890682,-0.8631421280499115,-0.5049610547215202,18550.0,max_ac,9600.0,0.5175202156334232,0.5175202156334232,0.5000960498847971,9276.781725362986,323.2182746370145,leave_one_system_out
1239,2019-08-31 12:00:00,5580.0,302.9425,20.8441697342,1.2246467991473532e-16,-1.0,-0.8631421280499115,-0.5049610547215202,12.0,243,1.2246467991473532e-16,-1.0,-0.8631421280499115,-0.5049610547215202,18550.0,max_ac,5580.0,0.3008086253369272,0.3008086253369272,0.36653963530645955,6799.310234934825,-1219.3102349348246,leave_one_system_out
1239,2019-08-31 13:00:00,12200.0,613.39,20.3463919166,-0.2588190451025208,-0.9659258262890684,-0.8631421280499115,-0.5049610547215202,13.0,243,-0.2588190451025208,-0.9659258262890683,-0.8631421280499115,-0.5049610547215202,18550.0,max_ac,12200.0,0.6576819407008087,0.6576819407008087,0.5221591883309622,9686.05294353935,2513.947056460651,leave_one_system_out
1239,2019-08-31 14:00:00,6395.0,334.7725,20.512503041,-0.4999999999999997,-0.8660254037844388,-0.8631421280499115,-0.5049610547215202,14.0,243,-0.4999999999999997,-0.8660254037844388,-0.8631421280499115,-0.5049610547215202,18550.0,max_ac,6395.0,0.34474393530997305,0.34474393530997305,0.2986560218056389,5540.069204494601,854.9307955053991,leave_one_system_out
1239,2019-08-31 15:00:00,6225.0,331.84925,20.8036141754,-0.7071067811865471,-0.7071067811865479,-0.8631421280499115,-0.5049610547215202,15.0,243,-0.7071067811865471,-0.7071067811865479,-0.8631421280499115,-0.5049610547215202,18550.0,max_ac,6225.0,0.33557951482479786,0.33557951482479786,0.26760238934420416,4964.024322334987,1260.9756776650129,leave_one_system_out
1239,2019-08-31 16:00:00,6270.0,348.692,20.741669726000005,-0.8660254037844385,-0.5000000000000004,-0.8631421280499115,-0.5049610547215202,16.0,243,-0.8660254037844385,-0.5000000000000004,-0.8631421280499115,-0.5049610547215202,18550.0,max_ac,6270.0,0.3380053908355795,0.3380053908355795,0.28365857883428325,5261.866637375954,1008.1333626240457,leave_one_system_out
1239,2019-08-31 17:00:00,1120.0,91.4105,19.364864060300004,-0.9659258262890684,-0.2588190451025206,-0.8631421280499115,-0.5049610547215202,17.0,243,-0.9659258262890683,-0.25881904510252063,-0.8631421280499115,-0.5049610547215202,18550.0,max_ac,1120.0,0.06037735849056604,0.06037735849056604,0.03061663040931012,567.9384940927027,552.0615059072973,leave_one_system_out
1239,2019-08-31 18:00:00,330.0,53.38475,18.539308438700004,-1.0,-1.8369701987210287e-16,-0.8631421280499115,-0.5049610547215202,18.0,243,-1.0,-1.8369701987210297e-16,-0.8631421280499115,-0.5049610547215202,18550.0,max_ac,330.0,0.01778975741239892,0.01778975741239892,0.02021802811020168,375.04442144424115,-45.04442144424115,leave_one_system_out
1239,2019-09-01 06:00:00,270.0,58.48975,5.821390754600005,1.0,6.123233995736766e-17,-0.8717063187093217,-0.4900286664290594,6.0,244,1.0,6.123233995736766e-17,-0.8717063187093217,-0.4900286664290594,18550.0,max_ac,270.0,0.014555256064690027,0.014555256064690027,0.000616688787161257,11.439577001841316,258.5604229981587,leave_one_system_out
1239,2019-09-01 07:00:00,3030.0,215.39325,9.1315299083,0.9659258262890684,-0.2588190451025206,-0.8717063187093217,-0.4900286664290594,7.0,244,0.9659258262890683,-0.25881904510252063,-0.8717063187093217,-0.4900286664290594,18550.0,max_ac,3030.0,0.1633423180592992,0.1633423180592992,0.1791028383423312,3322.3576512502436,-292.35765125024363,leave_one_system_out
1239,2019-09-01 08:00:00,7020.0,379.8015,13.721530275500005,0.8660254037844387,-0.4999999999999998,-0.8717063187093217,-0.4900286664290594,8.0,244,0.8660254037844387,-0.4999999999999998,-0.8717063187093217,-0.4900286664290594,18550.0,max_ac,7020.0,0.3784366576819407,0.3784366576819407,0.34530687019141737,6405.442442050792,614.5575579492079,leave_one_system_out
1239,2019-09-01 09:00:00,10700.0,533.65125,17.463613908200003,0.7071067811865476,-0.7071067811865475,-0.8717063187093217,-0.4900286664290594,9.0,244,0.7071067811865476,-0.7071067811865475,-0.8717063187093217,-0.4900286664290594,18550.0,max_ac,10700.0,0.5768194070080862,0.5768194070080862,0.4785223778591647,8876.590109287505,1823.4098907124953,leave_one_system_out
1239,2019-09-01 10:00:00,12800.0,660.90625,20.6248641611,0.4999999999999999,-0.8660254037844387,-0.8717063187093217,-0.4900286664290594,10.0,244,0.49999999999999994,-0.8660254037844387,-0.8717063187093217,-0.4900286664290594,18550.0,max_ac,12800.0,0.6900269541778976,0.6900269541778976,0.5719574259674072,10609.810251695402,2190.1897483045977,leave_one_system_out
1239,2019-09-01 11:00:00,14600.0,748.17175,21.8033364776,0.258819045102521,-0.9659258262890682,-0.8717063187093217,-0.4900286664290594,11.0,244,0.258819045102521,-0.9659258262890682,-0.8717063187093217,-0.4900286664290594,18550.0,max_ac,14600.0,0.7870619946091644,0.7870619946091644,0.6247074178745213,11588.32260157237,3011.6773984276297,leave_one_system_out
1239,2019-09-01 12:00:00,15035.0,770.90475,19.210141825700003,1.2246467991473532e-16,-1.0,-0.8717063187093217,-0.4900286664290594,12.0,244,1.2246467991473532e-16,-1.0,-0.8717063187093217,-0.4900286664290594,18550.0,max_ac,15035.0,0.8105121293800539,0.8105121293800539,0.631890063422482,11721.56067648704,3313.439323512959,leave_one_system_out
1239,2019-09-01 13:00:00,14619.5,754.30225,19.601252968100003,-0.2588190451025208,-0.9659258262890684,-0.8717063187093217,-0.4900286664290594,13.0,244,-0.2588190451025208,-0.9659258262890683,-0.8717063187093217,-0.4900286664290594,18550.0,max_ac,14619.5,0.7881132075471698,0.7881132075471698,0.6132917300544594,11376.561592510221,3242.938407489779,leave_one_system_out
1239,2019-09-01 14:00:00,13105.0,679.9957499999999,22.755280998200003,-0.4999999999999997,-0.8660254037844388,-0.8717063187093217,-0.4900286664290594,14.0,244,-0.4999999999999997,-0.8660254037844388,-0.8717063187093217,-0.4900286664290594,18550.0,max_ac,13105.0,0.7064690026954178,0.7064690026954178,0.5560963459119967,10315.58721666754,2789.41278333246,leave_one_system_out
1239,2019-09-01 15:00:00,10744.0,564.7484000000001,22.7705587772,-0.7071067811865471,-0.7071067811865479,-0.8717063187093217,-0.4900286664290594,15.0,244,-0.7071067811865471,-0.7071067811865479,-0.8717063187093217,-0.4900286664290594,18550.0,max_ac,10744.0,0.5791913746630728,0.5791913746630728,0.4685439323195385,8691.489944527439,2052.5100554725614,leave_one_system_out
1239,2019-09-01 16:00:00,7470.0,420.48925,23.44430883110001,-0.8660254037844385,-0.5000000000000004,-0.8717063187093217,-0.4900286664290594,16.0,244,-0.8660254037844385,-0.5000000000000004,-0.8717063187093217,-0.4900286664290594,18550.0,max_ac,7470.0,0.4026954177897574,0.4026954177897574,0.35427131382323174,6571.732871420949,898.2671285790511,leave_one_system_out
1239,2019-09-01 17:00:00,3310.0,254.99,22.763614332200007,-0.9659258262890684,-0.2588190451025206,-0.8717063187093217,-0.4900286664290594,17.0,244,-0.9659258262890683,-0.25881904510252063,-0.8717063187093217,-0.4900286664290594,18550.0,max_ac,3310.0,0.1784366576819407,0.1784366576819407,0.21428772164980325,3975.0372366038505,-665.0372366038505,leave_one_system_out
1239,2019-09-01 18:00:00,205.0,73.914,20.7808363958,-1.0,-1.8369701987210287e-16,-0.8717063187093217,-0.4900286664290594,18.0,244,-1.0,-1.8369701987210297e-16,-0.8717063187093217,-0.4900286664290594,18550.0,max_ac,205.0,0.011051212938005392,0.011051212938005392,0.045821409702643257,849.9871499840324,-644.9871499840324,leave_one_system_out
1239,2019-09-02 06:00:00,10.0,5.36675,10.068057761000002,1.0,6.123233995736766e-17,-0.8800122039735356,-0.4749510720670502,6.0,245,1.0,6.123233995736766e-17,-0.8800122039735356,-0.4749510720670502,18550.0,max_ac,10.0,0.0005390835579514825,0.0005390835579514825,-0.03652289199753311,-677.4996465542392,687.4996465542392,leave_one_system_out
1239,2019-09-02 07:00:00,10.0,20.8568,9.97922442056,0.9659258262890684,-0.2588190451025206,-0.8800122039735356,-0.4749510720670502,7.0,245,0.9659258262890683,-0.25881904510252063,-0.8800122039735356,-0.4749510720670502,18550.0,max_ac,10.0,0.0005390835579514825,0.0005390835579514825,0.041988963426690784,778.8952715651141,-768.8952715651141,leave_one_system_out
1239,2019-09-02 08:00:00,265.0,40.07675,10.162224435200004,0.8660254037844387,-0.4999999999999998,-0.8800122039735356,-0.4749510720670502,8.0,245,0.8660254037844387,-0.4999999999999998,-0.8800122039735356,-0.4749510720670502,18550.0,max_ac,265.0,0.014285714285714285,0.014285714285714285,0.12767772558117507,2368.4218095307974,-2103.4218095307974,leave_one_system_out
1239,2019-09-02 09:00:00,500.0,47.071000000000005,10.402224454400002,0.7071067811865476,-0.7071067811865475,-0.8800122039735356,-0.4749510720670502,9.0,245,0.7071067811865476,-0.7071067811865475,-0.8800122039735356,-0.4749510720670502,18550.0,max_ac,500.0,0.026954177897574125,0.026954177897574125,0.19286612083109125,3577.666541416743,-3077.666541416743,leave_one_system_out
1239,2019-09-02 10:00:00,1520.0,89.55625,10.606668915200002,0.4999999999999999,-0.8660254037844387,-0.8800122039735356,-0.4749510720670502,10.0,245,0.49999999999999994,-0.8660254037844387,-0.8800122039735356,-0.4749510720670502,18550.0,max_ac,1520.0,0.08194070080862534,0.08194070080862534,0.2501824706297897,4640.884830182599,-3120.884830182599,leave_one_system_out
1239,2019-09-02 11:00:00,3055.0,160.91775,11.3997245342,0.258819045102521,-0.9659258262890682,-0.8800122039735356,-0.4749510720670502,11.0,245,0.258819045102521,-0.9659258262890682,-0.8800122039735356,-0.4749510720670502,18550.0,max_ac,3055.0,0.1646900269541779,0.1646900269541779,0.29087308799855394,5395.6957823731755,-2340.6957823731755,leave_one_system_out
1239,2019-09-02 12:00:00,2535.0,133.90925,11.980696802900002,1.2246467991473532e-16,-1.0,-0.8800122039735356,-0.4749510720670502,12.0,245,1.2246467991473532e-16,-1.0,-0.8800122039735356,-0.4749510720670502,18550.0,max_ac,2535.0,0.1366576819407008,0.1366576819407008,0.2449412140154404,4543.65951998642,-2008.6595199864196,leave_one_system_out
1239,2019-09-02 13:00:00,1495.0,87.15675,12.592363518500004,-0.2588190451025208,-0.9659258262890684,-0.8800122039735356,-0.4749510720670502,13.0,245,-0.2588190451025208,-0.9659258262890683,-0.8800122039735356,-0.4749510720670502,18550.0,max_ac,1495.0,0.08059299191374664,0.08059299191374664,0.16042287125628024,2975.8442618039985,-1480.8442618039985,leave_one_system_out
1239,2019-09-02 14:00:00,1885.0,102.886,12.900419098700002,-0.4999999999999997,-0.8660254037844388,-0.8800122039735356,-0.4749510720670502,14.0,245,-0.4999999999999997,-0.8660254037844388,-0.8800122039735356,-0.4749510720670502,18550.0,max_ac,1885.0,0.10161725067385445,0.10161725067385445,0.10838656585426476,2010.5707965966112,-125.57079659661122,leave_one_system_out
1239,2019-09-02 15:00:00,1550.0,93.61425,12.9241691006,-0.7071067811865471,-0.7071067811865479,-0.8800122039735356,-0.4749510720670502,15.0,245,-0.7071067811865471,-0.7071067811865479,-0.8800122039735356,-0.4749510720670502,18550.0,max_ac,1550.0,0.08355795148247978,0.08355795148247978,0.048411343970757637,898.0304306575541,651.9695693424459,leave_one_system_out
1239,2019-09-02 16:00:00,1135.0,70.85975,13.346113578800002,-0.8660254037844385,-0.5000000000000004,-0.8800122039735356,-0.4749510720670502,16.0,245,-0.8660254037844385,-0.5000000000000004,-0.8800122039735356,-0.4749510720670502,18550.0,max_ac,1135.0,0.06118598382749326,0.06118598382749326,-0.0007019556424139317,-13.021277166778432,1148.0212771667784,leave_one_system_out
1239,2019-09-02 17:00:00,5.0,24.0635,13.957780294400004,-0.9659258262890684,-0.2588190451025206,-0.8800122039735356,-0.4749510720670502,17.0,245,-0.9659258262890683,-0.25881904510252063,-0.8800122039735356,-0.4749510720670502,18550.0,max_ac,5.0,0.00026954177897574127,0.00026954177897574127,-0.04902405974858298,-909.3963083362144,914.3963083362144,leave_one_system_out
1239,2019-09-02 18:00:00,15.0,11.17,13.441669142000004,-1.0,-1.8369701987210287e-16,-0.8800122039735356,-0.4749510720670502,18.0,245,-1.0,-1.8369701987210297e-16,-0.8800122039735356,-0.4749510720670502,18550.0,max_ac,15.0,0.0008086253369272237,0.0008086253369272237,-0.0325794608539699,-604.3489988411417,619.3489988411417,leave_one_system_out
1239,2019-09-03 06:00:00,10.0,9.92625,13.012919107700004,1.0,6.123233995736766e-17,-0.888057322629493,-0.4597327394521046,6.0,246,1.0,6.123233995736766e-17,-0.888057322629493,-0.4597327394521046,18550.0,max_ac,10.0,0.0005390835579514825,0.0005390835579514825,-0.028669262873838086,-531.8148263096965,541.8148263096965,leave_one_system_out
1239,2019-09-03 07:00:00,195.0,39.79325,12.560141293700005,0.9659258262890684,-0.2588190451025206,-0.888057322629493,-0.4597327394521046,7.0,246,0.9659258262890683,-0.25881904510252063,-0.888057322629493,-0.4597327394521046,18550.0,max_ac,195.0,0.010512129380053909,0.010512129380053909,0.05921013930867847,1098.3480841759856,-903.3480841759856,leave_one_system_out
1239,2019-09-03 08:00:00,5145.0,286.493,14.495002559600003,0.8660254037844387,-0.4999999999999998,-0.888057322629493,-0.4597327394521046,8.0,246,0.8660254037844387,-0.4999999999999998,-0.888057322629493,-0.4597327394521046,18550.0,max_ac,5145.0,0.27735849056603773,0.27735849056603773,0.2870103549153895,5324.042083680475,-179.04208368047512,leave_one_system_out
1239,2019-09-03 09:00:00,7985.0,403.9525,16.507224942800004,0.7071067811865476,-0.7071067811865475,-0.888057322629493,-0.4597327394521046,9.0,246,0.7071067811865476,-0.7071067811865475,-0.888057322629493,-0.4597327394521046,18550.0,max_ac,7985.0,0.43045822102425874,0.43045822102425874,0.40366516798857016,7487.988866187977,497.0111338120232,leave_one_system_out
1239,2019-09-03 10:00:00,12525.0,652.856,17.913613944200005,0.4999999999999999,-0.8660254037844387,-0.888057322629493,-0.4597327394521046,10.0,246,0.49999999999999994,-0.8660254037844387,-0.888057322629493,-0.4597327394521046,18550.0,max_ac,12525.0,0.6752021563342318,0.6752021563342318,0.5640726440432698,10463.547547002656,2061.452452997344,leave_one_system_out
1239,2019-09-03 11:00:00,14655.0,725.068,20.368891918400003,0.258819045102521,-0.9659258262890682,-0.888057322629493,-0.4597327394521046,11.0,246,0.258819045102521,-0.9659258262890682,-0.888057322629493,-0.4597327394521046,18550.0,max_ac,14655.0,0.7900269541778976,0.7900269541778976,0.6103719275561105,11322.399256165849,3332.600743834151,leave_one_system_out
1239,2019-09-03 12:00:00,15395.0,761.15275,18.516808436900007,1.2246467991473532e-16,-1.0,-0.888057322629493,-0.4597327394521046,12.0,246,1.2246467991473532e-16,-1.0,-0.888057322629493,-0.4597327394521046,18550.0,max_ac,15395.0,0.8299191374663073,0.8299191374663073,0.625092570187772,11595.46717698317,3799.5328230168307,leave_one_system_out
1239,2019-09-03 13:00:00,13755.0,680.5844999999999,18.664586226500003,-0.2588190451025208,-0.9659258262890684,-0.888057322629493,-0.4597327394521046,13.0,246,-0.2588190451025208,-0.9659258262890683,-0.888057322629493,-0.4597327394521046,18550.0,max_ac,13755.0,0.7415094339622641,0.7415094339622641,0.5637752794540323,10458.031433872298,3296.9685661277017,leave_one_system_out
1239,2019-09-03 14:00:00,12175.0,628.8142499999999,20.977780856000003,-0.4999999999999997,-0.8660254037844388,-0.888057322629493,-0.4597327394521046,14.0,246,-0.4999999999999997,-0.8660254037844388,-0.888057322629493,-0.4597327394521046,18550.0,max_ac,12175.0,0.6563342318059299,0.6563342318059299,0.5173071458800305,9596.047556074565,2578.9524439254346,leave_one_system_out
1239,2019-09-03 15:00:00,10695.0,556.493,22.3433365208,-0.7071067811865471,-0.7071067811865479,-0.888057322629493,-0.4597327394521046,15.0,246,-0.7071067811865471,-0.7071067811865479,-0.888057322629493,-0.4597327394521046,18550.0,max_ac,10695.0,0.5765498652291106,0.5765498652291106,0.46129636071141833,8557.04749119681,2137.9525088031896,leave_one_system_out
1239,2019-09-03 16:00:00,6500.0,361.86875,21.382919777300003,-0.8660254037844385,-0.5000000000000004,-0.888057322629493,-0.4597327394521046,16.0,246,-0.8660254037844385,-0.5000000000000004,-0.888057322629493,-0.4597327394521046,18550.0,max_ac,6500.0,0.3504043126684636,0.3504043126684636,0.2962660807403925,5495.735797734281,1004.2642022657192,leave_one_system_out
1239,2019-09-03 17:00:00,2289.25,159.369,18.902225134400005,-0.9659258262890684,-0.2588190451025206,-0.888057322629493,-0.4597327394521046,17.0,246,-0.9659258262890683,-0.25881904510252063,-0.888057322629493,-0.4597327394521046,18550.0,max_ac,2289.25,0.12340970350404312,0.12340970350404312,0.10683620904454616,1981.8116777763312,307.4383222236688,leave_one_system_out
1239,2019-09-03 18:00:00,285.0,46.8835,16.936391643800004,-1.0,-1.8369701987210287e-16,-0.888057322629493,-0.4597327394521046,18.0,246,-1.0,-1.8369701987210297e-16,-0.888057322629493,-0.4597327394521046,18550.0,max_ac,285.0,0.015363881401617251,0.015363881401617251,0.012853392659567142,238.4304338349705,46.5695661650295,leave_one_system_out
1239,2019-09-04 06:00:00,5.0,18.08575,11.6122245512,1.0,6.123233995736766e-17,-0.8958392907349089,-0.4443781781046134,6.0,247,1.0,6.123233995736766e-17,-0.8958392907349089,-0.4443781781046134,18550.0,max_ac,5.0,0.00026954177897574127,0.00026954177897574127,-0.025500879390213338,-473.0413126884574,478.0413126884574,leave_one_system_out
1239,2019-09-04 07:00:00,260.0,47.16725,11.9512523561,0.9659258262890684,-0.2588190451025206,-0.8958392907349089,-0.4443781781046134,7.0,247,0.9659258262890683,-0.25881904510252063,-0.8958392907349089,-0.4443781781046134,18550.0,max_ac,260.0,0.014016172506738544,0.014016172506738544,0.061580685609228636,1142.3217180511913,-882.3217180511913,leave_one_system_out
1239,2019-09-04 08:00:00,2390.0,133.32025,12.700835749400005,0.8660254037844387,-0.4999999999999998,-0.8958392907349089,-0.4443781781046134,8.0,247,0.8660254037844387,-0.4999999999999998,-0.8958392907349089,-0.4443781781046134,18550.0,max_ac,2390.0,0.12884097035040432,0.12884097035040432,0.18755623709338443,3479.168198082281,-1089.168198082281,leave_one_system_out
1239,2019-09-04 09:00:00,4045.0,218.33875,15.3176415143,0.7071067811865476,-0.7071067811865475,-0.8958392907349089,-0.4443781781046134,9.0,247,0.7071067811865476,-0.7071067811865475,-0.8958392907349089,-0.4443781781046134,18550.0,max_ac,4045.0,0.21805929919137465,0.21805929919137465,0.296538978912889,5500.798058834091,-1455.7980588340906,leave_one_system_out
1239,2019-09-04 10:00:00,3705.0,199.03125,17.005141649300004,0.4999999999999999,-0.8660254037844387,-0.8958392907349089,-0.4443781781046134,10.0,247,0.49999999999999994,-0.8660254037844387,-0.8958392907349089,-0.4443781781046134,18550.0,max_ac,3705.0,0.19973045822102425,0.19973045822102425,0.3198391622120671,5933.0164590338445,-2228.0164590338445,leave_one_system_out
1239,2019-09-04 11:00:00,1165.0,78.56099999999999,17.346808343300005,0.258819045102521,-0.9659258262890682,-0.8958392907349089,-0.4443781781046134,11.0,247,0.258819045102521,-0.9659258262890682,-0.8958392907349089,-0.4443781781046134,18550.0,max_ac,1165.0,0.06280323450134771,0.06280323450134771,0.25493752464952535,4729.091082248695,-3564.091082248695,leave_one_system_out
1239,2019-09-04 12:00:00,2870.0,155.922,15.895558227200004,1.2246467991473532e-16,-1.0,-0.8958392907349089,-0.4443781781046134,12.0,247,1.2246467991473532e-16,-1.0,-0.8958392907349089,-0.4443781781046134,18550.0,max_ac,2870.0,0.15471698113207547,0.15471698113207547,0.2618303163970936,4856.952369166086,-1986.952369166086,leave_one_system_out
1239,2019-09-04 13:00:00,830.0,61.304,16.126252690100003,-0.2588190451025208,-0.9659258262890684,-0.8958392907349089,-0.4443781781046134,13.0,247,-0.2588190451025208,-0.9659258262890683,-0.8958392907349089,-0.4443781781046134,18550.0,max_ac,830.0,0.044743935309973046,0.044743935309973046,0.14571042869139428,2702.928452225364,-1872.9284522253638,leave_one_system_out
1239,2019-09-04 14:00:00,5530.0,281.12625,17.075419432700006,-0.4999999999999997,-0.8660254037844388,-0.8958392907349089,-0.4443781781046134,14.0,247,-0.4999999999999997,-0.8660254037844388,-0.8958392907349089,-0.4443781781046134,18550.0,max_ac,5530.0,0.2981132075471698,0.2981132075471698,0.24871878131581465,4613.733393408362,916.2666065916383,leave_one_system_out
1239,2019-09-04 15:00:00,3710.0,209.04475,19.32403072370001,-0.7071067811865471,-0.7071067811865479,-0.8958392907349089,-0.4443781781046134,15.0,247,-0.7071067811865471,-0.7071067811865479,-0.8958392907349089,-0.4443781781046134,18550.0,max_ac,3710.0,0.2,0.2,0.15514825895129714,2878.000203546562,831.9997964534382,leave_one_system_out
1239,2019-09-04 16:00:00,1290.0,91.847,19.581391855400003,-0.8660254037844385,-0.5000000000000004,-0.8958392907349089,-0.4443781781046134,16.0,247,-0.8660254037844385,-0.5000000000000004,-0.8958392907349089,-0.4443781781046134,18550.0,max_ac,1290.0,0.06954177897574124,0.06954177897574124,0.023612618811114927,438.0140789461819,851.9859210538182,leave_one_system_out
1239,2019-09-04 17:00:00,1585.0,121.4955,19.445141844500004,-0.9659258262890684,-0.2588190451025206,-0.8958392907349089,-0.4443781781046134,17.0,247,-0.9659258262890683,-0.25881904510252063,-0.8958392907349089,-0.4443781781046134,18550.0,max_ac,1585.0,0.08544474393530997,0.08544474393530997,0.06357500724410137,1179.3163843780803,405.68361562191967,leave_one_system_out
1239,2019-09-04 18:00:00,230.0,30.085,19.0723640369,-1.0,-1.8369701987210287e-16,-0.8958392907349089,-0.4443781781046134,18.0,247,-1.0,-1.8369701987210297e-16,-0.8958392907349089,-0.4443781781046134,18550.0,max_ac,230.0,0.012398921832884097,0.012398921832884097,-0.008380297926154356,-155.45452653016332,385.4545265301633,leave_one_system_out
1239,2019-09-05 06:00:00,185.0,47.211,8.224585391300003,1.0,6.123233995736766e-17,-0.9033558023246842,-0.4288919379124841,6.0,248,1.0,6.123233995736766e-17,-0.9033558023246842,-0.4288919379124841,18550.0,max_ac,185.0,0.009973045822102426,0.009973045822102426,-0.007934379201202268,-147.18273418230208,332.18273418230206,leave_one_system_out
1239,2019-09-05 07:00:00,2405.0,168.92425,9.8769466346,0.9659258262890684,-0.2588190451025206,-0.9033558023246842,-0.4288919379124841,7.0,248,0.9659258262890683,-0.25881904510252063,-0.9033558023246842,-0.4288919379124841,18550.0,max_ac,2405.0,0.12964959568733153,0.12964959568733153,0.14324379787242253,2657.1724505334378,-252.17245053343777,leave_one_system_out
1239,2019-09-05 08:00:00,6405.0,350.39325,12.635974633100002,0.8660254037844387,-0.4999999999999998,-0.9033558023246842,-0.4288919379124841,8.0,248,0.8660254037844387,-0.4999999999999998,-0.9033558023246842,-0.4288919379124841,18550.0,max_ac,6405.0,0.3452830188679245,0.3452830188679245,0.3215853479063212,5965.4082036622585,439.59179633774147,leave_one_system_out
1239,2019-09-05 09:00:00,8760.0,429.63075,14.559585898100003,0.7071067811865476,-0.7071067811865475,-0.9033558023246842,-0.4288919379124841,9.0,248,0.7071067811865476,-0.7071067811865475,-0.9033558023246842,-0.4288919379124841,18550.0,max_ac,8760.0,0.47223719676549863,0.47223719676549863,0.4127668877539381,7656.825767835552,1103.1742321644479,leave_one_system_out
1239,2019-09-05 10:00:00,12000.0,597.28975,17.720975039900004,0.4999999999999999,-0.8660254037844387,-0.9033558023246842,-0.4288919379124841,10.0,248,0.49999999999999994,-0.8660254037844387,-0.9033558023246842,-0.4288919379124841,18550.0,max_ac,12000.0,0.6469002695417789,0.6469002695417789,0.532370347860706,9875.469952816096,2124.5300471839037,leave_one_system_out
1239,2019-09-05 11:00:00,14445.0,713.30925,20.2100030168,0.258819045102521,-0.9659258262890682,-0.9033558023246842,-0.4288919379124841,11.0,248,0.258819045102521,-0.9659258262890682,-0.9033558023246842,-0.4288919379124841,18550.0,max_ac,14445.0,0.7787061994609165,0.7787061994609165,0.6024154172233906,11174.805989493896,3270.194010506104,leave_one_system_out
1239,2019-09-05 12:00:00,15040.0,747.343,19.394447396000004,1.2246467991473532e-16,-1.0,-0.9033558023246842,-0.4288919379124841,12.0,248,1.2246467991473532e-16,-1.0,-0.9033558023246842,-0.4288919379124841,18550.0,max_ac,15040.0,0.8107816711590297,0.8107816711590297,0.6159629658492438,11426.113016503472,3613.886983496528,leave_one_system_out
1239,2019-09-05 13:00:00,14705.0,723.34475,19.684169641400004,-0.2588190451025208,-0.9659258262890684,-0.9033558023246842,-0.4288919379124841,13.0,248,-0.2588190451025208,-0.9659258262890683,-0.9033558023246842,-0.4288919379124841,18550.0,max_ac,14705.0,0.7927223719676549,0.7927223719676549,0.5913781309401067,10970.064328938979,3734.935671061021,leave_one_system_out
1239,2019-09-05 14:00:00,13445.0,657.3934999999999,21.039725305400005,-0.4999999999999997,-0.8660254037844388,-0.9033558023246842,-0.4288919379124841,14.0,248,-0.4999999999999997,-0.8660254037844388,-0.9033558023246842,-0.4288919379124841,18550.0,max_ac,13445.0,0.7247978436657682,0.7247978436657682,0.5384713894795286,9988.644274845255,3456.3557251547445,leave_one_system_out
1239,2019-09-05 15:00:00,10280.0,515.5,21.242225321600007,-0.7071067811865471,-0.7071067811865479,-0.9033558023246842,-0.4288919379124841,15.0,248,-0.7071067811865471,-0.7071067811865479,-0.9033558023246842,-0.4288919379124841,18550.0,max_ac,10280.0,0.554177897574124,0.554177897574124,0.4253782270075336,7890.766110989748,2389.233889010252,leave_one_system_out
1239,2019-09-05 16:00:00,7400.0,405.08675,20.5461141548,-0.8660254037844385,-0.5000000000000004,-0.9033558023246842,-0.4288919379124841,16.0,248,-0.8660254037844385,-0.5000000000000004,-0.9033558023246842,-0.4288919379124841,18550.0,max_ac,7400.0,0.39892183288409705,0.39892183288409705,0.340029053297984,6307.538938677603,1092.4610613223967,leave_one_system_out
1239,2019-09-05 17:00:00,2175.0,163.38275,19.533614073800003,-0.9659258262890684,-0.2588190451025206,-0.9033558023246842,-0.4288919379124841,17.0,248,-0.9659258262890683,-0.25881904510252063,-0.9033558023246842,-0.4288919379124841,18550.0,max_ac,2175.0,0.11725067385444744,0.11725067385444744,0.11132313641042602,2065.0441804134025,109.9558195865975,leave_one_system_out
1239,2019-09-05 18:00:00,10.0,28.7105,16.946113866800005,-1.0,-1.8369701987210287e-16,-0.9033558023246842,-0.4288919379124841,18.0,248,-1.0,-1.8369701987210297e-16,-0.9033558023246842,-0.4288919379124841,18550.0,max_ac,10.0,0.0005390835579514825,0.0005390835579514825,-0.009664526522289052,-179.2769669884619,189.2769669884619,leave_one_system_out
1239,2019-09-06 06:00:00,195.0,44.83275,6.530001922400004,1.0,6.123233995736766e-17,-0.9106046300942162,-0.4132786077829044,6.0,249,1.0,6.123233995736766e-17,-0.9106046300942162,-0.41327860778290443,18550.0,max_ac,195.0,0.010512129380053909,0.010512129380053909,-0.013227229732370782,-245.365111535478,440.36511153547804,leave_one_system_out
1239,2019-09-06 07:00:00,2665.0,198.00575,8.903752112300005,0.9659258262890684,-0.2588190451025206,-0.9106046300942162,-0.4132786077829044,7.0,249,0.9659258262890683,-0.25881904510252063,-0.9106046300942162,-0.41327860778290443,18550.0,max_ac,2665.0,0.1436657681940701,0.1436657681940701,0.1618085225725878,3001.5480937215034,-336.5480937215034,leave_one_system_out
1239,2019-09-06 08:00:00,5295.75,294.30325,12.057919031300004,0.8660254037844387,-0.4999999999999998,-0.9106046300942162,-0.4132786077829044,8.0,249,0.8660254037844387,-0.4999999999999998,-0.9106046300942162,-0.41327860778290443,18550.0,max_ac,5295.75,0.2854851752021563,0.2854851752021563,0.28433069593301674,5274.33440955746,21.415590442539724,leave_one_system_out
1239,2019-09-06 09:00:00,10069.5,507.9295,16.429863825500004,0.7071067811865476,-0.7071067811865475,-0.9106046300942162,-0.4132786077829044,9.0,249,0.7071067811865476,-0.7071067811865475,-0.9106046300942162,-0.41327860778290443,18550.0,max_ac,10069.5,0.5428301886792453,0.5428301886792453,0.4581575743918914,8498.823004969587,1570.6769950304133,leave_one_system_out
1239,2019-09-06 10:00:00,11490.0,581.97425,17.595836141000003,0.4999999999999999,-0.8660254037844387,-0.9106046300942162,-0.4132786077829044,10.0,249,0.49999999999999994,-0.8660254037844387,-0.9106046300942162,-0.41327860778290443,18550.0,max_ac,11490.0,0.6194070080862534,0.6194070080862534,0.5229602366403697,9700.912389678859,1789.0876103211413,leave_one_system_out
1239,2019-09-06 11:00:00,14175.0,716.73425,18.861391797800007,0.258819045102521,-0.9659258262890682,-0.9106046300942162,-0.4132786077829044,11.0,249,0.258819045102521,-0.9659258262890682,-0.9106046300942162,-0.41327860778290443,18550.0,max_ac,14175.0,0.7641509433962265,0.7641509433962265,0.6030235680741667,11186.087187775793,2988.9128122242073,leave_one_system_out
1239,2019-09-06 12:00:00,12675.0,634.8137499999999,17.394586124900005,1.2246467991473532e-16,-1.0,-0.9106046300942162,-0.4132786077829044,12.0,249,1.2246467991473532e-16,-1.0,-0.9106046300942162,-0.41327860778290443,18550.0,max_ac,12675.0,0.683288409703504,0.683288409703504,0.5473686771800316,10153.688961689586,2521.311038310414,leave_one_system_out
1239,2019-09-06 13:00:00,14760.0,743.4377499999999,18.2215306355,-0.2588190451025208,-0.9659258262890684,-0.9106046300942162,-0.4132786077829044,13.0,249,-0.2588190451025208,-0.9659258262890683,-0.9106046300942162,-0.41327860778290443,18550.0,max_ac,14760.0,0.7956873315363882,0.7956873315363882,0.6047956484311416,11218.959278397677,3541.040721602323,leave_one_system_out
1239,2019-09-06 14:00:00,13050.0,674.8905,21.848336481200004,-0.4999999999999997,-0.8660254037844388,-0.9106046300942162,-0.4132786077829044,14.0,249,-0.4999999999999997,-0.8660254037844388,-0.9106046300942162,-0.41327860778290443,18550.0,max_ac,13050.0,0.7035040431266847,0.7035040431266847,0.5514237740136851,10228.911007953859,2821.0889920461414,leave_one_system_out
1239,2019-09-06 15:00:00,10565.0,548.77,22.8636143402,-0.7071067811865471,-0.7071067811865479,-0.9106046300942162,-0.4132786077829044,15.0,249,-0.7071067811865471,-0.7071067811865479,-0.9106046300942162,-0.41327860778290443,18550.0,max_ac,10565.0,0.5695417789757412,0.5695417789757412,0.4540872497959253,8423.318483714414,2141.6815162855855,leave_one_system_out
1239,2019-09-06 16:00:00,7065.0,400.549,20.7752808398,-0.8660254037844385,-0.5000000000000004,-0.9106046300942162,-0.4132786077829044,16.0,249,-0.8660254037844385,-0.5000000000000004,-0.9106046300942162,-0.41327860778290443,18550.0,max_ac,7065.0,0.3808625336927224,0.3808625336927224,0.3354520536997103,6222.635596129627,842.3644038703733,leave_one_system_out
1239,2019-09-06 17:00:00,2835.0,228.5925,21.316669772000004,-0.9659258262890684,-0.2588190451025206,-0.9106046300942162,-0.4132786077829044,17.0,249,-0.9659258262890683,-0.25881904510252063,-0.9106046300942162,-0.41327860778290443,18550.0,max_ac,2835.0,0.15283018867924528,0.15283018867924528,0.18561686599057517,3443.1928641251693,-608.1928641251693,leave_one_system_out
1239,2019-09-06 18:00:00,60.0,46.229,17.321669452400005,-1.0,-1.8369701987210287e-16,-0.9106046300942162,-0.4132786077829044,18.0,249,-1.0,-1.8369701987210297e-16,-0.9106046300942162,-0.41327860778290443,18550.0,max_ac,60.0,0.003234501347708895,0.003234501347708895,0.012948275254177466,240.19050596499198,-180.19050596499198,leave_one_system_out
1239,2019-09-07 06:00:00,20.0,6.501250000000001,7.397640880700004,1.0,6.123233995736766e-17,-0.9175836260593934,-0.3975428142825566,6.0,250,1.0,6.123233995736766e-17,-0.9175836260593934,-0.3975428142825566,18550.0,max_ac,20.0,0.001078167115902965,0.001078167115902965,-0.044750319108421144,-830.1184194612122,850.1184194612122,leave_one_system_out
1239,2019-09-07 07:00:00,80.0,32.528,8.0894464916,0.9659258262890684,-0.2588190451025206,-0.9175836260593934,-0.3975428142825566,7.0,250,0.9659258262890683,-0.25881904510252063,-0.9175836260593934,-0.3975428142825566,18550.0,max_ac,80.0,0.00431266846361186,0.00431266846361186,0.03889004667202994,721.4103657661555,-641.4103657661555,leave_one_system_out
1239,2019-09-07 08:00:00,800.0,64.86025000000001,9.38889104,0.8660254037844387,-0.4999999999999998,-0.9175836260593934,-0.3975428142825566,8.0,250,0.8660254037844387,-0.4999999999999998,-0.9175836260593934,-0.3975428142825566,18550.0,max_ac,800.0,0.0431266846361186,0.0431266846361186,0.13153574505340726,2439.9880707407046,-1639.9880707407046,leave_one_system_out
1239,2019-09-07 09:00:00,1075.0,74.4028,10.506891129440003,0.7071067811865476,-0.7071067811865475,-0.9175836260593934,-0.3975428142825566,9.0,250,0.7071067811865476,-0.7071067811865475,-0.9175836260593934,-0.3975428142825566,18550.0,max_ac,1075.0,0.057951482479784364,0.057951482479784364,0.1967768087492893,3650.2098022993164,-2575.2098022993164,leave_one_system_out
1239,2019-09-07 10:00:00,1540.0,94.94525,11.7218078933,0.4999999999999999,-0.8660254037844387,-0.9175836260593934,-0.3975428142825566,10.0,250,0.49999999999999994,-0.8660254037844387,-0.9175836260593934,-0.3975428142825566,18550.0,max_ac,1540.0,0.0830188679245283,0.0830188679245283,0.24298003134794174,4507.279581504319,-2967.279581504319,leave_one_system_out
1239,2019-09-07 11:00:00,950.0,68.6345,12.2562523805,0.258819045102521,-0.9659258262890682,-0.9175836260593934,-0.3975428142825566,11.0,250,0.258819045102521,-0.9659258262890682,-0.9175836260593934,-0.3975428142825566,18550.0,max_ac,950.0,0.05121293800539083,0.05121293800539083,0.2276204087032618,4222.358581445506,-3272.3585814455064,leave_one_system_out
1239,2019-09-07 12:00:00,1430.0,88.618,12.448891284800002,1.2246467991473532e-16,-1.0,-0.9175836260593934,-0.3975428142825566,12.0,250,1.2246467991473532e-16,-1.0,-0.9175836260593934,-0.3975428142825566,18550.0,max_ac,1430.0,0.07708894878706199,0.07708894878706199,0.20546769906540643,3811.4258176632893,-2381.4258176632893,leave_one_system_out
1239,2019-09-07 13:00:00,1370.0,86.9165,12.629030188100002,-0.2588190451025208,-0.9659258262890684,-0.9175836260593934,-0.3975428142825566,13.0,250,-0.2588190451025208,-0.9659258262890683,-0.9175836260593934,-0.3975428142825566,18550.0,max_ac,1370.0,0.0738544474393531,0.0738544474393531,0.14824411016259945,2749.92824351622,-1379.92824351622,leave_one_system_out
1239,2019-09-07 14:00:00,880.0,62.3295,11.973613469000004,-0.4999999999999997,-0.8660254037844388,-0.9175836260593934,-0.3975428142825566,14.0,250,-0.4999999999999997,-0.8660254037844388,-0.9175836260593934,-0.3975428142825566,18550.0,max_ac,880.0,0.04743935309973046,0.04743935309973046,0.06484009274011254,1202.7837203290876,-322.7837203290876,leave_one_system_out
1239,2019-09-07 15:00:00,625.0,49.1085,11.6248634411,-0.7071067811865471,-0.7071067811865479,-0.9175836260593934,-0.3975428142825566,15.0,250,-0.7071067811865471,-0.7071067811865479,-0.9175836260593934,-0.3975428142825566,18550.0,max_ac,625.0,0.03369272237196765,0.03369272237196765,-0.001063713740999117,-19.731889895533623,644.7318898955336,leave_one_system_out
1239,2019-09-07 16:00:00,205.0,34.775,10.582780024400003,-0.8660254037844385,-0.5000000000000004,-0.9175836260593934,-0.3975428142825566,16.0,250,-0.8660254037844385,-0.5000000000000004,-0.9175836260593934,-0.3975428142825566,18550.0,max_ac,205.0,0.011051212938005392,0.011051212938005392,-0.04488711160410158,-832.6559202560843,1037.6559202560843,leave_one_system_out
1239,2019-09-07 17:00:00,-15.0,26.35425,9.248474362100003,-0.9659258262890684,-0.2588190451025206,-0.9175836260593934,-0.3975428142825566,17.0,250,-0.9659258262890683,-0.25881904510252063,-0.9175836260593934,-0.3975428142825566,18550.0,max_ac,-15.0,-0.0008086253369272237,-0.0008086253369272237,-0.049587647050169326,-919.8508527806409,904.8508527806409,leave_one_system_out
1239,2019-09-07 18:00:00,-45.0,8.77025,8.725140986900001,-1.0,-1.8369701987210287e-16,-0.9175836260593934,-0.3975428142825566,18.0,250,-1.0,-1.8369701987210297e-16,-0.9175836260593934,-0.3975428142825566,18550.0,max_ac,-45.0,-0.002425876010781671,-0.002425876010781671,-0.033489068830626245,-621.2222268081168,576.2222268081168,leave_one_system_out
1239,2019-09-08 06:00:00,60.0,16.646,6.324724128200002,1.0,6.123233995736766e-17,-0.9242907221930934,-0.3816892202666586,6.0,251,1.0,6.123233995736766e-17,-0.9242907221930934,-0.3816892202666586,18550.0,max_ac,60.0,0.003234501347708895,0.003234501347708895,-0.038697451670341054,-717.8377284848266,777.8377284848266,leave_one_system_out
1239,2019-09-08 07:00:00,1785.0,121.648,7.0531964087000025,0.9659258262890684,-0.2588190451025206,-0.9242907221930934,-0.3816892202666586,7.0,251,0.9659258262890683,-0.25881904510252063,-0.9242907221930934,-0.3816892202666586,18550.0,max_ac,1785.0,0.09622641509433963,0.09622641509433963,0.10116889894011155,1876.6830753390693,-91.68307533906932,leave_one_system_out
1239,2019-09-08 08:00:00,4185.0,229.836,8.812224327200003,0.8660254037844387,-0.4999999999999998,-0.9242907221930934,-0.3816892202666586,8.0,251,0.8660254037844387,-0.4999999999999998,-0.9242907221930934,-0.3816892202666586,18550.0,max_ac,4185.0,0.22560646900269543,0.22560646900269543,0.2354576124544134,4367.7387110293685,-182.73871102936846,leave_one_system_out
1239,2019-09-08 09:00:00,10040.0,492.8545,11.333613417800004,0.7071067811865476,-0.7071067811865475,-0.9242907221930934,-0.3816892202666586,9.0,251,0.7071067811865476,-0.7071067811865475,-0.9242907221930934,-0.3816892202666586,18550.0,max_ac,10040.0,0.5412398921832884,0.5412398921832884,0.4425466322853835,8209.240028893864,1830.7599711061357,leave_one_system_out
1239,2019-09-08 10:00:00,9810.0,525.18625,13.994308075100005,0.4999999999999999,-0.8660254037844387,-0.9242907221930934,-0.3816892202666586,10.0,251,0.49999999999999994,-0.8660254037844387,-0.9242907221930934,-0.3816892202666586,18550.0,max_ac,9810.0,0.5288409703504043,0.5288409703504043,0.4861792917081646,9018.625861186454,791.3741388135459,leave_one_system_out
1239,2019-09-08 11:00:00,10095.0,494.92725,15.054585937700004,0.258819045102521,-0.9659258262890682,-0.9242907221930934,-0.3816892202666586,11.0,251,0.258819045102521,-0.9659258262890682,-0.9242907221930934,-0.3816892202666586,18550.0,max_ac,10095.0,0.5442048517520216,0.5442048517520216,0.4738431369578677,8789.790190568447,1305.2098094315534,leave_one_system_out
1239,2019-09-08 12:00:00,5705.0,292.23075,14.923752593900003,1.2246467991473532e-16,-1.0,-0.9242907221930934,-0.3816892202666586,12.0,251,1.2246467991473532e-16,-1.0,-0.9242907221930934,-0.3816892202666586,18550.0,max_ac,5705.0,0.30754716981132074,0.30754716981132074,0.33343455173498227,6185.210934683921,-480.21093468392064,leave_one_system_out
1239,2019-09-08 13:00:00,6510.0,325.50075,15.793058219000004,-0.2588190451025208,-0.9659258262890684,-0.9242907221930934,-0.3816892202666586,13.0,251,-0.2588190451025208,-0.9659258262890683,-0.9242907221930934,-0.3816892202666586,18550.0,max_ac,6510.0,0.35094339622641507,0.35094339622641507,0.31621348799401416,5865.760202288962,644.2397977110377,leave_one_system_out
1239,2019-09-08 14:00:00,7305.0,371.66425,17.166947217800008,-0.4999999999999997,-0.8660254037844388,-0.9242907221930934,-0.3816892202666586,14.0,251,-0.4999999999999997,-0.8660254037844388,-0.9242907221930934,-0.3816892202666586,18550.0,max_ac,7305.0,0.39380053908355794,0.39380053908355794,0.3142346210702414,5829.052220852978,1475.9477791470217,leave_one_system_out
1239,2019-09-08 15:00:00,11650.0,566.005,17.481947243000004,-0.7071067811865471,-0.7071067811865479,-0.9242907221930934,-0.3816892202666586,15.0,251,-0.7071067811865471,-0.7071067811865479,-0.9242907221930934,-0.3816892202666586,18550.0,max_ac,11650.0,0.628032345013477,0.628032345013477,0.47192598548759157,8754.227030794824,2895.772969205176,leave_one_system_out
1239,2019-09-08 16:00:00,2130.0,123.917,15.726947102600004,-0.8660254037844385,-0.5000000000000004,-0.9242907221930934,-0.3816892202666586,16.0,251,-0.8660254037844385,-0.5000000000000004,-0.9242907221930934,-0.3816892202666586,18550.0,max_ac,2130.0,0.11482479784366577,0.11482479784366577,0.05073080691877352,941.0564683432488,1188.9435316567512,leave_one_system_out
1239,2019-09-08 17:00:00,2450.0,182.29775,15.475141526900003,-0.9659258262890684,-0.2588190451025206,-0.9242907221930934,-0.3816892202666586,17.0,251,-0.9659258262890683,-0.25881904510252063,-0.9242907221930934,-0.3816892202666586,18550.0,max_ac,2450.0,0.1320754716981132,0.1320754716981132,0.13418587845985686,2489.1480454303446,-39.14804543034461,leave_one_system_out
1239,2019-09-08 18:00:00,70.0,61.9585,13.870696954100003,-1.0,-1.8369701987210287e-16,-0.9242907221930934,-0.3816892202666586,18.0,251,-1.0,-1.8369701987210297e-16,-0.9242907221930934,-0.3816892202666586,18550.0,max_ac,70.0,0.0037735849056603774,0.0037735849056603774,0.03507661691863195,650.6712438406228,-580.6712438406228,leave_one_system_out
1239,2019-09-09 06:00:00,80.0,38.81125,5.911390761800003,1.0,6.123233995736766e-17,-0.9307239310379792,-0.3657225234972692,6.0,252,1.0,6.123233995736766e-17,-0.9307239310379793,-0.3657225234972692,18550.0,max_ac,80.0,0.00431266846361186,0.00431266846361186,-0.021199755839100387,-393.2554708153122,473.2554708153122,leave_one_system_out
1239,2019-09-09 07:00:00,2300.0,179.81075,9.134446575200002,0.9659258262890684,-0.2588190451025206,-0.9307239310379792,-0.3657225234972692,7.0,252,0.9659258262890683,-0.25881904510252063,-0.9307239310379793,-0.3657225234972692,18550.0,max_ac,2300.0,0.12398921832884097,0.12398921832884097,0.14620106440688238,2712.0297447476682,-412.02974474766825,leave_one_system_out
1239,2019-09-09 08:00:00,6230.0,330.737,12.385557946400002,0.8660254037844387,-0.4999999999999998,-0.9307239310379792,-0.3657225234972692,8.0,252,0.8660254037844387,-0.4999999999999998,-0.9307239310379793,-0.3657225234972692,18550.0,max_ac,6230.0,0.33584905660377357,0.33584905660377357,0.30465577814075406,5651.364684510988,578.6353154890121,leave_one_system_out
1239,2019-09-09 09:00:00,9895.0,487.575,15.1658359466,0.7071067811865476,-0.7071067811865475,-0.9307239310379792,-0.3657225234972692,9.0,252,0.7071067811865476,-0.7071067811865475,-0.9307239310379793,-0.3657225234972692,18550.0,max_ac,9895.0,0.5334231805929919,0.5334231805929919,0.4422246156578626,8203.26662045335,1691.7333795466493,leave_one_system_out
1239,2019-09-09 10:00:00,11385.0,594.9114999999999,19.020280699400004,0.4999999999999999,-0.8660254037844387,-0.9307239310379792,-0.3657225234972692,10.0,252,0.49999999999999994,-0.8660254037844387,-0.9307239310379793,-0.3657225234972692,18550.0,max_ac,11385.0,0.6137466307277628,0.6137466307277628,0.5280196715807188,9794.764907822335,1590.2350921776651,leave_one_system_out
1239,2019-09-09 11:00:00,9370.0,460.479,16.631113841600005,0.258819045102521,-0.9659258262890682,-0.9307239310379792,-0.3657225234972692,11.0,252,0.258819045102521,-0.9659258262890682,-0.9307239310379793,-0.3657225234972692,18550.0,max_ac,9370.0,0.505121293800539,0.505121293800539,0.4545516534662714,8431.933171799335,938.0668282006645,leave_one_system_out
1239,2019-09-09 12:00:00,7025.0,354.844,16.404724934600004,1.2246467991473532e-16,-1.0,-0.9307239310379792,-0.3657225234972692,12.0,252,1.2246467991473532e-16,-1.0,-0.9307239310379793,-0.3657225234972692,18550.0,max_ac,7025.0,0.37870619946091644,0.37870619946091644,0.37217567792337863,6903.858825478674,121.14117452132632,leave_one_system_out
1239,2019-09-09 13:00:00,3935.0,219.62575,16.5973638389,-0.2588190451025208,-0.9659258262890684,-0.9307239310379792,-0.3657225234972692,13.0,252,-0.2588190451025208,-0.9659258262890683,-0.9307239310379793,-0.3657225234972692,18550.0,max_ac,3935.0,0.21212938005390836,0.21212938005390836,0.2426109098662736,4500.432378019375,-565.4323780193754,leave_one_system_out
1239,2019-09-09 14:00:00,11930.0,580.49125,17.879863941500005,-0.4999999999999997,-0.8660254037844388,-0.9307239310379792,-0.3657225234972692,14.0,252,-0.4999999999999997,-0.8660254037844388,-0.9307239310379793,-0.3657225234972692,18550.0,max_ac,11930.0,0.6431266846361186,0.6431266846361186,0.47814810907303346,8869.64742330477,3060.35257669523,leave_one_system_out
1239,2019-09-09 15:00:00,5100.0,270.698,18.258197305100005,-0.7071067811865471,-0.7071067811865479,-0.9307239310379792,-0.3657225234972692,15.0,252,-0.7071067811865471,-0.7071067811865479,-0.9307239310379793,-0.3657225234972692,18550.0,max_ac,5100.0,0.2749326145552561,0.2749326145552561,0.20429175506042208,3789.6120563708296,1310.3879436291704,leave_one_system_out
1239,2019-09-09 16:00:00,3800.0,218.3385,18.831808462100003,-0.8660254037844385,-0.5000000000000004,-0.9307239310379792,-0.3657225234972692,16.0,252,-0.8660254037844385,-0.5000000000000004,-0.9307239310379793,-0.3657225234972692,18550.0,max_ac,3800.0,0.20485175202156333,0.20485175202156333,0.14884196171856656,2761.01838987941,1038.9816101205902,leave_one_system_out
1239,2019-09-09 17:00:00,2200.0,152.88925,17.234447223200004,-0.9659258262890684,-0.2588190451025206,-0.9307239310379792,-0.3657225234972692,17.0,252,-0.9659258262890683,-0.25881904510252063,-0.9307239310379793,-0.3657225234972692,18550.0,max_ac,2200.0,0.11859838274932614,0.11859838274932614,0.09971186851343389,1849.6551609241985,350.3448390758015,leave_one_system_out
1239,2019-09-09 18:00:00,295.0,52.35925,15.670697098100003,-1.0,-1.8369701987210287e-16,-0.9307239310379792,-0.3657225234972692,18.0,252,-1.0,-1.8369701987210297e-16,-0.9307239310379793,-0.3657225234972692,18550.0,max_ac,295.0,0.015902964959568732,0.015902964959568732,0.022642992808259932,420.0275165932217,-125.02751659322172,leave_one_system_out
1239,2019-09-10 06:00:00,75.0,25.9615,3.492501679400001,1.0,6.123233995736766e-17,-0.9368813462954316,-0.3496474552512282,6.0,253,1.0,6.123233995736766e-17,-0.9368813462954315,-0.34964745525122826,18550.0,max_ac,75.0,0.004043126684636119,0.004043126684636119,-0.03631060343983794,-673.5616938089938,748.5616938089938,leave_one_system_out
1239,2019-09-10 07:00:00,2025.0,138.949,5.930974096700003,0.9659258262890684,-0.2588190451025206,-0.9368813462954316,-0.3496474552512282,7.0,253,0.9659258262890683,-0.25881904510252063,-0.9368813462954315,-0.34964745525122826,18550.0,max_ac,2025.0,0.1091644204851752,0.1091644204851752,0.11027645570801314,2045.6282533836438,-20.628253383643823,leave_one_system_out
1239,2019-09-10 08:00:00,6175.0,332.59125,10.465974459500003,0.8660254037844387,-0.4999999999999998,-0.9368813462954316,-0.3496474552512282,8.0,253,0.8660254037844387,-0.4999999999999998,-0.9368813462954315,-0.34964745525122826,18550.0,max_ac,6175.0,0.3328840970350404,0.3328840970350404,0.30246929106224696,5610.805349204681,564.1946507953189,leave_one_system_out
1239,2019-09-10 09:00:00,9905.0,494.18525,15.544030421300004,0.7071067811865476,-0.7071067811865475,-0.9368813462954316,-0.3496474552512282,9.0,253,0.7071067811865476,-0.7071067811865475,-0.9368813462954315,-0.34964745525122826,18550.0,max_ac,9905.0,0.5339622641509434,0.5339622641509434,0.44544093304751414,8262.929308031387,1642.0706919686127,leave_one_system_out
1239,2019-09-10 10:00:00,11845.0,618.6477500000001,19.8612529889,0.4999999999999999,-0.8660254037844387,-0.9368813462954316,-0.3496474552512282,10.0,253,0.49999999999999994,-0.8660254037844387,-0.9368813462954315,-0.34964745525122826,18550.0,max_ac,11845.0,0.638544474393531,0.638544474393531,0.5406150103967458,10028.408442859634,1816.5915571403657,leave_one_system_out
1239,2019-09-10 11:00:00,13415.0,700.1977499999999,21.5852809046,0.258819045102521,-0.9659258262890682,-0.9368813462954316,-0.3496474552512282,11.0,253,0.258819045102521,-0.9659258262890682,-0.9368813462954315,-0.34964745525122826,18550.0,max_ac,13415.0,0.7231805929919137,0.7231805929919137,0.5917343975488392,10976.673074530967,2438.326925469033,leave_one_system_out
1239,2019-09-10 12:00:00,13390.0,692.32175,18.951252916100003,1.2246467991473532e-16,-1.0,-0.9368813462954316,-0.3496474552512282,12.0,253,1.2246467991473532e-16,-1.0,-0.9368813462954315,-0.34964745525122826,18550.0,max_ac,13390.0,0.721832884097035,0.721832884097035,0.579653096941805,10752.564948270483,2637.435051729517,leave_one_system_out
1239,2019-09-10 13:00:00,10480.0,540.93775,19.577225188400003,-0.2588190451025208,-0.9659258262890684,-0.9368813462954316,-0.3496474552512282,13.0,253,-0.2588190451025208,-0.9659258262890683,-0.9368813462954315,-0.34964745525122826,18550.0,max_ac,10480.0,0.5649595687331537,0.5649595687331537,0.46458363852086104,8618.026494561973,1861.9735054380271,leave_one_system_out
1239,2019-09-10 14:00:00,7730.0,406.22125,19.444864066700003,-0.4999999999999997,-0.8660254037844388,-0.9368813462954316,-0.3496474552512282,14.0,253,-0.4999999999999997,-0.8660254037844388,-0.9368813462954315,-0.34964745525122826,18550.0,max_ac,7730.0,0.41671159029649596,0.41671159029649596,0.34060692161324174,6318.258395925634,1411.7416040743656,leave_one_system_out
1239,2019-09-10 15:00:00,4480.0,244.67075,17.7675028214,-0.7071067811865471,-0.7071067811865479,-0.9368813462954316,-0.3496474552512282,15.0,253,-0.7071067811865471,-0.7071067811865479,-0.9368813462954315,-0.34964745525122826,18550.0,max_ac,4480.0,0.24150943396226415,0.24150943396226415,0.17954917822274938,3330.637256032001,1149.362743967999,leave_one_system_out
1239,2019-09-10 16:00:00,3475.0,198.7255,18.4761139892,-0.8660254037844385,-0.5000000000000004,-0.9368813462954316,-0.3496474552512282,16.0,253,-0.8660254037844385,-0.5000000000000004,-0.9368813462954315,-0.34964745525122826,18550.0,max_ac,3475.0,0.18733153638814015,0.18733153638814015,0.12810818588131,2376.4068480983005,1098.5931519016995,leave_one_system_out
1239,2019-09-10 17:00:00,775.0,66.67099999999999,16.894030529300004,-0.9659258262890684,-0.2588190451025206,-0.9368813462954316,-0.3496474552512282,17.0,253,-0.9659258262890683,-0.25881904510252063,-0.9368813462954315,-0.34964745525122826,18550.0,max_ac,775.0,0.04177897574123989,0.04177897574123989,-0.0009526161859997329,-17.671030250295043,792.6710302502951,leave_one_system_out
1239,2019-09-10 18:00:00,10.0,20.04925,15.610141537700004,-1.0,-1.8369701987210287e-16,-0.9368813462954316,-0.3496474552512282,18.0,253,-1.0,-1.8369701987210297e-16,-0.9368813462954315,-0.34964745525122826,18550.0,max_ac,10.0,0.0005390835579514825,0.0005390835579514825,-0.01864615327280883,-345.8861432106038,355.8861432106038,leave_one_system_out
1239,2019-09-11 06:00:00,10.0,2.90175,13.409308028300002,1.0,6.123233995736766e-17,-0.9427611433904206,-0.333468778918187,6.0,254,1.0,6.123233995736766e-17,-0.9427611433904206,-0.33346877891818705,18550.0,max_ac,10.0,0.0005390835579514825,0.0005390835579514825,-0.04156658690827525,-771.0601871485059,781.0601871485059,leave_one_system_out
1239,2019-09-11 07:00:00,335.0,49.305,13.797502503800004,0.9659258262890684,-0.2588190451025206,-0.9427611433904206,-0.333468778918187,7.0,254,0.9659258262890683,-0.25881904510252063,-0.9427611433904206,-0.33346877891818705,18550.0,max_ac,335.0,0.018059299191374664,0.018059299191374664,0.05637106254098101,1045.6832101351977,-710.6832101351977,leave_one_system_out
1239,2019-09-11 08:00:00,240.0,44.724,14.866252589300004,0.8660254037844387,-0.4999999999999998,-0.9427611433904206,-0.333468778918187,8.0,254,0.8660254037844387,-0.4999999999999998,-0.9427611433904206,-0.33346877891818705,18550.0,max_ac,240.0,0.01293800539083558,0.01293800539083558,0.12294777350216068,2280.681198465081,-2040.6811984650808,leave_one_system_out
1239,2019-09-11 09:00:00,1085.0,82.96775,15.690280433000002,0.7071067811865476,-0.7071067811865475,-0.9427611433904206,-0.333468778918187,9.0,254,0.7071067811865476,-0.7071067811865475,-0.9427611433904206,-0.33346877891818705,18550.0,max_ac,1085.0,0.05849056603773585,0.05849056603773585,0.20468835879958366,3796.969055732277,-2711.969055732277,leave_one_system_out
1239,2019-09-11 10:00:00,1835.0,112.7255,16.213474919300005,0.4999999999999999,-0.8660254037844387,-0.9427611433904206,-0.333468778918187,10.0,254,0.49999999999999994,-0.8660254037844387,-0.9427611433904206,-0.33346877891818705,18550.0,max_ac,1835.0,0.09892183288409703,0.09892183288409703,0.25341723962632157,4700.889795068265,-2865.889795068265,leave_one_system_out
1239,2019-09-11 11:00:00,2175.0,131.33475,17.860141717700003,0.258819045102521,-0.9659258262890682,-0.9427611433904206,-0.333468778918187,11.0,254,0.258819045102521,-0.9659258262890682,-0.9427611433904206,-0.33346877891818705,18550.0,max_ac,2175.0,0.11725067385444744,0.11725067385444744,0.2658373232317011,4931.282345948056,-2756.282345948056,leave_one_system_out
1239,2019-09-11 12:00:00,3095.0,170.059,17.576113917200004,1.2246467991473532e-16,-1.0,-0.9427611433904206,-0.333468778918187,12.0,254,1.2246467991473532e-16,-1.0,-0.9427611433904206,-0.33346877891818705,18550.0,max_ac,3095.0,0.16684636118598384,0.16684636118598384,0.25640071847807977,4756.23332776838,-1661.2333277683801,leave_one_system_out
1239,2019-09-11 13:00:00,1195.0,78.779,17.332641675500003,-0.2588190451025208,-0.9659258262890684,-0.9427611433904206,-0.333468778918187,13.0,254,-0.2588190451025208,-0.9659258262890683,-0.9427611433904206,-0.33346877891818705,18550.0,max_ac,1195.0,0.06442048517520216,0.06442048517520216,0.14228500724748017,2639.386884440757,-1444.386884440757,leave_one_system_out
1239,2019-09-11 14:00:00,2905.0,158.2345,17.285002782800007,-0.4999999999999997,-0.8660254037844388,-0.9427611433904206,-0.333468778918187,14.0,254,-0.4999999999999997,-0.8660254037844388,-0.9427611433904206,-0.33346877891818705,18550.0,max_ac,2905.0,0.15660377358490565,0.15660377358490565,0.1415422782892211,2625.6092622650517,279.3907377349483,leave_one_system_out
1239,2019-09-11 15:00:00,930.0,78.0375,16.756252740500006,-0.7071067811865471,-0.7071067811865479,-0.9427611433904206,-0.333468778918187,15.0,254,-0.7071067811865471,-0.7071067811865479,-0.9427611433904206,-0.33346877891818705,18550.0,max_ac,930.0,0.05013477088948787,0.05013477088948787,0.02564100691023702,475.6406781848967,454.3593218151033,leave_one_system_out
1239,2019-09-11 16:00:00,310.0,44.9635,15.697363766900004,-0.8660254037844385,-0.5000000000000004,-0.9427611433904206,-0.333468778918187,16.0,254,-0.8660254037844385,-0.5000000000000004,-0.9427611433904206,-0.33346877891818705,18550.0,max_ac,310.0,0.016711590296495958,0.016711590296495958,-0.03384284068276239,-627.7846946652423,937.7846946652423,leave_one_system_out
1239,2019-09-11 17:00:00,-20.0,24.609,15.154447056800004,-0.9659258262890684,-0.2588190451025206,-0.9427611433904206,-0.333468778918187,17.0,254,-0.9659258262890683,-0.25881904510252063,-0.9427611433904206,-0.33346877891818705,18550.0,max_ac,-20.0,-0.001078167115902965,-0.001078167115902965,-0.05080239414890436,-942.3844114621759,922.3844114621759,leave_one_system_out
1239,2019-09-11 18:00:00,0.0,6.34875,14.275558097600005,-1.0,-1.8369701987210287e-16,-0.9427611433904206,-0.333468778918187,18.0,254,-1.0,-1.8369701987210297e-16,-0.9427611433904206,-0.33346877891818705,18550.0,max_ac,0.0,0.0,0.0,-0.035670274030700555,-661.6835832694953,661.6835832694953,leave_one_system_out
1239,2019-09-12 06:00:00,5.0,14.726,7.828057581800003,1.0,6.123233995736766e-17,-0.9483615800121716,-0.3171912885891059,6.0,255,1.0,6.123233995736766e-17,-0.9483615800121716,-0.31719128858910595,18550.0,max_ac,5.0,0.00026954177897574127,0.00026954177897574127,-0.0408701566266208,-758.1414054238159,763.1414054238159,leave_one_system_out
1239,2019-09-12 07:00:00,1920.0,140.58475,9.272085475100004,0.9659258262890684,-0.2588190451025206,-0.9483615800121716,-0.3171912885891059,7.0,255,0.9659258262890683,-0.25881904510252063,-0.9483615800121716,-0.31719128858910595,18550.0,max_ac,1920.0,0.10350404312668464,0.10350404312668464,0.11462689625639244,2126.32892555608,-206.32892555607987,leave_one_system_out
1239,2019-09-12 08:00:00,4500.0,283.24225,12.554446848800003,0.8660254037844387,-0.4999999999999998,-0.9483615800121716,-0.3171912885891059,8.0,255,0.8660254037844387,-0.4999999999999998,-0.9483615800121716,-0.31719128858910595,18550.0,max_ac,4500.0,0.24258760107816713,0.24258760107816713,0.27090335896933043,5025.25730888108,-525.2573088810796,leave_one_system_out
1239,2019-09-12 09:00:00,8575.0,468.529,14.800141472900004,0.7071067811865476,-0.7071067811865475,-0.9483615800121716,-0.3171912885891059,9.0,255,0.7071067811865476,-0.7071067811865475,-0.9483615800121716,-0.31719128858910595,18550.0,max_ac,8575.0,0.46226415094339623,0.46226415094339623,0.42767945997109463,7933.453982463805,641.546017536195,leave_one_system_out
1239,2019-09-12 10:00:00,10475.0,606.5837499999999,17.7195861509,0.4999999999999999,-0.8660254037844387,-0.9483615800121716,-0.3171912885891059,10.0,255,0.49999999999999994,-0.8660254037844387,-0.9483615800121716,-0.31719128858910595,18550.0,max_ac,10475.0,0.5646900269541779,0.5646900269541779,0.530743632695797,9845.294386507036,629.7056134929644,leave_one_system_out
1239,2019-09-12 11:00:00,8925.0,446.4945,18.360697313300005,0.258819045102521,-0.9659258262890682,-0.9483615800121716,-0.3171912885891059,11.0,255,0.258819045102521,-0.9659258262890682,-0.9483615800121716,-0.31719128858910595,18550.0,max_ac,8925.0,0.4811320754716981,0.4811320754716981,0.4439196274519022,8234.709089232787,690.2909107672131,leave_one_system_out
1239,2019-09-12 12:00:00,15075.0,784.71425,18.51125288090001,1.2246467991473532e-16,-1.0,-0.9483615800121716,-0.3171912885891059,12.0,255,1.2246467991473532e-16,-1.0,-0.9483615800121716,-0.31719128858910595,18550.0,max_ac,15075.0,0.8126684636118598,0.8126684636118598,0.6356286504862191,11790.911466519365,3284.0885334806353,leave_one_system_out
1239,2019-09-12 13:00:00,13100.0,680.41,19.658752972700007,-0.2588190451025208,-0.9659258262890684,-0.9483615800121716,-0.3171912885891059,13.0,255,-0.2588190451025208,-0.9659258262890683,-0.9483615800121716,-0.31719128858910595,18550.0,max_ac,13100.0,0.706199460916442,0.706199460916442,0.559268486599775,10374.430426425826,2725.569573574174,leave_one_system_out
1239,2019-09-12 14:00:00,12360.0,648.8854999999999,20.264864132300005,-0.4999999999999997,-0.8660254037844388,-0.9483615800121716,-0.3171912885891059,14.0,255,-0.4999999999999997,-0.8660254037844388,-0.9483615800121716,-0.31719128858910595,18550.0,max_ac,12360.0,0.6663072776280323,0.6663072776280323,0.5308936501249559,9848.077209817933,2511.922790182067,leave_one_system_out
1239,2019-09-12 15:00:00,12695.0,651.307,18.567502885400003,-0.7071067811865471,-0.7071067811865479,-0.9483615800121716,-0.3171912885891059,15.0,255,-0.7071067811865471,-0.7071067811865479,-0.9483615800121716,-0.31719128858910595,18550.0,max_ac,12695.0,0.684366576819407,0.684366576819407,0.5503009908211292,10208.083379731946,2486.9166202680535,leave_one_system_out
1239,2019-09-12 16:00:00,6975.0,391.64825,19.8316696532,-0.8660254037844385,-0.5000000000000004,-0.9483615800121716,-0.3171912885891059,16.0,255,-0.8660254037844385,-0.5000000000000004,-0.9483615800121716,-0.31719128858910595,18550.0,max_ac,6975.0,0.37601078167115903,0.37601078167115903,0.32785777801382515,6081.761782156456,893.2382178435437,leave_one_system_out
1239,2019-09-12 17:00:00,2800.0,221.7855,18.628058445800004,-0.9659258262890684,-0.2588190451025206,-0.9483615800121716,-0.3171912885891059,17.0,255,-0.9659258262890683,-0.25881904510252063,-0.9483615800121716,-0.31719128858910595,18550.0,max_ac,2800.0,0.1509433962264151,0.1509433962264151,0.18069464887237774,3351.885736582607,-551.885736582607,leave_one_system_out
1239,2019-09-12 18:00:00,-15.0,48.17075,15.601669314800002,-1.0,-1.8369701987210287e-16,-0.9483615800121716,-0.3171912885891059,18.0,255,-1.0,-1.8369701987210297e-16,-0.9483615800121716,-0.31719128858910595,18550.0,max_ac,-15.0,-0.0008086253369272237,-0.0008086253369272237,0.019033890126487152,353.0786618463367,-368.0786618463367,leave_one_system_out
1239,2019-09-13 06:00:00,55.0,27.074,3.699168362600004,1.0,6.123233995736766e-17,-0.9536809966304456,-0.300819807635668,6.0,256,1.0,6.123233995736766e-17,-0.9536809966304455,-0.300819807635668,18550.0,max_ac,55.0,0.0029649595687331535,0.0029649595687331535,-0.03665182029505343,-679.8912664732411,734.8912664732411,leave_one_system_out
1239,2019-09-13 07:00:00,2130.0,163.143,5.973057433400004,0.9659258262890684,-0.2588190451025206,-0.9536809966304456,-0.300819807635668,7.0,256,0.9659258262890683,-0.25881904510252063,-0.9536809966304455,-0.300819807635668,18550.0,max_ac,2130.0,0.11482479784366577,0.11482479784366577,0.1260433289528991,2338.1037520762784,-208.1037520762784,leave_one_system_out
1239,2019-09-13 08:00:00,6055.0,329.62425,10.29166889,0.8660254037844387,-0.4999999999999998,-0.9536809966304456,-0.300819807635668,8.0,256,0.8660254037844387,-0.4999999999999998,-0.9536809966304455,-0.300819807635668,18550.0,max_ac,6055.0,0.3264150943396226,0.3264150943396226,0.2975301540144156,5519.18435696741,535.8156430325898,leave_one_system_out
1239,2019-09-13 09:00:00,9975.0,490.6725,14.579308121900002,0.7071067811865476,-0.7071067811865475,-0.9536809966304456,-0.300819807635668,9.0,256,0.7071067811865476,-0.7071067811865475,-0.9536809966304455,-0.300819807635668,18550.0,max_ac,9975.0,0.5377358490566038,0.5377358490566038,0.43967359971360276,8155.945274687331,1819.0547253126688,leave_one_system_out
1239,2019-09-13 10:00:00,12245.0,619.8262500000001,17.93055839,0.4999999999999999,-0.8660254037844387,-0.9536809966304456,-0.300819807635668,10.0,256,0.49999999999999994,-0.8660254037844387,-0.9536809966304455,-0.300819807635668,18550.0,max_ac,12245.0,0.6601078167115902,0.6601078167115902,0.5374593140352143,9969.870275353225,2275.129724646775,leave_one_system_out
1239,2019-09-13 11:00:00,13945.0,704.4300000000001,19.478752958300003,0.258819045102521,-0.9659258262890682,-0.9536809966304456,-0.300819807635668,11.0,256,0.258819045102521,-0.9659258262890682,-0.9536809966304455,-0.300819807635668,18550.0,max_ac,13945.0,0.7517520215633423,0.7517520215633423,0.5912911413874326,10968.450672736873,2976.5493272631265,leave_one_system_out
1239,2019-09-13 12:00:00,14660.0,739.598,17.3495861213,1.2246467991473532e-16,-1.0,-0.9536809966304456,-0.300819807635668,12.0,256,1.2246467991473532e-16,-1.0,-0.9536809966304455,-0.300819807635668,18550.0,max_ac,14660.0,0.7902964959568733,0.7902964959568733,0.607236688030445,11264.240562964755,3395.7594370352454,leave_one_system_out
1239,2019-09-13 13:00:00,14095.0,711.673,18.06403062290001,-0.2588190451025208,-0.9659258262890684,-0.9536809966304456,-0.300819807635668,13.0,256,-0.2588190451025208,-0.9659258262890683,-0.9536809966304455,-0.300819807635668,18550.0,max_ac,14095.0,0.7598382749326146,0.7598382749326146,0.5810453236633919,10778.39075395592,3316.6092460440796,leave_one_system_out
1239,2019-09-13 14:00:00,12620.0,637.58425,20.032641891500003,-0.4999999999999997,-0.8660254037844388,-0.9536809966304456,-0.300819807635668,14.0,256,-0.4999999999999997,-0.8660254037844388,-0.9536809966304455,-0.300819807635668,18550.0,max_ac,12620.0,0.6803234501347709,0.6803234501347709,0.5218937663036208,9681.129364932167,2938.870635067833,leave_one_system_out
1239,2019-09-13 15:00:00,9910.0,517.61625,20.72180861330001,-0.7071067811865471,-0.7071067811865479,-0.9536809966304456,-0.300819807635668,15.0,256,-0.7071067811865471,-0.7071067811865479,-0.9536809966304455,-0.300819807635668,18550.0,max_ac,9910.0,0.5342318059299191,0.5342318059299191,0.4268343563674878,7917.777310616899,1992.2226893831012,leave_one_system_out
1239,2019-09-13 16:00:00,6270.0,362.436,20.682503054600005,-0.8660254037844385,-0.5000000000000004,-0.9536809966304456,-0.300819807635668,16.0,256,-0.8660254037844385,-0.5000000000000004,-0.9536809966304455,-0.300819807635668,18550.0,max_ac,6270.0,0.3380053908355795,0.3380053908355795,0.2973061094510897,5515.028330317714,754.9716696822861,leave_one_system_out
1239,2019-09-13 17:00:00,2130.0,197.00225,19.044169590200006,-0.9659258262890684,-0.2588190451025206,-0.9536809966304456,-0.300819807635668,17.0,256,-0.9659258262890683,-0.25881904510252063,-0.9536809966304455,-0.300819807635668,18550.0,max_ac,2130.0,0.11482479784366577,0.11482479784366577,0.15185310656980316,2816.875126869849,-686.8751268698488,leave_one_system_out
1239,2019-09-13 18:00:00,-125.0,33.641,15.219308173100004,-1.0,-1.8369701987210287e-16,-0.9536809966304456,-0.300819807635668,18.0,256,-1.0,-1.8369701987210297e-16,-0.9536809966304455,-0.300819807635668,18550.0,max_ac,-125.0,-0.006738544474393531,-0.006738544474393531,0.0008537822515307103,15.837660765894675,-140.83766076589467,leave_one_system_out
1239,2019-09-14 06:00:00,15.0,10.843,6.732640827500002,1.0,6.123233995736766e-17,-0.9587178169872964,-0.2843591872810036,6.0,257,1.0,6.123233995736766e-17,-0.9587178169872964,-0.2843591872810036,18550.0,max_ac,15.0,0.0008086253369272237,0.0008086253369272237,-0.04705533327996059,-872.8764323432689,887.8764323432689,leave_one_system_out
1239,2019-09-14 07:00:00,240.0,50.13425,7.341390876200003,0.9659258262890684,-0.2588190451025206,-0.9587178169872964,-0.2843591872810036,7.0,257,0.9659258262890683,-0.25881904510252063,-0.9587178169872964,-0.2843591872810036,18550.0,max_ac,240.0,0.01293800539083558,0.01293800539083558,0.041505370696442,769.9246264189991,-529.9246264189991,leave_one_system_out
1239,2019-09-14 08:00:00,150.0,38.266000000000005,8.657640981500002,0.8660254037844387,-0.4999999999999998,-0.9587178169872964,-0.2843591872810036,8.0,257,0.8660254037844387,-0.4999999999999998,-0.9587178169872964,-0.2843591872810036,18550.0,max_ac,150.0,0.008086253369272238,0.008086253369272238,0.09930441822380076,1842.096958051504,-1692.096958051504,leave_one_system_out
1239,2019-09-14 09:00:00,110.0,32.572,8.896807667300001,0.7071067811865476,-0.7071067811865475,-0.9587178169872964,-0.2843591872810036,9.0,257,0.7071067811865476,-0.7071067811865475,-0.9587178169872964,-0.2843591872810036,18550.0,max_ac,110.0,0.005929919137466307,0.005929919137466307,0.15133818808679989,2807.323389010138,-2697.323389010138,leave_one_system_out
1239,2019-09-14 10:00:00,840.0,64.8208,9.086002126880002,0.4999999999999999,-0.8660254037844387,-0.9587178169872964,-0.2843591872810036,10.0,257,0.49999999999999994,-0.8660254037844387,-0.9587178169872964,-0.2843591872810036,18550.0,max_ac,840.0,0.045283018867924525,0.045283018867924525,0.20122105813199376,3732.650628348484,-2892.650628348484,leave_one_system_out
1239,2019-09-14 11:00:00,985.0,67.45649999999999,9.7205577332,0.258819045102521,-0.9659258262890682,-0.9587178169872964,-0.2843591872810036,11.0,257,0.258819045102521,-0.9659258262890682,-0.9587178169872964,-0.2843591872810036,18550.0,max_ac,985.0,0.05309973045822102,0.05309973045822102,0.20163658874945362,3740.3587213023648,-2755.3587213023648,leave_one_system_out
1239,2019-09-14 12:00:00,840.0,60.75875,10.3633355624,1.2246467991473532e-16,-1.0,-0.9587178169872964,-0.2843591872810036,12.0,257,1.2246467991473532e-16,-1.0,-0.9587178169872964,-0.2843591872810036,18550.0,max_ac,840.0,0.045283018867924525,0.045283018867924525,0.16472931549662478,3055.72880246239,-2215.72880246239,leave_one_system_out
1239,2019-09-14 13:00:00,1390.0,84.27675,10.641946695800003,-0.2588190451025208,-0.9659258262890684,-0.9587178169872964,-0.2843591872810036,13.0,257,-0.2588190451025208,-0.9659258262890683,-0.9587178169872964,-0.2843591872810036,18550.0,max_ac,1390.0,0.07493261455525606,0.07493261455525606,0.1262920415700639,2342.7173711246855,-952.7173711246855,leave_one_system_out
1239,2019-09-14 14:00:00,1420.0,86.02175,10.945418942300003,-0.4999999999999997,-0.8660254037844388,-0.9587178169872964,-0.2843591872810036,14.0,257,-0.4999999999999997,-0.8660254037844388,-0.9587178169872964,-0.2843591872810036,18550.0,max_ac,1420.0,0.07654986522911052,0.07654986522911052,0.06904340076323395,1280.7550841579898,139.2449158420102,leave_one_system_out
1239,2019-09-14 15:00:00,1225.0,83.42575,11.862363460100005,-0.7071067811865471,-0.7071067811865479,-0.9587178169872964,-0.2843591872810036,15.0,257,-0.7071067811865471,-0.7071067811865479,-0.9587178169872964,-0.2843591872810036,18550.0,max_ac,1225.0,0.0660377358490566,0.0660377358490566,0.02150830399796927,398.97903916232997,826.02096083767,leave_one_system_out
1239,2019-09-14 16:00:00,820.0,66.06025,12.981946883000004,-0.8660254037844385,-0.5000000000000004,-0.9587178169872964,-0.2843591872810036,16.0,257,-0.8660254037844385,-0.5000000000000004,-0.9587178169872964,-0.2843591872810036,18550.0,max_ac,820.0,0.044204851752021566,0.044204851752021566,-0.015443589443977612,-286.4785841857847,1106.4785841857847,leave_one_system_out
1239,2019-09-14 17:00:00,810.0,66.27825,13.558474706900004,-0.9659258262890684,-0.2588190451025206,-0.9587178169872964,-0.2843591872810036,17.0,257,-0.9659258262890683,-0.25881904510252063,-0.9587178169872964,-0.2843591872810036,18550.0,max_ac,810.0,0.04366576819407008,0.04366576819407008,-0.00166136604771161,-30.818340185050364,840.8183401850504,leave_one_system_out
1239,2019-09-14 18:00:00,20.0,21.99075,13.4826413675,-1.0,-1.8369701987210287e-16,-0.9587178169872964,-0.2843591872810036,18.0,257,-1.0,-1.8369701987210297e-16,-0.9587178169872964,-0.2843591872810036,18550.0,max_ac,20.0,0.001078167115902965,0.001078167115902965,-0.013151776363553025,-243.9654515439086,263.9654515439086,leave_one_system_out
1239,2019-09-15 06:00:00,15.0,12.71875,13.7987525039,1.0,6.123233995736766e-17,-0.9634705485641486,-0.2678143051621748,6.0,258,1.0,6.123233995736766e-17,-0.9634705485641486,-0.26781430516217486,18550.0,max_ac,15.0,0.0008086253369272237,0.0008086253369272237,-0.03601400761002582,-668.059841165979,683.059841165979,leave_one_system_out
1239,2019-09-15 07:00:00,390.0,61.086000000000006,14.351669214800005,0.9659258262890684,-0.2588190451025206,-0.9634705485641486,-0.2678143051621748,7.0,258,0.9659258262890683,-0.25881904510252063,-0.9634705485641486,-0.26781430516217486,18550.0,max_ac,390.0,0.021024258760107817,0.021024258760107817,0.06054814681051546,1123.1681233350616,-733.1681233350616,leave_one_system_out
1239,2019-09-15 08:00:00,1505.0,148.41725,14.786113694,0.8660254037844387,-0.4999999999999998,-0.9634705485641486,-0.2678143051621748,8.0,258,0.8660254037844387,-0.4999999999999998,-0.9634705485641486,-0.26781430516217486,18550.0,max_ac,1505.0,0.08113207547169811,0.08113207547169811,0.1823668536693495,3382.905135566433,-1877.9051355664328,leave_one_system_out
1239,2019-09-15 09:00:00,8845.0,454.392,16.356947153000004,0.7071067811865476,-0.7071067811865475,-0.9634705485641486,-0.2678143051621748,9.0,258,0.7071067811865476,-0.7071067811865475,-0.9634705485641486,-0.26781430516217486,18550.0,max_ac,8845.0,0.4768194070080862,0.4768194070080862,0.4176786237431752,7747.9384704359,1097.0615295641,leave_one_system_out
1239,2019-09-15 10:00:00,8380.0,475.37925000000007,17.460975019100005,0.4999999999999999,-0.8660254037844387,-0.9634705485641486,-0.2678143051621748,10.0,258,0.49999999999999994,-0.8660254037844387,-0.9634705485641486,-0.26781430516217486,18550.0,max_ac,8380.0,0.4517520215633423,0.4517520215633423,0.4528096090150193,8399.61824722861,-19.618247228609107,leave_one_system_out
1239,2019-09-15 11:00:00,4955.0,253.92075,17.497363910900006,0.258819045102521,-0.9659258262890682,-0.9634705485641486,-0.2678143051621748,11.0,258,0.258819045102521,-0.9659258262890682,-0.9634705485641486,-0.26781430516217486,18550.0,max_ac,4955.0,0.2671159029649596,0.2671159029649596,0.3258670782150289,6044.834300888786,-1089.834300888786,leave_one_system_out
1239,2019-09-15 12:00:00,3415.0,195.80225,17.532502802600003,1.2246467991473532e-16,-1.0,-0.9634705485641486,-0.2678143051621748,12.0,258,1.2246467991473532e-16,-1.0,-0.9634705485641486,-0.26781430516217486,18550.0,max_ac,3415.0,0.18409703504043126,0.18409703504043126,0.2628496315358404,4875.860664989839,-1460.8606649898393,leave_one_system_out
1239,2019-09-15 13:00:00,3220.0,176.84349999999998,17.365002789200002,-0.2588190451025208,-0.9659258262890684,-0.9634705485641486,-0.2678143051621748,13.0,258,-0.2588190451025208,-0.9659258262890683,-0.9634705485641486,-0.26781430516217486,18550.0,max_ac,3220.0,0.17358490566037735,0.17358490566037735,0.2017272685591254,3742.040831771776,-522.0408317717761,leave_one_system_out
1239,2019-09-15 14:00:00,4920.0,260.095,16.868752749500004,-0.4999999999999997,-0.8660254037844388,-0.9634705485641486,-0.2678143051621748,14.0,258,-0.4999999999999997,-0.8660254037844388,-0.9634705485641486,-0.26781430516217486,18550.0,max_ac,4920.0,0.2652291105121294,0.2652291105121294,0.21660522899899431,4018.0269979313443,901.9730020686557,leave_one_system_out
1239,2019-09-15 15:00:00,4315.0,238.27875,16.826530523900004,-0.7071067811865471,-0.7071067811865479,-0.9634705485641486,-0.2678143051621748,15.0,258,-0.7071067811865471,-0.7071067811865479,-0.9634705485641486,-0.26781430516217486,18550.0,max_ac,4315.0,0.2326145552560647,0.2326145552560647,0.16890352752232685,3133.160435539163,1181.8395644608372,leave_one_system_out
1239,2019-09-15 16:00:00,3215.0,186.879,16.6086138398,-0.8660254037844385,-0.5000000000000004,-0.9634705485641486,-0.2678143051621748,16.0,258,-0.8660254037844385,-0.5000000000000004,-0.9634705485641486,-0.26781430516217486,18550.0,max_ac,3215.0,0.17331536388140162,0.17331536388140162,0.11366162384271417,2108.423122282348,1106.5768777176522,leave_one_system_out
1239,2019-09-15 17:00:00,1460.0,103.73725,15.960419343500003,-0.9659258262890684,-0.2588190451025206,-0.9634705485641486,-0.2678143051621748,17.0,258,-0.9659258262890683,-0.25881904510252063,-0.9634705485641486,-0.26781430516217486,18550.0,max_ac,1460.0,0.07870619946091645,0.07870619946091645,0.04299670757776153,797.5889255674764,662.4110744325236,leave_one_system_out
1239,2019-09-15 18:00:00,-20.0,21.3365,14.631530348300004,-1.0,-1.8369701987210287e-16,-0.9634705485641486,-0.2678143051621748,18.0,258,-1.0,-1.8369701987210297e-16,-0.9634705485641486,-0.26781430516217486,18550.0,max_ac,-20.0,-0.001078167115902965,-0.001078167115902965,-0.013735058837075653,-254.78534142775337,234.78534142775337,leave_one_system_out
1239,2019-09-16 06:00:00,60.0,37.37866666666666,8.494585412900003,1.0,6.123233995736766e-17,-0.9679377830240642,-0.2511900638848195,6.0,259,1.0,6.123233995736766e-17,-0.9679377830240642,-0.25119006388481957,18550.0,max_ac,60.0,0.003234501347708895,0.003234501347708895,-0.022784603402343673,-422.6543931134751,482.6543931134751,leave_one_system_out
1239,2019-09-16 07:00:00,585.0,77.66625,9.826252186100003,0.9659258262890684,-0.2588190451025206,-0.9679377830240642,-0.2511900638848195,7.0,259,0.9659258262890683,-0.25881904510252063,-0.9679377830240642,-0.25119006388481957,18550.0,max_ac,585.0,0.03153638814016173,0.03153638814016173,0.06421373797454893,1191.1648394278827,-606.1648394278827,leave_one_system_out
1239,2019-09-16 08:00:00,2465.0,139.2105,11.374585643300003,0.8660254037844387,-0.4999999999999998,-0.9679377830240642,-0.2511900638848195,8.0,259,0.8660254037844387,-0.4999999999999998,-0.9679377830240642,-0.25119006388481957,18550.0,max_ac,2465.0,0.13288409703504042,0.13288409703504042,0.16872383773322952,3129.8271899514075,-664.8271899514075,leave_one_system_out
1239,2019-09-16 09:00:00,5985.0,314.57075,13.5570858179,0.7071067811865476,-0.7071067811865475,-0.9679377830240642,-0.2511900638848195,9.0,259,0.7071067811865476,-0.7071067811865475,-0.9679377830240642,-0.25119006388481957,18550.0,max_ac,5985.0,0.32264150943396225,0.32264150943396225,0.32889793098662856,6101.05661980196,-116.05661980195964,leave_one_system_out
1239,2019-09-16 10:00:00,5195.0,269.71625,15.411808188500004,0.4999999999999999,-0.8660254037844387,-0.9679377830240642,-0.2511900638848195,10.0,259,0.49999999999999994,-0.8660254037844387,-0.9679377830240642,-0.25119006388481957,18550.0,max_ac,5195.0,0.28005390835579513,0.28005390835579513,0.3299132607762438,6119.8909873993225,-924.8909873993225,leave_one_system_out
1239,2019-09-16 11:00:00,6020.0,312.82550000000003,16.241530477100003,0.258819045102521,-0.9659258262890682,-0.9679377830240642,-0.2511900638848195,11.0,259,0.258819045102521,-0.9659258262890682,-0.9679377830240642,-0.25119006388481957,18550.0,max_ac,6020.0,0.32452830188679244,0.32452830188679244,0.3563903540382634,6611.041067409787,-591.0410674097866,leave_one_system_out
1239,2019-09-16 12:00:00,8750.0,449.178,16.904030530100002,1.2246467991473532e-16,-1.0,-0.9679377830240642,-0.2511900638848195,12.0,259,1.2246467991473532e-16,-1.0,-0.9679377830240642,-0.25119006388481957,18550.0,max_ac,8750.0,0.4716981132075472,0.4716981132075472,0.42058935121248825,7801.932464991657,948.0675350083429,leave_one_system_out
1239,2019-09-16 13:00:00,3620.0,200.8635,16.383613821800004,-0.2588190451025208,-0.9659258262890684,-0.9679377830240642,-0.2511900638848195,13.0,259,-0.2588190451025208,-0.9659258262890683,-0.9679377830240642,-0.25119006388481957,18550.0,max_ac,3620.0,0.19514824797843666,0.19514824797843666,0.21531319303672333,3994.0597308312176,-374.0597308312176,leave_one_system_out
1239,2019-09-16 14:00:00,3530.0,197.11125,16.6226416187,-0.4999999999999997,-0.8660254037844388,-0.9679377830240642,-0.2511900638848195,14.0,259,-0.4999999999999997,-0.8660254037844388,-0.9679377830240642,-0.25119006388481957,18550.0,max_ac,3530.0,0.1902964959568733,0.1902964959568733,0.16383100663887407,3039.065173151114,490.93482684888613,leave_one_system_out
1239,2019-09-16 15:00:00,965.0,71.383,15.7619471054,-0.7071067811865471,-0.7071067811865479,-0.9679377830240642,-0.2511900638848195,15.0,259,-0.7071067811865471,-0.7071067811865479,-0.9679377830240642,-0.25119006388481957,18550.0,max_ac,965.0,0.05202156334231806,0.05202156334231806,0.01150792578344545,213.47202328291309,751.5279767170869,leave_one_system_out
1239,2019-09-16 16:00:00,275.0,40.49125,15.262919287700006,-0.8660254037844385,-0.5000000000000004,-0.9679377830240642,-0.2511900638848195,16.0,259,-0.8660254037844385,-0.5000000000000004,-0.9679377830240642,-0.25119006388481957,18550.0,max_ac,275.0,0.014824797843665768,0.014824797843665768,-0.042794461548140705,-793.83726171801,1068.83726171801,leave_one_system_out
1239,2019-09-16 17:00:00,-90.0,24.609,14.6525025722,-0.9659258262890684,-0.2588190451025206,-0.9679377830240642,-0.2511900638848195,17.0,259,-0.9659258262890683,-0.25881904510252063,-0.9679377830240642,-0.25119006388481957,18550.0,max_ac,-90.0,-0.004851752021563342,-0.004851752021563342,-0.0513749864800323,-953.0059992045992,863.0059992045992,leave_one_system_out
1239,2019-09-16 18:00:00,-55.0,7.221,13.907085845900005,-1.0,-1.8369701987210287e-16,-0.9679377830240642,-0.2511900638848195,18.0,259,-1.0,-1.8369701987210297e-16,-0.9679377830240642,-0.25119006388481957,18550.0,max_ac,-55.0,-0.0029649595687331535,-0.0029649595687331535,-0.03140129682919712,-582.4940561816067,527.4940561816067,leave_one_system_out
1239,2019-09-17 06:00:00,10.0,5.08325,9.360696593300002,1.0,6.123233995736766e-17,-0.9721181966290612,-0.2344913895704105,6.0,260,1.0,6.123233995736766e-17,-0.9721181966290612,-0.23449138957041052,18550.0,max_ac,10.0,0.0005390835579514825,0.0005390835579514825,-0.050130074018267634,-929.9128730388646,939.9128730388646,leave_one_system_out
1239,2019-09-17 07:00:00,70.0,23.36525,9.744724401800005,0.9659258262890684,-0.2588190451025206,-0.9721181966290612,-0.2344913895704105,7.0,260,0.9659258262890683,-0.25881904510252063,-0.9721181966290612,-0.23449138957041052,18550.0,max_ac,70.0,0.0037735849056603774,0.0037735849056603774,0.02180490761263243,404.48103621433154,-334.48103621433154,leave_one_system_out
1239,2019-09-17 08:00:00,490.0,66.3655,10.1047244306,0.8660254037844387,-0.4999999999999998,-0.9721181966290612,-0.2344913895704105,8.0,260,0.8660254037844387,-0.4999999999999998,-0.9721181966290612,-0.23449138957041052,18550.0,max_ac,490.0,0.026415094339622643,0.026415094339622643,0.11582776056675403,2148.6049585132873,-1658.6049585132873,leave_one_system_out
1239,2019-09-17 09:00:00,2550.0,155.9875,10.376113341200002,0.7071067811865476,-0.7071067811865475,-0.9721181966290612,-0.2344913895704105,9.0,260,0.7071067811865476,-0.7071067811865475,-0.9721181966290612,-0.23449138957041052,18550.0,max_ac,2550.0,0.13746630727762804,0.13746630727762804,0.22447977001801098,4164.099733834104,-1614.099733834104,leave_one_system_out
1239,2019-09-17 10:00:00,8595.0,423.5220000000001,12.361807944500004,0.4999999999999999,-0.8660254037844387,-0.9721181966290612,-0.2344913895704105,10.0,260,0.49999999999999994,-0.8660254037844387,-0.9721181966290612,-0.23449138957041052,18550.0,max_ac,8595.0,0.4633423180592992,0.4633423180592992,0.4146142745281912,7691.094792497947,903.9052075020527,leave_one_system_out
1239,2019-09-17 11:00:00,5375.0,287.10375,13.786252502900002,0.258819045102521,-0.9659258262890682,-0.9721181966290612,-0.2344913895704105,11.0,260,0.258819045102521,-0.9659258262890682,-0.9721181966290612,-0.23449138957041052,18550.0,max_ac,5375.0,0.28975741239892183,0.28975741239892183,0.335382580355004,6221.346865585325,-846.3468655853248,leave_one_system_out
1239,2019-09-17 12:00:00,5080.0,268.8655,13.852363619300004,1.2246467991473532e-16,-1.0,-0.9721181966290612,-0.2344913895704105,12.0,260,1.2246467991473532e-16,-1.0,-0.9721181966290612,-0.23449138957041052,18550.0,max_ac,5080.0,0.2738544474393531,0.2738544474393531,0.2994697925788733,5555.1646523381,-475.1646523380996,leave_one_system_out
1239,2019-09-17 13:00:00,3685.0,201.7145,13.4191691402,-0.2588190451025208,-0.9659258262890684,-0.9721181966290612,-0.2344913895704105,13.0,260,-0.2588190451025208,-0.9659258262890683,-0.9721181966290612,-0.23449138957041052,18550.0,max_ac,3685.0,0.19865229110512128,0.19865229110512128,0.20989524734194617,3893.5568381931016,-208.5568381931016,leave_one_system_out
1239,2019-09-17 14:00:00,5315.0,278.50825,13.600696932500002,-0.4999999999999997,-0.8660254037844388,-0.9721181966290612,-0.2344913895704105,14.0,260,-0.4999999999999997,-0.8660254037844388,-0.9721181966290612,-0.23449138957041052,18550.0,max_ac,5315.0,0.2865229110512129,0.2865229110512129,0.2267184813475293,4205.6278289966685,1109.3721710033315,leave_one_system_out
1239,2019-09-17 15:00:00,2900.0,165.97925,13.002919106900004,-0.7071067811865471,-0.7071067811865479,-0.9721181966290612,-0.2344913895704105,15.0,260,-0.7071067811865471,-0.7071067811865479,-0.9721181966290612,-0.23449138957041052,18550.0,max_ac,2900.0,0.15633423180592992,0.15633423180592992,0.09727106412102449,1804.3782394450043,1095.6217605549957,leave_one_system_out
1239,2019-09-17 16:00:00,1400.0,93.134,12.214169043800002,-0.8660254037844385,-0.5000000000000004,-0.9721181966290612,-0.2344913895704105,16.0,260,-0.8660254037844385,-0.5000000000000004,-0.9721181966290612,-0.23449138957041052,18550.0,max_ac,1400.0,0.07547169811320754,0.07547169811320754,0.011701944735075909,217.0710748356581,1182.928925164342,leave_one_system_out
1239,2019-09-17 17:00:00,210.0,39.008,11.4266689808,-0.9659258262890684,-0.2588190451025206,-0.9721181966290612,-0.2344913895704105,17.0,260,-0.9659258262890683,-0.25881904510252063,-0.9721181966290612,-0.23449138957041052,18550.0,max_ac,210.0,0.011320754716981131,0.011320754716981131,-0.03410169331795848,-632.5864110481298,842.5864110481298,leave_one_system_out
1239,2019-09-17 18:00:00,-115.0,6.719250000000001,10.231252218500003,-1.0,-1.8369701987210287e-16,-0.9721181966290612,-0.2344913895704105,18.0,260,-1.0,-1.8369701987210297e-16,-0.9721181966290612,-0.23449138957041052,18550.0,max_ac,-115.0,-0.0061994609164420485,-0.0061994609164420485,-0.02991682903552173,-554.9571786089281,439.9571786089281,leave_one_system_out
1239,2019-09-18 06:00:00,45.0,23.14725,0.2568069761000027,1.0,6.123233995736766e-17,-0.9760105506323682,-0.2177232303965322,6.0,261,1.0,6.123233995736766e-17,-0.9760105506323682,-0.21772323039653224,18550.0,max_ac,45.0,0.002425876010781671,0.002425876010781671,-0.04649803641822653,-862.5385755581021,907.5385755581021,leave_one_system_out
1239,2019-09-18 07:00:00,2090.0,164.84475,2.944029413300004,0.9659258262890684,-0.2588190451025206,-0.9760105506323682,-0.2177232303965322,7.0,261,0.9659258262890683,-0.25881904510252063,-0.9760105506323682,-0.21772323039653224,18550.0,max_ac,2090.0,0.11266846361185984,0.11266846361185984,0.12018145525236457,2229.365994931363,-139.36599493136282,leave_one_system_out
1239,2019-09-18 08:00:00,5805.0,318.345,7.105279746200002,0.8660254037844387,-0.4999999999999998,-0.9760105506323682,-0.2177232303965322,8.0,261,0.8660254037844387,-0.4999999999999998,-0.9760105506323682,-0.21772323039653224,18550.0,max_ac,5805.0,0.3129380053908356,0.3129380053908356,0.2822703259255492,5236.114545918937,568.8854540810626,leave_one_system_out
1239,2019-09-18 09:00:00,9800.0,473.69975,11.537641211900002,0.7071067811865476,-0.7071067811865475,-0.9760105506323682,-0.2177232303965322,9.0,261,0.7071067811865476,-0.7071067811865475,-0.9760105506323682,-0.21772323039653224,18550.0,max_ac,9800.0,0.5283018867924528,0.5283018867924528,0.42256341706968886,7838.551386642728,1961.4486133572718,leave_one_system_out
1239,2019-09-18 10:00:00,12130.0,599.5585,15.655141541300004,0.4999999999999999,-0.8660254037844387,-0.9760105506323682,-0.2177232303965322,10.0,261,0.49999999999999994,-0.8660254037844387,-0.9760105506323682,-0.21772323039653224,18550.0,max_ac,12130.0,0.6539083557951483,0.6539083557951483,0.5205750139492322,9656.666508758257,2473.333491241743,leave_one_system_out
1239,2019-09-18 11:00:00,13830.0,680.99925,17.567641694300008,0.258819045102521,-0.9659258262890682,-0.9760105506323682,-0.2177232303965322,11.0,261,0.258819045102521,-0.9659258262890682,-0.9760105506323682,-0.21772323039653224,18550.0,max_ac,13830.0,0.7455525606469002,0.7455525606469002,0.5738411527829002,10644.753384122798,3185.246615877202,leave_one_system_out
1239,2019-09-18 12:00:00,14765.75,706.89525,15.932224896800006,1.2246467991473532e-16,-1.0,-0.9760105506323682,-0.2177232303965322,12.0,261,1.2246467991473532e-16,-1.0,-0.9760105506323682,-0.21772323039653224,18550.0,max_ac,14765.75,0.7959973045822103,0.7959973045822103,0.5843278601656245,10839.281806072335,3926.468193927665,leave_one_system_out
1239,2019-09-18 13:00:00,14030.0,682.11175,16.158474914900005,-0.2588190451025208,-0.9659258262890684,-0.9760105506323682,-0.2177232303965322,13.0,261,-0.2588190451025208,-0.9659258262890683,-0.9760105506323682,-0.21772323039653224,18550.0,max_ac,14030.0,0.75633423180593,0.75633423180593,0.559247807876182,10374.046836103176,3655.9531638968238,leave_one_system_out
1239,2019-09-18 14:00:00,12450.0,606.34325,18.535141771700005,-0.4999999999999997,-0.8660254037844388,-0.9760105506323682,-0.2177232303965322,14.0,261,-0.4999999999999997,-0.8660254037844388,-0.9760105506323682,-0.21772323039653224,18550.0,max_ac,12450.0,0.6711590296495957,0.6711590296495957,0.4967390630703652,9214.509619955274,3235.4903800447264,leave_one_system_out
1239,2019-09-18 15:00:00,9605.0,485.328,19.731947423,-0.7071067811865471,-0.7071067811865479,-0.9760105506323682,-0.2177232303965322,15.0,261,-0.7071067811865471,-0.7071067811865479,-0.9760105506323682,-0.21772323039653224,18550.0,max_ac,9605.0,0.517789757412399,0.517789757412399,0.3977267741711857,7377.831660875494,2227.168339124506,leave_one_system_out
1239,2019-09-18 16:00:00,5720.0,332.242,19.842780765200008,-0.8660254037844385,-0.5000000000000004,-0.9760105506323682,-0.2177232303965322,16.0,261,-0.8660254037844385,-0.5000000000000004,-0.9760105506323682,-0.21772323039653224,18550.0,max_ac,5720.0,0.30835579514824796,0.30835579514824796,0.26699775172289947,4952.808294459785,767.1917055402146,leave_one_system_out
1239,2019-09-18 17:00:00,1725.0,166.59,18.795280681400005,-0.9659258262890684,-0.2588190451025206,-0.9760105506323682,-0.2177232303965322,17.0,261,-0.9659258262890683,-0.25881904510252063,-0.9760105506323682,-0.21772323039653224,18550.0,max_ac,1725.0,0.09299191374663072,0.09299191374663072,0.11803992202721825,2189.6405536048983,-464.6405536048983,leave_one_system_out
1239,2019-09-18 18:00:00,-100.0,30.565,15.0631970495,-1.0,-1.8369701987210287e-16,-0.9760105506323682,-0.2177232303965322,18.0,261,-1.0,-1.8369701987210297e-16,-0.9760105506323682,-0.21772323039653224,18550.0,max_ac,-100.0,-0.005390835579514825,-0.005390835579514825,0.0005739525012594116,10.646818898362085,-110.64681889836208,leave_one_system_out
1239,2019-09-19 06:00:00,30.0,21.48925,-0.4294430787999985,1.0,6.123233995736766e-17,-0.97961369164549,-0.2008905551306352,6.0,262,1.0,6.123233995736766e-17,-0.9796136916454901,-0.20089055513063528,18550.0,max_ac,30.0,0.0016172506738544475,0.0016172506738544475,-0.04907610089863118,-910.3616716696084,940.3616716696084,leave_one_system_out
1239,2019-09-19 07:00:00,1930.0,151.646,2.5855571624000024,0.9659258262890684,-0.2588190451025206,-0.97961369164549,-0.2008905551306352,7.0,262,0.9659258262890683,-0.25881904510252063,-0.9796136916454901,-0.20089055513063528,18550.0,max_ac,1930.0,0.10404312668463613,0.10404312668463613,0.10876789094188827,2017.6443769720274,-87.64437697202743,leave_one_system_out
1239,2019-09-19 08:00:00,5785.0,305.21125,6.337501907000002,0.8660254037844387,-0.4999999999999998,-0.97961369164549,-0.2008905551306352,8.0,262,0.8660254037844387,-0.4999999999999998,-0.9796136916454901,-0.20089055513063528,18550.0,max_ac,5785.0,0.31185983827493263,0.31185983827493263,0.2715936141587741,5038.06154264526,746.9384573547404,leave_one_system_out
1239,2019-09-19 09:00:00,9460.0,463.53325,12.080419033100004,0.7071067811865476,-0.7071067811865475,-0.97961369164549,-0.2008905551306352,9.0,262,0.7071067811865476,-0.7071067811865475,-0.9796136916454901,-0.20089055513063528,18550.0,max_ac,9460.0,0.5099730458221025,0.5099730458221025,0.4158236930466481,7713.529506015323,1746.470493984677,leave_one_system_out
1239,2019-09-19 10:00:00,11655.0,589.19575,16.704308291900006,0.4999999999999999,-0.8660254037844387,-0.97961369164549,-0.2008905551306352,10.0,262,0.49999999999999994,-0.8660254037844387,-0.9796136916454901,-0.20089055513063528,18550.0,max_ac,11655.0,0.6283018867924528,0.6283018867924528,0.5141692428317377,9537.839454528734,2117.1605454712662,leave_one_system_out
1239,2019-09-19 11:00:00,13200.0,665.2915,20.285975245100005,0.258819045102521,-0.9659258262890682,-0.97961369164549,-0.2008905551306352,11.0,262,0.258819045102521,-0.9659258262890682,-0.9796136916454901,-0.20089055513063528,18550.0,max_ac,13200.0,0.7115902964959568,0.7115902964959568,0.5643114589710194,10467.977563912411,2732.022436087589,leave_one_system_out
1239,2019-09-19 12:00:00,13680.0,702.5097499999999,19.95403077410001,1.2246467991473532e-16,-1.0,-0.97961369164549,-0.2008905551306352,12.0,262,1.2246467991473532e-16,-1.0,-0.9796136916454901,-0.20089055513063528,18550.0,max_ac,13680.0,0.7374663072776281,0.7374663072776281,0.5806286522360995,10770.661498979645,2909.3385010203547,leave_one_system_out
1239,2019-09-19 13:00:00,13364.5,671.50875,19.862641877900003,-0.2588190451025208,-0.9659258262890684,-0.97961369164549,-0.2008905551306352,13.0,262,-0.2588190451025208,-0.9659258262890683,-0.9796136916454901,-0.20089055513063528,18550.0,max_ac,13364.5,0.7204582210242587,0.7204582210242587,0.5502265149509399,10206.701852339935,3157.7981476600653,leave_one_system_out
1239,2019-09-19 14:00:00,11905.0,599.4712499999999,21.623197574300008,-0.4999999999999997,-0.8660254037844388,-0.97961369164549,-0.2008905551306352,14.0,262,-0.4999999999999997,-0.8660254037844388,-0.9796136916454901,-0.20089055513063528,18550.0,max_ac,11905.0,0.6417789757412399,0.6417789757412399,0.48971086218071513,9084.136493452266,2820.863506547734,leave_one_system_out
1239,2019-09-19 15:00:00,9075.0,474.2015,23.109725471000004,-0.7071067811865471,-0.7071067811865479,-0.97961369164549,-0.2008905551306352,15.0,262,-0.7071067811865471,-0.7071067811865479,-0.9796136916454901,-0.20089055513063528,18550.0,max_ac,9075.0,0.48921832884097033,0.48921832884097033,0.38587073947026795,7157.9022171734705,1917.0977828265295,leave_one_system_out
1239,2019-09-19 16:00:00,5465.0,318.08325,22.4895865325,-0.8660254037844385,-0.5000000000000004,-0.97961369164549,-0.2008905551306352,16.0,262,-0.8660254037844385,-0.5000000000000004,-0.9796136916454901,-0.20089055513063528,18550.0,max_ac,5465.0,0.2946091644204852,0.2946091644204852,0.251066286604833,4657.279616519652,807.7203834803477,leave_one_system_out
1239,2019-09-19 17:00:00,1500.0,154.395,21.4756975625,-0.9659258262890684,-0.2588190451025206,-0.97961369164549,-0.2008905551306352,17.0,262,-0.9659258262890683,-0.25881904510252063,-0.9796136916454901,-0.20089055513063528,18550.0,max_ac,1500.0,0.08086253369272237,0.08086253369272237,0.10287514859079255,1908.3340063592018,-408.3340063592018,leave_one_system_out
1239,2019-09-19 18:00:00,-50.0,23.25625,18.590002887200008,-1.0,-1.8369701987210287e-16,-0.97961369164549,-0.2008905551306352,18.0,262,-1.0,-1.8369701987210297e-16,-0.9796136916454901,-0.20089055513063528,18550.0,max_ac,-50.0,-0.0026954177897574125,-0.0026954177897574125,-0.00992131685837705,-184.04042772289426,134.04042772289426,leave_one_system_out
1239,2019-09-20 06:00:00,35.0,17.606,7.6072242308000035,1.0,6.123233995736766e-17,-0.9829265519799822,-0.1839983516576798,6.0,263,1.0,6.123233995736766e-17,-0.9829265519799822,-0.18399835165767986,18550.0,max_ac,35.0,0.0018867924528301887,0.0018867924528301887,-0.04297887998383376,-797.2582237001163,832.2582237001163,leave_one_system_out
1239,2019-09-20 07:00:00,780.0,112.311,9.826113297200004,0.9659258262890684,-0.2588190451025206,-0.9829265519799822,-0.1839983516576798,7.0,263,0.9659258262890683,-0.25881904510252063,-0.9829265519799822,-0.18399835165767986,18550.0,max_ac,780.0,0.042048517520215635,0.042048517520215635,0.08675846484051669,1609.3695227915846,-829.3695227915846,leave_one_system_out
1239,2019-09-20 08:00:00,3355.0,196.80575,12.738474641300002,0.8660254037844387,-0.4999999999999998,-0.9829265519799822,-0.1839983516576798,8.0,263,0.8660254037844387,-0.4999999999999998,-0.9829265519799822,-0.18399835165767986,18550.0,max_ac,3355.0,0.18086253369272237,0.18086253369272237,0.20411688797795235,3786.368271991016,-431.3682719910162,leave_one_system_out
1239,2019-09-20 09:00:00,3265.0,184.10875,15.106808164100002,0.7071067811865476,-0.7071067811865475,-0.9829265519799822,-0.1839983516576798,9.0,263,0.7071067811865476,-0.7071067811865475,-0.9829265519799822,-0.18399835165767986,18550.0,max_ac,3265.0,0.17601078167115902,0.17601078167115902,0.24494859452336767,4543.79642840847,-1278.79642840847,leave_one_system_out
1239,2019-09-20 10:00:00,6085.0,318.01775,17.746252819700004,0.4999999999999999,-0.8660254037844387,-0.9829265519799822,-0.1839983516576798,10.0,263,0.49999999999999994,-0.8660254037844387,-0.9829265519799822,-0.18399835165767986,18550.0,max_ac,6085.0,0.3280323450134771,0.3280323450134771,0.3543391546130965,6572.99131807294,-487.99131807294,leave_one_system_out
1239,2019-09-20 11:00:00,6675.0,341.29549999999995,20.7598641719,0.258819045102521,-0.9659258262890682,-0.9829265519799822,-0.1839983516576798,11.0,263,0.258819045102521,-0.9659258262890682,-0.9829265519799822,-0.18399835165767986,18550.0,max_ac,6675.0,0.35983827493261455,0.35983827493261455,0.37202008631909056,6900.9726012191295,-225.9726012191295,leave_one_system_out
1239,2019-09-20 12:00:00,11430.0,557.322,21.531947567000003,1.2246467991473532e-16,-1.0,-0.9829265519799822,-0.1839983516576798,12.0,263,1.2246467991473532e-16,-1.0,-0.9829265519799822,-0.18399835165767986,18550.0,max_ac,11430.0,0.6161725067385445,0.6161725067385445,0.48750234089968075,9043.168423689078,2386.831576310922,leave_one_system_out
1239,2019-09-20 13:00:00,12900.0,632.87225,23.437503275000005,-0.2588190451025208,-0.9659258262890684,-0.9829265519799822,-0.1839983516576798,13.0,263,-0.2588190451025208,-0.9659258262890683,-0.9829265519799822,-0.18399835165767986,18550.0,max_ac,12900.0,0.6954177897574124,0.6954177897574124,0.5215506924246992,9674.76534447817,3225.23465552183,leave_one_system_out
1239,2019-09-20 14:00:00,11170.0,558.82725,25.265558976800005,-0.4999999999999997,-0.8660254037844388,-0.9829265519799822,-0.1839983516576798,14.0,263,-0.4999999999999997,-0.8660254037844388,-0.9829265519799822,-0.18399835165767986,18550.0,max_ac,11170.0,0.6021563342318059,0.6021563342318059,0.455442158557694,8448.452041245224,2721.547958754776,leave_one_system_out
1239,2019-09-20 15:00:00,8875.0,468.79075,25.027781180000005,-0.7071067811865471,-0.7071067811865479,-0.9829265519799822,-0.1839983516576798,15.0,263,-0.7071067811865471,-0.7071067811865479,-0.9829265519799822,-0.18399835165767986,18550.0,max_ac,8875.0,0.4784366576819407,0.4784366576819407,0.37999054943314287,7048.8246919848,1826.1753080152002,leave_one_system_out
1239,2019-09-20 16:00:00,3940.0,229.9885,25.150281189800005,-0.8660254037844385,-0.5000000000000004,-0.9829265519799822,-0.1839983516576798,16.0,263,-0.8660254037844385,-0.5000000000000004,-0.9829265519799822,-0.18399835165767986,18550.0,max_ac,3940.0,0.21239892183288409,0.21239892183288409,0.15781966342911252,2927.554756610037,1012.4452433899628,leave_one_system_out
1239,2019-09-20 17:00:00,690.0,57.46425000000001,23.4372254972,-0.9659258262890684,-0.2588190451025206,-0.9829265519799822,-0.1839983516576798,17.0,263,-0.9659258262890683,-0.25881904510252063,-0.9829265519799822,-0.18399835165767986,18550.0,max_ac,690.0,0.03719676549865229,0.03719676549865229,-0.012071078706193228,-223.91850999988438,913.9185099998843,leave_one_system_out
1239,2019-09-20 18:00:00,-50.0,20.52925,22.5275032022,-1.0,-1.8369701987210287e-16,-0.9829265519799822,-0.1839983516576798,18.0,263,-1.0,-1.8369701987210297e-16,-0.9829265519799822,-0.18399835165767986,18550.0,max_ac,-50.0,-0.0026954177897574125,-0.0026954177897574125,-0.014527866193651318,-269.4919178922319,219.49191789223192,leave_one_system_out
1239,2019-09-21 06:00:00,15.0,17.82375,10.992085612700002,1.0,6.123233995736766e-17,-0.9859481499638304,-0.1670516255021195,6.0,264,1.0,6.123233995736766e-17,-0.9859481499638303,-0.1670516255021195,18550.0,max_ac,15.0,0.0008086253369272237,0.0008086253369272237,-0.03898310294722934,-723.1365596711044,738.1365596711044,leave_one_system_out
1239,2019-09-21 07:00:00,1015.0,146.08275,13.277085795500003,0.9659258262890684,-0.2588190451025206,-0.9859481499638304,-0.1670516255021195,7.0,264,0.9659258262890683,-0.25881904510252063,-0.9859481499638303,-0.1670516255021195,18550.0,max_ac,1015.0,0.05471698113207547,0.05471698113207547,0.1163448961094331,2158.197822829984,-1143.197822829984,leave_one_system_out
1239,2019-09-21 08:00:00,4855.0,304.70975000000004,17.079724988600006,0.8660254037844387,-0.4999999999999998,-0.9859481499638304,-0.1670516255021195,8.0,264,0.8660254037844387,-0.4999999999999998,-0.9859481499638303,-0.1670516255021195,18550.0,max_ac,4855.0,0.26172506738544477,0.26172506738544477,0.2810676343580226,5213.8046173413195,-358.8046173413195,leave_one_system_out
1239,2019-09-21 09:00:00,9360.0,459.36625,19.194725157800008,0.7071067811865476,-0.7071067811865475,-0.9859481499638304,-0.1670516255021195,9.0,264,0.7071067811865476,-0.7071067811865475,-0.9859481499638303,-0.1670516255021195,18550.0,max_ac,9360.0,0.5045822102425876,0.5045822102425876,0.41709065712531757,7737.031689674641,1622.9683103253592,leave_one_system_out
1239,2019-09-21 10:00:00,11615.0,580.1594,21.71855869304,0.4999999999999999,-0.8660254037844387,-0.9859481499638304,-0.1670516255021195,10.0,264,0.49999999999999994,-0.8660254037844387,-0.9859481499638303,-0.1670516255021195,18550.0,max_ac,11615.0,0.6261455525606469,0.6261455525606469,0.5096158171117504,9453.37340742297,2161.6265925770294,leave_one_system_out
1239,2019-09-21 11:00:00,13330.0,658.63725,23.063336578400005,0.258819045102521,-0.9659258262890682,-0.9859481499638304,-0.1670516255021195,11.0,264,0.258819045102521,-0.9659258262890682,-0.9859481499638303,-0.1670516255021195,18550.0,max_ac,13330.0,0.7185983827493262,0.7185983827493262,0.5594056251191465,10376.974345960167,2953.025654039833,leave_one_system_out
1239,2019-09-21 12:00:00,14220.0,694.4815,21.163475315300005,1.2246467991473532e-16,-1.0,-0.9859481499638304,-0.1670516255021195,12.0,264,1.2246467991473532e-16,-1.0,-0.9859481499638303,-0.1670516255021195,18550.0,max_ac,14220.0,0.7665768194070081,0.7665768194070081,0.5742997065849018,10653.259557149928,3566.740442850072,leave_one_system_out
1239,2019-09-21 13:00:00,13110.0,651.329,21.783614253800007,-0.2588190451025208,-0.9659258262890684,-0.9859481499638304,-0.1670516255021195,13.0,264,-0.2588190451025208,-0.9659258262890683,-0.9859481499638303,-0.1670516255021195,18550.0,max_ac,13110.0,0.7067385444743935,0.7067385444743935,0.534516103519981,9915.273720295649,3194.7262797043513,leave_one_system_out
1239,2019-09-21 14:00:00,11675.0,583.71975,23.2461143708,-0.4999999999999997,-0.8660254037844388,-0.9859481499638304,-0.1670516255021195,14.0,264,-0.4999999999999997,-0.8660254037844388,-0.9859481499638303,-0.1670516255021195,18550.0,max_ac,11675.0,0.6293800539083558,0.6293800539083558,0.4758827086264432,8827.62424502052,2847.375754979479,leave_one_system_out
1239,2019-09-21 15:00:00,9050.0,462.9225,25.095281185400005,-0.7071067811865471,-0.7071067811865479,-0.9859481499638304,-0.1670516255021195,15.0,264,-0.7071067811865471,-0.7071067811865479,-0.9859481499638303,-0.1670516255021195,18550.0,max_ac,9050.0,0.48787061994609165,0.48787061994609165,0.3744761671496528,6946.53290062606,2103.46709937394,leave_one_system_out
1239,2019-09-21 16:00:00,5115.0,308.26575,24.9968089553,-0.8660254037844385,-0.5000000000000004,-0.9859481499638304,-0.1670516255021195,16.0,264,-0.8660254037844385,-0.5000000000000004,-0.9859481499638303,-0.1670516255021195,18550.0,max_ac,5115.0,0.2757412398921833,0.2757412398921833,0.23994896707048155,4451.053339157433,663.9466608425673,leave_one_system_out
1239,2019-09-21 17:00:00,1420.0,152.0605,23.938058870600003,-0.9659258262890684,-0.2588190451025206,-0.9859481499638304,-0.1670516255021195,17.0,264,-0.9659258262890683,-0.25881904510252063,-0.9859481499638303,-0.1670516255021195,18550.0,max_ac,1420.0,0.07654986522911052,0.07654986522911052,0.09987911466928667,1852.7575771152678,-432.75757711526785,leave_one_system_out
1239,2019-09-21 18:00:00,-30.0,18.7185,19.842919654100005,-1.0,-1.8369701987210287e-16,-0.9859481499638304,-0.1670516255021195,18.0,264,-1.0,-1.8369701987210297e-16,-0.9859481499638303,-0.1670516255021195,18550.0,max_ac,-30.0,-0.0016172506738544475,-0.0016172506738544475,-0.014934062462735265,-277.02685868373914,247.02685868373914,leave_one_system_out
1239,2019-09-22 06:00:00,20.0,16.864,8.262502061000003,1.0,6.123233995736766e-17,-0.9886775902323404,-0.1500553983446526,6.0,265,1.0,6.123233995736766e-17,-0.9886775902323404,-0.15005539834465262,18550.0,max_ac,20.0,0.001078167115902965,0.001078167115902965,-0.043587101448385845,-808.5407318675574,828.5407318675574,leave_one_system_out
1239,2019-09-22 07:00:00,1115.0,142.11200000000002,11.073474508100002,0.9659258262890684,-0.2588190451025206,-0.9886775902323404,-0.1500553983446526,7.0,265,0.9659258262890683,-0.25881904510252063,-0.9886775902323404,-0.15005539834465262,18550.0,max_ac,1115.0,0.060107816711590295,0.060107816711590295,0.10979426074898152,2036.6835368936072,-921.6835368936072,leave_one_system_out
1239,2019-09-22 08:00:00,3505.0,222.17825,13.187224677200003,0.8660254037844387,-0.4999999999999998,-0.9886775902323404,-0.1500553983446526,8.0,265,0.8660254037844387,-0.4999999999999998,-0.9886775902323404,-0.15005539834465262,18550.0,max_ac,3505.0,0.1889487870619946,0.1889487870619946,0.21962761671004016,4074.092289971245,-569.092289971245,leave_one_system_out
1239,2019-09-22 09:00:00,8400.0,422.82375,18.6533362256,0.7071067811865476,-0.7071067811865475,-0.9886775902323404,-0.1500553983446526,9.0,265,0.7071067811865476,-0.7071067811865475,-0.9886775902323404,-0.15005539834465262,18550.0,max_ac,8400.0,0.4528301886792453,0.4528301886792453,0.39332793535222776,7296.233200783825,1103.766799216175,leave_one_system_out
1239,2019-09-22 10:00:00,10485.0,535.2875,22.545697648100003,0.4999999999999999,-0.8660254037844387,-0.9886775902323404,-0.1500553983446526,10.0,265,0.49999999999999994,-0.8660254037844387,-0.9886775902323404,-0.15005539834465262,18550.0,max_ac,10485.0,0.5652291105121294,0.5652291105121294,0.48309844486181125,8961.476152186598,1523.5238478134015,leave_one_system_out
1239,2019-09-22 11:00:00,12295.0,614.43725,25.413058988600003,0.258819045102521,-0.9659258262890682,-0.9886775902323404,-0.1500553983446526,11.0,265,0.258819045102521,-0.9659258262890682,-0.9886775902323404,-0.15005539834465262,18550.0,max_ac,12295.0,0.6628032345013477,0.6628032345013477,0.5332614765582194,9892.00039015497,2402.99960984503,leave_one_system_out
1239,2019-09-22 12:00:00,10595.0,529.3315,25.134725633,1.2246467991473532e-16,-1.0,-0.9886775902323404,-0.1500553983446526,12.0,265,1.2246467991473532e-16,-1.0,-0.9886775902323404,-0.15005539834465262,18550.0,max_ac,10595.0,0.5711590296495956,0.5711590296495956,0.4691493891192592,8702.721168162258,1892.2788318377425,leave_one_system_out
1239,2019-09-22 13:00:00,10100.0,511.9,26.151531269900005,-0.2588190451025208,-0.9659258262890684,-0.9886775902323404,-0.1500553983446526,13.0,265,-0.2588190451025208,-0.9659258262890683,-0.9886775902323404,-0.15005539834465262,18550.0,max_ac,10100.0,0.5444743935309974,0.5444743935309974,0.4349229248134852,8067.82025529015,2032.1797447098497,leave_one_system_out
1239,2019-09-22 14:00:00,7840.0,407.02875,27.238336912400005,-0.4999999999999997,-0.8660254037844388,-0.9886775902323404,-0.1500553983446526,14.0,265,-0.4999999999999997,-0.8660254037844388,-0.9886775902323404,-0.15005539834465262,18550.0,max_ac,7840.0,0.4226415094339623,0.4226415094339623,0.3326505019422944,6170.666811029561,1669.3331889704386,leave_one_system_out
1239,2019-09-22 15:00:00,6765.0,363.854,27.543753603500004,-0.7071067811865471,-0.7071067811865479,-0.9886775902323404,-0.1500553983446526,15.0,265,-0.7071067811865471,-0.7071067811865479,-0.9886775902323404,-0.15005539834465262,18550.0,max_ac,6765.0,0.3646900269541779,0.3646900269541779,0.2823827778283927,5238.200528716685,1526.7994712833151,leave_one_system_out
1239,2019-09-22 16:00:00,1580.0,116.6085,25.912503473000005,-0.8660254037844385,-0.5000000000000004,-0.9886775902323404,-0.1500553983446526,16.0,265,-0.8660254037844385,-0.5000000000000004,-0.9886775902323404,-0.15005539834465262,18550.0,max_ac,1580.0,0.08517520215633423,0.08517520215633423,0.038300887506308445,710.4814632420216,869.5185367579784,leave_one_system_out
1239,2019-09-22 17:00:00,730.0,67.0635,25.189586748500005,-0.9659258262890684,-0.2588190451025206,-0.9886775902323404,-0.1500553983446526,17.0,265,-0.9659258262890683,-0.25881904510252063,-0.9886775902323404,-0.15005539834465262,18550.0,max_ac,730.0,0.039353099730458224,0.039353099730458224,-0.0007715776654321771,-14.312765693766885,744.3127656937669,leave_one_system_out
1239,2019-09-22 18:00:00,-65.0,9.861,24.1629199997,-1.0,-1.8369701987210287e-16,-0.9886775902323404,-0.1500553983446526,18.0,265,-1.0,-1.8369701987210297e-16,-0.9886775902323404,-0.15005539834465262,18550.0,max_ac,-65.0,-0.003504043126684636,-0.003504043126684636,-0.027807617865348133,-515.8313114022079,450.8313114022079,leave_one_system_out
1239,2019-09-23 06:00:00,0.0,5.018,23.5231977263,1.0,6.123233995736766e-17,-0.9911140639934546,-0.1330147065341963,6.0,266,1.0,6.123233995736766e-17,-0.9911140639934546,-0.13301470653419636,18550.0,max_ac,0.0,0.0,0.0,-0.034965746505211115,-648.6145976716662,648.6145976716662,leave_one_system_out
1239,2019-09-23 07:00:00,30.0,32.114000000000004,23.345836601,0.9659258262890684,-0.2588190451025206,-0.9911140639934546,-0.1330147065341963,7.0,266,0.9659258262890683,-0.25881904510252063,-0.9911140639934546,-0.13301470653419636,18550.0,max_ac,30.0,0.0016172506738544475,0.0016172506738544475,0.04391687685146245,814.6580655946284,-784.6580655946284,leave_one_system_out
1239,2019-09-23 08:00:00,650.0,82.40074999999999,23.381114381600003,0.8660254037844387,-0.4999999999999998,-0.9911140639934546,-0.1330147065341963,8.0,266,0.8660254037844387,-0.4999999999999998,-0.9911140639934546,-0.13301470653419636,18550.0,max_ac,650.0,0.03504043126684636,0.03504043126684636,0.14124992929433342,2620.186188409885,-1970.1861884098848,leave_one_system_out
1239,2019-09-23 09:00:00,235.0,46.01075,22.9650032372,0.7071067811865476,-0.7071067811865475,-0.9911140639934546,-0.1330147065341963,9.0,266,0.7071067811865476,-0.7071067811865475,-0.9911140639934546,-0.13301470653419636,18550.0,max_ac,235.0,0.012668463611859838,0.012668463611859838,0.17050374227029017,3162.8444191138824,-2927.8444191138824,leave_one_system_out
1239,2019-09-23 10:00:00,130.0,41.64775,22.021392050600006,0.4999999999999999,-0.8660254037844387,-0.9911140639934546,-0.1330147065341963,10.0,266,0.49999999999999994,-0.8660254037844387,-0.9911140639934546,-0.13301470653419636,18550.0,max_ac,130.0,0.007008086253369272,0.007008086253369272,0.19456247409842692,3609.1338945258194,-3479.1338945258194,leave_one_system_out
1239,2019-09-23 11:00:00,800.0,86.04400000000001,19.87389187880001,0.258819045102521,-0.9659258262890682,-0.9911140639934546,-0.1330147065341963,11.0,266,0.258819045102521,-0.9659258262890682,-0.9911140639934546,-0.13301470653419636,18550.0,max_ac,800.0,0.0431266846361186,0.0431266846361186,0.21189347247304435,3930.6239143749726,-3130.6239143749726,leave_one_system_out
1239,2019-09-23 12:00:00,465.0,61.52224999999999,19.5912529673,1.2246467991473532e-16,-1.0,-0.9911140639934546,-0.1330147065341963,12.0,266,1.2246467991473532e-16,-1.0,-0.9911140639934546,-0.13301470653419636,18550.0,max_ac,465.0,0.025067385444743934,0.025067385444743934,0.16145835177675633,2995.05242545883,-2530.05242545883,leave_one_system_out
1239,2019-09-23 13:00:00,80.0,36.1935,18.252363971300003,-0.2588190451025208,-0.9659258262890684,-0.9911140639934546,-0.1330147065341963,13.0,266,-0.2588190451025208,-0.9659258262890683,-0.9911140639934546,-0.13301470653419636,18550.0,max_ac,80.0,0.00431266846361186,0.00431266846361186,0.08454418117274304,1568.2945607543834,-1488.2945607543834,leave_one_system_out
1239,2019-09-23 14:00:00,210.0,41.473,17.600002808000006,-0.4999999999999997,-0.8660254037844388,-0.9911140639934546,-0.1330147065341963,14.0,266,-0.4999999999999997,-0.8660254037844388,-0.9911140639934546,-0.13301470653419636,18550.0,max_ac,210.0,0.011320754716981131,0.011320754716981131,0.02508858483838894,465.3932487521148,-255.3932487521148,leave_one_system_out
1239,2019-09-23 15:00:00,500.0,65.013,17.397641680700005,-0.7071067811865471,-0.7071067811865479,-0.9911140639934546,-0.1330147065341963,15.0,266,-0.7071067811865471,-0.7071067811865479,-0.9911140639934546,-0.13301470653419636,18550.0,max_ac,500.0,0.026954177897574125,0.026954177897574125,-0.0017263651946974878,-32.0240743616384,532.0240743616384,leave_one_system_out
1239,2019-09-23 16:00:00,195.0,41.88775,17.934725057,-0.8660254037844385,-0.5000000000000004,-0.9911140639934546,-0.1330147065341963,16.0,266,-0.8660254037844385,-0.5000000000000004,-0.9911140639934546,-0.13301470653419636,18550.0,max_ac,195.0,0.010512129380053909,0.010512129380053909,-0.0444055700325125,-823.7233241031068,1018.7233241031068,leave_one_system_out
1239,2019-09-23 17:00:00,-50.0,18.15125,18.719447342,-0.9659258262890684,-0.2588190451025206,-0.9911140639934546,-0.1330147065341963,17.0,266,-0.9659258262890683,-0.25881904510252063,-0.9911140639934546,-0.13301470653419636,18550.0,max_ac,-50.0,-0.0026954177897574125,-0.0026954177897574125,-0.05859868670358126,-1087.0056383514325,1037.0056383514325,leave_one_system_out
1239,2019-09-23 18:00:00,0.0,4.952500000000001,18.6123640001,-1.0,-1.8369701987210287e-16,-0.9911140639934546,-0.1330147065341963,18.0,266,-1.0,-1.8369701987210297e-16,-0.9911140639934546,-0.13301470653419636,18550.0,max_ac,0.0,0.0,0.0,-0.030932689038636885,-573.8013816667142,573.8013816667142,leave_one_system_out
1239,2019-09-24 06:00:00,15.0,4.363333333333333,12.693613526600004,1.0,6.123233995736766e-17,-0.9932568492674144,-0.1159345995955006,6.0,267,1.0,6.123233995736766e-17,-0.9932568492674143,-0.11593459959550066,18550.0,max_ac,15.0,0.0008086253369272237,0.0008086253369272237,-0.05000039821770785,-927.5073869384806,942.5073869384806,leave_one_system_out
1239,2019-09-24 07:00:00,20.0,16.886,12.686669081600003,0.9659258262890684,-0.2588190451025206,-0.9932568492674144,-0.1159345995955006,7.0,267,0.9659258262890683,-0.25881904510252063,-0.9932568492674143,-0.11593459959550066,18550.0,max_ac,20.0,0.001078167115902965,0.001078167115902965,0.01356548972170779,251.63983433767953,-231.63983433767953,leave_one_system_out
1239,2019-09-24 08:00:00,50.0,26.33225,12.446113506800003,0.8660254037844387,-0.4999999999999998,-0.9932568492674144,-0.1159345995955006,8.0,267,0.8660254037844387,-0.4999999999999998,-0.9932568492674143,-0.11593459959550066,18550.0,max_ac,50.0,0.0026954177897574125,0.0026954177897574125,0.08110049044646805,1504.4140977819825,-1454.4140977819825,leave_one_system_out
1239,2019-09-24 09:00:00,310.0,49.21775,12.394030169300002,0.7071067811865476,-0.7071067811865475,-0.9932568492674144,-0.1159345995955006,9.0,267,0.7071067811865476,-0.7071067811865475,-0.9932568492674143,-0.11593459959550066,18550.0,max_ac,310.0,0.016711590296495958,0.016711590296495958,0.14733100437141436,2732.990131089736,-2422.990131089736,leave_one_system_out
1239,2019-09-24 10:00:00,425.0,56.32975,11.850002348000002,0.4999999999999999,-0.8660254037844387,-0.9932568492674144,-0.1159345995955006,10.0,267,0.49999999999999994,-0.8660254037844387,-0.9932568492674143,-0.11593459959550066,18550.0,max_ac,425.0,0.022911051212938006,0.022911051212938006,0.17779512470258474,3298.099563232947,-2873.099563232947,leave_one_system_out
1239,2019-09-24 11:00:00,170.0,35.5825,11.475835651400002,0.258819045102521,-0.9659258262890682,-0.9932568492674144,-0.1159345995955006,11.0,267,0.258819045102521,-0.9659258262890682,-0.9932568492674143,-0.11593459959550066,18550.0,max_ac,170.0,0.009164420485175202,0.009164420485175202,0.15989001764812652,2965.959827372747,-2795.959827372747,leave_one_system_out
1239,2019-09-24 12:00:00,540.0,61.58775,11.872502349800005,1.2246467991473532e-16,-1.0,-0.9932568492674144,-0.1159345995955006,12.0,267,1.2246467991473532e-16,-1.0,-0.9932568492674143,-0.11593459959550066,18550.0,max_ac,540.0,0.029110512129380053,0.029110512129380053,0.1434945098118583,2661.8231570099715,-2121.8231570099715,leave_one_system_out
1239,2019-09-24 13:00:00,1150.0,116.49975,12.267502381400002,-0.2588190451025208,-0.9659258262890684,-0.9932568492674144,-0.1159345995955006,13.0,267,-0.2588190451025208,-0.9659258262890683,-0.9932568492674143,-0.11593459959550066,18550.0,max_ac,1150.0,0.06199460916442048,0.06199460916442048,0.1319839332825265,2448.3019623908667,-1298.3019623908667,leave_one_system_out
1239,2019-09-24 14:00:00,1145.0,115.12525,12.950974658300003,-0.4999999999999997,-0.8660254037844388,-0.9932568492674144,-0.1159345995955006,14.0,267,-0.4999999999999997,-0.8660254037844388,-0.9932568492674143,-0.11593459959550066,18550.0,max_ac,1145.0,0.06172506738544475,0.06172506738544475,0.07964719772779988,1477.4555178506878,-332.4555178506878,leave_one_system_out
1239,2019-09-24 15:00:00,925.75,95.4905,12.142363482500002,-0.7071067811865471,-0.7071067811865479,-0.9932568492674144,-0.1159345995955006,15.0,267,-0.7071067811865471,-0.7071067811865479,-0.9932568492674143,-0.11593459959550066,18550.0,max_ac,925.75,0.04990566037735849,0.04990566037735849,0.022569023688777556,418.65538942682366,507.09461057317634,leave_one_system_out
1239,2019-09-24 16:00:00,875.0,94.63975,11.765557896800004,-0.8660254037844385,-0.5000000000000004,-0.9932568492674144,-0.1159345995955006,16.0,267,-0.8660254037844385,-0.5000000000000004,-0.9932568492674143,-0.11593459959550066,18550.0,max_ac,875.0,0.04716981132075472,0.04716981132075472,0.01108863297883228,205.6941417573388,669.3058582426612,leave_one_system_out
1239,2019-09-24 17:00:00,-80.0,20.5295,11.4363912038,-0.9659258262890684,-0.2588190451025206,-0.9932568492674144,-0.1159345995955006,17.0,267,-0.9659258262890683,-0.25881904510252063,-0.9932568492674143,-0.11593459959550066,18550.0,max_ac,-80.0,-0.00431266846361186,-0.00431266846361186,-0.05496101048634977,-1019.5267445217883,939.5267445217883,leave_one_system_out
1239,2019-09-24 18:00:00,15.0,3.294,10.878196714700003,-1.0,-1.8369701987210287e-16,-0.9932568492674144,-0.1159345995955006,18.0,267,-1.0,-1.8369701987210297e-16,-0.9932568492674143,-0.11593459959550066,18550.0,max_ac,15.0,0.0008086253369272237,0.0008086253369272237,-0.028157294230175156,-522.3178079697492,537.3178079697492,leave_one_system_out
1239,2019-09-25 06:00:00,5.0,1.876,7.9122242552000035,1.0,6.123233995736766e-17,-0.9951053111006974,-0.0988201387328721,6.0,268,1.0,6.123233995736766e-17,-0.9951053111006974,-0.09882013873287211,18550.0,max_ac,5.0,0.00026954177897574127,0.00026954177897574127,-0.05835949518002426,-1082.56863558945,1087.56863558945,leave_one_system_out
1239,2019-09-25 07:00:00,10.0,20.72525,8.193474277700002,0.9659258262890684,-0.2588190451025206,-0.9951053111006974,-0.0988201387328721,7.0,268,0.9659258262890683,-0.25881904510252063,-0.9951053111006974,-0.09882013873287211,18550.0,max_ac,10.0,0.0005390835579514825,0.0005390835579514825,0.008334702116028658,154.6087242523316,-144.6087242523316,leave_one_system_out
1239,2019-09-25 08:00:00,865.0,95.25025,8.729307653900003,0.8660254037844387,-0.4999999999999998,-0.9951053111006974,-0.0988201387328721,8.0,268,0.8660254037844387,-0.4999999999999998,-0.9951053111006974,-0.09882013873287211,18550.0,max_ac,865.0,0.046630727762803234,0.046630727762803234,0.12101396031790557,2244.8089638971483,-1379.8089638971483,leave_one_system_out
1239,2019-09-25 09:00:00,1610.0,161.8995,9.999307755500006,0.7071067811865476,-0.7071067811865475,-0.9951053111006974,-0.0988201387328721,9.0,268,0.7071067811865476,-0.7071067811865475,-0.9951053111006974,-0.09882013873287211,18550.0,max_ac,1610.0,0.08679245283018867,0.08679245283018867,0.2134331935237386,3959.185739865351,-2349.185739865351,leave_one_system_out
1239,2019-09-25 10:00:00,1960.0,183.825,10.723335591200003,0.4999999999999999,-0.8660254037844387,-0.9951053111006974,-0.0988201387328721,10.0,268,0.49999999999999994,-0.8660254037844387,-0.9951053111006974,-0.09882013873287211,18550.0,max_ac,1960.0,0.10566037735849057,0.10566037735849057,0.25282180357111467,4689.844456244177,-2729.8444562441773,leave_one_system_out
1239,2019-09-25 11:00:00,1450.0,143.421,11.065141174100004,0.258819045102521,-0.9659258262890682,-0.9951053111006974,-0.0988201387328721,11.0,268,0.258819045102521,-0.9659258262890682,-0.9951053111006974,-0.09882013873287211,18550.0,max_ac,1450.0,0.07816711590296496,0.07816711590296496,0.22523606485576575,4178.129003074455,-2728.129003074455,leave_one_system_out
1239,2019-09-25 12:00:00,2955.0,272.509,11.2691689682,1.2246467991473532e-16,-1.0,-0.9951053111006974,-0.0988201387328721,12.0,268,1.2246467991473532e-16,-1.0,-0.9951053111006974,-0.09882013873287211,18550.0,max_ac,2955.0,0.15929919137466308,0.15929919137466308,0.2843378278649932,5274.466706895623,-2319.4667068956232,leave_one_system_out
1239,2019-09-25 13:00:00,1225.0,129.0005,11.599724550200005,-0.2588190451025208,-0.9659258262890684,-0.9951053111006974,-0.0988201387328721,13.0,268,-0.2588190451025208,-0.9659258262890683,-0.9951053111006974,-0.09882013873287211,18550.0,max_ac,1225.0,0.0660377358490566,0.0660377358490566,0.13859838723707135,2571.0000832476735,-1346.0000832476735,leave_one_system_out
1239,2019-09-25 14:00:00,1740.75,172.9605,12.388474613300003,-0.4999999999999997,-0.8660254037844388,-0.9951053111006974,-0.0988201387328721,14.0,268,-0.4999999999999997,-0.8660254037844388,-0.9951053111006974,-0.09882013873287211,18550.0,max_ac,1740.75,0.09384097035040431,0.09384097035040431,0.12724042963115673,2360.3099696579575,-619.5599696579575,leave_one_system_out
1239,2019-09-25 15:00:00,540.0,72.62675,11.599585661300004,-0.7071067811865471,-0.7071067811865479,-0.9951053111006974,-0.0988201387328721,15.0,268,-0.7071067811865471,-0.7071067811865479,-0.9951053111006974,-0.09882013873287211,18550.0,max_ac,540.0,0.029110512129380053,0.029110512129380053,-0.001091807739074413,-20.25303355983036,560.2530335598303,leave_one_system_out
1239,2019-09-25 16:00:00,270.0,48.6725,10.944168942200005,-0.8660254037844385,-0.5000000000000004,-0.9951053111006974,-0.0988201387328721,16.0,268,-0.8660254037844385,-0.5000000000000004,-0.9951053111006974,-0.09882013873287211,18550.0,max_ac,270.0,0.014555256064690027,0.014555256064690027,-0.040292425670923504,-747.424496195631,1017.424496195631,leave_one_system_out
1239,2019-09-25 17:00:00,-35.0,21.53275,10.626530027900005,-0.9659258262890684,-0.2588190451025206,-0.9951053111006974,-0.0988201387328721,17.0,268,-0.9659258262890683,-0.25881904510252063,-0.9951053111006974,-0.09882013873287211,18550.0,max_ac,-35.0,-0.0018867924528301887,-0.0018867924528301887,-0.053240170683903076,-987.605166186402,952.605166186402,leave_one_system_out
1239,2019-09-25 18:00:00,20.0,0.371,9.540835496600003,-1.0,-1.8369701987210287e-16,-0.9951053111006974,-0.0988201387328721,18.0,268,-1.0,-1.8369701987210297e-16,-0.9951053111006974,-0.09882013873287211,18550.0,max_ac,20.0,0.001078167115902965,0.001078167115902965,-0.03027770806424407,-561.6514845917275,581.6514845917275,leave_one_system_out
1239,2019-09-26 06:00:00,5.0,7.41725,7.271113092800001,1.0,6.123233995736766e-17,-0.99665890175417,-0.0816763953304228,6.0,269,1.0,6.123233995736766e-17,-0.99665890175417,-0.08167639533042288,18550.0,max_ac,5.0,0.00026954177897574127,0.00026954177897574127,-0.054371480603254196,-1008.5909651903653,1013.5909651903653,leave_one_system_out
1239,2019-09-26 07:00:00,360.0,56.96275,7.663474235300002,0.9659258262890684,-0.2588190451025206,-0.99665890175417,-0.0816763953304228,7.0,269,0.9659258262890683,-0.25881904510252063,-0.99665890175417,-0.08167639533042288,18550.0,max_ac,360.0,0.01940700808625337,0.01940700808625337,0.03543761044024035,657.3676736664586,-297.3676736664586,leave_one_system_out
1239,2019-09-26 08:00:00,830.0,93.98525,8.9008354454,0.8660254037844387,-0.4999999999999998,-0.99665890175417,-0.0816763953304228,8.0,269,0.8660254037844387,-0.4999999999999998,-0.99665890175417,-0.08167639533042288,18550.0,max_ac,830.0,0.044743935309973046,0.044743935309973046,0.11905875420053463,2208.5398904199174,-1378.5398904199174,leave_one_system_out
1239,2019-09-26 09:00:00,4530.0,389.51,12.090419033900002,0.7071067811865476,-0.7071067811865475,-0.99665890175417,-0.0816763953304228,9.0,269,0.7071067811865476,-0.7071067811865475,-0.99665890175417,-0.08167639533042288,18550.0,max_ac,4530.0,0.24420485175202156,0.24420485175202156,0.3625886660558474,6726.019755335969,-2196.0197553359694,leave_one_system_out
1239,2019-09-26 10:00:00,3400.0,309.77125,14.3431969919,0.4999999999999999,-0.8660254037844387,-0.99665890175417,-0.0816763953304228,10.0,269,0.49999999999999994,-0.8660254037844387,-0.99665890175417,-0.08167639533042288,18550.0,max_ac,3400.0,0.18328840970350405,0.18328840970350405,0.33494560895910014,6213.241046191308,-2813.2410461913078,leave_one_system_out
1239,2019-09-26 11:00:00,3995.0,365.31575,15.735280436600002,0.258819045102521,-0.9659258262890682,-0.99665890175417,-0.0816763953304228,11.0,269,0.258819045102521,-0.9659258262890682,-0.99665890175417,-0.08167639533042288,18550.0,max_ac,3995.0,0.21536388140161725,0.21536388140161725,0.3706242124191609,6875.079140375435,-2880.0791403754347,leave_one_system_out
1239,2019-09-26 12:00:00,6785.0,603.9,18.152641741100005,1.2246467991473532e-16,-1.0,-0.99665890175417,-0.0816763953304228,12.0,269,1.2246467991473532e-16,-1.0,-0.99665890175417,-0.08167639533042288,18550.0,max_ac,6785.0,0.3657681940700809,0.3657681940700809,0.5119477336537734,9496.630459277498,-2711.6304592774977,leave_one_system_out
1239,2019-09-26 13:00:00,5270.0,484.3025,20.869447514000008,-0.2588190451025208,-0.9659258262890684,-0.99665890175417,-0.0816763953304228,13.0,269,-0.2588190451025208,-0.9659258262890683,-0.99665890175417,-0.08167639533042288,18550.0,max_ac,5270.0,0.28409703504043127,0.28409703504043127,0.41022058875490813,7609.591921403546,-2339.5919214035457,leave_one_system_out
1239,2019-09-26 14:00:00,3340.0,309.94575,21.261808656500005,-0.4999999999999997,-0.8660254037844388,-0.99665890175417,-0.0816763953304228,14.0,269,-0.4999999999999997,-0.8660254037844388,-0.99665890175417,-0.08167639533042288,18550.0,max_ac,3340.0,0.18005390835579516,0.18005390835579516,0.24774954812126543,4595.754117649473,-1255.7541176494733,leave_one_system_out
1239,2019-09-26 15:00:00,1340.0,136.91975,20.80639195340001,-0.7071067811865471,-0.7071067811865479,-0.99665890175417,-0.0816763953304228,15.0,269,-0.7071067811865471,-0.7071067811865479,-0.99665890175417,-0.08167639533042288,18550.0,max_ac,1340.0,0.07223719676549865,0.07223719676549865,0.06603019464654797,1224.8601106934648,115.13988930653522,leave_one_system_out
1239,2019-09-26 16:00:00,255.0,46.033,19.9384752173,-0.8660254037844385,-0.5000000000000004,-0.99665890175417,-0.0816763953304228,16.0,269,-0.8660254037844385,-0.5000000000000004,-0.99665890175417,-0.08167639533042288,18550.0,max_ac,255.0,0.013746630727762802,0.013746630727762802,-0.04069814367983332,-754.9505652609081,1009.9505652609081,leave_one_system_out
1239,2019-09-26 17:00:00,15.0,7.875499999999999,17.192224997600004,-0.9659258262890684,-0.2588190451025206,-0.99665890175417,-0.0816763953304228,17.0,269,-0.9659258262890683,-0.25881904510252063,-0.99665890175417,-0.08167639533042288,18550.0,max_ac,15.0,0.0008086253369272237,0.0008086253369272237,-0.07046794656411509,-1307.180408764335,1322.180408764335,leave_one_system_out
1239,2019-09-26 18:00:00,15.0,1.65825,16.0518082397,-1.0,-1.8369701987210287e-16,-0.99665890175417,-0.0816763953304228,18.0,269,-1.0,-1.8369701987210297e-16,-0.99665890175417,-0.08167639533042288,18550.0,max_ac,15.0,0.0008086253369272237,0.0008086253369272237,-0.03118632198919291,-578.5062728995285,593.5062728995285,leave_one_system_out
1239,2019-09-27 06:00:00,15.0,10.29725,8.237224281200003,1.0,6.123233995736766e-17,-0.9979171608653922,-0.0645084494493162,6.0,270,1.0,6.123233995736766e-17,-0.9979171608653922,-0.06450844944931625,18550.0,max_ac,15.0,0.0008086253369272237,0.0008086253369272237,-0.05089803797368475,-944.1586044118521,959.1586044118521,leave_one_system_out
1239,2019-09-27 07:00:00,710.0,120.29575,9.7966688504,0.9659258262890684,-0.2588190451025206,-0.9979171608653922,-0.0645084494493162,7.0,270,0.9659258262890683,-0.25881904510252063,-0.9979171608653922,-0.06450844944931625,18550.0,max_ac,710.0,0.03827493261455526,0.03827493261455526,0.08785357255648718,1629.6837709228373,-919.6837709228373,leave_one_system_out
1239,2019-09-27 08:00:00,2780.0,309.553,11.332363417700002,0.8660254037844387,-0.4999999999999998,-0.9979171608653922,-0.0645084494493162,8.0,270,0.8660254037844387,-0.4999999999999998,-0.9979171608653922,-0.06450844944931625,18550.0,max_ac,2780.0,0.14986522911051212,0.14986522911051212,0.2739059292928314,5080.954988382023,-2300.9549883820227,leave_one_system_out
1239,2019-09-27 09:00:00,3630.0,349.9135,12.991807994900004,0.7071067811865476,-0.7071067811865475,-0.9979171608653922,-0.0645084494493162,9.0,270,0.7071067811865476,-0.7071067811865475,-0.9979171608653922,-0.06450844944931625,18550.0,max_ac,3630.0,0.19568733153638815,0.19568733153638815,0.33678379001623615,6247.33930480118,-2617.3393048011803,leave_one_system_out
1239,2019-09-27 10:00:00,6109.5,553.9404999999999,15.312085958300006,0.4999999999999999,-0.8660254037844387,-0.9979171608653922,-0.0645084494493162,10.0,270,0.49999999999999994,-0.8660254037844387,-0.9979171608653922,-0.06450844944931625,18550.0,max_ac,6109.5,0.32935309973045823,0.32935309973045823,0.4860281288075297,9015.821789379675,-2906.3217893796755,leave_one_system_out
1239,2019-09-27 11:00:00,4945.0,445.07675,16.351252708100002,0.258819045102521,-0.9659258262890682,-0.9979171608653922,-0.0645084494493162,11.0,270,0.258819045102521,-0.9659258262890682,-0.9979171608653922,-0.06450844944931625,18550.0,max_ac,4945.0,0.26657681940700806,0.26657681940700806,0.4199766872306328,7790.567548128239,-2845.5675481282387,leave_one_system_out
1239,2019-09-27 12:00:00,5900.0,481.139,15.8465304455,1.2246467991473532e-16,-1.0,-0.9979171608653922,-0.0645084494493162,12.0,270,1.2246467991473532e-16,-1.0,-0.9979171608653922,-0.06450844944931625,18550.0,max_ac,5900.0,0.31805929919137466,0.31805929919137466,0.4278213573045198,7936.086177998843,-2036.0861779988427,leave_one_system_out
1239,2019-09-27 13:00:00,7909.999999999999,672.0545000000001,17.249863891100006,-0.2588190451025208,-0.9659258262890684,-0.9979171608653922,-0.0645084494493162,13.0,270,-0.2588190451025208,-0.9659258262890683,-0.9979171608653922,-0.06450844944931625,18550.0,max_ac,7909.999999999999,0.4264150943396226,0.4264150943396226,0.5498067304257639,10198.914849397921,-2288.914849397922,leave_one_system_out
1239,2019-09-27 14:00:00,6450.0,541.2435,18.598475110100004,-0.4999999999999997,-0.8660254037844388,-0.9979171608653922,-0.0645084494493162,14.0,270,-0.4999999999999997,-0.8660254037844388,-0.9979171608653922,-0.06450844944931625,18550.0,max_ac,6450.0,0.3477088948787062,0.3477088948787062,0.44154250308720017,8190.613432267563,-1740.6134322675634,leave_one_system_out
1239,2019-09-27 15:00:00,4805.0,428.147,19.291530721100003,-0.7071067811865471,-0.7071067811865479,-0.9979171608653922,-0.0645084494493162,15.0,270,-0.7071067811865471,-0.7071067811865479,-0.9979171608653922,-0.06450844944931625,18550.0,max_ac,4805.0,0.2590296495956873,0.2590296495956873,0.34451253587526365,6390.707540486141,-1585.7075404861407,leave_one_system_out
1239,2019-09-27 16:00:00,2650.0,274.472,19.068197369900005,-0.8660254037844385,-0.5000000000000004,-0.9979171608653922,-0.0645084494493162,16.0,270,-0.8660254037844385,-0.5000000000000004,-0.9979171608653922,-0.06450844944931625,18550.0,max_ac,2650.0,0.14285714285714285,0.14285714285714285,0.2077558297312929,3853.870641515483,-1203.870641515483,leave_one_system_out
1239,2019-09-27 17:00:00,460.0,119.07399999999998,18.573197330300005,-0.9659258262890684,-0.2588190451025206,-0.9979171608653922,-0.0645084494493162,17.0,270,-0.9659258262890683,-0.25881904510252063,-0.9979171608653922,-0.06450844944931625,18550.0,max_ac,460.0,0.024797843665768194,0.024797843665768194,0.06552472841737456,1215.483712142298,-755.4837121422979,leave_one_system_out
1239,2019-09-27 18:00:00,-30.0,10.6245,14.988613710200005,-1.0,-1.8369701987210287e-16,-0.9979171608653922,-0.0645084494493162,18.0,270,-1.0,-1.8369701987210297e-16,-0.9979171608653922,-0.06450844944931625,18550.0,max_ac,-30.0,-0.0016172506738544475,-0.0016172506738544475,-0.017356055723849684,-321.9548336774116,291.9548336774116,leave_one_system_out
1239,2019-09-28 06:00:00,20.0,1.65825,9.833196631100003,1.0,6.123233995736766e-17,-0.9988797155850336,-0.0473213883224323,6.0,271,1.0,6.123233995736766e-17,-0.9988797155850335,-0.04732138832243232,18550.0,max_ac,20.0,0.001078167115902965,0.001078167115902965,-0.05713049928325614,-1059.7707617044014,1079.7707617044014,leave_one_system_out
1239,2019-09-28 07:00:00,20.0,18.08575,9.948613307,0.9659258262890684,-0.2588190451025206,-0.9988797155850336,-0.0473213883224323,7.0,271,0.9659258262890683,-0.25881904510252063,-0.9988797155850335,-0.04732138832243232,18550.0,max_ac,20.0,0.001078167115902965,0.001078167115902965,0.006127889315658053,113.67234680545688,-93.67234680545688,leave_one_system_out
1239,2019-09-28 08:00:00,310.0,51.661,10.3409744495,0.8660254037844387,-0.4999999999999998,-0.9988797155850336,-0.0473213883224323,8.0,271,0.8660254037844387,-0.4999999999999998,-0.9988797155850335,-0.04732138832243232,18550.0,max_ac,310.0,0.016711590296495958,0.016711590296495958,0.08865357265922696,1644.5237728286602,-1334.5237728286602,leave_one_system_out
1239,2019-09-28 09:00:00,595.0,74.41575,11.024446726400004,0.7071067811865476,-0.7071067811865475,-0.9988797155850336,-0.0473213883224323,9.0,271,0.7071067811865476,-0.7071067811865475,-0.9988797155850335,-0.04732138832243232,18550.0,max_ac,595.0,0.03207547169811321,0.03207547169811321,0.1528981937788307,2836.2614945973096,-2241.2614945973096,leave_one_system_out
1239,2019-09-28 10:00:00,1900.0,179.74525,13.015696885700004,0.4999999999999999,-0.8660254037844387,-0.9988797155850336,-0.0473213883224323,10.0,271,0.49999999999999994,-0.8660254037844387,-0.9988797155850335,-0.04732138832243232,18550.0,max_ac,1900.0,0.10242587601078167,0.10242587601078167,0.2484688044013213,4609.09632164451,-2709.0963216445098,leave_one_system_out
1239,2019-09-28 11:00:00,2880.0,269.9345,15.299308179500004,0.258819045102521,-0.9659258262890682,-0.9988797155850336,-0.0473213883224323,11.0,271,0.258819045102521,-0.9659258262890682,-0.9988797155850335,-0.04732138832243232,18550.0,max_ac,2880.0,0.15525606469002695,0.15525606469002695,0.30662937612759644,5687.974927166914,-2807.9749271669143,leave_one_system_out
1239,2019-09-28 12:00:00,1595.0,161.83425,16.393336044800005,1.2246467991473532e-16,-1.0,-0.9988797155850336,-0.0473213883224323,12.0,271,1.2246467991473532e-16,-1.0,-0.9988797155850335,-0.04732138832243232,18550.0,max_ac,1595.0,0.08598382749326146,0.08598382749326146,0.21051496717522078,3905.0526411003457,-2310.0526411003457,leave_one_system_out
1239,2019-09-28 13:00:00,1505.0,148.70025,16.330141595300006,-0.2588190451025208,-0.9659258262890684,-0.9988797155850336,-0.0473213883224323,13.0,271,-0.2588190451025208,-0.9659258262890683,-0.9988797155850335,-0.04732138832243232,18550.0,max_ac,1505.0,0.08113207547169811,0.08113207547169811,0.1545075610728498,2866.1152579013637,-1361.1152579013637,leave_one_system_out
1239,2019-09-28 14:00:00,615.0,77.90625,16.088474909300004,-0.4999999999999997,-0.8660254037844388,-0.9988797155850336,-0.0473213883224323,14.0,271,-0.4999999999999997,-0.8660254037844388,-0.9988797155850335,-0.04732138832243232,18550.0,max_ac,615.0,0.03315363881401617,0.03315363881401617,0.04535392411222616,841.3152922817953,-226.31529228179534,leave_one_system_out
1239,2019-09-28 15:00:00,250.0,42.60725,15.558058200200003,-0.7071067811865471,-0.7071067811865479,-0.9988797155850336,-0.0473213883224323,15.0,271,-0.7071067811865471,-0.7071067811865479,-0.9988797155850335,-0.04732138832243232,18550.0,max_ac,250.0,0.013477088948787063,0.013477088948787063,-0.030371177594100685,-563.3853443705677,813.3853443705677,leave_one_system_out
1239,2019-09-28 16:00:00,-15.0,25.307,15.001391489000005,-0.8660254037844385,-0.5000000000000004,-0.9988797155850336,-0.0473213883224323,16.0,271,-0.8660254037844385,-0.5000000000000004,-0.9988797155850335,-0.04732138832243232,18550.0,max_ac,-15.0,-0.0008086253369272237,-0.0008086253369272237,-0.06589842199031914,-1222.41572792042,1207.41572792042,leave_one_system_out
1239,2019-09-28 17:00:00,-120.0,12.108,14.1983358692,-0.9659258262890684,-0.2588190451025206,-0.9988797155850336,-0.0473213883224323,17.0,271,-0.9659258262890683,-0.25881904510252063,-0.9988797155850335,-0.04732138832243232,18550.0,max_ac,-120.0,-0.00646900269541779,-0.00646900269541779,-0.06427719128075732,-1192.3418982580483,1072.3418982580483,leave_one_system_out
1239,2019-09-28 18:00:00,10.0,1.7235,13.957919183300003,-1.0,-1.8369701987210287e-16,-0.9988797155850336,-0.0473213883224323,18.0,271,-1.0,-1.8369701987210297e-16,-0.9988797155850335,-0.04732138832243232,18550.0,max_ac,10.0,0.0005390835579514825,0.0005390835579514825,-0.02768107621048571,-513.48396370451,523.48396370451,leave_one_system_out
1239,2019-09-29 06:00:00,20.0,6.174,7.711252016900004,1.0,6.123233995736766e-17,-0.9995462806873572,-0.0301203048469083,6.0,272,1.0,6.123233995736766e-17,-0.9995462806873573,-0.03012030484690836,18550.0,max_ac,20.0,0.001078167115902965,0.001078167115902965,-0.05555808865252537,-1030.6025445043456,1050.6025445043456,leave_one_system_out
1239,2019-09-29 07:00:00,255.0,43.1965,7.0222241840000015,0.9659258262890684,-0.2588190451025206,-0.9995462806873572,-0.0301203048469083,7.0,272,0.9659258262890683,-0.25881904510252063,-0.9995462806873573,-0.03012030484690836,18550.0,max_ac,255.0,0.013746630727762802,0.013746630727762802,0.021198842757311265,393.23853314812396,-138.23853314812396,leave_one_system_out
1239,2019-09-29 08:00:00,3225.0,337.87075000000004,8.837640995900005,0.8660254037844387,-0.4999999999999998,-0.9995462806873572,-0.0301203048469083,8.0,272,0.8660254037844387,-0.4999999999999998,-0.9995462806873573,-0.03012030484690836,18550.0,max_ac,3225.0,0.1738544474393531,0.1738544474393531,0.29106879152742726,5399.326082833776,-2174.326082833776,leave_one_system_out
1239,2019-09-29 09:00:00,3315.0,292.25275,10.056807760100003,0.7071067811865476,-0.7071067811865475,-0.9995462806873572,-0.0301203048469083,9.0,272,0.7071067811865476,-0.7071067811865475,-0.9995462806873573,-0.03012030484690836,18550.0,max_ac,3315.0,0.17870619946091645,0.17870619946091645,0.29369243583529925,5447.994684744801,-2132.994684744801,leave_one_system_out
1239,2019-09-29 10:00:00,6155.0,517.02675,11.359030086500002,0.4999999999999999,-0.8660254037844387,-0.9995462806873572,-0.0301203048469083,10.0,272,0.49999999999999994,-0.8660254037844387,-0.9995462806873573,-0.03012030484690836,18550.0,max_ac,6155.0,0.3318059299191375,0.3318059299191375,0.4595901959457317,8525.398134793322,-2370.3981347933222,leave_one_system_out
1239,2019-09-29 11:00:00,5085.0,450.29075,12.419307949100002,0.258819045102521,-0.9659258262890682,-0.9995462806873572,-0.0301203048469083,11.0,272,0.258819045102521,-0.9659258262890682,-0.9995462806873573,-0.03012030484690836,18550.0,max_ac,5085.0,0.27412398921832887,0.27412398921832887,0.418227988603494,7758.129188594814,-2673.129188594814,leave_one_system_out
1239,2019-09-29 12:00:00,3345.0,285.577,11.693752335500005,1.2246467991473532e-16,-1.0,-0.9995462806873572,-0.0301203048469083,12.0,272,1.2246467991473532e-16,-1.0,-0.9995462806873573,-0.03012030484690836,18550.0,max_ac,3345.0,0.18032345013477089,0.18032345013477089,0.28759936085946924,5334.968143943154,-1989.9681439431542,leave_one_system_out
1239,2019-09-29 13:00:00,5920.0,526.8442500000001,12.229585711700004,-0.2588190451025208,-0.9659258262890684,-0.9995462806873572,-0.0301203048469083,13.0,272,-0.2588190451025208,-0.9659258262890683,-0.9995462806873573,-0.03012030484690836,18550.0,max_ac,5920.0,0.31913746630727763,0.31913746630727763,0.43978054176751,8157.929049787311,-2237.9290497873108,leave_one_system_out
1239,2019-09-29 14:00:00,4555.0,405.58875,13.122502449800002,-0.4999999999999997,-0.8660254037844388,-0.9995462806873572,-0.0301203048469083,14.0,272,-0.4999999999999997,-0.8660254037844388,-0.9995462806873573,-0.03012030484690836,18550.0,max_ac,4555.0,0.24555256064690026,0.24555256064690026,0.3256648906135095,6041.0837208806015,-1486.0837208806015,leave_one_system_out
1239,2019-09-29 15:00:00,5035.0,438.9025,14.016946965800004,-0.7071067811865471,-0.7071067811865479,-0.9995462806873572,-0.0301203048469083,15.0,272,-0.7071067811865471,-0.7071067811865479,-0.9995462806873573,-0.03012030484690836,18550.0,max_ac,5035.0,0.2714285714285714,0.2714285714285714,0.35841372656749587,6648.574627827048,-1613.574627827048,leave_one_system_out
1239,2019-09-29 16:00:00,2630.0,274.95225,13.2647246834,-0.8660254037844385,-0.5000000000000004,-0.9995462806873572,-0.0301203048469083,16.0,272,-0.8660254037844385,-0.5000000000000004,-0.9995462806873573,-0.03012030484690836,18550.0,max_ac,2630.0,0.1417789757412399,0.1417789757412399,0.21223211077935425,3936.9056549570214,-1306.9056549570214,leave_one_system_out
1239,2019-09-29 17:00:00,430.0,113.14,12.9959746619,-0.9659258262890684,-0.2588190451025206,-0.9995462806873572,-0.0301203048469083,17.0,272,-0.9659258262890683,-0.25881904510252063,-0.9995462806873573,-0.03012030484690836,18550.0,max_ac,430.0,0.023180592991913745,0.023180592991913745,0.06243557760655838,1158.179964601658,-728.179964601658,leave_one_system_out
1239,2019-09-29 18:00:00,-30.0,10.16625,9.512641049900004,-1.0,-1.8369701987210287e-16,-0.9995462806873572,-0.0301203048469083,18.0,272,-1.0,-1.8369701987210297e-16,-0.9995462806873573,-0.03012030484690836,18550.0,max_ac,-30.0,-0.0016172506738544475,-0.0016172506738544475,-0.011886037439482577,-220.4859945024018,190.4859945024018,leave_one_system_out
1239,2019-09-30 06:00:00,0.0,8.7265,1.4730570734000006,1.0,6.123233995736766e-17,-0.999916658654738,-0.0129102960750088,6.0,273,1.0,6.123233995736766e-17,-0.9999166586547379,-0.012910296075008843,18550.0,max_ac,0.0,0.0,0.0,-0.05970566114965509,-1107.5400143261018,1107.5400143261018,leave_one_system_out
1239,2019-09-30 07:00:00,740.0,113.1835,4.029862833500002,0.9659258262890684,-0.2588190451025206,-0.999916658654738,-0.0129102960750088,7.0,273,0.9659258262890683,-0.25881904510252063,-0.9999166586547379,-0.012910296075008843,18550.0,max_ac,740.0,0.039892183288409704,0.039892183288409704,0.07403250217746554,1373.3029153919858,-633.3029153919858,leave_one_system_out
1239,2019-09-30 08:00:00,2910.0,276.58825,7.154446416800003,0.8660254037844387,-0.4999999999999998,-0.999916658654738,-0.0129102960750088,8.0,273,0.8660254037844387,-0.4999999999999998,-0.9999166586547379,-0.012910296075008843,18550.0,max_ac,2910.0,0.1568733153638814,0.1568733153638814,0.2446449382748511,4538.163604998488,-1628.1636049984882,leave_one_system_out
1239,2019-09-30 09:00:00,2891.0,262.277,8.135974273100002,0.7071067811865476,-0.7071067811865475,-0.999916658654738,-0.0129102960750088,9.0,273,0.7071067811865476,-0.7071067811865475,-0.9999166586547379,-0.012910296075008843,18550.0,max_ac,2891.0,0.15584905660377357,0.15584905660377357,0.2702873991857603,5013.831254895853,-2122.831254895853,leave_one_system_out
1239,2019-09-30 10:00:00,5715.0,479.91725,10.325418892700004,0.4999999999999999,-0.8660254037844387,-0.999916658654738,-0.0129102960750088,10.0,273,0.49999999999999994,-0.8660254037844387,-0.9999166586547379,-0.012910296075008843,18550.0,max_ac,5715.0,0.30808625336927226,0.30808625336927226,0.4344003013294263,8058.125589660858,-2343.125589660858,leave_one_system_out
1239,2019-09-30 11:00:00,7465.0,620.197,11.8259745683,0.258819045102521,-0.9659258262890682,-0.999916658654738,-0.0129102960750088,11.0,273,0.258819045102521,-0.9659258262890682,-0.9999166586547379,-0.012910296075008843,18550.0,max_ac,7465.0,0.40242587601078167,0.40242587601078167,0.5283258579941963,9800.444665792342,-2335.4446657923418,leave_one_system_out
1239,2019-09-30 12:00:00,7785.0,637.40975,10.941391164200004,1.2246467991473532e-16,-1.0,-0.999916658654738,-0.0129102960750088,12.0,273,1.2246467991473532e-16,-1.0,-0.9999166586547379,-0.012910296075008843,18550.0,max_ac,7785.0,0.4196765498652291,0.4196765498652291,0.5334790053865446,9896.035549920402,-2111.0355499204015,leave_one_system_out
1239,2019-09-30 13:00:00,7435.0,612.12475,11.445002315600004,-0.2588190451025208,-0.9659258262890684,-0.999916658654738,-0.0129102960750088,13.0,273,-0.2588190451025208,-0.9659258262890683,-0.9999166586547379,-0.012910296075008843,18550.0,max_ac,7435.0,0.40080862533692724,0.40080862533692724,0.5060676456018783,9387.554825914844,-1952.5548259148436,leave_one_system_out
1239,2019-09-30 14:00:00,6255.0,527.38975,13.406530250300005,-0.4999999999999997,-0.8660254037844388,-0.999916658654738,-0.0129102960750088,14.0,273,-0.4999999999999997,-0.8660254037844388,-0.9999166586547379,-0.012910296075008843,18550.0,max_ac,6255.0,0.3371967654986523,0.3371967654986523,0.4318512605731436,8010.840883631814,-1755.840883631814,leave_one_system_out
1239,2019-09-30 15:00:00,4540.0,407.61775,14.847919254500002,-0.7071067811865471,-0.7071067811865479,-0.999916658654738,-0.0129102960750088,15.0,273,-0.7071067811865471,-0.7071067811865479,-0.9999166586547379,-0.012910296075008843,18550.0,max_ac,4540.0,0.24474393530997304,0.24474393530997304,0.32728550468600326,6071.146111925361,-1531.1461119253609,leave_one_system_out
1239,2019-09-30 16:00:00,2410.0,251.67425000000003,14.6286136814,-0.8660254037844385,-0.5000000000000004,-0.999916658654738,-0.0129102960750088,16.0,273,-0.8660254037844385,-0.5000000000000004,-0.9999166586547379,-0.012910296075008843,18550.0,max_ac,2410.0,0.1299191374663073,0.1299191374663073,0.18596354874231413,3449.6238291699274,-1039.6238291699274,leave_one_system_out
1239,2019-09-30 17:00:00,170.0,52.01025,12.365974611500006,-0.9659258262890684,-0.2588190451025206,-0.999916658654738,-0.0129102960750088,17.0,273,-0.9659258262890683,-0.25881904510252063,-0.9999166586547379,-0.012910296075008843,18550.0,max_ac,170.0,0.009164420485175202,0.009164420485175202,-0.013031175451726773,-241.72830462953164,411.72830462953164,leave_one_system_out
1239,2019-09-30 18:00:00,-45.0,5.090333333333333,9.279029920100005,-1.0,-1.8369701987210287e-16,-0.999916658654738,-0.0129102960750088,18.0,273,-1.0,-1.8369701987210297e-16,-0.9999166586547379,-0.012910296075008843,18550.0,max_ac,-45.0,-0.002425876010781671,-0.002425876010781671,-0.017417321490137583,-323.09131364205217,278.09131364205217,leave_one_system_out
1239,2019-10-01 06:00:00,15.0,2.57425,6.694585268900001,1.0,6.123233995736766e-17,-0.99999073973619,0.0043035382962438,6.0,274,1.0,6.123233995736766e-17,-0.9999907397361901,0.004303538296243821,18550.0,max_ac,15.0,0.0008086253369272237,0.0008086253369272237,-0.060123469763250004,-1115.2903641082876,1130.2903641082876,leave_one_system_out
1239,2019-10-01 07:00:00,200.0,35.212,6.828057501800002,0.9659258262890684,-0.2588190451025206,-0.99999073973619,0.0043035382962438,7.0,274,0.9659258262890683,-0.25881904510252063,-0.9999907397361901,0.004303538296243821,18550.0,max_ac,200.0,0.01078167115902965,0.01078167115902965,0.013032087730337039,241.74522739775207,-41.745227397752075,leave_one_system_out
1239,2019-10-01 08:00:00,635.0,74.852,7.280974204700002,0.8660254037844387,-0.4999999999999998,-0.99999073973619,0.0043035382962438,8.0,274,0.8660254037844387,-0.4999999999999998,-0.9999907397361901,0.004303538296243821,18550.0,max_ac,635.0,0.03423180592991914,0.03423180592991914,0.09632539741154539,1786.836121984167,-1151.836121984167,leave_one_system_out
1239,2019-10-01 09:00:00,1260.0,127.14625,8.135974273100002,0.7071067811865476,-0.7071067811865475,-0.99999073973619,0.0043035382962438,9.0,274,0.7071067811865476,-0.7071067811865475,-0.9999907397361901,0.004303538296243821,18550.0,max_ac,1260.0,0.06792452830188679,0.06792452830188679,0.1777494326840934,3297.251976289933,-2037.2519762899328,leave_one_system_out
1239,2019-10-01 10:00:00,1770.0,167.419,9.1244465744,0.4999999999999999,-0.8660254037844387,-0.99999073973619,0.0043035382962438,10.0,274,0.49999999999999994,-0.8660254037844387,-0.9999907397361901,0.004303538296243821,18550.0,max_ac,1770.0,0.0954177897574124,0.0954177897574124,0.2287531429554601,4243.370801823785,-2473.370801823785,leave_one_system_out
1239,2019-10-01 11:00:00,1555.0,155.44175,9.546529941500005,0.258819045102521,-0.9659258262890682,-0.99999073973619,0.0043035382962438,11.0,274,0.258819045102521,-0.9659258262890682,-0.9999907397361901,0.004303538296243821,18550.0,max_ac,1555.0,0.08382749326145553,0.08382749326145553,0.21827565568694876,4049.0134129928997,-2494.0134129928997,leave_one_system_out
1239,2019-10-01 12:00:00,915.0,95.643,9.595696612100005,1.2246467991473532e-16,-1.0,-0.99999073973619,0.0043035382962438,12.0,274,1.2246467991473532e-16,-1.0,-0.9999907397361901,0.004303538296243821,18550.0,max_ac,915.0,0.049326145552560645,0.049326145552560645,0.14762066711522184,2738.363374987365,-1823.3633749873652,leave_one_system_out
1239,2019-10-01 13:00:00,475.0,68.08925,9.8248632971,-0.2588190451025208,-0.9659258262890684,-0.99999073973619,0.0043035382962438,13.0,274,-0.2588190451025208,-0.9659258262890683,-0.9999907397361901,0.004303538296243821,18550.0,max_ac,475.0,0.025606469002695417,0.025606469002695417,0.07806545067230197,1448.1141099712015,-973.1141099712015,leave_one_system_out
1239,2019-10-01 14:00:00,235.0,42.25825,8.597224310000001,-0.4999999999999997,-0.8660254037844388,-0.99999073973619,0.0043035382962438,14.0,274,-0.4999999999999997,-0.8660254037844388,-0.9999907397361901,0.004303538296243821,18550.0,max_ac,235.0,0.012668463611859838,0.012668463611859838,0.0011737436106742383,21.77294397800712,213.2270560219929,leave_one_system_out
1239,2019-10-01 15:00:00,-30.0,22.4055,8.3834742929,-0.7071067811865471,-0.7071067811865479,-0.99999073973619,0.0043035382962438,15.0,274,-0.7071067811865471,-0.7071067811865479,-0.9999907397361901,0.004303538296243821,18550.0,max_ac,-30.0,-0.0016172506738544475,-0.0016172506738544475,-0.05878835928967391,-1090.524064823451,1060.524064823451,leave_one_system_out
1239,2019-10-01 16:00:00,-93.33333333333331,17.947666666666667,8.345002067600001,-0.8660254037844385,-0.5000000000000004,-0.99999073973619,0.0043035382962438,16.0,274,-0.8660254037844385,-0.5000000000000004,-0.9999907397361901,0.004303538296243821,18550.0,max_ac,-93.33333333333331,-0.005031446540880502,-0.005031446540880502,-0.07680472951630746,-1424.7277325275033,1331.39439919417,leave_one_system_out
1239,2019-10-01 17:00:00,75.0,17.36575,8.232918725300003,-0.9659258262890684,-0.2588190451025206,-0.99999073973619,0.0043035382962438,17.0,274,-0.9659258262890683,-0.25881904510252063,-0.9999907397361901,0.004303538296243821,18550.0,max_ac,75.0,0.004043126684636119,0.004043126684636119,-0.05477331239849009,-1016.0449449919912,1091.044944991991,leave_one_system_out
1239,2019-10-01 18:00:00,10.0,0.0,8.601529865900002,-1.0,-1.8369701987210287e-16,-0.99999073973619,0.0043035382962438,18.0,274,-1.0,-1.8369701987210297e-16,-0.9999907397361901,0.004303538296243821,18550.0,max_ac,10.0,0.0005390835579514825,0.0005390835579514825,-0.02264054841554214,-419.98217310830665,429.98217310830665,leave_one_system_out
1239,2019-10-02 06:00:00,5.0,2.63975,6.274029679700005,1.0,6.123233995736766e-17,-0.9997685019798908,0.0215160974362222,6.0,275,1.0,6.123233995736766e-17,-0.9997685019798909,0.021516097436222233,18550.0,max_ac,5.0,0.00026954177897574127,0.00026954177897574127,-0.06052598336669002,-1122.7569914520998,1127.7569914520998,leave_one_system_out
1239,2019-10-02 07:00:00,5.0,16.84225,5.461251836900004,0.9659258262890684,-0.2588190451025206,-0.9997685019798908,0.0215160974362222,7.0,275,0.9659258262890683,-0.25881904510252063,-0.9997685019798909,0.021516097436222233,18550.0,max_ac,5.0,0.00026954177897574127,0.00026954177897574127,-0.00459455023349975,-85.22890683142036,90.22890683142036,leave_one_system_out
1239,2019-10-02 08:00:00,400.0,55.36975,5.011251800900002,0.8660254037844387,-0.4999999999999998,-0.9997685019798908,0.0215160974362222,8.0,275,0.8660254037844387,-0.4999999999999998,-0.9997685019798909,0.021516097436222233,18550.0,max_ac,400.0,0.0215633423180593,0.0215633423180593,0.07714758261954507,1431.087657592561,-1031.087657592561,leave_one_system_out
1239,2019-10-02 09:00:00,1210.0,120.8845,5.244724041800003,0.7071067811865476,-0.7071067811865475,-0.9997685019798908,0.0215160974362222,9.0,275,0.7071067811865476,-0.7071067811865475,-0.9997685019798909,0.021516097436222233,18550.0,max_ac,1210.0,0.06522911051212937,0.06522911051212937,0.1672566653715194,3102.6111426416846,-1892.6111426416846,leave_one_system_out
1239,2019-10-02 10:00:00,1486.6666666666667,154.32925,6.368335242800002,0.4999999999999999,-0.8660254037844387,-0.9997685019798908,0.0215160974362222,10.0,275,0.49999999999999994,-0.8660254037844387,-0.9997685019798909,0.021516097436222233,18550.0,max_ac,1486.6666666666667,0.08014375561545373,0.08014375561545373,0.213962072513728,3968.9964451296546,-2482.3297784629876,leave_one_system_out
1239,2019-10-02 11:00:00,1440.0,140.99925,7.0095852941000025,0.258819045102521,-0.9659258262890682,-0.9997685019798908,0.0215160974362222,11.0,275,0.258819045102521,-0.9659258262890682,-0.9997685019798909,0.021516097436222233,18550.0,max_ac,1440.0,0.07762803234501348,0.07762803234501348,0.20257920876785163,3757.8443226436475,-2317.8443226436475,leave_one_system_out
1239,2019-10-02 12:00:00,2485.0,226.498,7.643890900400001,1.2246467991473532e-16,-1.0,-0.9997685019798908,0.0215160974362222,12.0,275,1.2246467991473532e-16,-1.0,-0.9997685019798909,0.021516097436222233,18550.0,max_ac,2485.0,0.1339622641509434,0.1339622641509434,0.23665497484259335,4389.949783330107,-1904.9497833301066,leave_one_system_out
1239,2019-10-02 13:00:00,1970.0,187.272,7.957363147700003,-0.2588190451025208,-0.9659258262890684,-0.9997685019798908,0.0215160974362222,13.0,275,-0.2588190451025208,-0.9659258262890683,-0.9997685019798909,0.021516097436222233,18550.0,max_ac,1970.0,0.10619946091644204,0.10619946091644204,0.16835825033949803,3123.0455437976884,-1153.0455437976884,leave_one_system_out
1239,2019-10-02 14:00:00,3085.0,274.21025,9.0401410121,-0.4999999999999997,-0.8660254037844388,-0.9997685019798908,0.0215160974362222,14.0,275,-0.4999999999999997,-0.8660254037844388,-0.9997685019798909,0.021516097436222233,18550.0,max_ac,3085.0,0.16630727762803235,0.16630727762803235,0.20751491255291266,3849.4016278565296,-764.4016278565296,leave_one_system_out
1239,2019-10-02 15:00:00,2105.0,187.054,8.265418727900002,-0.7071067811865471,-0.7071067811865479,-0.9997685019798908,0.0215160974362222,15.0,275,-0.7071067811865471,-0.7071067811865479,-0.9997685019798909,0.021516097436222233,18550.0,max_ac,2105.0,0.11347708894878707,0.11347708894878707,0.10742315857387152,1992.6995915453167,112.30040845468329,leave_one_system_out
1239,2019-10-02 16:00:00,1090.0,113.99075,7.590279785000002,-0.8660254037844385,-0.5000000000000004,-0.9997685019798908,0.0215160974362222,16.0,275,-0.8660254037844385,-0.5000000000000004,-0.9997685019798909,0.021516097436222233,18550.0,max_ac,1090.0,0.05876010781671159,0.05876010781671159,0.03301059160878883,612.3464743430328,477.6535256569672,leave_one_system_out
1239,2019-10-02 17:00:00,150.0,36.739,6.672085267100001,-0.9659258262890684,-0.2588190451025206,-0.9997685019798908,0.0215160974362222,17.0,275,-0.9659258262890683,-0.25881904510252063,-0.9997685019798909,0.021516097436222233,18550.0,max_ac,150.0,0.008086253369272238,0.008086253369272238,-0.028824539594533183,-534.6952094785905,684.6952094785905,leave_one_system_out
1239,2019-10-02 18:00:00,-60.0,3.40325,5.646807407300002,-1.0,-1.8369701987210287e-16,-0.9997685019798908,0.0215160974362222,18.0,275,-1.0,-1.8369701987210297e-16,-0.9997685019798909,0.021516097436222233,18550.0,max_ac,-60.0,-0.003234501347708895,-0.003234501347708895,-0.014218868304913368,-263.76000705614297,203.76000705614297,leave_one_system_out
1239,2019-10-03 06:00:00,0.0,5.694,-0.4251375228999982,1.0,6.123233995736766e-17,-0.9992500112396836,0.0387222808921739,6.0,276,1.0,6.123233995736766e-17,-0.9992500112396835,0.03872228089217399,18550.0,max_ac,0.0,0.0,0.0,-0.06405087649472974,-1188.1437589772365,1188.1437589772365,leave_one_system_out
1239,2019-10-03 07:00:00,615.0,104.348,1.0834737089000015,0.9659258262890684,-0.2588190451025206,-0.9992500112396836,0.0387222808921739,7.0,276,0.9659258262890683,-0.25881904510252063,-0.9992500112396835,0.03872228089217399,18550.0,max_ac,615.0,0.03315363881401617,0.03315363881401617,0.06252534759901457,1159.8451979617203,-544.8451979617203,leave_one_system_out
1239,2019-10-03 08:00:00,2882.75,264.06575,4.825696230500004,0.8660254037844387,-0.4999999999999998,-0.9992500112396836,0.0387222808921739,8.0,276,0.8660254037844387,-0.4999999999999998,-0.9992500112396835,0.03872228089217399,18550.0,max_ac,2882.75,0.1554043126684636,0.1554043126684636,0.23175626940041014,4299.078797377608,-1416.3287973776078,leave_one_system_out
1239,2019-10-03 09:00:00,3745.0,321.74875,6.545557479200003,0.7071067811865476,-0.7071067811865475,-0.9992500112396836,0.0387222808921739,9.0,276,0.7071067811865476,-0.7071067811865475,-0.9992500112396835,0.03872228089217399,18550.0,max_ac,3745.0,0.2018867924528302,0.2018867924528302,0.3062544322740508,5681.019718683642,-1936.0197186836422,leave_one_system_out
1239,2019-10-03 10:00:00,4430.0,384.36175,7.622779787600002,0.4999999999999999,-0.8660254037844387,-0.9992500112396836,0.0387222808921739,10.0,276,0.49999999999999994,-0.8660254037844387,-0.9992500112396835,0.03872228089217399,18550.0,max_ac,4430.0,0.23881401617250675,0.23881401617250675,0.36718731203510613,6811.324638251219,-2381.324638251219,leave_one_system_out
1239,2019-10-03 11:00:00,5800.0,502.80275000000006,9.016113232400002,0.258819045102521,-0.9659258262890682,-0.9992500112396836,0.0387222808921739,11.0,276,0.258819045102521,-0.9659258262890682,-0.9992500112396835,0.03872228089217399,18550.0,max_ac,5800.0,0.31266846361185985,0.31266846361185985,0.4477074076699803,8304.972412278135,-2504.9724122781354,leave_one_system_out
1239,2019-10-03 12:00:00,7040.0,585.74875,10.028891091200004,1.2246467991473532e-16,-1.0,-0.9992500112396836,0.0387222808921739,12.0,276,1.2246467991473532e-16,-1.0,-0.9992500112396835,0.03872228089217399,18550.0,max_ac,7040.0,0.37951482479784365,0.37951482479784365,0.495701514423149,9195.263092549414,-2155.263092549414,leave_one_system_out
1239,2019-10-03 13:00:00,7055.0,597.9005,11.097502287800005,-0.2588190451025208,-0.9659258262890684,-0.9992500112396836,0.0387222808921739,13.0,276,-0.2588190451025208,-0.9659258262890683,-0.9992500112396835,0.03872228089217399,18550.0,max_ac,7055.0,0.38032345013477087,0.38032345013477087,0.49471336804027866,9176.93297714717,-2121.9329771471694,leave_one_system_out
1239,2019-10-03 14:00:00,5480.0,494.3165,12.053891253200003,-0.4999999999999997,-0.8660254037844388,-0.9992500112396836,0.0387222808921739,14.0,276,-0.4999999999999997,-0.8660254037844388,-0.9992500112396835,0.03872228089217399,18550.0,max_ac,5480.0,0.2954177897574124,0.2954177897574124,0.4033941658653554,7482.961776802343,-2002.9617768023427,leave_one_system_out
1239,2019-10-03 15:00:00,3525.0,319.56675,11.734585672100003,-0.7071067811865471,-0.7071067811865479,-0.9992500112396836,0.0387222808921739,15.0,276,-0.7071067811865471,-0.7071067811865479,-0.9992500112396835,0.03872228089217399,18550.0,max_ac,3525.0,0.19002695417789758,0.19002695417789758,0.24117543887409917,4473.80439111454,-948.8043911145396,leave_one_system_out
1239,2019-10-03 16:00:00,1630.0,177.9565,10.6630578086,-0.8660254037844385,-0.5000000000000004,-0.9992500112396836,0.0387222808921739,16.0,276,-0.8660254037844385,-0.5000000000000004,-0.9992500112396835,0.03872228089217399,18550.0,max_ac,1630.0,0.08787061994609165,0.08787061994609165,0.10574515456149092,1961.5726171156566,-331.5726171156566,leave_one_system_out
1239,2019-10-03 17:00:00,310.0,55.283,9.5648632763,-0.9659258262890684,-0.2588190451025206,-0.9992500112396836,0.0387222808921739,17.0,276,-0.9659258262890683,-0.25881904510252063,-0.9992500112396835,0.03872228089217399,18550.0,max_ac,310.0,0.016711590296495958,0.016711590296495958,-0.005580508947097995,-103.5184409686678,413.5184409686678,leave_one_system_out
1239,2019-10-03 18:00:00,-95.0,1.92,7.280974204700003,-1.0,-1.8369701987210287e-16,-0.9992500112396836,0.0387222808921739,18.0,276,-1.0,-1.8369701987210297e-16,-0.9992500112396835,0.03872228089217399,18550.0,max_ac,-95.0,-0.005121293800539084,-0.005121293800539084,-0.016106051671134047,-298.7672584995366,203.76725849953658,leave_one_system_out
1239,2019-10-04 06:00:00,0.0,1.7746666666666666,3.4952794574000032,1.0,6.123233995736766e-17,-0.9984354211555644,0.055916990100603,6.0,277,1.0,6.123233995736766e-17,-0.9984354211555643,0.05591699010060302,18550.0,max_ac,0.0,0.0,0.0,-0.0639452877115777,-1186.1850870497665,1186.1850870497665,leave_one_system_out
1239,2019-10-04 07:00:00,190.0,33.2045,3.1818072101000032,0.9659258262890684,-0.2588190451025206,-0.9984354211555644,0.055916990100603,7.0,277,0.9659258262890683,-0.25881904510252063,-0.9984354211555643,0.05591699010060302,18550.0,max_ac,190.0,0.010242587601078167,0.010242587601078167,0.004764366807396059,88.37900427719688,101.62099572280312,leave_one_system_out
1239,2019-10-04 08:00:00,704.0,76.72824999999999,3.4068072281000017,0.8660254037844387,-0.4999999999999998,-0.9984354211555644,0.055916990100603,8.0,277,0.8660254037844387,-0.4999999999999998,-0.9984354211555643,0.05591699010060302,18550.0,max_ac,704.0,0.03795148247978437,0.03795148247978437,0.08848027466307795,1641.309095000096,-937.309095000096,leave_one_system_out
1239,2019-10-04 09:00:00,1855.0,175.666,5.067362916500001,0.7071067811865476,-0.7071067811865475,-0.9984354211555644,0.055916990100603,9.0,277,0.7071067811865476,-0.7071067811865475,-0.9984354211555643,0.05591699010060302,18550.0,max_ac,1855.0,0.1,0.1,0.20226871536650626,3752.084670048691,-1897.084670048691,leave_one_system_out
1239,2019-10-04 10:00:00,1610.0,158.38675,5.717362968500003,0.4999999999999999,-0.8660254037844387,-0.9984354211555644,0.055916990100603,10.0,277,0.49999999999999994,-0.8660254037844387,-0.9984354211555643,0.05591699010060302,18550.0,max_ac,1610.0,0.08679245283018867,0.08679245283018867,0.2123551590973667,3939.1882012561528,-2329.1882012561528,leave_one_system_out
1239,2019-10-04 11:00:00,4880.0,416.95525,7.892779809200002,0.258819045102521,-0.9659258262890682,-0.9984354211555644,0.055916990100603,11.0,277,0.258819045102521,-0.9659258262890682,-0.9984354211555643,0.05591699010060302,18550.0,max_ac,4880.0,0.26307277628032344,0.26307277628032344,0.38805052027895737,7198.337151174659,-2318.337151174659,leave_one_system_out
1239,2019-10-04 12:00:00,1220.0,131.291,8.164168719800003,1.2246467991473532e-16,-1.0,-0.9984354211555644,0.055916990100603,12.0,277,1.2246467991473532e-16,-1.0,-0.9984354211555643,0.05591699010060302,18550.0,max_ac,1220.0,0.06576819407008086,0.06576819407008086,0.16528500218060596,3066.0367904502405,-1846.0367904502405,leave_one_system_out
1239,2019-10-04 13:00:00,1725.0,165.2375,7.161390861800003,-0.2588190451025208,-0.9659258262890684,-0.9984354211555644,0.055916990100603,13.0,277,-0.2588190451025208,-0.9659258262890683,-0.9984354211555643,0.05591699010060302,18550.0,max_ac,1725.0,0.09299191374663072,0.09299191374663072,0.14720881214710063,2730.723465328717,-1005.7234653287169,leave_one_system_out
1239,2019-10-04 14:00:00,2220.0,198.59475,7.244446424000003,-0.4999999999999997,-0.8660254037844388,-0.9984354211555644,0.055916990100603,14.0,277,-0.4999999999999997,-0.8660254037844388,-0.9984354211555643,0.05591699010060302,18550.0,max_ac,2220.0,0.1196765498652291,0.1196765498652291,0.13725587637221864,2546.096506704656,-326.0965067046559,leave_one_system_out
1239,2019-10-04 15:00:00,1590.0,154.76575,7.2161130884,-0.7071067811865471,-0.7071067811865479,-0.9984354211555644,0.055916990100603,15.0,277,-0.7071067811865471,-0.7071067811865479,-0.9984354211555643,0.05591699010060302,18550.0,max_ac,1590.0,0.08571428571428572,0.08571428571428572,0.07371958458187161,1367.4982939937183,222.50170600628167,leave_one_system_out
1239,2019-10-04 16:00:00,535.0,68.8525,6.160140781700001,-0.8660254037844385,-0.5000000000000004,-0.9984354211555644,0.055916990100603,16.0,277,-0.8660254037844385,-0.5000000000000004,-0.9984354211555643,0.05591699010060302,18550.0,max_ac,535.0,0.028840970350404314,0.028840970350404314,-0.018476508172309947,-342.7392265963495,877.7392265963495,leave_one_system_out
1239,2019-10-04 17:00:00,215.0,53.90825,5.898612983000004,-0.9659258262890684,-0.2588190451025206,-0.9984354211555644,0.055916990100603,17.0,277,-0.9659258262890683,-0.25881904510252063,-0.9984354211555643,0.05591699010060302,18550.0,max_ac,215.0,0.011590296495956873,0.011590296495956873,-0.004724826630496559,-87.64553399571118,302.64553399571116,leave_one_system_out
1239,2019-10-04 18:00:00,-65.0,1.309,5.080140695300004,-1.0,-1.8369701987210287e-16,-0.9984354211555644,0.055916990100603,18.0,277,-1.0,-1.8369701987210297e-16,-0.9984354211555643,0.05591699010060302,18550.0,max_ac,-65.0,-0.003504043126684636,-0.003504043126684636,-0.013672913905274309,-253.63255294283843,188.63255294283843,leave_one_system_out
1239,2019-10-05 06:00:00,5.0,3.9705,2.931390523400001,1.0,6.123233995736766e-17,-0.9973249731081556,0.0730951298980777,6.0,278,1.0,6.123233995736766e-17,-0.9973249731081555,0.07309512989807776,18550.0,max_ac,5.0,0.00026954177897574127,0.00026954177897574127,-0.06225243533181141,-1154.7826754051016,1159.7826754051016,leave_one_system_out
1239,2019-10-05 07:00:00,185.0,42.86925,2.6080571642000034,0.9659258262890684,-0.2588190451025206,-0.9973249731081556,0.0730951298980777,7.0,278,0.9659258262890683,-0.25881904510252063,-0.9973249731081555,0.07309512989807776,18550.0,max_ac,185.0,0.009973045822102426,0.009973045822102426,0.011701752677697241,217.06751217128382,-32.06751217128382,leave_one_system_out
1239,2019-10-05 08:00:00,840.0,91.54175,3.7511128112000014,0.8660254037844387,-0.4999999999999998,-0.9973249731081556,0.0730951298980777,8.0,278,0.8660254037844387,-0.4999999999999998,-0.9973249731081555,0.07309512989807776,18550.0,max_ac,840.0,0.045283018867924525,0.045283018867924525,0.09920633097141501,1840.2774395197484,-1000.2774395197484,leave_one_system_out
1239,2019-10-05 09:00:00,2720.0,267.16375,6.248890788800002,0.7071067811865476,-0.7071067811865475,-0.9973249731081556,0.0730951298980777,9.0,278,0.7071067811865476,-0.7071067811865475,-0.9973249731081555,0.07309512989807776,18550.0,max_ac,2720.0,0.14663072776280323,0.14663072776280323,0.2663726863944952,4941.2133326178855,-2221.2133326178855,leave_one_system_out
1239,2019-10-05 10:00:00,6215.0,524.99,9.4059743747,0.4999999999999999,-0.8660254037844387,-0.9973249731081556,0.0730951298980777,10.0,278,0.49999999999999994,-0.8660254037844387,-0.9973249731081555,0.07309512989807776,18550.0,max_ac,6215.0,0.33504043126684635,0.33504043126684635,0.46044034399663275,8541.168381137537,-2326.168381137537,leave_one_system_out
1239,2019-10-05 11:00:00,7545.0,619.3895,10.602502248200004,0.258819045102521,-0.9659258262890682,-0.9973249731081556,0.0730951298980777,11.0,278,0.258819045102521,-0.9659258262890682,-0.9973249731081555,0.07309512989807776,18550.0,max_ac,7545.0,0.4067385444743935,0.4067385444743935,0.525738497439019,9752.449127493803,-2207.4491274938027,leave_one_system_out
1239,2019-10-05 12:00:00,7730.0,625.9345,10.751668926800004,1.2246467991473532e-16,-1.0,-0.9973249731081556,0.0730951298980777,12.0,278,1.2246467991473532e-16,-1.0,-0.9973249731081555,0.07309512989807776,18550.0,max_ac,7730.0,0.41671159029649596,0.41671159029649596,0.5239358997364545,9719.010940111231,-1989.0109401112313,leave_one_system_out
1239,2019-10-05 13:00:00,7157.25,592.7955,12.0693079211,-0.2588190451025208,-0.9659258262890684,-0.9973249731081556,0.0730951298980777,13.0,278,-0.2588190451025208,-0.9659258262890683,-0.9973249731081555,0.07309512989807776,18550.0,max_ac,7157.25,0.3858355795148248,0.3858355795148248,0.4900773793150316,9090.935386293837,-1933.685386293837,leave_one_system_out
1239,2019-10-05 14:00:00,6075.0,508.64975,13.919724735800004,-0.4999999999999997,-0.8660254037844388,-0.9973249731081556,0.0730951298980777,14.0,278,-0.4999999999999997,-0.8660254037844388,-0.9973249731081555,0.07309512989807776,18550.0,max_ac,6075.0,0.3274932614555256,0.3274932614555256,0.4153552568882264,7704.8400152766,-1629.8400152765998,leave_one_system_out
1239,2019-10-05 15:00:00,4485.0,389.292,14.821113696800005,-0.7071067811865471,-0.7071067811865479,-0.9973249731081556,0.0730951298980777,15.0,278,-0.7071067811865471,-0.7071067811865479,-0.9973249731081555,0.07309512989807776,18550.0,max_ac,4485.0,0.24177897574123988,0.24177897574123988,0.3103869741804389,5757.678371047142,-1272.6783710471418,leave_one_system_out
1239,2019-10-05 16:00:00,2150.0,237.297,14.801391473000004,-0.8660254037844385,-0.5000000000000004,-0.9973249731081556,0.0730951298980777,16.0,278,-0.8660254037844385,-0.5000000000000004,-0.9973249731081555,0.07309512989807776,18550.0,max_ac,2150.0,0.11590296495956873,0.11590296495956873,0.17222446374531603,3194.7638024756125,-1044.7638024756125,leave_one_system_out
1239,2019-10-05 17:00:00,225.0,81.98599999999999,14.016946965800004,-0.9659258262890684,-0.2588190451025206,-0.9973249731081556,0.0730951298980777,17.0,278,-0.9659258262890683,-0.25881904510252063,-0.9973249731081555,0.07309512989807776,18550.0,max_ac,225.0,0.012129380053908356,0.012129380053908356,0.027694935393097697,513.7410515419623,-288.7410515419623,leave_one_system_out
1239,2019-10-05 18:00:00,-50.0,2.3125,9.175141022900004,-1.0,-1.8369701987210287e-16,-0.9973249731081556,0.0730951298980777,18.0,278,-1.0,-1.8369701987210297e-16,-0.9973249731081555,0.07309512989807776,18550.0,max_ac,-50.0,-0.0026954177897574125,-0.0026954177897574125,-0.014105542161779672,-261.6578071010129,211.6578071010129,leave_one_system_out
1239,2019-10-06 06:00:00,10.0,6.63225,-1.1172209115999987,1.0,6.123233995736766e-17,-0.9959189961471792,0.0902516100310407,6.0,279,1.0,6.123233995736766e-17,-0.9959189961471792,0.0902516100310407,18550.0,max_ac,10.0,0.0005390835579514825,0.0005390835579514825,-0.0630498565655766,-1169.5748392914459,1179.5748392914459,leave_one_system_out
1239,2019-10-06 07:00:00,280.0,44.28725,0.3243069815000021,0.9659258262890684,-0.2588190451025206,-0.9959189961471792,0.0902516100310407,7.0,279,0.9659258262890683,-0.25881904510252063,-0.9959189961471792,0.0902516100310407,18550.0,max_ac,280.0,0.01509433962264151,0.01509433962264151,0.009779602530501808,181.41162694080853,98.58837305919147,leave_one_system_out
1239,2019-10-06 08:00:00,1225.0,116.4125,1.9330571102000027,0.8660254037844387,-0.4999999999999998,-0.9959189961471792,0.0902516100310407,8.0,279,0.8660254037844387,-0.4999999999999998,-0.9959189961471792,0.0902516100310407,18550.0,max_ac,1225.0,0.0660377358490566,0.0660377358490566,0.114841947189678,2130.3181203685267,-905.3181203685267,leave_one_system_out
1239,2019-10-06 09:00:00,2560.0,231.64675,4.441668422000001,0.7071067811865476,-0.7071067811865475,-0.9959189961471792,0.0902516100310407,9.0,279,0.7071067811865476,-0.7071067811865475,-0.9959189961471792,0.0902516100310407,18550.0,max_ac,2560.0,0.13800539083557953,0.13800539083557953,0.23853774409399875,4424.875152943677,-1864.8751529436768,leave_one_system_out
1239,2019-10-06 10:00:00,2840.0,267.862,6.247224122000002,0.4999999999999999,-0.8660254037844387,-0.9959189961471792,0.0902516100310407,10.0,279,0.49999999999999994,-0.8660254037844387,-0.9959189961471792,0.0902516100310407,18550.0,max_ac,2840.0,0.15309973045822103,0.15309973045822103,0.2842723079716325,5273.251312873783,-2433.251312873783,leave_one_system_out
1239,2019-10-06 11:00:00,4060.0,363.025,8.465002077200001,0.258819045102521,-0.9659258262890682,-0.9959189961471792,0.0902516100310407,11.0,279,0.258819045102521,-0.9659258262890682,-0.9959189961471792,0.0902516100310407,18550.0,max_ac,4060.0,0.2188679245283019,0.2188679245283019,0.34956785510657173,6484.4837122269055,-2424.4837122269055,leave_one_system_out
1239,2019-10-06 12:00:00,4485.0,392.1062500000001,10.760002260800002,1.2246467991473532e-16,-1.0,-0.9959189961471792,0.0902516100310407,12.0,279,1.2246467991473532e-16,-1.0,-0.9959189961471792,0.0902516100310407,18550.0,max_ac,4485.0,0.24177897574123988,0.24177897574123988,0.354071420277436,6568.024846146438,-2083.024846146438,leave_one_system_out
1239,2019-10-06 13:00:00,6980.0,599.275,13.107085781900006,-0.2588190451025208,-0.9659258262890684,-0.9959189961471792,0.0902516100310407,13.0,279,-0.2588190451025208,-0.9659258262890683,-0.9959189961471792,0.0902516100310407,18550.0,max_ac,6980.0,0.3762803234501348,0.3762803234501348,0.4946847052661586,9176.401282687242,-2196.401282687242,leave_one_system_out
1239,2019-10-06 14:00:00,2620.0,241.87875000000005,13.035280220600004,-0.4999999999999997,-0.8660254037844388,-0.9959189961471792,0.0902516100310407,14.0,279,-0.4999999999999997,-0.8660254037844388,-0.9959189961471792,0.0902516100310407,18550.0,max_ac,2620.0,0.14123989218328842,0.14123989218328842,0.17737408865014018,3290.2893444601004,-670.2893444601004,leave_one_system_out
1239,2019-10-06 15:00:00,1775.0,173.39675,12.651391301000002,-0.7071067811865471,-0.7071067811865479,-0.9959189961471792,0.0902516100310407,15.0,279,-0.7071067811865471,-0.7071067811865479,-0.9959189961471792,0.0902516100310407,18550.0,max_ac,1775.0,0.09568733153638814,0.09568733153638814,0.09308708533721605,1726.7654330053576,48.234566994642364,leave_one_system_out
1239,2019-10-06 16:00:00,415.0,60.14775,12.315419051900005,-0.8660254037844385,-0.5000000000000004,-0.9959189961471792,0.0902516100310407,16.0,279,-0.8660254037844385,-0.5000000000000004,-0.9959189961471792,0.0902516100310407,18550.0,max_ac,415.0,0.022371967654986523,0.022371967654986523,-0.028227689592183913,-523.6236419350116,938.6236419350116,leave_one_system_out
1239,2019-10-06 17:00:00,-30.0,9.9265,11.968057913000004,-0.9659258262890684,-0.2588190451025206,-0.9959189961471792,0.0902516100310407,17.0,279,-0.9659258262890683,-0.25881904510252063,-0.9959189961471792,0.0902516100310407,18550.0,max_ac,-30.0,-0.0016172506738544475,-0.0016172506738544475,-0.061987858403831364,-1149.8747733910718,1119.8747733910718,leave_one_system_out
1239,2019-10-06 18:00:00,10.0,2.1597500000000003,10.755696704900004,-1.0,-1.8369701987210287e-16,-0.9959189961471792,0.0902516100310407,18.0,279,-1.0,-1.8369701987210297e-16,-0.9959189961471792,0.0902516100310407,18550.0,max_ac,10.0,0.0005390835579514825,0.0005390835579514825,-0.014128669697573593,-262.0868228899901,272.0868228899901,leave_one_system_out
1239,2019-10-07 06:00:00,10.0,2.5307500000000003,12.9636135482,1.0,6.123233995736766e-17,-0.994217906893952,0.107381346664163,6.0,280,1.0,6.123233995736766e-17,-0.994217906893952,0.10738134666416306,18550.0,max_ac,10.0,0.0005390835579514825,0.0005390835579514825,-0.05411202575851909,-1003.7780778205291,1013.7780778205291,leave_one_system_out
1239,2019-10-07 07:00:00,10.0,11.12625,13.1295857837,0.9659258262890684,-0.2588190451025206,-0.994217906893952,0.107381346664163,7.0,280,0.9659258262890683,-0.25881904510252063,-0.994217906893952,0.10738134666416306,18550.0,max_ac,10.0,0.0005390835579514825,0.0005390835579514825,-0.0021482708157892216,-39.85042363289006,49.85042363289006,leave_one_system_out
1239,2019-10-07 08:00:00,15.0,23.62725,13.426252474100004,0.8660254037844387,-0.4999999999999998,-0.994217906893952,0.107381346664163,8.0,280,0.8660254037844387,-0.4999999999999998,-0.994217906893952,0.10738134666416306,18550.0,max_ac,15.0,0.0008086253369272237,0.0008086253369272237,0.061421940119634144,1139.3769892192133,-1124.3769892192133,leave_one_system_out
1239,2019-10-07 09:00:00,725.0,79.76075,14.101252528100003,0.7071067811865476,-0.7071067811865475,-0.994217906893952,0.107381346664163,9.0,280,0.7071067811865476,-0.7071067811865475,-0.994217906893952,0.10738134666416306,18550.0,max_ac,725.0,0.03908355795148248,0.03908355795148248,0.1463223706782188,2714.2799760809585,-1989.2799760809585,leave_one_system_out
1239,2019-10-07 10:00:00,910.0,93.7235,15.378058185800004,0.4999999999999999,-0.8660254037844387,-0.994217906893952,0.107381346664163,10.0,280,0.49999999999999994,-0.8660254037844387,-0.994217906893952,0.10738134666416306,18550.0,max_ac,910.0,0.04905660377358491,0.04905660377358491,0.1804949368216034,3348.1810780407427,-2438.1810780407427,leave_one_system_out
1239,2019-10-07 11:00:00,635.0,75.7905,14.105419195100003,0.258819045102521,-0.9659258262890682,-0.994217906893952,0.107381346664163,11.0,280,0.258819045102521,-0.9659258262890682,-0.994217906893952,0.10738134666416306,18550.0,max_ac,635.0,0.03423180592991914,0.03423180592991914,0.16127658140090617,2991.6805849868097,-2356.6805849868097,leave_one_system_out
1239,2019-10-07 12:00:00,435.0,56.76625,12.017363472500003,1.2246467991473532e-16,-1.0,-0.994217906893952,0.107381346664163,12.0,280,1.2246467991473532e-16,-1.0,-0.994217906893952,0.10738134666416306,18550.0,max_ac,435.0,0.02345013477088949,0.02345013477088949,0.11197024153573037,2077.0479804877987,-1642.0479804877987,leave_one_system_out
1239,2019-10-07 13:00:00,535.0,66.693,12.214169043800004,-0.2588190451025208,-0.9659258262890684,-0.994217906893952,0.107381346664163,13.0,280,-0.2588190451025208,-0.9659258262890683,-0.994217906893952,0.10738134666416306,18550.0,max_ac,535.0,0.028840970350404314,0.028840970350404314,0.0699528610181358,1297.6255718864193,-762.6255718864193,leave_one_system_out
1239,2019-10-07 14:00:00,600.0,72.23424999999999,12.474169064600002,-0.4999999999999997,-0.8660254037844388,-0.994217906893952,0.107381346664163,14.0,280,-0.4999999999999997,-0.8660254037844388,-0.994217906893952,0.10738134666416306,18550.0,max_ac,600.0,0.03234501347708895,0.03234501347708895,0.0243218560311928,451.17042937862647,148.82957062137353,leave_one_system_out
1239,2019-10-07 15:00:00,410.0,60.14775,12.274585715300004,-0.7071067811865471,-0.7071067811865479,-0.994217906893952,0.107381346664163,15.0,280,-0.7071067811865471,-0.7071067811865479,-0.994217906893952,0.10738134666416306,18550.0,max_ac,410.0,0.022102425876010783,0.022102425876010783,-0.02237434438160435,-415.0440882787607,825.0440882787607,leave_one_system_out
1239,2019-10-07 16:00:00,190.0,42.10575,11.965141246100004,-0.8660254037844385,-0.5000000000000004,-0.994217906893952,0.107381346664163,16.0,280,-0.8660254037844385,-0.5000000000000004,-0.994217906893952,0.10738134666416306,18550.0,max_ac,190.0,0.010242587601078167,0.010242587601078167,-0.04880272155499965,-905.2904848452436,1095.2904848452436,leave_one_system_out
1239,2019-10-07 17:00:00,-45.0,10.42825,11.686946779400005,-0.9659258262890684,-0.2588190451025206,-0.994217906893952,0.107381346664163,17.0,280,-0.9659258262890683,-0.25881904510252063,-0.994217906893952,0.10738134666416306,18550.0,max_ac,-45.0,-0.002425876010781671,-0.002425876010781671,-0.060510112017927276,-1122.4625779325509,1077.4625779325509,leave_one_system_out
1239,2019-10-07 18:00:00,10.0,1.46175,10.979307833900004,-1.0,-1.8369701987210287e-16,-0.994217906893952,0.107381346664163,18.0,280,-1.0,-1.8369701987210297e-16,-0.994217906893952,0.10738134666416306,18550.0,max_ac,10.0,0.0005390835579514825,0.0005390835579514825,-0.013784640913999169,-255.70508895468458,265.7050889546846,leave_one_system_out
