system_id,timestamp,ac_power,poa_irradiance,ambient_temp,sin_hora,cos_hora,sin_dia_anual,cos_dia_anual,max_ac_power_system,global_max_ac_power_system,ac_power_norm,predicted_ac_power_norm,predicted_ac_power,residual_ac_power_norm,residual_ac_power,experiment,target
1239,2019-08-31 06:00:00,280.0,55.13025,11.747224562000005,1.0,6.123233995736766e-17,-0.8631421280499115,-0.5049610547215202,18550.0,18550.0,0.01509433962264151,0.05266355676505999,976.9089779918628,-0.03756921714241848,-696.9089779918628,regresion_conjunta_normalizada,ac_power_norm
1239,2019-08-31 07:00:00,2855.0,203.21975,15.266947065800004,0.9659258262890684,-0.2588190451025206,-0.8631421280499115,-0.5049610547215202,18550.0,18550.0,0.15390835579514825,0.1986913920516359,3685.725322557846,-0.04478303625648766,-830.7253225578461,regresion_conjunta_normalizada,ac_power_norm
1239,2019-08-31 08:00:00,6860.0,377.35825,16.932086087900004,0.8660254037844387,-0.4999999999999998,-0.8631421280499115,-0.5049610547215202,18550.0,18550.0,0.36981132075471695,0.3658920915502437,6787.298298257021,0.00391922920447324,72.70170174297891,regresion_conjunta_normalizada,ac_power_norm
1239,2019-08-31 09:00:00,10375.0,449.9938,19.347225170000005,0.7071067811865476,-0.7071067811865475,-0.8631421280499115,-0.5049610547215202,18550.0,18550.0,0.5592991913746631,0.4458669468809143,8270.83186464096,0.11343224449374878,2104.1681353590393,regresion_conjunta_normalizada,ac_power_norm
1239,2019-08-31 10:00:00,12405.0,614.0664999999999,21.1465308695,0.4999999999999999,-0.8660254037844387,-0.8631421280499115,-0.5049610547215202,18550.0,18550.0,0.668733153638814,0.6004342457031981,11138.055257794325,0.06829890793561588,1266.9447422056746,regresion_conjunta_normalizada,ac_power_norm
1239,2019-08-31 11:00:00,9600.0,507.8205,21.47139200660001,0.258819045102521,-0.9659258262890682,-0.8631421280499115,-0.5049610547215202,18550.0,18550.0,0.5175202156334232,0.5254546867442167,9747.18443910522,-0.007934471110793484,-147.18443910522,regresion_conjunta_normalizada,ac_power_norm
1239,2019-08-31 12:00:00,5580.0,302.9425,20.8441697342,1.2246467991473532e-16,-1.0,-0.8631421280499115,-0.5049610547215202,18550.0,18550.0,0.3008086253369272,0.34561082492260364,6411.080802314297,-0.04480219958567644,-831.0808023142972,regresion_conjunta_normalizada,ac_power_norm
1239,2019-08-31 13:00:00,12200.0,613.39,20.3463919166,-0.2588190451025208,-0.9659258262890684,-0.8631421280499115,-0.5049610547215202,18550.0,18550.0,0.6576819407008087,0.6261587442037109,11615.244704978837,0.03152319649709778,584.755295021163,regresion_conjunta_normalizada,ac_power_norm
1239,2019-08-31 14:00:00,6395.0,334.7725,20.512503041,-0.4999999999999997,-0.8660254037844388,-0.8631421280499115,-0.5049610547215202,18550.0,18550.0,0.34474393530997305,0.372638029655757,6912.4354501142925,-0.027894094345783937,-517.4354501142925,regresion_conjunta_normalizada,ac_power_norm
1239,2019-08-31 15:00:00,6225.0,331.84925,20.8036141754,-0.7071067811865471,-0.7071067811865479,-0.8631421280499115,-0.5049610547215202,18550.0,18550.0,0.33557951482479786,0.3613716424785419,6703.443967976953,-0.025792127653744057,-478.443967976953,regresion_conjunta_normalizada,ac_power_norm
1239,2019-08-31 16:00:00,6270.0,348.692,20.741669726000005,-0.8660254037844385,-0.5000000000000004,-0.8631421280499115,-0.5049610547215202,18550.0,18550.0,0.3380053908355795,0.3650145218310775,6771.019379966488,-0.02700913099549801,-501.0193799664876,regresion_conjunta_normalizada,ac_power_norm
1239,2019-08-31 17:00:00,1120.0,91.4105,19.364864060300004,-0.9659258262890684,-0.2588190451025206,-0.8631421280499115,-0.5049610547215202,18550.0,18550.0,0.06037735849056604,0.09507292381653856,1763.6027367967904,-0.034695565325972524,-643.6027367967904,regresion_conjunta_normalizada,ac_power_norm
1239,2019-08-31 18:00:00,330.0,53.38475,18.539308438700004,-1.0,-1.8369701987210287e-16,-0.8631421280499115,-0.5049610547215202,18550.0,18550.0,0.01778975741239892,0.04289553715168681,795.7122141637903,-0.025105779739287893,-465.71221416379035,regresion_conjunta_normalizada,ac_power_norm
1239,2019-09-01 06:00:00,270.0,58.48975,5.821390754600005,1.0,6.123233995736766e-17,-0.8717063187093217,-0.4900286664290594,18550.0,18550.0,0.014555256064690027,0.04947243523912814,917.7136736858271,-0.034917179174438116,-647.7136736858271,regresion_conjunta_normalizada,ac_power_norm
1239,2019-09-01 07:00:00,3030.0,215.39325,9.1315299083,0.9659258262890684,-0.2588190451025206,-0.8717063187093217,-0.4900286664290594,18550.0,18550.0,0.1633423180592992,0.2021437620843133,3749.7667866640118,-0.03880144402501412,-719.7667866640118,regresion_conjunta_normalizada,ac_power_norm
1239,2019-09-01 08:00:00,7020.0,379.8015,13.721530275500005,0.8660254037844387,-0.4999999999999998,-0.8717063187093217,-0.4900286664290594,18550.0,18550.0,0.3784366576819407,0.3635017729340638,6742.957887926884,0.014934884747876853,277.0421120731162,regresion_conjunta_normalizada,ac_power_norm
1239,2019-09-01 09:00:00,10700.0,533.65125,17.463613908200003,0.7071067811865476,-0.7071067811865475,-0.8717063187093217,-0.4900286664290594,18550.0,18550.0,0.5768194070080862,0.5128883984106971,9514.079790518432,0.0639310085973891,1185.9202094815682,regresion_conjunta_normalizada,ac_power_norm
1239,2019-09-01 10:00:00,12800.0,660.90625,20.6248641611,0.4999999999999999,-0.8660254037844387,-0.8717063187093217,-0.4900286664290594,18550.0,18550.0,0.6900269541778976,0.6374761567090286,11825.18270695248,0.05255079746886904,974.8172930475193,regresion_conjunta_normalizada,ac_power_norm
1239,2019-09-01 11:00:00,14600.0,748.17175,21.8033364776,0.258819045102521,-0.9659258262890682,-0.8717063187093217,-0.4900286664290594,18550.0,18550.0,0.7870619946091644,0.7236543953441474,13423.789033633935,0.06340759926501693,1176.210966366065,regresion_conjunta_normalizada,ac_power_norm
1239,2019-09-01 12:00:00,15035.0,770.90475,19.210141825700003,1.2246467991473532e-16,-1.0,-0.8717063187093217,-0.4900286664290594,18550.0,18550.0,0.8105121293800539,0.7461264724622243,13840.646064174261,0.0643856569178296,1194.3539358257385,regresion_conjunta_normalizada,ac_power_norm
1239,2019-09-01 13:00:00,14619.5,754.30225,19.601252968100003,-0.2588190451025208,-0.9659258262890684,-0.8717063187093217,-0.4900286664290594,18550.0,18550.0,0.7881132075471698,0.7399866046613188,13726.751516467464,0.04812660288585102,892.7484835325358,regresion_conjunta_normalizada,ac_power_norm
1239,2019-09-01 14:00:00,13105.0,679.9957499999999,22.755280998200003,-0.4999999999999997,-0.8660254037844388,-0.8717063187093217,-0.4900286664290594,18550.0,18550.0,0.7064690026954178,0.6843157843102317,12694.057798954796,0.022153218385186135,410.94220104520355,regresion_conjunta_normalizada,ac_power_norm
1239,2019-09-01 15:00:00,10744.0,564.7484000000001,22.7705587772,-0.7071067811865471,-0.7071067811865479,-0.8717063187093217,-0.4900286664290594,18550.0,18550.0,0.5791913746630728,0.5769323546897047,10702.095179494023,0.0022590199733680816,41.90482050597711,regresion_conjunta_normalizada,ac_power_norm
1239,2019-09-01 16:00:00,7470.0,420.48925,23.44430883110001,-0.8660254037844385,-0.5000000000000004,-0.8717063187093217,-0.4900286664290594,18550.0,18550.0,0.4026954177897574,0.43126314882637823,7999.931410729316,-0.028567731036620803,-529.9314107293158,regresion_conjunta_normalizada,ac_power_norm
1239,2019-09-01 17:00:00,3310.0,254.99,22.763614332200007,-0.9659258262890684,-0.2588190451025206,-0.8717063187093217,-0.4900286664290594,18550.0,18550.0,0.1784366576819407,0.255369383090727,4737.102056332986,-0.07693272540878629,-1427.1020563329857,regresion_conjunta_normalizada,ac_power_norm
1239,2019-09-01 18:00:00,205.0,73.914,20.7808363958,-1.0,-1.8369701987210287e-16,-0.8717063187093217,-0.4900286664290594,18550.0,18550.0,0.011051212938005392,0.05908657401570448,1096.0559479913181,-0.04803536107769909,-891.0559479913181,regresion_conjunta_normalizada,ac_power_norm
1239,2019-09-02 06:00:00,10.0,5.36675,10.068057761000002,1.0,6.123233995736766e-17,-0.8800122039735356,-0.4749510720670502,18550.0,18550.0,0.0005390835579514825,0.006373611815209575,118.23049917213761,-0.005834528257258092,-108.23049917213761,regresion_conjunta_normalizada,ac_power_norm
1239,2019-09-02 07:00:00,10.0,20.8568,9.97922442056,0.9659258262890684,-0.2588190451025206,-0.8800122039735356,-0.4749510720670502,18550.0,18550.0,0.0005390835579514825,0.027937600442142246,518.2424882017386,-0.027398516884190764,-508.24248820173864,regresion_conjunta_normalizada,ac_power_norm
1239,2019-09-02 08:00:00,265.0,40.07675,10.162224435200004,0.8660254037844387,-0.4999999999999998,-0.8800122039735356,-0.4749510720670502,18550.0,18550.0,0.014285714285714285,0.053367401217951554,989.9652925930013,-0.03908168693223727,-724.9652925930013,regresion_conjunta_normalizada,ac_power_norm
1239,2019-09-02 09:00:00,500.0,47.071000000000005,10.402224454400002,0.7071067811865476,-0.7071067811865475,-0.8800122039735356,-0.4749510720670502,18550.0,18550.0,0.026954177897574125,0.06701589947351921,1243.1449352337813,-0.04006172157594509,-743.1449352337813,regresion_conjunta_normalizada,ac_power_norm
1239,2019-09-02 10:00:00,1520.0,89.55625,10.606668915200002,0.4999999999999999,-0.8660254037844387,-0.8800122039735356,-0.4749510720670502,18550.0,18550.0,0.08194070080862534,0.11400031712051842,2114.7058825856166,-0.03205961631189308,-594.7058825856166,regresion_conjunta_normalizada,ac_power_norm
1239,2019-09-02 11:00:00,3055.0,160.91775,11.3997245342,0.258819045102521,-0.9659258262890682,-0.8800122039735356,-0.4749510720670502,18550.0,18550.0,0.1646900269541779,0.1894928676659261,3515.092695202929,-0.02480284071174821,-460.092695202929,regresion_conjunta_normalizada,ac_power_norm
1239,2019-09-02 12:00:00,2535.0,133.90925,11.980696802900002,1.2246467991473532e-16,-1.0,-0.8800122039735356,-0.4749510720670502,18550.0,18550.0,0.1366576819407008,0.16801022768117052,3116.589723485713,-0.03135254574046972,-581.589723485713,regresion_conjunta_normalizada,ac_power_norm
1239,2019-09-02 13:00:00,1495.0,87.15675,12.592363518500004,-0.2588190451025208,-0.9659258262890684,-0.8800122039735356,-0.4749510720670502,18550.0,18550.0,0.08059299191374664,0.12287683158445589,2279.365225891657,-0.042283839670709256,-784.3652258916568,regresion_conjunta_normalizada,ac_power_norm
1239,2019-09-02 14:00:00,1885.0,102.886,12.900419098700002,-0.4999999999999997,-0.8660254037844388,-0.8800122039735356,-0.4749510720670502,18550.0,18550.0,0.10161725067385445,0.13612843904514982,2525.1825442875293,-0.03451118837129537,-640.1825442875293,regresion_conjunta_normalizada,ac_power_norm
1239,2019-09-02 15:00:00,1550.0,93.61425,12.9241691006,-0.7071067811865471,-0.7071067811865479,-0.8800122039735356,-0.4749510720670502,18550.0,18550.0,0.08355795148247978,0.12084620061808643,2241.6970214655034,-0.037288249135606646,-691.6970214655034,regresion_conjunta_normalizada,ac_power_norm
1239,2019-09-02 16:00:00,1135.0,70.85975,13.346113578800002,-0.8660254037844385,-0.5000000000000004,-0.8800122039735356,-0.4749510720670502,18550.0,18550.0,0.06118598382749326,0.08994121774203247,1668.4095891147022,-0.028755233914539206,-533.4095891147022,regresion_conjunta_normalizada,ac_power_norm
1239,2019-09-02 17:00:00,5.0,24.0635,13.957780294400004,-0.9659258262890684,-0.2588190451025206,-0.8800122039735356,-0.4749510720670502,18550.0,18550.0,0.00026954177897574127,0.031857653256274904,590.9594679038995,-0.03158811147729916,-585.9594679038995,regresion_conjunta_normalizada,ac_power_norm
1239,2019-09-02 18:00:00,15.0,11.17,13.441669142000004,-1.0,-1.8369701987210287e-16,-0.8800122039735356,-0.4749510720670502,18550.0,18550.0,0.0008086253369272237,0.008471759114879789,157.15113158102008,-0.007663133777952565,-142.15113158102008,regresion_conjunta_normalizada,ac_power_norm
1239,2019-09-03 06:00:00,10.0,9.92625,13.012919107700004,1.0,6.123233995736766e-17,-0.888057322629493,-0.4597327394521046,18550.0,18550.0,0.0005390835579514825,0.011165779964553046,207.125218342459,-0.010626696406601563,-197.125218342459,regresion_conjunta_normalizada,ac_power_norm
1239,2019-09-03 07:00:00,195.0,39.79325,12.560141293700005,0.9659258262890684,-0.2588190451025206,-0.888057322629493,-0.4597327394521046,18550.0,18550.0,0.010512129380053909,0.04852180031849171,900.0793959080212,-0.0380096709384378,-705.0793959080212,regresion_conjunta_normalizada,ac_power_norm
1239,2019-09-03 08:00:00,5145.0,286.493,14.495002559600003,0.8660254037844387,-0.4999999999999998,-0.888057322629493,-0.4597327394521046,18550.0,18550.0,0.27735849056603773,0.2856296208249237,5298.429466302335,-0.008271130258885984,-153.42946630233473,regresion_conjunta_normalizada,ac_power_norm
1239,2019-09-03 09:00:00,7985.0,403.9525,16.507224942800004,0.7071067811865476,-0.7071067811865475,-0.888057322629493,-0.4597327394521046,18550.0,18550.0,0.43045822102425874,0.4040359035046873,7494.86601001195,0.026422317519571414,490.1339899880504,regresion_conjunta_normalizada,ac_power_norm
1239,2019-09-03 10:00:00,12525.0,652.856,17.913613944200005,0.4999999999999999,-0.8660254037844387,-0.888057322629493,-0.4597327394521046,18550.0,18550.0,0.6752021563342318,0.6257049188829076,11606.826245277936,0.04949723745132417,918.1737547220637,regresion_conjunta_normalizada,ac_power_norm
1239,2019-09-03 11:00:00,14655.0,725.068,20.368891918400003,0.258819045102521,-0.9659258262890682,-0.888057322629493,-0.4597327394521046,18550.0,18550.0,0.7900269541778976,0.7033332339349785,13046.83148949385,0.0866937202429191,1608.1685105061497,regresion_conjunta_normalizada,ac_power_norm
1239,2019-09-03 12:00:00,15395.0,761.15275,18.516808436900007,1.2246467991473532e-16,-1.0,-0.888057322629493,-0.4597327394521046,18550.0,18550.0,0.8299191374663073,0.7370320511505837,13671.944548843327,0.09288708631572362,1723.0554511566734,regresion_conjunta_normalizada,ac_power_norm
1239,2019-09-03 13:00:00,13755.0,680.5844999999999,18.664586226500003,-0.2588190451025208,-0.9659258262890684,-0.888057322629493,-0.4597327394521046,18550.0,18550.0,0.7415094339622641,0.6791869312150933,12598.91757403998,0.06232250274717077,1156.0824259600195,regresion_conjunta_normalizada,ac_power_norm
1239,2019-09-03 14:00:00,12175.0,628.8142499999999,20.977780856000003,-0.4999999999999997,-0.8660254037844388,-0.888057322629493,-0.4597327394521046,18550.0,18550.0,0.6563342318059299,0.640082930981897,11873.538369714188,0.01625130082403292,301.46163028581213,regresion_conjunta_normalizada,ac_power_norm
1239,2019-09-03 15:00:00,10695.0,556.493,22.3433365208,-0.7071067811865471,-0.7071067811865479,-0.888057322629493,-0.4597327394521046,18550.0,18550.0,0.5765498652291106,0.5708846118484556,10589.909549788852,0.005665253380654933,105.09045021114798,regresion_conjunta_normalizada,ac_power_norm
1239,2019-09-03 16:00:00,6500.0,361.86875,21.382919777300003,-0.8660254037844385,-0.5000000000000004,-0.888057322629493,-0.4597327394521046,18550.0,18550.0,0.3504043126684636,0.3793963881917333,7037.803000956653,-0.02899207552326971,-537.8030009566528,regresion_conjunta_normalizada,ac_power_norm
1239,2019-09-03 17:00:00,2289.25,159.369,18.902225134400005,-0.9659258262890684,-0.2588190451025206,-0.888057322629493,-0.4597327394521046,18550.0,18550.0,0.12340970350404312,0.16806118873599996,3117.535051052799,-0.04465148523195683,-828.2850510527992,regresion_conjunta_normalizada,ac_power_norm
1239,2019-09-03 18:00:00,285.0,46.8835,16.936391643800004,-1.0,-1.8369701987210287e-16,-0.888057322629493,-0.4597327394521046,18550.0,18550.0,0.015363881401617251,0.04184009162964275,776.133699729873,-0.0264762102280255,-491.133699729873,regresion_conjunta_normalizada,ac_power_norm
1239,2019-09-04 06:00:00,5.0,18.08575,11.6122245512,1.0,6.123233995736766e-17,-0.8958392907349089,-0.4443781781046134,18550.0,18550.0,0.00026954177897574127,0.019407697422247135,360.01278718268435,-0.019138155643271395,-355.01278718268435,regresion_conjunta_normalizada,ac_power_norm
1239,2019-09-04 07:00:00,260.0,47.16725,11.9512523561,0.9659258262890684,-0.2588190451025206,-0.8958392907349089,-0.4443781781046134,18550.0,18550.0,0.014016172506738544,0.05541240226415847,1027.9000620001398,-0.041396229757419925,-767.9000620001398,regresion_conjunta_normalizada,ac_power_norm
1239,2019-09-04 08:00:00,2390.0,133.32025,12.700835749400005,0.8660254037844387,-0.4999999999999998,-0.8958392907349089,-0.4443781781046134,18550.0,18550.0,0.12884097035040432,0.14571092739074104,2702.9377030982464,-0.016869957040336725,-312.9377030982464,regresion_conjunta_normalizada,ac_power_norm
1239,2019-09-04 09:00:00,4045.0,218.33875,15.3176415143,0.7071067811865476,-0.7071067811865475,-0.8958392907349089,-0.4443781781046134,18550.0,18550.0,0.21805929919137465,0.23838296447650797,4422.003991039223,-0.020323665285133324,-377.00399103922337,regresion_conjunta_normalizada,ac_power_norm
1239,2019-09-04 10:00:00,3705.0,199.03125,17.005141649300004,0.4999999999999999,-0.8660254037844387,-0.8958392907349089,-0.4443781781046134,18550.0,18550.0,0.19973045822102425,0.23294049160582891,4321.046119288127,-0.03321003338480466,-616.0461192881266,regresion_conjunta_normalizada,ac_power_norm
1239,2019-09-04 11:00:00,1165.0,78.56099999999999,17.346808343300005,0.258819045102521,-0.9659258262890682,-0.8958392907349089,-0.4443781781046134,18550.0,18550.0,0.06280323450134771,0.12243490782196795,2271.1675400975055,-0.059631673320620235,-1106.1675400975055,regresion_conjunta_normalizada,ac_power_norm
1239,2019-09-04 12:00:00,2870.0,155.922,15.895558227200004,1.2246467991473532e-16,-1.0,-0.8958392907349089,-0.4443781781046134,18550.0,18550.0,0.15471698113207547,0.2001079142785669,3712.001809867416,-0.045390933146491425,-842.0018098674159,regresion_conjunta_normalizada,ac_power_norm
1239,2019-09-04 13:00:00,830.0,61.304,16.126252690100003,-0.2588190451025208,-0.9659258262890684,-0.8958392907349089,-0.4443781781046134,18550.0,18550.0,0.044743935309973046,0.10441246576322397,1936.8512399078045,-0.05966853045325092,-1106.8512399078045,regresion_conjunta_normalizada,ac_power_norm
1239,2019-09-04 14:00:00,5530.0,281.12625,17.075419432700006,-0.4999999999999997,-0.8660254037844388,-0.8958392907349089,-0.4443781781046134,18550.0,18550.0,0.2981132075471698,0.3206253606843127,5947.600440694,-0.022512153137142887,-417.6004406940001,regresion_conjunta_normalizada,ac_power_norm
1239,2019-09-04 15:00:00,3710.0,209.04475,19.32403072370001,-0.7071067811865471,-0.7071067811865479,-0.8958392907349089,-0.4443781781046134,18550.0,18550.0,0.2,0.24408412425151843,4527.760504865667,-0.04408412425151842,-817.7605048656669,regresion_conjunta_normalizada,ac_power_norm
1239,2019-09-04 16:00:00,1290.0,91.847,19.581391855400003,-0.8660254037844385,-0.5000000000000004,-0.8958392907349089,-0.4443781781046134,18550.0,18550.0,0.06954177897574124,0.1124721810313501,2086.358958131544,-0.04293040205560886,-796.3589581315441,regresion_conjunta_normalizada,ac_power_norm
1239,2019-09-04 17:00:00,1585.0,121.4955,19.445141844500004,-0.9659258262890684,-0.2588190451025206,-0.8958392907349089,-0.4443781781046134,18550.0,18550.0,0.08544474393530997,0.1294627416838347,2401.5338582351337,-0.04401799774852473,-816.5338582351337,regresion_conjunta_normalizada,ac_power_norm
1239,2019-09-04 18:00:00,230.0,30.085,19.0723640369,-1.0,-1.8369701987210287e-16,-0.8958392907349089,-0.4443781781046134,18550.0,18550.0,0.012398921832884097,0.020534155907059884,380.9085920759608,-0.008135234074175787,-150.90859207596083,regresion_conjunta_normalizada,ac_power_norm
1239,2019-09-05 06:00:00,185.0,47.211,8.224585391300003,1.0,6.123233995736766e-17,-0.9033558023246842,-0.4288919379124841,18550.0,18550.0,0.009973045822102426,0.04388534949530487,814.0732331379054,-0.03391230367320244,-629.0732331379054,regresion_conjunta_normalizada,ac_power_norm
1239,2019-09-05 07:00:00,2405.0,168.92425,9.8769466346,0.9659258262890684,-0.2588190451025206,-0.9033558023246842,-0.4288919379124841,18550.0,18550.0,0.12964959568733153,0.16361214246848357,3035.00524279037,-0.03396254678115204,-630.0052427903702,regresion_conjunta_normalizada,ac_power_norm
1239,2019-09-05 08:00:00,6405.0,350.39325,12.635974633100002,0.8660254037844387,-0.4999999999999998,-0.9033558023246842,-0.4288919379124841,18550.0,18550.0,0.3452830188679245,0.3372093961832374,6255.2342991990545,0.008073622684687087,149.76570080094552,regresion_conjunta_normalizada,ac_power_norm
1239,2019-09-05 09:00:00,8760.0,429.63075,14.559585898100003,0.7071067811865476,-0.7071067811865475,-0.9033558023246842,-0.4288919379124841,18550.0,18550.0,0.47223719676549863,0.4219145174868304,7826.514299380704,0.050322679278668236,933.485700619296,regresion_conjunta_normalizada,ac_power_norm
1239,2019-09-05 10:00:00,12000.0,597.28975,17.720975039900004,0.4999999999999999,-0.8660254037844387,-0.9033558023246842,-0.4288919379124841,18550.0,18550.0,0.6469002695417789,0.5819482046013111,10795.13919535432,0.06495206494046779,1204.8608046456793,regresion_conjunta_normalizada,ac_power_norm
1239,2019-09-05 11:00:00,14445.0,713.30925,20.2100030168,0.258819045102521,-0.9659258262890682,-0.9033558023246842,-0.4288919379124841,18550.0,18550.0,0.7787061994609165,0.694574239572846,12884.352144076294,0.08413195988807043,1560.6478559237057,regresion_conjunta_normalizada,ac_power_norm
1239,2019-09-05 12:00:00,15040.0,747.343,19.394447396000004,1.2246467991473532e-16,-1.0,-0.9033558023246842,-0.4288919379124841,18550.0,18550.0,0.8107816711590297,0.7297988088082779,13537.767903393555,0.0809828623507518,1502.2320966064453,regresion_conjunta_normalizada,ac_power_norm
1239,2019-09-05 13:00:00,14705.0,723.34475,19.684169641400004,-0.2588190451025208,-0.9659258262890684,-0.9033558023246842,-0.4288919379124841,18550.0,18550.0,0.7927223719676549,0.7172161411067999,13304.359417531137,0.07550623086085506,1400.6405824688627,regresion_conjunta_normalizada,ac_power_norm
1239,2019-09-05 14:00:00,13445.0,657.3934999999999,21.039725305400005,-0.4999999999999997,-0.8660254037844388,-0.9033558023246842,-0.4288919379124841,18550.0,18550.0,0.7247978436657682,0.6653194985989848,12341.676699011166,0.0594783450667834,1103.3233009888336,regresion_conjunta_normalizada,ac_power_norm
1239,2019-09-05 15:00:00,10280.0,515.5,21.242225321600007,-0.7071067811865471,-0.7071067811865479,-0.9033558023246842,-0.4288919379124841,18550.0,18550.0,0.554177897574124,0.5353069472530974,9929.943871544956,0.01887095032102659,350.056128455044,regresion_conjunta_normalizada,ac_power_norm
1239,2019-09-05 16:00:00,7400.0,405.08675,20.5461141548,-0.8660254037844385,-0.5000000000000004,-0.9033558023246842,-0.4288919379124841,18550.0,18550.0,0.39892183288409705,0.4218737759757736,7825.7585443506,-0.02295194309167653,-425.75854435059955,regresion_conjunta_normalizada,ac_power_norm
1239,2019-09-05 17:00:00,2175.0,163.38275,19.533614073800003,-0.9659258262890684,-0.2588190451025206,-0.9033558023246842,-0.4288919379124841,18550.0,18550.0,0.11725067385444744,0.1729045003169698,3207.37848087979,-0.05565382646252236,-1032.37848087979,regresion_conjunta_normalizada,ac_power_norm
1239,2019-09-05 18:00:00,10.0,28.7105,16.946113866800005,-1.0,-1.8369701987210287e-16,-0.9033558023246842,-0.4288919379124841,18550.0,18550.0,0.0005390835579514825,0.024440644699753496,453.37395918042733,-0.023901561141802013,-443.37395918042733,regresion_conjunta_normalizada,ac_power_norm
1239,2019-09-06 06:00:00,195.0,44.83275,6.530001922400004,1.0,6.123233995736766e-17,-0.9106046300942162,-0.4132786077829044,18550.0,18550.0,0.010512129380053909,0.038874234958170426,721.1170584740614,-0.02836210557811652,-526.1170584740614,regresion_conjunta_normalizada,ac_power_norm
1239,2019-09-06 07:00:00,2665.0,198.00575,8.903752112300005,0.9659258262890684,-0.2588190451025206,-0.9106046300942162,-0.4132786077829044,18550.0,18550.0,0.1436657681940701,0.18700029955659353,3468.85555677481,-0.04333453136252344,-803.8555567748099,regresion_conjunta_normalizada,ac_power_norm
1239,2019-09-06 08:00:00,5295.75,294.30325,12.057919031300004,0.8660254037844387,-0.4999999999999998,-0.9106046300942162,-0.4132786077829044,18550.0,18550.0,0.2854851752021563,0.288333023148683,5348.577579408069,-0.0028478479465266493,-52.82757940806914,regresion_conjunta_normalizada,ac_power_norm
1239,2019-09-06 09:00:00,10069.5,507.9295,16.429863825500004,0.7071067811865476,-0.7071067811865475,-0.9106046300942162,-0.4132786077829044,18550.0,18550.0,0.5428301886792453,0.4913667712108853,9114.853605961922,0.05146341746835997,954.6463940380781,regresion_conjunta_normalizada,ac_power_norm
1239,2019-09-06 10:00:00,11490.0,581.97425,17.595836141000003,0.4999999999999999,-0.8660254037844387,-0.9106046300942162,-0.4132786077829044,18550.0,18550.0,0.6194070080862534,0.56969471068352,10567.836883179296,0.04971229740273342,922.1631168207041,regresion_conjunta_normalizada,ac_power_norm
1239,2019-09-06 11:00:00,14175.0,716.73425,18.861391797800007,0.258819045102521,-0.9659258262890682,-0.9106046300942162,-0.4132786077829044,18550.0,18550.0,0.7641509433962265,0.6938190685793935,12870.343722147749,0.070331874816833,1304.6562778522512,regresion_conjunta_normalizada,ac_power_norm
1239,2019-09-06 12:00:00,12675.0,634.8137499999999,17.394586124900005,1.2246467991473532e-16,-1.0,-0.9106046300942162,-0.4132786077829044,18550.0,18550.0,0.683288409703504,0.6345158759849259,11770.269499520375,0.04877253371857815,904.7305004796253,regresion_conjunta_normalizada,ac_power_norm
1239,2019-09-06 13:00:00,14760.0,743.4377499999999,18.2215306355,-0.2588190451025208,-0.9659258262890684,-0.9106046300942162,-0.4132786077829044,18550.0,18550.0,0.7956873315363882,0.7290505594653687,13523.887878082589,0.06663677207101948,1236.112121917411,regresion_conjunta_normalizada,ac_power_norm
1239,2019-09-06 14:00:00,13050.0,674.8905,21.848336481200004,-0.4999999999999997,-0.8660254037844388,-0.9106046300942162,-0.4132786077829044,18550.0,18550.0,0.7035040431266847,0.6817969377785531,12647.33319579216,0.021707105348131583,402.66680420783996,regresion_conjunta_normalizada,ac_power_norm
1239,2019-09-06 15:00:00,10565.0,548.77,22.8636143402,-0.7071067811865471,-0.7071067811865479,-0.9106046300942162,-0.4132786077829044,18550.0,18550.0,0.5695417789757412,0.566341190751682,10505.6290884437,0.00320058822405922,59.37091155629969,regresion_conjunta_normalizada,ac_power_norm
1239,2019-09-06 16:00:00,7065.0,400.549,20.7752808398,-0.8660254037844385,-0.5000000000000004,-0.9106046300942162,-0.4132786077829044,18550.0,18550.0,0.3808625336927224,0.41834486480536176,7760.297242139461,-0.03748233111263938,-695.2972421394606,regresion_conjunta_normalizada,ac_power_norm
1239,2019-09-06 17:00:00,2835.0,228.5925,21.316669772000004,-0.9659258262890684,-0.2588190451025206,-0.9106046300942162,-0.4132786077829044,18550.0,18550.0,0.15283018867924528,0.23644076442136175,4385.9761800162605,-0.08361057574211647,-1550.9761800162605,regresion_conjunta_normalizada,ac_power_norm
1239,2019-09-06 18:00:00,60.0,46.229,17.321669452400005,-1.0,-1.8369701987210287e-16,-0.9106046300942162,-0.4132786077829044,18550.0,18550.0,0.003234501347708895,0.042822378627385554,794.3551235380021,-0.03958787727967666,-734.3551235380021,regresion_conjunta_normalizada,ac_power_norm
1239,2019-09-07 06:00:00,20.0,6.501250000000001,7.397640880700004,1.0,6.123233995736766e-17,-0.9175836260593934,-0.3975428142825566,18550.0,18550.0,0.001078167115902965,0.005577996936626008,103.47184317441244,-0.004499829820723043,-83.47184317441244,regresion_conjunta_normalizada,ac_power_norm
1239,2019-09-07 07:00:00,80.0,32.528,8.0894464916,0.9659258262890684,-0.2588190451025206,-0.9175836260593934,-0.3975428142825566,18550.0,18550.0,0.00431266846361186,0.03669051414151291,680.6090373250645,-0.03237784567790105,-600.6090373250645,regresion_conjunta_normalizada,ac_power_norm
1239,2019-09-07 08:00:00,800.0,64.86025000000001,9.38889104,0.8660254037844387,-0.4999999999999998,-0.9175836260593934,-0.3975428142825566,18550.0,18550.0,0.0431266846361186,0.07635227379559133,1416.334678908219,-0.033225589159472727,-616.3346789082191,regresion_conjunta_normalizada,ac_power_norm
1239,2019-09-07 09:00:00,1075.0,74.4028,10.506891129440003,0.7071067811865476,-0.7071067811865475,-0.9175836260593934,-0.3975428142825566,18550.0,18550.0,0.057951482479784364,0.09509935137460582,1764.0929679989379,-0.037147868894821454,-689.0929679989379,regresion_conjunta_normalizada,ac_power_norm
1239,2019-09-07 10:00:00,1540.0,94.94525,11.7218078933,0.4999999999999999,-0.8660254037844387,-0.9175836260593934,-0.3975428142825566,18550.0,18550.0,0.0830188679245283,0.12434878870527735,2306.670030482895,-0.041329920780749055,-766.6700304828951,regresion_conjunta_normalizada,ac_power_norm
1239,2019-09-07 11:00:00,950.0,68.6345,12.2562523805,0.258819045102521,-0.9659258262890682,-0.9175836260593934,-0.3975428142825566,18550.0,18550.0,0.05121293800539083,0.10476373875142178,1943.3673538388741,-0.05355080074603095,-993.3673538388741,regresion_conjunta_normalizada,ac_power_norm
1239,2019-09-07 12:00:00,1430.0,88.618,12.448891284800002,1.2246467991473532e-16,-1.0,-0.9175836260593934,-0.3975428142825566,18550.0,18550.0,0.07708894878706199,0.12717058397355627,2359.014332709469,-0.05008163518649428,-929.0143327094688,regresion_conjunta_normalizada,ac_power_norm
1239,2019-09-07 13:00:00,1370.0,86.9165,12.629030188100002,-0.2588190451025208,-0.9659258262890684,-0.9175836260593934,-0.3975428142825566,18550.0,18550.0,0.0738544474393531,0.12544383263894984,2326.9830954525196,-0.05158938519959674,-956.9830954525196,regresion_conjunta_normalizada,ac_power_norm
1239,2019-09-07 14:00:00,880.0,62.3295,11.973613469000004,-0.4999999999999997,-0.8660254037844388,-0.9175836260593934,-0.3975428142825566,18550.0,18550.0,0.04743935309973046,0.09555583643893567,1772.5607659422567,-0.048116483339205214,-892.5607659422567,regresion_conjunta_normalizada,ac_power_norm
1239,2019-09-07 15:00:00,625.0,49.1085,11.6248634411,-0.7071067811865471,-0.7071067811865479,-0.9175836260593934,-0.3975428142825566,18550.0,18550.0,0.03369272237196765,0.07566753147258073,1403.6327088163725,-0.04197480910061308,-778.6327088163725,regresion_conjunta_normalizada,ac_power_norm
1239,2019-09-07 16:00:00,205.0,34.775,10.582780024400003,-0.8660254037844385,-0.5000000000000004,-0.9175836260593934,-0.3975428142825566,18550.0,18550.0,0.011051212938005392,0.0518545788995913,961.9024385874187,-0.04080336596158591,-756.9024385874187,regresion_conjunta_normalizada,ac_power_norm
1239,2019-09-07 17:00:00,-15.0,26.35425,9.248474362100003,-0.9659258262890684,-0.2588190451025206,-0.9175836260593934,-0.3975428142825566,18550.0,18550.0,-0.0008086253369272237,0.033562967779430186,622.59305230843,-0.03437159311635741,-637.59305230843,regresion_conjunta_normalizada,ac_power_norm
1239,2019-09-07 18:00:00,-45.0,8.77025,8.725140986900001,-1.0,-1.8369701987210287e-16,-0.9175836260593934,-0.3975428142825566,18550.0,18550.0,-0.002425876010781671,0.007929789770579124,147.09760024424276,-0.010355665781360796,-192.09760024424276,regresion_conjunta_normalizada,ac_power_norm
1239,2019-09-08 06:00:00,60.0,16.646,6.324724128200002,1.0,6.123233995736766e-17,-0.9242907221930934,-0.3816892202666586,18550.0,18550.0,0.003234501347708895,0.012999197923358713,241.13512147830411,-0.009764696575649818,-181.13512147830411,regresion_conjunta_normalizada,ac_power_norm
1239,2019-09-08 07:00:00,1785.0,121.648,7.0531964087000025,0.9659258262890684,-0.2588190451025206,-0.9242907221930934,-0.3816892202666586,18550.0,18550.0,0.09622641509433963,0.11500891133563984,2133.415305276119,-0.01878249624130021,-348.41530527611894,regresion_conjunta_normalizada,ac_power_norm
1239,2019-09-08 08:00:00,4185.0,229.836,8.812224327200003,0.8660254037844387,-0.4999999999999998,-0.9242907221930934,-0.3816892202666586,18550.0,18550.0,0.22560646900269543,0.22337227030179038,4143.555614098212,0.002234198700905049,41.44438590178834,regresion_conjunta_normalizada,ac_power_norm
1239,2019-09-08 09:00:00,10040.0,492.8545,11.333613417800004,0.7071067811865476,-0.7071067811865475,-0.9242907221930934,-0.3816892202666586,18550.0,18550.0,0.5412398921832884,0.46289815981164417,8586.760864505999,0.07834173237164421,1453.239135494001,regresion_conjunta_normalizada,ac_power_norm
1239,2019-09-08 10:00:00,9810.0,525.18625,13.994308075100005,0.4999999999999999,-0.8660254037844387,-0.9242907221930934,-0.3816892202666586,18550.0,18550.0,0.5288409703504043,0.5127678454107314,9511.843532369066,0.016073124939672945,298.15646763093355,regresion_conjunta_normalizada,ac_power_norm
1239,2019-09-08 11:00:00,10095.0,494.92725,15.054585937700004,0.258819045102521,-0.9659258262890682,-0.9242907221930934,-0.3816892202666586,18550.0,18550.0,0.5442048517520216,0.5031734834022139,9333.868117111067,0.041031368349807695,761.1318828889325,regresion_conjunta_normalizada,ac_power_norm
1239,2019-09-08 12:00:00,5705.0,292.23075,14.923752593900003,1.2246467991473532e-16,-1.0,-0.9242907221930934,-0.3816892202666586,18550.0,18550.0,0.30754716981132074,0.33025437150943865,6126.218591500087,-0.022707201698117907,-421.2185915000873,regresion_conjunta_normalizada,ac_power_norm
1239,2019-09-08 13:00:00,6510.0,325.50075,15.793058219000004,-0.2588190451025208,-0.9659258262890684,-0.9242907221930934,-0.3816892202666586,18550.0,18550.0,0.35094339622641507,0.36501108065057486,6770.955546068164,-0.014067684424159788,-260.95554606816404,regresion_conjunta_normalizada,ac_power_norm
1239,2019-09-08 14:00:00,7305.0,371.66425,17.166947217800008,-0.4999999999999997,-0.8660254037844388,-0.9242907221930934,-0.3816892202666586,18550.0,18550.0,0.39380053908355794,0.4085124772585176,7577.9064531455015,-0.014711938174959638,-272.9064531455015,regresion_conjunta_normalizada,ac_power_norm
1239,2019-09-08 15:00:00,11650.0,566.005,17.481947243000004,-0.7071067811865471,-0.7071067811865479,-0.9242907221930934,-0.3816892202666586,18550.0,18550.0,0.628032345013477,0.5757387542472632,10679.953891286732,0.05229359076621387,970.046108713268,regresion_conjunta_normalizada,ac_power_norm
1239,2019-09-08 16:00:00,2130.0,123.917,15.726947102600004,-0.8660254037844385,-0.5000000000000004,-0.9242907221930934,-0.3816892202666586,18550.0,18550.0,0.11482479784366577,0.14968271918890602,2776.6144409542067,-0.03485792134524025,-646.6144409542067,regresion_conjunta_normalizada,ac_power_norm
1239,2019-09-08 17:00:00,2450.0,182.29775,15.475141526900003,-0.9659258262890684,-0.2588190451025206,-0.9242907221930934,-0.3816892202666586,18550.0,18550.0,0.1320754716981132,0.19643512625706144,3643.87159206849,-0.06435965455894824,-1193.87159206849,regresion_conjunta_normalizada,ac_power_norm
1239,2019-09-08 18:00:00,70.0,61.9585,13.870696954100003,-1.0,-1.8369701987210287e-16,-0.9242907221930934,-0.3816892202666586,18550.0,18550.0,0.0037735849056603774,0.06419123788112464,1190.7474626948622,-0.06041765297546427,-1120.7474626948622,regresion_conjunta_normalizada,ac_power_norm
1239,2019-09-09 06:00:00,80.0,38.81125,5.911390761800003,1.0,6.123233995736766e-17,-0.9307239310379792,-0.3657225234972692,18550.0,18550.0,0.00431266846361186,0.032299563141595954,599.1568962766049,-0.027986894677984094,-519.1568962766049,regresion_conjunta_normalizada,ac_power_norm
1239,2019-09-09 07:00:00,2300.0,179.81075,9.134446575200002,0.9659258262890684,-0.2588190451025206,-0.9307239310379792,-0.3657225234972692,18550.0,18550.0,0.12398921832884097,0.1721524962792039,3193.4288059792325,-0.04816327795036293,-893.4288059792325,regresion_conjunta_normalizada,ac_power_norm
1239,2019-09-09 08:00:00,6230.0,330.737,12.385557946400002,0.8660254037844387,-0.4999999999999998,-0.9307239310379792,-0.3657225234972692,18550.0,18550.0,0.33584905660377357,0.3209180741829476,5953.030276093678,0.014930982420825967,276.96972390632163,regresion_conjunta_normalizada,ac_power_norm
1239,2019-09-09 09:00:00,9895.0,487.575,15.1658359466,0.7071067811865476,-0.7071067811865475,-0.9307239310379792,-0.3657225234972692,18550.0,18550.0,0.5334231805929919,0.47243522624509093,8763.673446846436,0.06098795434790094,1131.3265531535635,regresion_conjunta_normalizada,ac_power_norm
1239,2019-09-09 10:00:00,11385.0,594.9114999999999,19.020280699400004,0.4999999999999999,-0.8660254037844387,-0.9307239310379792,-0.3657225234972692,18550.0,18550.0,0.6137466307277628,0.584972560862606,10851.24100400134,0.02877406986515685,533.7589959986599,regresion_conjunta_normalizada,ac_power_norm
1239,2019-09-09 11:00:00,9370.0,460.479,16.631113841600005,0.258819045102521,-0.9659258262890682,-0.9307239310379792,-0.3657225234972692,18550.0,18550.0,0.505121293800539,0.47953675476216784,8895.406800838213,0.025584539038371212,474.5931991617872,regresion_conjunta_normalizada,ac_power_norm
1239,2019-09-09 12:00:00,7025.0,354.844,16.404724934600004,1.2246467991473532e-16,-1.0,-0.9307239310379792,-0.3657225234972692,18550.0,18550.0,0.37870619946091644,0.3923638388630254,7278.349210909121,-0.013657639402108956,-253.3492109091212,regresion_conjunta_normalizada,ac_power_norm
1239,2019-09-09 13:00:00,3935.0,219.62575,16.5973638389,-0.2588190451025208,-0.9659258262890684,-0.9307239310379792,-0.3657225234972692,18550.0,18550.0,0.21212938005390836,0.2670071771481124,4952.983136097485,-0.05487779709420404,-1017.9831360974849,regresion_conjunta_normalizada,ac_power_norm
1239,2019-09-09 14:00:00,11930.0,580.49125,17.879863941500005,-0.4999999999999997,-0.8660254037844388,-0.9307239310379792,-0.3657225234972692,18550.0,18550.0,0.6431266846361186,0.5957697403083679,11051.528682720225,0.047356944327750616,878.4713172797747,regresion_conjunta_normalizada,ac_power_norm
1239,2019-09-09 15:00:00,5100.0,270.698,18.258197305100005,-0.7071067811865471,-0.7071067811865479,-0.9307239310379792,-0.3657225234972692,18550.0,18550.0,0.2749326145552561,0.3080837729442577,5714.953988115981,-0.03315115838900162,-614.9539881159808,regresion_conjunta_normalizada,ac_power_norm
1239,2019-09-09 16:00:00,3800.0,218.3385,18.831808462100003,-0.8660254037844385,-0.5000000000000004,-0.9307239310379792,-0.3657225234972692,18550.0,18550.0,0.20485175202156333,0.24576291289518337,4558.902034205652,-0.04091116087362004,-758.902034205652,regresion_conjunta_normalizada,ac_power_norm
1239,2019-09-09 17:00:00,2200.0,152.88925,17.234447223200004,-0.9659258262890684,-0.2588190451025206,-0.9307239310379792,-0.3657225234972692,18550.0,18550.0,0.11859838274932614,0.16763036384243019,3109.54324927708,-0.04903198109310404,-909.5432492770801,regresion_conjunta_normalizada,ac_power_norm
1239,2019-09-09 18:00:00,295.0,52.35925,15.670697098100003,-1.0,-1.8369701987210287e-16,-0.9307239310379792,-0.3657225234972692,18550.0,18550.0,0.015902964959568732,0.05374629595504943,996.9937899661669,-0.03784333099548069,-701.9937899661669,regresion_conjunta_normalizada,ac_power_norm
1239,2019-09-10 06:00:00,75.0,25.9615,3.492501679400001,1.0,6.123233995736766e-17,-0.9368813462954316,-0.3496474552512282,18550.0,18550.0,0.004043126684636119,0.013987838200911817,259.4743986269142,-0.009944711516275698,-184.4743986269142,regresion_conjunta_normalizada,ac_power_norm
1239,2019-09-10 07:00:00,2025.0,138.949,5.930974096700003,0.9659258262890684,-0.2588190451025206,-0.9368813462954316,-0.3496474552512282,18550.0,18550.0,0.1091644204851752,0.126768112456703,2351.5484860718407,-0.017603691971527793,-326.54848607184067,regresion_conjunta_normalizada,ac_power_norm
1239,2019-09-10 08:00:00,6175.0,332.59125,10.465974459500003,0.8660254037844387,-0.4999999999999998,-0.9368813462954316,-0.3496474552512282,18550.0,18550.0,0.3328840970350404,0.31684744792861247,5877.5201590757615,0.016036649106427936,297.4798409242385,regresion_conjunta_normalizada,ac_power_norm
1239,2019-09-10 09:00:00,9905.0,494.18525,15.544030421300004,0.7071067811865476,-0.7071067811865475,-0.9368813462954316,-0.3496474552512282,18550.0,18550.0,0.5339622641509434,0.4792035118725504,8889.22514523581,0.054758752278393,1015.7748547641895,regresion_conjunta_normalizada,ac_power_norm
1239,2019-09-10 10:00:00,11845.0,618.6477500000001,19.8612529889,0.4999999999999999,-0.8660254037844387,-0.9368813462954316,-0.3496474552512282,18550.0,18550.0,0.638544474393531,0.6063950932243258,11248.628979311245,0.03214938116920518,596.3710206887554,regresion_conjunta_normalizada,ac_power_norm
1239,2019-09-10 11:00:00,13415.0,700.1977499999999,21.5852809046,0.258819045102521,-0.9659258262890682,-0.9368813462954316,-0.3496474552512282,18550.0,18550.0,0.7231805929919137,0.6900368078634205,12800.18278586645,0.03314378512849325,614.8172141335508,regresion_conjunta_normalizada,ac_power_norm
1239,2019-09-10 12:00:00,13390.0,692.32175,18.951252916100003,1.2246467991473532e-16,-1.0,-0.9368813462954316,-0.3496474552512282,18550.0,18550.0,0.721832884097035,0.6873235609795874,12749.852056171345,0.0345093231174477,640.1479438286551,regresion_conjunta_normalizada,ac_power_norm
1239,2019-09-10 13:00:00,10480.0,540.93775,19.577225188400003,-0.2588190451025208,-0.9659258262890684,-0.9368813462954316,-0.3496474552512282,18550.0,18550.0,0.5649595687331537,0.5682313222435347,10540.691027617568,-0.0032717535103810036,-60.69102761756767,regresion_conjunta_normalizada,ac_power_norm
1239,2019-09-10 14:00:00,7730.0,406.22125,19.444864066700003,-0.4999999999999997,-0.8660254037844388,-0.9368813462954316,-0.3496474552512282,18550.0,18550.0,0.41671159029649596,0.4457124965951773,8267.966811840539,-0.02900090629868135,-537.9668118405389,regresion_conjunta_normalizada,ac_power_norm
1239,2019-09-10 15:00:00,4480.0,244.67075,17.7675028214,-0.7071067811865471,-0.7071067811865479,-0.9368813462954316,-0.3496474552512282,18550.0,18550.0,0.24150943396226415,0.2830594928588948,5250.753592532499,-0.04155005889663066,-770.7535925324992,regresion_conjunta_normalizada,ac_power_norm
1239,2019-09-10 16:00:00,3475.0,198.7255,18.4761139892,-0.8660254037844385,-0.5000000000000004,-0.9368813462954316,-0.3496474552512282,18550.0,18550.0,0.18733153638814015,0.22710760768696525,4212.846122593205,-0.0397760712988251,-737.8461225932051,regresion_conjunta_normalizada,ac_power_norm
1239,2019-09-10 17:00:00,775.0,66.67099999999999,16.894030529300004,-0.9659258262890684,-0.2588190451025206,-0.9368813462954316,-0.3496474552512282,18550.0,18550.0,0.04177897574123989,0.08072351701816502,1497.421240686961,-0.03894454127692513,-722.421240686961,regresion_conjunta_normalizada,ac_power_norm
1239,2019-09-10 18:00:00,10.0,20.04925,15.610141537700004,-1.0,-1.8369701987210287e-16,-0.9368813462954316,-0.3496474552512282,18550.0,18550.0,0.0005390835579514825,0.02116924046206658,392.68941057133503,-0.020630156904115095,-382.68941057133503,regresion_conjunta_normalizada,ac_power_norm
1239,2019-09-11 06:00:00,10.0,2.90175,13.409308028300002,1.0,6.123233995736766e-17,-0.9427611433904206,-0.333468778918187,18550.0,18550.0,0.0005390835579514825,0.007946826431877461,147.4136303113269,-0.007407742873925979,-137.4136303113269,regresion_conjunta_normalizada,ac_power_norm
1239,2019-09-11 07:00:00,335.0,49.305,13.797502503800004,0.9659258262890684,-0.2588190451025206,-0.9427611433904206,-0.333468778918187,18550.0,18550.0,0.018059299191374664,0.06168368894136571,1144.232429862334,-0.04362438974999104,-809.2324298623339,regresion_conjunta_normalizada,ac_power_norm
1239,2019-09-11 08:00:00,240.0,44.724,14.866252589300004,0.8660254037844387,-0.4999999999999998,-0.9427611433904206,-0.333468778918187,18550.0,18550.0,0.01293800539083558,0.06825228392335149,1266.07986677817,-0.05531427853251591,-1026.07986677817,regresion_conjunta_normalizada,ac_power_norm
1239,2019-09-11 09:00:00,1085.0,82.96775,15.690280433000002,0.7071067811865476,-0.7071067811865475,-0.9427611433904206,-0.333468778918187,18550.0,18550.0,0.05849056603773585,0.11558333266789689,2144.0708209894874,-0.05709276663016104,-1059.0708209894874,regresion_conjunta_normalizada,ac_power_norm
1239,2019-09-11 10:00:00,1835.0,112.7255,16.213474919300005,0.4999999999999999,-0.8660254037844387,-0.9427611433904206,-0.333468778918187,18550.0,18550.0,0.09892183288409703,0.15361295017630788,2849.5202257705114,-0.05469111729221085,-1014.5202257705114,regresion_conjunta_normalizada,ac_power_norm
1239,2019-09-11 11:00:00,2175.0,131.33475,17.860141717700003,0.258819045102521,-0.9659258262890682,-0.9427611433904206,-0.333468778918187,18550.0,18550.0,0.11725067385444744,0.18066764570858757,3351.384827894299,-0.06341697185414012,-1176.3848278942992,regresion_conjunta_normalizada,ac_power_norm
1239,2019-09-11 12:00:00,3095.0,170.059,17.576113917200004,1.2246467991473532e-16,-1.0,-0.9427611433904206,-0.333468778918187,18550.0,18550.0,0.16684636118598384,0.22173917228585222,4113.2616459025585,-0.05489281109986838,-1018.2616459025585,regresion_conjunta_normalizada,ac_power_norm
1239,2019-09-11 13:00:00,1195.0,78.779,17.332641675500003,-0.2588190451025208,-0.9659258262890684,-0.9427611433904206,-0.333468778918187,18550.0,18550.0,0.06442048517520216,0.12930436930395794,2398.59605058842,-0.06488388412875579,-1203.59605058842,regresion_conjunta_normalizada,ac_power_norm
1239,2019-09-11 14:00:00,2905.0,158.2345,17.285002782800007,-0.4999999999999997,-0.8660254037844388,-0.9427611433904206,-0.333468778918187,18550.0,18550.0,0.15660377358490565,0.20534083032615885,3809.072402550247,-0.0487370567412532,-904.0724025502468,regresion_conjunta_normalizada,ac_power_norm
1239,2019-09-11 15:00:00,930.0,78.0375,16.756252740500006,-0.7071067811865471,-0.7071067811865479,-0.9427611433904206,-0.333468778918187,18550.0,18550.0,0.05013477088948787,0.1156074646747195,2144.5184697160466,-0.06547269378523163,-1214.5184697160466,regresion_conjunta_normalizada,ac_power_norm
1239,2019-09-11 16:00:00,310.0,44.9635,15.697363766900004,-0.8660254037844385,-0.5000000000000004,-0.9427611433904206,-0.333468778918187,18550.0,18550.0,0.016711590296495958,0.07078959501093365,1313.1469874528193,-0.054078004714437695,-1003.1469874528193,regresion_conjunta_normalizada,ac_power_norm
1239,2019-09-11 17:00:00,-20.0,24.609,15.154447056800004,-0.9659258262890684,-0.2588190451025206,-0.9427611433904206,-0.333468778918187,18550.0,18550.0,-0.001078167115902965,0.038527966532568715,714.6937791791497,-0.03960613364847168,-734.6937791791497,regresion_conjunta_normalizada,ac_power_norm
1239,2019-09-11 18:00:00,0.0,6.34875,14.275558097600005,-1.0,-1.8369701987210287e-16,-0.9427611433904206,-0.333468778918187,18550.0,18550.0,0.0,0.008824706532965472,163.6983061865095,-0.008824706532965472,-163.6983061865095,regresion_conjunta_normalizada,ac_power_norm
1239,2019-09-12 06:00:00,5.0,14.726,7.828057581800003,1.0,6.123233995736766e-17,-0.9483615800121716,-0.3171912885891059,18550.0,18550.0,0.00026954177897574127,0.014807179928950288,274.67318768202784,-0.014537638149974547,-269.67318768202784,regresion_conjunta_normalizada,ac_power_norm
1239,2019-09-12 07:00:00,1920.0,140.58475,9.272085475100004,0.9659258262890684,-0.2588190451025206,-0.9483615800121716,-0.3171912885891059,18550.0,18550.0,0.10350404312668464,0.13852010672087256,2569.547979672186,-0.03501606359418792,-649.5479796721861,regresion_conjunta_normalizada,ac_power_norm
1239,2019-09-12 08:00:00,4500.0,283.24225,12.554446848800003,0.8660254037844387,-0.4999999999999998,-0.9483615800121716,-0.3171912885891059,18550.0,18550.0,0.24258760107816713,0.2817266395251036,5226.029163190671,-0.03913903844693645,-726.0291631906712,regresion_conjunta_normalizada,ac_power_norm
1239,2019-09-12 09:00:00,8575.0,468.529,14.800141472900004,0.7071067811865476,-0.7071067811865475,-0.9483615800121716,-0.3171912885891059,18550.0,18550.0,0.46226415094339623,0.45681131189079727,8473.849835574289,0.005452839052598968,101.15016442571141,regresion_conjunta_normalizada,ac_power_norm
1239,2019-09-12 10:00:00,10475.0,606.5837499999999,17.7195861509,0.4999999999999999,-0.8660254037844387,-0.9483615800121716,-0.3171912885891059,18550.0,18550.0,0.5646900269541779,0.5919930893848544,10981.471808089049,-0.027303062430676484,-506.47180808904886,regresion_conjunta_normalizada,ac_power_norm
1239,2019-09-12 11:00:00,8925.0,446.4945,18.360697313300005,0.258819045102521,-0.9659258262890682,-0.9483615800121716,-0.3171912885891059,18550.0,18550.0,0.4811320754716981,0.47375446048430736,8788.1452419839,0.007377614987390757,136.85475801609937,regresion_conjunta_normalizada,ac_power_norm
1239,2019-09-12 12:00:00,15075.0,784.71425,18.51125288090001,1.2246467991473532e-16,-1.0,-0.9483615800121716,-0.3171912885891059,18550.0,18550.0,0.8126684636118598,0.7581019877644746,14062.791873031003,0.054566475847385276,1012.208126968997,regresion_conjunta_normalizada,ac_power_norm
1239,2019-09-12 13:00:00,13100.0,680.41,19.658752972700007,-0.2588190451025208,-0.9659258262890684,-0.9483615800121716,-0.3171912885891059,18550.0,18550.0,0.706199460916442,0.6860710552129949,12726.618074201057,0.020128405703447094,373.3819257989435,regresion_conjunta_normalizada,ac_power_norm
1239,2019-09-12 14:00:00,12360.0,648.8854999999999,20.264864132300005,-0.4999999999999997,-0.8660254037844388,-0.9483615800121716,-0.3171912885891059,18550.0,18550.0,0.6663072776280323,0.660761999552745,12257.13509170342,0.005545278075287374,102.86490829658032,regresion_conjunta_normalizada,ac_power_norm
1239,2019-09-12 15:00:00,12695.0,651.307,18.567502885400003,-0.7071067811865471,-0.7071067811865479,-0.9483615800121716,-0.3171912885891059,18550.0,18550.0,0.684366576819407,0.65210472902885,12096.542723485167,0.032261847790557074,598.4572765148332,regresion_conjunta_normalizada,ac_power_norm
1239,2019-09-12 16:00:00,6975.0,391.64825,19.8316696532,-0.8660254037844385,-0.5000000000000004,-0.9483615800121716,-0.3171912885891059,18550.0,18550.0,0.37601078167115903,0.4144643392817496,7688.3134936764545,-0.03845355761059055,-713.3134936764545,regresion_conjunta_normalizada,ac_power_norm
1239,2019-09-12 17:00:00,2800.0,221.7855,18.628058445800004,-0.9659258262890684,-0.2588190451025206,-0.9483615800121716,-0.3171912885891059,18550.0,18550.0,0.1509433962264151,0.237717098086479,4409.652169504186,-0.08677370186006392,-1609.6521695041856,regresion_conjunta_normalizada,ac_power_norm
1239,2019-09-12 18:00:00,-15.0,48.17075,15.601669314800002,-1.0,-1.8369701987210287e-16,-0.9483615800121716,-0.3171912885891059,18550.0,18550.0,-0.0008086253369272237,0.05173340639576561,959.654688641452,-0.05254203173269283,-974.654688641452,regresion_conjunta_normalizada,ac_power_norm
1239,2019-09-13 06:00:00,55.0,27.074,3.699168362600004,1.0,6.123233995736766e-17,-0.9536809966304456,-0.300819807635668,18550.0,18550.0,0.0029649595687331535,0.015626821583484267,289.87754037363317,-0.012661862014751113,-234.87754037363317,regresion_conjunta_normalizada,ac_power_norm
1239,2019-09-13 07:00:00,2130.0,163.143,5.973057433400004,0.9659258262890684,-0.2588190451025206,-0.9536809966304456,-0.300819807635668,18550.0,18550.0,0.11482479784366577,0.1481322141796732,2747.852573032938,-0.03330741633600744,-617.8525730329379,regresion_conjunta_normalizada,ac_power_norm
1239,2019-09-13 08:00:00,6055.0,329.62425,10.29166889,0.8660254037844387,-0.4999999999999998,-0.9536809966304456,-0.300819807635668,18550.0,18550.0,0.3264150943396226,0.3142839394587265,5829.967076959377,0.012131154880896111,225.03292304062325,regresion_conjunta_normalizada,ac_power_norm
1239,2019-09-13 09:00:00,9975.0,490.6725,14.579308121900002,0.7071067811865476,-0.7071067811865475,-0.9536809966304456,-0.300819807635668,18550.0,18550.0,0.5377358490566038,0.47437242018777126,8799.608394483157,0.0633634288688325,1175.391605516843,regresion_conjunta_normalizada,ac_power_norm
1239,2019-09-13 10:00:00,12245.0,619.8262500000001,17.93055839,0.4999999999999999,-0.8660254037844387,-0.9536809966304456,-0.300819807635668,18550.0,18550.0,0.6601078167115902,0.6035056884949312,11195.030521580975,0.056602128216659,1049.969478419025,regresion_conjunta_normalizada,ac_power_norm
1239,2019-09-13 11:00:00,13945.0,704.4300000000001,19.478752958300003,0.258819045102521,-0.9659258262890682,-0.9536809966304456,-0.300819807635668,18550.0,18550.0,0.7517520215633423,0.6891669122180679,12784.04622164516,0.06258510934527439,1160.9537783548403,regresion_conjunta_normalizada,ac_power_norm
1239,2019-09-13 12:00:00,14660.0,739.598,17.3495861213,1.2246467991473532e-16,-1.0,-0.9536809966304456,-0.300819807635668,18550.0,18550.0,0.7902964959568733,0.7195901165302445,13348.396661636036,0.07070637942662883,1311.6033383639642,regresion_conjunta_normalizada,ac_power_norm
1239,2019-09-13 13:00:00,14095.0,711.673,18.06403062290001,-0.2588190451025208,-0.9659258262890684,-0.9536809966304456,-0.300819807635668,18550.0,18550.0,0.7598382749326146,0.7063651932178907,13103.074334191873,0.05347308171472387,991.9256658081267,regresion_conjunta_normalizada,ac_power_norm
1239,2019-09-13 14:00:00,12620.0,637.58425,20.032641891500003,-0.4999999999999997,-0.8660254037844388,-0.9536809966304456,-0.300819807635668,18550.0,18550.0,0.6803234501347709,0.6514377542240468,12084.170340856068,0.028885695910724096,535.8296591439321,regresion_conjunta_normalizada,ac_power_norm
1239,2019-09-13 15:00:00,9910.0,517.61625,20.72180861330001,-0.7071067811865471,-0.7071067811865479,-0.9536809966304456,-0.300819807635668,18550.0,18550.0,0.5342318059299191,0.5423357002536804,10060.327239705772,-0.00810389432376124,-150.32723970577172,regresion_conjunta_normalizada,ac_power_norm
1239,2019-09-13 16:00:00,6270.0,362.436,20.682503054600005,-0.8660254037844385,-0.5000000000000004,-0.9536809966304456,-0.300819807635668,18550.0,18550.0,0.3380053908355795,0.3881557645048639,7200.289431565225,-0.050150373669284376,-930.2894315652247,regresion_conjunta_normalizada,ac_power_norm
1239,2019-09-13 17:00:00,2130.0,197.00225,19.044169590200006,-0.9659258262890684,-0.2588190451025206,-0.9536809966304456,-0.300819807635668,18550.0,18550.0,0.11482479784366577,0.21382282050682255,3966.4133204015584,-0.09899802266315678,-1836.4133204015584,regresion_conjunta_normalizada,ac_power_norm
1239,2019-09-13 18:00:00,-125.0,33.641,15.219308173100004,-1.0,-1.8369701987210287e-16,-0.9536809966304456,-0.300819807635668,18550.0,18550.0,-0.006738544474393531,0.037847067644061996,702.06310479735,-0.04458561211845553,-827.06310479735,regresion_conjunta_normalizada,ac_power_norm
1239,2019-09-14 06:00:00,15.0,10.843,6.732640827500002,1.0,6.123233995736766e-17,-0.9587178169872964,-0.2843591872810036,18550.0,18550.0,0.0008086253369272237,0.00941399487165697,174.6296048692368,-0.008605369534729746,-159.6296048692368,regresion_conjunta_normalizada,ac_power_norm
1239,2019-09-14 07:00:00,240.0,50.13425,7.341390876200003,0.9659258262890684,-0.2588190451025206,-0.9587178169872964,-0.2843591872810036,18550.0,18550.0,0.01293800539083558,0.0523527673863714,971.1438350171895,-0.03941476199553582,-731.1438350171895,regresion_conjunta_normalizada,ac_power_norm
1239,2019-09-14 08:00:00,150.0,38.266000000000005,8.657640981500002,0.8660254037844387,-0.4999999999999998,-0.9587178169872964,-0.2843591872810036,18550.0,18550.0,0.008086253369272238,0.05146841680901397,954.7391318072091,-0.04338216343974173,-804.7391318072091,regresion_conjunta_normalizada,ac_power_norm
1239,2019-09-14 09:00:00,110.0,32.572,8.896807667300001,0.7071067811865476,-0.7071067811865475,-0.9587178169872964,-0.2843591872810036,18550.0,18550.0,0.005929919137466307,0.052766713336644316,978.8225323947521,-0.04683679419917801,-868.8225323947521,regresion_conjunta_normalizada,ac_power_norm
1239,2019-09-14 10:00:00,840.0,64.8208,9.086002126880002,0.4999999999999999,-0.8660254037844387,-0.9587178169872964,-0.2843591872810036,18550.0,18550.0,0.045283018867924525,0.08931627646860875,1656.8169284926923,-0.044033257600684224,-816.8169284926923,regresion_conjunta_normalizada,ac_power_norm
1239,2019-09-14 11:00:00,985.0,67.45649999999999,9.7205577332,0.258819045102521,-0.9659258262890682,-0.9587178169872964,-0.2843591872810036,18550.0,18550.0,0.05309973045822102,0.09824806448977838,1822.501596285389,-0.04514833403155736,-837.501596285389,regresion_conjunta_normalizada,ac_power_norm
1239,2019-09-14 12:00:00,840.0,60.75875,10.3633355624,1.2246467991473532e-16,-1.0,-0.9587178169872964,-0.2843591872810036,18550.0,18550.0,0.045283018867924525,0.09610708176309583,1782.7863667054278,-0.05082406289517131,-942.7863667054278,regresion_conjunta_normalizada,ac_power_norm
1239,2019-09-14 13:00:00,1390.0,84.27675,10.641946695800003,-0.2588190451025208,-0.9659258262890684,-0.9587178169872964,-0.2843591872810036,18550.0,18550.0,0.07493261455525606,0.1201771499105081,2229.286130839925,-0.04524453535525204,-839.2861308399251,regresion_conjunta_normalizada,ac_power_norm
1239,2019-09-14 14:00:00,1420.0,86.02175,10.945418942300003,-0.4999999999999997,-0.8660254037844388,-0.9587178169872964,-0.2843591872810036,18550.0,18550.0,0.07654986522911052,0.12031028751670092,2231.755833434802,-0.0437604222875904,-811.7558334348018,regresion_conjunta_normalizada,ac_power_norm
1239,2019-09-14 15:00:00,1225.0,83.42575,11.862363460100005,-0.7071067811865471,-0.7071067811865479,-0.9587178169872964,-0.2843591872810036,18550.0,18550.0,0.0660377358490566,0.11517225223181365,2136.4452789001434,-0.04913451638275705,-911.4452789001434,regresion_conjunta_normalizada,ac_power_norm
1239,2019-09-14 16:00:00,820.0,66.06025,12.981946883000004,-0.8660254037844385,-0.5000000000000004,-0.9587178169872964,-0.2843591872810036,18550.0,18550.0,0.044204851752021566,0.09206976747837375,1707.8941867238332,-0.04786491572635219,-887.8941867238332,regresion_conjunta_normalizada,ac_power_norm
1239,2019-09-14 17:00:00,810.0,66.27825,13.558474706900004,-0.9659258262890684,-0.2588190451025206,-0.9587178169872964,-0.2843591872810036,18550.0,18550.0,0.04366576819407008,0.08319321286870485,1543.2340987144748,-0.03952744467463477,-733.2340987144748,regresion_conjunta_normalizada,ac_power_norm
1239,2019-09-14 18:00:00,20.0,21.99075,13.4826413675,-1.0,-1.8369701987210287e-16,-0.9587178169872964,-0.2843591872810036,18550.0,18550.0,0.001078167115902965,0.02737080279874126,507.72839191665037,-0.026292635682838295,-487.72839191665037,regresion_conjunta_normalizada,ac_power_norm
1239,2019-09-15 06:00:00,15.0,12.71875,13.7987525039,1.0,6.123233995736766e-17,-0.9634705485641486,-0.2678143051621748,18550.0,18550.0,0.0008086253369272237,0.019138660946460107,355.022160556835,-0.018330035609532884,-340.022160556835,regresion_conjunta_normalizada,ac_power_norm
1239,2019-09-15 07:00:00,390.0,61.086000000000006,14.351669214800005,0.9659258262890684,-0.2588190451025206,-0.9634705485641486,-0.2678143051621748,18550.0,18550.0,0.021024258760107817,0.07511270643165979,1393.3407043072891,-0.05408844767155198,-1003.3407043072891,regresion_conjunta_normalizada,ac_power_norm
1239,2019-09-15 08:00:00,1505.0,148.41725,14.786113694,0.8660254037844387,-0.4999999999999998,-0.9634705485641486,-0.2678143051621748,18550.0,18550.0,0.08113207547169811,0.16765672177260293,3110.0321888817844,-0.08652464630090483,-1605.0321888817844,regresion_conjunta_normalizada,ac_power_norm
1239,2019-09-15 09:00:00,8845.0,454.392,16.356947153000004,0.7071067811865476,-0.7071067811865475,-0.9634705485641486,-0.2678143051621748,18550.0,18550.0,0.4768194070080862,0.450895522927647,8364.111950307852,0.02592388408043922,480.88804969214834,regresion_conjunta_normalizada,ac_power_norm
1239,2019-09-15 10:00:00,8380.0,475.37925000000007,17.460975019100005,0.4999999999999999,-0.8660254037844387,-0.9634705485641486,-0.2678143051621748,18550.0,18550.0,0.4517520215633423,0.4859518698183612,9014.4071851306,-0.03419984825501887,-634.4071851305998,regresion_conjunta_normalizada,ac_power_norm
1239,2019-09-15 11:00:00,4955.0,253.92075,17.497363910900006,0.258819045102521,-0.9659258262890682,-0.9634705485641486,-0.2678143051621748,18550.0,18550.0,0.2671159029649596,0.30036410987749845,5571.754238227596,-0.03324820691253888,-616.754238227596,regresion_conjunta_normalizada,ac_power_norm
1239,2019-09-15 12:00:00,3415.0,195.80225,17.532502802600003,1.2246467991473532e-16,-1.0,-0.9634705485641486,-0.2678143051621748,18550.0,18550.0,0.18409703504043126,0.24974800662037777,4632.825522808008,-0.06565097157994651,-1217.825522808008,regresion_conjunta_normalizada,ac_power_norm
1239,2019-09-15 13:00:00,3220.0,176.84349999999998,17.365002789200002,-0.2588190451025208,-0.9659258262890684,-0.9634705485641486,-0.2678143051621748,18550.0,18550.0,0.17358490566037735,0.2310405501299676,4285.8022049108995,-0.057455644469590256,-1065.8022049108995,regresion_conjunta_normalizada,ac_power_norm
1239,2019-09-15 14:00:00,4920.0,260.095,16.868752749500004,-0.4999999999999997,-0.8660254037844388,-0.9634705485641486,-0.2678143051621748,18550.0,18550.0,0.2652291105121294,0.3075043657710281,5704.205985052571,-0.04227525525889869,-784.2059850525711,regresion_conjunta_normalizada,ac_power_norm
1239,2019-09-15 15:00:00,4315.0,238.27875,16.826530523900004,-0.7071067811865471,-0.7071067811865479,-0.9634705485641486,-0.2678143051621748,18550.0,18550.0,0.2326145552560647,0.279353837133375,5182.013678824107,-0.04673928187731033,-867.013678824107,regresion_conjunta_normalizada,ac_power_norm
1239,2019-09-15 16:00:00,3215.0,186.879,16.6086138398,-0.8660254037844385,-0.5000000000000004,-0.9634705485641486,-0.2678143051621748,18550.0,18550.0,0.17331536388140162,0.2184796898965603,4052.7982475811937,-0.045164326015158685,-837.7982475811937,regresion_conjunta_normalizada,ac_power_norm
1239,2019-09-15 17:00:00,1460.0,103.73725,15.960419343500003,-0.9659258262890684,-0.2588190451025206,-0.9634705485641486,-0.2678143051621748,18550.0,18550.0,0.07870619946091645,0.1228788897394052,2279.4034046659663,-0.044172690278488747,-819.4034046659663,regresion_conjunta_normalizada,ac_power_norm
1239,2019-09-15 18:00:00,-20.0,21.3365,14.631530348300004,-1.0,-1.8369701987210287e-16,-0.9634705485641486,-0.2678143051621748,18550.0,18550.0,-0.001078167115902965,0.02701969283240479,501.2153020411088,-0.028097859948307755,-521.2153020411088,regresion_conjunta_normalizada,ac_power_norm
1239,2019-09-16 06:00:00,60.0,37.37866666666666,8.494585412900003,1.0,6.123233995736766e-17,-0.9679377830240642,-0.2511900638848195,18550.0,18550.0,0.003234501347708895,0.037634046961294444,698.1115711320119,-0.03439954561358555,-638.1115711320119,regresion_conjunta_normalizada,ac_power_norm
1239,2019-09-16 07:00:00,585.0,77.66625,9.826252186100003,0.9659258262890684,-0.2588190451025206,-0.9679377830240642,-0.2511900638848195,18550.0,18550.0,0.03153638814016173,0.08434794847076392,1564.6544441326707,-0.05281156033060219,-979.6544441326707,regresion_conjunta_normalizada,ac_power_norm
1239,2019-09-16 08:00:00,2465.0,139.2105,11.374585643300003,0.8660254037844387,-0.4999999999999998,-0.9679377830240642,-0.2511900638848195,18550.0,18550.0,0.13288409703504042,0.15278306945879302,2834.1259384606105,-0.019898972423752603,-369.12593846061054,regresion_conjunta_normalizada,ac_power_norm
1239,2019-09-16 09:00:00,5985.0,314.57075,13.5570858179,0.7071067811865476,-0.7071067811865475,-0.9679377830240642,-0.2511900638848195,18550.0,18550.0,0.32264150943396225,0.32513147226422795,6031.188810501429,-0.0024899628302657018,-46.188810501428634,regresion_conjunta_normalizada,ac_power_norm
1239,2019-09-16 10:00:00,5195.0,269.71625,15.411808188500004,0.4999999999999999,-0.8660254037844387,-0.9679377830240642,-0.2511900638848195,18550.0,18550.0,0.28005390835579513,0.3019188798375225,5600.5952209860425,-0.02186497148172739,-405.5952209860425,regresion_conjunta_normalizada,ac_power_norm
1239,2019-09-16 11:00:00,6020.0,312.82550000000003,16.241530477100003,0.258819045102521,-0.9659258262890682,-0.9679377830240642,-0.2511900638848195,18550.0,18550.0,0.32452830188679244,0.3520313898673883,6530.182282040053,-0.027503087980595864,-510.182282040053,regresion_conjunta_normalizada,ac_power_norm
1239,2019-09-16 12:00:00,8750.0,449.178,16.904030530100002,1.2246467991473532e-16,-1.0,-0.9679377830240642,-0.2511900638848195,18550.0,18550.0,0.4716981132075472,0.4817030943811072,8935.59240076954,-0.010004981173560024,-185.59240076953938,regresion_conjunta_normalizada,ac_power_norm
1239,2019-09-16 13:00:00,3620.0,200.8635,16.383613821800004,-0.2588190451025208,-0.9659258262890684,-0.9679377830240642,-0.2511900638848195,18550.0,18550.0,0.19514824797843666,0.25324819336792453,4697.753986975,-0.05809994538948787,-1077.7539869749999,regresion_conjunta_normalizada,ac_power_norm
1239,2019-09-16 14:00:00,3530.0,197.11125,16.6226416187,-0.4999999999999997,-0.8660254037844388,-0.9679377830240642,-0.2511900638848195,18550.0,18550.0,0.1902964959568733,0.24664021568917183,4575.176001034138,-0.056343719732298514,-1045.1760010341377,regresion_conjunta_normalizada,ac_power_norm
1239,2019-09-16 15:00:00,965.0,71.383,15.7619471054,-0.7071067811865471,-0.7071067811865479,-0.9679377830240642,-0.2511900638848195,18550.0,18550.0,0.05202156334231806,0.11177132237823809,2073.3580301163165,-0.05974975903592002,-1108.3580301163165,regresion_conjunta_normalizada,ac_power_norm
1239,2019-09-16 16:00:00,275.0,40.49125,15.262919287700006,-0.8660254037844385,-0.5000000000000004,-0.9679377830240642,-0.2511900638848195,18550.0,18550.0,0.014824797843665768,0.06981957300411085,1295.1530792262563,-0.05499477516044508,-1020.1530792262563,regresion_conjunta_normalizada,ac_power_norm
1239,2019-09-16 17:00:00,-90.0,24.609,14.6525025722,-0.9659258262890684,-0.2588190451025206,-0.9679377830240642,-0.2511900638848195,18550.0,18550.0,-0.004851752021563342,0.042301055554923465,784.6845805438303,-0.04715280757648681,-874.6845805438303,regresion_conjunta_normalizada,ac_power_norm
1239,2019-09-16 18:00:00,-55.0,7.221,13.907085845900005,-1.0,-1.8369701987210287e-16,-0.9679377830240642,-0.2511900638848195,18550.0,18550.0,-0.0029649595687331535,0.013458598220836358,249.65699699651444,-0.016423557789569512,-304.6569969965144,regresion_conjunta_normalizada,ac_power_norm
1239,2019-09-17 06:00:00,10.0,5.08325,9.360696593300002,1.0,6.123233995736766e-17,-0.9721181966290612,-0.2344913895704105,18550.0,18550.0,0.0005390835579514825,0.009754477814942944,180.94556346719162,-0.009215394256991461,-170.94556346719162,regresion_conjunta_normalizada,ac_power_norm
1239,2019-09-17 07:00:00,70.0,23.36525,9.744724401800005,0.9659258262890684,-0.2588190451025206,-0.9721181966290612,-0.2344913895704105,18550.0,18550.0,0.0037735849056603774,0.03454148410065839,640.7445300672131,-0.030767899194998012,-570.7445300672131,regresion_conjunta_normalizada,ac_power_norm
1239,2019-09-17 08:00:00,490.0,66.3655,10.1047244306,0.8660254037844387,-0.4999999999999998,-0.9721181966290612,-0.2344913895704105,18550.0,18550.0,0.026415094339622643,0.08287960756976638,1537.4167204191663,-0.05646451323014374,-1047.4167204191663,regresion_conjunta_normalizada,ac_power_norm
1239,2019-09-17 09:00:00,2550.0,155.9875,10.376113341200002,0.7071067811865476,-0.7071067811865475,-0.9721181966290612,-0.2344913895704105,18550.0,18550.0,0.13746630727762804,0.17404576315574577,3228.548906539084,-0.03657945587811773,-678.5489065390839,regresion_conjunta_normalizada,ac_power_norm
1239,2019-09-17 10:00:00,8595.0,423.5220000000001,12.361807944500004,0.4999999999999999,-0.8660254037844387,-0.9721181966290612,-0.2344913895704105,18550.0,18550.0,0.4633423180592992,0.4251776694476767,7887.045768254403,0.0381646486116225,707.9542317455971,regresion_conjunta_normalizada,ac_power_norm
1239,2019-09-17 11:00:00,5375.0,287.10375,13.786252502900002,0.258819045102521,-0.9659258262890682,-0.9721181966290612,-0.2344913895704105,18550.0,18550.0,0.28975741239892183,0.32134258148192024,5960.90488648962,-0.03158516908299841,-585.9048864896204,regresion_conjunta_normalizada,ac_power_norm
1239,2019-09-17 12:00:00,5080.0,268.8655,13.852363619300004,1.2246467991473532e-16,-1.0,-0.9721181966290612,-0.2344913895704105,18550.0,18550.0,0.2738544474393531,0.3099369956422787,5749.33126916427,-0.03608254820292561,-669.3312691642705,regresion_conjunta_normalizada,ac_power_norm
1239,2019-09-17 13:00:00,3685.0,201.7145,13.4191691402,-0.2588190451025208,-0.9659258262890684,-0.9721181966290612,-0.2344913895704105,18550.0,18550.0,0.19865229110512128,0.2462918687659323,4568.714165608044,-0.047639577660811006,-883.7141656080439,regresion_conjunta_normalizada,ac_power_norm
1239,2019-09-17 14:00:00,5315.0,278.50825,13.600696932500002,-0.4999999999999997,-0.8660254037844388,-0.9721181966290612,-0.2344913895704105,18550.0,18550.0,0.2865229110512129,0.3174883339856531,5889.408595433865,-0.030965422934440212,-574.4085954338652,regresion_conjunta_normalizada,ac_power_norm
1239,2019-09-17 15:00:00,2900.0,165.97925,13.002919106900004,-0.7071067811865471,-0.7071067811865479,-0.9721181966290612,-0.2344913895704105,18550.0,18550.0,0.15633423180592992,0.20213964628489797,3749.6904385848575,-0.04580541447896805,-849.6904385848575,regresion_conjunta_normalizada,ac_power_norm
1239,2019-09-17 16:00:00,1400.0,93.134,12.214169043800002,-0.8660254037844385,-0.5000000000000004,-0.9721181966290612,-0.2344913895704105,18550.0,18550.0,0.07547169811320754,0.1200276318825691,2226.512571421657,-0.04455593376936155,-826.512571421657,regresion_conjunta_normalizada,ac_power_norm
1239,2019-09-17 17:00:00,210.0,39.008,11.4266689808,-0.9659258262890684,-0.2588190451025206,-0.9721181966290612,-0.2344913895704105,18550.0,18550.0,0.011320754716981131,0.05505961504401935,1021.355859066559,-0.04373886032703822,-811.355859066559,regresion_conjunta_normalizada,ac_power_norm
1239,2019-09-17 18:00:00,-115.0,6.719250000000001,10.231252218500003,-1.0,-1.8369701987210287e-16,-0.9721181966290612,-0.2344913895704105,18550.0,18550.0,-0.0061994609164420485,0.012197770269163882,226.26863849299002,-0.01839723118560593,-341.26863849299,regresion_conjunta_normalizada,ac_power_norm
1239,2019-09-18 06:00:00,45.0,23.14725,0.2568069761000027,1.0,6.123233995736766e-17,-0.9760105506323682,-0.2177232303965322,18550.0,18550.0,0.002425876010781671,-0.001860147613002107,-34.505738221189084,0.004286023623783778,79.50573822118909,regresion_conjunta_normalizada,ac_power_norm
1239,2019-09-18 07:00:00,2090.0,164.84475,2.944029413300004,0.9659258262890684,-0.2588190451025206,-0.9760105506323682,-0.2177232303965322,18550.0,18550.0,0.11266846361185984,0.13631762956948842,2528.6920285140104,-0.023649165957628587,-438.6920285140104,regresion_conjunta_normalizada,ac_power_norm
1239,2019-09-18 08:00:00,5805.0,318.345,7.105279746200002,0.8660254037844387,-0.4999999999999998,-0.9760105506323682,-0.2177232303965322,18550.0,18550.0,0.3129380053908356,0.2921784196322267,5419.909684177805,0.020759585758608923,385.0903158221954,regresion_conjunta_normalizada,ac_power_norm
1239,2019-09-18 09:00:00,9800.0,473.69975,11.537641211900002,0.7071067811865476,-0.7071067811865475,-0.9760105506323682,-0.2177232303965322,18550.0,18550.0,0.5283018867924528,0.4502832891871915,8352.755014422402,0.07801859760526131,1447.2449855775976,regresion_conjunta_normalizada,ac_power_norm
1239,2019-09-18 10:00:00,12130.0,599.5585,15.655141541300004,0.4999999999999999,-0.8660254037844387,-0.9760105506323682,-0.2177232303965322,18550.0,18550.0,0.6539083557951483,0.5816034640612602,10788.744258336375,0.0723048917338881,1341.2557416636246,regresion_conjunta_normalizada,ac_power_norm
1239,2019-09-18 11:00:00,13830.0,680.99925,17.567641694300008,0.258819045102521,-0.9659258262890682,-0.9760105506323682,-0.2177232303965322,18550.0,18550.0,0.7455525606469002,0.6666441975124526,12366.249863855995,0.0789083631344476,1463.7501361440045,regresion_conjunta_normalizada,ac_power_norm
1239,2019-09-18 12:00:00,14765.75,706.89525,15.932224896800006,1.2246467991473532e-16,-1.0,-0.9760105506323682,-0.2177232303965322,18550.0,18550.0,0.7959973045822103,0.6902498351659301,12804.134442328002,0.10574746941628022,1961.6155576719975,regresion_conjunta_normalizada,ac_power_norm
1239,2019-09-18 13:00:00,14030.0,682.11175,16.158474914900005,-0.2588190451025208,-0.9659258262890684,-0.9760105506323682,-0.2177232303965322,18550.0,18550.0,0.75633423180593,0.677662629056422,12570.64176899663,0.07867160274950791,1459.3582310033707,regresion_conjunta_normalizada,ac_power_norm
1239,2019-09-18 14:00:00,12450.0,606.34325,18.535141771700005,-0.4999999999999997,-0.8660254037844388,-0.9760105506323682,-0.2177232303965322,18550.0,18550.0,0.6711590296495957,0.6244724782797522,11583.964472089403,0.046686551369843565,866.035527910597,regresion_conjunta_normalizada,ac_power_norm
1239,2019-09-18 15:00:00,9605.0,485.328,19.731947423,-0.7071067811865471,-0.7071067811865479,-0.9760105506323682,-0.2177232303965322,18550.0,18550.0,0.517789757412399,0.5160263223919836,9572.288280371296,0.001763435020415316,32.71171962870358,regresion_conjunta_normalizada,ac_power_norm
1239,2019-09-18 16:00:00,5720.0,332.242,19.842780765200008,-0.8660254037844385,-0.5000000000000004,-0.9760105506323682,-0.2177232303965322,18550.0,18550.0,0.30835579514824796,0.36365965866293043,6745.8866681973595,-0.05530386351468247,-1025.8866681973595,regresion_conjunta_normalizada,ac_power_norm
1239,2019-09-18 17:00:00,1725.0,166.59,18.795280681400005,-0.9659258262890684,-0.2588190451025206,-0.9760105506323682,-0.2177232303965322,18550.0,18550.0,0.09299191374663072,0.18802782588874972,3487.916170236307,-0.095035912142119,-1762.9161702363072,regresion_conjunta_normalizada,ac_power_norm
1239,2019-09-18 18:00:00,-100.0,30.565,15.0631970495,-1.0,-1.8369701987210287e-16,-0.9760105506323682,-0.2177232303965322,18550.0,18550.0,-0.005390835579514825,0.03857474950512214,715.5616033200156,-0.043965585084636966,-815.5616033200156,regresion_conjunta_normalizada,ac_power_norm
1239,2019-09-19 06:00:00,30.0,21.48925,-0.4294430787999985,1.0,6.123233995736766e-17,-0.97961369164549,-0.2008905551306352,18550.0,18550.0,0.0016172506738544475,-0.006755180264418691,-125.30859390496673,0.008372430938273138,155.30859390496673,regresion_conjunta_normalizada,ac_power_norm
1239,2019-09-19 07:00:00,1930.0,151.646,2.5855571624000024,0.9659258262890684,-0.2588190451025206,-0.97961369164549,-0.2008905551306352,18550.0,18550.0,0.10404312668463613,0.12320974013124622,2285.5406794346172,-0.019166613446610095,-355.54067943461723,regresion_conjunta_normalizada,ac_power_norm
1239,2019-09-19 08:00:00,5785.0,305.21125,6.337501907000002,0.8660254037844387,-0.4999999999999998,-0.97961369164549,-0.2008905551306352,18550.0,18550.0,0.31185983827493263,0.27762166376377245,5149.881862817979,0.03423817451116018,635.1181371820212,regresion_conjunta_normalizada,ac_power_norm
1239,2019-09-19 09:00:00,9460.0,463.53325,12.080419033100004,0.7071067811865476,-0.7071067811865475,-0.97961369164549,-0.2008905551306352,18550.0,18550.0,0.5099730458221025,0.4448250781589001,8251.505199847597,0.06514796766320236,1208.4948001524026,regresion_conjunta_normalizada,ac_power_norm
1239,2019-09-19 10:00:00,11655.0,589.19575,16.704308291900006,0.4999999999999999,-0.8660254037844387,-0.97961369164549,-0.2008905551306352,18550.0,18550.0,0.6283018867924528,0.5779508184606248,10720.98768244459,0.05035106833182801,934.0123175554108,regresion_conjunta_normalizada,ac_power_norm
1239,2019-09-19 11:00:00,13200.0,665.2915,20.285975245100005,0.258819045102521,-0.9659258262890682,-0.97961369164549,-0.2008905551306352,18550.0,18550.0,0.7115902964959568,0.6644064515554995,12324.739676354515,0.04718384494045735,875.2603236454852,regresion_conjunta_normalizada,ac_power_norm
1239,2019-09-19 12:00:00,13680.0,702.5097499999999,19.95403077410001,1.2246467991473532e-16,-1.0,-0.97961369164549,-0.2008905551306352,18550.0,18550.0,0.7374663072776281,0.7034811077209246,13049.574548223152,0.03398519955670343,630.4254517768477,regresion_conjunta_normalizada,ac_power_norm
1239,2019-09-19 13:00:00,13364.5,671.50875,19.862641877900003,-0.2588190451025208,-0.9659258262890684,-0.97961369164549,-0.2008905551306352,18550.0,18550.0,0.7204582210242587,0.6836812031344133,12682.286318143366,0.03677701788984544,682.2136818566341,regresion_conjunta_normalizada,ac_power_norm
1239,2019-09-19 14:00:00,11905.0,599.4712499999999,21.623197574300008,-0.4999999999999997,-0.8660254037844388,-0.97961369164549,-0.2008905551306352,18550.0,18550.0,0.6417789757412399,0.6270673909920437,11632.10010290241,0.014711584749196205,272.8998970975899,regresion_conjunta_normalizada,ac_power_norm
1239,2019-09-19 15:00:00,9075.0,474.2015,23.109725471000004,-0.7071067811865471,-0.7071067811865479,-0.97961369164549,-0.2008905551306352,18550.0,18550.0,0.48921832884097033,0.5106184874406512,9471.97294202408,-0.021400158599680863,-396.9729420240801,regresion_conjunta_normalizada,ac_power_norm
1239,2019-09-19 16:00:00,5465.0,318.08325,22.4895865325,-0.8660254037844385,-0.5000000000000004,-0.97961369164549,-0.2008905551306352,18550.0,18550.0,0.2946091644204852,0.35110903684403927,6513.072633456928,-0.05649987242355409,-1048.072633456928,regresion_conjunta_normalizada,ac_power_norm
1239,2019-09-19 17:00:00,1500.0,154.395,21.4756975625,-0.9659258262890684,-0.2588190451025206,-0.97961369164549,-0.2008905551306352,18550.0,18550.0,0.08086253369272237,0.17417220576683443,3230.894416974779,-0.09330967207411206,-1730.8944169747788,regresion_conjunta_normalizada,ac_power_norm
1239,2019-09-19 18:00:00,-50.0,23.25625,18.590002887200008,-1.0,-1.8369701987210287e-16,-0.97961369164549,-0.2008905551306352,18550.0,18550.0,-0.0026954177897574125,0.02814425813451689,522.0759883952883,-0.0308396759242743,-572.0759883952883,regresion_conjunta_normalizada,ac_power_norm
1239,2019-09-20 06:00:00,35.0,17.606,7.6072242308000035,1.0,6.123233995736766e-17,-0.9829265519799822,-0.1839983516576798,18550.0,18550.0,0.0018867924528301887,0.01881451559173597,349.0092642267022,-0.01692772313890578,-314.0092642267022,regresion_conjunta_normalizada,ac_power_norm
1239,2019-09-20 07:00:00,780.0,112.311,9.826113297200004,0.9659258262890684,-0.2588190451025206,-0.9829265519799822,-0.1839983516576798,18550.0,18550.0,0.042048517520215635,0.11691489505008631,2168.7713031791013,-0.07486637752987069,-1388.7713031791013,regresion_conjunta_normalizada,ac_power_norm
1239,2019-09-20 08:00:00,3355.0,196.80575,12.738474641300002,0.8660254037844387,-0.4999999999999998,-0.9829265519799822,-0.1839983516576798,18550.0,18550.0,0.18086253369272237,0.2096838560330708,3889.6355294134632,-0.028821322340348426,-534.6355294134632,regresion_conjunta_normalizada,ac_power_norm
1239,2019-09-20 09:00:00,3265.0,184.10875,15.106808164100002,0.7071067811865476,-0.7071067811865475,-0.9829265519799822,-0.1839983516576798,18550.0,18550.0,0.17601078167115902,0.21509527001728876,3990.0172588207065,-0.03908448834612974,-725.0172588207065,regresion_conjunta_normalizada,ac_power_norm
1239,2019-09-20 10:00:00,6085.0,318.01775,17.746252819700004,0.4999999999999999,-0.8660254037844387,-0.9829265519799822,-0.1839983516576798,18550.0,18550.0,0.3280323450134771,0.35367755232847936,6560.718595693292,-0.02564520731500225,-475.7185956932917,regresion_conjunta_normalizada,ac_power_norm
1239,2019-09-20 11:00:00,6675.0,341.29549999999995,20.7598641719,0.258819045102521,-0.9659258262890682,-0.9829265519799822,-0.1839983516576798,18550.0,18550.0,0.35983827493261455,0.3909376046344755,7251.892565969521,-0.031099329701860967,-576.8925659695205,regresion_conjunta_normalizada,ac_power_norm
1239,2019-09-20 12:00:00,11430.0,557.322,21.531947567000003,1.2246467991473532e-16,-1.0,-0.9829265519799822,-0.1839983516576798,18550.0,18550.0,0.6161725067385445,0.5900801952481034,10945.987621852319,0.02609231149044111,484.0123781476814,regresion_conjunta_normalizada,ac_power_norm
1239,2019-09-20 13:00:00,12900.0,632.87225,23.437503275000005,-0.2588190451025208,-0.9659258262890684,-0.9829265519799822,-0.1839983516576798,18550.0,18550.0,0.6954177897574124,0.6615532946365996,12271.813615508923,0.0338644951208128,628.1863844910768,regresion_conjunta_normalizada,ac_power_norm
1239,2019-09-20 14:00:00,11170.0,558.82725,25.265558976800005,-0.4999999999999997,-0.8660254037844388,-0.9829265519799822,-0.1839983516576798,18550.0,18550.0,0.6021563342318059,0.5975983902610198,11085.450139341918,0.004557943970786127,84.54986065808225,regresion_conjunta_normalizada,ac_power_norm
1239,2019-09-20 15:00:00,8875.0,468.79075,25.027781180000005,-0.7071067811865471,-0.7071067811865479,-0.9829265519799822,-0.1839983516576798,18550.0,18550.0,0.4784366576819407,0.5071193871719426,9407.064632039535,-0.02868272949000189,-532.0646320395354,regresion_conjunta_normalizada,ac_power_norm
1239,2019-09-20 16:00:00,3940.0,229.9885,25.150281189800005,-0.8660254037844385,-0.5000000000000004,-0.9829265519799822,-0.1839983516576798,18550.0,18550.0,0.21239892183288409,0.26288016622174876,4876.4270834134395,-0.05048124438886467,-936.4270834134395,regresion_conjunta_normalizada,ac_power_norm
1239,2019-09-20 17:00:00,690.0,57.46425000000001,23.4372254972,-0.9659258262890684,-0.2588190451025206,-0.9829265519799822,-0.1839983516576798,18550.0,18550.0,0.03719676549865229,0.07117919500968851,1320.374067429722,-0.03398242951103622,-630.3740674297219,regresion_conjunta_normalizada,ac_power_norm
1239,2019-09-20 18:00:00,-50.0,20.52925,22.5275032022,-1.0,-1.8369701987210287e-16,-0.9829265519799822,-0.1839983516576798,18550.0,18550.0,-0.0026954177897574125,0.017324330066117735,321.366322726484,-0.020019747855875146,-371.366322726484,regresion_conjunta_normalizada,ac_power_norm
1239,2019-09-21 06:00:00,15.0,17.82375,10.992085612700002,1.0,6.123233995736766e-17,-0.9859481499638304,-0.1670516255021195,18550.0,18550.0,0.0008086253369272237,0.02517673702057545,467.0284717316746,-0.024368111683648226,-452.0284717316746,regresion_conjunta_normalizada,ac_power_norm
1239,2019-09-21 07:00:00,1015.0,146.08275,13.277085795500003,0.9659258262890684,-0.2588190451025206,-0.9859481499638304,-0.1670516255021195,18550.0,18550.0,0.05471698113207547,0.15478667718654077,2871.292861810331,-0.10006969605446529,-1856.292861810331,regresion_conjunta_normalizada,ac_power_norm
1239,2019-09-21 08:00:00,4855.0,304.70975000000004,17.079724988600006,0.8660254037844387,-0.4999999999999998,-0.9859481499638304,-0.1670516255021195,18550.0,18550.0,0.26172506738544477,0.31383014460279546,5821.549182381856,-0.05210507721735069,-966.5491823818556,regresion_conjunta_normalizada,ac_power_norm
1239,2019-09-21 09:00:00,9360.0,459.36625,19.194725157800008,0.7071067811865476,-0.7071067811865475,-0.9859481499638304,-0.1670516255021195,18550.0,18550.0,0.5045822102425876,0.46498708161578334,8625.51036397278,0.03959512862680431,734.4896360272196,regresion_conjunta_normalizada,ac_power_norm
1239,2019-09-21 10:00:00,11615.0,580.1594,21.71855869304,0.4999999999999999,-0.8660254037844387,-0.9859481499638304,-0.1670516255021195,18550.0,18550.0,0.6261455525606469,0.5863148586738249,10876.140628399453,0.03983069388682192,738.8593716005471,regresion_conjunta_normalizada,ac_power_norm
1239,2019-09-21 11:00:00,13330.0,658.63725,23.063336578400005,0.258819045102521,-0.9659258262890682,-0.9859481499638304,-0.1670516255021195,18550.0,18550.0,0.7185983827493262,0.6677238158358625,12386.27678375525,0.050874566913463704,943.7232162447508,regresion_conjunta_normalizada,ac_power_norm
1239,2019-09-21 12:00:00,14220.0,694.4815,21.163475315300005,1.2246467991473532e-16,-1.0,-0.9859481499638304,-0.1670516255021195,18550.0,18550.0,0.7665768194070081,0.7023048720270562,13027.755376101892,0.0642719473799519,1192.2446238981083,regresion_conjunta_normalizada,ac_power_norm
1239,2019-09-21 13:00:00,13110.0,651.329,21.783614253800007,-0.2588190451025208,-0.9659258262890684,-0.9859481499638304,-0.1670516255021195,18550.0,18550.0,0.7067385444743935,0.6740889286536715,12504.349626525607,0.03264961582072201,605.6503734743928,regresion_conjunta_normalizada,ac_power_norm
1239,2019-09-21 14:00:00,11675.0,583.71975,23.2461143708,-0.4999999999999997,-0.8660254037844388,-0.9859481499638304,-0.1670516255021195,18550.0,18550.0,0.6293800539083558,0.6180806306276436,11465.39569814279,0.011299423280712206,209.60430185721088,regresion_conjunta_normalizada,ac_power_norm
1239,2019-09-21 15:00:00,9050.0,462.9225,25.095281185400005,-0.7071067811865471,-0.7071067811865479,-0.9859481499638304,-0.1670516255021195,18550.0,18550.0,0.48787061994609165,0.502795416188683,9326.854970300068,-0.014924796242591298,-276.8549703000681,regresion_conjunta_normalizada,ac_power_norm
1239,2019-09-21 16:00:00,5115.0,308.26575,24.9968089553,-0.8660254037844385,-0.5000000000000004,-0.9859481499638304,-0.1670516255021195,18550.0,18550.0,0.2757412398921833,0.3416597745723502,6337.788818317096,-0.0659185346801669,-1222.7888183170962,regresion_conjunta_normalizada,ac_power_norm
1239,2019-09-21 17:00:00,1420.0,152.0605,23.938058870600003,-0.9659258262890684,-0.2588190451025206,-0.9859481499638304,-0.1670516255021195,18550.0,18550.0,0.07654986522911052,0.1696324799011676,3146.6825021666587,-0.09308261467205707,-1726.6825021666587,regresion_conjunta_normalizada,ac_power_norm
1239,2019-09-21 18:00:00,-30.0,18.7185,19.842919654100005,-1.0,-1.8369701987210287e-16,-0.9859481499638304,-0.1670516255021195,18550.0,18550.0,-0.0016172506738544475,0.023101646562296095,428.53554373059256,-0.024718897236150544,-458.53554373059256,regresion_conjunta_normalizada,ac_power_norm
1239,2019-09-22 06:00:00,20.0,16.864,8.262502061000003,1.0,6.123233995736766e-17,-0.9886775902323404,-0.1500553983446526,18550.0,18550.0,0.001078167115902965,0.020131083937738756,373.4316070450539,-0.01905291682183579,-353.4316070450539,regresion_conjunta_normalizada,ac_power_norm
1239,2019-09-22 07:00:00,1115.0,142.11200000000002,11.073474508100002,0.9659258262890684,-0.2588190451025206,-0.9886775902323404,-0.1500553983446526,18550.0,18550.0,0.060107816711590295,0.14729837963062514,2732.3849421480963,-0.08719056291903485,-1617.3849421480963,regresion_conjunta_normalizada,ac_power_norm
1239,2019-09-22 08:00:00,3505.0,222.17825,13.187224677200003,0.8660254037844387,-0.4999999999999998,-0.9886775902323404,-0.1500553983446526,18550.0,18550.0,0.1889487870619946,0.23420474932573715,4344.498099992424,-0.04525596226374254,-839.4980999924237,regresion_conjunta_normalizada,ac_power_norm
1239,2019-09-22 09:00:00,8400.0,422.82375,18.6533362256,0.7071067811865476,-0.7071067811865475,-0.9886775902323404,-0.1500553983446526,18550.0,18550.0,0.4528301886792453,0.433985442655742,8050.429961264014,0.018844746023503278,349.5700387359857,regresion_conjunta_normalizada,ac_power_norm
1239,2019-09-22 10:00:00,10485.0,535.2875,22.545697648100003,0.4999999999999999,-0.8660254037844387,-0.9886775902323404,-0.1500553983446526,18550.0,18550.0,0.5652291105121294,0.5518194222035493,10236.250281875838,0.013409688308580137,248.74971812416152,regresion_conjunta_normalizada,ac_power_norm
1239,2019-09-22 11:00:00,12295.0,614.43725,25.413058988600003,0.258819045102521,-0.9659258262890682,-0.9886775902323404,-0.1500553983446526,18550.0,18550.0,0.6628032345013477,0.6366058195888926,11809.037953373958,0.026197414912455086,485.96204662604214,regresion_conjunta_normalizada,ac_power_norm
1239,2019-09-22 12:00:00,10595.0,529.3315,25.134725633,1.2246467991473532e-16,-1.0,-0.9886775902323404,-0.1500553983446526,18550.0,18550.0,0.5711590296495956,0.5738970876552321,10645.790976004555,-0.0027380580056364234,-50.79097600455498,regresion_conjunta_normalizada,ac_power_norm
1239,2019-09-22 13:00:00,10100.0,511.9,26.151531269900005,-0.2588190451025208,-0.9659258262890684,-0.9886775902323404,-0.1500553983446526,18550.0,18550.0,0.5444743935309974,0.5622338870258141,10429.438604328852,-0.017759493494816758,-329.4386043288523,regresion_conjunta_normalizada,ac_power_norm
1239,2019-09-22 14:00:00,7840.0,407.02875,27.238336912400005,-0.4999999999999997,-0.8660254037844388,-0.9886775902323404,-0.1500553983446526,18550.0,18550.0,0.4226415094339623,0.46176425855734665,8565.72699623878,-0.03912274912338437,-725.72699623878,regresion_conjunta_normalizada,ac_power_norm
1239,2019-09-22 15:00:00,6765.0,363.854,27.543753603500004,-0.7071067811865471,-0.7071067811865479,-0.9886775902323404,-0.1500553983446526,18550.0,18550.0,0.3646900269541779,0.4092296950159499,7591.210842545871,-0.04453966806177201,-826.210842545871,regresion_conjunta_normalizada,ac_power_norm
1239,2019-09-22 16:00:00,1580.0,116.6085,25.912503473000005,-0.8660254037844385,-0.5000000000000004,-0.9886775902323404,-0.1500553983446526,18550.0,18550.0,0.08517520215633423,0.14757025498867174,2737.428230039861,-0.06239505283233751,-1157.4282300398609,regresion_conjunta_normalizada,ac_power_norm
1239,2019-09-22 17:00:00,730.0,67.0635,25.189586748500005,-0.9659258262890684,-0.2588190451025206,-0.9886775902323404,-0.1500553983446526,18550.0,18550.0,0.039353099730458224,0.0792091634933876,1469.3299828023398,-0.03985606376292937,-739.3299828023398,regresion_conjunta_normalizada,ac_power_norm
1239,2019-09-22 18:00:00,-65.0,9.861,24.1629199997,-1.0,-1.8369701987210287e-16,-0.9886775902323404,-0.1500553983446526,18550.0,18550.0,-0.003504043126684636,0.0031592755760707983,58.604561936113306,-0.006663318702755434,-123.6045619361133,regresion_conjunta_normalizada,ac_power_norm
1239,2019-09-23 06:00:00,0.0,5.018,23.5231977263,1.0,6.123233995736766e-17,-0.9911140639934546,-0.1330147065341963,18550.0,18550.0,0.0,0.002984840697035536,55.368794930009194,-0.002984840697035536,-55.368794930009194,regresion_conjunta_normalizada,ac_power_norm
1239,2019-09-23 07:00:00,30.0,32.114000000000004,23.345836601,0.9659258262890684,-0.2588190451025206,-0.9911140639934546,-0.1330147065341963,18550.0,18550.0,0.0016172506738544475,0.04686451200754978,869.3366977400484,-0.04524726133369533,-839.3366977400484,regresion_conjunta_normalizada,ac_power_norm
1239,2019-09-23 08:00:00,650.0,82.40074999999999,23.381114381600003,0.8660254037844387,-0.4999999999999998,-0.9911140639934546,-0.1330147065341963,18550.0,18550.0,0.03504043126684636,0.11221334658204549,2081.5575790969438,-0.07717291531519913,-1431.5575790969438,regresion_conjunta_normalizada,ac_power_norm
1239,2019-09-23 09:00:00,235.0,46.01075,22.9650032372,0.7071067811865476,-0.7071067811865475,-0.9911140639934546,-0.1330147065341963,18550.0,18550.0,0.012668463611859838,0.09123907622009012,1692.4848638826716,-0.07857061260823028,-1457.4848638826716,regresion_conjunta_normalizada,ac_power_norm
1239,2019-09-23 10:00:00,130.0,41.64775,22.021392050600006,0.4999999999999999,-0.8660254037844387,-0.9911140639934546,-0.1330147065341963,18550.0,18550.0,0.007008086253369272,0.09806302359123228,1819.069087617359,-0.09105493733786302,-1689.069087617359,regresion_conjunta_normalizada,ac_power_norm
1239,2019-09-23 11:00:00,800.0,86.04400000000001,19.87389187880001,0.258819045102521,-0.9659258262890682,-0.9911140639934546,-0.1330147065341963,18550.0,18550.0,0.0431266846361186,0.1485886040685151,2756.318605470955,-0.1054619194323965,-1956.318605470955,regresion_conjunta_normalizada,ac_power_norm
1239,2019-09-23 12:00:00,465.0,61.52224999999999,19.5912529673,1.2246467991473532e-16,-1.0,-0.9911140639934546,-0.1330147065341963,18550.0,18550.0,0.025067385444743934,0.1264402696475634,2345.4670019623013,-0.10137288420281948,-1880.4670019623013,regresion_conjunta_normalizada,ac_power_norm
1239,2019-09-23 13:00:00,80.0,36.1935,18.252363971300003,-0.2588190451025208,-0.9659258262890684,-0.9911140639934546,-0.1330147065341963,18550.0,18550.0,0.00431266846361186,0.09736324973024563,1806.0882824960563,-0.09305058126663376,-1726.0882824960563,regresion_conjunta_normalizada,ac_power_norm
1239,2019-09-23 14:00:00,210.0,41.473,17.600002808000006,-0.4999999999999997,-0.8660254037844388,-0.9911140639934546,-0.1330147065341963,18550.0,18550.0,0.011320754716981131,0.09699611387014656,1799.2779122912186,-0.08567535915316543,-1589.2779122912186,regresion_conjunta_normalizada,ac_power_norm
1239,2019-09-23 15:00:00,500.0,65.013,17.397641680700005,-0.7071067811865471,-0.7071067811865479,-0.9911140639934546,-0.1330147065341963,18550.0,18550.0,0.026954177897574125,0.11314475092267587,2098.8351296156375,-0.08619057302510175,-1598.8351296156375,regresion_conjunta_normalizada,ac_power_norm
1239,2019-09-23 16:00:00,195.0,41.88775,17.934725057,-0.8660254037844385,-0.5000000000000004,-0.9911140639934546,-0.1330147065341963,18550.0,18550.0,0.010512129380053909,0.07869228217295786,1459.7418343083682,-0.06818015279290394,-1264.7418343083682,regresion_conjunta_normalizada,ac_power_norm
1239,2019-09-23 17:00:00,-50.0,18.15125,18.719447342,-0.9659258262890684,-0.2588190451025206,-0.9911140639934546,-0.1330147065341963,18550.0,18550.0,-0.0026954177897574125,0.040574646290780635,752.6596886939808,-0.043270064080538045,-802.6596886939808,regresion_conjunta_normalizada,ac_power_norm
1239,2019-09-23 18:00:00,0.0,4.952500000000001,18.6123640001,-1.0,-1.8369701987210287e-16,-0.9911140639934546,-0.1330147065341963,18550.0,18550.0,0.0,0.012833265890755716,238.05708227351852,-0.012833265890755716,-238.05708227351852,regresion_conjunta_normalizada,ac_power_norm
1239,2019-09-24 06:00:00,15.0,4.363333333333333,12.693613526600004,1.0,6.123233995736766e-17,-0.9932568492674144,-0.1159345995955006,18550.0,18550.0,0.0008086253369272237,0.015693308782634245,291.11087791786525,-0.014884683445707021,-276.11087791786525,regresion_conjunta_normalizada,ac_power_norm
1239,2019-09-24 07:00:00,20.0,16.886,12.686669081600003,0.9659258262890684,-0.2588190451025206,-0.9932568492674144,-0.1159345995955006,18550.0,18550.0,0.001078167115902965,0.036866450296532176,683.8726530006719,-0.03578828318062921,-663.8726530006719,regresion_conjunta_normalizada,ac_power_norm
1239,2019-09-24 08:00:00,50.0,26.33225,12.446113506800003,0.8660254037844387,-0.4999999999999998,-0.9932568492674144,-0.1159345995955006,18550.0,18550.0,0.0026954177897574125,0.05443406001563661,1009.7518132900591,-0.0517386422258792,-959.7518132900591,regresion_conjunta_normalizada,ac_power_norm
1239,2019-09-24 09:00:00,310.0,49.21775,12.394030169300002,0.7071067811865476,-0.7071067811865475,-0.9932568492674144,-0.1159345995955006,18550.0,18550.0,0.016711590296495958,0.08429204468753099,1563.6174289536998,-0.06758045439103502,-1253.6174289536998,regresion_conjunta_normalizada,ac_power_norm
1239,2019-09-24 10:00:00,425.0,56.32975,11.850002348000002,0.4999999999999999,-0.8660254037844387,-0.9932568492674144,-0.1159345995955006,18550.0,18550.0,0.022911051212938006,0.09612270170460421,1783.0761166204081,-0.07321165049166621,-1358.0761166204081,regresion_conjunta_normalizada,ac_power_norm
1239,2019-09-24 11:00:00,170.0,35.5825,11.475835651400002,0.258819045102521,-0.9659258262890682,-0.9932568492674144,-0.1159345995955006,18550.0,18550.0,0.009164420485175202,0.07897402076915427,1464.9680852678118,-0.06980960028397908,-1294.9680852678118,regresion_conjunta_normalizada,ac_power_norm
1239,2019-09-24 12:00:00,540.0,61.58775,11.872502349800005,1.2246467991473532e-16,-1.0,-0.9932568492674144,-0.1159345995955006,18550.0,18550.0,0.029110512129380053,0.1082578440240245,2008.1830066456544,-0.07914733189464444,-1468.1830066456544,regresion_conjunta_normalizada,ac_power_norm
1239,2019-09-24 13:00:00,1150.0,116.49975,12.267502381400002,-0.2588190451025208,-0.9659258262890684,-0.9932568492674144,-0.1159345995955006,18550.0,18550.0,0.06199460916442048,0.16380430129319323,3038.5697889887347,-0.10180969212877275,-1888.5697889887347,regresion_conjunta_normalizada,ac_power_norm
1239,2019-09-24 14:00:00,1145.0,115.12525,12.950974658300003,-0.4999999999999997,-0.8660254037844388,-0.9932568492674144,-0.1159345995955006,18550.0,18550.0,0.06172506738544475,0.1620072810567756,3005.235063603187,-0.10028221367133083,-1860.235063603187,regresion_conjunta_normalizada,ac_power_norm
1239,2019-09-24 15:00:00,925.75,95.4905,12.142363482500002,-0.7071067811865471,-0.7071067811865479,-0.9932568492674144,-0.1159345995955006,18550.0,18550.0,0.04990566037735849,0.13433128578371198,2491.8453512878573,-0.08442562540635348,-1566.0953512878573,regresion_conjunta_normalizada,ac_power_norm
1239,2019-09-24 16:00:00,875.0,94.63975,11.765557896800004,-0.8660254037844385,-0.5000000000000004,-0.9932568492674144,-0.1159345995955006,18550.0,18550.0,0.04716981132075472,0.12492100066405579,2317.2845623182347,-0.07775118934330107,-1442.2845623182347,regresion_conjunta_normalizada,ac_power_norm
1239,2019-09-24 17:00:00,-80.0,20.5295,11.4363912038,-0.9659258262890684,-0.2588190451025206,-0.9932568492674144,-0.1159345995955006,18550.0,18550.0,-0.00431266846361186,0.04062809353914273,753.6511351510976,-0.04494076200275459,-833.6511351510976,regresion_conjunta_normalizada,ac_power_norm
1239,2019-09-24 18:00:00,15.0,3.294,10.878196714700003,-1.0,-1.8369701987210287e-16,-0.9932568492674144,-0.1159345995955006,18550.0,18550.0,0.0008086253369272237,0.013484678381529946,250.1407839773805,-0.012676053044602722,-235.1407839773805,regresion_conjunta_normalizada,ac_power_norm
1239,2019-09-25 06:00:00,5.0,1.876,7.9122242552000035,1.0,6.123233995736766e-17,-0.9951053111006974,-0.0988201387328721,18550.0,18550.0,0.00026954177897574127,0.006562066159436136,121.72632725754033,-0.006292524380460395,-116.72632725754033,regresion_conjunta_normalizada,ac_power_norm
1239,2019-09-25 07:00:00,10.0,20.72525,8.193474277700002,0.9659258262890684,-0.2588190451025206,-0.9951053111006974,-0.0988201387328721,18550.0,18550.0,0.0005390835579514825,0.030880127160508128,572.8263588274258,-0.030341043602556645,-562.8263588274258,regresion_conjunta_normalizada,ac_power_norm
1239,2019-09-25 08:00:00,865.0,95.25025,8.729307653900003,0.8660254037844387,-0.4999999999999998,-0.9951053111006974,-0.0988201387328721,18550.0,18550.0,0.046630727762803234,0.10777639915402024,1999.2522043070753,-0.061145671391217,-1134.2522043070753,regresion_conjunta_normalizada,ac_power_norm
1239,2019-09-25 09:00:00,1610.0,161.8995,9.999307755500006,0.7071067811865476,-0.7071067811865475,-0.9951053111006974,-0.0988201387328721,18550.0,18550.0,0.08679245283018867,0.18104199651430655,3358.3290353403863,-0.09424954368411788,-1748.3290353403863,regresion_conjunta_normalizada,ac_power_norm
1239,2019-09-25 10:00:00,1960.0,183.825,10.723335591200003,0.4999999999999999,-0.8660254037844387,-0.9951053111006974,-0.0988201387328721,18550.0,18550.0,0.10566037735849057,0.21187570886659754,3930.2943994753846,-0.10621533150810697,-1970.2943994753846,regresion_conjunta_normalizada,ac_power_norm
1239,2019-09-25 11:00:00,1450.0,143.421,11.065141174100004,0.258819045102521,-0.9659258262890682,-0.9951053111006974,-0.0988201387328721,18550.0,18550.0,0.07816711590296496,0.18186747527017805,3373.6416662618026,-0.10370035936721309,-1923.6416662618026,regresion_conjunta_normalizada,ac_power_norm
1239,2019-09-25 12:00:00,2955.0,272.509,11.2691689682,1.2246467991473532e-16,-1.0,-0.9951053111006974,-0.0988201387328721,18550.0,18550.0,0.15929919137466308,0.30653295398753505,5686.186296468775,-0.14723376261287197,-2731.1862964687753,regresion_conjunta_normalizada,ac_power_norm
1239,2019-09-25 13:00:00,1225.0,129.0005,11.599724550200005,-0.2588190451025208,-0.9659258262890684,-0.9951053111006974,-0.0988201387328721,18550.0,18550.0,0.0660377358490566,0.1740350621736076,3228.350403320421,-0.10799732632455099,-2003.3504033204208,regresion_conjunta_normalizada,ac_power_norm
1239,2019-09-25 14:00:00,1740.75,172.9605,12.388474613300003,-0.4999999999999997,-0.8660254037844388,-0.9951053111006974,-0.0988201387328721,18550.0,18550.0,0.09384097035040431,0.21743261607128164,4033.3750281222747,-0.12359164572087733,-2292.6250281222747,regresion_conjunta_normalizada,ac_power_norm
1239,2019-09-25 15:00:00,540.0,72.62675,11.599585661300004,-0.7071067811865471,-0.7071067811865479,-0.9951053111006974,-0.0988201387328721,18550.0,18550.0,0.029110512129380053,0.110384105681717,2047.6251603958503,-0.08127359355233695,-1507.6251603958503,regresion_conjunta_normalizada,ac_power_norm
1239,2019-09-25 16:00:00,270.0,48.6725,10.944168942200005,-0.8660254037844385,-0.5000000000000004,-0.9951053111006974,-0.0988201387328721,18550.0,18550.0,0.014555256064690027,0.07716830743624384,1431.472102942323,-0.06261305137155382,-1161.472102942323,regresion_conjunta_normalizada,ac_power_norm
1239,2019-09-25 17:00:00,-35.0,21.53275,10.626530027900005,-0.9659258262890684,-0.2588190451025206,-0.9951053111006974,-0.0988201387328721,18550.0,18550.0,-0.0018867924528301887,0.04077922575204816,756.4546377004934,-0.04266601820487835,-791.4546377004934,regresion_conjunta_normalizada,ac_power_norm
1239,2019-09-25 18:00:00,20.0,0.371,9.540835496600003,-1.0,-1.8369701987210287e-16,-0.9951053111006974,-0.0988201387328721,18550.0,18550.0,0.001078167115902965,0.009278952917416566,172.1245766180773,-0.0082007858015136,-152.1245766180773,regresion_conjunta_normalizada,ac_power_norm
1239,2019-09-26 06:00:00,5.0,7.41725,7.271113092800001,1.0,6.123233995736766e-17,-0.99665890175417,-0.0816763953304228,18550.0,18550.0,0.00026954177897574127,0.010326451569122458,191.55567660722159,-0.010056909790146716,-186.55567660722159,regresion_conjunta_normalizada,ac_power_norm
1239,2019-09-26 07:00:00,360.0,56.96275,7.663474235300002,0.9659258262890684,-0.2588190451025206,-0.99665890175417,-0.0816763953304228,18550.0,18550.0,0.01940700808625337,0.0625619036838365,1160.5233133351671,-0.043154895597583134,-800.5233133351671,regresion_conjunta_normalizada,ac_power_norm
1239,2019-09-26 08:00:00,830.0,93.98525,8.9008354454,0.8660254037844387,-0.4999999999999998,-0.99665890175417,-0.0816763953304228,18550.0,18550.0,0.044743935309973046,0.10763562868036458,1996.640912020763,-0.06289169337039154,-1166.640912020763,regresion_conjunta_normalizada,ac_power_norm
1239,2019-09-26 09:00:00,4530.0,389.51,12.090419033900002,0.7071067811865476,-0.7071067811865475,-0.99665890175417,-0.0816763953304228,18550.0,18550.0,0.24420485175202156,0.387065226840156,7180.059957884893,-0.14286037508813443,-2650.0599578848933,regresion_conjunta_normalizada,ac_power_norm
1239,2019-09-26 10:00:00,3400.0,309.77125,14.3431969919,0.4999999999999999,-0.8660254037844387,-0.99665890175417,-0.0816763953304228,18550.0,18550.0,0.18328840970350405,0.3399135517305913,6305.396384602468,-0.15662514202708724,-2905.396384602468,regresion_conjunta_normalizada,ac_power_norm
1239,2019-09-26 11:00:00,3995.0,365.31575,15.735280436600002,0.258819045102521,-0.9659258262890682,-0.99665890175417,-0.0816763953304228,18550.0,18550.0,0.21536388140161725,0.4034772434836827,7484.502866622314,-0.18811336208206544,-3489.5028666223143,regresion_conjunta_normalizada,ac_power_norm
1239,2019-09-26 12:00:00,6785.0,603.9,18.152641741100005,1.2246467991473532e-16,-1.0,-0.99665890175417,-0.0816763953304228,18550.0,18550.0,0.3657681940700809,0.6226251013801216,11549.695630601256,-0.25685690731004074,-4764.695630601256,regresion_conjunta_normalizada,ac_power_norm
1239,2019-09-26 13:00:00,5270.0,484.3025,20.869447514000008,-0.2588190451025208,-0.9659258262890684,-0.99665890175417,-0.0816763953304228,18550.0,18550.0,0.28409703504043127,0.5339746366213909,9905.2295093268,-0.24987760158095962,-4635.2295093268,regresion_conjunta_normalizada,ac_power_norm
1239,2019-09-26 14:00:00,3340.0,309.94575,21.261808656500005,-0.4999999999999997,-0.8660254037844388,-0.99665890175417,-0.0816763953304228,18550.0,18550.0,0.18005390835579516,0.37196452990336487,6899.942029707418,-0.19191062154756972,-3559.9420297074184,regresion_conjunta_normalizada,ac_power_norm
1239,2019-09-26 15:00:00,1340.0,136.91975,20.80639195340001,-0.7071067811865471,-0.7071067811865479,-0.99665890175417,-0.0816763953304228,18550.0,18550.0,0.07223719676549865,0.19221706205347797,3565.6265010920165,-0.11997986528797931,-2225.6265010920165,regresion_conjunta_normalizada,ac_power_norm
1239,2019-09-26 16:00:00,255.0,46.033,19.9384752173,-0.8660254037844385,-0.5000000000000004,-0.99665890175417,-0.0816763953304228,18550.0,18550.0,0.013746630727762802,0.08595630229597957,1594.489407590421,-0.07220967156821677,-1339.489407590421,regresion_conjunta_normalizada,ac_power_norm
1239,2019-09-26 17:00:00,15.0,7.875499999999999,17.192224997600004,-0.9659258262890684,-0.2588190451025206,-0.99665890175417,-0.0816763953304228,18550.0,18550.0,0.0008086253369272237,0.033472958013766804,620.9233711553742,-0.03266433267683958,-605.9233711553742,regresion_conjunta_normalizada,ac_power_norm
1239,2019-09-26 18:00:00,15.0,1.65825,16.0518082397,-1.0,-1.8369701987210287e-16,-0.99665890175417,-0.0816763953304228,18550.0,18550.0,0.0008086253369272237,0.014826591374301562,275.03326999329397,-0.014017966037374338,-260.03326999329397,regresion_conjunta_normalizada,ac_power_norm
1239,2019-09-27 06:00:00,15.0,10.29725,8.237224281200003,1.0,6.123233995736766e-17,-0.9979171608653922,-0.0645084494493162,18550.0,18550.0,0.0008086253369272237,0.01567448400259963,290.7616782482232,-0.014865858665672407,-275.7616782482232,regresion_conjunta_normalizada,ac_power_norm
1239,2019-09-27 07:00:00,710.0,120.29575,9.7966688504,0.9659258262890684,-0.2588190451025206,-0.9979171608653922,-0.0645084494493162,18550.0,18550.0,0.03827493261455526,0.1264422126645036,2345.5030449265414,-0.08816728004994834,-1635.5030449265414,regresion_conjunta_normalizada,ac_power_norm
1239,2019-09-27 08:00:00,2780.0,309.553,11.332363417700002,0.8660254037844387,-0.4999999999999998,-0.9979171608653922,-0.0645084494493162,18550.0,18550.0,0.14986522911051212,0.30540459682474747,5665.255271099066,-0.15553936771423535,-2885.255271099066,regresion_conjunta_normalizada,ac_power_norm
1239,2019-09-27 09:00:00,3630.0,349.9135,12.991807994900004,0.7071067811865476,-0.7071067811865475,-0.9979171608653922,-0.0645084494493162,18550.0,18550.0,0.19568733153638815,0.358222571864963,6645.028708095063,-0.16253524032857483,-3015.028708095063,regresion_conjunta_normalizada,ac_power_norm
1239,2019-09-27 10:00:00,6109.5,553.9404999999999,15.312085958300006,0.4999999999999999,-0.8660254037844387,-0.9979171608653922,-0.0645084494493162,18550.0,18550.0,0.32935309973045823,0.5484402204348393,10173.56608906627,-0.21908712070438108,-4064.0660890662693,regresion_conjunta_normalizada,ac_power_norm
1239,2019-09-27 11:00:00,4945.0,445.07675,16.351252708100002,0.258819045102521,-0.9659258262890682,-0.9979171608653922,-0.0645084494493162,18550.0,18550.0,0.26657681940700806,0.47544691659391736,8819.540302817168,-0.2088700971869093,-3874.5403028171677,regresion_conjunta_normalizada,ac_power_norm
1239,2019-09-27 12:00:00,5900.0,481.139,15.8465304455,1.2246467991473532e-16,-1.0,-0.9979171608653922,-0.0645084494493162,18550.0,18550.0,0.31805929919137466,0.5119124350039268,9495.975669322843,-0.19385313581255215,-3595.975669322843,regresion_conjunta_normalizada,ac_power_norm
1239,2019-09-27 13:00:00,7909.999999999999,672.0545000000001,17.249863891100006,-0.2588190451025208,-0.9659258262890684,-0.9979171608653922,-0.0645084494493162,18550.0,18550.0,0.4264150943396226,0.6793781855531049,12602.465342010097,-0.2529630912134823,-4692.465342010098,regresion_conjunta_normalizada,ac_power_norm
1239,2019-09-27 14:00:00,6450.0,541.2435,18.598475110100004,-0.4999999999999997,-0.8660254037844388,-0.9979171608653922,-0.0645084494493162,18550.0,18550.0,0.3477088948787062,0.5759357654389488,10683.608448892499,-0.22822687056024255,-4233.608448892499,regresion_conjunta_normalizada,ac_power_norm
1239,2019-09-27 15:00:00,4805.0,428.147,19.291530721100003,-0.7071067811865471,-0.7071067811865479,-0.9979171608653922,-0.0645084494493162,18550.0,18550.0,0.2590296495956873,0.47127869392433763,8742.219772296463,-0.21224904432865033,-3937.219772296463,regresion_conjunta_normalizada,ac_power_norm
1239,2019-09-27 16:00:00,2650.0,274.472,19.068197369900005,-0.8660254037844385,-0.5000000000000004,-0.9979171608653922,-0.0645084494493162,18550.0,18550.0,0.14285714285714285,0.3160784169133143,5863.25463374198,-0.17322127405617144,-3213.25463374198,regresion_conjunta_normalizada,ac_power_norm
1239,2019-09-27 17:00:00,460.0,119.07399999999998,18.573197330300005,-0.9659258262890684,-0.2588190451025206,-0.9979171608653922,-0.0645084494493162,18550.0,18550.0,0.024797843665768194,0.148675262694703,2757.9261229867407,-0.1238774190289348,-2297.9261229867407,regresion_conjunta_normalizada,ac_power_norm
1239,2019-09-27 18:00:00,-30.0,10.6245,14.988613710200005,-1.0,-1.8369701987210287e-16,-0.9979171608653922,-0.0645084494493162,18550.0,18550.0,-0.0016172506738544475,0.025283945626447674,469.01719137060434,-0.026901196300302122,-499.01719137060434,regresion_conjunta_normalizada,ac_power_norm
1239,2019-09-28 06:00:00,20.0,1.65825,9.833196631100003,1.0,6.123233995736766e-17,-0.9988797155850336,-0.0473213883224323,18550.0,18550.0,0.001078167115902965,0.01148327117654669,213.0146803249411,-0.010405104060643725,-193.0146803249411,regresion_conjunta_normalizada,ac_power_norm
1239,2019-09-28 07:00:00,20.0,18.08575,9.948613307,0.9659258262890684,-0.2588190451025206,-0.9988797155850336,-0.0473213883224323,18550.0,18550.0,0.001078167115902965,0.03450883128279028,640.1388202957597,-0.033430664166887315,-620.1388202957597,regresion_conjunta_normalizada,ac_power_norm
1239,2019-09-28 08:00:00,310.0,51.661,10.3409744495,0.8660254037844387,-0.4999999999999998,-0.9988797155850336,-0.0473213883224323,18550.0,18550.0,0.016711590296495958,0.07460409831690928,1383.9060237786673,-0.057892508020413326,-1073.9060237786673,regresion_conjunta_normalizada,ac_power_norm
1239,2019-09-28 09:00:00,595.0,74.41575,11.024446726400004,0.7071067811865476,-0.7071067811865475,-0.9988797155850336,-0.0473213883224323,18550.0,18550.0,0.03207547169811321,0.10591895462701986,1964.7966083312185,-0.07384348292890666,-1369.7966083312185,regresion_conjunta_normalizada,ac_power_norm
1239,2019-09-28 10:00:00,1900.0,179.74525,13.015696885700004,0.4999999999999999,-0.8660254037844387,-0.9988797155850336,-0.0473213883224323,18550.0,18550.0,0.10242587601078167,0.21906635117533949,4063.6808143025473,-0.11664047516455782,-2163.6808143025473,regresion_conjunta_normalizada,ac_power_norm
1239,2019-09-28 11:00:00,2880.0,269.9345,15.299308179500004,0.258819045102521,-0.9659258262890682,-0.9988797155850336,-0.0473213883224323,18550.0,18550.0,0.15525606469002695,0.3178555803002567,5896.221014569762,-0.16259951561022973,-3016.221014569762,regresion_conjunta_normalizada,ac_power_norm
1239,2019-09-28 12:00:00,1595.0,161.83425,16.393336044800005,1.2246467991473532e-16,-1.0,-0.9988797155850336,-0.0473213883224323,18550.0,18550.0,0.08598382749326146,0.22438955154916143,4162.426181236944,-0.13840572405589996,-2567.426181236944,regresion_conjunta_normalizada,ac_power_norm
1239,2019-09-28 13:00:00,1505.0,148.70025,16.330141595300006,-0.2588190451025208,-0.9659258262890684,-0.9988797155850336,-0.0473213883224323,18550.0,18550.0,0.08113207547169811,0.21157126803571227,3924.647022062463,-0.13043919256401415,-2419.647022062463,regresion_conjunta_normalizada,ac_power_norm
1239,2019-09-28 14:00:00,615.0,77.90625,16.088474909300004,-0.4999999999999997,-0.8660254037844388,-0.9988797155850336,-0.0473213883224323,18550.0,18550.0,0.03315363881401617,0.13629740201496351,2528.3168073775732,-0.10314376320094734,-1913.3168073775732,regresion_conjunta_normalizada,ac_power_norm
1239,2019-09-28 15:00:00,250.0,42.60725,15.558058200200003,-0.7071067811865471,-0.7071067811865479,-0.9988797155850336,-0.0473213883224323,18550.0,18550.0,0.013477088948787063,0.0918692221067698,1704.17407008058,-0.07839213315798274,-1454.17407008058,regresion_conjunta_normalizada,ac_power_norm
1239,2019-09-28 16:00:00,-15.0,25.307,15.001391489000005,-0.8660254037844385,-0.5000000000000004,-0.9988797155850336,-0.0473213883224323,18550.0,18550.0,-0.0008086253369272237,0.06367940381563932,1181.2529407801094,-0.06448802915256654,-1196.2529407801094,regresion_conjunta_normalizada,ac_power_norm
1239,2019-09-28 17:00:00,-120.0,12.108,14.1983358692,-0.9659258262890684,-0.2588190451025206,-0.9988797155850336,-0.0473213883224323,18550.0,18550.0,-0.00646900269541779,0.038539029952775805,714.8990056239912,-0.04500803264819359,-834.8990056239912,regresion_conjunta_normalizada,ac_power_norm
1239,2019-09-28 18:00:00,10.0,1.7235,13.957919183300003,-1.0,-1.8369701987210287e-16,-0.9988797155850336,-0.0473213883224323,18550.0,18550.0,0.0005390835579514825,0.01683816038391321,312.34787512159005,-0.01629907682596173,-302.34787512159005,regresion_conjunta_normalizada,ac_power_norm
1239,2019-09-29 06:00:00,20.0,6.174,7.711252016900004,1.0,6.123233995736766e-17,-0.9995462806873572,-0.0301203048469083,18550.0,18550.0,0.001078167115902965,0.011277380757766749,209.1954130565732,-0.010199213641863783,-189.1954130565732,regresion_conjunta_normalizada,ac_power_norm
1239,2019-09-29 07:00:00,255.0,43.1965,7.0222241840000015,0.9659258262890684,-0.2588190451025206,-0.9995462806873572,-0.0301203048469083,18550.0,18550.0,0.013746630727762802,0.04875376218511575,904.3822885338972,-0.035007131457352944,-649.3822885338972,regresion_conjunta_normalizada,ac_power_norm
1239,2019-09-29 08:00:00,3225.0,337.87075000000004,8.837640995900005,0.8660254037844387,-0.4999999999999998,-0.9995462806873572,-0.0301203048469083,18550.0,18550.0,0.1738544474393531,0.3186421814013469,5910.812464994985,-0.14478773396199382,-2685.812464994985,regresion_conjunta_normalizada,ac_power_norm
1239,2019-09-29 09:00:00,3315.0,292.25275,10.056807760100003,0.7071067811865476,-0.7071067811865475,-0.9995462806873572,-0.0301203048469083,18550.0,18550.0,0.17870619946091645,0.29729075100135166,5514.743431075073,-0.1185845515404352,-2199.743431075073,regresion_conjunta_normalizada,ac_power_norm
1239,2019-09-29 10:00:00,6155.0,517.02675,11.359030086500002,0.4999999999999999,-0.8660254037844387,-0.9995462806873572,-0.0301203048469083,18550.0,18550.0,0.3318059299191375,0.5002436591952961,9279.519878072742,-0.16843772927615863,-3124.5198780727424,regresion_conjunta_normalizada,ac_power_norm
1239,2019-09-29 11:00:00,5085.0,450.29075,12.419307949100002,0.258819045102521,-0.9659258262890682,-0.9995462806873572,-0.0301203048469083,18550.0,18550.0,0.27412398921832887,0.4629426414785874,8587.585999427796,-0.1888186522602585,-3502.585999427796,regresion_conjunta_normalizada,ac_power_norm
1239,2019-09-29 12:00:00,3345.0,285.577,11.693752335500005,1.2246467991473532e-16,-1.0,-0.9995462806873572,-0.0301203048469083,18550.0,18550.0,0.18032345013477089,0.3225732131901825,5983.733104677885,-0.14224976305541162,-2638.7331046778854,regresion_conjunta_normalizada,ac_power_norm
1239,2019-09-29 13:00:00,5920.0,526.8442500000001,12.229585711700004,-0.2588190451025208,-0.9659258262890684,-0.9995462806873572,-0.0301203048469083,18550.0,18550.0,0.31913746630727763,0.5376164249425592,9972.784682684474,-0.2184789586352816,-4052.7846826844743,regresion_conjunta_normalizada,ac_power_norm
1239,2019-09-29 14:00:00,4555.0,405.58875,13.122502449800002,-0.4999999999999997,-0.8660254037844388,-0.9995462806873572,-0.0301203048469083,18550.0,18550.0,0.24555256064690026,0.43829370317813415,8130.348193954389,-0.1927411425312339,-3575.348193954389,regresion_conjunta_normalizada,ac_power_norm
1239,2019-09-29 15:00:00,5035.0,438.9025,14.016946965800004,-0.7071067811865471,-0.7071067811865479,-0.9995462806873572,-0.0301203048469083,18550.0,18550.0,0.2714285714285714,0.46661321469382494,8655.675132570452,-0.19518464326525353,-3620.6751325704518,regresion_conjunta_normalizada,ac_power_norm
1239,2019-09-29 16:00:00,2630.0,274.95225,13.2647246834,-0.8660254037844385,-0.5000000000000004,-0.9995462806873572,-0.0301203048469083,18550.0,18550.0,0.1417789757412399,0.306788232972906,5690.921721647407,-0.16500925723166612,-3060.921721647407,regresion_conjunta_normalizada,ac_power_norm
1239,2019-09-29 17:00:00,430.0,113.14,12.9959746619,-0.9659258262890684,-0.2588190451025206,-0.9995462806873572,-0.0301203048469083,18550.0,18550.0,0.023180592991913745,0.13994841611440703,2596.0431189222504,-0.11676782312249329,-2166.0431189222504,regresion_conjunta_normalizada,ac_power_norm
1239,2019-09-29 18:00:00,-30.0,10.16625,9.512641049900004,-1.0,-1.8369701987210287e-16,-0.9995462806873572,-0.0301203048469083,18550.0,18550.0,-0.0016172506738544475,0.021419716374231276,397.33573874199016,-0.023036967048085725,-427.33573874199016,regresion_conjunta_normalizada,ac_power_norm
1239,2019-09-30 06:00:00,0.0,8.7265,1.4730570734000006,1.0,6.123233995736766e-17,-0.999916658654738,-0.0129102960750088,18550.0,18550.0,0.0,-0.009302043808721261,-172.5529126517794,0.009302043808721261,172.5529126517794,regresion_conjunta_normalizada,ac_power_norm
1239,2019-09-30 07:00:00,740.0,113.1835,4.029862833500002,0.9659258262890684,-0.2588190451025206,-0.999916658654738,-0.0129102960750088,18550.0,18550.0,0.039892183288409704,0.09797945697111912,1817.5189268142597,-0.05808727368270942,-1077.5189268142597,regresion_conjunta_normalizada,ac_power_norm
1239,2019-09-30 08:00:00,2910.0,276.58825,7.154446416800003,0.8660254037844387,-0.4999999999999998,-0.999916658654738,-0.0129102960750088,18550.0,18550.0,0.1568733153638814,0.2598913880888313,4820.985249047821,-0.10301807272494987,-1910.9852490478206,regresion_conjunta_normalizada,ac_power_norm
1239,2019-09-30 09:00:00,2891.0,262.277,8.135974273100002,0.7071067811865476,-0.7071067811865475,-0.999916658654738,-0.0129102960750088,18550.0,18550.0,0.15584905660377357,0.2622229856407178,4864.236383635315,-0.1063739290369442,-1973.2363836353152,regresion_conjunta_normalizada,ac_power_norm
1239,2019-09-30 10:00:00,5715.0,479.91725,10.325418892700004,0.4999999999999999,-0.8660254037844387,-0.999916658654738,-0.0129102960750088,18550.0,18550.0,0.30808625336927226,0.4651550828370372,8628.626786627041,-0.15706882946776496,-2913.626786627041,regresion_conjunta_normalizada,ac_power_norm
1239,2019-09-30 11:00:00,7465.0,620.197,11.8259745683,0.258819045102521,-0.9659258262890682,-0.999916658654738,-0.0129102960750088,18550.0,18550.0,0.40242587601078167,0.5958514885525541,11053.04511264988,-0.19342561254177243,-3588.0451126498792,regresion_conjunta_normalizada,ac_power_norm
1239,2019-09-30 12:00:00,7785.0,637.40975,10.941391164200004,1.2246467991473532e-16,-1.0,-0.999916658654738,-0.0129102960750088,18550.0,18550.0,0.4196765498652291,0.613149608522559,11373.925238093469,-0.19347305865732983,-3588.9252380934686,regresion_conjunta_normalizada,ac_power_norm
1239,2019-09-30 13:00:00,7435.0,612.12475,11.445002315600004,-0.2588190451025208,-0.9659258262890684,-0.999916658654738,-0.0129102960750088,18550.0,18550.0,0.40080862533692724,0.6024411528092601,11175.283384611776,-0.2016325274723329,-3740.2833846117755,regresion_conjunta_normalizada,ac_power_norm
1239,2019-09-30 14:00:00,6255.0,527.38975,13.406530250300005,-0.4999999999999997,-0.8660254037844388,-0.999916658654738,-0.0129102960750088,18550.0,18550.0,0.3371967654986523,0.5450806831447188,10111.246672334533,-0.2078839176460665,-3856.2466723345333,regresion_conjunta_normalizada,ac_power_norm
1239,2019-09-30 15:00:00,4540.0,407.61775,14.847919254500002,-0.7071067811865471,-0.7071067811865479,-0.999916658654738,-0.0129102960750088,18550.0,18550.0,0.24474393530997304,0.4427038779175527,8212.156935370604,-0.19795994260757968,-3672.1569353706036,regresion_conjunta_normalizada,ac_power_norm
1239,2019-09-30 16:00:00,2410.0,251.67425000000003,14.6286136814,-0.8660254037844385,-0.5000000000000004,-0.999916658654738,-0.0129102960750088,18550.0,18550.0,0.1299191374663073,0.2892691248814891,5365.942266551623,-0.1593499874151818,-2955.942266551623,regresion_conjunta_normalizada,ac_power_norm
1239,2019-09-30 17:00:00,170.0,52.01025,12.365974611500006,-0.9659258262890684,-0.2588190451025206,-0.999916658654738,-0.0129102960750088,18550.0,18550.0,0.009164420485175202,0.07836076669491368,1453.5922221906487,-0.06919634620973848,-1283.5922221906487,regresion_conjunta_normalizada,ac_power_norm
1239,2019-09-30 18:00:00,-45.0,5.090333333333333,9.279029920100005,-1.0,-1.8369701987210287e-16,-0.999916658654738,-0.0129102960750088,18550.0,18550.0,-0.002425876010781671,0.01643883206091848,304.94033473003776,-0.01886470807170015,-349.94033473003776,regresion_conjunta_normalizada,ac_power_norm
1239,2019-10-01 06:00:00,15.0,2.57425,6.694585268900001,1.0,6.123233995736766e-17,-0.99999073973619,0.0043035382962438,18550.0,18550.0,0.0008086253369272237,0.005764468680295287,106.93089401947758,-0.004955843343368064,-91.93089401947758,regresion_conjunta_normalizada,ac_power_norm
1239,2019-10-01 07:00:00,200.0,35.212,6.828057501800002,0.9659258262890684,-0.2588190451025206,-0.99999073973619,0.0043035382962438,18550.0,18550.0,0.01078167115902965,0.0414132992744106,768.2167015403166,-0.03063162811538095,-568.2167015403166,regresion_conjunta_normalizada,ac_power_norm
1239,2019-10-01 08:00:00,635.0,74.852,7.280974204700002,0.8660254037844387,-0.4999999999999998,-0.99999073973619,0.0043035382962438,18550.0,18550.0,0.03423180592991914,0.08541515918372783,1584.4512028581512,-0.05118335325380869,-949.4512028581512,regresion_conjunta_normalizada,ac_power_norm
1239,2019-10-01 09:00:00,1260.0,127.14625,8.135974273100002,0.7071067811865476,-0.7071067811865475,-0.99999073973619,0.0043035382962438,18550.0,18550.0,0.06792452830188679,0.14359283773083006,2663.647139906898,-0.07566830942894327,-1403.6471399068978,regresion_conjunta_normalizada,ac_power_norm
1239,2019-10-01 10:00:00,1770.0,167.419,9.1244465744,0.4999999999999999,-0.8660254037844387,-0.99999073973619,0.0043035382962438,18550.0,18550.0,0.0954177897574124,0.1920412191641589,3562.3646154951475,-0.0966234294067465,-1792.3646154951475,regresion_conjunta_normalizada,ac_power_norm
1239,2019-10-01 11:00:00,1555.0,155.44175,9.546529941500005,0.258819045102521,-0.9659258262890682,-0.99999073973619,0.0043035382962438,18550.0,18550.0,0.08382749326145553,0.1889438392488457,3504.9082180660876,-0.10511634598739017,-1949.9082180660876,regresion_conjunta_normalizada,ac_power_norm
1239,2019-10-01 12:00:00,915.0,95.643,9.595696612100005,1.2246467991473532e-16,-1.0,-0.99999073973619,0.0043035382962438,18550.0,18550.0,0.049326145552560645,0.13563894330821788,2516.1023983674418,-0.08631279775565723,-1601.1023983674418,regresion_conjunta_normalizada,ac_power_norm
1239,2019-10-01 13:00:00,475.0,68.08925,9.8248632971,-0.2588190451025208,-0.9659258262890684,-0.99999073973619,0.0043035382962438,18550.0,18550.0,0.025606469002695417,0.11007911269999512,2041.9675405849096,-0.0844726436972997,-1566.9675405849096,regresion_conjunta_normalizada,ac_power_norm
1239,2019-10-01 14:00:00,235.0,42.25825,8.597224310000001,-0.4999999999999997,-0.8660254037844388,-0.99999073973619,0.0043035382962438,18550.0,18550.0,0.012668463611859838,0.07639596734156837,1417.1451941860932,-0.06372750372970853,-1182.1451941860932,regresion_conjunta_normalizada,ac_power_norm
1239,2019-10-01 15:00:00,-30.0,22.4055,8.3834742929,-0.7071067811865471,-0.7071067811865479,-0.99999073973619,0.0043035382962438,18550.0,18550.0,-0.0016172506738544475,0.05146670598114686,954.7073959502743,-0.053083956655001305,-984.7073959502743,regresion_conjunta_normalizada,ac_power_norm
1239,2019-10-01 16:00:00,-93.33333333333331,17.947666666666667,8.345002067600001,-0.8660254037844385,-0.5000000000000004,-0.99999073973619,0.0043035382962438,18550.0,18550.0,-0.005031446540880502,0.041334437561228295,766.7538167607848,-0.0463658841021088,-860.0871500941182,regresion_conjunta_normalizada,ac_power_norm
1239,2019-10-01 17:00:00,75.0,17.36575,8.232918725300003,-0.9659258262890684,-0.2588190451025206,-0.99999073973619,0.0043035382962438,18550.0,18550.0,0.004043126684636119,0.033928054929742525,629.3654189467238,-0.029884928245106405,-554.3654189467238,regresion_conjunta_normalizada,ac_power_norm
1239,2019-10-01 18:00:00,10.0,0.0,8.601529865900002,-1.0,-1.8369701987210287e-16,-0.99999073973619,0.0043035382962438,18550.0,18550.0,0.0005390835579514825,0.01046630610152309,194.14997818325332,-0.009927222543571607,-184.14997818325332,regresion_conjunta_normalizada,ac_power_norm
1239,2019-10-02 06:00:00,5.0,2.63975,6.274029679700005,1.0,6.123233995736766e-17,-0.9997685019798908,0.0215160974362222,18550.0,18550.0,0.00026954177897574127,0.004803442294980323,89.103854571885,-0.0045339005160045815,-84.103854571885,regresion_conjunta_normalizada,ac_power_norm
1239,2019-10-02 07:00:00,5.0,16.84225,5.461251836900004,0.9659258262890684,-0.2588190451025206,-0.9997685019798908,0.0215160974362222,18550.0,18550.0,0.00026954177897574127,0.019529763425573665,362.2771115443915,-0.019260221646597925,-357.2771115443915,regresion_conjunta_normalizada,ac_power_norm
1239,2019-10-02 08:00:00,400.0,55.36975,5.011251800900002,0.8660254037844387,-0.4999999999999998,-0.9997685019798908,0.0215160974362222,18550.0,18550.0,0.0215633423180593,0.05711789310970884,1059.5369171850991,-0.03555455079164954,-659.5369171850991,regresion_conjunta_normalizada,ac_power_norm
1239,2019-10-02 09:00:00,1210.0,120.8845,5.244724041800003,0.7071067811865476,-0.7071067811865475,-0.9997685019798908,0.0215160974362222,18550.0,18550.0,0.06522911051212937,0.12262407078720702,2274.6765131026905,-0.05739496027507765,-1064.6765131026905,regresion_conjunta_normalizada,ac_power_norm
1239,2019-10-02 10:00:00,1486.6666666666667,154.32925,6.368335242800002,0.4999999999999999,-0.8660254037844387,-0.9997685019798908,0.0215160974362222,18550.0,18550.0,0.08014375561545373,0.16509835148520477,3062.5744200505483,-0.08495459586975104,-1575.9077533838815,regresion_conjunta_normalizada,ac_power_norm
1239,2019-10-02 11:00:00,1440.0,140.99925,7.0095852941000025,0.258819045102521,-0.9659258262890682,-0.9997685019798908,0.0215160974362222,18550.0,18550.0,0.07762803234501348,0.16170747622181258,2999.6736839146233,-0.08407944387679911,-1559.6736839146233,regresion_conjunta_normalizada,ac_power_norm
1239,2019-10-02 12:00:00,2485.0,226.498,7.643890900400001,1.2246467991473532e-16,-1.0,-0.9997685019798908,0.0215160974362222,18550.0,18550.0,0.1339622641509434,0.24775403969846566,4595.837436406538,-0.11379177554752226,-2110.8374364065376,regresion_conjunta_normalizada,ac_power_norm
1239,2019-10-02 13:00:00,1970.0,187.272,7.957363147700003,-0.2588190451025208,-0.9659258262890684,-0.9997685019798908,0.0215160974362222,18550.0,18550.0,0.10619946091644204,0.2152721820581732,3993.2989771791126,-0.10907272114173115,-2023.2989771791126,regresion_conjunta_normalizada,ac_power_norm
1239,2019-10-02 14:00:00,3085.0,274.21025,9.0401410121,-0.4999999999999997,-0.8660254037844388,-0.9997685019798908,0.0215160974362222,18550.0,18550.0,0.16630727762803235,0.301186398706986,5587.00769601459,-0.13487912107895364,-2502.00769601459,regresion_conjunta_normalizada,ac_power_norm
1239,2019-10-02 15:00:00,2105.0,187.054,8.265418727900002,-0.7071067811865471,-0.7071067811865479,-0.9997685019798908,0.0215160974362222,18550.0,18550.0,0.11347708894878707,0.21259361167946894,3943.611496654149,-0.09911652273068187,-1838.611496654149,regresion_conjunta_normalizada,ac_power_norm
1239,2019-10-02 16:00:00,1090.0,113.99075,7.590279785000002,-0.8660254037844385,-0.5000000000000004,-0.9997685019798908,0.0215160974362222,18550.0,18550.0,0.05876010781671159,0.13403372039149708,2486.3255132622708,-0.07527361257478549,-1396.3255132622708,regresion_conjunta_normalizada,ac_power_norm
1239,2019-10-02 17:00:00,150.0,36.739,6.672085267100001,-0.9659258262890684,-0.2588190451025206,-0.9997685019798908,0.0215160974362222,18550.0,18550.0,0.008086253369272238,0.048466421112601285,899.0521116387538,-0.040380167743329046,-749.0521116387538,regresion_conjunta_normalizada,ac_power_norm
1239,2019-10-02 18:00:00,-60.0,3.40325,5.646807407300002,-1.0,-1.8369701987210287e-16,-0.9997685019798908,0.0215160974362222,18550.0,18550.0,-0.003234501347708895,0.006275210635653304,116.4051572913688,-0.0095097119833622,-176.4051572913688,regresion_conjunta_normalizada,ac_power_norm
1239,2019-10-03 06:00:00,0.0,5.694,-0.4251375228999982,1.0,6.123233995736766e-17,-0.9992500112396836,0.0387222808921739,18550.0,18550.0,0.0,-0.021711967846355068,-402.7570035498865,0.021711967846355068,402.7570035498865,regresion_conjunta_normalizada,ac_power_norm
1239,2019-10-03 07:00:00,615.0,104.348,1.0834737089000015,0.9659258262890684,-0.2588190451025206,-0.9992500112396836,0.0387222808921739,18550.0,18550.0,0.03315363881401617,0.07423421752498868,1377.0447350885402,-0.04108057871097251,-762.0447350885402,regresion_conjunta_normalizada,ac_power_norm
1239,2019-10-03 08:00:00,2882.75,264.06575,4.825696230500004,0.8660254037844387,-0.4999999999999998,-0.9992500112396836,0.0387222808921739,18550.0,18550.0,0.1554043126684636,0.23690312983782397,4394.553058491634,-0.08149881716936036,-1511.8030584916341,regresion_conjunta_normalizada,ac_power_norm
1239,2019-10-03 09:00:00,3745.0,321.74875,6.545557479200003,0.7071067811865476,-0.7071067811865475,-0.9992500112396836,0.0387222808921739,18550.0,18550.0,0.2018867924528302,0.30378996180258916,5635.303791438029,-0.10190316934975896,-1890.3037914380293,regresion_conjunta_normalizada,ac_power_norm
1239,2019-10-03 10:00:00,4430.0,384.36175,7.622779787600002,0.4999999999999999,-0.8660254037844387,-0.9992500112396836,0.0387222808921739,18550.0,18550.0,0.23881401617250675,0.37180088834463526,6896.906478792984,-0.1329868721721285,-2466.9064787929838,regresion_conjunta_normalizada,ac_power_norm
1239,2019-10-03 11:00:00,5800.0,502.80275000000006,9.016113232400002,0.258819045102521,-0.9659258262890682,-0.9992500112396836,0.0387222808921739,18550.0,18550.0,0.31266846361185985,0.4867629829715137,9029.45333412158,-0.17409451935965387,-3229.4533341215792,regresion_conjunta_normalizada,ac_power_norm
1239,2019-10-03 12:00:00,7040.0,585.74875,10.028891091200004,1.2246467991473532e-16,-1.0,-0.9992500112396836,0.0387222808921739,18550.0,18550.0,0.37951482479784365,0.5679648493802159,10535.747956003004,-0.1884500245823722,-3495.747956003004,regresion_conjunta_normalizada,ac_power_norm
1239,2019-10-03 13:00:00,7055.0,597.9005,11.097502287800005,-0.2588190451025208,-0.9659258262890684,-0.9992500112396836,0.0387222808921739,18550.0,18550.0,0.38032345013477087,0.590264131904439,10949.399646827344,-0.20994068176966818,-3894.3996468273435,regresion_conjunta_normalizada,ac_power_norm
1239,2019-10-03 14:00:00,5480.0,494.3165,12.053891253200003,-0.4999999999999997,-0.8660254037844388,-0.9992500112396836,0.0387222808921739,18550.0,18550.0,0.2954177897574124,0.5118684344534121,9495.159459110795,-0.21645064469599973,-4015.159459110795,regresion_conjunta_normalizada,ac_power_norm
1239,2019-10-03 15:00:00,3525.0,319.56675,11.734585672100003,-0.7071067811865471,-0.7071067811865479,-0.9992500112396836,0.0387222808921739,18550.0,18550.0,0.19002695417789758,0.35275350234436204,6543.577468487916,-0.16272654816646445,-3018.577468487916,regresion_conjunta_normalizada,ac_power_norm
1239,2019-10-03 16:00:00,1630.0,177.9565,10.6630578086,-0.8660254037844385,-0.5000000000000004,-0.9992500112396836,0.0387222808921739,18550.0,18550.0,0.08787061994609165,0.20876702701553995,3872.628351138266,-0.1208964070694483,-2242.628351138266,regresion_conjunta_normalizada,ac_power_norm
1239,2019-10-03 17:00:00,310.0,55.283,9.5648632763,-0.9659258262890684,-0.2588190451025206,-0.9992500112396836,0.0387222808921739,18550.0,18550.0,0.016711590296495958,0.0770648183062066,1429.5523795801323,-0.06035322800971064,-1119.5523795801323,regresion_conjunta_normalizada,ac_power_norm
1239,2019-10-03 18:00:00,-95.0,1.92,7.280974204700003,-1.0,-1.8369701987210287e-16,-0.9992500112396836,0.0387222808921739,18550.0,18550.0,-0.005121293800539084,0.010177778425660623,188.79778979600457,-0.015299072226199707,-283.79778979600457,regresion_conjunta_normalizada,ac_power_norm
1239,2019-10-04 06:00:00,0.0,1.7746666666666666,3.4952794574000032,1.0,6.123233995736766e-17,-0.9984354211555644,0.055916990100603,18550.0,18550.0,0.0,-0.005892946688847869,-109.31416107812797,0.005892946688847869,109.31416107812797,regresion_conjunta_normalizada,ac_power_norm
1239,2019-10-04 07:00:00,190.0,33.2045,3.1818072101000032,0.9659258262890684,-0.2588190451025206,-0.9984354211555644,0.055916990100603,18550.0,18550.0,0.010242587601078167,0.02395706359016546,444.4035295975693,-0.013714475989087292,-254.40352959756927,regresion_conjunta_normalizada,ac_power_norm
1239,2019-10-04 08:00:00,704.0,76.72824999999999,3.4068072281000017,0.8660254037844387,-0.4999999999999998,-0.9984354211555644,0.055916990100603,18550.0,18550.0,0.03795148247978437,0.06782837056171181,1258.2162739197543,-0.029876888081927448,-554.2162739197543,regresion_conjunta_normalizada,ac_power_norm
1239,2019-10-04 09:00:00,1855.0,175.666,5.067362916500001,0.7071067811865476,-0.7071067811865475,-0.9984354211555644,0.055916990100603,18550.0,18550.0,0.1,0.17055707957243546,3163.833826068678,-0.07055707957243545,-1308.8338260686778,regresion_conjunta_normalizada,ac_power_norm
1239,2019-10-04 10:00:00,1610.0,158.38675,5.717362968500003,0.4999999999999999,-0.8660254037844387,-0.9984354211555644,0.055916990100603,18550.0,18550.0,0.08679245283018867,0.1653507638516739,3067.256669448551,-0.07855831102148524,-1457.2566694485508,regresion_conjunta_normalizada,ac_power_norm
1239,2019-10-04 11:00:00,4880.0,416.95525,7.892779809200002,0.258819045102521,-0.9659258262890682,-0.9984354211555644,0.055916990100603,18550.0,18550.0,0.26307277628032344,0.40969426519449276,7599.828619357841,-0.14662148891416932,-2719.8286193578406,regresion_conjunta_normalizada,ac_power_norm
1239,2019-10-04 12:00:00,1220.0,131.291,8.164168719800003,1.2246467991473532e-16,-1.0,-0.9984354211555644,0.055916990100603,18550.0,18550.0,0.06576819407008086,0.16352681071159775,3033.4223387001384,-0.09775861664151689,-1813.4223387001384,regresion_conjunta_normalizada,ac_power_norm
1239,2019-10-04 13:00:00,1725.0,165.2375,7.161390861800003,-0.2588190451025208,-0.9659258262890684,-0.9984354211555644,0.055916990100603,18550.0,18550.0,0.09299191374663072,0.19075447153410469,3538.495446957642,-0.09776255778747396,-1813.495446957642,regresion_conjunta_normalizada,ac_power_norm
1239,2019-10-04 14:00:00,2220.0,198.59475,7.244446424000003,-0.4999999999999997,-0.8660254037844388,-0.9984354211555644,0.055916990100603,18550.0,18550.0,0.1196765498652291,0.22187196129742429,4115.72488206722,-0.10219541143219518,-1895.7248820672203,regresion_conjunta_normalizada,ac_power_norm
1239,2019-10-04 15:00:00,1590.0,154.76575,7.2161130884,-0.7071067811865471,-0.7071067811865479,-0.9984354211555644,0.055916990100603,18550.0,18550.0,0.08571428571428572,0.17740669276570717,3290.894150803868,-0.09169240705142145,-1700.894150803868,regresion_conjunta_normalizada,ac_power_norm
1239,2019-10-04 16:00:00,535.0,68.8525,6.160140781700001,-0.8660254037844385,-0.5000000000000004,-0.9984354211555644,0.055916990100603,18550.0,18550.0,0.028840970350404314,0.08429802997845622,1563.7284561003628,-0.055457059628051905,-1028.7284561003628,regresion_conjunta_normalizada,ac_power_norm
1239,2019-10-04 17:00:00,215.0,53.90825,5.898612983000004,-0.9659258262890684,-0.2588190451025206,-0.9984354211555644,0.055916990100603,18550.0,18550.0,0.011590296495956873,0.06328506304415005,1173.9379194689834,-0.051694766548193175,-958.9379194689834,regresion_conjunta_normalizada,ac_power_norm
1239,2019-10-04 18:00:00,-65.0,1.309,5.080140695300004,-1.0,-1.8369701987210287e-16,-0.9984354211555644,0.055916990100603,18550.0,18550.0,-0.003504043126684636,0.00310329891251427,57.566194827139704,-0.006607342039198906,-122.5661948271397,regresion_conjunta_normalizada,ac_power_norm
1239,2019-10-05 06:00:00,5.0,3.9705,2.931390523400001,1.0,6.123233995736766e-17,-0.9973249731081556,0.0730951298980777,18550.0,18550.0,0.00026954177897574127,-0.006227077066796325,-115.51227958907182,0.006496618845772066,120.51227958907182,regresion_conjunta_normalizada,ac_power_norm
1239,2019-10-05 07:00:00,185.0,42.86925,2.6080571642000034,0.9659258262890684,-0.2588190451025206,-0.9973249731081556,0.0730951298980777,18550.0,18550.0,0.009973045822102426,0.029665019197147993,550.2861061070953,-0.019691973375045566,-365.2861061070953,regresion_conjunta_normalizada,ac_power_norm
1239,2019-10-05 08:00:00,840.0,91.54175,3.7511128112000014,0.8660254037844387,-0.4999999999999998,-0.9973249731081556,0.0730951298980777,18550.0,18550.0,0.045283018867924525,0.08321275652784947,1543.5966335916078,-0.037929737659924946,-703.5966335916078,regresion_conjunta_normalizada,ac_power_norm
1239,2019-10-05 09:00:00,2720.0,267.16375,6.248890788800002,0.7071067811865476,-0.7071067811865475,-0.9973249731081556,0.0730951298980777,18550.0,18550.0,0.14663072776280323,0.2568797950559484,4765.120198287843,-0.11024906729314515,-2045.1201982878429,regresion_conjunta_normalizada,ac_power_norm
1239,2019-10-05 10:00:00,6215.0,524.99,9.4059743747,0.4999999999999999,-0.8660254037844387,-0.9973249731081556,0.0730951298980777,18550.0,18550.0,0.33504043126684635,0.4966712642245769,9213.251951365903,-0.16163083295773056,-2998.2519513659026,regresion_conjunta_normalizada,ac_power_norm
1239,2019-10-05 11:00:00,7545.0,619.3895,10.602502248200004,0.258819045102521,-0.9659258262890682,-0.9973249731081556,0.0730951298980777,18550.0,18550.0,0.4067385444743935,0.5892490602756704,10930.570068113686,-0.18251051580127686,-3385.570068113686,regresion_conjunta_normalizada,ac_power_norm
1239,2019-10-05 12:00:00,7730.0,625.9345,10.751668926800004,1.2246467991473532e-16,-1.0,-0.9973249731081556,0.0730951298980777,18550.0,18550.0,0.41671159029649596,0.6050438622296874,11223.563644360702,-0.18833227193319146,-3493.563644360702,regresion_conjunta_normalizada,ac_power_norm
1239,2019-10-05 13:00:00,7157.25,592.7955,12.0693079211,-0.2588190451025208,-0.9659258262890684,-0.9973249731081556,0.0730951298980777,18550.0,18550.0,0.3858355795148248,0.5933420807415848,11006.495597756399,-0.20750650122676,-3849.2455977563986,regresion_conjunta_normalizada,ac_power_norm
1239,2019-10-05 14:00:00,6075.0,508.64975,13.919724735800004,-0.4999999999999997,-0.8660254037844388,-0.9973249731081556,0.0730951298980777,18550.0,18550.0,0.3274932614555256,0.5349065595722333,9922.516680064928,-0.20741329811670772,-3847.5166800649276,regresion_conjunta_normalizada,ac_power_norm
1239,2019-10-05 15:00:00,4485.0,389.292,14.821113696800005,-0.7071067811865471,-0.7071067811865479,-0.9973249731081556,0.0730951298980777,18550.0,18550.0,0.24177897574123988,0.42979131395079745,7972.628873787293,-0.18801233820955757,-3487.628873787293,regresion_conjunta_normalizada,ac_power_norm
1239,2019-10-05 16:00:00,2150.0,237.297,14.801391473000004,-0.8660254037844385,-0.5000000000000004,-0.9973249731081556,0.0730951298980777,18550.0,18550.0,0.11590296495956873,0.27988203218408914,5191.811697014853,-0.1639790672245204,-3041.811697014853,regresion_conjunta_normalizada,ac_power_norm
1239,2019-10-05 17:00:00,225.0,81.98599999999999,14.016946965800004,-0.9659258262890684,-0.2588190451025206,-0.9973249731081556,0.0730951298980777,18550.0,18550.0,0.012129380053908356,0.11516245497204466,2136.2635397314284,-0.1030330749181363,-1911.2635397314284,regresion_conjunta_normalizada,ac_power_norm
1239,2019-10-05 18:00:00,-50.0,2.3125,9.175141022900004,-1.0,-1.8369701987210287e-16,-0.9973249731081556,0.0730951298980777,18550.0,18550.0,-0.0026954177897574125,0.016377040646293188,303.79410398873864,-0.0190724584360506,-353.79410398873864,regresion_conjunta_normalizada,ac_power_norm
1239,2019-10-06 06:00:00,10.0,6.63225,-1.1172209115999987,1.0,6.123233995736766e-17,-0.9959189961471792,0.0902516100310407,18550.0,18550.0,0.0005390835579514825,-0.024883318967718213,-461.58556685117287,0.025422402525669695,471.58556685117287,regresion_conjunta_normalizada,ac_power_norm
1239,2019-10-06 07:00:00,280.0,44.28725,0.3243069815000021,0.9659258262890684,-0.2588190451025206,-0.9959189961471792,0.0902516100310407,18550.0,18550.0,0.01509433962264151,0.01763568802458157,327.1420128559881,-0.00254134840194006,-47.14201285598813,regresion_conjunta_normalizada,ac_power_norm
1239,2019-10-06 08:00:00,1225.0,116.4125,1.9330571102000027,0.8660254037844387,-0.4999999999999998,-0.9959189961471792,0.0902516100310407,18550.0,18550.0,0.0660377358490566,0.09378625687508707,1739.7350650328651,-0.027748521026030468,-514.7350650328651,regresion_conjunta_normalizada,ac_power_norm
1239,2019-10-06 09:00:00,2560.0,231.64675,4.441668422000001,0.7071067811865476,-0.7071067811865475,-0.9959189961471792,0.0902516100310407,18550.0,18550.0,0.13800539083557953,0.21521860197509773,3992.305066638063,-0.0772132111395182,-1432.3050666380632,regresion_conjunta_normalizada,ac_power_norm
1239,2019-10-06 10:00:00,2840.0,267.862,6.247224122000002,0.4999999999999999,-0.8660254037844387,-0.9959189961471792,0.0902516100310407,18550.0,18550.0,0.15309973045822103,0.2656632431456017,4928.053160350912,-0.11256351268738066,-2088.0531603509116,regresion_conjunta_normalizada,ac_power_norm
1239,2019-10-06 11:00:00,4060.0,363.025,8.465002077200001,0.258819045102521,-0.9659258262890682,-0.9959189961471792,0.0902516100310407,18550.0,18550.0,0.2188679245283019,0.36925504945237536,6849.681167341563,-0.15038712492407347,-2789.681167341563,regresion_conjunta_normalizada,ac_power_norm
1239,2019-10-06 12:00:00,4485.0,392.1062500000001,10.760002260800002,1.2246467991473532e-16,-1.0,-0.9959189961471792,0.0902516100310407,18550.0,18550.0,0.24177897574123988,0.41507236977445344,7699.592459316112,-0.17329339403321356,-3214.5924593161117,regresion_conjunta_normalizada,ac_power_norm
1239,2019-10-06 13:00:00,6980.0,599.275,13.107085781900006,-0.2588190451025208,-0.9659258262890684,-0.9959189961471792,0.0902516100310407,18550.0,18550.0,0.3762803234501348,0.6053869899671531,11229.92866389069,-0.22910666651701833,-4249.928663890691,regresion_conjunta_normalizada,ac_power_norm
1239,2019-10-06 14:00:00,2620.0,241.87875000000005,13.035280220600004,-0.4999999999999997,-0.8660254037844388,-0.9959189961471792,0.0902516100310407,18550.0,18550.0,0.14123989218328842,0.2932387963849497,5439.579672940817,-0.1519989042016613,-2819.5796729408166,regresion_conjunta_normalizada,ac_power_norm
1239,2019-10-06 15:00:00,1775.0,173.39675,12.651391301000002,-0.7071067811865471,-0.7071067811865479,-0.9959189961471792,0.0902516100310407,18550.0,18550.0,0.09568733153638814,0.22106776988956497,4100.80713145143,-0.12538043835317683,-2325.80713145143,regresion_conjunta_normalizada,ac_power_norm
1239,2019-10-06 16:00:00,415.0,60.14775,12.315419051900005,-0.8660254037844385,-0.5000000000000004,-0.9959189961471792,0.0902516100310407,18550.0,18550.0,0.022371967654986523,0.10015042048637077,1857.7903000221777,-0.07777845283138424,-1442.7903000221777,regresion_conjunta_normalizada,ac_power_norm
1239,2019-10-06 17:00:00,-30.0,9.9265,11.968057913000004,-0.9659258262890684,-0.2588190451025206,-0.9959189961471792,0.0902516100310407,18550.0,18550.0,-0.0016172506738544475,0.03921404759979104,727.4205829761238,-0.04083129827364548,-757.4205829761238,regresion_conjunta_normalizada,ac_power_norm
1239,2019-10-06 18:00:00,10.0,2.1597500000000003,10.755696704900004,-1.0,-1.8369701987210287e-16,-0.9959189961471792,0.0902516100310407,18550.0,18550.0,0.0005390835579514825,0.019964041682844755,370.3329732167702,-0.019424958124893272,-360.3329732167702,regresion_conjunta_normalizada,ac_power_norm
1239,2019-10-07 06:00:00,10.0,2.5307500000000003,12.9636135482,1.0,6.123233995736766e-17,-0.994217906893952,0.107381346664163,18550.0,18550.0,0.0005390835579514825,0.0218049145573921,404.4811650396234,-0.021265830999440617,-394.4811650396234,regresion_conjunta_normalizada,ac_power_norm
1239,2019-10-07 07:00:00,10.0,11.12625,13.1295857837,0.9659258262890684,-0.2588190451025206,-0.994217906893952,0.107381346664163,18550.0,18550.0,0.0005390835579514825,0.04002571301930311,742.4769765080728,-0.03948662946135163,-732.4769765080728,regresion_conjunta_normalizada,ac_power_norm
1239,2019-10-07 08:00:00,15.0,23.62725,13.426252474100004,0.8660254037844387,-0.4999999999999998,-0.994217906893952,0.107381346664163,18550.0,18550.0,0.0008086253369272237,0.06227588882573787,1155.2177377174376,-0.061467263488810646,-1140.2177377174376,regresion_conjunta_normalizada,ac_power_norm
1239,2019-10-07 09:00:00,725.0,79.76075,14.101252528100003,0.7071067811865476,-0.7071067811865475,-0.994217906893952,0.107381346664163,18550.0,18550.0,0.03908355795148248,0.12673090881448262,2350.8583585086526,-0.08764735086300014,-1625.8583585086526,regresion_conjunta_normalizada,ac_power_norm
1239,2019-10-07 10:00:00,910.0,93.7235,15.378058185800004,0.4999999999999999,-0.8660254037844387,-0.994217906893952,0.107381346664163,18550.0,18550.0,0.04905660377358491,0.15253739647022285,2829.568704522634,-0.10348079269663794,-1919.568704522634,regresion_conjunta_normalizada,ac_power_norm
1239,2019-10-07 11:00:00,635.0,75.7905,14.105419195100003,0.258819045102521,-0.9659258262890682,-0.994217906893952,0.107381346664163,18550.0,18550.0,0.03423180592991914,0.1370690743677768,2542.6313295222594,-0.10283726843785765,-1907.6313295222594,regresion_conjunta_normalizada,ac_power_norm
1239,2019-10-07 12:00:00,435.0,56.76625,12.017363472500003,1.2246467991473532e-16,-1.0,-0.994217906893952,0.107381346664163,18550.0,18550.0,0.02345013477088949,0.11281870037814895,2092.786892014663,-0.08936856560725946,-1657.786892014663,regresion_conjunta_normalizada,ac_power_norm
1239,2019-10-07 13:00:00,535.0,66.693,12.214169043800004,-0.2588190451025208,-0.9659258262890684,-0.994217906893952,0.107381346664163,18550.0,18550.0,0.028840970350404314,0.12333945140897179,2287.946823636427,-0.09449848105856748,-1752.9468236364269,regresion_conjunta_normalizada,ac_power_norm
1239,2019-10-07 14:00:00,600.0,72.23424999999999,12.474169064600002,-0.4999999999999997,-0.8660254037844388,-0.994217906893952,0.107381346664163,18550.0,18550.0,0.03234501347708895,0.12697419082696593,2355.371239840218,-0.09462917734987697,-1755.371239840218,regresion_conjunta_normalizada,ac_power_norm
1239,2019-10-07 15:00:00,410.0,60.14775,12.274585715300004,-0.7071067811865471,-0.7071067811865479,-0.994217906893952,0.107381346664163,18550.0,18550.0,0.022102425876010783,0.10851395308606432,2012.933829746493,-0.08641152721005353,-1602.933829746493,regresion_conjunta_normalizada,ac_power_norm
1239,2019-10-07 16:00:00,190.0,42.10575,11.965141246100004,-0.8660254037844385,-0.5000000000000004,-0.994217906893952,0.107381346664163,18550.0,18550.0,0.010242587601078167,0.08165966915186665,1514.7868627671264,-0.07141708155078848,-1324.7868627671264,regresion_conjunta_normalizada,ac_power_norm
1239,2019-10-07 17:00:00,-45.0,10.42825,11.686946779400005,-0.9659258262890684,-0.2588190451025206,-0.994217906893952,0.107381346664163,18550.0,18550.0,-0.002425876010781671,0.03987463214094251,739.6744262144836,-0.042300508151724175,-784.6744262144836,regresion_conjunta_normalizada,ac_power_norm
1239,2019-10-07 18:00:00,10.0,1.46175,10.979307833900004,-1.0,-1.8369701987210287e-16,-0.994217906893952,0.107381346664163,18550.0,18550.0,0.0005390835579514825,0.020322663604322132,376.98540986017554,-0.01978358004637065,-366.98540986017554,regresion_conjunta_normalizada,ac_power_norm
1430,2010-07-28 09:00:00,191.623333,621.359516,20.03361625,0.7071067811865476,-0.7071067811865475,-0.4405187843504952,-0.8977433935342336,332.82999975,332.82999975,0.5757393658742747,0.5800491093373099,193.05774491572458,-0.004309743463035254,-1.4344119157245814,regresion_conjunta_normalizada,ac_power_norm
1430,2010-07-28 10:00:00,259.51499975,878.2463329999999,21.91698325,0.4999999999999999,-0.8660254037844387,-0.4405187843504952,-0.8977433935342336,332.82999975,332.82999975,0.7797223806295424,0.8000223926861629,266.27145275773,-0.020300012056620576,-6.756453007729988,regresion_conjunta_normalizada,ac_power_norm
1430,2010-07-28 11:00:00,287.753333,959.7943495,23.73344975,0.258819045102521,-0.9659258262890682,-0.4405187843504952,-0.8977433935342336,332.82999975,332.82999975,0.8645654935436751,0.87970333720477,292.79166150193777,-0.01513784366109494,-5.0383285019377695,regresion_conjunta_normalizada,ac_power_norm
1430,2010-07-28 12:00:00,279.52999975,915.3721995,24.574533,1.2246467991473532e-16,-1.0,-0.4405187843504952,-0.8977433935342336,332.82999975,332.82999975,0.8398581857403615,0.8597084234811974,286.13675437231984,-0.01985023774083583,-6.606754622319841,regresion_conjunta_normalizada,ac_power_norm
1430,2010-07-28 13:00:00,237.9866665,760.9736330000001,25.39211625,-0.2588190451025208,-0.9659258262890684,-0.4405187843504952,-0.8977433935342336,332.82999975,332.82999975,0.7150397099983773,0.7406435883898856,246.50840533864476,-0.02560387839150835,-8.521738838644751,regresion_conjunta_normalizada,ac_power_norm
1430,2010-07-28 14:00:00,189.9716665,612.12409975,26.2245495,-0.4999999999999997,-0.8660254037844388,-0.4405187843504952,-0.8977433935342336,332.82999975,332.82999975,0.5707768730063222,0.6065663747078993,201.88348634238855,-0.03578950170157713,-11.911819842388553,regresion_conjunta_normalizada,ac_power_norm
1430,2010-07-28 15:00:00,103.593333,342.1999995,24.15964975,-0.7071067811865471,-0.7071067811865479,-0.4405187843504952,-0.8977433935342336,332.82999975,332.82999975,0.31124998671337467,0.34388520470724115,114.45531259673977,-0.03263521799386648,-10.861979596739772,regresion_conjunta_normalizada,ac_power_norm
1430,2010-07-28 16:00:00,223.83999975,721.46476625,25.78129975,-0.8660254037844385,-0.5000000000000004,-0.4405187843504952,-0.8977433935342336,332.82999975,332.82999975,0.6725355284022891,0.6789387705800327,225.9711908424176,-0.006403242177743573,-2.1311910924175947,regresion_conjunta_normalizada,ac_power_norm
1430,2010-07-28 17:00:00,238.263333,723.0618665,25.05646625,-0.9659258262890684,-0.2588190451025206,-0.4405187843504952,-0.8977433935342336,332.82999975,332.82999975,0.7158709646935905,0.6622345630027628,220.41152943865092,0.05363640169082762,17.851803561349072,regresion_conjunta_normalizada,ac_power_norm
1430,2010-07-28 18:00:00,15.413333,50.5739995,23.54094975,-1.0,-1.8369701987210287e-16,-0.4405187843504952,-0.8977433935342336,332.82999975,332.82999975,0.046309927024539496,-0.008142704324102312,-2.7101362781552965,0.05445263134864181,18.123469278155298,regresion_conjunta_normalizada,ac_power_norm
1430,2010-07-29 06:00:00,65.87166625,283.813483,19.0241995,1.0,6.123233995736766e-17,-0.455906693508459,-0.8900275764346766,332.82999975,332.82999975,0.1979138488101387,0.24086973883521423,80.16867511630691,-0.04295589002507552,-14.29700886630691,regresion_conjunta_normalizada,ac_power_norm
1430,2010-07-29 07:00:00,204.8149995,695.52993275,21.34566625,0.9659258262890684,-0.2588190451025206,-0.455906693508459,-0.8900275764346766,332.82999975,332.82999975,0.6153742140247079,0.5968559622800771,198.65156977646407,0.018518251744630843,6.163429723535927,regresion_conjunta_normalizada,ac_power_norm
1430,2010-07-29 08:00:00,274.43166625,931.9852165,21.83089975,0.8660254037844387,-0.4999999999999998,-0.455906693508459,-0.8900275764346766,332.82999975,332.82999975,0.8245400548512303,0.7925157198880384,263.7730068522069,0.0320243349631919,10.658659397793087,regresion_conjunta_normalizada,ac_power_norm
1430,2010-07-29 09:00:00,288.0849995,977.47291625,23.23426625,0.7071067811865476,-0.7071067811865475,-0.455906693508459,-0.8900275764346766,332.82999975,332.82999975,0.8655619977657978,0.8496470851713662,282.7880391451741,0.015914912594431563,5.296960354825899,regresion_conjunta_normalizada,ac_power_norm
1430,2010-07-29 10:00:00,290.20666625,977.544133,24.86693325,0.4999999999999999,-0.8660254037844387,-0.455906693508459,-0.8900275764346766,332.82999975,332.82999975,0.8719366237057482,0.8738045418093465,290.82836543195367,-0.0018679181035983206,-0.6216991819536588,regresion_conjunta_normalizada,ac_power_norm
1430,2010-07-29 11:00:00,286.393333,963.9943495,26.34249975,0.258819045102521,-0.9659258262890682,-0.455906693508459,-0.8900275764346766,332.82999975,332.82999975,0.8604793234237292,0.883520738121141,294.0622070479792,-0.023041414697411722,-7.668874047979216,regresion_conjunta_normalizada,ac_power_norm
1430,2010-07-29 12:00:00,293.10499975,989.0085495,28.032683,1.2246467991473532e-16,-1.0,-0.455906693508459,-0.8900275764346766,332.82999975,332.82999975,0.8806447735184965,0.9153370725159584,304.6516376166522,-0.03469229899746196,-11.54663786665219,regresion_conjunta_normalizada,ac_power_norm
1430,2010-07-29 13:00:00,157.9199995,515.2499162500001,27.4111665,-0.2588190451025208,-0.9659258262890684,-0.455906693508459,-0.8900275764346766,332.82999975,332.82999975,0.47447645830790225,0.5198101729252351,173.00841972475348,-0.045333714617332876,-15.088420224753492,regresion_conjunta_normalizada,ac_power_norm
1430,2010-07-29 14:00:00,77.3899995,245.40714975,26.69946625,-0.4999999999999997,-0.8660254037844388,-0.455906693508459,-0.8900275764346766,332.82999975,332.82999975,0.2325211055437619,0.24896420495802662,82.86275627393896,-0.016443099414264722,-5.472756773938954,regresion_conjunta_normalizada,ac_power_norm
1430,2010-07-29 15:00:00,39.09499975,130.688933,22.27668275,-0.7071067811865471,-0.7071067811865479,-0.455906693508459,-0.8900275764346766,332.82999975,332.82999975,0.11746236751304147,0.13064020370709362,43.48097896717192,-0.013177836194052148,-4.385979217171922,regresion_conjunta_normalizada,ac_power_norm
1430,2010-07-29 16:00:00,73.7649995,239.304883,21.89829975,-0.8660254037844385,-0.5000000000000004,-0.455906693508459,-0.8900275764346766,332.82999975,332.82999975,0.22162965945199475,0.23254220557554933,77.39702222357454,-0.010912546123554578,-3.6320227235745364,regresion_conjunta_normalizada,ac_power_norm
1430,2010-07-29 17:00:00,81.32666625,261.1554165,22.98634975,-0.9659258262890684,-0.2588190451025206,-0.455906693508459,-0.8900275764346766,332.82999975,332.82999975,0.24434896587172802,0.23528537790783766,78.31003227024426,0.009063587963890368,3.0166339797557384,regresion_conjunta_normalizada,ac_power_norm
1430,2010-07-29 18:00:00,26.28666625,84.74596625,23.3859165,-1.0,-1.8369701987210287e-16,-0.455906693508459,-0.8900275764346766,332.82999975,332.82999975,0.07897925748804138,0.030662521951222314,10.205407173359692,0.04831673553681907,16.081259076640308,regresion_conjunta_normalizada,ac_power_norm
1430,2010-07-31 06:00:00,0.0,47.3249,15.9435,1.0,6.123233995736766e-17,-0.4862727071086902,-0.8738071036110807,332.82999975,332.82999975,0.0,0.02897232099231737,9.64285758862991,-0.02897232099231737,-9.64285758862991,regresion_conjunta_normalizada,ac_power_norm
1430,2010-07-31 11:00:00,286.45499975,954.80466625,25.29026625,0.258819045102521,-0.9659258262890682,-0.4862727071086902,-0.8738071036110807,332.82999975,332.82999975,0.8606646034467029,0.8767698564835247,291.81531111421907,-0.016105253036821754,-5.360311364219058,regresion_conjunta_normalizada,ac_power_norm
1430,2010-07-31 12:00:00,280.0016665,922.0097665,25.8501665,1.2246467991473532e-16,-1.0,-0.4862727071086902,-0.8738071036110807,332.82999975,332.82999975,0.8412753258730247,0.8652591371114797,287.984198388499,-0.023983811238455055,-7.982531888499011,regresion_conjunta_normalizada,ac_power_norm
1430,2010-07-31 13:00:00,292.3066665,965.751683,26.526733,-0.2588190451025208,-0.9659258262890684,-0.4862727071086902,-0.8738071036110807,332.82999975,332.82999975,0.878246151847975,0.9048454961917209,301.1597262712791,-0.02659934434374589,-8.853059771279106,regresion_conjunta_normalizada,ac_power_norm
1430,2010-07-31 14:00:00,238.523333,793.8055165,27.1921165,-0.4999999999999997,-0.8660254037844388,-0.4862727071086902,-0.8738071036110807,332.82999975,332.82999975,0.7166521442753448,0.7644510883305782,254.43225553795358,-0.04779894405523333,-15.908922537953572,regresion_conjunta_normalizada,ac_power_norm
1430,2010-07-31 15:00:00,190.81499975000003,630.9966499999999,27.067733,-0.7071067811865471,-0.7071067811865479,-0.4862727071086902,-0.8738071036110807,332.82999975,332.82999975,0.5733106988352242,0.6128456845337844,203.97342903016806,-0.03953498569856018,-13.158429280168036,regresion_conjunta_normalizada,ac_power_norm
1430,2010-07-31 16:00:00,135.50499975,433.99558275,26.627083,-0.8660254037844385,-0.5000000000000004,-0.4862727071086902,-0.8738071036110807,332.82999975,332.82999975,0.4071297655012542,0.41344051432420315,137.6054062791644,-0.006310748822948964,-2.1004065291644167,regresion_conjunta_normalizada,ac_power_norm
1430,2010-07-31 17:00:00,153.8666665,473.08731625,26.53676625,-0.9659258262890684,-0.2588190451025206,-0.4862727071086902,-0.8738071036110807,332.82999975,332.82999975,0.46229806993232136,0.43187130921978706,143.73972773965392,0.030426760712534306,10.126938760346093,regresion_conjunta_normalizada,ac_power_norm
1430,2010-07-31 18:00:00,69.018333,201.1096495,25.711883,-1.0,-1.8369701987210287e-16,-0.4862727071086902,-0.8738071036110807,332.82999975,332.82999975,0.2073681250243128,0.14320803228365936,47.663929349168335,0.06416009274065343,21.354403650831664,regresion_conjunta_normalizada,ac_power_norm
1430,2010-08-02 06:00:00,66.4616665,279.37826625,19.599233,1.0,6.123233995736766e-17,-0.5160623910158526,-0.8565509959010037,332.82999975,332.82999975,0.1996865263044847,0.23643142193307676,78.69147010287809,-0.03674489562859207,-12.229803602878079,regresion_conjunta_normalizada,ac_power_norm
1430,2010-08-02 07:00:00,210.94999975,706.998233,21.3529165,0.9659258262890684,-0.2588190451025206,-0.5160623910158526,-0.8565509959010037,332.82999975,332.82999975,0.6338070483683915,0.6056824307920696,201.58928328910395,0.028124617576321898,9.360716460896043,regresion_conjunta_normalizada,ac_power_norm
1430,2010-08-02 08:00:00,186.508333,590.1972497500001,21.6802165,0.8660254037844387,-0.4999999999999998,-0.5160623910158526,-0.8565509959010037,332.82999975,332.82999975,0.5603711598716846,0.5349793976895305,178.0571927992616,0.02539176218215411,8.451140200738394,regresion_conjunta_normalizada,ac_power_norm
1430,2010-08-02 09:00:00,143.14999975,465.78721625,22.7200165,0.7071067811865476,-0.7071067811865475,-0.5160623910158526,-0.8565509959010037,332.82999975,332.82999975,0.4300994497416845,0.44722421137638324,148.8496341605956,-0.017124761634698726,-5.699634410595593,regresion_conjunta_normalizada,ac_power_norm
1430,2010-08-02 10:00:00,195.4749995,646.217333,23.642833,0.4999999999999999,-0.8660254037844387,-0.5160623910158526,-0.8565509959010037,332.82999975,332.82999975,0.5873118398186099,0.6178979591503131,205.65497758952424,-0.030586119331703188,-10.17997808952424,regresion_conjunta_normalizada,ac_power_norm
1430,2010-08-02 11:00:00,272.933333,907.25838275,25.81819975,0.258819045102521,-0.9659258262890682,-0.5160623910158526,-0.8565509959010037,332.82999975,332.82999975,0.8200382573836781,0.8413838668198312,280.03779218329845,-0.021345609436153157,-7.104459183298445,regresion_conjunta_normalizada,ac_power_norm
1430,2010-08-02 12:00:00,247.603333,839.722983,26.42629975,1.2246467991473532e-16,-1.0,-0.5160623910158526,-0.8565509959010037,332.82999975,332.82999975,0.7439333388996885,0.8010564248532872,266.61560968365546,-0.05712308595359872,-19.01227668365547,regresion_conjunta_normalizada,ac_power_norm
1430,2010-08-02 13:00:00,193.7516665,649.6200662499999,26.7650165,-0.2588190451025208,-0.9659258262890684,-0.5160623910158526,-0.8565509959010037,332.82999975,332.82999975,0.582134022310289,0.6451257305382971,214.71719673378,-0.06299170822800815,-20.965530233780015,regresion_conjunta_normalizada,ac_power_norm
1430,2010-08-02 14:00:00,227.76666625,753.06569975,27.53401625,-0.4999999999999997,-0.8660254037844388,-0.5160623910158526,-0.8565509959010037,332.82999975,332.82999975,0.684333342610592,0.7301980558136307,243.03181873390122,-0.045864713203038754,-15.265152483901232,regresion_conjunta_normalizada,ac_power_norm
1430,2010-08-02 15:00:00,19.25333325,66.84488300000001,22.69206625,-0.7071067811865471,-0.7071067811865479,-0.5160623910158526,-0.8565509959010037,332.82999975,332.82999975,0.05784734929081464,0.06344981302453331,21.11800125309297,-0.005602463733718671,-1.8646680030929694,regresion_conjunta_normalizada,ac_power_norm
1430,2010-08-02 16:00:00,10.17333325,37.680316000000005,18.470533,-0.8660254037844385,-0.5000000000000004,-0.5160623910158526,-0.8565509959010037,332.82999975,332.82999975,0.030566154666470988,0.030775335708704575,10.24295497623431,-0.0002091810422335874,-0.06962172623430973,regresion_conjunta_normalizada,ac_power_norm
1430,2010-08-02 17:00:00,16.013333,56.32789975,18.062883,-0.9659258262890684,-0.2588190451025206,-0.5160623910158526,-0.8565509959010037,332.82999975,332.82999975,0.048112649136280265,0.03945748271455864,13.132633962022181,0.008655166421721629,2.880699037977818,regresion_conjunta_normalizada,ac_power_norm
1430,2010-08-02 18:00:00,4.4366665,19.7169165,19.42779975,-1.0,-1.8369701987210287e-16,-0.5160623910158526,-0.8565509959010037,332.82999975,332.82999975,0.013330128003282553,-0.01812640822677802,-6.033012445586927,0.031456536230060575,10.469678945586928,regresion_conjunta_normalizada,ac_power_norm
1430,2010-08-03 06:00:00,62.8949995,280.1412165,16.759549749999998,1.0,6.123233995736766e-17,-0.5307300481619331,-0.8475409228928312,332.82999975,332.82999975,0.1889703438609578,0.24436220324048102,81.33107204343875,-0.055391859379523234,-18.436072543438755,regresion_conjunta_normalizada,ac_power_norm
1430,2010-08-03 07:00:00,130.3116665,432.4137495,18.2345165,0.9659258262890684,-0.2588190451025206,-0.5307300481619331,-0.8475409228928312,332.82999975,332.82999975,0.3915262043622316,0.3892296484279696,129.54730378897372,0.0022965559342620345,0.7643627110262798,regresion_conjunta_normalizada,ac_power_norm
1430,2010-08-03 08:00:00,287.27999975,982.964783,21.6052165,0.8660254037844387,-0.4999999999999998,-0.5307300481619331,-0.8475409228928312,332.82999975,332.82999975,0.8631433463503465,0.826332714703409,275.02831722815245,0.03681063164693754,12.251682521847556,regresion_conjunta_normalizada,ac_power_norm
1430,2010-08-03 09:00:00,307.018333,1062.5228165,22.6188995,0.7071067811865476,-0.7071067811865475,-0.5307300481619331,-0.8475409228928312,332.82999975,332.82999975,0.9224478960148182,0.9060500855005631,301.5606497306399,0.01639781051425515,5.457683269360075,regresion_conjunta_normalizada,ac_power_norm
1430,2010-08-03 10:00:00,293.33666625,985.2701665,23.3800495,0.4999999999999999,-0.8660254037844387,-0.5307300481619331,-0.8475409228928312,332.82999975,332.82999975,0.8813408240553291,0.8783387423397164,292.3374833933431,0.00300208171561267,0.999182856656887,regresion_conjunta_normalizada,ac_power_norm
1430,2010-08-03 11:00:00,251.053333,836.401633,24.63388325,0.258819045102521,-0.9659258262890682,-0.5307300481619331,-0.8475409228928312,332.82999975,332.82999975,0.754298991042198,0.7870478782360841,261.9531451165539,-0.032748887193886134,-10.899812116553903,regresion_conjunta_normalizada,ac_power_norm
1430,2010-08-03 12:00:00,234.0199995,767.74218275,25.65201625,1.2246467991473532e-16,-1.0,-0.5307300481619331,-0.8475409228928312,332.82999975,332.82999975,0.70312171281369,0.7433624034103565,247.41330854122836,-0.04024069059666657,-13.393309041228349,regresion_conjunta_normalizada,ac_power_norm
1430,2010-08-03 13:00:00,66.788333,206.07879975,24.640683,-0.2588190451025208,-0.9659258262890684,-0.5307300481619331,-0.8475409228928312,332.82999975,332.82999975,0.20066800784234293,0.22454474856528175,74.73522860884654,-0.023876740722938827,-7.946895608846546,regresion_conjunta_normalizada,ac_power_norm
1430,2010-08-03 14:00:00,203.41666625,674.79828275,25.9427165,-0.4999999999999997,-0.8660254037844388,-0.5307300481619331,-0.8475409228928312,332.82999975,332.82999975,0.6111728702424457,0.6652607746397892,221.41874345704585,-0.054087904397343456,-18.002077207045858,regresion_conjunta_normalizada,ac_power_norm
1430,2010-08-03 15:00:00,196.92499975,690.80606625,26.5347165,-0.7071067811865471,-0.7071067811865479,-0.5307300481619331,-0.8475409228928312,332.82999975,332.82999975,0.5916684190064511,0.6684726339004097,222.4877465739552,-0.07680421489395861,-25.562746823955194,regresion_conjunta_normalizada,ac_power_norm
1430,2010-08-03 16:00:00,79.8999995,253.23868299999995,25.00254975,-0.8660254037844385,-0.5000000000000004,-0.5307300481619331,-0.8475409228928312,332.82999975,332.82999975,0.24006249304454413,0.24020173607165463,79.94634375667837,-0.00013924302711049164,-0.046344256678366946,regresion_conjunta_normalizada,ac_power_norm
1430,2010-08-03 17:00:00,16.2599995,57.0119665,21.4877165,-0.9659258262890684,-0.2588190451025206,-0.5307300481619331,-0.8475409228928312,332.82999975,332.82999975,0.04885376772590644,0.029450050314809358,9.801860238915486,0.01940371741109708,6.458139261084513,regresion_conjunta_normalizada,ac_power_norm
1430,2010-08-03 18:00:00,105.63999975,297.0555495,21.8808995,-1.0,-1.8369701987210287e-16,-0.5307300481619331,-0.8475409228928312,332.82999975,332.82999975,0.3173992723893574,0.2608570115653343,86.82103909407597,0.05654226082402308,18.81896065592403,regresion_conjunta_normalizada,ac_power_norm
1430,2010-08-04 06:00:00,39.03499975,182.60958325,14.93829975,1.0,6.123233995736766e-17,-0.5452404385406507,-0.8382797052177745,332.82999975,332.82999975,0.11728209530186738,0.16009493663090438,53.284397718840175,-0.042812841329036996,-14.249397968840178,regresion_conjunta_normalizada,ac_power_norm
1430,2010-08-04 07:00:00,149.77999975,510.019983,18.53351625,0.9659258262890684,-0.2588190451025206,-0.5452404385406507,-0.8382797052177745,332.82999975,332.82999975,0.45001952907642,0.45362984470316386,150.98162109914657,-0.003610315626743854,-1.2016213491465635,regresion_conjunta_normalizada,ac_power_norm
1430,2010-08-04 08:00:00,182.23333275,589.904783,21.15504975,0.8660254037844387,-0.4999999999999998,-0.5452404385406507,-0.8382797052177745,332.82999975,332.82999975,0.5475267640743974,0.5355928606261602,178.26137166830668,0.011933903448237193,3.9719610816933084,regresion_conjunta_normalizada,ac_power_norm
1430,2010-08-04 09:00:00,249.14666625,817.909183,21.41759975,0.7071067811865476,-0.7071067811865475,-0.5452404385406507,-0.8382797052177745,332.82999975,332.82999975,0.7485703405256214,0.7338564093426665,244.24942853805558,0.014713931182954942,4.8972377119444275,regresion_conjunta_normalizada,ac_power_norm
1430,2010-08-04 10:00:00,295.938333,993.586183,23.23551625,0.4999999999999999,-0.8660254037844387,-0.5452404385406507,-0.8382797052177745,332.82999975,332.82999975,0.889157627684672,0.8839872253565118,294.21746799441104,0.00517040232816024,1.720865005588962,regresion_conjunta_normalizada,ac_power_norm
1430,2010-08-04 11:00:00,284.363333,942.1537995,23.7502665,0.258819045102521,-0.9659258262890682,-0.5452404385406507,-0.8382797052177745,332.82999975,332.82999975,0.8543801136123397,0.86676997646593,288.487051050463,-0.012389862853590339,-4.123718050462969,regresion_conjunta_normalizada,ac_power_norm
1430,2010-08-04 12:00:00,288.773333,949.79859975,25.265133,1.2246467991473532e-16,-1.0,-0.5452404385406507,-0.8382797052177745,332.82999975,332.82999975,0.8676301211336342,0.8867057547403203,295.1222761285444,-0.01907563360668607,-6.34894312854442,regresion_conjunta_normalizada,ac_power_norm
1430,2010-08-04 13:00:00,249.7799995,814.35396625,25.584733,-0.2588190451025208,-0.9659258262890684,-0.5452404385406507,-0.8382797052177745,332.82999975,332.82999975,0.7504732136154142,0.7864227275849809,261.7450762255035,-0.03594951396956669,-11.965076725503508,regresion_conjunta_normalizada,ac_power_norm
1430,2010-08-04 14:00:00,83.22499975,269.488033,25.18976625,-0.4999999999999997,-0.8660254037844388,-0.5452404385406507,-0.8382797052177745,332.82999975,332.82999975,0.2500525788315751,0.2829321896065907,94.16832059602855,-0.03287961077501561,-10.943320846028556,regresion_conjunta_normalizada,ac_power_norm
1430,2010-08-04 15:00:00,72.0366665,235.13541625,25.1524995,-0.7071067811865471,-0.7071067811865479,-0.5452404385406507,-0.8382797052177745,332.82999975,332.82999975,0.2164368192594093,0.23666204552860276,78.76822855411935,-0.020225226269193458,-6.731562054119351,regresion_conjunta_normalizada,ac_power_norm
1430,2010-08-04 16:00:00,124.58499975,385.72439975,22.815233,-0.8660254037844385,-0.5000000000000004,-0.5452404385406507,-0.8382797052177745,332.82999975,332.82999975,0.3743202230675722,0.3802359946502392,126.55394600438012,-0.00591577158266704,-1.9689462543801284,regresion_conjunta_normalizada,ac_power_norm
1430,2010-08-04 17:00:00,46.2599995,157.37146625,20.816533,-0.9659258262890684,-0.2588190451025206,-0.5452404385406507,-0.8382797052177745,332.82999975,332.82999975,0.13898987331294493,0.13959179770673863,46.46033799583587,-0.0006019243937936958,-0.20033849583587227,regresion_conjunta_normalizada,ac_power_norm
1430,2010-08-04 18:00:00,21.00166625,66.6198495,18.54504975,-1.0,-1.8369701987210287e-16,-0.5452404385406507,-0.8382797052177745,332.82999975,332.82999975,0.0631002802204581,0.03701438598300643,12.319498077470435,0.026085894237451675,8.682168172529565,regresion_conjunta_normalizada,ac_power_norm
1430,2010-08-05 06:00:00,26.518333,131.79023275,14.805883,1.0,6.123233995736766e-17,-0.5595892624101763,-0.828770087174504,332.82999975,332.82999975,0.07967530877600824,0.11367172668996817,37.83336076580417,-0.03399641791395992,-11.315027765804174,regresion_conjunta_normalizada,ac_power_norm
1430,2010-08-05 07:00:00,188.40166625,625.5428995,17.1707665,0.9659258262890684,-0.2588190451025206,-0.5595892624101763,-0.828770087174504,332.82999975,332.82999975,0.566059749396133,0.5459074498168615,181.69437638606914,0.02015229957927156,6.707289863930868,regresion_conjunta_normalizada,ac_power_norm
1430,2010-08-05 08:00:00,281.078333,943.42041625,18.94244975,0.8660254037844387,-0.4999999999999998,-0.5595892624101763,-0.828770087174504,332.82999975,332.82999975,0.8445102100505589,0.7970303588360435,265.2756141321428,0.04747985121451548,15.802718867857209,regresion_conjunta_normalizada,ac_power_norm
1430,2010-08-05 09:00:00,295.163333,984.58099975,19.7491995,0.7071067811865476,-0.7071067811865475,-0.5595892624101763,-0.828770087174504,332.82999975,332.82999975,0.8868291116236736,0.8498468243841777,282.8545183473242,0.036982287239495926,12.308814652675835,regresion_conjunta_normalizada,ac_power_norm
1430,2010-08-05 10:00:00,297.7316665,975.078533,21.77659975,0.4999999999999999,-0.8660254037844387,-0.5595892624101763,-0.828770087174504,332.82999975,332.82999975,0.8945457642749646,0.8691966397319468,289.2947173846847,0.025349124543017743,8.436949115315315,regresion_conjunta_normalizada,ac_power_norm
1430,2010-08-05 11:00:00,288.11499975000004,946.50273275,22.85686625,0.258819045102521,-0.9659258262890682,-0.5595892624101763,-0.828770087174504,332.82999975,332.82999975,0.8656521346225192,0.8690521190678993,289.2466165721059,-0.003399984445380033,-1.1316168221058547,regresion_conjunta_normalizada,ac_power_norm
1430,2010-08-05 12:00:00,251.68666625,825.65561625,23.94386625,1.2246467991473532e-16,-1.0,-0.5595892624101763,-0.828770087174504,332.82999975,332.82999975,0.7562018641319906,0.7905199780642023,263.10876410147847,-0.034318113932211625,-11.422097851478469,regresion_conjunta_normalizada,ac_power_norm
1430,2010-08-05 13:00:00,153.973333,490.82183325,24.03009975,-0.2588190451025208,-0.9659258262890684,-0.5595892624101763,-0.828770087174504,332.82999975,332.82999975,0.4626185533625413,0.5063627226964298,168.53270486846205,-0.04374416933388847,-14.559371868462051,regresion_conjunta_normalizada,ac_power_norm
1430,2010-08-05 14:00:00,79.94666625,263.41635,23.93548325,-0.4999999999999997,-0.8660254037844388,-0.5595892624101763,-0.828770087174504,332.82999975,332.82999975,0.24020270501472427,0.2804698054153085,93.34876526625969,-0.04026710040058426,-13.402099016259683,regresion_conjunta_normalizada,ac_power_norm
1430,2010-08-05 15:00:00,151.14166625,525.2621995,24.890933,-0.7071067811865471,-0.7071067811865479,-0.5595892624101763,-0.828770087174504,332.82999975,332.82999975,0.4541107062570311,0.5232576190861262,174.15583322962098,-0.06914691282909513,-23.014166979620995,regresion_conjunta_normalizada,ac_power_norm
1430,2010-08-05 16:00:00,121.1799995,406.950683,24.997433,-0.8660254037844385,-0.5000000000000004,-0.5595892624101763,-0.828770087174504,332.82999975,332.82999975,0.3640897743323091,0.3956435521801124,131.6820433731959,-0.03155377784780328,-10.502043873195916,regresion_conjunta_normalizada,ac_power_norm
1430,2010-08-05 17:00:00,35.23333275,117.51041625,24.11999975,-0.9659258262890684,-0.2588190451025206,-0.5595892624101763,-0.828770087174504,332.82999975,332.82999975,0.10585984669790872,0.0853616611850485,28.410921670879276,0.02049818551286023,6.822411079120727,regresion_conjunta_normalizada,ac_power_norm
1430,2010-08-05 18:00:00,0.91499975,9.80889975,21.3159995,-1.0,-1.8369701987210287e-16,-0.5595892624101763,-0.828770087174504,332.82999975,332.82999975,0.002749150469270461,-0.034874128077197405,-11.60715603921508,0.03762327854646787,12.52215578921508,regresion_conjunta_normalizada,ac_power_norm
1430,2010-08-06 06:00:00,45.8466665,215.6448495,15.732483,1.0,6.123233995736766e-17,-0.5737722679043243,-0.8190148866680802,332.82999975,332.82999975,0.1377479990819247,0.1892543913118069,62.989539012995095,-0.05150639222988221,-17.142872512995098,regresion_conjunta_normalizada,ac_power_norm
1430,2010-08-06 07:00:00,199.9316665,677.97728275,19.29909975,0.9659258262890684,-0.2588190451025206,-0.5737722679043243,-0.8190148866680802,332.82999975,332.82999975,0.600702060061219,0.5854368038655184,194.85093128420132,0.015265256195700516,5.080735215798683,regresion_conjunta_normalizada,ac_power_norm
1430,2010-08-06 08:00:00,276.368333,939.38573275,22.19716625,0.8660254037844387,-0.4999999999999998,-0.5737722679043243,-0.8190148866680802,332.82999975,332.82999975,0.8303588414733939,0.7966913511443929,265.16278220221545,0.03366749032900096,11.205550797784554,regresion_conjunta_normalizada,ac_power_norm
1430,2010-08-06 09:00:00,290.40166625,980.631483,23.7056495,0.7071067811865476,-0.7071067811865475,-0.5737722679043243,-0.8190148866680802,332.82999975,332.82999975,0.8725225083920639,0.8513826659084389,283.3656924814601,0.021139842483624993,7.035973768539918,regresion_conjunta_normalizada,ac_power_norm
1430,2010-08-06 10:00:00,288.5599995,970.100433,24.666883,0.4999999999999999,-0.8660254037844387,-0.5737722679043243,-0.8190148866680802,332.82999975,332.82999975,0.8669891527709259,0.8684450915750561,289.04457961181464,-0.0014559388041301968,-0.4845801118146369,regresion_conjunta_normalizada,ac_power_norm
1430,2010-08-06 11:00:00,282.60833275,946.1199495,25.701833,0.258819045102521,-0.9659258262890682,-0.5737722679043243,-0.8190148866680802,332.82999975,332.82999975,0.8491071506843637,0.8709772183538957,289.88734736698285,-0.021870067669532034,-7.279014616982863,regresion_conjunta_normalizada,ac_power_norm
1430,2010-08-06 12:00:00,261.783333,872.0906662499999,26.5837495,1.2246467991473532e-16,-1.0,-0.5737722679043243,-0.8190148866680802,332.82999975,332.82999975,0.7865376714738288,0.8275788031786939,275.44305285507,-0.04104113170486512,-13.659719855069966,regresion_conjunta_normalizada,ac_power_norm
1430,2010-08-06 13:00:00,126.75499975,425.06791625,25.65968275,-0.2588190451025208,-0.9659258262890684,-0.5737722679043243,-0.8190148866680802,332.82999975,332.82999975,0.38084006803836795,0.4427275051572009,147.3529954307893,-0.06188743711883293,-20.597995680789296,regresion_conjunta_normalizada,ac_power_norm
1430,2010-08-06 14:00:00,225.64999975,743.15899975,26.98401625,-0.4999999999999997,-0.8660254037844388,-0.5737722679043243,-0.8190148866680802,332.82999975,332.82999975,0.6779737401060404,0.7241460046045984,241.017514531512,-0.04617226449855805,-15.367514781512,regresion_conjunta_normalizada,ac_power_norm
1430,2010-08-06 15:00:00,61.43333274999999,214.94416625,20.359483,-0.7071067811865471,-0.7071067811865479,-0.5737722679043243,-0.8190148866680802,332.82999975,332.82999975,0.18457871224392233,0.22861600648316727,76.09026538063856,-0.044037294239244934,-14.656932630638565,regresion_conjunta_normalizada,ac_power_norm
1430,2010-08-06 16:00:00,150.88999975000002,467.3130995,20.23971625,-0.8660254037844385,-0.5000000000000004,-0.5737722679043243,-0.8190148866680802,332.82999975,332.82999975,0.4533545649831405,0.46332504011122294,154.20847298438707,-0.009970475128082468,-3.3184732343870564,regresion_conjunta_normalizada,ac_power_norm
1430,2010-08-06 17:00:00,245.94666625,751.8971497499999,24.80231625,-0.9659258262890684,-0.2588190451025206,-0.5737722679043243,-0.8190148866680802,332.82999975,332.82999975,0.7389558225963373,0.6900109975730535,229.65636014973666,0.04894482502328379,16.290306100263336,regresion_conjunta_normalizada,ac_power_norm
1430,2010-08-06 18:00:00,108.223333,296.61688325,23.570783,-1.0,-1.8369701987210287e-16,-0.5737722679043243,-0.8190148866680802,332.82999975,332.82999975,0.3251609923423076,0.25546751877069,85.02725420858188,0.06969347357161759,23.196078791418117,regresion_conjunta_normalizada,ac_power_norm
1430,2010-08-07 06:00:00,57.1216665,273.72479975,19.248483,1.0,6.123233995736766e-17,-0.5877852522924734,-0.8090169943749472,332.82999975,332.82999975,0.1716241520983867,0.23400640751230067,77.88435255381744,-0.062382255413913984,-20.762686053817433,regresion_conjunta_normalizada,ac_power_norm
1430,2010-08-07 07:00:00,175.2249995,572.30631625,21.79339975,0.9659258262890684,-0.2588190451025206,-0.5877852522924734,-0.8090169943749472,332.82999975,332.82999975,0.526469968547359,0.5004093450730511,166.5512421955613,0.02606062347430782,8.673757304438709,regresion_conjunta_normalizada,ac_power_norm
1430,2010-08-07 08:00:00,283.63166625,949.017883,24.83064975,0.8660254037844387,-0.4999999999999998,-0.5877852522924734,-0.8090169943749472,332.82999975,332.82999975,0.8521817938979223,0.8028470375071035,267.2115792927775,0.049334756390818746,16.42008695722251,regresion_conjunta_normalizada,ac_power_norm
1430,2010-08-07 09:00:00,289.57499975,985.62496625,26.67428325,0.7071067811865476,-0.7071067811865475,-0.5877852522924734,-0.8090169943749472,332.82999975,332.82999975,0.870038758427755,0.8547800399266179,284.4964404750812,0.015258718501137136,5.078559274918803,regresion_conjunta_normalizada,ac_power_norm
1430,2010-08-07 10:00:00,289.03499975,972.59134975,27.07394975,0.4999999999999999,-0.8660254037844387,-0.5877852522924734,-0.8090169943749472,332.82999975,332.82999975,0.8684163085271882,0.8705659992396946,289.75048130930605,-0.002149690712506369,-0.7154815593060562,regresion_conjunta_normalizada,ac_power_norm
1430,2010-08-07 11:00:00,275.60666625,933.373783,28.09259975,0.258819045102521,-0.9659258262890682,-0.5877852522924734,-0.8090169943749472,332.82999975,332.82999975,0.8280703856533893,0.8613653741755762,286.68823727151573,-0.03329498852218693,-11.081571021515742,regresion_conjunta_normalizada,ac_power_norm
1430,2010-08-07 12:00:00,252.05999975000003,853.2777995,29.07949975,1.2246467991473532e-16,-1.0,-0.5877852522924734,-0.8090169943749472,332.82999975,332.82999975,0.7573235583911634,0.8113339679864038,270.0362843620813,-0.054010409595240394,-17.97628461208126,regresion_conjunta_normalizada,ac_power_norm
1430,2010-08-07 13:00:00,101.33333325,339.78016625,27.5362165,-0.2588190451025208,-0.9659258262890684,-0.5877852522924734,-0.8090169943749472,332.82999975,332.82999975,0.304459734176952,0.355995436053655,118.48596089273914,-0.05153570187670303,-17.152627642739148,regresion_conjunta_normalizada,ac_power_norm
1430,2010-08-07 14:00:00,178.33166649999998,591.1979495,28.11573325,-0.4999999999999997,-0.8660254037844388,-0.5877852522924734,-0.8090169943749472,332.82999975,332.82999975,0.5358040640385512,0.588795129931406,195.9686829478711,-0.05299106589285485,-17.637016447871105,regresion_conjunta_normalizada,ac_power_norm
1430,2010-08-07 15:00:00,40.03999975,134.20739974999998,26.51271625,-0.7071067811865471,-0.7071067811865479,-0.5877852522924734,-0.8090169943749472,332.82999975,332.82999975,0.12030165483903317,0.12763527542263764,42.480848687007665,-0.007333620583604469,-2.440848937007665,regresion_conjunta_normalizada,ac_power_norm
1430,2010-08-07 16:00:00,14.66666625,52.962016250000005,24.7190665,-0.8660254037844385,-0.5000000000000004,-0.5877852522924734,-0.8090169943749472,332.82999975,332.82999975,0.04406653925732847,0.03114455051736402,10.36584074090813,0.012921988739964453,4.300825509091871,regresion_conjunta_normalizada,ac_power_norm
1430,2010-08-07 17:00:00,105.45833325,324.4807495,22.58489975,-0.9659258262890684,-0.2588190451025206,-0.5877852522924734,-0.8090169943749472,332.82999975,332.82999975,0.3168534486951698,0.3058879207078532,101.8086765727228,0.010965527987316592,3.649656677277193,regresion_conjunta_normalizada,ac_power_norm
1430,2010-08-07 18:00:00,84.64666625000001,233.056433,23.4731665,-1.0,-1.8369701987210287e-16,-0.5877852522924734,-0.8090169943749472,332.82999975,332.82999975,0.2543240282233603,0.19259662751399298,64.10193548733312,0.06172740070936733,20.544730762666887,regresion_conjunta_normalizada,ac_power_norm
1430,2010-08-08 06:00:00,65.613333,271.98659975,15.959383,1.0,6.123233995736766e-17,-0.6016240632249227,-0.7987793728863648,332.82999975,332.82999975,0.19713767704018392,0.23964207632078072,79.76007220193493,-0.042504399280596794,-14.146739201934935,regresion_conjunta_normalizada,ac_power_norm
1430,2010-08-08 07:00:00,181.898333,616.3227995,19.45924975,0.9659258262890684,-0.2588190451025206,-0.6016240632249227,-0.7987793728863648,332.82999975,332.82999975,0.5465202449798097,0.5380989590402316,179.09547640283557,0.008421285939578027,2.8028565971644355,regresion_conjunta_normalizada,ac_power_norm
1430,2010-08-08 08:00:00,282.1516665,962.635083,23.0093165,0.8660254037844387,-0.4999999999999998,-0.6016240632249227,-0.7987793728863648,332.82999975,332.82999975,0.8477350801067625,0.8125104846617375,270.42786440683847,0.035224595445024987,11.72380209316151,regresion_conjunta_normalizada,ac_power_norm
1430,2010-08-08 09:00:00,303.14166625,1028.699283,23.57069975,0.7071067811865476,-0.7071067811865475,-0.6016240632249227,-0.7987793728863648,332.82999975,332.82999975,0.9108003078980262,0.883836372270068,294.1672595616876,0.02696393562795829,8.9744066883124,regresion_conjunta_normalizada,ac_power_norm
1430,2010-08-08 10:00:00,298.3949995,992.574033,25.139783,0.4999999999999999,-0.8660254037844387,-0.6016240632249227,-0.7987793728863648,332.82999975,332.82999975,0.89653877271921,0.8846752514757072,294.4464637274908,0.011863521243502761,3.9485357725091603,regresion_conjunta_normalizada,ac_power_norm
1430,2010-08-08 11:00:00,289.39333275,963.7260995,25.723683,0.258819045102521,-0.9659258262890682,-0.6016240632249227,-0.7987793728863648,332.82999975,332.82999975,0.869492933231299,0.8841913020360781,294.28539083562003,-0.01469836880477915,-4.892058085620022,regresion_conjunta_normalizada,ac_power_norm
1430,2010-08-08 12:00:00,233.293333,781.0567665,25.9776665,1.2246467991473532e-16,-1.0,-0.6016240632249227,-0.7987793728863648,332.82999975,332.82999975,0.7009384165346711,0.7556419075348519,251.5002958959143,-0.05470349100018079,-18.2069628959143,regresion_conjunta_normalizada,ac_power_norm
1430,2010-08-08 13:00:00,182.12999975,605.132983,25.5223495,-0.2588190451025208,-0.9659258262890684,-0.6016240632249227,-0.7987793728863648,332.82999975,332.82999975,0.5472162962677766,0.6100479885933514,203.04227189101317,-0.06283169232557484,-20.912272141013176,regresion_conjunta_normalizada,ac_power_norm
1430,2010-08-08 14:00:00,153.5466665,516.13744975,25.68556625,-0.4999999999999997,-0.8660254037844388,-0.6016240632249227,-0.7987793728863648,332.82999975,332.82999975,0.46133661813939286,0.5250528755781299,174.75334844740576,-0.06371625743873699,-21.20668194740577,regresion_conjunta_normalizada,ac_power_norm
1430,2010-08-08 15:00:00,147.863333,499.875383,25.85551625,-0.7071067811865471,-0.7071067811865479,-0.6016240632249227,-0.7987793728863648,332.82999975,332.82999975,0.44426083319131454,0.4992690212944401,166.17170823261125,-0.05500818810312558,-18.30837523261124,regresion_conjunta_normalizada,ac_power_norm
1430,2010-08-08 16:00:00,78.3416665,259.927133,24.467233,-0.8660254037844385,-0.5000000000000004,-0.6016240632249227,-0.7987793728863648,332.82999975,332.82999975,0.23538042411695193,0.2527304253536918,84.11626740728663,-0.017350001236739854,-5.774600907286626,regresion_conjunta_normalizada,ac_power_norm
1430,2010-08-08 17:00:00,154.2216665,474.77596625,25.88161625,-0.9659258262890684,-0.2588190451025206,-0.6016240632249227,-0.7987793728863648,332.82999975,332.82999975,0.46336468051510127,0.4407912266586749,146.70854385860895,0.022573453856426395,7.51312264139105,regresion_conjunta_normalizada,ac_power_norm
1430,2010-08-08 18:00:00,28.7266665,88.99178325,22.504333000000003,-1.0,-1.8369701987210287e-16,-0.6016240632249227,-0.7987793728863648,332.82999975,332.82999975,0.08631032816025473,0.04760315824138961,15.843759145580915,0.03870716991886512,12.882907354419086,regresion_conjunta_normalizada,ac_power_norm
1430,2010-08-10 06:00:00,13.1566665,108.552283,15.19011625,1.0,6.123233995736766e-17,-0.6287628145958345,-0.7775971469736268,332.82999975,332.82999975,0.039529689360581745,0.092790503552589,30.883463274210573,-0.053260814192007254,-17.726796774210573,regresion_conjunta_normalizada,ac_power_norm
1430,2010-08-10 07:00:00,144.88166625,506.633783,17.114832749999998,0.9659258262890684,-0.2588190451025206,-0.6287628145958345,-0.7775971469736268,332.82999975,332.82999975,0.4353023055578691,0.4522758183977795,150.530960524264,-0.016973512839910443,-5.649294274264008,regresion_conjunta_normalizada,ac_power_norm
1430,2010-08-10 08:00:00,272.83999975,897.1087332499999,20.074483,0.8660254037844387,-0.4999999999999998,-0.6287628145958345,-0.7775971469736268,332.82999975,332.82999975,0.819757834194452,0.76601400136036,254.95243988126512,0.05374383283409201,17.887559868734883,regresion_conjunta_normalizada,ac_power_norm
1430,2010-08-10 09:00:00,302.34999975,1005.3405995,23.223133,0.7071067811865476,-0.7071067811865475,-0.6287628145958345,-0.7775971469736268,332.82999975,332.82999975,0.9084217167235689,0.8677429354179096,288.81088097820714,0.04067878130565927,13.539118771792857,regresion_conjunta_normalizada,ac_power_norm
1430,2010-08-10 10:00:00,302.47666625,997.6043665,25.282383,0.4999999999999999,-0.8660254037844387,-0.6287628145958345,-0.7775971469736268,332.82999975,332.82999975,0.9088022908908469,0.8884096804082953,295.6893937081905,0.020392610482551587,6.7872725418095,regresion_conjunta_normalizada,ac_power_norm
1430,2010-08-10 11:00:00,306.69666625,1013.48373275,26.91116625,0.258819045102521,-0.9659258262890682,-0.6287628145958345,-0.7775971469736268,332.82999975,332.82999975,0.9214814364100904,0.9209176863370627,306.5090333133352,0.000563750073027669,0.1876329366648406,regresion_conjunta_normalizada,ac_power_norm
1430,2010-08-10 12:00:00,271.79833325000004,899.8006495,26.968233,1.2246467991473532e-16,-1.0,-0.6287628145958345,-0.7775971469736268,332.82999975,332.82999975,0.8166281088067694,0.8501296371349196,282.9486469150829,-0.03350152832815023,-11.150313665082876,regresion_conjunta_normalizada,ac_power_norm
1430,2010-08-10 13:00:00,231.338333,767.804433,26.96511625,-0.2588190451025208,-0.9659258262890684,-0.6287628145958345,-0.7775971469736268,332.82999975,332.82999975,0.6950645469872492,0.749492953464773,249.45373951430716,-0.05442840647752378,-18.115406514307153,regresion_conjunta_normalizada,ac_power_norm
1430,2010-08-10 14:00:00,177.848333,583.128633,25.71983275,-0.4999999999999997,-0.8660254037844388,-0.6287628145958345,-0.7775971469736268,332.82999975,332.82999975,0.5343518707255595,0.587448244076153,195.52039892900396,-0.053096373350593584,-17.672065929003963,regresion_conjunta_normalizada,ac_power_norm
1430,2010-08-10 15:00:00,301.55999975,1005.6304995,27.81389975,-0.7071067811865471,-0.7071067811865479,-0.6287628145958345,-0.7775971469736268,332.82999975,332.82999975,0.9060481326097768,0.9260734002981619,308.22500958971887,-0.020025267688385084,-6.665009839718891,regresion_conjunta_normalizada,ac_power_norm
1430,2010-08-10 16:00:00,294.03999975,974.3372495,28.26066625,-0.8660254037844385,-0.5000000000000004,-0.6287628145958345,-0.7775971469736268,332.82999975,332.82999975,0.8834540154759591,0.8848929739777105,294.51892830777814,-0.0014389585017513529,-0.478928557778147,regresion_conjunta_normalizada,ac_power_norm
1430,2010-08-10 17:00:00,209.21166625,664.7377495,26.93888325,-0.9659258262890684,-0.2588190451025206,-0.6287628145958345,-0.7775971469736268,332.82999975,332.82999975,0.6285841613050087,0.6113274125420136,203.46810256352654,0.0172567487629951,5.743563686473465,regresion_conjunta_normalizada,ac_power_norm
1430,2010-08-10 18:00:00,38.03666625,117.47101625,25.47311625,-1.0,-1.8369701987210287e-16,-0.6287628145958345,-0.7775971469736268,332.82999975,332.82999975,0.11428256550963148,0.06475484760112743,21.55235591089453,0.04952771790850405,16.484310339105473,regresion_conjunta_normalizada,ac_power_norm
1430,2010-08-12 06:00:00,17.54,111.84054975,18.0980665,1.0,6.123233995736766e-17,-0.655156357209085,-0.7554933140726804,332.82999975,332.82999975,0.05269957639988851,0.09005905145207455,29.97435407227921,-0.037359475052186036,-12.43435407227921,regresion_conjunta_normalizada,ac_power_norm
1430,2010-08-12 07:00:00,80.64833300000001,283.5286995,19.37426625,0.9659258262890684,-0.2588190451025206,-0.655156357209085,-0.7554933140726804,332.82999975,332.82999975,0.24231088862355474,0.2601272818385976,86.57816314930864,-0.017816393215042886,-5.9298301493086285,regresion_conjunta_normalizada,ac_power_norm
1430,2010-08-12 08:00:00,223.57999975,729.7782997500001,22.10736625,0.8660254037844387,-0.4999999999999998,-0.655156357209085,-0.7554933140726804,332.82999975,332.82999975,0.6717543488205348,0.6458680782943658,214.96427233724674,0.025886270526168986,8.615727412753273,regresion_conjunta_normalizada,ac_power_norm
1430,2010-08-12 09:00:00,74.36833275,247.837066,23.796433,0.7071067811865476,-0.7071067811865475,-0.655156357209085,-0.7554933140726804,332.82999975,332.82999975,0.22344239643620042,0.2501190469560014,83.24712233583618,-0.026676650519800976,-8.878789585836188,regresion_conjunta_normalizada,ac_power_norm
1430,2010-08-12 10:00:00,155.30499974999998,524.210583,25.039333,0.4999999999999999,-0.8660254037844387,-0.655156357209085,-0.7554933140726804,332.82999975,332.82999975,0.46661959518869955,0.5163497156552284,171.85667573244223,-0.049730120466528804,-16.551675982442248,regresion_conjunta_normalizada,ac_power_norm
1430,2010-08-12 11:00:00,168.91333325,561.2017165,26.77206625,0.258819045102521,-0.9659258262890682,-0.655156357209085,-0.7554933140726804,332.82999975,332.82999975,0.5075063346960207,0.5605043292743481,186.5526557722552,-0.052997994578327434,-17.639322522255213,regresion_conjunta_normalizada,ac_power_norm
1430,2010-08-12 12:00:00,150.05999975,497.57896625,23.58694975,1.2246467991473532e-16,-1.0,-0.655156357209085,-0.7554933140726804,332.82999975,332.82999975,0.4508607993952324,0.5146175088393832,171.28014533835753,-0.0637567094441508,-21.220145588357525,regresion_conjunta_normalizada,ac_power_norm
1430,2010-08-12 13:00:00,193.463333,657.45168325,26.417983,-0.2588190451025208,-0.9659258262890684,-0.655156357209085,-0.7554933140726804,332.82999975,332.82999975,0.5812677136836131,0.6571410662091828,218.71626090211706,-0.0758733525255697,-25.25292790211705,regresion_conjunta_normalizada,ac_power_norm
1430,2010-08-12 14:00:00,135.54333325000002,425.48369975,27.77623325,-0.4999999999999997,-0.8660254037844388,-0.655156357209085,-0.7554933140726804,332.82999975,332.82999975,0.40724493991470495,0.4374906604497649,145.6100164081226,-0.030245720535059972,-10.066683158122572,regresion_conjunta_normalizada,ac_power_norm
1430,2010-08-12 15:00:00,233.18499975,778.975183,28.422383,-0.7071067811865471,-0.7071067811865479,-0.655156357209085,-0.7554933140726804,332.82999975,332.82999975,0.7006129252926516,0.7448500021640887,247.90842603406114,-0.044237076871437075,-14.723426284061134,regresion_conjunta_normalizada,ac_power_norm
1430,2010-08-12 16:00:00,203.52499975,688.5312329999999,27.72874975,-0.8660254037844385,-0.5000000000000004,-0.655156357209085,-0.7554933140726804,332.82999975,332.82999975,0.6114983622355995,0.6520978114082239,217.0377144079747,-0.04059944917262437,-13.512714657974698,regresion_conjunta_normalizada,ac_power_norm
1430,2010-08-12 17:00:00,118.668333,366.28594975,25.35531625,-0.9659258262890684,-0.2588190451025206,-0.655156357209085,-0.7554933140726804,332.82999975,332.82999975,0.35654337977086153,0.34108264552030915,113.52253682325383,0.015460734250552388,5.145796176746174,regresion_conjunta_normalizada,ac_power_norm
1430,2010-08-12 18:00:00,112.62666625,316.8449665,25.176733,-1.0,-1.8369701987210287e-16,-0.655156357209085,-0.7554933140726804,332.82999975,332.82999975,0.3383909693675382,0.2727625904861213,90.7835729233051,0.06562837888141693,21.8430933266949,regresion_conjunta_normalizada,ac_power_norm
1430,2010-08-13 06:00:00,11.98,89.403783,13.838683,1.0,6.123233995736766e-17,-0.6680638642135333,-0.7441039398713608,332.82999975,332.82999975,0.03599435149775738,0.0779229416154254,25.935092638381303,-0.04192859011766802,-13.955092638381302,regresion_conjunta_normalizada,ac_power_norm
1430,2010-08-13 07:00:00,135.2899995,479.2683665,16.173299749999998,0.9659258262890684,-0.2588190451025206,-0.6680638642135333,-0.7441039398713608,332.82999975,332.82999975,0.40648378932674617,0.43040993212080925,143.25333760016647,-0.023926142794063077,-7.963338100166482,regresion_conjunta_normalizada,ac_power_norm
1430,2010-08-13 08:00:00,265.3949995,891.3014665000001,20.0553495,0.8660254037844387,-0.4999999999999998,-0.6680638642135333,-0.7441039398713608,332.82999975,332.82999975,0.7973890565734676,0.7617109450068498,253.52025363620209,0.03567811156661782,11.874745863797898,regresion_conjunta_normalizada,ac_power_norm
1430,2010-08-13 09:00:00,301.82833275,1009.291383,21.15024975,0.7071067811865476,-0.7071067811865475,-0.6680638642135333,-0.7441039398713608,332.82999975,332.82999975,0.9068543489971265,0.8674991845406239,288.7297533737811,0.039355164456502556,13.098579376218936,regresion_conjunta_normalizada,ac_power_norm
1430,2010-08-13 10:00:00,300.813333,997.570033,22.1471165,0.4999999999999999,-0.8660254037844387,-0.6680638642135333,-0.7441039398713608,332.82999975,332.82999975,0.9038047448425658,0.8849034129535656,294.5224027121094,0.018901331889000228,6.290930287890603,regresion_conjunta_normalizada,ac_power_norm
1430,2010-08-13 11:00:00,294.198333,971.066733,22.809483,0.258819045102521,-0.9659258262890682,-0.6680638642135333,-0.7441039398713608,332.82999975,332.82999975,0.8839297335606238,0.8869423566601347,295.20102434545703,-0.0030126230995108916,-1.0026913454570376,regresion_conjunta_normalizada,ac_power_norm
1430,2010-08-13 12:00:00,289.08999975,943.255033,24.10208325,1.2246467991473532e-16,-1.0,-0.6680638642135333,-0.7441039398713608,332.82999975,332.82999975,0.8685815580540979,0.8821194008777551,293.5957999736134,-0.01353784282365722,-4.505800223613392,regresion_conjunta_normalizada,ac_power_norm
1430,2010-08-13 13:00:00,289.91999975,940.788333,25.60491625,-0.2588190451025208,-0.9659258262890684,-0.6680638642135333,-0.7441039398713608,332.82999975,332.82999975,0.8710753236420059,0.8880999320486356,295.5863001617224,-0.01702460840662967,-5.666300411722432,regresion_conjunta_normalizada,ac_power_norm
1430,2010-08-13 14:00:00,291.878333,925.215383,26.32151625,-0.4999999999999997,-0.8660254037844388,-0.6680638642135333,-0.7441039398713608,332.82999975,332.82999975,0.8769592080618929,0.8750916209914612,291.25674399581516,0.0018675870704316644,0.6215890041848411,regresion_conjunta_normalizada,ac_power_norm
1430,2010-08-13 15:00:00,294.1999995,949.214883,26.89214975,-0.7071067811865471,-0.7071067811865479,-0.6680638642135333,-0.7441039398713608,332.82999975,332.82999975,0.8839347406212892,0.8844772412673712,294.38055998989984,-0.000542500646081967,-0.18056048989984674,regresion_conjunta_normalizada,ac_power_norm
1430,2010-08-13 16:00:00,286.97833275,932.7354665,27.1830995,-0.8660254037844385,-0.5000000000000004,-0.6680638642135333,-0.7441039398713608,332.82999975,332.82999975,0.8622369767315423,0.85526057452298,284.6563768046683,0.006976402208562327,2.3219559453316947,regresion_conjunta_normalizada,ac_power_norm
1430,2010-08-13 17:00:00,254.216666,790.1064662499999,26.95024975,-0.9659258262890684,-0.2588190451025206,-0.6680638642135333,-0.7441039398713608,332.82999975,332.82999975,0.7638033416186967,0.7194991754118054,239.4709103724364,0.04430416620689126,14.745755627563597,regresion_conjunta_normalizada,ac_power_norm
1430,2010-08-13 18:00:00,142.008333,392.801933,25.69441625,-1.0,-1.8369701987210287e-16,-0.6680638642135333,-0.7441039398713608,332.82999975,332.82999975,0.4266692699175775,0.34532093978710865,114.93316830301315,0.08134833013046883,27.075164696986846,regresion_conjunta_normalizada,ac_power_norm
1430,2010-08-15 06:00:00,8.823333250000001,66.570233,12.57831625,1.0,6.123233995736766e-17,-0.6932812268869771,-0.7206671495538615,332.82999975,332.82999975,0.026510029915054256,0.058486320009456014,19.466001874125666,-0.031976290094401755,-10.642668624125665,regresion_conjunta_normalizada,ac_power_norm
1430,2010-08-15 07:00:00,123.73333325,441.86653275,14.7311665,0.9659258262890684,-0.2588190451025206,-0.6932812268869771,-0.7206671495538615,332.82999975,332.82999975,0.37176135968194074,0.3995972420762531,132.99794998034,-0.02783588239431234,-9.264616730339995,regresion_conjunta_normalizada,ac_power_norm
1430,2010-08-15 08:00:00,257.12166625,849.0740165,15.81661625,0.8660254037844387,-0.4999999999999998,-0.6932812268869771,-0.7206671495538615,332.82999975,332.82999975,0.7725315219275091,0.7250910391876664,241.33205039155825,0.04744048273984269,15.78961585844172,regresion_conjunta_normalizada,ac_power_norm
1430,2010-08-15 09:00:00,295.178333,980.45979975,17.22861625,0.7071067811865476,-0.7071067811865475,-0.6932812268869771,-0.7206671495538615,332.82999975,332.82999975,0.8868741796764671,0.8389514371287519,279.2282066098246,0.047922742547715225,15.950126390175399,regresion_conjunta_normalizada,ac_power_norm
1430,2010-08-15 10:00:00,296.69999975,983.27511625,18.44919975,0.4999999999999999,-0.8660254037844387,-0.6932812268869771,-0.7206671495538615,332.82999975,332.82999975,0.8914460835046767,0.8662621942318003,288.31804588960455,0.025183889272876403,8.38195386039547,regresion_conjunta_normalizada,ac_power_norm
1430,2010-08-15 11:00:00,290.13666625,954.4117665,20.333533,0.258819045102521,-0.9659258262890682,-0.6932812268869771,-0.7206671495538615,332.82999975,332.82999975,0.8717263061260451,0.8700248822448076,289.57038134003307,0.001701423881237507,0.5662849099669529,regresion_conjunta_normalizada,ac_power_norm
1430,2010-08-15 12:00:00,284.99666625,928.0891995,21.477333,1.2246467991473532e-16,-1.0,-0.6932812268869771,-0.7206671495538615,332.82999975,332.82999975,0.8562829867021323,0.8669098190605902,288.53359486120877,-0.01062683235845785,-3.5369286112087934,regresion_conjunta_normalizada,ac_power_norm
1430,2010-08-15 13:00:00,286.438333,920.42794975,22.81734975,-0.2588190451025208,-0.9659258262890684,-0.6932812268869771,-0.7206671495538615,332.82999975,332.82999975,0.8606145275821099,0.8703084199311566,289.66475118810973,-0.009693892349046718,-3.226418188109733,regresion_conjunta_normalizada,ac_power_norm
1430,2010-08-15 14:00:00,294.29333325000005,942.52649975,23.869833,-0.4999999999999997,-0.8660254037844388,-0.6932812268869771,-0.7206671495538615,332.82999975,332.82999975,0.8842151653127838,0.8877991212327683,295.4861812979525,-0.003583955919984505,-1.1928480479524524,regresion_conjunta_normalizada,ac_power_norm
1430,2010-08-15 15:00:00,292.698333,956.4984995,24.737033,-0.7071067811865471,-0.7071067811865479,-0.6932812268869771,-0.7206671495538615,332.82999975,332.82999975,0.8794229282812719,0.8909960408346886,296.55021204826045,-0.011573112553416753,-3.8518790482604572,regresion_conjunta_normalizada,ac_power_norm
1430,2010-08-15 16:00:00,284.72999975,917.057033,25.05724975,-0.8660254037844385,-0.5000000000000004,-0.6932812268869771,-0.7206671495538615,332.82999975,332.82999975,0.8554817773754482,0.8457591787643157,281.49402725668745,0.00972259861113245,3.235972493312545,regresion_conjunta_normalizada,ac_power_norm
1430,2010-08-15 17:00:00,248.68499975,764.7756494999999,25.32879975,-0.9659258262890684,-0.2588190451025206,-0.6932812268869771,-0.7206671495538615,332.82999975,332.82999975,0.7471832465126215,0.7029799219306867,233.9728072404455,0.044203324581934766,14.712192509554512,regresion_conjunta_normalizada,ac_power_norm
1430,2010-08-15 18:00:00,132.72666625,371.24503325,24.56851625,-1.0,-1.8369701987210287e-16,-0.6932812268869771,-0.7206671495538615,332.82999975,332.82999975,0.398782160110854,0.3306319219772077,110.04422250901607,0.06815023813364629,22.682443740983928,regresion_conjunta_normalizada,ac_power_norm
1430,2010-08-16 06:00:00,0.91,22.04136625,13.4352665,1.0,6.123233995736766e-17,-0.7055836101071774,-0.70862667826446,332.82999975,332.82999975,0.002734128536140168,0.015612233661225258,5.196219725562544,-0.01287810512508509,-4.286219725562544,regresion_conjunta_normalizada,ac_power_norm
1430,2010-08-16 07:00:00,36.7299995,123.245283,13.8590495,0.9659258262890684,-0.2588190451025206,-0.7055836101071774,-0.70862667826446,332.82999975,332.82999975,0.11035663710479571,0.1207359590776858,40.18454922964218,-0.010379321972890099,-3.4545497296421814,regresion_conjunta_normalizada,ac_power_norm
1430,2010-08-16 08:00:00,105.9299995,335.385683,15.25064975,0.8660254037844387,-0.4999999999999998,-0.7055836101071774,-0.70862667826446,332.82999975,332.82999975,0.3182705873255645,0.3243116103951166,107.94063320672875,-0.006041023069552065,-2.010633706728754,regresion_conjunta_normalizada,ac_power_norm
1430,2010-08-16 09:00:00,174.278333,591.1051495,17.52284975,0.7071067811865476,-0.7071067811865475,-0.7055836101071774,-0.70862667826446,332.82999975,332.82999975,0.5236256741607019,0.5559099483844017,185.02350798180294,-0.03228427422369973,-10.745174981802933,regresion_conjunta_normalizada,ac_power_norm
1430,2010-08-16 10:00:00,156.003333,503.42554975,17.764682999999998,0.4999999999999999,-0.8660254037844387,-0.7055836101071774,-0.70862667826446,332.82999975,332.82999975,0.46871776317393093,0.49906222762990576,166.10288109729598,-0.03034446445597483,-10.09954809729598,regresion_conjunta_normalizada,ac_power_norm
1430,2010-08-16 11:00:00,84.91666625,264.06474975000003,18.05611625,0.258819045102521,-0.9659258262890682,-0.7055836101071774,-0.70862667826446,332.82999975,332.82999975,0.25513525317364366,0.29316207439193465,97.57313314657709,-0.038026821218290985,-12.656466896577086,regresion_conjunta_normalizada,ac_power_norm
1430,2010-08-16 12:00:00,89.783333,264.371233,16.767366250000002,1.2246467991473532e-16,-1.0,-0.7055836101071774,-0.70862667826446,332.82999975,332.82999975,0.26975733277480796,0.2965900067205707,98.71405186266004,-0.02683267394576272,-8.930718862660044,regresion_conjunta_normalizada,ac_power_norm
1430,2010-08-16 13:00:00,125.68166625,371.2692665,18.172733,-0.2588190451025208,-0.9659258262890684,-0.7055836101071774,-0.70862667826446,332.82999975,332.82999975,0.3776151979821645,0.40044761869493783,133.28098083012426,-0.02283242071277336,-7.599314580124258,regresion_conjunta_normalizada,ac_power_norm
1430,2010-08-16 14:00:00,148.60166625,466.63414975,20.07069975,-0.4999999999999997,-0.8660254037844388,-0.7055836101071774,-0.70862667826446,332.82999975,332.82999975,0.44647918265066183,0.4871668451983017,162.14374096555906,-0.04068766254763989,-13.542074715559067,regresion_conjunta_normalizada,ac_power_norm
1430,2010-08-16 15:00:00,235.28499975,743.27218275,22.0961665,-0.7071067811865471,-0.7071067811865479,-0.7055836101071774,-0.70862667826446,332.82999975,332.82999975,0.7069224526837442,0.7214580587533057,240.12288551449822,-0.014535606069561502,-4.837885764498225,regresion_conjunta_normalizada,ac_power_norm
1430,2010-08-16 16:00:00,186.6716665,617.09971625,23.30809975,-0.8660254037844385,-0.5000000000000004,-0.7055836101071774,-0.70862667826446,332.82999975,332.82999975,0.5608619013917479,0.5997427762966059,199.61238808486365,-0.03888087490485803,-12.940721584863667,regresion_conjunta_normalizada,ac_power_norm
1430,2010-08-16 17:00:00,22.9466665,76.9957995,20.357633,-0.9659258262890684,-0.2588190451025206,-0.7055836101071774,-0.70862667826446,332.82999975,332.82999975,0.06894410515048531,0.0651677298221823,21.689775500425004,0.0037763753283030083,1.2568909995749955,regresion_conjunta_normalizada,ac_power_norm
1430,2010-08-16 18:00:00,45.2,132.21484974999998,17.37196625,-1.0,-1.8369701987210287e-16,-0.7055836101071774,-0.70862667826446,332.82999975,332.82999975,0.13580506575113802,0.11655979029894925,38.79459497605934,0.019245275452188765,6.405405023940666,regresion_conjunta_normalizada,ac_power_norm
1430,2010-08-19 06:00:00,0.0,11.44911625,19.89691625,1.0,6.123233995736766e-17,-0.7412220108485957,-0.6712599575675315,332.82999975,332.82999975,0.0,-0.00852503577250929,-2.837387654033008,0.00852503577250929,2.837387654033008,regresion_conjunta_normalizada,ac_power_norm
1430,2010-08-19 07:00:00,11.56999975,71.2610665,20.669833,0.9659258262890684,-0.2588190451025206,-0.7412220108485957,-0.6712599575675315,332.82999975,332.82999975,0.03476249063693363,0.06189204697830275,20.599529980315495,-0.02712955634136912,-9.029530230315496,regresion_conjunta_normalizada,ac_power_norm
1430,2010-08-19 08:00:00,50.293333,161.0145495,22.087483,0.8660254037844387,-0.4999999999999998,-0.7412220108485957,-0.6712599575675315,332.82999975,332.82999975,0.15110817245373626,0.1602270988853931,53.328385281968615,-0.009118926431656849,-3.0350522819686176,regresion_conjunta_normalizada,ac_power_norm
1430,2010-08-19 09:00:00,55.75499975,178.59909975,22.07066625,0.7071067811865476,-0.7071067811865475,-0.7412220108485957,-0.6712599575675315,332.82999975,332.82999975,0.16751795148237686,0.19147479928229474,63.72855739725746,-0.023956847799917885,-7.973557647257458,regresion_conjunta_normalizada,ac_power_norm
1430,2010-08-19 10:00:00,106.97833275,337.8422995,22.542333,0.4999999999999999,-0.8660254037844387,-0.7412220108485957,-0.6712599575675315,332.82999975,332.82999975,0.32142034320931134,0.3547654738762391,118.07659258153728,-0.033345130666927736,-11.098259831537277,regresion_conjunta_normalizada,ac_power_norm
1430,2010-08-19 11:00:00,155.013333,486.6002995,23.197333,0.258819045102521,-0.9659258262890682,-0.7412220108485957,-0.6712599575675315,332.82999975,332.82999975,0.46574327168955865,0.501005810469032,166.74976377315647,-0.035262538779473385,-11.736430773156485,regresion_conjunta_normalizada,ac_power_norm
1430,2010-08-19 12:00:00,97.3399995,314.95411625,23.27904975,1.2246467991473532e-16,-1.0,-0.7412220108485957,-0.6712599575675315,332.82999975,332.82999975,0.29246161575914253,0.3482176037636375,115.89726497359706,-0.05575598800449494,-18.557265473597056,regresion_conjunta_normalizada,ac_power_norm
1430,2010-08-19 13:00:00,129.37333275,412.9867665,23.3391995,-0.2588190451025208,-0.9659258262890684,-0.7412220108485957,-0.6712599575675315,332.82999975,332.82999975,0.3887069460300356,0.4423885316771408,147.24017488750565,-0.053681585647105234,-17.866842137505643,regresion_conjunta_normalizada,ac_power_norm
1430,2010-08-19 14:00:00,175.373333,578.75443275,23.681233,-0.4999999999999997,-0.8660254037844388,-0.7412220108485957,-0.6712599575675315,332.82999975,332.82999975,0.5269156420146288,0.5901177423019099,196.40888802281526,-0.06320210028728113,-21.03555502281526,regresion_conjunta_normalizada,ac_power_norm
1430,2010-08-19 15:00:00,167.5916665,549.92168275,24.12691625,-0.7071067811865471,-0.7071067811865479,-0.7412220108485957,-0.6712599575675315,332.82999975,332.82999975,0.5035353382383915,0.5548560576682542,184.67274153501103,-0.051320719429862716,-17.081075035011025,regresion_conjunta_normalizada,ac_power_norm
1430,2010-08-19 16:00:00,55.21999975,174.8186495,22.74018275,-0.8660254037844385,-0.5000000000000004,-0.7412220108485957,-0.6712599575675315,332.82999975,332.82999975,0.16591052426607467,0.17904160060127708,59.59041588336265,-0.013131076335202413,-4.370416133362653,regresion_conjunta_normalizada,ac_power_norm
1430,2010-08-19 17:00:00,90.96833275,307.22806625,20.8888495,-0.9659258262890684,-0.2588190451025206,-0.7412220108485957,-0.6712599575675315,332.82999975,332.82999975,0.27331770819436174,0.30095372099975937,100.16642688511148,-0.027636012805397625,-9.198094135111475,regresion_conjunta_normalizada,ac_power_norm
1430,2010-08-19 18:00:00,41.00166625,117.52824975,18.86879975,-1.0,-1.8369701987210287e-16,-0.7412220108485957,-0.6712599575675315,332.82999975,332.82999975,0.12319101727848376,0.0995240806595591,33.124599741040036,0.02366693661892466,7.877066508959963,regresion_conjunta_normalizada,ac_power_norm
1430,2010-08-20 06:00:00,0.0,22.4940165,16.72033275,1.0,6.123233995736766e-17,-0.7526668275320083,-0.6584015846980489,332.82999975,332.82999975,0.0,0.011850738437189846,3.944281271087212,-0.011850738437189846,-3.944281271087212,regresion_conjunta_normalizada,ac_power_norm
1430,2010-08-20 07:00:00,37.38999975,169.231383,17.61554975,0.9659258262890684,-0.2588190451025206,-0.7526668275320083,-0.6584015846980489,332.82999975,332.82999975,0.11233963217884478,0.16184239050274282,53.8660027905673,-0.04950275832389804,-16.4760030405673,regresion_conjunta_normalizada,ac_power_norm
1430,2010-08-20 08:00:00,226.9366665,753.8960995,19.86409975,0.8660254037844387,-0.4999999999999998,-0.7526668275320083,-0.6584015846980489,332.82999975,332.82999975,0.6818395777738181,0.6640452457344497,221.01417897178558,0.01779433203936842,5.922487528214418,regresion_conjunta_normalizada,ac_power_norm
1430,2010-08-20 09:00:00,292.2816665,972.9473495,22.52659975,0.7071067811865476,-0.7071067811865475,-0.7526668275320083,-0.6584015846980489,332.82999975,332.82999975,0.8781710384266525,0.8451157884097866,281.2798876451503,0.03305525001686582,11.001778854849647,regresion_conjunta_normalizada,ac_power_norm
1430,2010-08-20 10:00:00,290.3066665,974.1580165,23.27288275,0.4999999999999999,-0.8660254037844387,-0.7526668275320083,-0.6584015846980489,332.82999975,332.82999975,0.8722370781421724,0.8709317183858307,289.87220361262314,0.0013053597563417174,0.434462887376867,regresion_conjunta_normalizada,ac_power_norm
1430,2010-08-20 11:00:00,283.888333,946.65271625,24.10983275,0.258819045102521,-0.9659258262890682,-0.7526668275320083,-0.6584015846980489,332.82999975,332.82999975,0.8529529586072115,0.8723533324728492,290.3453594288501,-0.019400373865637643,-6.457026428850099,regresion_conjunta_normalizada,ac_power_norm
1430,2010-08-20 12:00:00,281.068333,921.975433,25.5156165,1.2246467991473532e-16,-1.0,-0.7526668275320083,-0.6584015846980489,332.82999975,332.82999975,0.8444801646820299,0.8694167134149355,289.3679645085388,-0.024936548732905628,-8.299631508538823,regresion_conjunta_normalizada,ac_power_norm
1430,2010-08-20 13:00:00,264.693333,842.8446665,25.606533,-0.2588190451025208,-0.9659258262890684,-0.7526668275320083,-0.6584015846980489,332.82999975,332.82999975,0.7952808737157714,0.8146250045798689,271.1316400706615,-0.019344130864097475,-6.438307070661494,regresion_conjunta_normalizada,ac_power_norm
1430,2010-08-20 14:00:00,256.028333,835.6094664999999,26.2163665,-0.4999999999999997,-0.8660254037844388,-0.7526668275320083,-0.6584015846980489,332.82999975,332.82999975,0.7692465618853818,0.8071671196735068,268.6494322391415,-0.03792055778812509,-12.621099239141529,regresion_conjunta_normalizada,ac_power_norm
1430,2010-08-20 15:00:00,267.848333,888.17213325,26.55586625,-0.7071067811865471,-0.7071067811865479,-0.7526668275320083,-0.6584015846980489,332.82999975,332.82999975,0.8047601874866751,0.8397144125707956,279.4821477260093,-0.034954225084120494,-11.633814726009291,regresion_conjunta_normalizada,ac_power_norm
1430,2010-08-20 16:00:00,283.79833325,930.17321625,26.68064975,-0.8660254037844385,-0.5000000000000004,-0.7526668275320083,-0.6584015846980489,332.82999975,332.82999975,0.8526825510415846,0.856449376011928,285.0520456039377,-0.0037668249703434187,-1.2537123539377149,regresion_conjunta_normalizada,ac_power_norm
1430,2010-08-20 17:00:00,206.728333,656.4623832499999,26.14573275,-0.9659258262890684,-0.2588190451025206,-0.7526668275320083,-0.6584015846980489,332.82999975,332.82999975,0.6211228950373485,0.6119200341913063,203.66534482691245,0.009202860846042271,3.062988173087547,regresion_conjunta_normalizada,ac_power_norm
1430,2010-08-20 18:00:00,83.27333300000001,234.52006625,25.06904975,-1.0,-1.8369701987210287e-16,-0.7526668275320083,-0.6584015846980489,332.82999975,332.82999975,0.25019779786242063,0.19744335999147528,65.71507345660189,0.05275443787094536,17.558259543398123,regresion_conjunta_normalizada,ac_power_norm
1430,2010-08-22 06:00:00,3.29333325,50.03731625,19.7137,1.0,6.123233995736766e-17,-0.7748840413670406,-0.6321034111873488,332.82999975,332.82999975,0.009894941118510156,0.03163490257210445,10.529044615164798,-0.02173996145359429,-7.235711365164798,regresion_conjunta_normalizada,ac_power_norm
1430,2010-08-22 07:00:00,115.753333,430.13758275,20.62406625,0.9659258262890684,-0.2588190451025206,-0.7748840413670406,-0.6321034111873488,332.82999975,332.82999975,0.3477851548446543,0.38944992865840933,129.6206196580159,-0.04166477381375505,-13.8672866580159,regresion_conjunta_normalizada,ac_power_norm
1430,2010-08-22 08:00:00,253.94333275,850.83769975,23.99008325,0.8660254037844387,-0.4999999999999998,-0.7748840413670406,-0.6321034111873488,332.82999975,332.82999975,0.7629821017959484,0.7359975315056471,244.96205822702512,0.026984570290301324,8.981274522974871,regresion_conjunta_normalizada,ac_power_norm
1430,2010-08-22 09:00:00,289.663333,993.385283,27.646433,0.7071067811865476,-0.7071067811865475,-0.7748840413670406,-0.6321034111873488,332.82999975,332.82999975,0.8703041589327165,0.8625260342192069,287.0745397535471,0.007778124713509582,2.5887932464528944,regresion_conjunta_normalizada,ac_power_norm
1430,2010-08-22 10:00:00,292.613333,982.297283,29.36503325,0.4999999999999999,-0.8660254037844387,-0.7748840413670406,-0.6321034111873488,332.82999975,332.82999975,0.8791675426487753,0.8807700952666644,293.1467105874114,-0.001602552617889108,-0.533377587411394,regresion_conjunta_normalizada,ac_power_norm
1430,2010-08-22 11:00:00,279.633333,938.78169975,29.7244165,0.258819045102521,-0.9659258262890682,-0.7748840413670406,-0.6321034111873488,332.82999975,332.82999975,0.8401686542981166,0.8700721566707061,289.5861156871931,-0.02990350237258954,-9.952782687193121,regresion_conjunta_normalizada,ac_power_norm
1430,2010-08-22 12:00:00,274.323333,913.60084975,30.008783,1.2246467991473532e-16,-1.0,-0.7748840413670406,-0.6321034111873488,332.82999975,332.82999975,0.8242145636092107,0.864756727385845,287.8169813596416,-0.04054216377663422,-13.493648359641611,regresion_conjunta_normalizada,ac_power_norm
1430,2010-08-22 13:00:00,277.11833275000004,911.2918,30.5492165,-0.2588190451025208,-0.9659258262890684,-0.7748840413670406,-0.6321034111873488,332.82999975,332.82999975,0.8326122433619357,0.8683992873929702,289.0293346059025,-0.0357870440310345,-11.911001855902441,regresion_conjunta_normalizada,ac_power_norm
1430,2010-08-22 14:00:00,244.558333,836.3952662500001,30.5481165,-0.4999999999999997,-0.8660254037844388,-0.7748840413670406,-0.6321034111873488,332.82999975,332.82999975,0.7347845241826041,0.8056778823263155,268.15376937324817,-0.07089335814371145,-23.595436373248162,regresion_conjunta_normalizada,ac_power_norm
1430,2010-08-22 15:00:00,85.32999975,261.04611624999995,29.56858275,-0.7071067811865471,-0.7071067811865479,-0.7748840413670406,-0.6321034111873488,332.82999975,332.82999975,0.2563771289069323,0.2649862597945112,88.19537678116059,-0.008609130887578864,-2.865377031160591,regresion_conjunta_normalizada,ac_power_norm
1430,2010-08-22 16:00:00,165.8116665,549.8339665,30.18518325,-0.8660254037844385,-0.5000000000000004,-0.7748840413670406,-0.6321034111873488,332.82999975,332.82999975,0.49818726264022717,0.5274049567736805,175.53619163113285,-0.02921769413345332,-9.72452513113285,regresion_conjunta_normalizada,ac_power_norm
1430,2010-08-22 17:00:00,121.74166625,378.345483,29.12314975,-0.9659258262890684,-0.2588190451025206,-0.7748840413670406,-0.6321034111873488,332.82999975,332.82999975,0.36577732278173336,0.346275643372059,115.25092229695349,0.019501679409674344,6.490743953046504,regresion_conjunta_normalizada,ac_power_norm
1430,2010-08-22 18:00:00,42.538333,134.02048299999998,27.949033,-1.0,-1.8369701987210287e-16,-0.7748840413670406,-0.6321034111873488,332.82999975,332.82999975,0.12780798915948682,0.08078103925328921,26.88635327447699,0.047026949906197615,15.651979725523013,regresion_conjunta_normalizada,ac_power_norm
1430,2010-08-23 06:00:00,0.0,14.002483,22.83468275,1.0,6.123233995736766e-17,-0.7856498550787144,-0.6186714032625032,332.82999975,332.82999975,0.0,-0.01432888383880275,-4.769082404486499,0.01432888383880275,4.769082404486499,regresion_conjunta_normalizada,ac_power_norm
1430,2010-08-23 07:00:00,17.78833325,101.125133,20.669933,0.9659258262890684,-0.2588190451025206,-0.7856498550787144,-0.6186714032625032,332.82999975,332.82999975,0.05344570280131426,0.09345575128644187,31.10487767730251,-0.04001004848512761,-13.31654442730251,regresion_conjunta_normalizada,ac_power_norm
1430,2010-08-23 08:00:00,206.6749995,711.0798665,21.655683,0.8660254037844387,-0.4999999999999998,-0.7856498550787144,-0.6186714032625032,332.82999975,332.82999975,0.6209626525711044,0.6337759211884901,210.9396396907212,-0.012813268617385742,-4.264640190721195,regresion_conjunta_normalizada,ac_power_norm
1430,2010-08-23 09:00:00,267.0166665,965.6422995,24.305483,0.7071067811865476,-0.7071067811865475,-0.7856498550787144,-0.6186714032625032,332.82999975,332.82999975,0.8022614148381015,0.8425415325781678,280.4230980773562,-0.040280117740066235,-13.406431577356216,regresion_conjunta_normalizada,ac_power_norm
1430,2010-08-23 10:00:00,248.338333,838.18944975,25.89734975,0.4999999999999999,-0.8660254037844387,-0.7856498550787144,-0.6186714032625032,332.82999975,332.82999975,0.746141673486571,0.7759004660334812,258.2429519159484,-0.029758792546910162,-9.904618915948419,regresion_conjunta_normalizada,ac_power_norm
1430,2010-08-23 11:00:00,192.3949995,654.6974162500001,24.85663275,0.258819045102521,-0.9659258262890682,-0.7856498550787144,-0.6186714032625032,332.82999975,332.82999975,0.578057866311674,0.6476334690027539,215.55184732627822,-0.06957560269107987,-23.15684782627821,regresion_conjunta_normalizada,ac_power_norm
1430,2010-08-23 12:00:00,192.9849995,646.8722164999999,24.99068275,1.2246467991473532e-16,-1.0,-0.7856498550787144,-0.6186714032625032,332.82999975,332.82999975,0.5798305430548857,0.6510614482326784,216.692781652517,-0.07123090517779274,-23.707782152517012,regresion_conjunta_normalizada,ac_power_norm
1430,2010-08-23 13:00:00,217.308333,725.9864665,25.51618275,-0.2588190451025208,-0.9659258262890684,-0.7856498550787144,-0.6186714032625032,332.82999975,332.82999975,0.6529108949410442,0.7214547456964275,240.1217828297783,-0.06854385075538338,-22.813449829778307,regresion_conjunta_normalizada,ac_power_norm
1430,2010-08-23 14:00:00,118.30333275,382.6153995,25.2682995,-0.4999999999999997,-0.8660254037844388,-0.7856498550787144,-0.6186714032625032,332.82999975,332.82999975,0.35544672306841835,0.40998157161380894,136.45416637772865,-0.05453484854539059,-18.15083362772866,regresion_conjunta_normalizada,ac_power_norm
1430,2010-08-23 15:00:00,35.818333,116.3292165,19.08379975,-0.7071067811865471,-0.7071067811865479,-0.7856498550787144,-0.6186714032625032,332.82999975,332.82999975,0.1076175015079902,0.14018718026772692,46.658499173460754,-0.03256967875973672,-10.840166173460752,regresion_conjunta_normalizada,ac_power_norm
1430,2010-08-23 16:00:00,70.4949995,237.02616625,19.81579975,-0.8660254037844385,-0.5000000000000004,-0.7856498550787144,-0.6186714032625032,332.82999975,332.82999975,0.21180482394300756,0.2509618053337663,83.52761760649697,-0.03915698139075871,-13.032618106496969,regresion_conjunta_normalizada,ac_power_norm
1430,2010-08-23 17:00:00,83.30166650000001,261.52678275,19.7909995,-0.9659258262890684,-0.2588190451025206,-0.7856498550787144,-0.6186714032625032,332.82999975,332.82999975,0.25028292690734233,0.2607929748685729,86.79972576030887,-0.010510047961230562,-3.498059260308864,regresion_conjunta_normalizada,ac_power_norm
1430,2010-08-23 18:00:00,53.48666625,159.500033,19.596983,-1.0,-1.8369701987210287e-16,-0.7856498550787144,-0.6186714032625032,332.82999975,332.82999975,0.16070265988695628,0.1433549219916913,47.71281865065589,0.017347737895264975,5.7738475993441085,regresion_conjunta_normalizada,ac_power_norm
1430,2010-08-24 06:00:00,0.0,3.99791625,9.75896625,1.0,6.123233995736766e-17,-0.7961828637826154,-0.6050560696488494,332.82999975,332.82999975,0.0,0.00281449302856324,0.9367477139930799,-0.00281449302856324,-0.9367477139930799,regresion_conjunta_normalizada,ac_power_norm
1430,2010-08-24 07:00:00,0.0,16.83301625,9.8404495,0.9659258262890684,-0.2588190451025206,-0.7961828637826154,-0.6050560696488494,332.82999975,332.82999975,0.0,0.021694130324227262,7.2204573903890275,-0.021694130324227262,-7.2204573903890275,regresion_conjunta_normalizada,ac_power_norm
1430,2010-08-24 08:00:00,6.4616665,40.0619995,10.04724975,0.8660254037844387,-0.4999999999999998,-0.7961828637826154,-0.6050560696488494,332.82999975,332.82999975,0.01941431513040765,0.05066466639808931,16.862720904609898,-0.03125035126768166,-10.401054404609898,regresion_conjunta_normalizada,ac_power_norm
1430,2010-08-24 09:00:00,37.14499975,117.215533,11.0407995,0.7071067811865476,-0.7071067811865475,-0.7961828637826154,-0.6050560696488494,332.82999975,332.82999975,0.11160352064988395,0.13257423437340618,44.12468239335722,-0.02097071372352223,-6.979682643357222,regresion_conjunta_normalizada,ac_power_norm
1430,2010-08-24 10:00:00,180.84666650000003,605.22081625,14.85968275,0.4999999999999999,-0.8660254037844387,-0.7961828637826154,-0.6050560696488494,332.82999975,332.82999975,0.543360474223598,0.5774280258308933,192.1853696929392,-0.03406755160729524,-11.338703192939164,regresion_conjunta_normalizada,ac_power_norm
1430,2010-08-24 11:00:00,236.4966665,783.7257665,16.9071165,0.258819045102521,-0.9659258262890682,-0.7961828637826154,-0.6050560696488494,332.82999975,332.82999975,0.7105629500875544,0.7358099049649391,244.89961048552823,-0.02524695487738471,-8.402943985528225,regresion_conjunta_normalizada,ac_power_norm
1430,2010-08-24 12:00:00,264.2166665,864.39508325,18.464533,1.2246467991473532e-16,-1.0,-0.7961828637826154,-0.6050560696488494,332.82999975,332.82999975,0.793848711649978,0.8127804849040643,270.5177285874246,-0.018931773254086348,-6.3010620874246115,regresion_conjunta_normalizada,ac_power_norm
1430,2010-08-24 13:00:00,284.41999975,896.6255832499999,19.82024975,-0.2588190451025208,-0.9659258262890684,-0.7961828637826154,-0.6050560696488494,332.82999975,332.82999975,0.8545503709510488,0.8475533501833545,282.09118132963755,0.006997020767694262,2.3288184203624382,regresion_conjunta_normalizada,ac_power_norm
1430,2010-08-24 14:00:00,285.65666625,907.904283,21.777583,-0.4999999999999997,-0.8660254037844388,-0.7961828637826154,-0.6050560696488494,332.82999975,332.82999975,0.8582659810250473,0.8607779333749992,286.4927193500065,-0.0025119523499519403,-0.8360531000064952,regresion_conjunta_normalizada,ac_power_norm
1430,2010-08-24 15:00:00,285.62166625,923.78361625,22.656983,-0.7071067811865471,-0.7071067811865479,-0.7961828637826154,-0.6050560696488494,332.82999975,332.82999975,0.8581608222351956,0.8670935611646957,288.5947497456723,-0.008932738929500084,-2.973083495672313,regresion_conjunta_normalizada,ac_power_norm
1430,2010-08-24 16:00:00,276.45166625,870.3956329999999,23.1535495,-0.8660254037844385,-0.5000000000000004,-0.7961828637826154,-0.6050560696488494,332.82999975,332.82999975,0.830609219294091,0.812746711883674,270.50648791305656,0.01786250741041706,5.9451783369434565,regresion_conjunta_normalizada,ac_power_norm
1430,2010-08-24 17:00:00,233.573333,694.96529975,23.0250995,-0.9659258262890684,-0.2588190451025206,-0.7961828637826154,-0.6050560696488494,332.82999975,332.82999975,0.7017796868534835,0.6523120400910785,217.10901614043564,0.049467646762405004,16.46431685956435,regresion_conjunta_normalizada,ac_power_norm
1430,2010-08-24 18:00:00,106.33499975,290.72564950000003,22.2672665,-1.0,-1.8369701987210287e-16,-0.7961828637826154,-0.6050560696488494,332.82999975,332.82999975,0.3194874255021237,0.26713461290397683,88.91041314604696,0.05235281259814689,17.42458660395303,regresion_conjunta_normalizada,ac_power_norm
1430,2010-08-25 06:00:00,3.31333325,48.14406625,12.7337165,1.0,6.123233995736766e-17,-0.8064799463209447,-0.5912614448635782,332.82999975,332.82999975,0.009955031855568182,0.04402839308086472,14.653970058097107,-0.034073361225296535,-11.340636808097107,regresion_conjunta_normalizada,ac_power_norm
1430,2010-08-25 07:00:00,105.0766665,391.98303275,15.09106625,0.9659258262890684,-0.2588190451025206,-0.8064799463209447,-0.5912614448635782,332.82999975,332.82999975,0.3157067168792677,0.35988666030012106,119.78107705771764,-0.04417994342085335,-14.704410557717637,regresion_conjunta_normalizada,ac_power_norm
1430,2010-08-25 08:00:00,239.82499975,805.0829162499999,19.669433,0.8660254037844387,-0.4999999999999998,-0.8064799463209447,-0.5912614448635782,332.82999975,332.82999975,0.720563049995916,0.7010938817831867,233.34507649862456,0.01946916821272937,6.479923251375425,regresion_conjunta_normalizada,ac_power_norm
1430,2010-08-25 09:00:00,283.6449995,952.861816,21.1846995,0.7071067811865476,-0.7071067811865475,-0.8064799463209447,-0.5912614448635782,332.82999975,332.82999975,0.852221854138916,0.8296061218901052,276.1178053412822,0.02261573224881086,7.527194158717805,regresion_conjunta_normalizada,ac_power_norm
1430,2010-08-25 10:00:00,288.54333325,960.5788495,22.70399975,0.4999999999999999,-0.8660254037844387,-0.8064799463209447,-0.5912614448635782,332.82999975,332.82999975,0.8669390784086012,0.8612551652308804,286.65155642848015,0.005683913177720767,1.8917768215198407,regresion_conjunta_normalizada,ac_power_norm
1430,2010-08-25 11:00:00,281.358333,922.3365495,23.7340165,0.258819045102521,-0.9659258262890682,-0.8064799463209447,-0.5912614448635782,332.82999975,332.82999975,0.8453514803693714,0.8554168893572305,284.7084030709128,-0.010065408987859126,-3.350070070912807,regresion_conjunta_normalizada,ac_power_norm
1430,2010-08-25 12:00:00,276.2466665,903.32924975,24.6269495,1.2246467991473532e-16,-1.0,-0.8064799463209447,-0.5912614448635782,332.82999975,332.82999975,0.8299932899903805,0.8561575948958697,284.9549320951529,-0.026164304905489266,-8.708265595152909,regresion_conjunta_normalizada,ac_power_norm
1430,2010-08-25 13:00:00,276.9999995,878.37726625,25.430533,-0.2588190451025208,-0.9659258262890684,-0.8064799463209447,-0.5912614448635782,332.82999975,332.82999975,0.8322567067513871,0.8443563644137497,281.0271285567392,-0.01209965766236265,-4.027129056739227,regresion_conjunta_normalizada,ac_power_norm
1430,2010-08-25 14:00:00,280.99499975,882.7349664999999,26.0688665,-0.4999999999999997,-0.8660254037844388,-0.8064799463209447,-0.5912614448635782,332.82999975,332.82999975,0.8442598322298619,0.8467488566738275,281.8234217550628,-0.002489024443965593,-0.8284220050628051,regresion_conjunta_normalizada,ac_power_norm
1430,2010-08-25 15:00:00,280.303333,924.3278165,26.807416250000003,-0.7071067811865471,-0.7071067811865479,-0.8064799463209447,-0.5912614448635782,332.82999975,332.82999975,0.8421816939895606,0.8701220373689615,289.602717479981,-0.02794034337940099,-9.299384479980972,regresion_conjunta_normalizada,ac_power_norm
1430,2010-08-25 16:00:00,272.865,883.747133,26.9813165,-0.8660254037844385,-0.5000000000000004,-0.8064799463209447,-0.5912614448635782,332.82999975,332.82999975,0.8198329483669088,0.8223477509923156,273.7020017571855,-0.00251480262540682,-0.837001757185476,regresion_conjunta_normalizada,ac_power_norm
1430,2010-08-25 17:00:00,230.58999975,703.2317995000001,26.623133,-0.9659258262890684,-0.2588190451025206,-0.8064799463209447,-0.5912614448635782,332.82999975,332.82999975,0.6928161521593728,0.6540541609940413,217.68884624013324,0.03876199116533141,12.90115350986676,regresion_conjunta_normalizada,ac_power_norm
1430,2010-08-25 18:00:00,103.548333,285.81108325,25.5296665,-1.0,-1.8369701987210287e-16,-0.8064799463209447,-0.5912614448635782,332.82999975,332.82999975,0.31111478255499414,0.25135259250866704,83.6576833018215,0.0597621900463271,19.890649698178493,regresion_conjunta_normalizada,ac_power_norm
1430,2010-08-26 06:00:00,1.995,52.49274975,18.32576625,1.0,6.123233995736766e-17,-0.8165380514459157,-0.5772916165517278,332.82999975,332.82999975,0.005994051021538061,0.04021665508304539,13.385309301235832,-0.034222604061507324,-11.390309301235831,regresion_conjunta_normalizada,ac_power_norm
1430,2010-08-26 07:00:00,108.59166625,411.7368495,20.25469975,0.9659258262890684,-0.2588190451025206,-0.8165380514459157,-0.5772916165517278,332.82999975,332.82999975,0.3262676631660815,0.3759394644964738,125.12393187437651,-0.049671801330392285,-16.532265624376507,regresion_conjunta_normalizada,ac_power_norm
1430,2010-08-26 08:00:00,249.1699995,834.885933,23.20664975,0.8660254037844387,-0.4999999999999998,-0.8165380514459157,-0.5772916165517278,332.82999975,332.82999975,0.7486404461351444,0.7254452239063716,241.44993369139635,0.023195222228772794,7.720065808603636,regresion_conjunta_normalizada,ac_power_norm
1430,2010-08-26 09:00:00,286.7516665,982.5999495,26.74098325,0.7071067811865476,-0.7071067811865475,-0.8165380514459157,-0.5772916165517278,332.82999975,332.82999975,0.8615559496301084,0.8563004613488345,285.00248233665747,0.005255488281273868,1.7491841633425338,regresion_conjunta_normalizada,ac_power_norm
1430,2010-08-26 10:00:00,286.303333,973.17636625,27.96643325,0.4999999999999999,-0.8660254037844387,-0.8165380514459157,-0.5772916165517278,332.82999975,332.82999975,0.8602089151069682,0.8760437736216022,291.5736489554669,-0.015834858514634065,-5.270315955466913,regresion_conjunta_normalizada,ac_power_norm
1430,2010-08-26 11:00:00,278.96166625,939.6642165,28.9000995,0.258819045102521,-0.9659258262890682,-0.8165380514459157,-0.5772916165517278,332.82999975,332.82999975,0.8381506067948732,0.8729025611622414,290.52815921340317,-0.03475195436736822,-11.566492963403164,regresion_conjunta_normalizada,ac_power_norm
1430,2010-08-26 12:00:00,273.22166625,909.19113275,29.2398995,1.2246467991473532e-16,-1.0,-0.8165380514459157,-0.5772916165517278,332.82999975,332.82999975,0.8209045652592198,0.8639179294340136,287.53780423754324,-0.04301336417479373,-14.316137987543243,regresion_conjunta_normalizada,ac_power_norm
1430,2010-08-26 13:00:00,273.37666625,900.38171625,29.47411625,-0.2588190451025208,-0.9659258262890684,-0.8165380514459157,-0.5772916165517278,332.82999975,332.82999975,0.8213702684714196,0.8629975305048028,287.23146786216415,-0.04162726203338318,-13.854801612164124,regresion_conjunta_normalizada,ac_power_norm
1430,2010-08-26 14:00:00,281.33333275,923.88404975,30.1643995,-0.4999999999999997,-0.8660254037844388,-0.8165380514459157,-0.5772916165517278,332.82999975,332.82999975,0.8452763661969146,0.8785851782515317,292.419504657811,-0.03330881205461711,-11.086171907810979,regresion_conjunta_normalizada,ac_power_norm
1430,2010-08-26 15:00:00,284.2016665,945.04799975,30.55509975,-0.7071067811865471,-0.7071067811865479,-0.8165380514459157,-0.5772916165517278,332.82999975,332.82999975,0.8538943806552101,0.8840726399902394,294.24589654693324,-0.030178259335029378,-10.04423004693325,regresion_conjunta_normalizada,ac_power_norm
1430,2010-08-26 16:00:00,277.40166625,894.5210997499998,30.0833665,-0.8660254037844385,-0.5000000000000004,-0.8165380514459157,-0.5772916165517278,332.82999975,332.82999975,0.8334635293043472,0.8270909891382734,275.2806937081188,0.0063725401660738035,2.1209725418812013,regresion_conjunta_normalizada,ac_power_norm
1430,2010-08-26 17:00:00,232.99999975,716.518333,29.46914975,-0.9659258262890684,-0.2588190451025206,-0.8165380514459157,-0.5772916165517278,332.82999975,332.82999975,0.7000570859748648,0.6586490616382119,219.21816702038382,0.041408024336652915,13.781832729616184,regresion_conjunta_normalizada,ac_power_norm
1430,2010-08-26 18:00:00,90.90333275,256.2433665,28.03241625,-1.0,-1.8369701987210287e-16,-0.8165380514459157,-0.5772916165517278,332.82999975,332.82999975,0.2731224132989232,0.2112177398425308,70.2996002989851,0.06190467345639236,20.603732451014906,regresion_conjunta_normalizada,ac_power_norm
1430,2010-08-27 06:00:00,0.0,44.877316500000006,19.20434975,1.0,6.123233995736766e-17,-0.8263541987239094,-0.5631507242749187,332.82999975,332.82999975,0.0,0.0312708922069566,10.407891045423643,-0.0312708922069566,-10.407891045423643,regresion_conjunta_normalizada,ac_power_norm
1430,2010-08-27 07:00:00,100.45666625,384.21119975,21.37716625,0.9659258262890684,-0.2588190451025206,-0.8263541987239094,-0.5631507242749187,332.82999975,332.82999975,0.3018257558677296,0.3516932229969048,117.05405532213652,-0.049867467129175225,-16.597389072136522,regresion_conjunta_normalizada,ac_power_norm
1430,2010-08-27 08:00:00,236.268333,801.14244975,25.05294975,0.8660254037844387,-0.4999999999999998,-0.8263541987239094,-0.5631507242749187,332.82999975,332.82999975,0.7098769136720525,0.7014655784446868,233.46878829837874,0.008411335227365702,2.7995447016212722,regresion_conjunta_normalizada,ac_power_norm
1430,2010-08-27 09:00:00,278.7249995,954.878533,27.6610995,0.7071067811865476,-0.7071067811865475,-0.8263541987239094,-0.5631507242749187,332.82999975,332.82999975,0.8374395328226418,0.837615084668538,278.7834284208257,-0.00017555184589612693,-0.05842892082569051,regresion_conjunta_normalizada,ac_power_norm
1430,2010-08-27 10:00:00,278.26999950000004,947.5835165,29.479533,0.4999999999999999,-0.8660254037844387,-0.8263541987239094,-0.5631507242749187,332.82999975,332.82999975,0.8360724685545718,0.858168141533564,285.6241023320741,-0.022095672978992176,-7.354102832074034,regresion_conjunta_normalizada,ac_power_norm
1430,2010-08-27 11:00:00,233.25833275,784.28781625,29.379133,0.258819045102521,-0.9659258262890682,-0.8263541987239094,-0.5631507242749187,332.82999975,332.82999975,0.7008332569936854,0.7541780283811843,251.01307299756508,-0.053344771387498935,-17.75474024756508,regresion_conjunta_normalizada,ac_power_norm
1430,2010-08-27 12:00:00,96.74999975,300.38203275,27.84966625,1.2246467991473532e-16,-1.0,-0.8263541987239094,-0.5631507242749187,332.82999975,332.82999975,0.29068893976706495,0.334606307611506,111.36701727868596,-0.04391736784444106,-14.617017528685963,regresion_conjunta_normalizada,ac_power_norm
1430,2010-08-27 13:00:00,155.21999975,500.58621625,28.13341625,-0.2588190451025208,-0.9659258262890684,-0.8263541987239094,-0.5631507242749187,332.82999975,332.82999975,0.466364209556203,0.5254364264847224,174.88100569555107,-0.05907221692851944,-19.661005945551068,regresion_conjunta_normalizada,ac_power_norm
1430,2010-08-27 14:00:00,175.4716665,622.36789975,28.58981625,-0.4999999999999997,-0.8660254037844388,-0.8263541987239094,-0.5631507242749187,332.82999975,332.82999975,0.5272110886392536,0.6302021228735859,209.75017239846508,-0.10299103423433231,-34.278505898465085,regresion_conjunta_normalizada,ac_power_norm
1430,2010-08-27 15:00:00,188.39666625,637.23126625,29.13711625,-0.7071067811865471,-0.7071067811865479,-0.8263541987239094,-0.5631507242749187,332.82999975,332.82999975,0.5660447267118685,0.6313754749959921,210.1406991850722,-0.06533074828412366,-21.744032935072198,regresion_conjunta_normalizada,ac_power_norm
1430,2010-08-27 16:00:00,204.553333,675.15308275,29.25269975,-0.8660254037844385,-0.5000000000000004,-0.8263541987239094,-0.5631507242749187,332.82999975,332.82999975,0.6145880273822882,0.647037566106273,215.35351296539147,-0.03244953872398482,-10.800179965391465,regresion_conjunta_normalizada,ac_power_norm
1430,2010-08-27 17:00:00,67.33333275000001,217.91328325,28.15331625,-0.9659258262890684,-0.2588190451025206,-0.8263541987239094,-0.5631507242749187,332.82999975,332.82999975,0.20230547967603996,0.1943957770377432,64.70074642287312,0.007909702638296767,2.6325863271268872,regresion_conjunta_normalizada,ac_power_norm
1430,2010-08-27 18:00:00,25.448333,81.8150495,26.86076625,-1.0,-1.8369701987210287e-16,-0.8263541987239094,-0.5631507242749187,332.82999975,332.82999975,0.07646045434340389,0.036866938638521723,12.270423177842451,0.03959351570488216,13.17790982215755,regresion_conjunta_normalizada,ac_power_norm
1430,2010-08-28 06:00:00,0.0,19.6087995,20.962233,1.0,6.123233995736766e-17,-0.8359254794186365,-0.5488429582847199,332.82999975,332.82999975,0.0,0.0021327625542291034,0.7098473603908819,-0.0021327625542291034,-0.7098473603908819,regresion_conjunta_normalizada,ac_power_norm
1430,2010-08-28 07:00:00,6.995,83.65636624999999,21.158083,0.9659258262890684,-0.2588190451025206,-0.8359254794186365,-0.5488429582847199,332.82999975,332.82999975,0.021016735286044478,0.07887286058416912,26.251254168510794,-0.057856125298124644,-19.256254168510793,regresion_conjunta_normalizada,ac_power_norm
1430,2010-08-28 08:00:00,217.413333,742.485083,23.57684975,0.8660254037844387,-0.4999999999999998,-0.8359254794186365,-0.5488429582847199,332.82999975,332.82999975,0.6532263713105987,0.6589220614981499,219.30902956369872,-0.005695690187551228,-1.8956965636987206,regresion_conjunta_normalizada,ac_power_norm
1430,2010-08-28 09:00:00,277.8049995,955.335033,27.39181625,0.7071067811865476,-0.7071067811865475,-0.8359254794186365,-0.5488429582847199,332.82999975,332.82999975,0.8346753589179726,0.8383334165095306,279.02251080728377,-0.003658057591558017,-1.2175113072837576,regresion_conjunta_normalizada,ac_power_norm
1430,2010-08-28 10:00:00,283.31999975,950.07829975,27.804383,0.4999999999999999,-0.8660254037844387,-0.8359254794186365,-0.5488429582847199,332.82999975,332.82999975,0.8512453804128575,0.8604648061379869,286.38850121179,-0.00921942572512946,-3.0685014617899924,regresion_conjunta_normalizada,ac_power_norm
1430,2010-08-28 11:00:00,265.55499975,862.2143664999999,28.08836625,0.258819045102521,-0.9659258262890682,-0.8359254794186365,-0.5488429582847199,332.82999975,332.82999975,0.797869783221066,0.8158734150899951,271.5471485404347,-0.01800363186892906,-5.992148790434726,regresion_conjunta_normalizada,ac_power_norm
1430,2010-08-28 12:00:00,211.5299995,698.6834165,28.16883325,1.2246467991473532e-16,-1.0,-0.8359254794186365,-0.5488429582847199,332.82999975,332.82999975,0.63554967899194,0.6972796550875815,232.07558742847985,-0.06172997609564146,-20.545587928479847,regresion_conjunta_normalizada,ac_power_norm
1430,2010-08-28 13:00:00,259.72666625,910.420683,29.04471625,-0.2588190451025208,-0.9659258262890684,-0.8359254794186365,-0.5488429582847199,332.82999975,332.82999975,0.780358340429317,0.8721103562835817,290.2644896638369,-0.09175201585426473,-30.537823413836918,regresion_conjunta_normalizada,ac_power_norm
1430,2010-08-28 14:00:00,158.4849995,548.09946625,28.859633,-0.4999999999999997,-0.8660254037844388,-0.8359254794186365,-0.5488429582847199,332.82999975,332.82999975,0.47617402162979144,0.5639346170524839,187.69435845259457,-0.08776059542269249,-29.209358952594584,regresion_conjunta_normalizada,ac_power_norm
1430,2010-08-28 15:00:00,46.99333275,158.94699975,27.65816625,-0.7071067811865471,-0.7071067811865479,-0.8359254794186365,-0.5488429582847199,332.82999975,332.82999975,0.14119320008802783,0.17215608671412233,57.298710298022314,-0.030962886626094505,-10.305377548022314,regresion_conjunta_normalizada,ac_power_norm
1430,2010-08-28 16:00:00,39.708333,137.4727665,27.39789975,-0.8660254037844385,-0.5000000000000004,-0.8359254794186365,-0.5488429582847199,332.82999975,332.82999975,0.11930514986577619,0.13397457880224456,44.59075902925741,-0.014669428936468373,-4.8824260292574095,regresion_conjunta_normalizada,ac_power_norm
1430,2010-08-28 17:00:00,79.06166625,247.49114975,27.194033,-0.9659258262890684,-0.2588190451025206,-0.8359254794186365,-0.5488429582847199,332.82999975,332.82999975,0.23754368989990662,0.22989547588432094,76.51611118110468,0.007648214015585686,2.5455550688953252,regresion_conjunta_normalizada,ac_power_norm
1430,2010-08-28 18:00:00,12.93499975,45.9276665,25.41756625,-1.0,-1.8369701987210287e-16,-0.8359254794186365,-0.5488429582847199,332.82999975,332.82999975,0.03886368344114389,0.00684276703833285,2.277478151657631,0.03202091640281104,10.657521598342369,regresion_conjunta_normalizada,ac_power_norm
1430,2010-08-29 06:00:00,0.27333325,35.71193325,15.98369975,1.0,6.123233995736766e-17,-0.8452490573530634,-0.5343725582809785,332.82999975,332.82999975,0.0008212398227482799,0.03045745542141675,10.137154880295773,-0.02963621559866847,-9.863821630295773,regresion_conjunta_normalizada,ac_power_norm
1430,2010-08-29 07:00:00,105.45666625,406.2729165,18.57568275,0.9659258262890684,-0.2588190451025206,-0.8452490573530634,-0.5343725582809785,332.82999975,332.82999975,0.316848440132236,0.3735419686387438,124.3259733286476,-0.05669352850650777,-18.86930707864761,regresion_conjunta_normalizada,ac_power_norm
1430,2010-08-29 08:00:00,248.47666625,831.07251625,22.02574975,0.8660254037844387,-0.4999999999999998,-0.8452490573530634,-0.5343725582809785,332.82999975,332.82999975,0.7465573008341775,0.7227148710122129,240.5411903383161,0.023842429821964606,7.935475911683881,regresion_conjunta_normalizada,ac_power_norm
1430,2010-08-29 09:00:00,290.37666625,1008.04006625,24.4091665,0.7071067811865476,-0.7071067811865475,-0.8452490573530634,-0.5343725582809785,332.82999975,332.82999975,0.8724473949707414,0.87238275231931,290.35515123634025,6.464265143146797e-05,0.021515013659779925,regresion_conjunta_normalizada,ac_power_norm
1430,2010-08-29 10:00:00,254.06166625,908.19923325,25.39926625,0.4999999999999999,-0.8660254037844387,-0.8452490573530634,-0.5343725582809785,332.82999975,332.82999975,0.7633376391576312,0.8293527295790533,276.03346877845814,-0.06601509042142206,-21.97180252845814,regresion_conjunta_normalizada,ac_power_norm
1430,2010-08-29 11:00:00,237.87499975,783.64181625,25.6609165,0.258819045102521,-0.9659258262890682,-0.8452490573530634,-0.5343725582809785,332.82999975,332.82999975,0.7147042031327586,0.754914841526007,251.2583065163722,-0.040210638393248344,-13.383306766372186,regresion_conjunta_normalizada,ac_power_norm
1430,2010-08-29 12:00:00,272.778333,905.83043275,26.6505995,1.2246467991473532e-16,-1.0,-0.8452490573530634,-0.5343725582809785,332.82999975,332.82999975,0.8195725541714782,0.8620332790462839,286.9105360494664,-0.04246072487480568,-14.132203049466398,regresion_conjunta_normalizada,ac_power_norm
1430,2010-08-29 13:00:00,294.608333,978.7521165,27.930533,-0.2588190451025208,-0.9659258262890684,-0.8452490573530634,-0.5343725582809785,332.82999975,332.82999975,0.8851615936703133,0.9240248556529549,307.54319247596675,-0.03886326198264156,-12.934859475966732,regresion_conjunta_normalizada,ac_power_norm
1430,2010-08-29 14:00:00,202.923333,713.64341625,27.73406625,-0.4999999999999997,-0.8660254037844388,-0.8452490573530634,-0.5343725582809785,332.82999975,332.82999975,0.6096906323120592,0.7116043399707628,236.8432722945679,-0.10191370765870356,-33.91993929456788,regresion_conjunta_normalizada,ac_power_norm
1430,2010-08-29 15:00:00,153.63166625,521.0672995,28.247583,-0.7071067811865471,-0.7071067811865479,-0.8452490573530634,-0.5343725582809785,332.82999975,332.82999975,0.4615920030207553,0.5299280780714166,176.37596209202758,-0.0683360750506613,-22.744295842027583,regresion_conjunta_normalizada,ac_power_norm
1430,2010-08-29 16:00:00,124.3649995,414.82801625,27.766133,-0.8660254037844385,-0.5000000000000004,-0.8452490573530634,-0.5343725582809785,332.82999975,332.82999975,0.37365922420879966,0.4143807919438848,137.91835887908798,-0.04072156773508512,-13.55335937908798,regresion_conjunta_normalizada,ac_power_norm
1430,2010-08-29 17:00:00,97.47333275,314.0894165,27.070833,-0.9659258262890684,-0.2588190451025206,-0.8452490573530634,-0.5343725582809785,332.82999975,332.82999975,0.2928622204224846,0.29828047598258844,99.27669074671479,-0.005418255560103835,-1.8033579967147944,regresion_conjunta_normalizada,ac_power_norm
1430,2010-08-29 18:00:00,34.8749995,107.01494975,23.502633,-1.0,-1.8369701987210287e-16,-0.8452490573530634,-0.5343725582809785,332.82999975,332.82999975,0.10478322124266384,0.08127992215347263,27.052396470020316,0.023503299089191215,7.822603029979685,regresion_conjunta_normalizada,ac_power_norm
