measured_on,ac_power__5074,ambient_temp__5042,kwh_gross__5045,kwh_net__5046,module_temp__5043,poa_irradiance__5041,system_id
2010-01-11 06:00:00,0.0,-2.008666,0.0,0.0,-6.5046,5.014866,1430
2010-01-11 06:15:00,0.0,-0.728466,0.0,0.0,-7.327666,5.1728,1430
2010-01-11 06:30:00,0.0,-0.119533,0.0,0.0,-7.089666,5.253866,1430
2010-01-11 06:45:00,0.0,-1.3718,0.0,0.0,-6.169333,5.2794,1430
2010-01-11 07:00:00,0.0,-0.5376659999999999,0.0,0.0,-5.690066,5.289666,1430
2010-01-11 07:15:00,0.0,-1.3722,0.0,0.0,-5.9974,5.274266,1430
2010-01-11 07:30:00,0.0,-0.4148,0.0,0.0,-5.298466,5.488266,1430
2010-01-11 07:45:00,0.0,-1.4364,0.0,0.0,-5.9294,7.1716,1430
2010-01-11 08:00:00,0.0,-1.0984,0.0,0.0,-5.980866,31.438266,1430
2010-01-11 08:15:00,2.893333,-0.798,-1.0,-1.0,-4.433866,98.617533,1430
2010-01-11 08:30:00,22.546666,-0.5532,2.0,2.0,-2.527266,184.967133,1430
2010-01-11 08:45:00,44.126666,-0.001333,12.0,12.0,0.539533,277.4352,1430
2010-01-11 09:00:00,68.46,0.450266,25.0,25.0,3.499266,371.276666,1430
2010-01-11 09:15:00,95.993333,1.4716,40.0,40.0,7.396133,467.3666,1430
2010-01-11 09:30:00,121.686666,2.309,55.0,55.0,11.617933,557.902066,1430
2010-01-11 09:45:00,147.44,3.159333,70.0,70.0,16.332933,644.1548,1430
2010-01-11 10:00:00,166.746666,4.6316,84.0,84.0,21.251266,704.956133,1430
2010-01-11 10:15:00,171.086666,4.3582,95.0,95.0,21.342666,698.689866,1430
2010-01-11 10:30:00,175.893333,5.376933,95.0,95.0,23.080466,699.717266,1430
2010-01-11 10:45:00,176.733333,7.759865999999999,96.0,96.0,26.404066,687.896733,1430
2010-01-11 11:00:00,177.12,7.0524,94.0,94.0,26.8794,670.008266,1430
2010-01-11 11:15:00,176.48,7.858799999999999,95.0,95.0,26.527866,646.743733,1430
2010-01-11 11:30:00,173.886666,7.449466,92.0,92.0,24.698333,615.041133,1430
2010-01-11 11:45:00,172.686666,6.5866,90.0,90.0,19.433,585.708666,1430
2010-01-11 12:00:00,171.513333,6.3624,89.0,89.0,18.186666,561.055533,1430
2010-01-11 12:15:00,169.886666,6.109066,87.0,87.0,19.358266,543.192466,1430
2010-01-11 12:30:00,169.12,6.475133,84.0,84.0,20.107133,530.8024,1430
2010-01-11 12:45:00,170.06,6.623866,85.0,85.0,19.028266,525.090466,1430
2010-01-11 13:00:00,171.16,6.663933,85.0,85.0,17.605133,521.876066,1430
2010-01-11 13:15:00,175.48,6.532266,85.0,85.0,18.137533,532.2062,1430
2010-01-11 13:30:00,178.026666,6.969533,88.0,88.0,20.466866,543.1468,1430
2010-01-11 13:45:00,182.713333,7.949066,89.0,89.0,22.878866,560.363733,1430
2010-01-11 14:00:00,187.4,8.3564,92.0,92.0,24.535333,578.964266,1430
2010-01-11 14:15:00,191.046666,8.9116,95.0,95.0,25.781266,596.527,1430
2010-01-11 14:30:00,190.56,8.071132999999998,97.0,97.0,24.6108,600.046866,1430
2010-01-11 14:45:00,197.62,6.7088,98.0,98.0,19.385666,619.456066,1430
2010-01-11 15:00:00,197.466666,7.039733,102.0,102.0,19.610066,621.403933,1430
2010-01-11 15:15:00,194.52,7.827933,101.0,101.0,23.840466,620.936133,1430
2010-01-11 15:30:00,185.98,8.744799999999998,101.0,101.0,25.596533,599.4516,1430
2010-01-11 15:45:00,165.086666,8.009333,98.0,98.0,23.305666,506.113666,1430
2010-01-11 16:00:00,137.753333,8.028333,87.0,87.0,19.134733,405.695666,1430
2010-01-11 16:15:00,108.613333,7.953,72.0,72.0,15.345733,309.0464,1430
2010-01-11 16:30:00,77.073333,7.698266,55.0,55.0,12.105333,221.522066,1430
2010-01-11 16:45:00,45.286666,7.630133,41.0,41.0,8.0264,139.806066,1430
2010-01-11 17:00:00,16.966666,7.498332999999999,23.0,23.0,3.876733,63.9038,1430
2010-01-11 17:15:00,3.113333,4.812066,9.0,9.0,-0.019866,15.116466,1430
2010-01-11 17:30:00,0.8599999999999999,3.4126,1.0,1.0,-1.981066,9.292666,1430
2010-01-11 17:45:00,0.0,1.999466,0.0,0.0,-3.1988,5.477866,1430
2010-01-11 18:00:00,0.0,1.601733,0.0,0.0,-3.295666,4.2924,1430
2010-01-11 18:15:00,0.0,1.621933,0.0,0.0,-3.339,4.414733,1430
2010-01-11 18:30:00,0.0,0.7703999999999999,0.0,0.0,-3.582733,4.490933,1430
2010-01-11 18:45:00,0.0,-1.516933,-1.0,-1.0,-4.677333,4.648933,1430
2010-01-17 06:00:00,0.0,2.480533,-1.0,-1.0,-0.597866,4.145333,1430
2010-01-17 06:15:00,0.0,2.658733,0.0,0.0,0.124866,4.1656,1430
2010-01-17 06:30:00,0.0,4.308333,0.0,0.0,1.5092,4.104666,1430
2010-01-17 06:45:00,0.0,4.2932,0.0,0.0,2.3148,3.901,1430
2010-01-17 07:00:00,0.0,3.970666,0.0,0.0,2.436533,3.743133,1430
2010-01-17 07:15:00,0.0,4.232266,0.0,0.0,2.435,3.687333,1430
2010-01-17 07:30:00,0.0,4.631066,0.0,0.0,2.162733,3.6924,1430
2010-01-17 07:45:00,0.0,4.512066,0.0,0.0,1.908066,4.14,1430
2010-01-17 08:00:00,0.0,4.281533,0.0,0.0,1.6634,6.566333,1430
2010-01-17 08:15:00,0.0,4.225333,0.0,0.0,1.666866,13.265066,1430
2010-01-17 08:30:00,0.0,3.544933,-1.0,-1.0,1.596733,28.783133,1430
2010-01-17 08:45:00,3.546666,4.391466,0.0,0.0,2.567933,45.766266,1430
2010-01-17 09:00:00,17.906666,4.983133,3.0,3.0,3.611866,64.310866,1430
2010-01-17 09:15:00,28.386666,5.125666,9.0,9.0,4.856533,97.050933,1430
2010-01-17 09:30:00,40.593333,5.110933,14.0,14.0,6.353666,134.831733,1430
2010-01-17 09:45:00,54.293333,5.906933,20.0,20.0,8.319933,180.419933,1430
2010-01-17 10:00:00,65.6,6.599133,28.0,28.0,10.879666,214.8792,1430
2010-01-17 10:15:00,60.546666,7.0502,33.0,33.0,12.004866,191.177266,1430
2010-01-17 10:30:00,73.04,7.409333,30.0,30.0,12.7284,231.740333,1430
2010-01-17 10:45:00,87.046666,7.655533,37.0,37.0,14.341866,271.087733,1430
2010-01-17 11:00:00,105.786666,8.061666,44.0,44.0,16.571866,338.450133,1430
2010-01-17 11:15:00,98.6,8.180466,54.0,54.0,17.0404,306.554066,1430
2010-01-17 11:30:00,106.686666,8.4,48.0,48.0,17.1304,328.053733,1430
2010-01-17 11:45:00,74.42,8.289132999999998,52.0,52.0,15.384133,225.682533,1430
2010-01-17 12:00:00,75.62,8.2712,36.0,36.0,13.1336,229.512466,1430
2010-01-17 12:15:00,96.28,8.424466,38.0,38.0,14.255533,291.7226,1430
2010-01-17 12:30:00,139.54,8.934933,49.0,49.0,18.6026,423.182266,1430
2010-01-17 12:45:00,116.2,8.999665999999998,68.0,68.0,18.2846,353.108666,1430
2010-01-17 13:00:00,106.36,9.0428,58.0,58.0,17.7638,319.274866,1430
2010-01-17 13:15:00,104.16,9.2954,53.0,53.0,17.248466,324.579933,1430
2010-01-17 13:30:00,115.913333,9.6558,54.0,54.0,20.145,348.337866,1430
2010-01-17 13:45:00,90.366666,9.177666,55.0,55.0,16.212266,281.6876,1430
2010-01-17 14:00:00,79.953333,8.893466,47.0,47.0,14.724066,239.186533,1430
2010-01-17 14:15:00,81.72,8.8556,37.0,37.0,13.489266,260.1064,1430
2010-01-17 14:30:00,127.266666,9.017466,43.0,43.0,15.892666,391.616933,1430
2010-01-17 14:45:00,152.253333,9.118733,64.0,64.0,17.29,475.448533,1430
2010-01-17 15:00:00,180.266666,9.348,79.0,79.0,20.241,560.0788,1430
2010-01-17 15:15:00,179.953333,9.473733,90.0,90.0,21.9208,568.8172,1430
2010-01-17 15:30:00,180.426666,9.481933,96.0,96.0,21.334,571.441666,1430
2010-01-17 15:45:00,144.253333,9.304866,91.0,91.0,18.9696,450.744533,1430
2010-01-17 16:00:00,47.14,8.910933,71.0,71.0,12.372866,146.799733,1430
2010-01-17 16:15:00,30.073333,8.5546,23.0,23.0,9.7016,91.542666,1430
2010-01-17 16:30:00,18.42,7.995733,13.0,13.0,8.0538,61.482733,1430
2010-01-17 16:45:00,16.086666,7.458666,8.0,8.0,7.225266,52.591933,1430
2010-01-17 17:00:00,8.353333,7.141266,8.0,8.0,6.195333,30.7974,1430
2010-01-17 17:15:00,4.993333,6.430466,3.0,3.0,5.0046,20.701066,1430
2010-01-17 17:30:00,1.633333,6.049,2.0,2.0,4.129066,11.291533,1430
2010-01-17 17:45:00,0.0,5.728266,0.0,0.0,3.812266,5.1982,1430
2010-01-17 18:00:00,0.0,5.292933,0.0,0.0,3.429466,3.194266,1430
2010-01-17 18:15:00,0.0,4.5496,-1.0,-1.0,2.370533,3.184133,1430
2010-01-17 18:30:00,0.0,3.851733,0.0,0.0,1.509333,3.367133,1430
2010-01-17 18:45:00,0.0,3.4572,0.0,0.0,0.5624,3.5908,1430
2010-01-20 06:00:00,0.0,-1.6724,0.0,0.0,-3.430666,4.8374,1430
2010-01-20 06:15:00,0.0,-1.4314,0.0,0.0,-3.852533,4.872866,1430
2010-01-20 06:30:00,0.0,-1.77,0.0,0.0,-4.2668,4.9134,1430
2010-01-20 06:45:00,0.0,-2.206933,0.0,0.0,-4.6858,5.035,1430
2010-01-20 07:00:00,0.0,-1.7842,0.0,0.0,-4.506666,5.0812,1430
2010-01-20 07:15:00,0.0,-1.583933,0.0,0.0,-3.509066,5.106866,1430
2010-01-20 07:30:00,0.0,-2.000933,0.0,0.0,-3.693733,5.1882,1430
2010-01-20 07:45:00,0.0,-2.0998,0.0,0.0,-3.833266,6.296933,1430
2010-01-20 08:00:00,0.0,-2.170533,-1.0,-1.0,-4.2358,11.535533,1430
2010-01-20 08:15:00,0.0,-2.442066,0.0,0.0,-4.600266,21.021533,1430
2010-01-20 08:30:00,0.0,-1.9784,0.0,0.0,-3.789266,27.384266,1430
2010-01-20 08:45:00,7.926666,-1.511666,0.0,0.0,-2.5558,36.5398,1430
2010-01-20 09:00:00,13.186666,-1.253133,3.0,3.0,-1.638133,46.600266,1430
2010-01-20 09:15:00,14.513333,-1.9672,7.0,7.0,-1.775133,50.369266,1430
2010-01-20 09:30:00,18.0,-2.136533,6.0,6.0,-1.811266,59.819333,1430
2010-01-20 09:45:00,26.94,-1.826733,9.0,9.0,-0.945466,84.95573299999998,1430
2010-01-20 10:00:00,35.2,-0.6474659999999999,13.0,13.0,0.6865999999999999,108.535733,1430
2010-01-20 10:15:00,40.833333,-1.087466,17.0,17.0,1.953866,122.701,1430
2010-01-20 10:30:00,46.506666,-1.1574,20.0,20.0,2.544533,137.817533,1430
2010-01-20 10:45:00,57.566666,-0.780066,22.0,22.0,3.357066,169.637,1430
2010-01-20 11:00:00,62.153333,-0.6214659999999999,28.0,28.0,4.5562,179.657,1430
2010-01-20 11:15:00,60.96,-1.3706,30.0,30.0,2.713933,173.2736,1430
2010-01-20 11:30:00,62.986666,-1.271,29.0,29.0,2.629933,179.046533,1430
2010-01-20 11:45:00,66.166666,-1.098333,31.0,31.0,3.147933,188.059533,1430
2010-01-20 12:00:00,73.566666,-0.786333,32.0,32.0,3.4064,208.897866,1430
2010-01-20 12:15:00,76.79999999999998,-0.6259329999999999,36.0,36.0,3.548333,217.3818,1430
2010-01-20 12:30:00,68.12,-0.806533,38.0,38.0,2.446533,196.512733,1430
2010-01-20 12:45:00,71.146666,-0.6094,33.0,33.0,2.908466,207.692466,1430
2010-01-20 13:00:00,72.026666,-0.2654659999999999,36.0,36.0,4.012733,212.427733,1430
2010-01-20 13:15:00,78.73999999999998,0.0321999999999999,35.0,35.0,4.801,232.864333,1430
2010-01-20 13:30:00,78.29999999999998,0.3052,40.0,40.0,5.1608,231.491133,1430
2010-01-20 13:45:00,63.66,0.454,37.0,37.0,4.767866,191.324933,1430
2010-01-20 14:00:00,57.606666,0.216333,31.0,31.0,3.334866,175.430266,1430
2010-01-20 14:15:00,48.206666,0.3364659999999999,28.0,28.0,3.072466,150.116066,1430
2010-01-20 14:30:00,45.626666,0.336666,23.0,23.0,2.668866,143.987,1430
2010-01-20 14:45:00,48.066666,0.4046,22.0,22.0,2.817666,150.502533,1430
2010-01-20 15:00:00,48.666666,0.5221329999999998,23.0,23.0,3.1622,151.097666,1430
2010-01-20 15:15:00,39.9,0.656733,24.0,24.0,3.1712,127.1108,1430
2010-01-20 15:30:00,50.973333,0.627333,19.0,19.0,3.919066,162.0788,1430
2010-01-20 15:45:00,72.873333,0.7648,25.0,25.0,5.6572,225.804466,1430
2010-01-20 16:00:00,70.066666,0.903533,38.0,38.0,5.851866,210.779866,1430
2010-01-20 16:15:00,60.406666,0.7004,35.0,35.0,3.930866,178.273533,1430
2010-01-20 16:30:00,63.26,0.775266,30.0,30.0,3.460066,181.925466,1430
2010-01-20 16:45:00,59.3,0.9248,32.0,32.0,3.2234,168.965466,1430
2010-01-20 17:00:00,38.253333,0.846133,30.0,30.0,1.711466,114.212,1430
2010-01-20 17:15:00,8.673332999999998,0.3168,19.0,19.0,-1.6206,31.809466,1430
2010-01-20 17:30:00,2.86,-0.5702,3.0,3.0,-3.879866,15.426733,1430
2010-01-20 17:45:00,0.2866659999999999,-1.770666,1.0,1.0,-4.824533,8.260066,1430
2010-01-20 18:00:00,0.0,-3.329266,-1.0,-1.0,-5.180333,5.147133,1430
2010-01-20 18:15:00,0.0,-2.286533,0.0,0.0,-4.798133,5.071066,1430
2010-01-20 18:30:00,0.0,-1.5766,0.0,0.0,-4.3162,5.112,1430
2010-01-20 18:45:00,0.0,-1.5296,0.0,0.0,-4.363933,5.112,1430
2010-01-21 06:00:00,0.0,-3.407866,0.0,0.0,-6.417533,5.335866,1430
2010-01-21 06:15:00,0.0,-3.549266,-1.0,-1.0,-6.383,5.366333,1430
2010-01-21 06:30:00,0.0,-2.891866,0.0,0.0,-6.507133,5.437266,1430
2010-01-21 06:45:00,0.0,-2.567,0.0,0.0,-6.8098,5.457533,1430
2010-01-21 07:00:00,0.0,-3.102333,0.0,0.0,-6.3432,5.5082,1430
2010-01-21 07:15:00,0.0,-3.4456,0.0,0.0,-6.414533,5.558866,1430
2010-01-21 07:30:00,0.0,-3.222666,0.0,0.0,-5.752866,5.6762,1430
2010-01-21 07:45:00,0.0,-2.517066,0.0,0.0,-5.098933,9.806266,1430
2010-01-21 08:00:00,0.0,-2.566066,0.0,0.0,-5.204666,11.576333,1430
2010-01-21 08:15:00,0.0,-2.639533,-1.0,-1.0,-4.1974,22.908466,1430
2010-01-21 08:30:00,3.186666,-2.412266,0.0,0.0,-3.702333,32.806266,1430
2010-01-21 08:45:00,15.066666,-2.512666,1.0,1.0,-2.980933,54.977333,1430
2010-01-21 09:00:00,28.553333,-2.037,8.0,8.0,-2.3208,96.4966,1430
2010-01-21 09:15:00,47.28,-1.838866,14.0,14.0,-0.3155999999999999,165.639266,1430
2010-01-21 09:30:00,63.306666,-1.5538,24.0,24.0,1.9752,222.757933,1430
2010-01-21 09:45:00,84.91333299999998,-1.008133,34.0,34.0,5.170933,304.545133,1430
2010-01-21 10:00:00,72.64,-0.790733,44.0,44.0,6.374666,246.8414,1430
2010-01-21 10:15:00,80.4,-0.4188,36.0,36.0,6.780466,273.712,1430
2010-01-21 10:30:00,90.546666,0.089866,42.0,42.0,8.452332999999998,304.031266,1430
2010-01-21 10:45:00,126.253333,1.013866,47.0,47.0,12.176133,433.624133,1430
2010-01-21 11:00:00,129.986666,1.178666,66.0,66.0,14.940733,436.375933,1430
2010-01-21 11:15:00,111.213333,0.918666,67.0,67.0,12.596466,358.367933,1430
2010-01-21 11:30:00,112.526666,0.7020659999999999,55.0,55.0,9.9262,351.211666,1430
2010-01-21 11:45:00,104.826666,-0.119466,56.0,56.0,7.363133,319.1274,1430
2010-01-21 12:00:00,107.086666,0.4497329999999999,52.0,52.0,8.030132999999998,319.107,1430
2010-01-21 12:15:00,117.066666,0.933133,54.0,54.0,9.199933,355.911333,1430
2010-01-21 12:30:00,130.693333,1.012133,59.0,59.0,9.8786,390.9454,1430
2010-01-21 12:45:00,111.4,1.033933,65.0,65.0,9.436800000000002,330.3476,1430
2010-01-21 13:00:00,103.593333,1.1062,53.0,53.0,8.251265999999998,306.813466,1430
2010-01-21 13:15:00,95.073333,1.405866,52.0,52.0,7.577533,283.462666,1430
2010-01-21 13:30:00,98.82,1.509933,46.0,46.0,7.209733,298.467,1430
2010-01-21 13:45:00,109.793333,1.5746,51.0,51.0,7.907266,330.083266,1430
2010-01-21 14:00:00,141.513333,1.908,54.0,54.0,9.2676,430.420066,1430
2010-01-21 14:15:00,131.326666,2.067066,71.0,71.0,10.347466,400.894133,1430
2010-01-21 14:30:00,129.386666,2.372333,65.0,65.0,11.240533,400.853533,1430
2010-01-21 14:45:00,97.766666,2.4614,66.0,66.0,8.960599999999998,299.087466,1430
2010-01-21 15:00:00,105.02,2.311733,47.0,47.0,8.3952,318.9596,1430
2010-01-21 15:15:00,87.166666,2.1712,53.0,53.0,7.5506,266.8508,1430
2010-01-21 15:30:00,75.94666599999998,2.284866,44.0,44.0,7.248133,231.765666,1430
2010-01-21 15:45:00,70.413333,2.231266,36.0,36.0,6.237466,214.258666,1430
2010-01-21 16:00:00,44.026666,2.207866,35.0,35.0,4.567133,136.357533,1430
2010-01-21 16:15:00,40.353333,2.2132,21.0,21.0,3.9482,124.176,1430
2010-01-21 16:30:00,28.24,1.748066,19.0,19.0,2.679133,89.904866,1430
2010-01-21 16:45:00,31.186666,1.101066,13.0,13.0,1.973466,98.169933,1430
2010-01-21 17:00:00,18.68,0.4974,16.0,16.0,0.6269329999999999,58.420733,1430
2010-01-21 17:15:00,10.246666,-0.3148659999999999,8.0,8.0,-1.063266,36.738066,1430
2010-01-21 17:30:00,4.0,-0.825466,4.0,4.0,-2.101666,18.259666,1430
2010-01-21 17:45:00,0.0533329999999999,-1.056533,1.0,1.0,-3.182466,7.319133,1430
2010-01-21 18:00:00,0.0,-1.1102,0.0,0.0,-4.0998,5.0102,1430
2010-01-21 18:15:00,0.0,-1.0862,0.0,0.0,-4.023133,4.750533,1430
2010-01-21 18:30:00,0.0,-1.261133,-1.0,-1.0,-3.7526,4.7916,1430
2010-01-21 18:45:00,0.0,-1.665933,0.0,0.0,-3.736666,4.801866,1430
2010-01-26 06:00:00,0.0,-7.8338,0.0,0.0,-12.278733,6.7444,1430
2010-01-26 06:15:00,0.0,-7.252466,0.0,0.0,-11.9982,6.769733,1430
2010-01-26 06:30:00,0.0,-7.060066,-1.0,-1.0,-12.326133,6.795066,1430
2010-01-26 06:45:00,0.0,-6.601733,0.0,0.0,-11.987266,6.866066,1430
2010-01-26 07:00:00,0.0,-7.33,0.0,0.0,-12.462,6.917,1430
2010-01-26 07:15:00,0.0,-6.704866,0.0,0.0,-12.206533,6.968,1430
2010-01-26 07:30:00,0.0,-6.820333,0.0,0.0,-12.434466,7.6344,1430
2010-01-26 07:45:00,0.0,-6.6366,0.0,0.0,-12.692666,12.308733,1430
2010-01-26 08:00:00,0.0,-6.9998,0.0,0.0,-11.9132,30.365,1430
2010-01-26 08:15:00,8.099999999999998,-6.647666,-1.0,-1.0,-10.951133,43.741866,1430
2010-01-26 08:30:00,18.773333,-6.6728,4.0,4.0,-9.804533,78.852333,1430
2010-01-26 08:45:00,62.286666,-6.008933,10.0,10.0,-5.516466,302.673333,1430
2010-01-26 09:00:00,90.786666,-4.785466,35.0,35.0,-0.5702,427.775133,1430
2010-01-26 09:15:00,112.973333,-2.8238,52.0,52.0,6.120533,508.819666,1430
2010-01-26 09:30:00,130.86,-2.2176,65.0,65.0,11.347666,562.286466,1430
2010-01-26 09:45:00,164.213333,-2.354933,74.0,74.0,14.5094,686.309933,1430
2010-01-26 10:00:00,170.846666,-1.932333,91.0,91.0,15.9064,663.706466,1430
2010-01-26 10:15:00,79.72666599999998,-2.3456,95.0,95.0,11.965466,269.337933,1430
2010-01-26 10:30:00,43.7,-2.991266,35.0,35.0,2.210266,151.082466,1430
2010-01-26 10:45:00,61.44,-2.825466,22.0,22.0,1.810533,218.510933,1430
2010-01-26 11:00:00,116.066666,-1.979333,32.0,32.0,5.9266,389.1398,1430
2010-01-26 11:15:00,81.266666,-1.461066,59.0,59.0,7.908666,267.155933,1430
2010-01-26 11:30:00,69.806666,-1.9294,40.0,40.0,4.179333,214.1978,1430
2010-01-26 11:45:00,76.09999999999998,-1.855333,34.0,34.0,3.267733,251.108866,1430
2010-01-26 12:00:00,166.2,0.218066,43.0,43.0,12.052466,547.154733,1430
2010-01-26 12:15:00,182.64,1.7942,87.0,87.0,18.749533,609.415733,1430
2010-01-26 12:30:00,176.006666,1.0798,94.0,94.0,15.115866,542.098933,1430
2010-01-26 12:45:00,164.2,0.166266,86.0,86.0,10.454533,508.794133,1430
2010-01-26 13:00:00,178.553333,1.016266,84.0,84.0,12.101133,535.298533,1430
2010-01-26 13:15:00,127.34,0.5697999999999999,87.0,87.0,7.327066,379.542,1430
2010-01-26 13:30:00,131.42,0.934933,62.0,62.0,7.3022,395.1976,1430
2010-01-26 13:45:00,166.806666,1.079533,67.0,67.0,8.5084,507.4768,1430
2010-01-26 14:00:00,193.386666,1.261333,84.0,84.0,10.595866,581.1208,1430
2010-01-26 14:15:00,203.42,1.724733,97.0,97.0,13.2402,621.795666,1430
2010-01-26 14:30:00,204.513333,2.127533,103.0,103.0,14.637733,632.6396,1430
2010-01-26 14:45:00,205.706666,2.588,104.0,104.0,15.778533,646.642,1430
2010-01-26 15:00:00,168.066666,2.774666,106.0,106.0,16.385,545.0286,1430
2010-01-26 15:15:00,111.066666,2.7898,87.0,87.0,12.445733,339.2792,1430
2010-01-26 15:30:00,91.58,2.821533,51.0,51.0,9.6706,280.288666,1430
2010-01-26 15:45:00,81.42666599999998,2.7686,43.0,43.0,8.170733,234.146,1430
2010-01-26 16:00:00,56.246666,2.158666,36.0,36.0,5.325266,173.014466,1430
2010-01-26 16:15:00,42.193333,1.782733,27.0,27.0,3.931666,130.523666,1430
2010-01-26 16:30:00,28.013333,1.114866,21.0,21.0,1.988,86.21726599999998,1430
2010-01-26 16:45:00,27.753333,0.7716659999999999,13.0,13.0,0.948466,80.210333,1430
2010-01-26 17:00:00,16.88,0.510133,13.0,13.0,0.631066,56.813533,1430
2010-01-26 17:15:00,20.053333,0.4590659999999999,8.0,8.0,0.560666,67.606666,1430
2010-01-26 17:30:00,12.006666,0.145266,9.0,9.0,-0.139066,42.455266,1430
2010-01-26 17:45:00,2.926666,-0.836266,5.0,5.0,-2.250933,15.802933,1430
2010-01-26 18:00:00,0.0,-2.3064,1.0,1.0,-4.3698,5.879666,1430
2010-01-26 18:15:00,0.0,-2.783733,0.0,0.0,-6.194266,4.908333,1430
2010-01-26 18:30:00,0.0,-1.781,0.0,0.0,-6.115066,5.086333,1430
2010-01-26 18:45:00,0.0,-1.659333,0.0,0.0,-6.736533,5.254133,1430
2010-01-27 06:00:00,0.0,-1.143,0.0,0.0,-4.746066,5.340933,1430
2010-01-27 06:15:00,0.0,-1.3968,0.0,0.0,-5.193133,5.2794,1430
2010-01-27 06:30:00,0.0,-0.445933,0.0,0.0,-5.566133,5.2794,1430
2010-01-27 06:45:00,0.0,-0.2404,0.0,0.0,-5.186066,5.2336,1430
2010-01-27 07:00:00,0.0,0.0458659999999999,0.0,0.0,-5.1898,5.243733,1430
2010-01-27 07:15:00,0.0,0.814666,0.0,0.0,-4.1038,5.269133,1430
2010-01-27 07:30:00,0.0,1.182333,0.0,0.0,-3.015266,6.2256,1430
2010-01-27 07:45:00,0.0,0.0505999999999999,0.0,0.0,-2.9466,8.656733,1430
2010-01-27 08:00:00,0.0,-3.621066,-1.0,-1.0,-4.956733,34.520533,1430
2010-01-27 08:15:00,12.706666,-3.911466,0.0,0.0,-4.980266,84.05546599999998,1430
2010-01-27 08:30:00,19.946666,-3.956066,7.0,7.0,-4.548333,89.523266,1430
2010-01-27 08:45:00,32.213333,-3.439866,10.0,10.0,-3.454933,132.6038,1430
2010-01-27 09:00:00,45.393333,-2.8796,17.0,17.0,-1.221066,170.918733,1430
2010-01-27 09:15:00,54.62,-2.617933,23.0,23.0,-0.2518,204.594933,1430
2010-01-27 09:30:00,80.47333299999998,-1.878466,28.0,28.0,1.9508,297.988733,1430
2010-01-27 09:45:00,105.486666,0.061733,44.0,44.0,7.909333,382.553,1430
2010-01-27 10:00:00,73.486666,0.476733,54.0,54.0,5.1278,255.009866,1430
2010-01-27 10:15:00,103.08,1.5182,38.0,38.0,8.6448,369.201666,1430
2010-01-27 10:30:00,169.973333,2.541266,57.0,57.0,16.1402,624.593066,1430
2010-01-27 10:45:00,129.973333,2.5734,89.0,89.0,15.814866,461.522333,1430
2010-01-27 11:00:00,162.02,2.457266,69.0,69.0,14.830733,551.997,1430
2010-01-27 11:15:00,186.813333,2.905866,85.0,85.0,16.6536,633.137933,1430
2010-01-27 11:30:00,180.246666,2.507933,96.0,96.0,13.731733,603.9836,1430
2010-01-27 11:45:00,166.08,2.0502,91.0,91.0,10.4614,541.519066,1430
2010-01-27 12:00:00,181.24,1.556466,85.0,85.0,10.568866,572.255533,1430
2010-01-27 12:15:00,176.28,0.8644,91.0,91.0,9.429133,548.553466,1430
2010-01-27 12:30:00,177.34,1.230733,88.0,88.0,10.6242,548.110933,1430
2010-01-27 12:45:00,192.006666,1.1622,89.0,89.0,12.2828,580.800333,1430
2010-01-27 13:00:00,171.48,1.236666,95.0,95.0,12.233266,515.350266,1430
2010-01-27 13:15:00,169.293333,1.4894,85.0,85.0,12.703266,515.996333,1430
2010-01-27 13:30:00,197.66,2.451666,85.0,85.0,17.898866,598.795533,1430
2010-01-27 13:45:00,186.373333,2.579333,99.0,99.0,17.814333,555.882733,1430
2010-01-27 14:00:00,189.76,2.293666,90.0,90.0,15.157733,582.178866,1430
2010-01-27 14:15:00,175.433333,2.6322,97.0,97.0,15.741466,539.7286,1430
2010-01-27 14:30:00,151.233333,2.384266,87.0,87.0,14.306266,435.323133,1430
2010-01-27 14:45:00,65.56,2.066733,74.0,74.0,9.791066,67.367533,1430
2010-01-27 15:00:00,54.766666,1.718,30.0,30.0,5.360333,126.882066,1430
2010-01-27 15:15:00,47.1,1.8412,27.0,27.0,5.1124,167.521333,1430
2010-01-27 15:30:00,41.266666,2.126466,23.0,23.0,5.7416,137.9852,1430
2010-01-27 15:45:00,39.24,2.107333,20.0,20.0,5.035266,133.1278,1430
2010-01-27 16:00:00,33.466666,1.8954,18.0,18.0,4.007,114.034,1430
2010-01-27 16:15:00,25.686666,1.841866,16.0,16.0,3.3736,88.7706,1430
2010-01-27 16:30:00,22.093333,1.8182,12.0,12.0,2.930666,76.324533,1430
2010-01-27 16:45:00,17.14,1.7308,10.0,10.0,2.507733,59.941666,1430
2010-01-27 17:00:00,10.593333,1.353133,8.0,8.0,1.7952,38.965933,1430
2010-01-27 17:15:00,5.22,1.168933,5.0,5.0,1.241533,22.593133,1430
2010-01-27 17:30:00,1.433333,0.6946,2.0,2.0,0.705466,11.8104,1430
2010-01-27 17:45:00,0.0,0.1385329999999999,0.0,0.0,-0.271133,6.530866,1430
2010-01-27 18:00:00,0.0,-0.2396,0.0,0.0,-1.149066,4.796333,1430
2010-01-27 18:15:00,0.0,-0.591733,0.0,0.0,-1.400866,4.480733,1430
2010-01-27 18:30:00,0.0,-1.1028,-1.0,-1.0,-1.751266,4.547266,1430
2010-01-27 18:45:00,0.0,-1.399266,0.0,0.0,-1.731266,4.628666,1430
2010-01-28 06:00:00,0.0,-4.350933,0.0,0.0,-4.08,5.417,1430
2010-01-28 06:15:00,0.0,-4.3962,0.0,0.0,-4.114866,5.422066,1430
2010-01-28 06:30:00,0.0,-4.3722,-1.0,-1.0,-4.099066,5.417,1430
2010-01-28 06:45:00,0.0,-4.467466,0.0,0.0,-4.154266,5.406866,1430
2010-01-28 07:00:00,0.0,-4.516533,0.0,0.0,-4.2554,5.437266,1430
2010-01-28 07:15:00,0.0,-4.538866,0.0,0.0,-4.262733,5.467666,1430
2010-01-28 07:30:00,0.0,-4.626466,0.0,0.0,-4.3512,5.559133,1430
2010-01-28 07:45:00,0.0,-4.678533,-1.0,-1.0,-4.428666,6.0934,1430
2010-01-28 08:00:00,0.0,-4.730133,0.0,0.0,-4.475066,7.9092,1430
2010-01-28 08:15:00,0.0,-4.723266,0.0,0.0,-4.4392,12.415533,1430
2010-01-28 08:30:00,0.0,-4.7838,0.0,0.0,-4.367533,17.7102,1430
2010-01-28 08:45:00,0.0,-4.855266,-1.0,-1.0,-4.3314,27.048866,1430
2010-01-28 09:00:00,0.0,-4.844266,0.0,0.0,-4.225066,38.884466,1430
2010-01-28 09:15:00,0.0,-4.8484,0.0,0.0,-4.170466,39.7594,1430
2010-01-28 09:30:00,0.0,-4.8586,0.0,0.0,-4.062133,50.827133,1430
2010-01-28 09:45:00,0.0,-4.8568,-1.0,-1.0,-3.993133,56.895,1430
2010-01-28 10:00:00,0.0,-4.896666,0.0,0.0,-3.807133,74.22379999999998,1430
2010-01-28 10:15:00,0.0,-4.8402,0.0,0.0,-3.674066,66.584266,1430
2010-01-28 10:30:00,0.0,-4.910533,-1.0,-1.0,-3.8022,70.307533,1430
2010-01-28 10:45:00,3.533333,-4.839066,0.0,0.0,-3.340666,119.084666,1430
2010-01-28 11:00:00,5.966666,-4.854533,1.0,1.0,-3.2846,110.570333,1430
2010-01-28 11:15:00,7.92,-4.844266,1.0,1.0,-3.204266,140.248733,1430
2010-01-28 11:30:00,8.32,-4.8864,2.0,2.0,-3.108266,143.773333,1430
2010-01-28 11:45:00,6.493333,-4.976666,3.0,3.0,-3.4932,116.755066,1430
2010-01-28 12:00:00,7.873332999999999,-4.968066,3.0,3.0,-3.440333,137.476466,1430
2010-01-28 12:15:00,10.46,-4.866466,3.0,3.0,-2.816933,166.381666,1430
2010-01-28 12:30:00,6.733333,-4.931133,5.0,5.0,-3.149466,110.687333,1430
2010-01-28 12:45:00,7.293332999999999,-4.867933,2.0,2.0,-3.052933,115.860066,1430
2010-01-28 13:00:00,6.766666,-4.956933,4.0,4.0,-3.119933,112.442,1430
2010-01-28 13:15:00,7.813333,-4.836866,2.0,2.0,-3.125333,126.643,1430
2010-01-28 13:30:00,7.206666,-4.8622,4.0,4.0,-2.955,121.485266,1430
2010-01-28 13:45:00,5.68,-4.800266,3.0,3.0,-3.195466,102.091466,1430
2010-01-28 14:00:00,3.646666,-4.781533,2.0,2.0,-3.354733,73.516733,1430
2010-01-28 14:15:00,4.213333,-4.800266,1.0,1.0,-3.294066,83.66886599999998,1430
2010-01-28 14:30:00,5.5,-4.654733,2.0,2.0,-2.811866,105.117933,1430
2010-01-28 14:45:00,6.526666,-4.546333,2.0,2.0,-2.211,114.796933,1430
2010-01-28 15:00:00,10.46,-4.1748,3.0,3.0,-1.1456,169.942266,1430
2010-01-28 15:15:00,9.406666,-4.187333,4.0,4.0,-0.717666,149.058,1430
2010-01-28 15:30:00,9.233333,-4.1316,4.0,4.0,-0.6950659999999999,148.834333,1430
2010-01-28 15:45:00,7.893333,-4.229333,5.0,5.0,-0.7045329999999999,121.424466,1430
2010-01-28 16:00:00,4.393333,-4.236466,3.0,3.0,-1.02,82.81446599999998,1430
2010-01-28 16:15:00,6.453333,-4.2886,1.0,1.0,-1.360933,104.9092,1430
2010-01-28 16:30:00,3.833333,-4.2688,3.0,3.0,-1.839133,69.0714,1430
2010-01-28 16:45:00,1.893333,-4.249,1.0,1.0,-2.5246,42.277066,1430
2010-01-28 17:00:00,1.053333,-4.299666,1.0,1.0,-3.118266,32.8928,1430
2010-01-28 17:15:00,0.0,-4.358333,0.0,0.0,-3.4708,22.170933,1430
2010-01-28 17:30:00,0.0,-4.332533,-1.0,-1.0,-3.709133,13.875266,1430
2010-01-28 17:45:00,0.0,-4.4106,0.0,0.0,-3.954333,7.914333,1430
2010-01-28 18:00:00,0.0,-4.414333,0.0,0.0,-4.0628,6.113666,1430
2010-01-28 18:15:00,0.0,-4.399866,0.0,0.0,-4.062466,5.427133,1430
2010-01-28 18:30:00,0.0,-4.4072,0.0,0.0,-4.0754,5.3866,1430
2010-01-28 18:45:00,0.0,-4.4052,-1.0,-1.0,-4.105333,5.3714,1430
2010-01-03 06:00:00,0.0,-1.226666,0.0,0.0,-4.844466,4.842466,1430
2010-01-03 06:15:00,0.0,-1.555866,0.0,0.0,-5.1218,4.9742,1430
2010-01-03 06:30:00,0.0,-1.627666,0.0,0.0,-4.820666,5.0454,1430
2010-01-03 06:45:00,0.0,-1.3524,0.0,0.0,-3.8022,5.045266,1430
2010-01-03 07:00:00,0.0,-1.457466,0.0,0.0,-4.009866,5.040133,1430
2010-01-03 07:15:00,0.0,-1.672733,0.0,0.0,-4.958066,5.086333,1430
2010-01-03 07:30:00,0.0,-2.0734,0.0,0.0,-5.618866,5.1932,1430
2010-01-03 07:45:00,0.0,-2.773933,-1.0,-1.0,-6.2322,6.210333,1430
2010-01-03 08:00:00,0.0,-2.026466,0.0,0.0,-6.010466,11.144,1430
2010-01-03 08:15:00,0.0,-2.8154,0.0,0.0,-5.9018,22.160866,1430
2010-01-03 08:30:00,8.613333,-1.975333,0.0,0.0,-5.3942,42.485533,1430
2010-01-03 08:45:00,38.193333,-1.730066,4.0,4.0,-3.38,173.070333,1430
2010-01-03 09:00:00,75.933333,-0.950533,19.0,19.0,1.1696,307.149333,1430
2010-01-03 09:15:00,108.92,-0.4062,38.0,38.0,5.775666,403.167733,1430
2010-01-03 09:30:00,116.873333,-0.021266,55.0,55.0,8.909933,399.205466,1430
2010-01-03 09:45:00,169.44,-0.280266,58.0,58.0,10.698533,581.487,1430
2010-01-03 10:00:00,170.88,-0.349266,91.0,91.0,13.2392,556.940733,1430
2010-01-03 10:15:00,195.746666,-0.0512659999999999,84.0,84.0,13.6992,653.9816,1430
2010-01-03 10:30:00,196.373333,-0.0845999999999999,102.0,102.0,13.751,630.981333,1430
2010-01-03 10:45:00,128.746666,-0.499533,95.0,95.0,8.767666,404.785066,1430
2010-01-03 11:00:00,140.746666,-0.1063999999999999,65.0,65.0,9.6772,448.761,1430
2010-01-03 11:15:00,112.64,0.106866,70.0,70.0,9.337266,336.2426,1430
2010-01-03 11:30:00,84.126666,0.174733,59.0,59.0,8.397399999999998,253.794333,1430
2010-01-03 11:45:00,66.993333,-0.085066,40.0,40.0,5.586266,203.9338,1430
2010-01-03 12:00:00,74.77333299999998,0.0882,32.0,32.0,5.0408,227.956,1430
2010-01-03 12:15:00,93.373333,0.092533,38.0,38.0,7.077866,271.229933,1430
2010-01-03 12:30:00,119.646666,0.2591999999999999,45.0,45.0,8.013933,357.676066,1430
2010-01-03 12:45:00,64.72,-0.116933,60.0,60.0,5.906533,192.865933,1430
2010-01-03 13:00:00,74.253333,-0.2502659999999999,32.0,32.0,4.726866,217.173266,1430
2010-01-03 13:15:00,53.193333,-0.421866,35.0,35.0,3.815666,159.998533,1430
2010-01-03 13:30:00,49.573333,-0.2872,26.0,26.0,3.610733,152.649,1430
2010-01-03 13:45:00,95.826666,-0.000333,25.0,25.0,5.8872,283.6762,1430
2010-01-03 14:00:00,36.246666,-0.4103999999999999,46.0,46.0,3.365333,116.099133,1430
2010-01-03 14:15:00,40.986666,-0.4199999999999999,17.0,17.0,2.473733,135.0606,1430
2010-01-03 14:30:00,31.693333,-0.775,21.0,21.0,2.032933,104.070133,1430
2010-01-03 14:45:00,25.693333,-1.012133,15.0,15.0,1.199866,85.556066,1430
2010-01-03 15:00:00,20.093333,-1.151933,11.0,11.0,0.754866,69.798933,1430
2010-01-03 15:15:00,22.673333,-1.0476,10.0,10.0,0.7444,75.26133299999998,1430
2010-01-03 15:30:00,24.993333,-1.223533,11.0,11.0,0.2846,80.866466,1430
2010-01-03 15:45:00,8.519999999999998,-1.2534,12.0,12.0,-0.559666,33.7932,1430
2010-01-03 16:00:00,9.4,-1.259333,4.0,4.0,-0.5508659999999999,36.102333,1430
2010-01-03 16:15:00,8.286666,-1.518933,4.0,4.0,-0.5685999999999999,33.574533,1430
2010-01-03 16:30:00,7.58,-1.8272,3.0,3.0,-1.118066,30.232666,1430
2010-01-03 16:45:00,4.46,-1.9462,4.0,4.0,-1.485733,20.416266,1430
2010-01-03 17:00:00,1.013333,-1.8694,1.0,1.0,-1.7938,10.833733,1430
2010-01-03 17:15:00,0.0,-1.862066,0.0,0.0,-1.996533,8.183932999999998,1430
2010-01-03 17:30:00,0.0,-2.046333,-1.0,-1.0,-2.594066,6.561333,1430
2010-01-03 17:45:00,0.0,-2.070666,0.0,0.0,-2.8596,5.162533,1430
2010-01-03 18:00:00,0.0,-2.2828,0.0,0.0,-4.0902,4.9134,1430
2010-01-03 18:15:00,0.0,-2.599933,0.0,0.0,-5.4662,5.019866,1430
2010-01-03 18:30:00,0.0,-2.5856,0.0,0.0,-4.844333,5.106866,1430
2010-01-03 18:45:00,0.0,-2.367066,0.0,0.0,-3.7358,5.132266,1430
2010-01-06 06:00:00,0.0,3.731333,0.0,0.0,1.380066,3.596133,1430
2010-01-06 06:15:00,0.0,3.881466,0.0,0.0,1.076533,3.6772,1430
2010-01-06 06:30:00,0.0,3.668933,0.0,0.0,1.2768,3.733,1430
2010-01-06 06:45:00,0.0,4.482466,0.0,0.0,2.167733,3.738,1430
2010-01-06 07:00:00,0.0,4.658733,0.0,0.0,2.269133,3.6924,1430
2010-01-06 07:15:00,0.0,4.574933,0.0,0.0,2.602533,3.662,1430
2010-01-06 07:30:00,0.0,4.376133,0.0,0.0,2.304133,3.753466,1430
2010-01-06 07:45:00,0.0,4.540533,0.0,0.0,2.560266,5.223666,1430
2010-01-06 08:00:00,0.0,2.3224,-1.0,-1.0,1.804466,15.528266,1430
2010-01-06 08:15:00,4.646666,-3.567666,0.0,0.0,-2.992666,50.379533,1430
2010-01-06 08:30:00,1.946666,-5.630266,3.0,3.0,-4.931733,13.361533,1430
2010-01-06 08:45:00,0.0,-6.208466,0.0,0.0,-5.740133,21.937,1430
2010-01-06 09:00:00,0.0,-6.4538,-1.0,-1.0,-5.904133,20.080666,1430
2010-01-06 09:15:00,0.0,-6.701333,0.0,0.0,-6.0498,23.081466,1430
2010-01-06 09:30:00,5.16,-7.223466,0.0,0.0,-6.5032,27.714933,1430
2010-01-06 09:45:00,6.2,-7.529333,3.0,3.0,-6.947666,26.0976,1430
2010-01-06 10:00:00,7.206666,-7.659665999999999,2.0,2.0,-6.949133,29.2714,1430
2010-01-06 10:15:00,8.193333,-8.407133,3.0,3.0,-7.576333,31.697533,1430
2010-01-06 10:30:00,9.926666,-8.698665999999998,4.0,4.0,-7.722066,38.009666,1430
2010-01-06 10:45:00,12.2,-9.388266,4.0,4.0,-8.188133,44.184266,1430
2010-01-06 11:00:00,15.513333,-9.4544,6.0,6.0,-8.1128,53.655,1430
2010-01-06 11:15:00,17.32,-9.495,7.0,7.0,-7.895866,61.142,1430
2010-01-06 11:30:00,20.713333,-9.5704,8.0,8.0,-7.7262,74.46813299999998,1430
2010-01-06 11:45:00,23.18,-9.5882,11.0,11.0,-7.398733,83.20613299999998,1430
2010-01-06 12:00:00,22.82,-9.7694,12.0,12.0,-7.464866,85.26606599999998,1430
2010-01-06 12:15:00,20.173333,-9.848333,11.0,11.0,-7.774733,84.50326599999998,1430
2010-01-06 12:30:00,19.733333,-10.048733,11.0,11.0,-7.881732999999999,87.71773299999998,1430
2010-01-06 12:45:00,27.666666,-10.4814,10.0,10.0,-7.812332999999998,121.505866,1430
2010-01-06 13:00:00,26.24,-10.777866,14.0,14.0,-7.558133,115.8854,1430
2010-01-06 13:15:00,28.633333,-10.960266,12.0,12.0,-7.582733,138.0056,1430
2010-01-06 13:30:00,24.2,-11.304066,14.0,14.0,-7.931666,139.897733,1430
2010-01-06 13:45:00,21.586666,-11.4898,12.0,12.0,-7.8906,142.4612,1430
2010-01-06 14:00:00,17.18,-12.021533,10.0,10.0,-8.816065999999998,133.392333,1430
2010-01-06 14:15:00,17.333333,-12.288666,9.0,9.0,-8.8688,136.454266,1430
2010-01-06 14:30:00,17.0,-12.814666,8.0,8.0,-9.7816,135.915,1430
2010-01-06 14:45:00,19.506666,-12.8316,8.0,8.0,-9.305733,157.0232,1430
2010-01-06 15:00:00,17.206666,-12.9024,9.0,9.0,-9.300533,151.6572,1430
2010-01-06 15:15:00,15.406666,-12.897866,8.0,8.0,-8.699866,166.9262,1430
2010-01-06 15:30:00,9.173333,-13.2006,7.0,7.0,-9.073066,133.7992,1430
2010-01-06 15:45:00,6.48,-13.560866,4.0,4.0,-10.095066,118.448933,1430
2010-01-06 16:00:00,4.0,-13.607733,3.0,3.0,-10.8516,84.90999999999998,1430
2010-01-06 16:15:00,3.173333,-13.928466,1.0,1.0,-11.637666,87.02599999999998,1430
2010-01-06 16:30:00,2.306666,-14.290266,1.0,1.0,-12.217266,91.0034,1430
2010-01-06 16:45:00,0.7866659999999999,-14.324466,1.0,1.0,-12.484066,66.996266,1430
2010-01-06 17:00:00,0.0,-14.851733,0.0,0.0,-13.420066,22.038666,1430
2010-01-06 17:15:00,0.0,-14.8622,-1.0,-1.0,-14.113,10.279266,1430
2010-01-06 17:30:00,0.0,-14.872133,0.0,0.0,-14.3898,8.300866,1430
2010-01-06 17:45:00,0.0,-14.826333,0.0,0.0,-14.469666,7.919533,1430
2010-01-06 18:00:00,0.0,-14.706466,0.0,0.0,-14.460466,7.878533,1430
2010-01-06 18:15:00,0.0,-14.731533,0.0,0.0,-14.453733,7.863133,1430
2010-01-06 18:30:00,0.0,-14.8258,0.0,0.0,-14.479933,7.857999999999999,1430
2010-01-06 18:45:00,0.0,-14.904,0.0,0.0,-14.547533,7.878533,1430
2010-01-08 06:00:00,0.0,-11.5746,0.0,0.0,-18.073866,8.112332999999998,1430
2010-01-08 06:15:00,0.0,-11.585866,-1.0,-1.0,-18.349866,8.092066,1430
2010-01-08 06:30:00,0.0,-10.695866,0.0,0.0,-18.127133,8.041399999999998,1430
2010-01-08 06:45:00,0.0,-10.3728,0.0,0.0,-18.468,8.005933,1430
2010-01-08 07:00:00,0.0,-11.022933,0.0,0.0,-19.048666,8.026199999999998,1430
2010-01-08 07:15:00,0.0,-10.3116,0.0,0.0,-18.763866,8.142865999999998,1430
2010-01-08 07:30:00,0.0,-9.843266,0.0,0.0,-18.322266,8.362,1430
2010-01-08 07:45:00,0.0,-10.8638,0.0,0.0,-18.5178,10.396266,1430
2010-01-08 08:00:00,0.0,-10.158066,0.0,0.0,-17.676,34.988333,1430
2010-01-08 08:15:00,7.026666,-10.384733,-1.0,-1.0,-16.3592,94.8232,1430
2010-01-08 08:30:00,21.073333,-10.078066,4.0,4.0,-14.240133,172.017466,1430
2010-01-08 08:45:00,40.06,-8.9874,11.0,11.0,-10.834733,259.943533,1430
2010-01-08 09:00:00,60.233333,-8.3248,24.0,24.0,-7.306933,351.811666,1430
2010-01-08 09:15:00,83.28,-8.269332999999998,38.0,38.0,-4.284066,448.0642,1430
2010-01-08 09:30:00,105.66,-7.584066,53.0,53.0,0.491866,538.9708,1430
2010-01-08 09:45:00,125.033333,-7.430066,66.0,66.0,7.444533,631.276533,1430
2010-01-08 10:00:00,141.54,-6.280333,78.0,78.0,12.3636,698.928866,1430
2010-01-08 10:15:00,143.653333,-5.924266,86.0,86.0,14.332333,704.773,1430
2010-01-08 10:30:00,142.546666,-4.3412,89.0,89.0,16.066066,701.299066,1430
2010-01-08 10:45:00,139.933333,-2.668733,88.0,88.0,20.007066,691.395933,1430
2010-01-08 11:00:00,137.62,-2.881933,86.0,86.0,20.112666,674.6876,1430
2010-01-08 11:15:00,134.3,-2.607533,85.0,85.0,17.279533,649.902266,1430
2010-01-08 11:30:00,129.0,-1.024866,81.0,81.0,18.033933,618.179333,1430
2010-01-08 11:45:00,124.853333,-1.157933,79.0,79.0,17.366333,587.1734,1430
2010-01-08 12:00:00,121.046666,-1.722866,77.0,77.0,14.753,560.0484,1430
2010-01-08 12:15:00,117.733333,-0.5667999999999999,74.0,74.0,16.028333,539.820333,1430
2010-01-08 12:30:00,115.813333,-0.307933,71.0,71.0,18.181333,526.937,1430
2010-01-08 12:45:00,115.48,0.0446,71.0,71.0,18.111266,521.1944,1430
2010-01-08 13:00:00,117.66,0.476466,70.0,70.0,17.279666,521.687866,1430
2010-01-08 13:15:00,120.86,0.131,71.0,71.0,18.2066,528.996866,1430
2010-01-08 13:30:00,125.66,0.184333,74.0,74.0,17.58,541.5192,1430
2010-01-08 13:45:00,131.806666,-0.677466,77.0,77.0,15.198533,558.929266,1430
2010-01-08 14:00:00,138.726666,-1.8862,79.0,79.0,11.640666,578.740533,1430
2010-01-08 14:15:00,144.106666,-1.495866,83.0,83.0,13.2196,598.739666,1430
2010-01-08 14:30:00,148.66,0.6327329999999999,87.0,87.0,17.477066,607.020133,1430
2010-01-08 14:45:00,151.626666,0.7349999999999999,89.0,89.0,19.255333,612.035266,1430
2010-01-08 15:00:00,153.693333,0.964933,91.0,91.0,19.366266,610.316,1430
2010-01-08 15:15:00,153.333333,1.179733,92.0,92.0,18.790666,602.427133,1430
2010-01-08 15:30:00,147.9,1.275266,92.0,92.0,18.393666,578.577733,1430
2010-01-08 15:45:00,126.466666,1.2156,88.0,88.0,16.249533,487.91,1430
2010-01-08 16:00:00,104.233333,-0.438,76.0,76.0,11.056866,388.310733,1430
2010-01-08 16:15:00,78.86,-2.166066,63.0,63.0,4.577866,295.862933,1430
2010-01-08 16:30:00,51.793333,-2.5882,48.0,48.0,1.6366,193.4764,1430
2010-01-08 16:45:00,27.126666,-1.274733,30.0,30.0,-1.608466,114.6038,1430
2010-01-08 17:00:00,10.606666,-1.457266,17.0,17.0,-4.8854,53.3346,1430
2010-01-08 17:15:00,3.006666,-1.971266,6.0,6.0,-7.7802,20.004266,1430
2010-01-08 17:30:00,0.62,-2.4488,1.0,1.0,-9.575733,11.769666,1430
2010-01-08 17:45:00,0.0,-2.8856,0.0,0.0,-10.041533,6.663,1430
2010-01-08 18:00:00,0.0,-1.955466,0.0,0.0,-9.457866,5.945933,1430
2010-01-08 18:15:00,0.0,-1.4144,0.0,0.0,-8.970466,5.940866,1430
2010-01-08 18:30:00,0.0,-2.140133,0.0,0.0,-8.847666,5.9054,1430
2010-01-08 18:45:00,0.0,-2.383,0.0,0.0,-9.106466,5.910466,1430
2010-02-01 06:00:00,0.0,-1.343266,-1.0,-1.0,-6.256333,4.969266,1430
2010-02-01 06:15:00,0.0,-2.507533,0.0,0.0,-6.912866,5.162533,1430
2010-02-01 06:30:00,0.0,-2.3368,0.0,0.0,-7.869799999999999,5.3714,1430
2010-02-01 06:45:00,0.0,-2.089133,0.0,0.0,-8.435266,5.4778,1430
2010-02-01 07:00:00,0.0,-1.648133,0.0,0.0,-8.2842,5.589533,1430
2010-02-01 07:15:00,0.0,-2.144466,0.0,0.0,-8.417733,5.757733,1430
2010-02-01 07:30:00,0.0,-2.759,-1.0,-1.0,-8.508865999999998,7.441265999999999,1430
2010-02-01 07:45:00,0.0,-3.0818,0.0,0.0,-7.508733,21.245533,1430
2010-02-01 08:00:00,1.473333,-3.0136,0.0,0.0,-5.370866,99.823066,1430
2010-02-01 08:15:00,20.9,-2.144533,0.0,0.0,-2.167466,171.9818,1430
2010-02-01 08:30:00,45.02,-0.050733,11.0,11.0,1.373533,227.747666,1430
2010-02-01 08:45:00,73.013333,0.5607999999999999,24.0,24.0,4.148666,269.048133,1430
2010-02-01 09:00:00,107.42,1.4998,41.0,41.0,5.781666,302.637733,1430
2010-02-01 09:15:00,134.313333,1.9906,59.0,59.0,6.5528,313.456133,1430
2010-02-01 09:30:00,159.813333,2.4132,76.0,76.0,7.902466,319.625866,1430
2010-02-01 09:45:00,182.74,2.610866,89.0,89.0,9.663266,342.3868,1430
2010-02-01 10:00:00,238.093333,2.8222,102.0,102.0,13.343466,741.3889329999998,1430
2010-02-01 10:15:00,240.4,3.1122,118.0,118.0,14.358066,741.638133,1430
2010-02-01 10:30:00,238.593333,3.498466,119.0,119.0,14.740266,733.484866,1430
2010-02-01 10:45:00,235.04,3.973866,118.0,118.0,16.7068,721.054066,1430
2010-02-01 11:00:00,216.686666,4.2088,117.0,117.0,16.851333,589.8946,1430
2010-02-01 11:15:00,199.34,4.262066,111.0,111.0,13.501,478.332466,1430
2010-02-01 11:30:00,200.086666,4.1908,102.0,102.0,12.425733,527.480933,1430
2010-02-01 11:45:00,200.286666,4.545,103.0,103.0,12.300066,535.598733,1430
2010-02-01 12:00:00,198.986666,4.898666,104.0,104.0,13.9264,528.259266,1430
2010-02-01 12:15:00,196.033333,4.982466,101.0,101.0,13.805266,526.514666,1430
2010-02-01 12:30:00,194.846666,5.253733,100.0,100.0,16.0326,539.393,1430
2010-02-01 12:45:00,195.706666,5.3846,99.0,99.0,18.023933,549.6826,1430
2010-02-01 13:00:00,194.586666,5.703666,98.0,98.0,15.813933,544.123333,1430
2010-02-01 13:15:00,198.546666,5.387266,99.0,99.0,11.772933,532.328333,1430
2010-02-01 13:30:00,193.626666,5.4608,101.0,101.0,13.552333,513.331266,1430
2010-02-01 13:45:00,196.526666,5.6018,100.0,100.0,13.7232,495.839466,1430
2010-02-01 14:00:00,197.706666,5.633533,101.0,101.0,13.891933,479.024266,1430
2010-02-01 14:15:00,206.013333,5.6704,103.0,103.0,14.188066,475.875866,1430
2010-02-01 14:30:00,205.38,5.734933,104.0,104.0,13.8736,476.094466,1430
2010-02-01 14:45:00,226.273333,5.696466,109.0,109.0,15.6808,654.418933,1430
2010-02-01 15:00:00,237.22,5.562133,116.0,116.0,18.3436,725.509733,1430
2010-02-01 15:15:00,238.96,5.311266,119.0,119.0,18.704533,732.381133,1430
2010-02-01 15:30:00,240.926666,5.439933,120.0,120.0,18.911933,742.090866,1430
2010-02-01 15:45:00,238.893333,5.7288,121.0,121.0,20.232133,738.520266,1430
2010-02-01 16:00:00,180.533333,5.2916,119.0,119.0,12.776066,315.526466,1430
2010-02-01 16:15:00,133.466666,4.840266,99.0,99.0,7.832532999999998,221.532266,1430
2010-02-01 16:30:00,126.893333,4.2636,76.0,76.0,7.037733,271.3368,1430
2010-02-01 16:45:00,82.56,3.602466,69.0,69.0,6.324666,244.4916,1430
2010-02-01 17:00:00,12.426666,2.240133,44.0,44.0,2.379466,81.7972,1430
2010-02-01 17:15:00,22.66,2.016266,6.0,6.0,1.524066,150.472,1430
2010-02-01 17:30:00,9.013333,1.8516,13.0,13.0,0.680533,77.4688,1430
2010-02-01 17:45:00,2.02,0.741866,5.0,5.0,-0.9272,14.663866,1430
2010-02-01 18:00:00,0.2133329999999999,0.6147329999999999,0.0,0.0,-1.493133,8.2194,1430
2010-02-01 18:15:00,0.0,1.199533,0.0,0.0,-0.606866,4.735266,1430
2010-02-01 18:30:00,0.0,0.743866,0.0,0.0,-1.179866,4.4402,1430
2010-02-01 18:45:00,0.0,1.7442,0.0,0.0,-0.2813999999999999,4.445266,1430
2010-02-14 06:00:00,0.0,-10.193,0.0,0.0,-10.010266,6.795066,1430
2010-02-14 06:15:00,0.0,-10.355,0.0,0.0,-10.0444,6.795066,1430
2010-02-14 06:30:00,0.0,-10.503666,0.0,0.0,-10.148933,6.79,1430
2010-02-14 06:45:00,0.0,-10.481733,0.0,0.0,-10.228466,6.8204,1430
2010-02-14 07:00:00,0.0,-10.540733,0.0,0.0,-10.278866,6.8204,1430
2010-02-14 07:15:00,0.0,-10.754466,0.0,0.0,-10.3944,7.232599999999999,1430
2010-02-14 07:30:00,0.0,-10.836266,0.0,0.0,-10.471133,10.019933,1430
2010-02-14 07:45:00,0.0,-10.811333,0.0,0.0,-10.429,20.711133,1430
2010-02-14 08:00:00,0.0,-10.7806,-1.0,-1.0,-10.139666,40.924,1430
2010-02-14 08:15:00,0.0,-10.672066,0.0,0.0,-9.688133,45.328733,1430
2010-02-14 08:30:00,0.0,-10.4736,0.0,0.0,-9.3452,55.3538,1430
2010-02-14 08:45:00,0.0,-10.373866,0.0,0.0,-8.9482,67.042,1430
2010-02-14 09:00:00,0.0,-10.352533,-1.0,-1.0,-8.361333,95.311466,1430
2010-02-14 09:15:00,0.0,-10.192,0.0,0.0,-7.691799999999998,122.7366,1430
2010-02-14 09:30:00,0.0,-10.207466,0.0,0.0,-6.8884,184.651733,1430
2010-02-14 09:45:00,6.3,-9.614333,-1.0,-1.0,-5.0252,502.9756,1430
2010-02-14 10:00:00,8.98,-9.258066,4.0,4.0,-2.889866,489.1002,1430
2010-02-14 10:15:00,9.493333,-9.265733,5.0,5.0,-1.874333,542.907733,1430
2010-02-14 10:30:00,14.3,-9.0658,7.0,7.0,-0.7310659999999999,671.29,1430
2010-02-14 10:45:00,10.406666,-8.815533,11.0,11.0,2.0686,472.5392,1430
2010-02-14 11:00:00,14.0,-8.702866,9.0,9.0,-0.4574659999999999,216.7612,1430
2010-02-14 11:15:00,15.68,-9.230866,14.0,14.0,-0.1,309.356666,1430
2010-02-14 11:30:00,21.286666,-8.838933,14.0,14.0,1.686266,326.843333,1430
2010-02-14 11:45:00,28.113333,-8.404332999999998,17.0,17.0,8.996133,403.946,1430
2010-02-14 12:00:00,54.886666,-7.9808,20.0,20.0,14.0964,308.9752,1430
2010-02-14 12:15:00,76.92666599999998,-7.884,35.0,35.0,15.061,274.4548,1430
2010-02-14 12:30:00,70.793333,-7.808265999999999,42.0,42.0,13.603533,240.351333,1430
2010-02-14 12:45:00,90.1,-6.931266,37.0,37.0,12.914866,346.842466,1430
2010-02-14 13:00:00,129.146666,-6.661933,48.0,48.0,14.083733,658.6202,1430
2010-02-14 13:15:00,160.326666,-6.629266,70.0,70.0,18.648733,640.558933,1430
2010-02-14 13:30:00,186.32,-6.330733,72.0,72.0,17.430933,694.396933,1430
2010-02-14 13:45:00,212.513333,-6.226533,89.0,89.0,19.320333,737.101266,1430
2010-02-14 14:00:00,228.093333,-6.4732,102.0,102.0,15.888333,747.0551329999998,1430
2010-02-14 14:15:00,242.84,-6.500866,110.0,110.0,14.861933,767.512066,1430
2010-02-14 14:30:00,250.96,-5.623133,117.0,117.0,18.003866,784.907066,1430
2010-02-14 14:45:00,260.16,-6.618866,121.0,121.0,15.417933,796.8496659999998,1430
2010-02-14 15:00:00,267.44,-6.9998,126.0,126.0,9.928733,799.585866,1430
2010-02-14 15:15:00,265.506666,-6.275733,133.0,133.0,11.5188,791.3005329999999,1430
2010-02-14 15:30:00,265.646666,-6.518866,131.0,131.0,11.969133,787.8062,1430
2010-02-14 15:45:00,264.64,-6.201133,133.0,133.0,12.921133,783.3658,1430
2010-02-14 16:00:00,256.853333,-6.109533,132.0,132.0,13.730133,761.912066,1430
2010-02-14 16:15:00,234.046666,-5.702266,128.0,128.0,13.9544,683.710666,1430
2010-02-14 16:30:00,198.766666,-6.040533,114.0,114.0,9.464533,573.343866,1430
2010-02-14 16:45:00,161.813333,-6.320133,100.0,100.0,5.312933,468.566933,1430
2010-02-14 17:00:00,122.8,-6.616533,81.0,81.0,0.977266,354.6142,1430
2010-02-14 17:15:00,80.72,-6.848266,61.0,61.0,-2.599866,248.9624,1430
2010-02-14 17:30:00,42.673333,-7.066933,40.0,40.0,-6.0164,152.0436,1430
2010-02-14 17:45:00,13.02,-7.7794,21.0,21.0,-9.250800000000002,60.765533,1430
2010-02-14 18:00:00,2.693333,-8.276466,5.0,5.0,-11.618933,17.761333,1430
2010-02-14 18:15:00,0.153333,-8.3816,1.0,1.0,-11.942733,10.660733,1430
2010-02-14 18:30:00,0.0,-8.7644,0.0,0.0,-12.1904,7.069733,1430
2010-02-14 18:45:00,0.0,-8.701532999999998,0.0,0.0,-11.8176,6.8204,1430
2010-02-16 06:00:00,0.0,-9.596866,0.0,0.0,-13.153,7.120666,1430
2010-02-16 06:15:00,0.0,-9.461533,0.0,0.0,-13.391466,7.100333,1430
2010-02-16 06:30:00,0.0,-9.661866,0.0,0.0,-13.6282,7.110533,1430
2010-02-16 06:45:00,0.0,-9.804333,0.0,0.0,-14.4618,7.166866,1430
2010-02-16 07:00:00,0.0,-9.724133,0.0,0.0,-15.0566,7.3498,1430
2010-02-16 07:15:00,0.0,-9.5982,0.0,0.0,-14.961733,8.789132999999998,1430
2010-02-16 07:30:00,0.0,-9.9032,0.0,0.0,-14.3368,24.276866,1430
2010-02-16 07:45:00,6.946666,-9.396733,-1.0,-1.0,-13.361,71.294066,1430
2010-02-16 08:00:00,28.753333,-9.149533000000002,4.0,4.0,-10.980933,149.429333,1430
2010-02-16 08:15:00,63.333333,-7.9808,14.0,14.0,-6.751,253.473866,1430
2010-02-16 08:30:00,104.046666,-7.481665999999999,31.0,31.0,-1.460733,363.1286,1430
2010-02-16 08:45:00,141.766666,-5.427333,52.0,52.0,5.005,472.045933,1430
2010-02-16 09:00:00,180.613333,-4.549133,71.0,71.0,11.3612,586.0596,1430
2010-02-16 09:15:00,214.746666,-3.8362,91.0,91.0,16.164666,695.175066,1430
2010-02-16 09:30:00,246.88,-2.989666,108.0,108.0,21.125133,804.2958,1430
2010-02-16 09:45:00,260.553333,-3.649266,121.0,121.0,22.211666,857.162466,1430
2010-02-16 10:00:00,263.926666,-4.039333,130.0,130.0,20.2672,865.5802,1430
2010-02-16 10:15:00,264.593333,-2.702133,131.0,131.0,21.7398,866.3533999999999,1430
2010-02-16 10:30:00,263.173333,-1.764533,132.0,132.0,24.43,860.951733,1430
2010-02-16 10:45:00,260.36,-2.339933,130.0,130.0,23.828933,847.839333,1430
2010-02-16 11:00:00,256.366666,-2.252066,128.0,128.0,22.586266,822.4334,1430
2010-02-16 11:15:00,250.233333,-2.298866,127.0,127.0,19.646666,791.987066,1430
2010-02-16 11:30:00,244.546666,-2.141133,124.0,124.0,17.237933,760.701533,1430
2010-02-16 11:45:00,239.353333,-1.999066,121.0,121.0,16.162133,735.9722,1430
2010-02-16 12:00:00,234.866666,-1.166,118.0,118.0,15.170733,715.250733,1430
2010-02-16 12:15:00,230.466666,0.094866,117.0,117.0,19.552333,700.347933,1430
2010-02-16 12:30:00,227.566666,-0.308666,113.0,113.0,20.3262,688.924133,1430
2010-02-16 12:45:00,227.46,0.4132,113.0,113.0,20.472533,685.063666,1430
2010-02-16 13:00:00,228.14,0.7825999999999999,113.0,113.0,21.581,685.201,1430
2010-02-16 13:15:00,229.726666,1.003266,113.0,113.0,23.498333,690.999266,1430
2010-02-16 13:30:00,232.54,1.284933,114.0,114.0,24.1364,699.0814,1430
2010-02-16 13:45:00,238.026666,1.3868,115.0,115.0,23.2256,713.063533,1430
2010-02-16 14:00:00,242.066666,1.732,118.0,118.0,23.996466,726.318266,1430
2010-02-16 14:15:00,246.693333,1.514466,121.0,121.0,21.754133,742.0399999999998,1430
2010-02-16 14:30:00,252.1,1.841933,122.0,122.0,22.8764,758.8042,1430
2010-02-16 14:45:00,256.253333,2.047066,126.0,126.0,23.397133,770.3704,1430
2010-02-16 15:00:00,258.813333,2.0224,127.0,127.0,23.797666,777.552266,1430
2010-02-16 15:15:00,258.246666,2.304133,127.0,127.0,25.644333,779.1798,1430
2010-02-16 15:30:00,256.56,2.406266,129.0,129.0,24.327533,770.6044,1430
2010-02-16 15:45:00,254.02,2.0016,128.0,128.0,23.2042,760.208266,1430
2010-02-16 16:00:00,244.46,2.369133,126.0,126.0,23.601866,734.9192,1430
2010-02-16 16:15:00,226.646666,2.2802,122.0,122.0,21.989466,672.516,1430
2010-02-16 16:30:00,189.46,1.854066,111.0,111.0,18.505466,555.150266,1430
2010-02-16 16:45:00,153.133333,1.507133,95.0,95.0,12.636333,443.440866,1430
2010-02-16 17:00:00,114.86,1.335666,75.0,75.0,8.535465999999998,338.714666,1430
2010-02-16 17:15:00,77.59999999999998,1.177066,58.0,58.0,4.833133,234.970066,1430
2010-02-16 17:30:00,42.913333,0.826933,37.0,37.0,1.729,147.608466,1430
2010-02-16 17:45:00,15.993333,0.4995999999999999,21.0,21.0,-1.5512,68.695,1430
2010-02-16 18:00:00,3.9,-0.063333,7.0,7.0,-4.446733,20.009266,1430
2010-02-16 18:15:00,0.5733329999999999,-0.266666,2.0,2.0,-5.972533,10.1674,1430
2010-02-16 18:30:00,0.0,-0.8,0.0,0.0,-7.0654,5.472866,1430
2010-02-16 18:45:00,0.0,-1.600866,0.0,0.0,-8.388133,5.0912,1430
2010-02-18 06:00:00,0.0,-3.7134,0.0,0.0,-6.337,5.558866,1430
2010-02-18 06:15:00,0.0,-3.7714,-1.0,-1.0,-6.8772,5.589533,1430
2010-02-18 06:30:00,0.0,-3.581133,0.0,0.0,-6.645133,5.625466,1430
2010-02-18 06:45:00,0.0,-4.113,0.0,0.0,-7.090066,5.640866,1430
2010-02-18 07:00:00,0.0,-3.527,0.0,0.0,-6.179,5.696666,1430
2010-02-18 07:15:00,0.0,-3.502466,0.0,0.0,-5.785266,6.6428,1430
2010-02-18 07:30:00,0.0,-3.735133,0.0,0.0,-6.369133,12.110533,1430
2010-02-18 07:45:00,2.333333,-3.752466,0.0,0.0,-5.949866,30.568466,1430
2010-02-18 08:00:00,11.966666,-3.691866,0.0,0.0,-5.168133,48.9552,1430
2010-02-18 08:15:00,18.84,-3.5194,6.0,6.0,-4.414466,69.997133,1430
2010-02-18 08:30:00,36.913333,-3.2338,9.0,9.0,-3.229933,125.717133,1430
2010-02-18 08:45:00,43.466666,-2.882133,18.0,18.0,-1.980733,145.314466,1430
2010-02-18 09:00:00,67.56,-2.4216,22.0,22.0,0.4909999999999999,215.642266,1430
2010-02-18 09:15:00,58.626666,-2.391066,33.0,33.0,0.422333,191.116333,1430
2010-02-18 09:30:00,157.026666,-1.339066,29.0,29.0,5.723066,492.584266,1430
2010-02-18 09:45:00,144.613333,-0.2816,79.0,79.0,12.234066,463.323,1430
2010-02-18 10:00:00,188.0,0.3876,70.0,70.0,15.0608,641.230266,1430
2010-02-18 10:15:00,209.24,0.993,99.0,99.0,20.707333,670.054133,1430
2010-02-18 10:30:00,141.546666,0.8437999999999999,105.0,105.0,18.817666,437.118466,1430
2010-02-18 10:45:00,128.74,0.078666,65.0,65.0,12.427533,418.334933,1430
2010-02-18 11:00:00,144.4,0.392133,66.0,66.0,12.557866,450.724266,1430
2010-02-18 11:15:00,223.2,1.004533,69.0,69.0,17.0568,709.635333,1430
2010-02-18 11:30:00,192.06,0.5772,109.0,109.0,16.945333,594.5536,1430
2010-02-18 11:45:00,166.626666,0.8227999999999999,93.0,93.0,14.057733,526.987666,1430
2010-02-18 12:00:00,252.946666,1.372333,88.0,88.0,18.4104,799.153533,1430
2010-02-18 12:15:00,204.886666,1.407066,129.0,129.0,18.9534,627.212466,1430
2010-02-18 12:30:00,185.34,1.461933,99.0,99.0,15.110666,562.377866,1430
2010-02-18 12:45:00,192.38,1.445733,91.0,91.0,14.913533,585.1898,1430
2010-02-18 13:00:00,148.28,1.1564,96.0,96.0,12.125933,432.525733,1430
2010-02-18 13:15:00,109.426666,1.146466,71.0,71.0,8.9402,325.490333,1430
2010-02-18 13:30:00,121.646666,1.0366,54.0,54.0,8.2728,363.932333,1430
2010-02-18 13:45:00,109.513333,0.8405329999999999,62.0,62.0,7.825065999999999,323.089533,1430
2010-02-18 14:00:00,63.54,0.4927329999999999,50.0,50.0,4.491066,196.594133,1430
2010-02-18 14:15:00,60.38,0.662733,31.0,31.0,4.598866,182.6884,1430
2010-02-18 14:30:00,23.8,0.316066,28.0,28.0,2.719,79.99173299999998,1430
2010-02-18 14:45:00,10.513333,-0.2936659999999999,11.0,11.0,0.923533,40.252666,1430
2010-02-18 15:00:00,10.053333,-0.8218659999999999,5.0,5.0,-0.280333,39.652533,1430
2010-02-18 15:15:00,17.573333,-1.099,4.0,4.0,-0.489866,73.9544,1430
2010-02-18 15:30:00,9.653333000000002,-1.3542,8.0,8.0,-0.5948,84.6354,1430
2010-02-18 15:45:00,13.473333,-1.338733,4.0,4.0,-0.4374,135.675933,1430
2010-02-18 16:00:00,4.853333,-1.749866,6.0,6.0,-0.7019999999999998,53.080266,1430
2010-02-18 16:15:00,2.32,-2.202933,2.0,2.0,-0.832733,31.422866,1430
2010-02-18 16:30:00,4.806666,-2.5906,0.0,0.0,-0.992866,56.299866,1430
2010-02-18 16:45:00,9.173333,-2.899466,2.0,2.0,-1.364133,88.7958,1430
2010-02-18 17:00:00,5.253333,-3.286466,4.0,4.0,-2.322,54.8452,1430
2010-02-18 17:15:00,3.413333,-3.556733,2.0,2.0,-2.859666,37.5976,1430
2010-02-18 17:30:00,2.513333,-3.630066,1.0,1.0,-3.0388,28.879733,1430
2010-02-18 17:45:00,0.373333,-3.837466,1.0,1.0,-3.379866,14.216133,1430
2010-02-18 18:00:00,0.0,-3.956533,0.0,0.0,-3.6066,10.213133,1430
2010-02-18 18:15:00,0.0,-4.172466,0.0,0.0,-3.892666,6.312066,1430
2010-02-18 18:30:00,0.0,-4.391066,0.0,0.0,-4.177866,5.5542,1430
2010-02-18 18:45:00,0.0,-4.529333,0.0,0.0,-4.291066,5.4474,1430
2010-02-02 06:00:00,0.0,-2.874666,0.0,0.0,-9.454866,5.773,1430
2010-02-02 06:15:00,0.0,-2.8662,-1.0,-1.0,-8.6628,5.875,1430
2010-02-02 06:30:00,0.0,-3.476866,0.0,0.0,-8.510466,5.8138,1430
2010-02-02 06:45:00,0.0,-3.590066,0.0,0.0,-8.406133,5.8342,1430
2010-02-02 07:00:00,0.0,-3.3958,0.0,0.0,-7.761999999999999,5.824,1430
2010-02-02 07:15:00,0.0,-4.1644,0.0,0.0,-7.672866,5.9918,1430
2010-02-02 07:30:00,0.0,-4.4424,-1.0,-1.0,-7.477333,7.644599999999999,1430
2010-02-02 07:45:00,0.0,-4.011466,0.0,0.0,-6.6898,25.182066,1430
2010-02-02 08:00:00,5.48,-3.427733,0.0,0.0,-4.480666,127.507533,1430
2010-02-02 08:15:00,22.826666,-3.2962,2.0,2.0,-2.2824,191.808133,1430
2010-02-02 08:30:00,48.72,-2.012,12.0,12.0,0.373,241.882266,1430
2010-02-02 08:45:00,75.593333,-1.190333,27.0,27.0,2.722866,265.711466,1430
2010-02-02 09:00:00,107.406666,-0.247733,43.0,43.0,5.114466,267.649466,1430
2010-02-02 09:15:00,134.36,0.209533,60.0,60.0,6.9876,298.166866,1430
2010-02-02 09:30:00,168.546666,0.9006659999999999,77.0,77.0,8.8258,341.155933,1430
2010-02-02 09:45:00,199.606666,0.940266,91.0,91.0,9.687733,448.705066,1430
2010-02-02 10:00:00,207.14,-0.1416659999999999,108.0,108.0,9.544466000000002,445.1548,1430
2010-02-02 10:15:00,211.946666,-0.796933,112.0,112.0,7.9794,478.77,1430
2010-02-02 10:30:00,213.886666,-0.549066,113.0,113.0,9.269133,508.097466,1430
2010-02-02 10:45:00,217.513333,-0.5251329999999998,113.0,113.0,10.218066,541.702266,1430
2010-02-02 11:00:00,210.08,0.0142,113.0,113.0,10.2786,536.5042,1430
2010-02-02 11:15:00,203.666666,0.2574,110.0,110.0,10.250733,491.322866,1430
2010-02-02 11:30:00,199.986666,0.8838,106.0,106.0,11.543466,506.6782,1430
2010-02-02 11:45:00,198.333333,1.369066,104.0,104.0,13.116466,521.046866,1430
2010-02-02 12:00:00,196.98,1.752266,102.0,102.0,13.4082,535.365,1430
2010-02-02 12:15:00,198.426666,2.131733,100.0,100.0,14.053466,549.092533,1430
2010-02-02 12:30:00,191.386666,2.508,98.0,98.0,14.126266,544.698133,1430
2010-02-02 12:45:00,195.12,2.801666,98.0,98.0,14.432733,540.5884,1430
2010-02-02 13:00:00,191.92,3.154666,98.0,98.0,15.288066,528.996733,1430
2010-02-02 13:15:00,192.413333,3.327533,97.0,97.0,14.664466,531.483866,1430
2010-02-02 13:30:00,192.9,3.830933,98.0,98.0,14.806133,530.003866,1430
2010-02-02 13:45:00,187.013333,3.6966,98.0,98.0,12.9438,483.428933,1430
2010-02-02 14:00:00,195.413333,4.145733,94.0,94.0,13.800066,498.6878,1430
2010-02-02 14:15:00,195.433333,4.4802,104.0,104.0,14.6104,464.208,1430
2010-02-02 14:30:00,194.9,4.6254,101.0,101.0,14.096666,455.2664,1430
2010-02-02 14:45:00,190.6,5.423333,107.0,107.0,13.529466,235.076866,1430
2010-02-02 15:00:00,162.053333,5.488933,108.0,108.0,8.763999999999998,102.9766,1430
2010-02-02 15:15:00,152.326666,5.803333,96.0,96.0,7.662,94.746866,1430
2010-02-02 15:30:00,159.793333,5.814466,94.0,94.0,7.483333,90.8762,1430
2010-02-02 15:45:00,132.42,5.3096,98.0,98.0,6.3418,74.915733,1430
2010-02-02 16:00:00,125.52,5.236,80.0,80.0,5.688133,74.493533,1430
2010-02-02 16:15:00,110.966666,4.5956,76.0,76.0,5.0502,70.063266,1430
2010-02-02 16:30:00,82.15999999999998,4.269133,68.0,68.0,4.276533,60.6436,1430
2010-02-02 16:45:00,60.28,4.0196,49.0,49.0,4.015733,52.012133,1430
2010-02-02 17:00:00,37.986666,3.590333,35.0,35.0,3.201733,43.4162,1430
2010-02-02 17:15:00,16.713333,2.671333,22.0,22.0,1.3606,34.311933,1430
2010-02-02 17:30:00,8.553333,1.5946,9.0,9.0,-0.1943999999999999,24.5768,1430
2010-02-02 17:45:00,3.173333,-0.067733,4.0,4.0,-1.523333,13.478533,1430
2010-02-02 18:00:00,0.066666,-0.215666,1.0,1.0,-2.242733,6.093333,1430
2010-02-02 18:15:00,0.0,-0.520733,-1.0,-1.0,-2.19,4.577466,1430
2010-02-02 18:30:00,0.0,-1.878333,0.0,0.0,-2.826666,4.5726,1430
2010-02-02 18:45:00,0.0,-0.4231329999999999,0.0,0.0,-2.439933,4.7454,1430
2010-02-20 06:00:00,0.0,-7.141866,0.0,0.0,-7.040933,6.0882,1430
2010-02-20 06:15:00,0.0,-7.0638,0.0,0.0,-6.998933,6.0474,1430
2010-02-20 06:30:00,0.0,-7.009266,0.0,0.0,-6.941066,6.0576,1430
2010-02-20 06:45:00,0.0,-7.057,0.0,0.0,-6.9384,6.0474,1430
2010-02-20 07:00:00,0.0,-7.101533,0.0,0.0,-6.964266,6.118733,1430
2010-02-20 07:15:00,0.0,-7.1378,0.0,0.0,-6.968133,6.958,1430
2010-02-20 07:30:00,0.0,-7.159066,0.0,0.0,-6.9532,12.130733,1430
2010-02-20 07:45:00,0.0,-7.159933,0.0,0.0,-6.8806,19.795733,1430
2010-02-20 08:00:00,0.0,-7.152133,-1.0,-1.0,-6.769466,32.541866,1430
2010-02-20 08:15:00,0.0,-7.111733,0.0,0.0,-6.5936,42.434733,1430
2010-02-20 08:30:00,0.0,-7.093133,0.0,0.0,-6.393266,53.8228,1430
2010-02-20 08:45:00,0.0,-7.0734,0.0,0.0,-6.226666,73.40999999999998,1430
2010-02-20 09:00:00,0.0,-7.078,0.0,0.0,-6.063933,82.239866,1430
2010-02-20 09:15:00,0.0,-7.0748,-1.0,-1.0,-5.812466,103.657933,1430
2010-02-20 09:30:00,0.0,-7.007266,0.0,0.0,-5.5144,136.789866,1430
2010-02-20 09:45:00,0.0,-6.910933,0.0,0.0,-4.977666,178.766866,1430
2010-02-20 10:00:00,0.0,-6.850733,-1.0,-1.0,-4.673333,175.923533,1430
2010-02-20 10:15:00,0.0,-6.835666,0.0,0.0,-4.681466,158.752533,1430
2010-02-20 10:30:00,0.0,-6.819333,0.0,0.0,-4.6988,175.664266,1430
2010-02-20 10:45:00,0.0,-6.707266,-1.0,-1.0,-4.4028,205.7038,1430
2010-02-20 11:00:00,0.0,-6.550466,0.0,0.0,-3.7232,233.1442,1430
2010-02-20 11:15:00,0.0,-6.511066,0.0,0.0,-3.236333,231.3028,1430
2010-02-20 11:30:00,0.0,-6.596933,-1.0,-1.0,-3.325133,254.5064,1430
2010-02-20 11:45:00,0.0,-6.4476,0.0,0.0,-3.0064,240.4784,1430
2010-02-20 12:00:00,0.0,-6.3764,0.0,0.0,-2.8168,273.198533,1430
2010-02-20 12:15:00,0.0,-6.300933,0.0,0.0,-2.6728,261.9578,1430
2010-02-20 12:30:00,0.0,-6.189666,-1.0,-1.0,-2.156333,297.973733,1430
2010-02-20 12:45:00,0.0,-5.984133,0.0,0.0,-1.453666,279.952933,1430
2010-02-20 13:00:00,0.0,-5.9254,0.0,0.0,-1.1318,352.4528,1430
2010-02-20 13:15:00,0.0,-5.5452,-1.0,-1.0,-0.4911329999999999,447.1792,1430
2010-02-20 13:30:00,0.0,-5.211733,0.0,0.0,-0.4024659999999999,407.272333,1430
2010-02-20 13:45:00,0.0,-5.429666,0.0,0.0,-0.5557999999999998,342.961466,1430
2010-02-20 14:00:00,0.0,-5.0732,-1.0,-1.0,-0.459266,359.2732,1430
2010-02-20 14:15:00,0.0,-4.900266,0.0,0.0,-0.4912659999999999,302.520733,1430
2010-02-20 14:30:00,0.0,-5.0326,0.0,0.0,-0.5776,268.3564,1430
2010-02-20 14:45:00,0.0,-5.1896,-1.0,-1.0,-0.787733,192.2404,1430
2010-02-20 15:00:00,0.0,-5.159266,0.0,0.0,-0.819266,176.0254,1430
2010-02-20 15:15:00,0.0,-5.156933,0.0,0.0,-0.816,189.5854,1430
2010-02-20 15:30:00,0.0,-5.204266,0.0,0.0,-1.032,143.3512,1430
2010-02-20 15:45:00,0.0,-5.321866,-1.0,-1.0,-1.566,133.9976,1430
2010-02-20 16:00:00,0.0,-5.495666,0.0,0.0,-2.439133,101.7862,1430
2010-02-20 16:15:00,0.0,-5.574,0.0,0.0,-3.324933,97.920666,1430
2010-02-20 16:30:00,0.0,-5.525533,-1.0,-1.0,-3.698133,97.213733,1430
2010-02-20 16:45:00,0.0,-5.584,0.0,0.0,-4.084333,74.991866,1430
2010-02-20 17:00:00,0.0,-5.6136,0.0,0.0,-4.3184,54.829866,1430
2010-02-20 17:15:00,0.0,-5.686933,-1.0,-1.0,-4.513066,56.335533,1430
2010-02-20 17:30:00,0.0,-5.7772,0.0,0.0,-4.641666,51.350866,1430
2010-02-20 17:45:00,0.0,-5.936066,0.0,0.0,-4.910666,37.989333,1430
2010-02-20 18:00:00,0.0,-6.033066,-1.0,-1.0,-5.217533,24.881866,1430
2010-02-20 18:15:00,0.0,-6.130666,0.0,0.0,-5.603133,10.1166,1430
2010-02-20 18:30:00,0.0,-6.3108,0.0,0.0,-5.9692,6.393466,1430
2010-02-20 18:45:00,0.0,-6.388133,0.0,0.0,-6.242066,5.875,1430
2010-02-22 06:00:00,0.0,-15.446133,0.0,0.0,-15.235866,7.9806,1430
2010-02-22 06:15:00,0.0,-14.0436,0.0,0.0,-15.206866,8.1022,1430
2010-02-22 06:30:00,0.0,-13.3024,0.0,0.0,-14.599466,8.011,1430
2010-02-22 06:45:00,0.0,-13.043333,0.0,0.0,-14.048466,7.893932999999999,1430
2010-02-22 07:00:00,0.0,-13.395733,0.0,0.0,-13.9544,7.934465999999999,1430
2010-02-22 07:15:00,0.0,-13.1226,0.0,0.0,-13.692466,9.389333,1430
2010-02-22 07:30:00,0.0,-13.148133,-1.0,-1.0,-13.4972,14.292466,1430
2010-02-22 07:45:00,0.0,-13.230466,0.0,0.0,-13.306466,27.908466,1430
2010-02-22 08:00:00,0.0,-13.340133,0.0,0.0,-13.089866,54.641666,1430
2010-02-22 08:15:00,0.0,-13.528666,0.0,0.0,-12.742866,116.531533,1430
2010-02-22 08:30:00,0.0,-12.958,0.0,0.0,-12.202333,185.353533,1430
2010-02-22 08:45:00,0.0,-12.147933,-1.0,-1.0,-10.5188,430.491066,1430
2010-02-22 09:00:00,0.0,-10.717,0.0,0.0,-8.651733,470.769266,1430
2010-02-22 09:15:00,3.653333,-9.636,1.0,1.0,-6.807666,708.155333,1430
2010-02-22 09:30:00,5.913333,-7.702866,2.0,2.0,-4.7802,884.7758659999998,1430
2010-02-22 09:45:00,6.473333,-7.803733,3.0,3.0,-3.019733,923.8942,1430
2010-02-22 10:00:00,6.666666,-7.295533,3.0,3.0,-1.717866,932.245866,1430
2010-02-22 10:15:00,6.86,-7.3764,3.0,3.0,-0.8851999999999999,933.2224,1430
2010-02-22 10:30:00,7.333332999999999,-7.603932999999999,4.0,4.0,-0.933733,927.647866,1430
2010-02-22 10:45:00,9.853333,-7.631865999999999,4.0,4.0,-1.060533,914.4134,1430
2010-02-22 11:00:00,17.486666,-6.890533,4.0,4.0,-0.8394,886.825466,1430
2010-02-22 11:15:00,32.486666,-6.968533,9.0,9.0,-0.775266,848.485266,1430
2010-02-22 11:30:00,47.906666,-7.195466,15.0,15.0,9.5428,826.6042,1430
2010-02-22 11:45:00,59.726666,-6.6988,22.0,22.0,18.578266,796.2188,1430
2010-02-22 12:00:00,70.326666,-6.7058,28.0,28.0,18.866866,775.944933,1430
2010-02-22 12:15:00,78.533333,-6.190866,35.0,35.0,20.805733,756.4545329999999,1430
2010-02-22 12:30:00,89.066666,-6.4576,41.0,41.0,19.729133,752.4212,1430
2010-02-22 12:45:00,98.326666,-6.192266,46.0,46.0,19.736466,746.287,1430
2010-02-22 13:00:00,110.16,-6.6732,53.0,53.0,17.011066,742.615,1430
2010-02-22 13:15:00,124.366666,-6.925,59.0,59.0,13.6926,746.638,1430
2010-02-22 13:30:00,139.54,-6.5872,67.0,67.0,15.0076,757.558266,1430
2010-02-22 13:45:00,152.626666,-6.4886,73.0,73.0,13.360933,776.143466,1430
2010-02-22 14:00:00,164.493333,-5.802533,81.0,81.0,11.9292,793.609733,1430
2010-02-22 14:15:00,174.513333,-4.707466,85.0,85.0,2.7726,807.8561999999998,1430
2010-02-22 14:30:00,187.733333,-5.202733,91.0,91.0,3.120466,822.463933,1430
2010-02-22 14:45:00,204.16,-5.626733,99.0,99.0,4.044866,840.7847329999998,1430
2010-02-22 15:00:00,216.033333,-5.7316,106.0,106.0,8.234733,859.8325999999998,1430
2010-02-22 15:15:00,224.426666,-4.444133,112.0,112.0,13.8292,856.460466,1430
2010-02-22 15:30:00,231.553333,-4.579066,113.0,113.0,17.533866,842.173266,1430
2010-02-22 15:45:00,232.44,-5.118266,118.0,118.0,18.436466,817.189533,1430
2010-02-22 16:00:00,230.393333,-5.974533,118.0,118.0,16.309,777.242066,1430
2010-02-22 16:15:00,196.7,-6.083133,115.0,115.0,12.578,645.146866,1430
2010-02-22 16:30:00,147.14,-6.233066,97.0,97.0,8.000666,464.208,1430
2010-02-22 16:45:00,108.833333,-6.387133,73.0,73.0,2.925733,336.786866,1430
2010-02-22 17:00:00,87.68,-6.351933,53.0,53.0,1.199133,271.697866,1430
2010-02-22 17:15:00,37.546666,-7.405332999999999,43.0,43.0,-4.113066,122.624733,1430
2010-02-22 17:30:00,28.566666,-8.042333,18.0,18.0,-6.970733,100.153533,1430
2010-02-22 17:45:00,23.8,-7.510066,14.0,14.0,-8.738866,92.646333,1430
2010-02-22 18:00:00,7.426666,-7.633733,11.0,11.0,-10.4836,32.842133,1430
2010-02-22 18:15:00,1.746666,-7.723733,3.0,3.0,-11.747533,15.508066,1430
2010-02-22 18:30:00,0.0,-8.819865999999998,1.0,1.0,-13.595266,8.880665999999998,1430
2010-02-22 18:45:00,0.0,-9.788466,0.0,0.0,-15.298866,7.085,1430
2010-02-23 06:00:00,0.0,-6.202333,0.0,0.0,-9.029733,6.409,1430
2010-02-23 06:15:00,0.0,-6.291733,0.0,0.0,-8.877466,6.419133,1430
2010-02-23 06:30:00,0.0,-6.379,-1.0,-1.0,-8.98,6.419133,1430
2010-02-23 06:45:00,0.0,-6.265,0.0,0.0,-8.921666,6.429266,1430
2010-02-23 07:00:00,0.0,-5.457466,0.0,0.0,-8.173332999999998,6.795266,1430
2010-02-23 07:15:00,0.0,-5.1558,0.0,0.0,-7.614866,12.369866,1430
2010-02-23 07:30:00,0.52,-4.711933,0.0,0.0,-6.924266,47.5514,1430
2010-02-23 07:45:00,18.52,-4.5182,0.0,0.0,-5.7046,118.067333,1430
2010-02-23 08:00:00,47.786666,-4.048133,9.0,9.0,-3.792666,215.677866,1430
2010-02-23 08:15:00,83.58,-3.597666,23.0,23.0,-1.4666,325.866733,1430
2010-02-23 08:30:00,127.026666,-3.148866,43.0,43.0,0.912266,447.331666,1430
2010-02-23 08:45:00,164.893333,-2.5564,63.0,63.0,3.3004,557.134133,1430
2010-02-23 09:00:00,203.566666,-1.9216,84.0,84.0,7.272732999999999,678.848266,1430
2010-02-23 09:15:00,238.733333,-1.227466,102.0,102.0,11.0924,798.761866,1430
2010-02-23 09:30:00,267.493333,-0.4947329999999999,119.0,119.0,15.676333,898.1169999999998,1430
2010-02-23 09:45:00,275.066666,0.3625329999999999,133.0,133.0,18.8776,919.271,1430
2010-02-23 10:00:00,276.766666,0.0933329999999999,137.0,137.0,26.8332,925.349066,1430
2010-02-23 10:15:00,278.626666,0.075133,138.0,138.0,27.7906,924.6724,1430
2010-02-23 10:30:00,278.94,0.7300659999999999,139.0,139.0,28.2418,918.6198,1430
2010-02-23 10:45:00,277.48,0.808666,137.0,137.0,27.307266,901.407866,1430
2010-02-23 11:00:00,272.513333,1.201733,137.0,137.0,27.040466,872.3500659999999,1430
2010-02-23 11:15:00,265.76,0.79,136.0,136.0,26.843,840.688066,1430
2010-02-23 11:30:00,259.9,0.7671999999999999,131.0,131.0,26.854133,815.6434,1430
2010-02-23 11:45:00,253.926666,1.281133,129.0,129.0,25.938133,788.106266,1430
2010-02-23 12:00:00,250.373333,0.830733,126.0,126.0,23.2496,767.2525329999999,1430
2010-02-23 12:15:00,247.253333,0.872133,123.0,123.0,22.020266,751.312133,1430
2010-02-23 12:30:00,246.34,0.966333,123.0,123.0,20.39,740.829333,1430
2010-02-23 12:45:00,246.713333,0.9874,123.0,123.0,18.71,736.272133,1430
2010-02-23 13:00:00,247.926666,1.168933,122.0,122.0,18.223266,736.0738,1430
2010-02-23 13:15:00,250.433333,1.5136,123.0,123.0,17.817133,742.3757329999999,1430
2010-02-23 13:30:00,253.206666,1.839733,123.0,123.0,18.0852,751.307266,1430
2010-02-23 13:45:00,258.32,1.951066,126.0,126.0,17.860733,763.9973999999999,1430
2010-02-23 14:00:00,262.78,2.311066,129.0,129.0,18.944933,780.502333,1430
2010-02-23 14:15:00,267.793333,2.4762,130.0,130.0,19.490133,796.513866,1430
2010-02-23 14:30:00,273.12,2.5398,134.0,134.0,19.962066,814.6516,1430
2010-02-23 14:45:00,277.42,2.9088,136.0,136.0,21.433133,830.5104,1430
2010-02-23 15:00:00,278.96,3.197333,136.0,136.0,22.905533,836.8632,1430
2010-02-23 15:15:00,279.806666,3.2662,139.0,139.0,23.2624,838.094133,1430
2010-02-23 15:30:00,276.933333,3.577333,139.0,139.0,25.640266,826.3601999999998,1430
2010-02-23 15:45:00,272.786666,3.7548,138.0,138.0,27.009533,821.1669329999999,1430
2010-02-23 16:00:00,266.806666,3.263066,136.0,136.0,26.472133,802.597066,1430
2010-02-23 16:15:00,255.6,3.1552,132.0,132.0,24.941533,764.475533,1430
2010-02-23 16:30:00,224.38,1.328666,127.0,127.0,13.066466,651.672266,1430
2010-02-23 16:45:00,189.326666,0.970333,111.0,111.0,9.684666,541.0512,1430
2010-02-23 17:00:00,149.846666,0.739133,94.0,94.0,8.079733,426.249066,1430
2010-02-23 17:15:00,108.8,0.2378,74.0,74.0,4.982466,322.809933,1430
2010-02-23 17:30:00,68.7,-0.2446,54.0,54.0,2.110733,217.086866,1430
2010-02-23 17:45:00,32.653333,-0.948933,34.0,34.0,-0.8240659999999999,124.791466,1430
2010-02-23 18:00:00,7.293332999999999,-1.367733,16.0,16.0,-3.921733,31.6924,1430
2010-02-23 18:15:00,1.706666,-1.467133,3.0,3.0,-6.2322,13.636333,1430
2010-02-23 18:30:00,0.0,-1.1114,0.0,0.0,-7.9574,7.614133,1430
2010-02-23 18:45:00,0.0,-1.342266,-1.0,-1.0,-8.645466,5.5286,1430
2010-02-28 06:00:00,0.0,-2.563333,0.0,0.0,-3.794866,5.091466,1430
2010-02-28 06:15:00,0.0,-3.004266,0.0,0.0,-4.226266,5.1424,1430
2010-02-28 06:30:00,0.0,-2.875866,0.0,0.0,-4.632133,5.2032,1430
2010-02-28 06:45:00,0.0,-3.147133,0.0,0.0,-5.433066,5.264266,1430
2010-02-28 07:00:00,0.0,-3.102066,0.0,0.0,-4.729666,5.844133,1430
2010-02-28 07:15:00,0.0,-3.3896,0.0,0.0,-4.635733,9.0536,1430
2010-02-28 07:30:00,0.0,-3.320333,0.0,0.0,-4.007666,18.1986,1430
2010-02-28 07:45:00,0.62,-3.201066,-1.0,-1.0,-3.373266,29.8056,1430
2010-02-28 08:00:00,13.706666,-3.127,0.0,0.0,-2.961533,52.159533,1430
2010-02-28 08:15:00,24.473333,-3.1772,7.0,7.0,-2.5358,83.4148,1430
2010-02-28 08:30:00,33.626666,-3.1428,12.0,12.0,-1.9744,109.639533,1430
2010-02-28 08:45:00,42.973333,-3.1984,17.0,17.0,-1.654933,139.9078,1430
2010-02-28 09:00:00,69.66,-3.013133,21.0,21.0,-0.156533,221.094666,1430
2010-02-28 09:15:00,77.65999999999998,-2.632066,34.0,34.0,2.677333,252.182066,1430
2010-02-28 09:30:00,68.306666,-2.178666,39.0,39.0,4.035133,223.5718,1430
2010-02-28 09:45:00,60.133333,-2.0114,32.0,32.0,2.7082,203.537,1430
2010-02-28 10:00:00,97.12,-2.0864,30.0,30.0,3.369866,329.0812,1430
2010-02-28 10:15:00,119.106666,-1.248933,52.0,52.0,9.360066,380.757666,1430
2010-02-28 10:30:00,133.513333,-1.3164,55.0,55.0,9.3472,449.956333,1430
2010-02-28 10:45:00,235.3,-0.6191999999999999,70.0,70.0,16.574533,761.4899329999998,1430
2010-02-28 11:00:00,153.113333,-0.4626,117.0,117.0,16.0086,480.595933,1430
2010-02-28 11:15:00,134.44,0.013466,72.0,72.0,12.026533,435.160266,1430
2010-02-28 11:30:00,199.08,0.9422,69.0,69.0,17.847733,624.155733,1430
2010-02-28 11:45:00,252.086666,1.470866,100.0,100.0,23.874533,786.127666,1430
2010-02-28 12:00:00,195.493333,0.732133,124.0,124.0,19.139933,618.7796,1430
2010-02-28 12:15:00,230.913333,1.490066,101.0,101.0,19.264133,711.186733,1430
2010-02-28 12:30:00,251.453333,1.802466,116.0,116.0,23.1708,779.8563329999998,1430
2010-02-28 12:45:00,247.733333,2.072333,124.0,124.0,21.946666,754.811466,1430
2010-02-28 13:00:00,243.546666,1.712866,123.0,123.0,19.9916,741.526333,1430
2010-02-28 13:15:00,247.766666,2.361533,119.0,119.0,20.600866,756.657866,1430
2010-02-28 13:30:00,259.353333,2.597933,123.0,123.0,22.748933,792.383733,1430
2010-02-28 13:45:00,254.326666,2.927933,130.0,130.0,22.787666,770.5839999999998,1430
2010-02-28 14:00:00,224.053333,2.329133,125.0,125.0,18.621933,689.6922,1430
2010-02-28 14:15:00,140.293333,2.124933,111.0,111.0,12.028466,422.373533,1430
2010-02-28 14:30:00,166.04,1.9544,67.0,67.0,11.0364,537.963866,1430
2010-02-28 14:45:00,199.38,2.157733,90.0,90.0,14.583733,594.619733,1430
2010-02-28 15:00:00,98.526666,1.907266,94.0,94.0,9.2806,298.1008,1430
2010-02-28 15:15:00,58.846666,1.201533,45.0,45.0,4.7804,185.124666,1430
2010-02-28 15:30:00,52.74,0.8599999999999999,29.0,29.0,3.937466,163.528466,1430
2010-02-28 15:45:00,33.766666,0.4063999999999999,24.0,24.0,2.7506,109.843066,1430
2010-02-28 16:00:00,17.826666,-0.1244,16.0,16.0,1.406,62.566066,1430
2010-02-28 16:15:00,11.153333,-0.588466,8.0,8.0,0.4413329999999999,43.370733,1430
2010-02-28 16:30:00,9.38,-0.983,5.0,5.0,-0.090466,37.256733,1430
2010-02-28 16:45:00,7.846666,-1.296066,4.0,4.0,-0.5740659999999999,32.7708,1430
2010-02-28 17:00:00,6.94,-1.5332,3.0,3.0,-0.860066,29.627533,1430
2010-02-28 17:15:00,4.24,-1.879066,3.0,3.0,-1.3128,21.52,1430
2010-02-28 17:30:00,2.86,-2.097666,2.0,2.0,-1.6338,18.1886,1430
2010-02-28 17:45:00,1.466666,-2.3412,1.0,1.0,-1.8918,16.591333,1430
2010-02-28 18:00:00,0.066666,-2.54,0.0,0.0,-2.029266,18.081533,1430
2010-02-28 18:15:00,0.0,-2.687066,0.0,0.0,-2.313733,10.533666,1430
2010-02-28 18:30:00,0.0,-2.700066,0.0,0.0,-2.464666,6.088266,1430
2010-02-28 18:45:00,0.0,-2.780866,-1.0,-1.0,-2.5664,5.193266,1430
2010-02-04 06:00:00,0.0,-1.5842,0.0,0.0,-3.4592,4.893133,1430
2010-02-04 06:15:00,0.0,-1.835933,0.0,0.0,-4.0042,4.994466,1430
2010-02-04 06:30:00,0.0,-2.0172,0.0,0.0,-3.7336,5.03,1430
2010-02-04 06:45:00,0.0,-2.382266,-1.0,-1.0,-3.588266,5.060666,1430
2010-02-04 07:00:00,0.0,-2.724866,0.0,0.0,-3.691466,5.091466,1430
2010-02-04 07:15:00,0.0,-2.972133,0.0,0.0,-4.094533,5.188066,1430
2010-02-04 07:30:00,0.0,-3.4456,0.0,0.0,-4.5964,6.195066,1430
2010-02-04 07:45:00,0.0,-3.4188,0.0,0.0,-4.923866,10.610066,1430
2010-02-04 08:00:00,0.0,-2.848133,0.0,0.0,-3.422866,20.848466,1430
2010-02-04 08:15:00,3.473333,-2.804933,-1.0,-1.0,-2.779266,24.9022,1430
2010-02-04 08:30:00,9.686666,-2.9056,1.0,1.0,-2.3232,35.202,1430
2010-02-04 08:45:00,23.12,-2.747,4.0,4.0,-1.465866,81.400666,1430
2010-02-04 09:00:00,68.7,-2.0564,11.0,11.0,2.664333,262.537533,1430
2010-02-04 09:15:00,74.4,-1.9196,32.0,32.0,4.137,273.768133,1430
2010-02-04 09:30:00,186.34,-0.4079329999999999,38.0,38.0,16.151333,692.8456,1430
2010-02-04 09:45:00,191.2,0.146933,94.0,94.0,20.031333,634.394266,1430
2010-02-04 10:00:00,220.26,0.4752,86.0,86.0,21.9298,717.6972,1430
2010-02-04 10:15:00,225.96,1.515133,109.0,109.0,23.7648,731.6995329999999,1430
2010-02-04 10:30:00,229.54,2.200066,112.0,112.0,25.125333,732.9814,1430
2010-02-04 10:45:00,227.34,2.770266,114.0,114.0,25.9686,721.684733,1430
2010-02-04 11:00:00,221.98,3.443066,113.0,113.0,25.532733,695.902533,1430
2010-02-04 11:15:00,214.766666,3.501933,109.0,109.0,20.674466,656.0568,1430
2010-02-04 11:30:00,213.593333,3.483,101.0,101.0,18.487066,645.7926,1430
2010-02-04 11:45:00,205.693333,4.263133,107.0,107.0,17.7538,607.177733,1430
2010-02-04 12:00:00,106.453333,3.5758,102.0,102.0,13.833066,333.999666,1430
2010-02-04 12:15:00,152.946666,3.113333,53.0,53.0,11.2134,409.2306,1430
2010-02-04 12:30:00,190.766666,4.247,75.0,75.0,13.463066,468.134533,1430
2010-02-04 12:45:00,200.013333,5.549933,92.0,92.0,14.1508,493.194666,1430
2010-02-04 13:00:00,164.366666,5.4984,99.0,99.0,10.349666,345.7184,1430
2010-02-04 13:15:00,38.72,4.439133,79.0,79.0,5.853666,127.2482,1430
2010-02-04 13:30:00,161.113333,5.5504,25.0,25.0,7.495266,299.209533,1430
2010-02-04 13:45:00,171.753333,5.954066,94.0,94.0,8.286866,264.043266,1430
2010-02-04 14:00:00,156.266666,5.7076,97.0,97.0,7.621266,202.072133,1430
2010-02-04 14:15:00,160.833333,5.8304,95.0,95.0,7.307,156.697533,1430
2010-02-04 14:30:00,159.513333,5.5606,97.0,97.0,6.403266,118.3878,1430
2010-02-04 14:45:00,161.973333,5.189,99.0,99.0,5.9726,67.2404,1430
2010-02-04 15:00:00,162.366666,4.892333,100.0,100.0,5.625066,63.542666,1430
2010-02-04 15:15:00,163.4,4.4814,102.0,102.0,5.013133,58.0394,1430
2010-02-04 15:30:00,161.213333,4.2756,100.0,100.0,4.624533,53.797333,1430
2010-02-04 15:45:00,159.14,4.341666,101.0,101.0,4.4578,50.409933,1430
2010-02-04 16:00:00,152.913333,4.247466,100.0,100.0,4.3032,50.3896,1430
2010-02-04 16:15:00,128.16,4.169666,95.0,95.0,3.9186,49.113066,1430
2010-02-04 16:30:00,107.146666,4.197333,80.0,80.0,3.874866,44.718333,1430
2010-02-04 16:45:00,83.246666,3.900533,66.0,66.0,3.8422,36.371866,1430
2010-02-04 17:00:00,57.353333,3.4436,51.0,51.0,3.4914,31.595866,1430
2010-02-04 17:15:00,33.913333,3.070266,36.0,36.0,1.552866,27.826933,1430
2010-02-04 17:30:00,12.34,2.363866,20.0,20.0,0.839933,21.8302,1430
2010-02-04 17:45:00,2.5,1.557866,7.0,7.0,-0.2954,14.104266,1430
2010-02-04 18:00:00,0.233333,1.1918,1.0,1.0,-0.488333,7.893932999999999,1430
2010-02-04 18:15:00,0.0,1.3706,0.0,0.0,-0.0976,4.541866,1430
2010-02-04 18:30:00,0.0,1.291666,0.0,0.0,-0.090533,4.2112,1430
2010-02-04 18:45:00,0.0,1.0638,0.0,0.0,-0.216733,4.216266,1430
2010-02-05 06:00:00,0.0,2.066733,0.0,0.0,0.998466,4.0792,1430
2010-02-05 06:15:00,0.0,2.288533,-1.0,-1.0,1.2188,4.1098,1430
2010-02-05 06:30:00,0.0,1.432333,0.0,0.0,0.642866,4.0996,1430
2010-02-05 06:45:00,0.0,2.149,0.0,0.0,0.8627329999999999,4.175733,1430
2010-02-05 07:00:00,0.0,2.112133,0.0,0.0,0.953266,4.1656,1430
2010-02-05 07:15:00,0.0,1.7914,0.0,0.0,0.333666,4.440133,1430
2010-02-05 07:30:00,0.0,1.9024,0.0,0.0,0.4348659999999999,13.010666,1430
2010-02-05 07:45:00,0.0,2.254466,0.0,0.0,2.2006,67.926933,1430
2010-02-05 08:00:00,11.24,3.028266,-1.0,-1.0,5.7246,318.598466,1430
2010-02-05 08:15:00,25.04,3.360133,4.0,4.0,6.814733,298.9858,1430
2010-02-05 08:30:00,43.106666,1.832733,13.0,13.0,7.966865999999999,349.879,1430
2010-02-05 08:45:00,62.846666,1.3124,22.0,22.0,8.041133,377.9806,1430
2010-02-05 09:00:00,86.986666,1.369533,35.0,35.0,12.94,437.1948,1430
2010-02-05 09:15:00,74.65999999999998,1.7886,44.0,44.0,10.933133,287.445133,1430
2010-02-05 09:30:00,124.44,2.3796,39.0,39.0,13.4558,450.312133,1430
2010-02-05 09:45:00,188.746666,3.033866,62.0,62.0,15.958533,609.339333,1430
2010-02-05 10:00:00,246.933333,3.654933,96.0,96.0,22.997133,800.592933,1430
2010-02-05 10:15:00,260.08,3.5086,124.0,124.0,21.645666,809.819533,1430
2010-02-05 10:30:00,255.753333,3.377,124.0,124.0,21.603333,814.7938,1430
2010-02-05 10:45:00,253.133333,3.8644,126.0,126.0,25.095,739.873133,1430
2010-02-05 11:00:00,237.08,3.621266,118.0,118.0,23.416466,716.135666,1430
2010-02-05 11:15:00,189.54,2.5688,110.0,110.0,16.95,534.963066,1430
2010-02-05 11:30:00,187.006666,2.278933,86.0,86.0,13.939266,563.756333,1430
2010-02-05 11:45:00,49.466666,1.797066,89.0,89.0,7.005733,182.693533,1430
2010-02-05 12:00:00,183.393333,3.174466,29.0,29.0,10.605666,510.5236,1430
2010-02-05 12:15:00,211.846666,4.422666,97.0,97.0,16.4072,577.387466,1430
2010-02-05 12:30:00,169.986666,4.109733,106.0,106.0,15.438666,433.909133,1430
2010-02-05 12:45:00,180.3,4.6286,80.0,80.0,14.3788,436.696333,1430
2010-02-05 13:00:00,178.226666,4.831666,92.0,92.0,15.2286,397.048933,1430
2010-02-05 13:15:00,167.18,5.088466,94.0,94.0,13.587866,328.130066,1430
2010-02-05 13:30:00,153.666666,5.1882,88.0,88.0,11.396266,268.646266,1430
2010-02-05 13:45:00,154.326666,5.043466,85.0,85.0,10.127066,233.4696,1430
2010-02-05 14:00:00,150.933333,4.668933,89.0,89.0,7.751465999999998,185.902866,1430
2010-02-05 14:15:00,111.366666,4.604866,84.0,84.0,6.353066,127.110666,1430
2010-02-05 14:30:00,94.733333,4.390733,67.0,67.0,5.763266,103.240933,1430
2010-02-05 14:45:00,46.913333,3.765933,50.0,50.0,4.401933,67.174266,1430
2010-02-05 15:00:00,39.373333,3.872666,25.0,25.0,4.144666,62.154133,1430
2010-02-05 15:15:00,38.253333,3.847533,24.0,24.0,3.541333,54.916333,1430
2010-02-05 15:30:00,64.546666,4.146333,22.0,22.0,3.757466,68.491466,1430
2010-02-05 15:45:00,127.873333,4.806,40.0,40.0,5.765733,131.281533,1430
2010-02-05 16:00:00,134.48,5.166933,78.0,78.0,8.315466,145.431466,1430
2010-02-05 16:15:00,125.42,5.2982,79.0,79.0,8.532266,126.002066,1430
2010-02-05 16:30:00,72.81999999999998,4.973066,74.0,74.0,6.869866,85.688266,1430
2010-02-05 16:45:00,76.813333,5.0166,45.0,45.0,6.568866,65.104133,1430
2010-02-05 17:00:00,39.773333,4.7134,43.0,43.0,6.205666,54.957066,1430
2010-02-05 17:15:00,14.84,4.241666,20.0,20.0,4.3398,42.165066,1430
2010-02-05 17:30:00,4.133333,3.7064,7.0,7.0,2.6306,19.866866,1430
2010-02-05 17:45:00,0.853333,3.3066,1.0,1.0,1.574533,9.536866,1430
2010-02-05 18:00:00,0.0,2.391133,1.0,1.0,0.1930659999999999,5.900133,1430
2010-02-05 18:15:00,0.0,2.054533,0.0,0.0,-0.5692,4.236733,1430
2010-02-05 18:30:00,0.0,1.87,0.0,0.0,-1.0482,4.068933,1430
2010-02-05 18:45:00,0.0,1.2822,0.0,0.0,-1.764733,4.206133,1430
2010-02-07 06:00:00,0.0,-2.093666,0.0,0.0,-3.245866,4.994466,1430
2010-02-07 06:15:00,0.0,-2.541933,0.0,0.0,-3.383733,5.014733,1430
2010-02-07 06:30:00,0.0,-2.284733,0.0,0.0,-3.039466,5.014733,1430
2010-02-07 06:45:00,0.0,-1.965066,0.0,0.0,-2.461066,4.994466,1430
2010-02-07 07:00:00,0.0,-2.010666,0.0,0.0,-2.202733,4.953933,1430
2010-02-07 07:15:00,0.0,-1.856,0.0,0.0,-2.159333,4.923533,1430
2010-02-07 07:30:00,0.0,-1.9976,0.0,0.0,-2.235133,5.6762,1430
2010-02-07 07:45:00,0.0,-2.482,-1.0,-1.0,-2.663866,7.527732999999999,1430
2010-02-07 08:00:00,0.0,-2.8618,0.0,0.0,-2.746,13.137733,1430
2010-02-07 08:15:00,0.0,-3.241333,0.0,0.0,-2.778933,16.509933,1430
2010-02-07 08:30:00,0.0,-3.687266,0.0,0.0,-3.085466,24.3022,1430
2010-02-07 08:45:00,0.0,-3.722266,-1.0,-1.0,-3.066933,28.279666,1430
2010-02-07 09:00:00,0.0,-3.6692,0.0,0.0,-2.8726,30.222533,1430
2010-02-07 09:15:00,0.0,-3.6768,0.0,0.0,-2.7782,34.001733,1430
2010-02-07 09:30:00,0.0,-3.644533,-1.0,-1.0,-2.713266,37.282266,1430
2010-02-07 09:45:00,0.0,-3.5958,0.0,0.0,-2.569866,50.938866,1430
2010-02-07 10:00:00,0.0,-3.5304,0.0,0.0,-2.207866,83.12993299999998,1430
2010-02-07 10:15:00,0.0,-3.5878,-1.0,-1.0,-1.886266,85.25586599999998,1430
2010-02-07 10:30:00,0.0,-3.569,0.0,0.0,-1.648133,124.8984,1430
2010-02-07 10:45:00,0.0,-3.250066,0.0,0.0,-0.6781329999999999,201.660133,1430
2010-02-07 11:00:00,1.246666,-3.166866,0.0,0.0,0.6317329999999999,121.1752,1430
2010-02-07 11:15:00,4.84,-3.053733,0.0,0.0,1.306533,58.634333,1430
2010-02-07 11:30:00,5.68,-2.957266,1.0,1.0,1.4518,62.611866,1430
2010-02-07 11:45:00,5.073333,-3.2734,2.0,2.0,0.1082,125.407,1430
2010-02-07 12:00:00,7.26,-3.289933,2.0,2.0,0.3051329999999999,160.253,1430
2010-02-07 12:15:00,7.386666,-3.255,3.0,3.0,0.821133,98.439533,1430
2010-02-07 12:30:00,8.14,-3.190066,3.0,3.0,0.495333,152.292866,1430
2010-02-07 12:45:00,11.666666,-3.384666,3.0,3.0,0.4005329999999999,216.222066,1430
2010-02-07 13:00:00,16.926666,-3.182,4.0,4.0,1.421133,247.619666,1430
2010-02-07 13:15:00,21.413333,-3.202933,6.0,6.0,1.479933,248.647,1430
2010-02-07 13:30:00,21.84,-3.1574,8.0,8.0,1.909733,234.8988,1430
2010-02-07 13:45:00,22.8,-3.2106,8.0,8.0,1.6068,235.926333,1430
2010-02-07 14:00:00,23.246666,-3.180066,9.0,9.0,1.649866,213.892466,1430
2010-02-07 14:15:00,23.993333,-3.223466,7.0,7.0,0.861666,198.847466,1430
2010-02-07 14:30:00,29.88,-3.216066,9.0,9.0,0.375666,221.0998,1430
2010-02-07 14:45:00,31.18,-3.301533,10.0,10.0,0.302066,207.112533,1430
2010-02-07 15:00:00,32.0,-3.402066,11.0,11.0,-0.055466,192.861,1430
2010-02-07 15:15:00,31.586666,-3.280466,12.0,12.0,0.2157999999999999,186.2692,1430
2010-02-07 15:30:00,27.966666,-3.025333,11.0,11.0,0.5114659999999999,160.329133,1430
2010-02-07 15:45:00,20.326666,-3.238866,10.0,10.0,-0.4159999999999999,115.4632,1430
2010-02-07 16:00:00,20.1,-3.401733,8.0,8.0,-0.590133,124.313466,1430
2010-02-07 16:15:00,22.086666,-3.5516,7.0,7.0,-0.5076,127.848266,1430
2010-02-07 16:30:00,13.326666,-3.5766,8.0,8.0,-0.6308,96.1506,1430
2010-02-07 16:45:00,11.346666,-3.441066,4.0,4.0,-0.667,88.23646599999998,1430
2010-02-07 17:00:00,8.22,-3.3792,4.0,4.0,-0.7649329999999999,74.65099999999998,1430
2010-02-07 17:15:00,5.433333,-3.468,3.0,3.0,-1.592466,56.676266,1430
2010-02-07 17:30:00,2.253333,-3.7418,1.0,1.0,-2.6562,34.784733,1430
2010-02-07 17:45:00,0.066666,-3.9264,1.0,1.0,-3.479466,17.517133,1430
2010-02-07 18:00:00,0.0,-4.099466,0.0,0.0,-4.100733,8.870466,1430
2010-02-07 18:15:00,0.0,-4.180266,0.0,0.0,-4.371733,5.854266,1430
2010-02-07 18:30:00,0.0,-4.0954,0.0,0.0,-4.306,5.366333,1430
2010-02-07 18:45:00,0.0,-4.120733,0.0,0.0,-4.181266,5.351133,1430
2010-02-08 06:00:00,0.0,-5.813266,0.0,0.0,-6.0004,5.7832,1430
2010-02-08 06:15:00,0.0,-5.721466,0.0,0.0,-5.900333,5.8546,1430
2010-02-08 06:30:00,0.0,-5.725933,0.0,0.0,-5.8106,5.8546,1430
2010-02-08 06:45:00,0.0,-5.677733,0.0,0.0,-5.691066,5.8138,1430
2010-02-08 07:00:00,0.0,-6.126133,0.0,0.0,-5.741666,5.7832,1430
2010-02-08 07:15:00,0.0,-7.349666,0.0,0.0,-6.802333,5.945933,1430
2010-02-08 07:30:00,0.0,-7.5144,0.0,0.0,-7.284733,6.6986,1430
2010-02-08 07:45:00,0.0,-7.5496,-1.0,-1.0,-7.325133,9.053733,1430
2010-02-08 08:00:00,0.0,-7.619066,0.0,0.0,-7.304666,16.4032,1430
2010-02-08 08:15:00,0.0,-7.618133,0.0,0.0,-7.117533,32.241866,1430
2010-02-08 08:30:00,0.0,-7.656666,0.0,0.0,-6.931533,38.721733,1430
2010-02-08 08:45:00,0.0,-7.741266,-1.0,-1.0,-6.743266,54.9876,1430
2010-02-08 09:00:00,0.0,-7.894533,0.0,0.0,-6.3838,83.16546599999998,1430
2010-02-08 09:15:00,0.0,-7.922666,0.0,0.0,-5.947933,95.3878,1430
2010-02-08 09:30:00,0.0,-8.017066,-1.0,-1.0,-5.714,102.844266,1430
2010-02-08 09:45:00,0.0,-8.298066,0.0,0.0,-5.4116,135.615066,1430
2010-02-08 10:00:00,0.0,-8.031,0.0,0.0,-4.842666,172.9736,1430
2010-02-08 10:15:00,0.0,-8.1064,0.0,0.0,-4.4598,207.804333,1430
2010-02-08 10:30:00,0.0,-8.084066,-1.0,-1.0,-4.173933,255.732266,1430
2010-02-08 10:45:00,0.0,-7.881599999999999,0.0,0.0,-3.5216,260.197933,1430
2010-02-08 11:00:00,0.0,-8.190533,0.0,0.0,-3.591,247.202533,1430
2010-02-08 11:15:00,0.0,-8.192332999999998,-1.0,-1.0,-4.235,220.1538,1430
2010-02-08 11:30:00,0.0,-8.343332999999998,0.0,0.0,-4.760733,201.222666,1430
2010-02-08 11:45:00,0.0,-8.240733,0.0,0.0,-4.827266,215.683,1430
2010-02-08 12:00:00,0.0,-8.335666,-1.0,-1.0,-4.648133,212.849933,1430
2010-02-08 12:15:00,0.0,-8.446799999999998,0.0,0.0,-4.7724,189.9618,1430
2010-02-08 12:30:00,0.0,-8.835666,0.0,0.0,-5.155933,200.597066,1430
2010-02-08 12:45:00,0.0,-8.6362,-1.0,-1.0,-4.956466,198.435533,1430
2010-02-08 13:00:00,0.0,-8.601599999999998,0.0,0.0,-4.981933,188.852933,1430
2010-02-08 13:15:00,0.0,-8.685733,0.0,0.0,-5.486066,183.0952,1430
2010-02-08 13:30:00,0.0,-8.661066,-1.0,-1.0,-5.595666,168.080533,1430
2010-02-08 13:45:00,0.0,-8.5712,0.0,0.0,-5.8096,151.540133,1430
2010-02-08 14:00:00,0.0,-8.700533,0.0,0.0,-6.0338,141.3778,1430
2010-02-08 14:15:00,0.0,-8.838533,0.0,0.0,-6.365066,134.913133,1430
2010-02-08 14:30:00,0.0,-9.179266,-1.0,-1.0,-6.761066,130.066,1430
2010-02-08 14:45:00,0.0,-9.229733,0.0,0.0,-7.097733,128.4994,1430
2010-02-08 15:00:00,0.0,-9.405666,0.0,0.0,-7.453465999999999,125.417,1430
2010-02-08 15:15:00,0.0,-9.501533,-1.0,-1.0,-7.686466,117.1978,1430
2010-02-08 15:30:00,0.0,-9.514866,0.0,0.0,-7.727666,101.4658,1430
2010-02-08 15:45:00,0.0,-9.631266,0.0,0.0,-7.997333,85.48999999999998,1430
2010-02-08 16:00:00,0.0,-9.655933,-1.0,-1.0,-8.224933,79.3152,1430
2010-02-08 16:15:00,0.0,-9.566466,0.0,0.0,-8.086399999999998,96.766066,1430
2010-02-08 16:30:00,0.0,-9.521,0.0,0.0,-7.849465999999999,94.263733,1430
2010-02-08 16:45:00,0.0,-9.701733,-1.0,-1.0,-7.992933,65.0024,1430
2010-02-08 17:00:00,0.0,-9.875466,0.0,0.0,-8.406133,51.4324,1430
2010-02-08 17:15:00,0.0,-10.025133,0.0,0.0,-8.8472,38.655533,1430
2010-02-08 17:30:00,0.0,-10.170533,0.0,0.0,-9.289866,27.944,1430
2010-02-08 17:45:00,0.0,-10.253466,-1.0,-1.0,-9.559333,18.025733,1430
2010-02-08 18:00:00,0.0,-10.292866,0.0,0.0,-9.818866000000002,10.3048,1430
2010-02-08 18:15:00,0.0,-10.3468,0.0,0.0,-10.007933,7.6344,1430
2010-02-08 18:30:00,0.0,-10.376466,0.0,0.0,-10.12,6.8762,1430
2010-02-08 18:45:00,0.0,-10.391533,0.0,0.0,-10.175866,6.860933,1430
2010-03-11 06:00:00,0.0,-4.726133,0.0,0.0,-5.310666,5.686533,1430
2010-03-11 06:15:00,0.0,-4.944,0.0,0.0,-5.759266,5.7068,1430
2010-03-11 06:30:00,0.0,-4.177466,0.0,0.0,-6.076466,5.8238,1430
2010-03-11 06:45:00,0.0,-4.2456,0.0,0.0,-5.746133,7.476733,1430
2010-03-11 07:00:00,0.0,-4.468866,0.0,0.0,-5.9002,22.842333,1430
2010-03-11 07:15:00,0.0,-5.121466,0.0,0.0,-5.918,52.530933,1430
2010-03-11 07:30:00,0.0,-4.582266,-1.0,-1.0,-5.452466,121.048066,1430
2010-03-11 07:45:00,0.0,-3.700533,0.0,0.0,-4.404933,109.2376,1430
2010-03-11 08:00:00,0.0,-3.482666,0.0,0.0,-3.937533,102.9308,1430
2010-03-11 08:15:00,0.0,-3.540666,-1.0,-1.0,-3.542466,118.138666,1430
2010-03-11 08:30:00,9.6,-3.124133,0.0,0.0,-2.380333,216.247533,1430
2010-03-11 08:45:00,23.493333,-2.152266,4.0,4.0,-0.6529329999999999,407.511266,1430
2010-03-11 09:00:00,29.766666,-1.5076,12.0,12.0,6.561333,191.7624,1430
2010-03-11 09:15:00,24.846666,-1.531333,14.0,14.0,11.648866,331.1412,1430
2010-03-11 09:30:00,29.713333,-1.561933,12.0,12.0,12.333,381.703866,1430
2010-03-11 09:45:00,30.226666,-1.462466,13.0,13.0,11.229,327.194266,1430
2010-03-11 10:00:00,99.906666,-0.996466,16.0,16.0,18.667333,647.699933,1430
2010-03-11 10:15:00,135.793333,-0.9932,47.0,47.0,16.111,509.719866,1430
2010-03-11 10:30:00,124.146666,-0.936866,70.0,70.0,14.301133,420.471133,1430
2010-03-11 10:45:00,199.513333,-0.377,64.0,64.0,17.650066,644.622866,1430
2010-03-11 11:00:00,196.293333,0.217,102.0,102.0,21.503866,637.3546,1430
2010-03-11 11:15:00,172.066666,0.7659329999999999,99.0,99.0,19.372533,544.357333,1430
2010-03-11 11:30:00,234.273333,0.4972659999999999,88.0,88.0,20.4644,752.6448,1430
2010-03-11 11:45:00,246.426666,0.7762,120.0,120.0,22.883733,783.045466,1430
2010-03-11 12:00:00,234.44,1.355666,123.0,123.0,23.180133,738.672733,1430
2010-03-11 12:15:00,259.753333,1.821133,118.0,118.0,22.4192,810.801133,1430
2010-03-11 12:30:00,260.693333,2.5898,131.0,131.0,25.1668,803.889,1430
2010-03-11 12:45:00,245.006666,2.719333,130.0,130.0,22.884733,776.906333,1430
2010-03-11 13:00:00,233.893333,2.879066,126.0,126.0,19.1394,731.2928,1430
2010-03-11 13:15:00,254.58,3.1586,119.0,119.0,21.714666,774.5411329999998,1430
2010-03-11 13:30:00,270.573333,3.583066,128.0,128.0,22.4976,818.339066,1430
2010-03-11 13:45:00,266.68,3.7778,135.0,135.0,23.183266,794.326733,1430
2010-03-11 14:00:00,233.393333,3.806266,131.0,131.0,18.536933,726.674466,1430
2010-03-11 14:15:00,275.986666,4.339666,118.0,118.0,22.149466,817.7744659999998,1430
2010-03-11 14:30:00,276.353333,4.613666,129.0,129.0,24.120133,818.6237999999998,1430
2010-03-11 14:45:00,215.84,4.525266,133.0,133.0,21.754133,621.815933,1430
2010-03-11 15:00:00,97.506666,4.174533,92.0,92.0,14.103266,475.6622,1430
2010-03-11 15:15:00,84.233333,4.100333,50.0,50.0,12.631933,276.860533,1430
2010-03-11 15:30:00,176.766666,4.795133,45.0,45.0,16.539933,624.959466,1430
2010-03-11 15:45:00,318.04,5.981066,96.0,96.0,26.415333,1003.418,1430
2010-03-11 16:00:00,230.12,6.4848,158.0,158.0,19.980866,702.062,1430
2010-03-11 16:15:00,149.793333,5.916333,110.0,110.0,13.633,446.787733,1430
2010-03-11 16:30:00,141.986666,5.056466,71.0,71.0,9.722733,443.008466,1430
2010-03-11 16:45:00,159.006666,4.9498,76.0,76.0,10.409733,463.343333,1430
2010-03-11 17:00:00,129.966666,4.406533,77.0,77.0,8.220333,377.6498,1430
2010-03-11 17:15:00,99.626666,4.240933,64.0,64.0,7.357,292.495733,1430
2010-03-11 17:30:00,82.2,4.0578,48.0,48.0,5.7238,247.258533,1430
2010-03-11 17:45:00,52.52,3.823266,41.0,41.0,4.701133,172.317533,1430
2010-03-11 18:00:00,19.353333,3.244466,27.0,27.0,2.4862,73.822,1430
2010-03-11 18:15:00,13.773333,2.9256,8.0,8.0,1.415666,69.6054,1430
2010-03-11 18:30:00,2.246666,2.318,6.0,6.0,0.2995999999999999,14.256866,1430
2010-03-11 18:45:00,0.0,1.929333,0.0,0.0,-0.529,6.8818,1430
2010-03-13 06:00:00,0.0,0.1454,0.0,0.0,-2.6932,4.588133,1430
2010-03-13 06:15:00,0.0,0.058,0.0,0.0,-3.282266,4.689466,1430
2010-03-13 06:30:00,0.0,-0.3231999999999999,0.0,0.0,-4.255,4.9694,1430
2010-03-13 06:45:00,0.0,-0.060066,0.0,0.0,-4.753066,8.463533,1430
2010-03-13 07:00:00,0.0,0.720866,-1.0,-1.0,-4.445733,33.482866,1430
2010-03-13 07:15:00,1.593333,0.7553999999999998,0.0,0.0,-2.97,61.264133,1430
2010-03-13 07:30:00,38.36,1.6024,2.0,2.0,-0.6848659999999999,180.068866,1430
2010-03-13 07:45:00,75.073333,2.25,19.0,19.0,4.0986,304.494066,1430
2010-03-13 08:00:00,111.986666,3.385866,39.0,39.0,9.497066,415.1102,1430
2010-03-13 08:15:00,149.8,4.8538,59.0,59.0,15.667933,538.579333,1430
2010-03-13 08:30:00,185.073333,4.979933,78.0,78.0,19.720266,649.195533,1430
2010-03-13 08:45:00,217.873333,5.461,97.0,97.0,24.744933,762.787,1430
2010-03-13 09:00:00,244.146666,6.374733,114.0,114.0,29.225866,864.9649329999999,1430
2010-03-13 09:15:00,255.113333,5.576066,127.0,127.0,30.138,907.6946,1430
2010-03-13 09:30:00,259.886666,5.262933,133.0,133.0,28.089666,919.454,1430
2010-03-13 09:45:00,263.106666,5.277733,136.0,136.0,26.8576,924.8964,1430
2010-03-13 10:00:00,264.086666,6.3886,138.0,138.0,27.62,924.351933,1430
2010-03-13 10:15:00,263.746666,7.5362,137.0,137.0,33.412,919.4744,1430
2010-03-13 10:30:00,262.453333,7.994333,136.0,136.0,32.927466,904.368066,1430
2010-03-13 10:45:00,261.06,8.604533,136.0,136.0,31.326,888.936533,1430
2010-03-13 11:00:00,260.473333,8.957,135.0,135.0,31.297066,876.9937999999999,1430
2010-03-13 11:15:00,259.813333,9.705133,134.0,134.0,30.5918,861.6588,1430
2010-03-13 11:30:00,260.526666,10.260266,133.0,133.0,30.893533,851.4048,1430
2010-03-13 11:45:00,257.993333,10.171666,133.0,133.0,30.904733,834.1826,1430
2010-03-13 12:00:00,260.166666,10.2278,130.0,130.0,28.977,833.007866,1430
2010-03-13 12:15:00,257.113333,10.6158,132.0,132.0,28.837866,817.047,1430
2010-03-13 12:30:00,257.82,10.807266,130.0,130.0,29.531066,812.2102,1430
2010-03-13 12:45:00,259.486666,10.787333,130.0,130.0,29.9506,809.051466,1430
2010-03-13 13:00:00,259.306666,10.978066,130.0,130.0,29.737533,802.393533,1430
2010-03-13 13:15:00,261.88,11.451533,129.0,129.0,29.747866,808.0139329999998,1430
2010-03-13 13:30:00,259.52,11.364466,131.0,131.0,31.117933,799.769133,1430
2010-03-13 13:45:00,253.153333,11.813733,129.0,129.0,32.180266,786.636333,1430
2010-03-13 14:00:00,255.646666,11.881066,127.0,127.0,30.3886,789.525333,1430
2010-03-13 14:15:00,269.553333,12.732133,128.0,128.0,33.830266,845.9982659999998,1430
2010-03-13 14:30:00,256.266666,12.402533,135.0,135.0,32.7608,798.6856659999999,1430
2010-03-13 14:45:00,197.76,12.4092,125.0,125.0,29.448733,611.531666,1430
2010-03-13 15:00:00,149.153333,11.9224,99.0,99.0,23.146533,441.2486,1430
2010-03-13 15:15:00,95.153333,11.5528,70.0,70.0,17.627333,311.218266,1430
2010-03-13 15:30:00,101.266666,11.607333,48.0,48.0,17.912066,329.6356,1430
2010-03-13 15:45:00,84.026666,11.949333,51.0,51.0,18.096466,279.363,1430
2010-03-13 16:00:00,77.78666599999998,11.68,41.0,41.0,16.3346,259.541866,1430
2010-03-13 16:15:00,67.833333,11.809333,39.0,39.0,15.5036,232.9254,1430
2010-03-13 16:30:00,59.766666,11.724066,33.0,33.0,15.0434,208.139933,1430
2010-03-13 16:45:00,59.22,11.52,30.0,30.0,13.780666,203.1708,1430
2010-03-13 17:00:00,167.406666,11.940266,32.0,32.0,18.6256,508.651933,1430
2010-03-13 17:15:00,147.98,11.9448,86.0,86.0,19.803066,449.6154,1430
2010-03-13 17:30:00,63.973333,11.486133,73.0,73.0,15.613866,193.2778,1430
2010-03-13 17:45:00,35.926666,11.128866,30.0,30.0,11.456133,114.232466,1430
2010-03-13 18:00:00,25.666666,10.7588,17.0,17.0,10.310266,83.41466599999998,1430
2010-03-13 18:15:00,13.106666,10.234933,12.0,12.0,9.100866000000002,46.676533,1430
2010-03-13 18:30:00,6.066666,9.8452,5.0,5.0,8.163933,25.110933,1430
2010-03-13 18:45:00,0.5799999999999998,9.442,2.0,2.0,7.162933,6.49,1430
2010-03-15 06:00:00,0.0,-2.688333,0.0,0.0,-2.352533,5.035,1430
2010-03-15 06:15:00,0.0,-2.715866,0.0,0.0,-2.345466,5.0046,1430
2010-03-15 06:30:00,0.0,-2.7008,0.0,0.0,-2.3448,5.0504,1430
2010-03-15 06:45:00,0.0,-2.644,0.0,0.0,-2.337866,5.655933,1430
2010-03-15 07:00:00,0.0,-2.622733,0.0,0.0,-2.2976,8.463533,1430
2010-03-15 07:15:00,0.0,-2.6054,0.0,0.0,-2.228666,15.004666,1430
2010-03-15 07:30:00,0.0,-2.4536,-1.0,-1.0,-2.1014,22.399933,1430
2010-03-15 07:45:00,0.0,-2.3954,0.0,0.0,-1.9036,33.330266,1430
2010-03-15 08:00:00,0.0,-2.7416,0.0,0.0,-1.5908,57.129066,1430
2010-03-15 08:15:00,0.0,-3.2716,0.0,0.0,-1.222866,111.1248,1430
2010-03-15 08:30:00,0.0,-3.227066,-1.0,-1.0,-0.7056,241.933066,1430
2010-03-15 08:45:00,0.0,-2.9662,0.0,0.0,-0.5521329999999999,241.495733,1430
2010-03-15 09:00:00,0.0,-2.165533,0.0,0.0,-0.4709999999999999,275.314333,1430
2010-03-15 09:15:00,0.0,-1.979333,0.0,0.0,-0.133466,233.255933,1430
2010-03-15 09:30:00,15.753333,-1.4948,-1.0,-1.0,17.801466,845.6268,1430
2010-03-15 09:45:00,100.846666,-1.673066,12.0,12.0,29.583533,815.572,1430
2010-03-15 10:00:00,167.92,-1.512933,59.0,59.0,27.213533,719.238333,1430
2010-03-15 10:15:00,223.7,-1.204333,88.0,88.0,27.0442,815.719733,1430
2010-03-15 10:30:00,236.673333,-1.183533,117.0,117.0,26.324933,836.654533,1430
2010-03-15 10:45:00,263.82,-0.620866,125.0,125.0,29.932,899.1344659999999,1430
2010-03-15 11:00:00,262.64,-0.341266,135.0,135.0,30.4302,888.0666,1430
2010-03-15 11:15:00,264.72,0.1477999999999999,138.0,138.0,31.439666,873.3266,1430
2010-03-15 11:30:00,266.04,0.601133,136.0,136.0,30.679133,867.4724,1430
2010-03-15 11:45:00,263.586666,0.905,135.0,135.0,31.627333,849.1719329999999,1430
2010-03-15 12:00:00,257.326666,-0.205733,131.0,131.0,31.3714,825.8872,1430
2010-03-15 12:15:00,255.173333,0.3826,126.0,126.0,30.335666,812.067666,1430
2010-03-15 12:30:00,261.266666,1.183533,117.0,117.0,31.978466,831.059733,1430
2010-03-15 12:45:00,262.406666,1.704666,129.0,129.0,30.201666,819.1884659999998,1430
2010-03-15 13:00:00,264.673333,2.213266,132.0,132.0,28.999666,818.344133,1430
2010-03-15 13:15:00,266.18,3.1174,132.0,132.0,28.6344,819.895333,1430
2010-03-15 13:30:00,265.326666,3.747533,131.0,131.0,31.5116,820.6126,1430
2010-03-15 13:45:00,270.58,4.281666,132.0,132.0,31.670933,839.884533,1430
2010-03-15 14:00:00,274.306666,4.9966,136.0,136.0,30.5008,849.268533,1430
2010-03-15 14:15:00,275.24,5.721466,137.0,137.0,31.0386,858.1644,1430
2010-03-15 14:30:00,280.426666,5.488666,138.0,138.0,30.502733,873.413133,1430
2010-03-15 14:45:00,285.546666,6.150933,138.0,138.0,30.5208,894.2464,1430
2010-03-15 15:00:00,289.433333,6.4732,143.0,143.0,30.893533,910.446133,1430
2010-03-15 15:15:00,286.213333,6.812933,144.0,144.0,32.274933,903.183,1430
2010-03-15 15:30:00,285.573333,6.519866,143.0,143.0,29.234533,893.224066,1430
2010-03-15 15:45:00,282.666666,7.203066,143.0,143.0,30.9612,881.500266,1430
2010-03-15 16:00:00,275.486666,7.453933,141.0,141.0,32.6646,860.534666,1430
2010-03-15 16:15:00,270.666666,7.363466,136.0,136.0,29.888866,842.570066,1430
2010-03-15 16:30:00,263.213333,7.160066,135.0,135.0,23.353866,808.314066,1430
2010-03-15 16:45:00,235.266666,6.927866,131.0,131.0,19.925533,708.719866,1430
2010-03-15 17:00:00,199.726666,6.9608,117.0,117.0,17.7228,585.108333,1430
2010-03-15 17:15:00,157.366666,6.850133,97.0,97.0,14.889,464.691066,1430
2010-03-15 17:30:00,113.76,6.785733,76.0,76.0,12.330733,343.729666,1430
2010-03-15 17:45:00,74.293333,6.613733,57.0,57.0,9.993866,237.172466,1430
2010-03-15 18:00:00,41.22,6.307066,37.0,37.0,7.0936,146.0114,1430
2010-03-15 18:15:00,17.013333,5.9938,20.0,20.0,4.318933,71.380666,1430
2010-03-15 18:30:00,4.293333,5.264533,7.0,7.0,1.908266,19.811,1430
2010-03-15 18:45:00,0.2999999999999999,3.606333,1.0,1.0,0.363466,7.4566,1430
2010-03-17 06:00:00,0.0,6.712133,0.0,0.0,2.960933,3.357,1430
2010-03-17 06:15:00,0.0,6.9086,0.0,0.0,4.046266,3.321533,1430
2010-03-17 06:30:00,0.0,7.0204,0.0,0.0,4.199866,5.076,1430
2010-03-17 06:45:00,0.0,7.065466,0.0,0.0,4.274933,21.077533,1430
2010-03-17 07:00:00,0.0,7.153333,0.0,0.0,4.864333,80.0832,1430
2010-03-17 07:15:00,29.766666,7.598265999999998,0.0,0.0,6.331533,163.670866,1430
2010-03-17 07:30:00,50.16,7.984066,15.0,15.0,8.135066,217.8192,1430
2010-03-17 07:45:00,44.74,8.301666,25.0,25.0,8.1242,179.7842,1430
2010-03-17 08:00:00,107.0,8.589133,23.0,23.0,10.9232,389.195866,1430
2010-03-17 08:15:00,173.88,9.526133,57.0,57.0,15.877733,607.401533,1430
2010-03-17 08:30:00,206.686666,10.4546,91.0,91.0,20.3408,701.660133,1430
2010-03-17 08:45:00,235.566666,11.2962,107.0,107.0,25.097666,811.9914659999998,1430
2010-03-17 09:00:00,256.953333,12.036,122.0,122.0,31.2096,911.875466,1430
2010-03-17 09:15:00,262.873333,12.121,137.0,137.0,37.863933,930.628466,1430
2010-03-17 09:30:00,266.62,13.047133,135.0,135.0,39.774066,948.8882,1430
2010-03-17 09:45:00,266.906666,13.134466,140.0,140.0,41.171333,951.609333,1430
2010-03-17 10:00:00,266.68,13.233266,139.0,139.0,41.056266,946.706133,1430
2010-03-17 10:15:00,267.36,13.8428,139.0,139.0,39.2388,942.4236,1430
2010-03-17 10:30:00,268.953333,13.972333,140.0,140.0,38.001266,933.659733,1430
2010-03-17 10:45:00,268.74,13.9906,138.0,138.0,35.928,919.102933,1430
2010-03-17 11:00:00,266.58,14.0644,139.0,139.0,35.485,902.353866,1430
2010-03-17 11:15:00,267.58,14.387733,137.0,137.0,35.047666,893.951466,1430
2010-03-17 11:30:00,263.473333,14.381866,138.0,138.0,34.996466,870.010533,1430
2010-03-17 11:45:00,259.246666,14.982133,134.0,134.0,35.568466,848.6278,1430
2010-03-17 12:00:00,254.46,14.899333,132.0,132.0,35.156933,822.1841329999999,1430
2010-03-17 12:15:00,257.78,14.551533,127.0,127.0,34.001266,827.5299999999999,1430
2010-03-17 12:30:00,255.513333,15.2234,131.0,131.0,34.3634,815.5312,1430
2010-03-17 12:45:00,258.813333,15.0882,128.0,128.0,33.9544,821.278866,1430
2010-03-17 13:00:00,266.086666,15.359133,130.0,130.0,34.7512,836.4156,1430
2010-03-17 13:15:00,265.893333,15.984533,134.0,134.0,36.056733,838.2057999999998,1430
2010-03-17 13:30:00,264.42,15.8598,131.0,131.0,35.1792,829.3305329999998,1430
2010-03-17 13:45:00,254.413333,15.771266,133.0,133.0,33.5712,794.9982,1430
2010-03-17 14:00:00,247.326666,15.4672,127.0,127.0,33.585333,772.934066,1430
2010-03-17 14:15:00,268.266666,16.3028,124.0,124.0,36.020066,853.841133,1430
2010-03-17 14:30:00,267.713333,16.027866,135.0,135.0,35.1898,844.63,1430
2010-03-17 14:45:00,249.413333,15.954333,132.0,132.0,31.314066,790.578133,1430
2010-03-17 15:00:00,288.686666,16.395733,124.0,124.0,35.4222,927.444533,1430
2010-03-17 15:15:00,276.226666,16.735133,145.0,145.0,39.4022,894.561866,1430
2010-03-17 15:30:00,282.473333,16.6166,139.0,139.0,37.494866,908.116733,1430
2010-03-17 15:45:00,282.373333,16.824266,142.0,142.0,40.232333,908.437133,1430
2010-03-17 16:00:00,274.026666,16.581533,141.0,141.0,38.7438,881.7952,1430
2010-03-17 16:15:00,236.606666,16.507266,136.0,136.0,34.933733,740.2904,1430
2010-03-17 16:30:00,256.553333,16.325866,117.0,117.0,33.838866,817.5760659999999,1430
2010-03-17 16:45:00,162.706666,16.017066,127.0,127.0,28.427666,508.341666,1430
2010-03-17 17:00:00,122.0,15.575733,79.0,79.0,21.317866,370.946266,1430
2010-03-17 17:15:00,95.606666,15.404066,59.0,59.0,19.296,293.335,1430
2010-03-17 17:30:00,75.266666,15.0926,47.0,47.0,17.507266,234.614066,1430
2010-03-17 17:45:00,54.133333,14.646733,37.0,37.0,15.205133,174.229933,1430
2010-03-17 18:00:00,43.893333,14.2326,26.0,26.0,13.652666,148.6054,1430
2010-03-17 18:15:00,18.273333,13.416333,22.0,22.0,11.3626,62.912,1430
2010-03-17 18:30:00,5.366666,12.366866,7.0,7.0,9.043866,22.989866,1430
2010-03-17 18:45:00,0.34,10.794533,2.0,2.0,6.992866,6.017,1430
2010-03-18 06:00:00,0.0,5.158266,0.0,0.0,1.539666,3.5808,1430
2010-03-18 06:15:00,0.0,5.867266,0.0,0.0,2.6032,3.591,1430
2010-03-18 06:30:00,0.0,5.8258,0.0,0.0,3.172933,4.841933,1430
2010-03-18 06:45:00,0.0,5.8372,-1.0,-1.0,2.8308,12.237666,1430
2010-03-18 07:00:00,0.0,5.739466,0.0,0.0,2.9884,32.994533,1430
2010-03-18 07:15:00,15.36,6.5314,0.0,0.0,4.8146,81.32426599999998,1430
2010-03-18 07:30:00,46.453333,7.241466,9.0,9.0,7.0074,186.1572,1430
2010-03-18 07:45:00,67.8,7.8506,25.0,25.0,9.6,240.992266,1430
2010-03-18 08:00:00,66.446666,7.473133,32.0,32.0,9.717733,229.059866,1430
2010-03-18 08:15:00,68.44,8.3824,33.0,33.0,11.301266,231.7708,1430
2010-03-18 08:30:00,68.786666,9.0908,34.0,34.0,12.3048,234.731066,1430
2010-03-18 08:45:00,65.546666,8.544266,35.0,35.0,14.1164,220.835333,1430
2010-03-18 09:00:00,99.893333,9.150200000000002,33.0,33.0,16.3538,348.897266,1430
2010-03-18 09:15:00,142.306666,9.814666,53.0,53.0,21.692066,457.3262,1430
2010-03-18 09:30:00,137.346666,9.9976,67.0,67.0,23.4204,492.6046,1430
2010-03-18 09:45:00,195.326666,10.5916,76.0,76.0,25.966933,690.75,1430
2010-03-18 10:00:00,259.28,11.6704,105.0,105.0,33.7498,905.105666,1430
2010-03-18 10:15:00,219.726666,11.939066,132.0,132.0,31.652466,771.641933,1430
2010-03-18 10:30:00,232.433333,11.802933,115.0,115.0,29.717733,808.4869999999999,1430
2010-03-18 10:45:00,245.753333,11.688,119.0,119.0,28.8126,836.588466,1430
2010-03-18 11:00:00,268.473333,11.6164,126.0,126.0,28.887933,908.086266,1430
2010-03-18 11:15:00,270.313333,11.889533,139.0,139.0,28.396733,888.900666,1430
2010-03-18 11:30:00,257.4,12.608933,135.0,135.0,28.076466,832.249933,1430
2010-03-18 11:45:00,250.593333,12.6588,130.0,130.0,26.5968,818.2780659999999,1430
2010-03-18 12:00:00,222.446666,12.543333,128.0,128.0,24.563866,731.292666,1430
2010-03-18 12:15:00,261.326666,12.650133,115.0,115.0,25.049866,841.049133,1430
2010-03-18 12:30:00,201.673333,12.4986,133.0,133.0,23.5198,614.4714,1430
2010-03-18 12:45:00,229.62,12.860933,100.0,100.0,25.300066,710.7086,1430
2010-03-18 13:00:00,238.06,12.877133,114.0,114.0,25.170266,743.382866,1430
2010-03-18 13:15:00,257.18,13.5976,122.0,122.0,29.037533,803.629533,1430
2010-03-18 13:30:00,271.353333,13.429666,128.0,128.0,30.3118,857.487933,1430
2010-03-18 13:45:00,247.226666,13.523133,138.0,138.0,27.7,752.965333,1430
2010-03-18 14:00:00,225.553333,13.351533,122.0,122.0,25.1826,707.8094,1430
2010-03-18 14:15:00,196.76,13.2192,110.0,110.0,23.826866,609.827733,1430
2010-03-18 14:30:00,171.28,13.265333,100.0,100.0,22.752066,530.253,1430
2010-03-18 14:45:00,197.406666,13.017333,85.0,85.0,21.558466,611.679,1430
2010-03-18 15:00:00,178.52,12.677133,99.0,99.0,20.782333,547.0124,1430
2010-03-18 15:15:00,154.286666,12.689,85.0,85.0,19.895733,486.5672,1430
2010-03-18 15:30:00,107.513333,12.334066,77.0,77.0,17.833,347.244133,1430
2010-03-18 15:45:00,136.48,12.318533,54.0,54.0,18.089866,439.758266,1430
2010-03-18 16:00:00,208.28,12.266333,71.0,71.0,20.8466,654.4342,1430
2010-03-18 16:15:00,195.86,11.4496,104.0,104.0,18.733866,627.1414,1430
2010-03-18 16:30:00,142.293333,10.8644,102.0,102.0,17.5282,436.788,1430
2010-03-18 16:45:00,94.626666,9.963266,65.0,65.0,12.935533,308.044466,1430
2010-03-18 17:00:00,155.933333,10.085066,52.0,52.0,15.5342,458.2724,1430
2010-03-18 17:15:00,82.733333,9.2842,75.0,75.0,12.128533,246.4752,1430
2010-03-18 17:30:00,40.04,8.370933,40.0,40.0,9.215266,122.680733,1430
2010-03-18 17:45:00,26.38,7.301332999999999,19.0,19.0,7.444133,84.35559999999998,1430
2010-03-18 18:00:00,15.12,6.675933,12.0,12.0,6.264866,51.727266,1430
2010-03-18 18:15:00,8.733333,6.224533,7.0,7.0,5.279733,33.721866,1430
2010-03-18 18:30:00,3.413333,5.686666,3.0,3.0,4.5062,16.764466,1430
2010-03-18 18:45:00,0.0533329999999999,5.166133,1.0,1.0,3.615133,6.169733,1430
2010-03-02 06:00:00,0.0,-2.240333,0.0,0.0,-6.265866,5.528466,1430
2010-03-02 06:15:00,0.0,-3.149533,0.0,0.0,-6.822333,5.548733,1430
2010-03-02 06:30:00,0.0,-2.172933,0.0,0.0,-7.107066,5.574133,1430
2010-03-02 06:45:00,0.0,-1.656866,0.0,0.0,-6.736133,5.722,1430
2010-03-02 07:00:00,0.0,-1.2962,0.0,0.0,-6.563066,8.046466,1430
2010-03-02 07:15:00,0.0,-1.405933,-1.0,-1.0,-5.830666,40.054266,1430
2010-03-02 07:30:00,11.253333,-1.737133,0.0,0.0,-4.760866,103.7496,1430
2010-03-02 07:45:00,41.013333,-1.401733,6.0,6.0,-2.080666,198.461,1430
2010-03-02 08:00:00,81.29999999999998,-1.2092,20.0,20.0,1.638333,309.270333,1430
2010-03-02 08:15:00,123.42,0.0550659999999999,41.0,41.0,5.444066,423.401066,1430
2010-03-02 08:30:00,165.273333,1.2318,61.0,61.0,9.935133,546.320666,1430
2010-03-02 08:45:00,205.866666,2.392666,83.0,83.0,15.882133,660.975133,1430
2010-03-02 09:00:00,238.28,3.834466,103.0,103.0,23.4662,780.914266,1430
2010-03-02 09:15:00,268.613333,4.915733,118.0,118.0,29.802466,894.887333,1430
2010-03-02 09:30:00,281.273333,5.519666,133.0,133.0,32.306466,938.288333,1430
2010-03-02 09:45:00,284.086666,5.2564,140.0,140.0,31.848533,942.8354,1430
2010-03-02 10:00:00,286.04,5.753066,142.0,142.0,32.651933,949.117066,1430
2010-03-02 10:15:00,285.546666,6.208933,142.0,142.0,32.964533,945.505733,1430
2010-03-02 10:30:00,284.253333,6.3038,140.0,140.0,31.686266,935.852066,1430
2010-03-02 10:45:00,281.2,6.299866,142.0,142.0,30.142133,912.1806,1430
2010-03-02 11:00:00,276.353333,6.4596,140.0,140.0,28.201266,882.349733,1430
2010-03-02 11:15:00,271.72,6.536266,137.0,137.0,27.013733,855.870533,1430
2010-03-02 11:30:00,267.093333,7.0768,135.0,135.0,26.055533,831.4362,1430
2010-03-02 11:45:00,263.013333,7.287733,133.0,133.0,26.335066,812.9679999999998,1430
2010-03-02 12:00:00,258.82,7.301933,129.0,129.0,26.799733,793.243333,1430
2010-03-02 12:15:00,254.926666,7.617533,128.0,128.0,26.8158,780.395466,1430
2010-03-02 12:30:00,253.733333,7.803266,127.0,127.0,27.427666,773.1730659999998,1430
2010-03-02 12:45:00,252.3,8.137466,126.0,126.0,28.842733,769.5924,1430
2010-03-02 13:00:00,253.693333,8.142265999999998,126.0,126.0,28.252266,771.469066,1430
2010-03-02 13:15:00,252.013333,8.556533,124.0,124.0,28.911066,766.194666,1430
2010-03-02 13:30:00,260.513333,8.569,126.0,126.0,27.099866,788.136866,1430
2010-03-02 13:45:00,261.646666,8.786932999999998,129.0,129.0,28.659533,794.0675999999999,1430
2010-03-02 14:00:00,259.92,9.162466,130.0,130.0,31.773866,799.997933,1430
2010-03-02 14:15:00,267.92,9.110933,130.0,130.0,30.640733,821.812933,1430
2010-03-02 14:30:00,271.126666,9.540666000000002,134.0,134.0,32.507933,836.893666,1430
2010-03-02 14:45:00,271.493333,9.5402,133.0,133.0,33.349933,847.554533,1430
2010-03-02 15:00:00,276.426666,9.017466,136.0,136.0,29.242533,861.821466,1430
2010-03-02 15:15:00,278.113333,9.296866,138.0,138.0,30.361333,875.803666,1430
2010-03-02 15:30:00,272.82,9.6628,139.0,139.0,31.728266,861.5315329999999,1430
2010-03-02 15:45:00,263.173333,9.180066,136.0,136.0,27.843,826.3549329999998,1430
2010-03-02 16:00:00,259.073333,9.280666,130.0,130.0,27.1108,813.6852,1430
2010-03-02 16:15:00,260.433333,9.2316,130.0,130.0,27.1266,824.239066,1430
2010-03-02 16:30:00,220.98,8.885132999999998,131.0,131.0,22.308,662.724666,1430
2010-03-02 16:45:00,153.566666,8.761,109.0,109.0,16.452533,444.2698,1430
2010-03-02 17:00:00,114.826666,8.576866,74.0,74.0,13.927333,335.8306,1430
2010-03-02 17:15:00,91.26,8.307665999999998,58.0,58.0,12.299866,265.157066,1430
2010-03-02 17:30:00,58.473333,7.924533,44.0,44.0,9.206333,178.9958,1430
2010-03-02 17:45:00,30.486666,7.3796,28.0,28.0,6.567666,96.918733,1430
2010-03-02 18:00:00,12.666666,6.571,14.0,14.0,4.1418,45.318533,1430
2010-03-02 18:15:00,4.74,6.2782,6.0,6.0,2.652466,20.548466,1430
2010-03-02 18:30:00,0.133333,5.859,1.0,1.0,1.896066,6.357866,1430
2010-03-02 18:45:00,0.0,5.6662,0.0,0.0,1.1958,3.814666,1430
2010-03-21 06:00:00,0.0,2.267266,0.0,0.0,-0.545733,4.267066,1430
2010-03-21 06:15:00,0.0,2.858333,0.0,0.0,-0.119933,4.373933,1430
2010-03-21 06:30:00,0.0,2.505933,0.0,0.0,-0.451066,6.2662,1430
2010-03-21 06:45:00,0.0,2.63,0.0,0.0,-0.5874,24.348,1430
2010-03-21 07:00:00,7.346666,2.456866,-1.0,-1.0,0.422066,79.29986599999998,1430
2010-03-21 07:15:00,35.153333,2.670933,3.0,3.0,1.876866,170.985,1430
2010-03-21 07:30:00,68.64,3.4242,18.0,18.0,4.439,280.975333,1430
2010-03-21 07:45:00,108.213333,4.058933,35.0,35.0,7.144666,404.9428,1430
2010-03-21 08:00:00,148.94,4.383,57.0,57.0,9.461133,526.2756,1430
2010-03-21 08:15:00,187.5,5.0318,78.0,78.0,12.345666,659.907066,1430
2010-03-21 08:30:00,223.193333,5.420733,98.0,98.0,15.343133,782.938666,1430
2010-03-21 08:45:00,256.753333,5.8364,117.0,117.0,20.067866,915.974933,1430
2010-03-21 09:00:00,271.513333,6.6042,132.0,132.0,27.042,976.333666,1430
2010-03-21 09:15:00,275.06,5.4552,142.0,142.0,35.564466,1002.5178,1430
2010-03-21 09:30:00,280.413333,5.913666,143.0,143.0,38.258866,1024.617533,1430
2010-03-21 09:45:00,278.02,7.166,145.0,145.0,39.209666,1017.944266,1430
2010-03-21 10:00:00,255.646666,7.532199999999999,144.0,144.0,36.825133,936.5896,1430
2010-03-21 10:15:00,281.013333,8.019666,135.0,135.0,37.835866,1012.461266,1430
2010-03-21 10:30:00,274.406666,7.5724,145.0,145.0,33.653933,968.0022,1430
2010-03-21 10:45:00,279.773333,8.3664,141.0,141.0,33.849666,982.320066,1430
2010-03-21 11:00:00,283.193333,9.112866,145.0,145.0,35.8902,975.107733,1430
2010-03-21 11:15:00,282.873333,8.917666,145.0,145.0,35.3746,954.01,1430
2010-03-21 11:30:00,280.76,7.599,145.0,145.0,32.006133,925.425333,1430
2010-03-21 11:45:00,283.18,7.351666,141.0,141.0,28.9318,915.171266,1430
2010-03-21 12:00:00,270.326666,7.6576,143.0,143.0,28.169,848.124133,1430
2010-03-21 12:15:00,214.16,7.7476,133.0,133.0,24.2472,667.572066,1430
2010-03-21 12:30:00,275.506666,8.411666,110.0,110.0,27.967866,863.4134,1430
2010-03-21 12:45:00,280.233333,8.847265999999998,140.0,140.0,30.096666,872.5534,1430
2010-03-21 13:00:00,282.04,8.920733,139.0,139.0,28.8554,871.429333,1430
2010-03-21 13:15:00,284.466666,9.426066,141.0,141.0,28.9668,875.6308,1430
2010-03-21 13:30:00,287.026666,9.724533,142.0,142.0,29.1026,883.595733,1430
2010-03-21 13:45:00,288.373333,10.319666,144.0,144.0,32.725533,892.115266,1430
2010-03-21 14:00:00,289.713333,10.962733,144.0,144.0,35.098533,902.064,1430
2010-03-21 14:15:00,291.0,11.474533,145.0,145.0,37.5232,914.545733,1430
2010-03-21 14:30:00,292.54,12.054733,144.0,144.0,39.4328,925.888066,1430
2010-03-21 14:45:00,293.78,11.928733,146.0,146.0,39.785666,934.305866,1430
2010-03-21 15:00:00,294.306666,12.526133,148.0,148.0,40.9198,944.966733,1430
2010-03-21 15:15:00,295.526666,12.156266,147.0,147.0,40.186866,941.569066,1430
2010-03-21 15:30:00,293.653333,12.252066,147.0,147.0,39.584066,930.8268,1430
2010-03-21 15:45:00,289.066666,12.620266,145.0,145.0,40.179133,916.188466,1430
2010-03-21 16:00:00,284.013333,12.4292,145.0,145.0,39.774,899.8768659999998,1430
2010-03-21 16:15:00,280.44,12.6884,142.0,142.0,38.620533,878.438266,1430
2010-03-21 16:30:00,274.946666,12.146866,140.0,140.0,35.907466,850.7335329999999,1430
2010-03-21 16:45:00,249.44,12.605133,138.0,138.0,34.5862,779.6273999999999,1430
2010-03-21 17:00:00,216.253333,12.600266,123.0,123.0,32.5018,656.890933,1430
2010-03-21 17:15:00,175.64,12.328266,105.0,105.0,28.6286,525.029533,1430
2010-03-21 17:30:00,132.273333,11.6214,86.0,86.0,22.470266,400.990933,1430
2010-03-21 17:45:00,89.92666599999998,11.3184,65.0,65.0,17.304666,286.173466,1430
2010-03-21 18:00:00,53.673333,10.811733,44.0,44.0,12.551066,181.8544,1430
2010-03-21 18:15:00,27.486666,10.120733,27.0,27.0,7.825133,102.096733,1430
2010-03-21 18:30:00,7.893333,9.520133,12.0,12.0,4.371,32.628333,1430
2010-03-21 18:45:00,0.746666,8.7384,3.0,3.0,2.216866,8.3568,1430
2010-03-22 06:00:00,0.0,3.3092,0.0,0.0,-0.976933,4.0282,1430
2010-03-22 06:15:00,0.0,3.222533,-1.0,-1.0,-0.8883999999999999,4.135066,1430
2010-03-22 06:30:00,0.0,3.716,0.0,0.0,-0.548066,5.340533,1430
2010-03-22 06:45:00,0.0,4.447266,0.0,0.0,0.498933,10.4116,1430
2010-03-22 07:00:00,0.0,3.9108,0.0,0.0,0.5935329999999999,22.883133,1430
2010-03-22 07:15:00,5.966666,3.509933,0.0,0.0,1.034866,43.874133,1430
2010-03-22 07:30:00,22.073333,3.089933,3.0,3.0,1.322333,84.19799999999998,1430
2010-03-22 07:45:00,75.9,3.8632,12.0,12.0,5.2172,274.581933,1430
2010-03-22 08:00:00,85.08,4.467866,41.0,41.0,7.9244,289.678066,1430
2010-03-22 08:15:00,83.29999999999998,4.6572,42.0,42.0,9.3364,289.805,1430
2010-03-22 08:30:00,141.026666,5.655666,43.0,43.0,12.408066,489.3036,1430
2010-03-22 08:45:00,246.833333,6.599866,77.0,77.0,22.573666,875.2798,1430
2010-03-22 09:00:00,262.82,7.822066,131.0,131.0,30.497466,926.666266,1430
2010-03-22 09:15:00,266.62,8.384866,137.0,137.0,34.658933,944.8854,1430
2010-03-22 09:30:00,269.326666,9.7024,138.0,138.0,36.594066,954.6458,1430
2010-03-22 09:45:00,270.046666,10.581666,139.0,139.0,39.3172,961.217266,1430
2010-03-22 10:00:00,270.906666,10.574,141.0,141.0,39.921066,959.584533,1430
2010-03-22 10:15:00,272.873333,10.411733,141.0,141.0,38.018533,952.712933,1430
2010-03-22 10:30:00,275.066666,10.5,142.0,142.0,34.716733,941.9048,1430
2010-03-22 10:45:00,276.273333,10.490066,143.0,143.0,32.9956,930.770866,1430
2010-03-22 11:00:00,274.34,11.045066,141.0,141.0,34.2146,917.694066,1430
2010-03-22 11:15:00,273.84,11.0756,142.0,142.0,33.330666,904.7242,1430
2010-03-22 11:30:00,273.706666,11.4334,140.0,140.0,32.806333,891.550666,1430
2010-03-22 11:45:00,274.266666,11.5396,140.0,140.0,29.687,881.3984,1430
2010-03-22 12:00:00,273.94,11.893,140.0,140.0,28.690733,870.1122,1430
2010-03-22 12:15:00,273.44,12.027866,138.0,138.0,28.2904,862.2843329999998,1430
2010-03-22 12:30:00,274.246666,12.3266,137.0,137.0,27.850333,857.7626659999999,1430
2010-03-22 12:45:00,275.38,12.614133,138.0,138.0,27.7458,856.892866,1430
2010-03-22 13:00:00,276.52,13.0288,138.0,138.0,29.585933,858.383266,1430
2010-03-22 13:15:00,277.406666,13.4656,139.0,139.0,31.957066,863.332,1430
2010-03-22 13:30:00,280.713333,13.461666,139.0,139.0,30.808,869.934066,1430
2010-03-22 13:45:00,283.253333,13.8246,139.0,139.0,33.097133,882.456533,1430
2010-03-22 14:00:00,284.126666,13.911133,142.0,142.0,36.339333,892.6849999999998,1430
2010-03-22 14:15:00,288.28,14.0552,142.0,142.0,35.7852,905.4972,1430
2010-03-22 14:30:00,290.766666,14.2018,145.0,145.0,35.566866,914.408333,1430
2010-03-22 14:45:00,291.953333,14.2628,145.0,145.0,36.671866,924.3316,1430
2010-03-22 15:00:00,291.786666,14.748333,146.0,146.0,39.2764,935.9436,1430
2010-03-22 15:15:00,290.593333,14.908333,145.0,145.0,41.498466,937.774733,1430
2010-03-22 15:30:00,290.666666,14.711133,145.0,145.0,40.405733,932.566266,1430
2010-03-22 15:45:00,289.826666,14.802333,146.0,146.0,38.9874,923.126133,1430
2010-03-22 16:00:00,212.433333,14.441933,146.0,146.0,33.594666,619.130466,1430
2010-03-22 16:15:00,216.92,14.091933,94.0,94.0,25.483,703.297933,1430
2010-03-22 16:30:00,260.006666,14.564133,117.0,117.0,32.5054,803.197266,1430
2010-03-22 16:45:00,254.24,14.183,126.0,126.0,28.486866,804.423,1430
2010-03-22 17:00:00,201.386666,14.117933,128.0,128.0,24.515533,596.644,1430
2010-03-22 17:15:00,137.14,13.8722,97.0,97.0,20.999266,414.148866,1430
2010-03-22 17:30:00,149.866666,13.776866,69.0,69.0,19.8594,460.1186,1430
2010-03-22 17:45:00,109.233333,13.4622,75.0,75.0,17.974333,350.2808,1430
2010-03-22 18:00:00,67.82,13.009333,54.0,54.0,14.790333,225.83,1430
2010-03-22 18:15:00,32.48,12.417533,33.0,33.0,11.5602,123.774266,1430
2010-03-22 18:30:00,11.26,12.0366,16.0,16.0,8.620065999999998,48.7416,1430
2010-03-22 18:45:00,2.34,10.8138,4.0,4.0,6.672466,13.198866,1430
2010-03-23 06:00:00,0.0,0.3881999999999999,0.0,0.0,-3.308266,4.4706,1430
2010-03-23 06:15:00,0.0,0.4725329999999999,0.0,0.0,-3.844266,4.806666,1430
2010-03-23 06:30:00,0.0,-0.7992,0.0,0.0,-4.0104,7.659932999999999,1430
2010-03-23 06:45:00,0.0,-0.551466,0.0,0.0,-3.964,28.355933,1430
2010-03-23 07:00:00,14.813333,0.4698,-1.0,-1.0,-2.835133,69.427533,1430
2010-03-23 07:15:00,43.013333,0.8456,8.0,8.0,-0.405133,170.746,1430
2010-03-23 07:30:00,76.11333299999998,1.320266,22.0,22.0,3.207133,283.345533,1430
2010-03-23 07:45:00,115.453333,2.519,39.0,39.0,10.0384,408.5388,1430
2010-03-23 08:00:00,105.466666,2.7588,59.0,59.0,15.206066,373.107866,1430
2010-03-23 08:15:00,40.153333,2.264266,49.0,49.0,9.032466,147.064266,1430
2010-03-23 08:30:00,146.266666,2.470133,19.0,19.0,11.245866,519.276866,1430
2010-03-23 08:45:00,251.473333,3.686133,78.0,78.0,26.412666,873.057,1430
2010-03-23 09:00:00,225.593333,4.132133,128.0,128.0,28.323933,826.2888,1430
2010-03-23 09:15:00,242.893333,4.6588,120.0,120.0,28.983,839.5741329999998,1430
2010-03-23 09:30:00,260.446666,4.6258,122.0,122.0,28.583533,916.976866,1430
2010-03-23 09:45:00,240.706666,4.699666,133.0,133.0,30.3314,885.325,1430
2010-03-23 10:00:00,301.246666,6.180933,132.0,132.0,34.1134,1076.761933,1430
2010-03-23 10:15:00,240.913333,6.240533,151.0,151.0,30.448533,919.148733,1430
2010-03-23 10:30:00,305.006666,6.939533,122.0,122.0,30.519066,1018.2546,1430
2010-03-23 10:45:00,221.133333,6.4936,150.0,150.0,27.019133,714.467266,1430
2010-03-23 11:00:00,276.34,7.006866,83.0,83.0,27.911066,967.061333,1430
2010-03-23 11:15:00,111.966666,6.498933,151.0,151.0,20.2666,376.8362,1430
2010-03-23 11:30:00,89.853333,6.278666,57.0,57.0,13.545866,275.075266,1430
2010-03-23 11:45:00,93.78,6.3806,44.0,44.0,12.445133,288.731866,1430
2010-03-23 12:00:00,174.193333,7.0152,48.0,48.0,15.809866,533.442133,1430
2010-03-23 12:15:00,177.013333,7.058466,90.0,90.0,17.194466,532.872466,1430
2010-03-23 12:30:00,89.13333299999998,6.7048,89.0,89.0,13.5828,259.5926,1430
2010-03-23 12:45:00,31.606666,6.2652,40.0,40.0,8.454532999999998,103.276533,1430
2010-03-23 13:00:00,34.3,6.302866,15.0,15.0,8.171333,109.237733,1430
2010-03-23 13:15:00,29.413333,4.744133,16.0,16.0,5.791866,94.497733,1430
2010-03-23 13:30:00,21.1,3.938466,14.0,14.0,4.104466,67.972733,1430
2010-03-23 13:45:00,14.846666,2.324333,9.0,9.0,2.826533,51.661133,1430
2010-03-23 14:00:00,15.066666,1.552466,7.0,7.0,1.190466,52.530866,1430
2010-03-23 14:15:00,25.28,1.539066,7.0,7.0,2.358266,87.082066,1430
2010-03-23 14:30:00,87.206666,1.6614,14.0,14.0,4.534466,262.054333,1430
2010-03-23 14:45:00,95.766666,1.727733,44.0,44.0,5.9692,281.392333,1430
2010-03-23 15:00:00,52.606666,1.618933,44.0,44.0,4.651533,159.3832,1430
2010-03-23 15:15:00,18.166666,1.191466,23.0,23.0,2.8454,64.386933,1430
2010-03-23 15:30:00,26.333333,0.761133,9.0,9.0,2.466866,85.540733,1430
2010-03-23 15:45:00,16.153333,0.4586,11.0,11.0,1.8818,57.591666,1430
2010-03-23 16:00:00,8.3,0.247733,7.0,7.0,1.1854,32.134866,1430
2010-03-23 16:15:00,2.4,-0.217,3.0,3.0,0.0235329999999999,14.745133,1430
2010-03-23 16:30:00,1.88,-0.981933,1.0,1.0,-0.694933,13.976866,1430
2010-03-23 16:45:00,3.213333,-1.369533,0.0,0.0,-0.7711329999999998,19.353266,1430
2010-03-23 17:00:00,2.38,-1.400866,1.0,1.0,-0.866333,19.190466,1430
2010-03-23 17:15:00,1.853333,-1.392333,0.0,0.0,-0.956666,18.0716,1430
2010-03-23 17:30:00,1.886666,-1.416933,0.0,0.0,-1.044933,18.1426,1430
2010-03-23 17:45:00,1.04,-1.6906,0.0,0.0,-1.298533,20.202533,1430
2010-03-23 18:00:00,0.0,-1.818066,0.0,0.0,-1.4346,19.851733,1430
2010-03-23 18:15:00,0.0,-2.0158,0.0,0.0,-1.664666,12.929333,1430
2010-03-23 18:30:00,0.0,-2.3232,0.0,0.0,-2.0166,8.672133,1430
2010-03-23 18:45:00,0.0,-2.449066,-1.0,-1.0,-2.201333,5.9712,1430
2010-03-24 06:00:00,0.0,-4.5954,0.0,0.0,-4.444,5.574133,1430
2010-03-24 06:15:00,0.0,-4.615466,-1.0,-1.0,-4.474666,5.661,1430
2010-03-24 06:30:00,0.0,-4.736,0.0,0.0,-4.567266,6.886733,1430
2010-03-24 06:45:00,0.0,-4.7278,0.0,0.0,-4.535933,12.8224,1430
2010-03-24 07:00:00,0.0,-4.720333,0.0,0.0,-4.415333,26.9622,1430
2010-03-24 07:15:00,0.0,-4.674533,0.0,0.0,-4.181133,49.453733,1430
2010-03-24 07:30:00,0.0,-4.435333,0.0,0.0,-3.699133,80.627466,1430
2010-03-24 07:45:00,0.0,-4.0702,-1.0,-1.0,-2.980066,110.794266,1430
2010-03-24 08:00:00,0.0,-3.943333,0.0,0.0,-2.612533,149.861733,1430
2010-03-24 08:15:00,0.0,-3.7128,0.0,0.0,-2.085466,196.365466,1430
2010-03-24 08:30:00,0.0,-3.441866,-1.0,-1.0,-1.1916,238.0422,1430
2010-03-24 08:45:00,0.0,-3.1794,0.0,0.0,-0.5086,331.548,1430
2010-03-24 09:00:00,7.413332999999999,-2.922333,0.0,0.0,-0.3578,412.989266,1430
2010-03-24 09:15:00,5.326666,-3.1322,3.0,3.0,-0.1813329999999999,313.252866,1430
2010-03-24 09:30:00,12.233333,-2.889,4.0,4.0,5.588066,182.261133,1430
2010-03-24 09:45:00,18.48,-2.805333,6.0,6.0,12.1452,244.802,1430
2010-03-24 10:00:00,24.206666,-2.538266,8.0,8.0,15.159666,481.226533,1430
2010-03-24 10:15:00,28.12,-2.078266,11.0,11.0,20.062933,330.729,1430
2010-03-24 10:30:00,36.613333,-1.4628,13.0,13.0,24.903666,516.393066,1430
2010-03-24 10:45:00,51.046666,-1.339866,16.0,16.0,25.974466,631.734266,1430
2010-03-24 11:00:00,60.38,-1.524333,21.0,21.0,25.739133,772.6440659999998,1430
2010-03-24 11:15:00,134.173333,-1.433933,27.0,27.0,24.764733,806.152333,1430
2010-03-24 11:30:00,233.293333,-1.9766,76.0,76.0,20.087133,803.0089329999998,1430
2010-03-24 11:45:00,250.14,-2.5024,118.0,118.0,14.745733,802.057866,1430
2010-03-24 12:00:00,245.813333,-2.1666,127.0,127.0,14.986,765.7064,1430
2010-03-24 12:15:00,234.193333,-1.754133,124.0,124.0,16.729466,716.476333,1430
2010-03-24 12:30:00,222.133333,-1.6178,115.0,115.0,15.6934,681.564333,1430
2010-03-24 12:45:00,219.973333,-1.3396,112.0,112.0,16.935866,663.813266,1430
2010-03-24 13:00:00,226.72,-1.2414,109.0,109.0,16.716,689.341133,1430
2010-03-24 13:15:00,267.166666,-0.7748,115.0,115.0,20.4004,815.8926,1430
2010-03-24 13:30:00,283.313333,-0.741533,134.0,134.0,19.890266,872.507733,1430
2010-03-24 13:45:00,308.773333,-0.186,142.0,142.0,23.478933,958.348533,1430
2010-03-24 14:00:00,292.466666,-0.097933,153.0,153.0,22.680266,894.978866,1430
2010-03-24 14:15:00,258.673333,0.202933,144.0,144.0,21.0202,795.5933999999999,1430
2010-03-24 14:30:00,300.746666,0.2697999999999999,131.0,131.0,21.066333,927.271533,1430
2010-03-24 14:45:00,297.586666,0.338266,150.0,150.0,20.864533,918.970666,1430
2010-03-24 15:00:00,304.853333,0.834466,149.0,149.0,23.647133,943.216866,1430
2010-03-24 15:15:00,307.973333,0.392533,151.0,151.0,22.449533,955.830866,1430
2010-03-24 15:30:00,284.913333,0.505,154.0,154.0,21.224066,903.167733,1430
2010-03-24 15:45:00,289.426666,0.719666,147.0,147.0,22.496133,890.3655999999999,1430
2010-03-24 16:00:00,243.853333,0.933866,143.0,143.0,22.411333,757.436133,1430
2010-03-24 16:15:00,266.566666,1.302933,121.0,121.0,24.8812,834.4574,1430
2010-03-24 16:30:00,285.553333,1.253133,134.0,134.0,27.526066,897.562666,1430
2010-03-24 16:45:00,253.646666,0.950933,143.0,143.0,24.6062,771.225,1430
2010-03-24 17:00:00,196.286666,0.8502659999999999,122.0,122.0,19.788066,579.4576,1430
2010-03-24 17:15:00,189.613333,1.476466,97.0,97.0,19.7004,549.957266,1430
2010-03-24 17:30:00,153.153333,1.395133,94.0,94.0,15.872066,448.994933,1430
2010-03-24 17:45:00,106.633333,0.668266,75.0,75.0,10.761533,332.585666,1430
2010-03-24 18:00:00,66.773333,0.109266,53.0,53.0,6.251733,216.390133,1430
2010-03-24 18:15:00,31.933333,-0.940333,33.0,33.0,1.8328,117.095933,1430
2010-03-24 18:30:00,8.64,-0.758866,15.0,15.0,-3.008666,36.000733,1430
2010-03-24 18:45:00,2.106666,-1.135533,3.0,3.0,-5.4934,14.531266,1430
2010-03-29 06:00:00,0.0,7.523066,0.0,0.0,3.9498,3.128133,1430
2010-03-29 06:15:00,0.0,8.108066,0.0,0.0,4.388533,4.892933,1430
2010-03-29 06:30:00,0.0,8.4206,-1.0,-1.0,4.6696,18.630866,1430
2010-03-29 06:45:00,0.0,8.646533,0.0,0.0,5.013933,59.666933,1430
2010-03-29 07:00:00,15.18,8.5158,0.0,0.0,5.682533,72.469066,1430
2010-03-29 07:15:00,56.406666,8.881666,9.0,9.0,8.0834,216.873066,1430
2010-03-29 07:30:00,87.08,9.824133,30.0,30.0,12.641066,320.841533,1430
2010-03-29 07:45:00,113.293333,10.0296,43.0,43.0,15.6316,403.671266,1430
2010-03-29 08:00:00,163.113333,10.524466,59.0,59.0,19.997466,569.335933,1430
2010-03-29 08:15:00,183.673333,11.042266,85.0,85.0,23.252733,624.1354,1430
2010-03-29 08:30:00,159.206666,10.710133,93.0,93.0,19.500866,540.9342,1430
2010-03-29 08:45:00,123.233333,11.019333,80.0,80.0,17.316933,422.287066,1430
2010-03-29 09:00:00,152.013333,11.402866,63.0,63.0,18.2394,519.307466,1430
2010-03-29 09:15:00,196.826666,12.100733,78.0,78.0,22.468466,663.177533,1430
2010-03-29 09:30:00,208.32,12.622333,102.0,102.0,26.697,708.496066,1430
2010-03-29 09:45:00,157.573333,12.479466,107.0,107.0,25.240866,514.7298,1430
2010-03-29 10:00:00,102.726666,12.368933,78.0,78.0,21.883733,336.705466,1430
2010-03-29 10:15:00,92.906666,12.563333,50.0,50.0,19.3902,303.8178,1430
2010-03-29 10:30:00,97.453333,11.991533,46.0,46.0,19.3586,317.408266,1430
2010-03-29 10:45:00,110.266666,11.9068,48.0,48.0,19.618733,353.337666,1430
2010-03-29 11:00:00,127.713333,12.061933,56.0,56.0,20.6616,404.464733,1430
2010-03-29 11:15:00,158.04,12.4012,65.0,65.0,22.991533,510.782866,1430
2010-03-29 11:30:00,248.06,12.985333,82.0,82.0,27.905666,784.0982659999999,1430
2010-03-29 11:45:00,208.213333,13.365066,120.0,120.0,26.8898,652.287866,1430
2010-03-29 12:00:00,162.08,13.5822,102.0,102.0,24.065133,499.842333,1430
2010-03-29 12:15:00,173.526666,13.7544,81.0,81.0,24.562066,535.232733,1430
2010-03-29 12:30:00,121.193333,13.7078,86.0,86.0,22.3806,374.883133,1430
2010-03-29 12:45:00,81.386666,13.7286,59.0,59.0,19.530266,254.1046,1430
2010-03-29 13:00:00,72.0,13.5848,40.0,40.0,17.455533,225.7742,1430
2010-03-29 13:15:00,70.813333,13.468333,35.0,35.0,16.402266,220.265666,1430
2010-03-29 13:30:00,68.733333,13.554866,35.0,35.0,16.8414,215.627066,1430
2010-03-29 13:45:00,99.48,13.7686,34.0,34.0,18.623133,311.116466,1430
2010-03-29 14:00:00,163.866666,14.263466,52.0,52.0,22.948,520.2382,1430
2010-03-29 14:15:00,186.093333,14.8536,85.0,85.0,27.696533,569.8598,1430
2010-03-29 14:30:00,149.793333,14.950733,89.0,89.0,27.126,468.623,1430
2010-03-29 14:45:00,182.573333,15.345066,72.0,72.0,26.474266,558.7108,1430
2010-03-29 15:00:00,243.286666,16.54,92.0,92.0,34.9622,765.624933,1430
2010-03-29 15:15:00,209.226666,16.3174,118.0,118.0,34.2864,672.795733,1430
2010-03-29 15:30:00,233.733333,17.67,106.0,106.0,39.731933,736.017866,1430
2010-03-29 15:45:00,129.033333,16.6546,108.0,108.0,31.779,433.568333,1430
2010-03-29 16:00:00,83.22,16.024133,64.0,64.0,23.709133,282.847133,1430
2010-03-29 16:15:00,70.706666,15.803933,40.0,40.0,19.791733,248.123133,1430
2010-03-29 16:30:00,60.34,15.6888,35.0,35.0,18.955066,216.578066,1430
2010-03-29 16:45:00,49.773333,15.8218,30.0,30.0,18.5588,177.780133,1430
2010-03-29 17:00:00,39.993333,15.680333,24.0,24.0,17.389,144.9178,1430
2010-03-29 17:15:00,43.146666,15.675666,19.0,19.0,16.351266,146.7388,1430
2010-03-29 17:30:00,45.013333,15.6782,22.0,22.0,16.023866,143.829333,1430
2010-03-29 17:45:00,61.96,15.903466,22.0,22.0,16.216933,199.981733,1430
2010-03-29 18:00:00,42.36,15.875533,32.0,32.0,16.2894,126.3784,1430
2010-03-29 18:15:00,12.246666,15.0638,18.0,18.0,13.695066,44.092866,1430
2010-03-29 18:30:00,5.253333,14.650466,5.0,5.0,12.8404,22.3288,1430
2010-03-29 18:45:00,0.94,14.627466,2.0,2.0,12.5318,8.773866,1430
2010-03-03 06:00:00,0.0,-0.443,0.0,0.0,-3.324733,4.5626,1430
2010-03-03 06:15:00,0.0,0.1058,0.0,0.0,-3.3858,4.6692,1430
2010-03-03 06:30:00,0.0,-0.4096659999999999,0.0,0.0,-3.860533,4.7608,1430
2010-03-03 06:45:00,0.0,-1.066266,0.0,0.0,-4.729666,4.9848,1430
2010-03-03 07:00:00,0.0,-0.7509329999999999,0.0,0.0,-4.731133,7.044466,1430
2010-03-03 07:15:00,0.0,-1.052,0.0,0.0,-4.5762,16.911933,1430
2010-03-03 07:30:00,7.546666,-0.957666,-1.0,-1.0,-3.708533,88.979066,1430
2010-03-03 07:45:00,43.133333,0.1264,4.0,4.0,-0.6282659999999999,197.209733,1430
2010-03-03 08:00:00,78.34,1.273466,22.0,22.0,3.5666,298.253333,1430
2010-03-03 08:15:00,107.053333,2.005666,39.0,39.0,7.418599999999999,359.731066,1430
2010-03-03 08:30:00,165.966666,3.568266,53.0,53.0,14.712333,548.6094,1430
2010-03-03 08:45:00,203.686666,3.876733,83.0,83.0,20.667666,663.182533,1430
2010-03-03 09:00:00,240.973333,4.021333,102.0,102.0,25.248466,785.944533,1430
2010-03-03 09:15:00,204.726666,3.773,121.0,121.0,26.2474,658.223333,1430
2010-03-03 09:30:00,230.24,4.503133,100.0,100.0,24.913133,743.0928659999998,1430
2010-03-03 09:45:00,290.233333,5.163933,116.0,116.0,31.034066,951.1974,1430
2010-03-03 10:00:00,289.286666,5.708866,142.0,142.0,32.475733,953.257266,1430
2010-03-03 10:15:00,273.866666,6.296466,144.0,144.0,35.321333,914.062466,1430
2010-03-03 10:30:00,237.766666,6.332066,137.0,137.0,31.757733,763.443066,1430
2010-03-03 10:45:00,190.46,5.230933,114.0,114.0,22.2614,623.107933,1430
2010-03-03 11:00:00,223.58,5.397866,97.0,97.0,21.8042,706.899066,1430
2010-03-03 11:15:00,268.826666,5.9328,111.0,111.0,25.234266,862.971,1430
2010-03-03 11:30:00,261.293333,6.365133,134.0,134.0,24.394466,821.9401329999998,1430
2010-03-03 11:45:00,239.933333,6.509,129.0,129.0,23.968133,762.598733,1430
2010-03-03 12:00:00,243.206666,7.303333,121.0,121.0,24.358933,782.8268,1430
2010-03-03 12:15:00,257.88,7.255733,125.0,125.0,24.047466,794.0877329999998,1430
2010-03-03 12:30:00,250.406666,7.718933,128.0,128.0,24.766933,764.368733,1430
2010-03-03 12:45:00,247.686666,7.784665999999999,123.0,123.0,24.212533,753.382466,1430
2010-03-03 13:00:00,247.146666,7.767333,123.0,123.0,22.416533,748.4538,1430
2010-03-03 13:15:00,248.473333,7.882532999999999,123.0,123.0,22.319533,752.8686,1430
2010-03-03 13:30:00,249.013333,8.590733,124.0,124.0,24.198066,755.7780659999999,1430
2010-03-03 13:45:00,250.586666,8.824533,124.0,124.0,24.507466,762.2934659999999,1430
2010-03-03 14:00:00,253.133333,8.7444,124.0,124.0,24.825133,772.4457999999998,1430
2010-03-03 14:15:00,252.373333,8.9436,126.0,126.0,24.036666,773.310333,1430
2010-03-03 14:30:00,257.313333,9.081133,126.0,126.0,24.623333,791.870266,1430
2010-03-03 14:45:00,261.06,9.222133,129.0,129.0,25.151266,808.161466,1430
2010-03-03 15:00:00,263.393333,9.313266,130.0,130.0,25.756866,820.6382,1430
2010-03-03 15:15:00,265.746666,9.401133,132.0,132.0,25.911533,829.345666,1430
2010-03-03 15:30:00,264.06,9.164133,131.0,131.0,24.999666,827.3621329999999,1430
2010-03-03 15:45:00,260.093333,9.415933,131.0,131.0,24.859933,817.5558,1430
2010-03-03 16:00:00,196.493333,9.153733,131.0,131.0,21.592266,603.6326,1430
2010-03-03 16:15:00,152.806666,8.9298,95.0,95.0,18.164933,477.7274,1430
2010-03-03 16:30:00,178.413333,9.066133,77.0,77.0,18.338666,550.745733,1430
2010-03-03 16:45:00,177.666666,9.2108,90.0,90.0,18.797533,525.965266,1430
2010-03-03 17:00:00,162.18,9.143733,87.0,87.0,18.425866,484.817533,1430
2010-03-03 17:15:00,96.66,9.0372,81.0,81.0,14.815,284.2408,1430
2010-03-03 17:30:00,34.933333,8.1708,44.0,44.0,9.379133,109.486866,1430
2010-03-03 17:45:00,20.233333,7.649933,17.0,17.0,6.956866,68.084466,1430
2010-03-03 18:00:00,15.88,7.163,9.0,9.0,5.696666,63.685066,1430
2010-03-03 18:15:00,3.846666,6.317266,7.0,7.0,3.996733,18.2546,1430
2010-03-03 18:30:00,0.353333,5.571,2.0,2.0,3.072333,7.5328,1430
2010-03-03 18:45:00,0.0,5.9836,0.0,0.0,3.5116,3.601066,1430
2010-03-30 06:00:00,0.0,8.496,0.0,0.0,2.846266,3.0518,1430
2010-03-30 06:15:00,0.0,9.199866,0.0,0.0,3.694266,4.0334,1430
2010-03-30 06:30:00,0.0,9.967133,0.0,0.0,4.537866,8.438133,1430
2010-03-30 06:45:00,0.0,8.976133,0.0,0.0,3.917266,20.650266,1430
2010-03-30 07:00:00,0.0,8.469865999999998,-1.0,-1.0,4.4264,40.1866,1430
2010-03-30 07:15:00,12.093333,10.5186,0.0,0.0,6.6072,68.588266,1430
2010-03-30 07:30:00,45.146666,11.0554,7.0,7.0,9.4142,171.839333,1430
2010-03-30 07:45:00,68.28,11.2586,25.0,25.0,12.685866,234.130866,1430
2010-03-30 08:00:00,116.753333,10.7094,35.0,35.0,16.014733,402.119933,1430
2010-03-30 08:15:00,129.606666,11.6064,61.0,61.0,19.202133,436.330266,1430
2010-03-30 08:30:00,99.693333,11.177466,64.0,64.0,19.272666,343.617666,1430
2010-03-30 08:45:00,116.086666,11.1984,50.0,50.0,20.700666,404.149333,1430
2010-03-30 09:00:00,136.04,12.179333,60.0,60.0,23.7436,477.015066,1430
2010-03-30 09:15:00,184.406666,12.890266,71.0,71.0,28.491,657.221533,1430
2010-03-30 09:30:00,206.046666,14.3236,99.0,99.0,33.523533,720.118066,1430
2010-03-30 09:45:00,225.08,15.492133,106.0,106.0,36.8862,799.1586,1430
2010-03-30 10:00:00,250.873333,15.805533,117.0,117.0,38.249,886.067733,1430
2010-03-30 10:15:00,278.22,16.598066,132.0,132.0,39.657666,976.333666,1430
2010-03-30 10:30:00,258.393333,17.044733,143.0,143.0,39.040266,889.4958,1430
2010-03-30 10:45:00,242.353333,17.529133,134.0,134.0,36.7924,828.109733,1430
2010-03-30 11:00:00,226.993333,18.1374,123.0,123.0,38.043733,786.438066,1430
2010-03-30 11:15:00,244.34,18.309666,116.0,116.0,36.6672,828.201333,1430
2010-03-30 11:30:00,273.32,18.352666,127.0,127.0,40.0682,926.523866,1430
2010-03-30 11:45:00,274.013333,18.935133,140.0,140.0,41.7912,893.6411329999999,1430
2010-03-30 12:00:00,240.253333,19.338133,136.0,136.0,42.708266,806.401666,1430
2010-03-30 12:15:00,274.173333,19.878066,125.0,125.0,44.875666,898.508733,1430
2010-03-30 12:30:00,262.133333,20.1674,136.0,136.0,43.2986,864.262866,1430
2010-03-30 12:45:00,273.586666,20.629066,133.0,133.0,45.421533,892.5018,1430
2010-03-30 13:00:00,261.673333,20.883466,138.0,138.0,45.308933,848.7752,1430
2010-03-30 13:15:00,276.226666,20.9206,132.0,132.0,42.670533,887.8174659999999,1430
2010-03-30 13:30:00,244.733333,21.394266,140.0,140.0,44.5242,777.740533,1430
2010-03-30 13:45:00,261.18,21.695866,124.0,124.0,41.5092,824.1984,1430
2010-03-30 14:00:00,189.22,21.690933,128.0,128.0,36.505466,627.0752,1430
2010-03-30 14:15:00,242.6,22.4324,102.0,102.0,40.017866,769.917866,1430
2010-03-30 14:30:00,294.62,23.064066,121.0,121.0,38.902533,947.672533,1430
2010-03-30 14:45:00,290.233333,23.424666,148.0,148.0,40.079933,934.626333,1430
2010-03-30 15:00:00,228.873333,22.9192,142.0,142.0,37.074333,789.001466,1430
2010-03-30 15:15:00,200.853333,23.006466,122.0,122.0,36.715066,610.549866,1430
2010-03-30 15:30:00,153.56,22.263133,89.0,89.0,29.686,516.179333,1430
2010-03-30 15:45:00,121.553333,21.776266,79.0,79.0,27.123466,394.297266,1430
2010-03-30 16:00:00,172.673333,21.612533,61.0,61.0,27.755066,572.352133,1430
2010-03-30 16:15:00,296.973333,22.682,92.0,92.0,38.975733,937.998466,1430
2010-03-30 16:30:00,287.433333,22.4114,148.0,148.0,37.089133,891.220133,1430
2010-03-30 16:45:00,273.46,22.090266,142.0,142.0,35.65,848.9989329999999,1430
2010-03-30 17:00:00,242.633333,21.8342,137.0,137.0,33.698533,732.3354,1430
2010-03-30 17:15:00,207.44,21.482733,119.0,119.0,30.277066,615.310666,1430
2010-03-30 17:30:00,167.333333,20.708266,103.0,103.0,26.231733,492.518,1430
2010-03-30 17:45:00,128.706666,20.2618,82.0,82.0,24.058133,390.513133,1430
2010-03-30 18:00:00,87.33333299999998,19.9424,64.0,64.0,21.955733,274.231,1430
2010-03-30 18:15:00,45.213333,19.232733,44.0,44.0,18.9812,160.456333,1430
2010-03-30 18:30:00,17.786666,18.774533,21.0,21.0,16.517133,82.199066,1430
2010-03-30 18:45:00,3.993333,18.162466,9.0,9.0,14.8844,21.199733,1430
2010-03-04 06:00:00,0.0,1.536066,0.0,0.0,-1.182,4.374,1430
2010-03-04 06:15:00,0.0,1.7206,0.0,0.0,-1.158533,4.3944,1430
2010-03-04 06:30:00,0.0,1.754466,0.0,0.0,-0.8762659999999999,4.3638,1430
2010-03-04 06:45:00,0.0,1.647533,-1.0,-1.0,-0.968266,4.704733,1430
2010-03-04 07:00:00,0.0,1.841066,0.0,0.0,-0.564466,11.835733,1430
2010-03-04 07:15:00,1.306666,1.703866,0.0,0.0,0.038466,47.704,1430
2010-03-04 07:30:00,22.74,2.497933,0.0,0.0,1.374466,112.762466,1430
2010-03-04 07:45:00,35.68,2.7378,11.0,11.0,2.728266,141.255666,1430
2010-03-04 08:00:00,36.773333,2.586933,17.0,17.0,2.8094,127.975333,1430
2010-03-04 08:15:00,56.4,2.639933,18.0,18.0,3.5058,191.2638,1430
2010-03-04 08:30:00,90.96,3.3312,29.0,29.0,5.880066,290.9394,1430
2010-03-04 08:45:00,103.013333,3.856933,45.0,45.0,8.013,329.549133,1430
2010-03-04 09:00:00,122.526666,4.159933,52.0,52.0,9.572666000000002,387.552866,1430
2010-03-04 09:15:00,122.373333,4.676666,60.0,60.0,11.672533,391.4948,1430
2010-03-04 09:30:00,137.693333,5.101666,60.0,60.0,13.682733,444.529266,1430
2010-03-04 09:45:00,145.34,5.369866,68.0,68.0,16.262333,465.4846,1430
2010-03-04 10:00:00,212.086666,6.399866,73.0,73.0,23.5668,683.980266,1430
2010-03-04 10:15:00,243.18,6.8966,108.0,108.0,28.6864,775.807733,1430
2010-03-04 10:30:00,232.213333,8.032533,120.0,120.0,32.162266,738.418533,1430
2010-03-04 10:45:00,168.813333,7.293199999999999,112.0,112.0,27.399666,528.8238,1430
2010-03-04 11:00:00,175.133333,7.4682,84.0,84.0,23.852733,550.7762,1430
2010-03-04 11:15:00,202.886666,7.670733,88.0,88.0,25.3646,624.644,1430
2010-03-04 11:30:00,184.56,7.9112,100.0,100.0,23.7612,559.371866,1430
2010-03-04 11:45:00,183.326666,8.079333,90.0,90.0,21.341866,563.191866,1430
2010-03-04 12:00:00,173.986666,7.915933,91.0,91.0,21.786666,528.2136,1430
2010-03-04 12:15:00,168.066666,7.887533,86.0,86.0,20.973066,518.1834,1430
2010-03-04 12:30:00,185.78,8.364866,85.0,85.0,21.982266,571.1416,1430
2010-03-04 12:45:00,225.746666,8.483399999999998,93.0,93.0,25.6462,702.341733,1430
2010-03-04 13:00:00,202.046666,8.6632,113.0,113.0,26.117466,617.324866,1430
2010-03-04 13:15:00,225.8,8.438,101.0,101.0,25.420866,692.199666,1430
2010-03-04 13:30:00,223.933333,8.793466,111.0,111.0,25.179866,680.842066,1430
2010-03-04 13:45:00,202.326666,9.196333,109.0,109.0,23.7764,605.4942,1430
2010-03-04 14:00:00,208.746666,9.6448,101.0,101.0,26.7114,643.7886,1430
2010-03-04 14:15:00,237.42,9.4686,107.0,107.0,27.303,731.9742,1430
2010-03-04 14:30:00,257.793333,9.771466,119.0,119.0,28.854866,799.9063999999998,1430
2010-03-04 14:45:00,260.473333,10.0182,127.0,127.0,28.2876,811.360666,1430
2010-03-04 15:00:00,261.013333,9.827066,130.0,130.0,29.1022,814.626133,1430
2010-03-04 15:15:00,263.386666,10.394533,131.0,131.0,29.1634,824.5594,1430
2010-03-04 15:30:00,261.8,10.8848,131.0,131.0,29.664466,820.6888659999998,1430
2010-03-04 15:45:00,259.886666,10.5268,131.0,131.0,29.305533,814.4124,1430
2010-03-04 16:00:00,254.993333,10.632266,129.0,129.0,29.4906,801.182866,1430
2010-03-04 16:15:00,250.133333,10.853866,126.0,126.0,30.069333,789.235533,1430
2010-03-04 16:30:00,224.26,10.701733,124.0,124.0,28.342866,697.525066,1430
2010-03-04 16:45:00,180.2,10.532133,111.0,111.0,22.917266,539.5914,1430
2010-03-04 17:00:00,146.606666,10.354066,89.0,89.0,19.387733,433.395533,1430
2010-03-04 17:15:00,115.053333,10.4056,72.0,72.0,17.3916,344.462,1430
2010-03-04 17:30:00,82.533333,9.918933,55.0,55.0,13.6852,258.590733,1430
2010-03-04 17:45:00,45.566666,9.307,41.0,41.0,10.033666,156.402533,1430
2010-03-04 18:00:00,19.113333,8.534532999999998,22.0,22.0,7.205466,76.3448,1430
2010-03-04 18:15:00,4.586666,6.970533,9.0,9.0,4.218933,20.726533,1430
2010-03-04 18:30:00,0.753333,6.262133,1.0,1.0,2.669666,8.743333,1430
2010-03-04 18:45:00,0.0,5.970666,1.0,1.0,2.1168,3.804533,1430
2010-04-12 06:00:00,0.0,8.110132999999998,0.0,0.0,5.3026,4.221466,1430
2010-04-12 06:15:00,0.0,8.7836,0.0,0.0,4.8618,7.232666,1430
2010-04-12 06:30:00,0.0,9.326466000000002,0.0,0.0,5.416866,16.8202,1430
2010-04-12 06:45:00,0.0,10.379933,-1.0,-1.0,6.2038,28.6918,1430
2010-04-12 07:00:00,0.0,9.8398,0.0,0.0,7.2058,43.919733,1430
2010-04-12 07:15:00,4.24,11.1142,0.0,0.0,8.411466,62.077933,1430
2010-04-12 07:30:00,30.16,10.960733,4.0,4.0,10.212866,100.830133,1430
2010-04-12 07:45:00,38.76,9.968333,15.0,15.0,10.4024,126.469933,1430
2010-04-12 08:00:00,48.76,10.871066,18.0,18.0,11.7122,157.521666,1430
2010-04-12 08:15:00,70.32,11.999866,25.0,25.0,14.290733,223.002133,1430
2010-04-12 08:30:00,84.066666,12.7532,35.0,35.0,16.988733,265.9352,1430
2010-04-12 08:45:00,71.853333,13.139933,41.0,41.0,17.8778,231.597866,1430
2010-04-12 09:00:00,78.48,13.456333,35.0,35.0,18.140333,258.738333,1430
2010-04-12 09:15:00,114.54,13.708,40.0,40.0,20.2776,367.8996,1430
2010-04-12 09:30:00,138.233333,14.3556,57.0,57.0,24.176266,438.974933,1430
2010-04-12 09:45:00,120.726666,14.142,69.0,69.0,23.7682,388.560066,1430
2010-04-12 10:00:00,105.8,14.370466,59.0,59.0,22.7422,342.8038,1430
2010-04-12 10:15:00,117.466666,15.810933,53.0,53.0,22.840066,372.2076,1430
2010-04-12 10:30:00,123.54,16.258466,58.0,58.0,22.831666,388.626133,1430
2010-04-12 10:45:00,122.913333,16.457733,61.0,61.0,23.3266,383.717866,1430
2010-04-12 11:00:00,120.746666,16.522,61.0,61.0,23.0156,376.5208,1430
2010-04-12 11:15:00,125.9,16.765266,60.0,60.0,23.859066,394.3532,1430
2010-04-12 11:30:00,163.973333,17.188666,63.0,63.0,26.339333,509.2976,1430
2010-04-12 11:45:00,145.446666,17.263666,82.0,82.0,26.400466,452.4536,1430
2010-04-12 12:00:00,145.693333,17.130466,72.0,72.0,24.849466,451.304133,1430
2010-04-12 12:15:00,143.88,17.412,72.0,72.0,25.019733,449.371466,1430
2010-04-12 12:30:00,172.72,17.924133,73.0,73.0,28.540266,540.8274,1430
2010-04-12 12:45:00,188.073333,18.415333,87.0,87.0,30.508066,586.400333,1430
2010-04-12 13:00:00,175.406666,18.8838,94.0,94.0,30.466866,549.067133,1430
2010-04-12 13:15:00,164.78,18.822333,87.0,87.0,28.449733,514.531533,1430
2010-04-12 13:30:00,200.246666,19.372866,82.0,82.0,31.381533,635.579466,1430
2010-04-12 13:45:00,233.073333,19.7554,103.0,103.0,34.021133,730.809533,1430
2010-04-12 14:00:00,240.16,20.3068,116.0,116.0,37.229266,769.572,1430
2010-04-12 14:15:00,209.373333,20.2006,121.0,121.0,33.159266,653.523866,1430
2010-04-12 14:30:00,228.013333,20.180666,105.0,105.0,32.934533,719.914666,1430
2010-04-12 14:45:00,242.746666,20.357666,112.0,112.0,34.0208,771.3775329999999,1430
2010-04-12 15:00:00,195.433333,20.407133,121.0,121.0,36.252933,587.9364,1430
2010-04-12 15:15:00,159.266666,20.481533,94.0,94.0,32.6278,505.1524,1430
2010-04-12 15:30:00,164.306666,20.435933,78.0,78.0,30.2012,529.413866,1430
2010-04-12 15:45:00,195.326666,20.351266,85.0,85.0,32.038066,621.3276,1430
2010-04-12 16:00:00,99.453333,19.3998,95.0,95.0,25.322,311.2488,1430
2010-04-12 16:15:00,53.28,19.257866,48.0,48.0,22.037933,180.012933,1430
2010-04-12 16:30:00,71.26,19.475466,27.0,27.0,22.566533,235.539733,1430
2010-04-12 16:45:00,165.66,19.9332,37.0,37.0,28.018933,517.928933,1430
2010-04-12 17:00:00,102.753333,19.734,83.0,83.0,27.474133,350.784333,1430
2010-04-12 17:15:00,54.626666,19.036133,48.0,48.0,20.652733,175.099866,1430
2010-04-12 17:30:00,96.78,19.032066,29.0,29.0,22.369466,279.886866,1430
2010-04-12 17:45:00,34.786666,18.437466,48.0,48.0,19.950733,106.659133,1430
2010-04-12 18:00:00,14.26,18.0012,15.0,15.0,16.008866,50.1608,1430
2010-04-12 18:15:00,19.566666,18.3386,7.0,7.0,16.5262,66.2384,1430
2010-04-12 18:30:00,16.8,18.120733,9.0,9.0,16.276066,57.281466,1430
2010-04-12 18:45:00,7.026666,17.844533,8.0,8.0,15.9432,27.867666,1430
2010-04-16 06:00:00,0.0,3.048466,0.0,0.0,3.112266,7.202133,1430
2010-04-16 06:15:00,0.0,3.0372,0.0,0.0,3.2644,19.180333,1430
2010-04-16 06:30:00,0.0,3.077866,-1.0,-1.0,3.612666,31.585733,1430
2010-04-16 06:45:00,0.0,3.107666,0.0,0.0,4.1516,41.4124,1430
2010-04-16 07:00:00,6.633333,2.993933,0.0,0.0,4.478133,52.8564,1430
2010-04-16 07:15:00,30.673333,2.9208,5.0,5.0,4.7976,116.765333,1430
2010-04-16 07:30:00,66.74,3.175066,18.0,18.0,7.513133,206.003666,1430
2010-04-16 07:45:00,57.38,3.394333,31.0,31.0,8.441065999999998,189.4328,1430
2010-04-16 08:00:00,78.486666,3.6516,28.0,28.0,9.7764,267.598466,1430
2010-04-16 08:15:00,108.58,3.9514,38.0,38.0,12.2802,405.436266,1430
2010-04-16 08:30:00,119.753333,4.4122,57.0,57.0,15.162466,373.733666,1430
2010-04-16 08:45:00,151.546666,4.2756,56.0,56.0,14.563466,521.418266,1430
2010-04-16 09:00:00,149.786666,4.626666,82.0,82.0,18.709066,451.395666,1430
2010-04-16 09:15:00,160.12,4.7274,66.0,66.0,18.542866,612.523466,1430
2010-04-16 09:30:00,97.673333,4.830933,78.0,78.0,16.1848,322.24,1430
2010-04-16 09:45:00,59.593333,4.9,49.0,49.0,11.876866,194.727666,1430
2010-04-16 10:00:00,57.933333,4.814133,28.0,28.0,10.0984,189.7736,1430
2010-04-16 10:15:00,65.486666,4.923066,29.0,29.0,10.6816,210.876266,1430
2010-04-16 10:30:00,78.933333,5.1968,32.0,32.0,11.309,255.162466,1430
2010-04-16 10:45:00,180.98,5.9358,42.0,42.0,16.742866,570.699133,1430
2010-04-16 11:00:00,193.22,6.355866,92.0,92.0,24.290533,594.477333,1430
2010-04-16 11:15:00,164.313333,6.9006,97.0,97.0,23.702533,509.4908,1430
2010-04-16 11:30:00,226.993333,7.681199999999999,82.0,82.0,25.043533,723.8617329999998,1430
2010-04-16 11:45:00,284.793333,7.712333,109.0,109.0,31.650466,933.4158,1430
2010-04-16 12:00:00,180.08,7.6548,141.0,141.0,26.986333,583.1706,1430
2010-04-16 12:15:00,244.513333,9.037466,90.0,90.0,30.275733,801.060933,1430
2010-04-16 12:30:00,223.7,8.751533,127.0,127.0,27.668066,720.5860659999998,1430
2010-04-16 12:45:00,102.446666,8.248599999999998,111.0,111.0,17.144533,316.289133,1430
2010-04-16 13:00:00,77.98,8.1974,50.0,50.0,13.9908,240.137733,1430
2010-04-16 13:15:00,75.42,8.225733,38.0,38.0,13.262,236.206,1430
2010-04-16 13:30:00,96.973333,8.311733,38.0,38.0,14.1642,303.126066,1430
2010-04-16 13:45:00,111.546666,8.843332999999998,48.0,48.0,15.9388,349.3398,1430
2010-04-16 14:00:00,133.486666,9.2606,56.0,56.0,18.230266,418.960533,1430
2010-04-16 14:15:00,186.213333,9.6302,70.0,70.0,22.054933,581.843133,1430
2010-04-16 14:30:00,162.78,9.610533,93.0,93.0,21.2348,513.580266,1430
2010-04-16 14:45:00,155.86,9.5392,82.0,82.0,21.254133,487.248733,1430
2010-04-16 15:00:00,138.666666,9.427733000000002,77.0,77.0,19.8748,439.519266,1430
2010-04-16 15:15:00,169.0,9.515933,70.0,70.0,20.3432,547.561666,1430
2010-04-16 15:30:00,143.246666,9.422666,85.0,85.0,19.8864,459.330333,1430
2010-04-16 15:45:00,115.52,9.448933,74.0,74.0,18.438066,349.858466,1430
2010-04-16 16:00:00,52.64,8.976,55.0,55.0,14.461133,167.4348,1430
2010-04-16 16:15:00,70.953333,9.008666,24.0,24.0,13.198666,233.9174,1430
2010-04-16 16:30:00,66.18,8.987066,37.0,37.0,13.397133,209.905,1430
2010-04-16 16:45:00,53.28,8.8682,31.0,31.0,12.472066,173.278733,1430
2010-04-16 17:00:00,37.88,8.912333,27.0,27.0,12.291133,124.0946,1430
2010-04-16 17:15:00,27.826666,8.726333,18.0,18.0,11.090866,93.027733,1430
2010-04-16 17:30:00,22.106666,8.516266,13.0,13.0,10.123333,76.50233299999998,1430
2010-04-16 17:45:00,19.266666,8.392799999999998,10.0,10.0,9.761666,66.915,1430
2010-04-16 18:00:00,12.34,8.355933,9.0,9.0,9.366466,45.2678,1430
2010-04-16 18:15:00,5.92,8.195933,6.0,6.0,8.7306,25.2584,1430
2010-04-16 18:30:00,2.593333,7.9568,2.0,2.0,8.332466,14.897733,1430
2010-04-16 18:45:00,1.8,7.880665999999999,1.0,1.0,8.217733,12.344533,1430
2010-04-17 06:00:00,0.0,3.654866,0.0,0.0,2.3762,9.857266,1430
2010-04-17 06:15:00,0.0,3.782266,0.0,0.0,2.620466,19.999133,1430
2010-04-17 06:30:00,0.0,4.003266,-1.0,-1.0,3.421933,39.1082,1430
2010-04-17 06:45:00,16.066666,4.2774,0.0,0.0,4.175133,64.295466,1430
2010-04-17 07:00:00,25.266666,4.432666,9.0,9.0,5.008733,85.372866,1430
2010-04-17 07:15:00,31.293333,4.441733,12.0,12.0,5.911333,105.021066,1430
2010-04-17 07:30:00,44.273333,4.466666,15.0,15.0,7.083,143.687,1430
2010-04-17 07:45:00,71.146666,4.731466,22.0,22.0,9.213533,228.241066,1430
2010-04-17 08:00:00,105.6,4.892533,36.0,36.0,11.882933,339.4318,1430
2010-04-17 08:15:00,107.1,4.993333,53.0,53.0,13.366666,335.815466,1430
2010-04-17 08:30:00,72.81999999999998,5.280333,51.0,51.0,12.579,240.4734,1430
2010-04-17 08:45:00,106.693333,5.4074,36.0,36.0,13.536,339.0096,1430
2010-04-17 09:00:00,130.693333,5.558733,53.0,53.0,15.436,417.307533,1430
2010-04-17 09:15:00,144.7,5.9534,66.0,66.0,17.813266,462.641533,1430
2010-04-17 09:30:00,120.813333,6.177,70.0,70.0,16.7216,390.034933,1430
2010-04-17 09:45:00,132.88,6.580933,60.0,60.0,16.709066,423.9756,1430
2010-04-17 10:00:00,120.813333,6.633266,66.0,66.0,16.885133,382.497133,1430
2010-04-17 10:15:00,89.45999999999998,6.678933,58.0,58.0,14.901666,284.1084,1430
2010-04-17 10:30:00,95.18,7.1404,44.0,44.0,15.186133,303.2938,1430
2010-04-17 10:45:00,98.373333,7.144933,48.0,48.0,15.6378,308.893666,1430
2010-04-17 11:00:00,101.926666,7.200133,48.0,48.0,14.824,319.519066,1430
2010-04-17 11:15:00,115.9,7.362266,51.0,51.0,16.0856,358.973266,1430
2010-04-17 11:30:00,137.626666,7.808,58.0,58.0,17.257933,423.0652,1430
2010-04-17 11:45:00,139.773333,7.828133,68.0,68.0,18.602333,425.226866,1430
2010-04-17 12:00:00,109.38,7.661066,68.0,68.0,16.666266,334.859133,1430
2010-04-17 12:15:00,68.626666,7.441665999999999,53.0,53.0,11.2228,203.5624,1430
2010-04-17 12:30:00,36.113333,6.368,32.0,32.0,8.0432,119.379733,1430
2010-04-17 12:45:00,74.04,6.2508,18.0,18.0,9.032800000000002,235.137933,1430
2010-04-17 13:00:00,99.413333,6.4598,38.0,38.0,9.678866,306.844066,1430
2010-04-17 13:15:00,126.373333,6.522133,50.0,50.0,11.036466,396.052,1430
2010-04-17 13:30:00,108.753333,6.773666,63.0,63.0,12.756866,349.589066,1430
2010-04-17 13:45:00,158.553333,7.110333,54.0,54.0,15.7122,508.896,1430
2010-04-17 14:00:00,148.206666,7.1932,81.0,81.0,17.992866,470.296133,1430
2010-04-17 14:15:00,107.226666,7.336133,70.0,70.0,15.571,348.765066,1430
2010-04-17 14:30:00,73.97333299999998,6.991066,53.0,53.0,12.0838,242.248533,1430
2010-04-17 14:45:00,126.44,7.187533,36.0,36.0,13.0256,393.447866,1430
2010-04-17 15:00:00,136.173333,7.556,63.0,63.0,14.873466,447.179133,1430
2010-04-17 15:15:00,118.506666,7.734466,66.0,66.0,15.062466,371.516,1430
2010-04-17 15:30:00,107.046666,7.873133,59.0,59.0,15.152266,370.122266,1430
2010-04-17 15:45:00,70.473333,7.608466,54.0,54.0,13.665666,231.582666,1430
2010-04-17 16:00:00,110.44,7.7834,36.0,36.0,15.469066,358.6324,1430
2010-04-17 16:15:00,236.506666,9.141266000000002,56.0,56.0,29.837466,825.6022,1430
2010-04-17 16:30:00,77.233333,8.3534,116.0,116.0,23.5364,239.2984,1430
2010-04-17 16:45:00,49.32,8.124133,32.0,32.0,15.359933,176.900333,1430
2010-04-17 17:00:00,49.76,8.333133,25.0,25.0,13.7982,165.685,1430
2010-04-17 17:15:00,55.486666,8.426066,24.0,24.0,12.855733,178.329466,1430
2010-04-17 17:30:00,49.92,8.2912,28.0,28.0,12.484333,157.755533,1430
2010-04-17 17:45:00,44.986666,8.357133,24.0,24.0,11.438533,142.018666,1430
2010-04-17 18:00:00,32.993333,8.238132999999998,23.0,23.0,10.8304,103.057866,1430
2010-04-17 18:15:00,7.766666,8.030466,15.0,15.0,9.4254,29.6122,1430
2010-04-17 18:30:00,2.6,7.868266,3.0,3.0,8.159599999999998,14.7298,1430
2010-04-17 18:45:00,0.6466659999999999,7.837399999999999,0.0,0.0,7.860333,9.546866,1430
2010-04-02 06:00:00,0.0,-2.2652,0.0,0.0,-5.061,5.5288,1430
2010-04-02 06:15:00,0.0,-2.529933,0.0,0.0,-6.411733,11.734,1430
2010-04-02 06:30:00,0.44,-2.125733,-1.0,-1.0,-5.327466,57.4036,1430
2010-04-02 06:45:00,20.473333,-2.059466,0.0,0.0,-4.069733,129.531866,1430
2010-04-02 07:00:00,48.893333,-1.7522,9.0,9.0,-1.8042,230.199266,1430
2010-04-02 07:15:00,86.78666599999998,-1.2386,26.0,26.0,1.556666,341.6646,1430
2010-04-02 07:30:00,127.04,-1.156666,45.0,45.0,4.950466,463.521466,1430
2010-04-02 07:45:00,166.56,-0.551266,66.0,66.0,8.747733,592.773533,1430
2010-04-02 08:00:00,197.586666,-0.140133,87.0,87.0,14.3842,685.877466,1430
2010-04-02 08:15:00,226.866666,0.366866,103.0,103.0,18.063866,789.7593329999999,1430
2010-04-02 08:30:00,264.753333,0.4518659999999999,119.0,119.0,21.9134,924.723333,1430
2010-04-02 08:45:00,282.293333,0.6554659999999999,139.0,139.0,21.879666,989.166266,1430
2010-04-02 09:00:00,297.56,1.241333,147.0,147.0,18.8644,1026.784266,1430
2010-04-02 09:15:00,310.866666,1.863466,156.0,156.0,19.1994,1060.017933,1430
2010-04-02 09:30:00,269.86,1.646533,156.0,156.0,18.712333,912.501,1430
2010-04-02 09:45:00,280.866666,1.981533,140.0,140.0,17.235533,942.871066,1430
2010-04-02 10:00:00,293.826666,2.601333,147.0,147.0,16.348133,983.016933,1430
2010-04-02 10:15:00,304.586666,2.8874,153.0,153.0,18.9402,1012.8784,1430
2010-04-02 10:30:00,307.773333,3.1738,159.0,159.0,22.022533,1011.6068,1430
2010-04-02 10:45:00,305.16,3.552533,156.0,156.0,21.6438,995.615666,1430
2010-04-02 11:00:00,300.773333,4.015866,158.0,158.0,21.043066,997.894266,1430
2010-04-02 11:15:00,300.906666,3.6838,150.0,150.0,17.279133,1003.621466,1430
2010-04-02 11:30:00,292.76,4.0556,158.0,158.0,19.417266,979.517533,1430
2010-04-02 11:45:00,321.406666,4.435266,149.0,149.0,22.183066,1081.242866,1430
2010-04-02 12:00:00,202.773333,3.935266,152.0,152.0,18.861266,660.644533,1430
2010-04-02 12:15:00,137.84,3.532,103.0,103.0,11.575133,411.631266,1430
2010-04-02 12:30:00,133.766666,3.234,67.0,67.0,9.144666,401.713066,1430
2010-04-02 12:45:00,146.613333,3.1548,67.0,67.0,9.9356,442.2658,1430
2010-04-02 13:00:00,160.546666,3.386,74.0,74.0,11.466666,484.476733,1430
2010-04-02 13:15:00,177.293333,3.484666,81.0,81.0,14.3658,540.267933,1430
2010-04-02 13:30:00,198.706666,3.867466,89.0,89.0,15.023333,603.612466,1430
2010-04-02 13:45:00,288.0,4.825,97.0,97.0,19.198333,884.7758659999998,1430
2010-04-02 14:00:00,243.48,4.297,144.0,144.0,16.592933,726.4047329999999,1430
2010-04-02 14:15:00,191.513333,4.16,118.0,118.0,14.247666,559.005733,1430
2010-04-02 14:30:00,227.826666,4.7524,91.0,91.0,19.0892,719.782533,1430
2010-04-02 14:45:00,276.766666,5.2668,122.0,122.0,25.478733,1047.404,1430
2010-04-02 15:00:00,183.773333,5.101466,139.0,139.0,20.341,618.835333,1430
2010-04-02 15:15:00,328.293333,5.6092,93.0,93.0,23.4918,1080.225666,1430
2010-04-02 15:30:00,332.926666,6.130133,166.0,166.0,27.517,1074.3,1430
2010-04-02 15:45:00,333.166666,5.935866,166.0,166.0,26.3788,1067.270933,1430
2010-04-02 16:00:00,332.98,5.963933,167.0,167.0,25.9344,1075.826066,1430
2010-04-02 16:15:00,324.706666,5.912533,164.0,164.0,26.5544,1004.597933,1430
2010-04-02 16:30:00,309.653333,5.3384,162.0,162.0,19.533066,936.019866,1430
2010-04-02 16:45:00,298.746666,5.048333,156.0,156.0,17.413066,897.247333,1430
2010-04-02 17:00:00,266.98,5.124933,149.0,149.0,16.918,792.790733,1430
2010-04-02 17:15:00,229.9,4.8798,133.0,133.0,14.509866,662.2416,1430
2010-04-02 17:30:00,188.086666,4.1782,113.0,113.0,10.962733,543.472133,1430
2010-04-02 17:45:00,139.9,3.7624,91.0,91.0,9.1494,410.2478,1430
2010-04-02 18:00:00,92.993333,3.6048,70.0,70.0,7.530266,274.408866,1430
2010-04-02 18:15:00,54.36,3.3156,46.0,46.0,4.647866,190.918,1430
2010-04-02 18:30:00,22.686666,2.8564,27.0,27.0,2.160733,92.275,1430
2010-04-02 18:45:00,5.3,2.259933,10.0,10.0,-0.1618,29.6478,1430
2010-04-21 06:00:00,0.0,3.6344,-1.0,-1.0,1.446266,19.617666,1430
2010-04-21 06:15:00,0.0,3.383,0.0,0.0,2.193866,36.448133,1430
2010-04-21 06:30:00,13.286666,3.6982,0.0,0.0,2.8664,56.040333,1430
2010-04-21 06:45:00,22.393333,3.8374,6.0,6.0,3.573466,74.956333,1430
2010-04-21 07:00:00,31.7,4.499533,11.0,11.0,4.268466,101.069066,1430
2010-04-21 07:15:00,47.386666,4.918,16.0,16.0,5.593,150.136266,1430
2010-04-21 07:30:00,68.78,5.471866,24.0,24.0,8.189133,210.5102,1430
2010-04-21 07:45:00,69.853333,5.720466,34.0,34.0,11.101,216.2324,1430
2010-04-21 08:00:00,62.98,5.9054,35.0,35.0,12.5444,197.3724,1430
2010-04-21 08:15:00,79.213333,5.970666,31.0,31.0,13.047466,255.376266,1430
2010-04-21 08:30:00,112.52,6.6244,42.0,42.0,17.236733,357.549,1430
2010-04-21 08:45:00,93.22,6.783266,59.0,59.0,17.5214,297.994133,1430
2010-04-21 09:00:00,96.22,6.7904,47.0,47.0,17.983,306.4678,1430
2010-04-21 09:15:00,88.06,6.839066,46.0,46.0,16.429866,276.728333,1430
2010-04-21 09:30:00,106.053333,7.1958,43.0,43.0,17.879933,337.626,1430
2010-04-21 09:45:00,107.113333,7.144,53.0,53.0,16.912666,332.046533,1430
2010-04-21 10:00:00,164.333333,7.4736,51.0,51.0,19.227866,540.1916,1430
2010-04-21 10:15:00,225.013333,8.115465999999998,78.0,78.0,27.063066,774.4088,1430
2010-04-21 10:30:00,226.386666,8.621532999999998,111.0,111.0,27.302066,690.216,1430
2010-04-21 10:45:00,242.753333,8.587333,106.0,106.0,27.039133,787.1196,1430
2010-04-21 11:00:00,265.4,9.008066,122.0,122.0,32.477533,833.104466,1430
2010-04-21 11:15:00,269.226666,9.821466,125.0,125.0,33.9152,934.7128,1430
2010-04-21 11:30:00,155.28,9.601533000000002,137.0,137.0,26.362933,471.2576,1430
2010-04-21 11:45:00,227.86,10.0302,74.0,74.0,24.2138,744.115266,1430
2010-04-21 12:00:00,251.933333,10.523133,122.0,122.0,29.935133,808.3393999999998,1430
2010-04-21 12:15:00,242.7,10.5762,119.0,119.0,28.174666,808.9904,1430
2010-04-21 12:30:00,255.906666,10.974666,121.0,121.0,30.4004,869.4052,1430
2010-04-21 12:45:00,239.413333,10.9906,133.0,133.0,28.052933,817.917066,1430
2010-04-21 13:00:00,280.933333,11.5012,136.0,136.0,31.508733,897.2931999999998,1430
2010-04-21 13:15:00,190.693333,11.1692,133.0,133.0,24.042733,626.500466,1430
2010-04-21 13:30:00,164.34,11.140266,93.0,93.0,22.507266,495.524066,1430
2010-04-21 13:45:00,154.553333,11.256333,80.0,80.0,21.943866,465.978133,1430
2010-04-21 14:00:00,120.76,10.9284,72.0,72.0,19.424133,377.5026,1430
2010-04-21 14:15:00,68.266666,10.648266,59.0,59.0,14.801333,209.355666,1430
2010-04-21 14:30:00,64.513333,10.5394,33.0,33.0,14.639333,213.160266,1430
2010-04-21 14:45:00,90.073333,10.902866,33.0,33.0,16.301866,279.383266,1430
2010-04-21 15:00:00,86.266666,10.876066,44.0,44.0,16.957533,291.600533,1430
2010-04-21 15:15:00,57.113333,10.409266,44.0,44.0,15.438933,189.326066,1430
2010-04-21 15:30:00,32.326666,10.310066,28.0,28.0,13.175866,112.492933,1430
2010-04-21 15:45:00,40.166666,10.273266,16.0,16.0,12.855133,135.559,1430
2010-04-21 16:00:00,44.813333,10.551133,20.0,20.0,13.751533,144.2414,1430
2010-04-21 16:15:00,44.406666,10.523533,21.0,21.0,13.728066,155.5074,1430
2010-04-21 16:30:00,56.733333,10.6968,25.0,25.0,15.164066,181.956,1430
2010-04-21 16:45:00,31.333333,10.395,26.0,26.0,12.5426,106.9082,1430
2010-04-21 17:00:00,44.753333,10.218266,16.0,16.0,11.3538,152.786333,1430
2010-04-21 17:15:00,44.1,10.309333,23.0,23.0,13.098,132.944733,1430
2010-04-21 17:30:00,19.686666,10.0224,18.0,18.0,11.895466,67.230266,1430
2010-04-21 17:45:00,11.093333,9.889466,9.0,9.0,10.9952,41.269866,1430
2010-04-21 18:00:00,9.313333,9.9676,5.0,5.0,10.634933,36.549933,1430
2010-04-21 18:15:00,5.726666,10.0586,4.0,4.0,10.425333,24.9482,1430
2010-04-21 18:30:00,3.886666,9.990066,2.0,2.0,10.164266,18.575066,1430
2010-04-21 18:45:00,2.966666,9.919666,2.0,2.0,9.999933,15.802933,1430
2010-04-24 06:00:00,0.0,2.6256,0.0,0.0,1.831266,7.802266,1430
2010-04-24 06:15:00,0.0,2.771266,-1.0,-1.0,2.2448,14.892533,1430
2010-04-24 06:30:00,0.0,2.806733,0.0,0.0,2.689066,26.021333,1430
2010-04-24 06:45:00,0.0,2.782733,0.0,0.0,2.886066,36.417666,1430
2010-04-24 07:00:00,10.76,3.227733,0.0,0.0,3.429333,58.308933,1430
2010-04-24 07:15:00,13.066666,3.2202,5.0,5.0,3.550933,47.8006,1430
2010-04-24 07:30:00,10.573333,3.286933,6.0,6.0,3.580266,40.354466,1430
2010-04-24 07:45:00,14.013333,3.512933,5.0,5.0,3.85,50.928666,1430
2010-04-24 08:00:00,17.846666,3.373666,6.0,6.0,4.021133,61.793133,1430
2010-04-24 08:15:00,17.8,3.3084,9.0,9.0,4.148666,59.748333,1430
2010-04-24 08:30:00,9.28,3.2556,8.0,8.0,3.609533,36.432933,1430
2010-04-24 08:45:00,10.96,2.674066,4.0,4.0,3.126533,41.803933,1430
2010-04-24 09:00:00,15.566666,2.475333,5.0,5.0,3.072666,56.081133,1430
2010-04-24 09:15:00,17.173333,2.455466,7.0,7.0,3.112333,60.785733,1430
2010-04-24 09:30:00,29.54,2.548933,8.0,8.0,3.5036,98.4088,1430
2010-04-24 09:45:00,46.526666,2.606066,15.0,15.0,4.24,146.219866,1430
2010-04-24 10:00:00,54.246666,2.580133,22.0,22.0,4.279133,168.345133,1430
2010-04-24 10:15:00,73.22,2.632133,27.0,27.0,4.484733,220.550666,1430
2010-04-24 10:30:00,97.973333,2.8714,37.0,37.0,5.498266,287.297533,1430
2010-04-24 10:45:00,120.993333,3.022733,49.0,49.0,6.383733,356.4504,1430
2010-04-24 11:00:00,186.133333,3.789133,61.0,61.0,9.211266,545.4864,1430
2010-04-24 11:15:00,198.786666,4.6384,95.0,95.0,12.644133,580.4798,1430
2010-04-24 11:30:00,214.293333,5.053266,96.0,96.0,13.678266,637.822466,1430
2010-04-24 11:45:00,271.153333,6.245666,108.0,108.0,19.729933,818.191666,1430
2010-04-24 12:00:00,262.493333,6.795333,135.0,135.0,20.184466,797.0988,1430
2010-04-24 12:15:00,269.186666,7.442999999999999,132.0,132.0,23.990266,823.496533,1430
2010-04-24 12:30:00,319.213333,6.553333,136.0,136.0,25.5172,1079.086533,1430
2010-04-24 12:45:00,318.746666,6.5214,158.0,158.0,27.704933,990.7124,1430
2010-04-24 13:00:00,308.046666,6.979133,152.0,152.0,26.417333,958.999733,1430
2010-04-24 13:15:00,306.373333,7.833666,153.0,153.0,30.729533,960.566133,1430
2010-04-24 13:30:00,306.953333,8.018133,154.0,154.0,27.507,956.639533,1430
2010-04-24 13:45:00,301.28,8.398799999999998,155.0,155.0,28.206333,950.4648,1430
2010-04-24 14:00:00,312.213333,9.191533,154.0,154.0,31.7982,977.2594,1430
2010-04-24 14:15:00,284.133333,9.956600000000002,154.0,154.0,31.692533,898.6257329999999,1430
2010-04-24 14:30:00,332.56,9.962,143.0,143.0,31.132533,1100.4994,1430
2010-04-24 14:45:00,329.026666,9.758533000000002,166.0,166.0,27.507933,1113.932333,1430
2010-04-24 15:00:00,318.846666,9.883,163.0,163.0,27.083533,1049.753733,1430
2010-04-24 15:15:00,326.813333,10.093666,161.0,161.0,31.6482,1092.152933,1430
2010-04-24 15:30:00,293.693333,10.2302,162.0,162.0,28.680533,1003.392533,1430
2010-04-24 15:45:00,324.613333,10.259,152.0,152.0,30.562933,1039.230266,1430
2010-04-24 16:00:00,305.806666,10.095733,162.0,162.0,32.978066,983.322133,1430
2010-04-24 16:15:00,296.513333,10.271733,154.0,154.0,34.728866,953.221666,1430
2010-04-24 16:30:00,286.493333,10.0618,149.0,149.0,30.898866,907.887666,1430
2010-04-24 16:45:00,262.76,9.966933,144.0,144.0,28.543533,814.6566,1430
2010-04-24 17:00:00,212.253333,10.0336,129.0,129.0,26.687,650.355,1430
2010-04-24 17:15:00,200.98,9.909466,105.0,105.0,23.1796,616.216133,1430
2010-04-24 17:30:00,153.706666,9.9318,103.0,103.0,22.361133,450.144333,1430
2010-04-24 17:45:00,109.773333,9.763533,75.0,75.0,17.9822,336.537666,1430
2010-04-24 18:00:00,147.846666,10.341466,58.0,58.0,20.180266,433.0444,1430
2010-04-24 18:15:00,103.626666,10.261333,73.0,73.0,18.634266,315.704333,1430
2010-04-24 18:30:00,65.346666,9.932733,51.0,51.0,14.705866,208.6996,1430
2010-04-24 18:45:00,31.113333,9.703733,32.0,32.0,9.952133000000002,118.459066,1430
2010-04-27 06:00:00,0.0,0.480466,0.0,0.0,-3.142,58.385133,1430
2010-04-27 06:15:00,0.0,0.585866,0.0,0.0,-0.7639329999999999,134.765666,1430
2010-04-27 06:30:00,0.0,1.195266,6.0,6.0,2.460866,236.099266,1430
2010-04-27 06:45:00,41.38,1.888266,11.0,11.0,7.848733,344.787733,1430
2010-04-27 07:00:00,139.693333,2.488733,30.0,30.0,11.9024,454.142266,1430
2010-04-27 07:15:00,179.386666,3.442266,60.0,60.0,17.292333,567.8914,1430
2010-04-27 07:30:00,217.66,4.381333,77.0,77.0,22.458,688.975,1430
2010-04-27 07:45:00,254.113333,4.8246,94.0,94.0,26.7748,807.779933,1430
2010-04-27 08:00:00,287.46,5.068333,110.0,110.0,31.970866,919.098066,1430
2010-04-27 08:15:00,300.52,5.653466,122.0,122.0,35.008666,964.543733,1430
2010-04-27 08:30:00,307.753333,6.1272,130.0,130.0,36.9878,993.067466,1430
2010-04-27 08:45:00,304.546666,6.2164,133.0,133.0,37.7466,989.5172,1430
2010-04-27 09:00:00,313.106666,7.072266,131.0,131.0,39.450333,1009.709666,1430
2010-04-27 09:15:00,320.14,7.806866,136.0,136.0,39.486,1044.9726,1430
2010-04-27 09:30:00,322.26,8.258533,138.0,138.0,39.697733,1039.560733,1430
2010-04-27 09:45:00,319.573333,8.7584,140.0,140.0,40.7766,1024.8922,1430
2010-04-27 10:00:00,316.006666,9.2344,139.0,139.0,39.2944,1018.351266,1430
2010-04-27 10:15:00,316.666666,9.292066,140.0,140.0,38.046,1016.138666,1430
2010-04-27 10:30:00,313.753333,9.776133,141.0,141.0,36.415466,1003.636666,1430
2010-04-27 10:45:00,314.753333,10.174066,142.0,142.0,37.715466,1010.421666,1430
2010-04-27 11:00:00,315.246666,10.959666,142.0,142.0,38.779466,1008.077,1430
2010-04-27 11:15:00,316.053333,11.4326,145.0,145.0,36.871,1003.061866,1430
2010-04-27 11:30:00,315.666666,11.760533,147.0,147.0,36.770733,1002.782133,1430
2010-04-27 11:45:00,315.48,12.494933,147.0,147.0,37.105466,1005.142133,1430
2010-04-27 12:00:00,299.246666,13.0248,151.0,151.0,37.485133,959.0912,1430
2010-04-27 12:15:00,304.513333,13.237,142.0,142.0,39.111733,954.142133,1430
2010-04-27 12:30:00,307.746666,13.807066,145.0,145.0,37.771533,966.827266,1430
2010-04-27 12:45:00,310.813333,14.302,149.0,149.0,36.6272,968.877333,1430
2010-04-27 13:00:00,310.293333,14.586266,151.0,151.0,37.533133,968.139733,1430
2010-04-27 13:15:00,310.74,15.128333,152.0,152.0,37.826333,970.504866,1430
2010-04-27 13:30:00,312.06,15.352266,153.0,153.0,38.7722,979.166733,1430
2010-04-27 13:45:00,316.133333,15.914,152.0,152.0,39.871,998.021466,1430
2010-04-27 14:00:00,273.153333,15.897866,157.0,157.0,35.849333,845.830333,1430
2010-04-27 14:15:00,318.873333,16.5768,136.0,136.0,38.119066,1005.213466,1430
2010-04-27 14:30:00,309.646666,17.024066,158.0,158.0,38.8138,973.638,1430
2010-04-27 14:45:00,320.986666,16.8338,154.0,154.0,37.490733,1013.910866,1430
2010-04-27 15:00:00,320.186666,16.6766,159.0,159.0,36.631533,1010.986333,1430
2010-04-27 15:15:00,321.046666,17.1398,160.0,160.0,38.7628,1030.746533,1430
2010-04-27 15:30:00,272.793333,16.8564,161.0,161.0,35.9936,849.253333,1430
2010-04-27 15:45:00,276.186666,16.6734,131.0,131.0,33.909866,916.9516,1430
2010-04-27 16:00:00,303.306666,16.601933,140.0,140.0,33.835666,974.349933,1430
2010-04-27 16:15:00,206.586666,16.0784,150.0,150.0,29.525733,654.169666,1430
2010-04-27 16:30:00,266.633333,16.2376,102.0,102.0,31.2044,851.303266,1430
2010-04-27 16:45:00,209.44,16.222733,134.0,134.0,30.359933,655.9652,1430
2010-04-27 17:00:00,61.933333,15.5178,100.0,100.0,20.9952,206.659933,1430
2010-04-27 17:15:00,101.373333,15.117733,30.0,30.0,18.7356,329.421866,1430
2010-04-27 17:30:00,169.82,15.403666,54.0,54.0,23.523933,503.972333,1430
2010-04-27 17:45:00,123.886666,15.0988,84.0,84.0,22.4424,360.224466,1430
2010-04-27 18:00:00,80.79999999999998,14.908666,58.0,58.0,18.742066,242.584333,1430
2010-04-27 18:15:00,66.866666,14.680466,40.0,40.0,17.264,197.102866,1430
2010-04-27 18:30:00,36.533333,14.448933,30.0,30.0,14.853733,116.266933,1430
2010-04-27 18:45:00,25.606666,14.4212,18.0,18.0,13.056133,85.550933,1430
2010-04-29 06:00:00,0.0,-0.979466,0.0,0.0,-0.729133,6.9478,1430
2010-04-29 06:15:00,0.0,-1.117533,0.0,0.0,-0.767533,11.815333,1430
2010-04-29 06:30:00,0.0,-1.289533,-1.0,-1.0,-0.779,14.572066,1430
2010-04-29 06:45:00,0.0,-1.330666,0.0,0.0,-0.7796659999999999,29.602066,1430
2010-04-29 07:00:00,0.0,-1.318466,0.0,0.0,-0.7271999999999998,63.7868,1430
2010-04-29 07:15:00,0.0,-1.296466,0.0,0.0,-0.696466,58.8328,1430
2010-04-29 07:30:00,0.0,-1.327133,-1.0,-1.0,-0.738133,32.6996,1430
2010-04-29 07:45:00,0.0,-1.171533,0.0,0.0,-0.646866,68.089866,1430
2010-04-29 08:00:00,0.0,-1.217066,0.0,0.0,-0.6608,52.225666,1430
2010-04-29 08:15:00,0.0,-1.115333,-1.0,-1.0,-0.164333,72.311333,1430
2010-04-29 08:30:00,10.613333,-0.7824659999999999,0.0,0.0,11.735533,530.9754,1430
2010-04-29 08:45:00,22.466666,-0.747866,5.0,5.0,11.292266,270.360333,1430
2010-04-29 09:00:00,22.526666,-1.033,10.0,10.0,6.036,155.726066,1430
2010-04-29 09:15:00,11.14,-0.976266,9.0,9.0,3.399533,71.243333,1430
2010-04-29 09:30:00,17.733333,-0.927866,4.0,4.0,1.9494,93.134666,1430
2010-04-29 09:45:00,29.28,-0.8055999999999999,7.0,7.0,2.026533,132.807466,1430
2010-04-29 10:00:00,34.08,-0.5690659999999998,13.0,13.0,2.8336,142.522266,1430
2010-04-29 10:15:00,39.7,-0.3105999999999999,14.0,14.0,3.141333,157.262266,1430
2010-04-29 10:30:00,48.82,-0.063866,18.0,18.0,4.6072,185.770666,1430
2010-04-29 10:45:00,123.54,0.7321999999999999,24.0,24.0,11.3782,432.449333,1430
2010-04-29 11:00:00,180.62,1.000866,59.0,59.0,16.463466,639.144933,1430
2010-04-29 11:15:00,184.626666,1.8996,91.0,91.0,21.8546,610.6822,1430
2010-04-29 11:30:00,129.366666,1.845266,86.0,86.0,15.971466,414.967866,1430
2010-04-29 11:45:00,137.466666,2.071,62.0,62.0,14.3874,437.4542,1430
2010-04-29 12:00:00,119.913333,2.2562,67.0,67.0,13.1586,376.775266,1430
2010-04-29 12:15:00,121.846666,2.458533,57.0,57.0,10.488066,377.1108,1430
2010-04-29 12:30:00,169.44,3.138,60.0,60.0,13.667133,524.3378,1430
2010-04-29 12:45:00,175.873333,3.63,85.0,85.0,17.946066,533.518533,1430
2010-04-29 13:00:00,223.926666,4.156066,84.0,84.0,21.438533,699.208466,1430
2010-04-29 13:15:00,197.78,4.426733,110.0,110.0,23.695533,604.4616,1430
2010-04-29 13:30:00,140.54,4.275666,94.0,94.0,20.2872,437.8714,1430
2010-04-29 13:45:00,108.033333,4.311733,67.0,67.0,14.5272,342.519266,1430
2010-04-29 14:00:00,80.64666599999998,4.450666,53.0,53.0,12.719933,252.359866,1430
2010-04-29 14:15:00,31.5,4.4394,38.0,38.0,8.365133,105.651733,1430
2010-04-29 14:30:00,34.0,4.431,14.0,14.0,6.3174,115.478533,1430
2010-04-29 14:45:00,57.08,3.802333,17.0,17.0,7.0688,188.034066,1430
2010-04-29 15:00:00,44.593333,2.386333,28.0,28.0,4.448533,148.6512,1430
2010-04-29 15:15:00,72.753333,3.915333,22.0,22.0,6.843866,235.758533,1430
2010-04-29 15:30:00,48.88,4.527733,35.0,35.0,7.7552,168.6046,1430
2010-04-29 15:45:00,88.873333,4.9404,25.0,25.0,9.614466,295.862866,1430
2010-04-29 16:00:00,169.846666,5.630266,44.0,44.0,15.394866,562.673,1430
2010-04-29 16:15:00,142.42,5.8432,91.0,91.0,15.923,472.173066,1430
2010-04-29 16:30:00,278.746666,5.839866,69.0,69.0,17.484333,954.350733,1430
2010-04-29 16:45:00,327.826666,5.901866,149.0,149.0,20.080466,1070.709333,1430
2010-04-29 17:00:00,275.893333,5.972933,163.0,163.0,19.712,864.054266,1430
2010-04-29 17:15:00,86.41333299999998,4.797266,131.0,131.0,10.458,271.301133,1430
2010-04-29 17:30:00,155.293333,4.942333,40.0,40.0,10.564266,478.119,1430
2010-04-29 17:45:00,157.726666,4.877666,79.0,79.0,10.832333,478.724333,1430
2010-04-29 18:00:00,199.88,5.175933,81.0,81.0,13.404866,597.803733,1430
2010-04-29 18:15:00,147.06,4.8792,97.0,97.0,10.862933,445.378666,1430
2010-04-29 18:30:00,100.006666,4.501666,70.0,70.0,8.148533,315.455133,1430
2010-04-29 18:45:00,52.1,4.308066,47.0,47.0,5.580266,182.612066,1430
2010-04-03 06:00:00,0.0,0.8817329999999999,0.0,0.0,-5.387733,5.3254,1430
2010-04-03 06:15:00,0.0,1.0844,0.0,0.0,-5.031333,9.724933,1430
2010-04-03 06:30:00,0.0,1.650466,-1.0,-1.0,-3.511933,31.443266,1430
2010-04-03 06:45:00,4.513333,1.216533,0.0,0.0,-2.165733,47.841466,1430
2010-04-03 07:00:00,16.06,1.693666,2.0,2.0,-1.1664,70.424533,1430
2010-04-03 07:15:00,64.966666,2.672533,9.0,9.0,2.826466,262.766533,1430
2010-04-03 07:30:00,108.04,3.6408,35.0,35.0,8.143133,399.861666,1430
2010-04-03 07:45:00,149.913333,5.057266,56.0,56.0,13.0294,538.3096,1430
2010-04-03 08:00:00,189.953333,5.8942,79.0,79.0,16.5072,665.212,1430
2010-04-03 08:15:00,225.633333,6.485533,99.0,99.0,19.232066,789.347466,1430
2010-04-03 08:30:00,259.34,6.677666,118.0,118.0,20.540333,905.639666,1430
2010-04-03 08:45:00,275.133333,7.011133,134.0,134.0,21.5248,960.388133,1430
2010-04-03 09:00:00,284.466666,6.9592,144.0,144.0,19.1478,983.718866,1430
2010-04-03 09:15:00,294.253333,6.702666,149.0,149.0,17.109466,1005.254066,1430
2010-04-03 09:30:00,297.433333,7.0354,154.0,154.0,18.477666,1013.259933,1430
2010-04-03 09:45:00,299.26,7.217066,153.0,153.0,18.7666,1013.488933,1430
2010-04-03 10:00:00,299.56,7.836732999999999,156.0,156.0,18.837466,1004.587866,1430
2010-04-03 10:15:00,298.92,8.2766,156.0,156.0,20.1622,995.005266,1430
2010-04-03 10:30:00,298.74,8.7178,155.0,155.0,20.738066,987.2182,1430
2010-04-03 10:45:00,295.733333,8.968866,155.0,155.0,21.265066,963.206,1430
2010-04-03 11:00:00,292.366666,8.610333,152.0,152.0,20.668733,933.6548,1430
2010-04-03 11:15:00,287.7,8.986532999999998,146.0,146.0,21.137266,910.527466,1430
2010-04-03 11:30:00,272.246666,9.189066,146.0,146.0,20.8116,859.237733,1430
2010-04-03 11:45:00,279.44,9.174,138.0,138.0,22.473733,939.9922,1430
2010-04-03 12:00:00,287.34,9.5392,145.0,145.0,22.1668,908.254066,1430
2010-04-03 12:15:00,268.58,9.6176,145.0,145.0,21.9256,748.6724,1430
2010-04-03 12:30:00,269.02,9.395133,123.0,123.0,20.208066,812.210133,1430
2010-04-03 12:45:00,197.32,8.731533,131.0,131.0,17.735466,613.016733,1430
2010-04-03 13:00:00,263.506666,9.143533,104.0,104.0,23.6248,783.533666,1430
2010-04-03 13:15:00,202.54,8.970866,127.0,127.0,19.5756,602.971333,1430
2010-04-03 13:30:00,180.02,9.109066,96.0,96.0,18.231666,584.732066,1430
2010-04-03 13:45:00,242.073333,9.555466,90.0,90.0,22.2636,771.9828659999998,1430
2010-04-03 14:00:00,260.14,10.015733,124.0,124.0,26.306266,785.954733,1430
2010-04-03 14:15:00,286.613333,10.103066,131.0,131.0,24.659866,845.9982,1430
2010-04-03 14:30:00,210.726666,9.9722,137.0,137.0,24.156866,635.620133,1430
2010-04-03 14:45:00,268.846666,10.300933,96.0,96.0,25.921666,881.5155999999998,1430
2010-04-03 15:00:00,259.273333,10.1772,145.0,145.0,27.152466,809.9314,1430
2010-04-03 15:15:00,257.746666,9.751266,125.0,125.0,22.1364,797.0022,1430
2010-04-03 15:30:00,315.446666,9.967733,129.0,129.0,25.158533,987.665866,1430
2010-04-03 15:45:00,313.746666,10.542666,158.0,158.0,30.069666,994.2982,1430
2010-04-03 16:00:00,251.06,10.437666,157.0,157.0,27.1718,790.3493999999998,1430
2010-04-03 16:15:00,227.073333,9.9168,129.0,129.0,22.8924,729.7974,1430
2010-04-03 16:30:00,284.286666,10.165,118.0,118.0,25.559866,902.374333,1430
2010-04-03 16:45:00,258.28,9.747866,142.0,142.0,23.580133,792.419466,1430
2010-04-03 17:00:00,250.953333,8.994333,128.0,128.0,20.958933,766.362533,1430
2010-04-03 17:15:00,216.66,8.306599999999998,126.0,126.0,17.139666,637.1562,1430
2010-04-03 17:30:00,179.453333,8.046466,107.0,107.0,14.275866,518.585066,1430
2010-04-03 17:45:00,131.166666,7.657533,87.0,87.0,12.3142,388.3972,1430
2010-04-03 18:00:00,88.673333,7.3408,65.0,65.0,10.765466,263.682066,1430
2010-04-03 18:15:00,45.44,6.857333,44.0,44.0,7.864866,152.409866,1430
2010-04-03 18:30:00,10.006666,6.213333,21.0,21.0,4.9824,37.969,1430
2010-04-03 18:45:00,2.64,5.701133,4.0,4.0,3.4028,14.592466,1430
2010-04-30 06:00:00,0.0,-0.2063329999999999,-1.0,-1.0,-1.977933,26.5808,1430
2010-04-30 06:15:00,9.586666,-0.779266,0.0,0.0,-2.0232,48.497666,1430
2010-04-30 06:30:00,30.926666,-0.2255999999999999,4.0,4.0,-0.95,120.386666,1430
2010-04-30 06:45:00,61.673333,0.476266,15.0,15.0,1.842266,214.467466,1430
2010-04-30 07:00:00,90.206666,1.596933,28.0,28.0,4.962666,297.994,1430
2010-04-30 07:15:00,109.2,1.996533,40.0,40.0,7.0552,356.3792,1430
2010-04-30 07:30:00,209.82,2.807133,49.0,49.0,12.3678,698.267733,1430
2010-04-30 07:45:00,275.46,3.4458,96.0,96.0,19.310733,886.1541999999998,1430
2010-04-30 08:00:00,300.873333,4.062,120.0,120.0,23.621933,979.410866,1430
2010-04-30 08:15:00,311.006666,4.6612,130.0,130.0,24.233466,1013.560066,1430
2010-04-30 08:30:00,301.366666,4.974666,136.0,136.0,22.133466,971.7050660000002,1430
2010-04-30 08:45:00,276.68,4.848533,131.0,131.0,18.6042,878.829933,1430
2010-04-30 09:00:00,304.226666,5.277533,120.0,120.0,23.427133,948.3644,1430
2010-04-30 09:15:00,311.246666,5.585133,130.0,130.0,21.231266,1000.5596,1430
2010-04-30 09:30:00,280.226666,5.798933,139.0,139.0,20.2156,888.7328659999998,1430
2010-04-30 09:45:00,162.24,5.318266,122.0,122.0,14.038466,505.7424,1430
2010-04-30 10:00:00,160.54,5.673333,76.0,76.0,15.433333,497.9096,1430
2010-04-30 10:15:00,155.64,5.472466,73.0,73.0,15.207066,496.0174,1430
2010-04-30 10:30:00,152.306666,5.4194,77.0,77.0,12.659066,472.345933,1430
2010-04-30 10:45:00,166.26,5.467733,74.0,74.0,12.437266,512.680066,1430
2010-04-30 11:00:00,161.046666,5.510866,80.0,80.0,12.109466,493.789666,1430
2010-04-30 11:15:00,152.7,5.632733,77.0,77.0,12.6734,473.093866,1430
2010-04-30 11:30:00,189.653333,5.7776,75.0,75.0,15.4514,588.1704,1430
2010-04-30 11:45:00,197.026666,6.278133,92.0,92.0,16.1548,601.206266,1430
2010-04-30 12:00:00,197.34,6.4944,94.0,94.0,15.141266,617.228333,1430
2010-04-30 12:15:00,244.4,6.433066,97.0,97.0,17.5926,759.877466,1430
2010-04-30 12:30:00,260.186666,6.969533,122.0,122.0,22.8176,789.4134,1430
2010-04-30 12:45:00,216.44,7.1074,126.0,126.0,19.131333,668.8486,1430
2010-04-30 13:00:00,143.226666,6.915466,101.0,101.0,15.562466,446.2484,1430
2010-04-30 13:15:00,180.373333,7.332133,71.0,71.0,14.941733,585.612133,1430
2010-04-30 13:30:00,112.573333,6.211066,91.0,91.0,14.440066,344.813133,1430
2010-04-30 13:45:00,92.22,5.3546,55.0,55.0,9.636266,269.251466,1430
2010-04-30 14:00:00,36.5,4.06,39.0,39.0,5.7106,125.895133,1430
2010-04-30 14:15:00,211.646666,5.118,22.0,22.0,14.0666,704.437333,1430
2010-04-30 14:30:00,143.653333,5.194533,107.0,107.0,12.204733,452.886,1430
2010-04-30 14:45:00,161.026666,5.402933,75.0,75.0,13.757933,470.2708,1430
2010-04-30 15:00:00,80.84,5.365,76.0,76.0,10.338333,263.254933,1430
2010-04-30 15:15:00,54.573333,5.1866,37.0,37.0,8.023932999999998,184.8296,1430
2010-04-30 15:30:00,38.326666,4.9504,27.0,27.0,7.224065999999999,136.266066,1430
2010-04-30 15:45:00,76.23999999999998,4.726666,19.0,19.0,7.5004,249.8932,1430
2010-04-30 16:00:00,64.333333,4.746133,37.0,37.0,7.980866,218.7042,1430
2010-04-30 16:15:00,69.093333,4.8188,32.0,32.0,7.943533,220.871066,1430
2010-04-30 16:30:00,45.126666,4.699,33.0,33.0,7.542265999999999,152.394733,1430
2010-04-30 16:45:00,23.16,4.467333,21.0,21.0,5.8964,87.483733,1430
2010-04-30 17:00:00,20.266666,4.3006,11.0,11.0,5.1174,81.2938,1430
2010-04-30 17:15:00,43.893333,4.5468,10.0,10.0,6.124666,148.768266,1430
2010-04-30 17:30:00,42.726666,4.8212,22.0,22.0,7.116866,137.858,1430
2010-04-30 17:45:00,27.566666,5.003666,20.0,20.0,6.354533,91.1052,1430
2010-04-30 18:00:00,13.673333,4.670533,13.0,13.0,3.665066,50.9542,1430
2010-04-30 18:15:00,20.493333,4.464733,6.0,6.0,2.626466,69.610533,1430
2010-04-30 18:30:00,45.16,4.489333,10.0,10.0,3.249266,157.0282,1430
2010-04-30 18:45:00,47.486666,4.4598,24.0,24.0,5.4074,164.454066,1430
2010-04-06 06:00:00,0.0,2.593333,0.0,0.0,1.9434,4.491133,1430
2010-04-06 06:15:00,0.0,2.586066,0.0,0.0,2.0416,6.6224,1430
2010-04-06 06:30:00,0.0,2.439866,-1.0,-1.0,1.632,10.269133,1430
2010-04-06 06:45:00,0.0,2.218,0.0,0.0,0.5488,21.255533,1430
2010-04-06 07:00:00,0.0,2.175,0.0,0.0,0.2676,32.419866,1430
2010-04-06 07:15:00,0.0,1.751866,1.0,1.0,0.195533,35.8124,1430
2010-04-06 07:30:00,18.146666,1.912533,2.0,2.0,1.7338,73.4354,1430
2010-04-06 07:45:00,28.073333,2.025933,9.0,9.0,2.520933,95.723533,1430
2010-04-06 08:00:00,40.866666,2.1176,14.0,14.0,3.013466,138.2904,1430
2010-04-06 08:15:00,125.853333,2.540866,20.0,20.0,5.186666,436.8134,1430
2010-04-06 08:30:00,305.44,3.510266,70.0,70.0,14.2872,972.381466,1430
2010-04-06 08:45:00,310.313333,3.909466,152.0,152.0,16.2578,985.2192,1430
2010-04-06 09:00:00,316.886666,4.008933,154.0,154.0,16.858266,1005.666,1430
2010-04-06 09:15:00,322.14,4.189466,155.0,155.0,16.742733,1024.4852,1430
2010-04-06 09:30:00,326.4,4.0944,161.0,161.0,14.650333,1031.885866,1430
2010-04-06 09:45:00,327.186666,4.369533,163.0,163.0,16.9064,1034.9732,1430
2010-04-06 10:00:00,326.606666,4.581866,163.0,163.0,18.208466,1035.497,1430
2010-04-06 10:15:00,328.62,4.794866,163.0,163.0,19.111,1046.035866,1430
2010-04-06 10:30:00,326.873333,5.182266,134.0,134.0,18.808533,1039.449066,1430
2010-04-06 10:45:00,328.9,5.243533,84.0,84.0,17.935533,1038.818266,1430
2010-04-06 11:00:00,324.753333,5.232133,165.0,165.0,20.9988,1050.776133,1430
2010-04-06 11:15:00,191.68,4.3838,156.0,156.0,14.1718,588.877333,1430
2010-04-06 11:30:00,148.28,2.5942,92.0,92.0,7.546266,469.3756,1430
2010-04-06 11:45:00,204.56,3.314666,80.0,80.0,10.191533,618.921933,1430
2010-04-06 12:00:00,171.923076,3.607466,98.0,98.0,9.748666,526.997866,1430
2010-04-06 12:15:00,195.006666,3.558,75.0,75.0,11.8888,580.734333,1430
2010-04-06 12:30:00,76.533333,3.486933,48.0,48.0,10.394,505.9714,1430
2010-04-06 12:45:00,202.066666,4.1578,58.0,58.0,12.110733,618.3826,1430
2010-04-06 13:00:00,241.473333,3.9864,107.0,107.0,12.3304,778.106666,1430
2010-04-06 13:15:00,327.346666,4.868333,125.0,125.0,16.711266,1044.3826,1430
2010-04-06 13:30:00,325.153333,4.8878,161.0,161.0,19.241,1013.107333,1430
2010-04-06 13:45:00,280.573333,4.220666,158.0,158.0,15.891333,865.9566,1430
2010-04-06 14:00:00,331.166666,4.547466,140.0,140.0,16.663533,1072.413133,1430
2010-04-06 14:15:00,330.28,4.7776,165.0,165.0,19.4586,1081.385266,1430
2010-04-06 14:30:00,312.733333,4.383733,166.0,166.0,18.204066,1058.797133,1430
2010-04-06 14:45:00,192.053333,2.7438,149.0,149.0,10.866533,608.2102,1430
2010-04-06 15:00:00,162.526666,2.898533,93.0,93.0,9.356266,505.9662,1430
2010-04-06 15:15:00,171.213333,3.2018,83.0,83.0,10.315066,529.001933,1430
2010-04-06 15:30:00,159.58,3.093266,84.0,84.0,10.280133,495.737666,1430
2010-04-06 15:45:00,147.34,2.224133,79.0,79.0,7.819133,461.9598,1430
2010-04-06 16:00:00,161.833333,3.075666,74.0,74.0,9.6716,500.508733,1430
2010-04-06 16:15:00,164.173333,3.5674,80.0,80.0,8.879333,508.478866,1430
2010-04-06 16:30:00,222.686666,3.116733,82.0,82.0,9.983533,690.455133,1430
2010-04-06 16:45:00,115.98,1.9976,111.0,111.0,7.527666,338.623066,1430
2010-04-06 17:00:00,53.06,1.462466,50.0,50.0,3.4938,175.974466,1430
2010-04-06 17:15:00,55.506666,1.463266,26.0,26.0,3.539466,178.161666,1430
2010-04-06 17:30:00,63.366666,1.726466,27.0,27.0,3.7654,206.0344,1430
2010-04-06 17:45:00,131.673333,2.6478,33.0,33.0,7.990065999999999,405.502333,1430
2010-04-06 18:00:00,49.58,1.919533,65.0,65.0,4.652466,147.461133,1430
2010-04-06 18:15:00,29.646666,1.624133,22.0,22.0,2.139266,110.3718,1430
2010-04-06 18:30:00,32.093333,1.7828,15.0,15.0,2.427466,122.370333,1430
2010-04-06 18:45:00,3.6,1.3384,14.0,14.0,0.812666,19.0328,1430
2010-04-08 06:00:00,0.0,-1.3048,0.0,0.0,-6.545333,7.441265999999999,1430
2010-04-08 06:15:00,0.0,-0.483933,0.0,0.0,-6.225466,33.32,1430
2010-04-08 06:30:00,9.920000000000002,0.247266,-1.0,-1.0,-4.603333,91.6444,1430
2010-04-08 06:45:00,39.04,1.045666,4.0,4.0,-1.427466,184.107466,1430
2010-04-08 07:00:00,76.09999999999998,2.565066,19.0,19.0,3.253866,293.5078,1430
2010-04-08 07:15:00,120.053333,2.5488,38.0,38.0,8.145265999999998,409.703533,1430
2010-04-08 07:30:00,162.76,3.191,61.0,61.0,13.066866,527.0284,1430
2010-04-08 07:45:00,202.666666,4.5172,81.0,81.0,19.441666,652.206333,1430
2010-04-08 08:00:00,240.846666,4.512933,100.0,100.0,22.228933,766.8762,1430
2010-04-08 08:15:00,275.173333,5.0584,121.0,121.0,27.169733,880.1322,1430
2010-04-08 08:30:00,302.133333,5.240333,138.0,138.0,29.6706,969.925,1430
2010-04-08 08:45:00,309.673333,5.8396,151.0,151.0,32.521333,997.604333,1430
2010-04-08 09:00:00,315.606666,6.312666,154.0,154.0,33.006733,1015.665666,1430
2010-04-08 09:15:00,319.966666,6.482466,158.0,158.0,32.9398,1026.529933,1430
2010-04-08 09:30:00,323.386666,6.3474,158.0,158.0,31.406866,1029.490066,1430
2010-04-08 09:45:00,324.84,6.520466,162.0,162.0,30.901733,1027.7608,1430
2010-04-08 10:00:00,323.66,6.7028,162.0,162.0,30.857533,1018.666666,1430
2010-04-08 10:15:00,320.626666,7.166866,162.0,162.0,30.980533,1008.371866,1430
2010-04-08 10:30:00,317.926666,7.4862,161.0,161.0,30.462866,997.8638,1430
2010-04-08 10:45:00,315.146666,7.809933,157.0,157.0,30.181866,986.648466,1430
2010-04-08 11:00:00,312.12,8.651733,157.0,157.0,30.390533,975.2452,1430
2010-04-08 11:15:00,309.286666,9.0462,156.0,156.0,30.209133,965.1184,1430
2010-04-08 11:30:00,307.12,9.307266,155.0,155.0,29.858733,956.629533,1430
2010-04-08 11:45:00,304.36,10.0698,154.0,154.0,31.199533,946.838466,1430
2010-04-08 12:00:00,301.593333,10.3728,152.0,152.0,32.707466,941.111333,1430
2010-04-08 12:15:00,301.126666,10.569533,150.0,150.0,31.717866,936.701466,1430
2010-04-08 12:30:00,300.613333,10.8978,151.0,151.0,31.835266,934.376933,1430
2010-04-08 12:45:00,301.706666,11.201533,150.0,150.0,30.934333,933.186866,1430
2010-04-08 13:00:00,301.546666,11.428533,151.0,151.0,32.0328,934.9416,1430
2010-04-08 13:15:00,302.593333,12.177866,152.0,152.0,32.8382,938.0646,1430
2010-04-08 13:30:00,303.613333,12.529266,150.0,150.0,34.221333,944.168266,1430
2010-04-08 13:45:00,304.266666,12.974,152.0,152.0,34.388133,951.182,1430
2010-04-08 14:00:00,307.14,12.758,153.0,153.0,34.297333,959.803333,1430
2010-04-08 14:15:00,307.62,13.308,153.0,153.0,37.188866,967.081666,1430
2010-04-08 14:30:00,307.653333,13.591866,154.0,154.0,39.2114,976.7812,1430
2010-04-08 14:45:00,309.213333,13.796,155.0,155.0,38.939466,985.483866,1430
2010-04-08 15:00:00,308.813333,13.731266,153.0,153.0,39.8832,993.047,1430
2010-04-08 15:15:00,310.433333,14.354933,155.0,155.0,39.1088,1000.523933,1430
2010-04-08 15:30:00,308.126666,14.319466,156.0,156.0,41.295666,1002.5126,1430
2010-04-08 15:45:00,306.64,14.346133,155.0,155.0,39.4526,995.951333,1430
2010-04-08 16:00:00,304.486666,14.6292,154.0,154.0,39.683933,984.532533,1430
2010-04-08 16:15:00,300.526666,14.6144,151.0,151.0,37.913666,965.8254,1430
2010-04-08 16:30:00,293.466666,14.8294,152.0,152.0,39.361333,942.097933,1430
2010-04-08 16:45:00,283.533333,14.913066,147.0,147.0,40.714733,912.852,1430
2010-04-08 17:00:00,259.913333,14.410533,142.0,142.0,35.362333,810.846933,1430
2010-04-08 17:15:00,225.2,14.355866,129.0,129.0,29.4558,683.146066,1430
2010-04-08 17:30:00,186.553333,14.328133,112.0,112.0,28.597466,557.256066,1430
2010-04-08 17:45:00,149.786666,14.187266,91.0,91.0,25.136,448.527,1430
2010-04-08 18:00:00,108.58,14.125933,74.0,74.0,20.865133,335.311933,1430
2010-04-08 18:15:00,69.94,14.165133,53.0,53.0,17.3712,225.763866,1430
2010-04-08 18:30:00,33.746666,13.507666,34.0,34.0,12.9642,133.636533,1430
2010-04-08 18:45:00,10.453333,13.0932,17.0,17.0,8.774533,55.069,1430
2010-04-09 06:00:00,0.0,4.7024,0.0,0.0,-1.386666,6.454466,1430
2010-04-09 06:15:00,0.0,4.435333,-1.0,-1.0,-1.133466,34.210266,1430
2010-04-09 06:30:00,7.853333,4.1282,0.0,0.0,0.660466,93.0734,1430
2010-04-09 06:45:00,40.506666,4.582733,5.0,5.0,3.205866,185.775866,1430
2010-04-09 07:00:00,78.86,5.6708,19.0,19.0,7.114066,298.121133,1430
2010-04-09 07:15:00,123.686666,6.388333,40.0,40.0,11.758733,423.294066,1430
2010-04-09 07:30:00,170.833333,8.006933,61.0,61.0,17.351066,555.6538,1430
2010-04-09 07:45:00,203.7,7.263466,85.0,85.0,17.833733,652.821866,1430
2010-04-09 08:00:00,244.693333,6.439866,102.0,102.0,17.6614,764.668933,1430
2010-04-09 08:15:00,263.293333,6.615266,121.0,121.0,20.401266,832.651666,1430
2010-04-09 08:30:00,293.793333,7.0016,133.0,133.0,24.3028,930.094266,1430
2010-04-09 08:45:00,275.273333,7.568399999999999,142.0,142.0,26.893533,876.973466,1430
2010-04-09 09:00:00,286.92,8.266866,138.0,138.0,32.809733,912.374,1430
2010-04-09 09:15:00,301.133333,9.159533,143.0,143.0,37.8684,987.604733,1430
2010-04-09 09:30:00,305.453333,9.387866,151.0,151.0,37.321666,1010.9812,1430
2010-04-09 09:45:00,314.486666,10.364066,154.0,154.0,37.930933,1011.362733,1430
2010-04-09 10:00:00,306.36,10.774133,155.0,155.0,36.8938,1000.005133,1430
2010-04-09 10:15:00,316.833333,11.137066,154.0,154.0,36.792933,1018.875066,1430
2010-04-09 10:30:00,312.133333,11.436533,159.0,159.0,36.873733,999.842066,1430
2010-04-09 10:45:00,307.06,11.328066,156.0,156.0,35.848333,976.8982,1430
2010-04-09 11:00:00,299.946666,11.7608,153.0,153.0,33.993133,955.2918,1430
2010-04-09 11:15:00,303.313333,11.938066,151.0,151.0,33.350466,960.7748,1430
2010-04-09 11:30:00,299.993333,12.062733,150.0,150.0,32.310333,944.3614,1430
2010-04-09 11:45:00,296.34,11.2602,150.0,150.0,28.409333,922.093666,1430
2010-04-09 12:00:00,298.253333,12.040066,148.0,148.0,30.474266,931.304866,1430
2010-04-09 12:15:00,295.326666,12.397533,149.0,149.0,33.3104,926.650933,1430
2010-04-09 12:30:00,296.02,12.888866,147.0,147.0,33.704333,924.9828,1430
2010-04-09 12:45:00,299.033333,13.176933,149.0,149.0,31.583333,927.0528,1430
2010-04-09 13:00:00,299.653333,13.5946,148.0,148.0,32.573866,929.555333,1430
2010-04-09 13:15:00,300.466666,13.9106,150.0,150.0,32.325066,934.870466,1430
2010-04-09 13:30:00,302.913333,14.1226,150.0,150.0,32.720933,940.816266,1430
2010-04-09 13:45:00,304.34,14.466666,152.0,152.0,34.212466,952.952,1430
2010-04-09 14:00:00,299.453333,14.337533,153.0,153.0,36.106266,931.910133,1430
2010-04-09 14:15:00,306.446666,14.707266,148.0,148.0,36.569266,974.5992,1430
2010-04-09 14:30:00,308.726666,15.029533,153.0,153.0,36.0366,978.154533,1430
2010-04-09 14:45:00,310.56,15.216933,155.0,155.0,36.484933,997.075466,1430
2010-04-09 15:00:00,314.28,14.886866,156.0,156.0,31.1882,1008.341333,1430
2010-04-09 15:15:00,322.506666,14.890666,158.0,158.0,30.837733,1035.319,1430
2010-04-09 15:30:00,318.333333,15.354733,162.0,162.0,31.4846,1017.211933,1430
2010-04-09 15:45:00,324.06,15.415733,161.0,161.0,31.673333,1034.800133,1430
2010-04-09 16:00:00,224.52,15.718866,163.0,163.0,31.648333,672.0886,1430
2010-04-09 16:15:00,244.0,15.281333,106.0,106.0,28.5334,792.7449329999998,1430
2010-04-09 16:30:00,250.213333,15.455266,128.0,128.0,30.3348,768.9972,1430
2010-04-09 16:45:00,154.02,14.785533,123.0,123.0,25.116866,480.982466,1430
2010-04-09 17:00:00,62.54,14.031533,75.0,75.0,18.405533,208.72,1430
2010-04-09 17:15:00,189.033333,14.702666,32.0,32.0,22.6034,568.791666,1430
2010-04-09 17:30:00,138.54,14.2558,97.0,97.0,22.081266,407.918266,1430
2010-04-09 17:45:00,125.446666,14.036133,69.0,69.0,19.8398,355.519666,1430
2010-04-09 18:00:00,76.00666599999998,13.519,61.0,61.0,17.054866,228.068,1430
2010-04-09 18:15:00,54.346666,13.071066,35.0,35.0,14.064666,170.211733,1430
2010-04-09 18:30:00,19.44,12.420466,24.0,24.0,11.227133,80.597066,1430
2010-04-09 18:45:00,10.146666,12.047533,10.0,10.0,10.356533,45.018533,1430
2010-05-01 06:00:00,16.433333,0.3412,0.0,0.0,-0.973666,113.260866,1430
2010-05-01 06:15:00,46.56,0.2555999999999999,8.0,8.0,0.9078,202.5604,1430
2010-05-01 06:30:00,73.166666,0.441933,19.0,19.0,2.660666,272.4304,1430
2010-05-01 06:45:00,102.206666,0.7898,33.0,33.0,5.838,349.095666,1430
2010-05-01 07:00:00,109.646666,0.5436659999999999,43.0,43.0,5.714133,346.6796,1430
2010-05-01 07:15:00,86.313333,0.3886,47.0,47.0,5.240133,276.102666,1430
2010-05-01 07:30:00,124.813333,0.754133,37.0,37.0,7.050333,403.315266,1430
2010-05-01 07:45:00,177.173333,1.491133,55.0,55.0,13.285333,583.643533,1430
2010-05-01 08:00:00,249.633333,1.958933,80.0,80.0,19.8588,819.335866,1430
2010-05-01 08:15:00,282.353333,3.000066,111.0,111.0,22.925066,935.465533,1430
2010-05-01 08:30:00,317.933333,3.890533,124.0,124.0,26.195333,1049.163933,1430
2010-05-01 08:45:00,319.206666,4.553133,138.0,138.0,30.587466,1065.501066,1430
2010-05-01 09:00:00,312.926666,5.009266,141.0,141.0,31.1778,1030.451466,1430
2010-05-01 09:15:00,268.94,5.3496,134.0,134.0,30.729266,868.6576,1430
2010-05-01 09:30:00,295.88,6.009333,117.0,117.0,33.778666,969.334933,1430
2010-05-01 09:45:00,293.92,6.318733,127.0,127.0,33.778133,963.170333,1430
2010-05-01 10:00:00,269.086666,6.666866,131.0,131.0,33.5608,899.4548,1430
2010-05-01 10:15:00,291.14,7.469933,114.0,114.0,35.7388,1058.202133,1430
2010-05-01 10:30:00,223.566666,7.319933,131.0,131.0,26.413066,732.996533,1430
2010-05-01 10:45:00,241.84,7.505733,111.0,111.0,24.971933,855.417866,1430
2010-05-01 11:00:00,244.32,7.405599999999998,110.0,110.0,24.807333,866.3736659999998,1430
2010-05-01 11:15:00,183.153333,7.973265999999998,115.0,115.0,20.4744,536.371866,1430
2010-05-01 11:30:00,331.2,9.2368,89.0,89.0,26.223333,1050.994733,1430
2010-05-01 11:45:00,271.366666,8.944865999999998,157.0,157.0,26.239866,889.8722659999999,1430
2010-05-01 12:00:00,275.826666,9.321133,133.0,133.0,27.9758,1059.3872,1430
2010-05-01 12:15:00,311.406666,9.6212,141.0,141.0,35.4586,1071.701066,1430
2010-05-01 12:30:00,244.873333,9.608333,150.0,150.0,32.567333,863.754133,1430
2010-05-01 12:45:00,170.76,8.460865999999998,118.0,118.0,16.835,589.670733,1430
2010-05-01 13:00:00,169.666666,9.096533,82.0,82.0,20.949666,593.5262,1430
2010-05-01 13:15:00,140.393333,9.089866,92.0,92.0,22.935333,494.4458,1430
2010-05-01 13:30:00,117.026666,9.026066,69.0,69.0,17.5904,357.935533,1430
2010-05-01 13:45:00,223.086666,10.040133,55.0,55.0,24.6968,709.462533,1430
2010-05-01 14:00:00,163.206666,9.818466,100.0,100.0,26.202733,576.517666,1430
2010-05-01 14:15:00,223.293333,10.0192,91.0,91.0,29.0714,773.859533,1430
2010-05-01 14:30:00,106.446666,9.687733,115.0,115.0,22.419333,365.7584,1430
2010-05-01 14:45:00,197.993333,10.211933,54.0,54.0,22.625733,686.172533,1430
2010-05-01 15:00:00,220.993333,10.089266,98.0,98.0,24.6996,700.785333,1430
2010-05-01 15:15:00,315.233333,10.9078,111.0,111.0,28.6988,1121.622866,1430
2010-05-01 15:30:00,326.8,11.314666,156.0,156.0,30.859666,1170.221933,1430
2010-05-01 15:45:00,332.986666,11.316266,164.0,164.0,31.485133,1114.944333,1430
2010-05-01 16:00:00,325.393333,11.127733,166.0,166.0,31.950066,1065.938466,1430
2010-05-01 16:15:00,324.546666,10.865266,162.0,162.0,29.746133,1018.4174,1430
2010-05-01 16:30:00,311.093333,10.182933,161.0,161.0,27.0532,984.553066,1430
2010-05-01 16:45:00,308.006666,9.8588,153.0,153.0,24.589066,974.1974,1430
2010-05-01 17:00:00,305.553333,10.0174,156.0,156.0,26.021266,964.2894,1430
2010-05-01 17:15:00,279.153333,10.163933,154.0,154.0,24.372333,868.291333,1430
2010-05-01 17:30:00,243.433333,9.951333,141.0,141.0,21.569266,743.693,1430
2010-05-01 17:45:00,210.26,9.721666,124.0,124.0,19.545,634.460333,1430
2010-05-01 18:00:00,174.026666,9.486466,104.0,104.0,17.448866,520.604266,1430
2010-05-01 18:15:00,135.153333,8.921666,86.0,86.0,13.5404,408.5236,1430
2010-05-01 18:30:00,97.173333,8.632666,65.0,65.0,11.6222,302.235866,1430
2010-05-01 18:45:00,53.133333,8.286333,45.0,45.0,9.315066,189.158133,1430
2010-05-15 06:00:00,12.666666,3.805866,0.0,0.0,4.1176,78.5878,1430
2010-05-15 06:15:00,65.32,4.238533,8.0,7.0,6.394266,247.660466,1430
2010-05-15 06:30:00,49.313333,4.303866,33.0,33.0,6.7278,157.908066,1430
2010-05-15 06:45:00,15.626666,4.1794,19.0,19.0,5.220333,57.3578,1430
2010-05-15 07:00:00,27.186666,4.311266,7.0,7.0,5.641466,89.981133,1430
2010-05-15 07:15:00,31.3,4.4802,14.0,14.0,6.7018,102.651,1430
2010-05-15 07:30:00,73.346666,5.183466,16.0,16.0,10.636266,237.650466,1430
2010-05-15 07:45:00,77.44,5.465266,37.0,37.0,14.365933,250.101533,1430
2010-05-15 08:00:00,57.446666,5.515666,37.0,37.0,13.131266,188.176466,1430
2010-05-15 08:15:00,58.726666,5.594533,30.0,30.0,13.108733,180.821666,1430
2010-05-15 08:30:00,93.28,5.632866,28.0,28.0,14.074,288.650533,1430
2010-05-15 08:45:00,44.706666,5.5462,47.0,47.0,12.755266,150.634666,1430
2010-05-15 09:00:00,59.313333,5.608,23.0,23.0,11.461666,193.206866,1430
2010-05-15 09:15:00,88.01999999999998,5.840466,30.0,30.0,13.209733,276.255333,1430
2010-05-15 09:30:00,87.673333,6.110133,44.0,44.0,14.131066,279.108733,1430
2010-05-15 09:45:00,187.06,6.3106,45.0,45.0,18.112266,618.693066,1430
2010-05-15 10:00:00,331.713333,7.4696,103.0,103.0,34.411866,1222.946066,1430
2010-05-15 10:15:00,195.34,7.692533,163.0,163.0,30.598466,684.0312,1430
2010-05-15 10:30:00,203.753333,7.445333,91.0,91.0,21.9188,658.610133,1430
2010-05-15 10:45:00,225.06,7.899,120.0,120.0,25.3478,694.3818,1430
2010-05-15 11:00:00,209.726666,8.515532999999998,110.0,110.0,29.0168,756.932666,1430
2010-05-15 11:15:00,115.506666,8.180733,106.0,106.0,19.275133,350.840266,1430
2010-05-15 11:30:00,70.226666,8.2324,56.0,56.0,14.374266,218.1346,1430
2010-05-15 11:45:00,57.733333,7.888266,34.0,34.0,12.365533,174.697933,1430
2010-05-15 12:00:00,43.886666,7.7272,28.0,28.0,11.247533,138.437933,1430
2010-05-15 12:15:00,58.893333,7.947533,21.0,21.0,10.996133,186.828666,1430
2010-05-15 12:30:00,273.32,9.021,31.0,31.0,22.687333,881.8156,1430
2010-05-15 12:45:00,313.873333,10.0268,142.0,142.0,40.516866,1046.9056,1430
2010-05-15 13:00:00,158.853333,10.098733,148.0,148.0,31.587466,487.090933,1430
2010-05-15 13:15:00,127.28,10.220466,77.0,77.0,22.826133,394.8466,1430
2010-05-15 13:30:00,130.533333,10.561066,64.0,64.0,23.757866,397.7102,1430
2010-05-15 13:45:00,92.32,10.495933,63.0,63.0,20.925933,289.1946,1430
2010-05-15 14:00:00,86.293333,10.705,46.0,46.0,19.240866,270.6196,1430
2010-05-15 14:15:00,94.706666,10.702733,43.0,43.0,18.268866,296.4732,1430
2010-05-15 14:30:00,120.22,10.990866,47.0,47.0,20.2526,376.993733,1430
2010-05-15 14:45:00,133.0,11.2196,61.0,61.0,20.522666,412.195866,1430
2010-05-15 15:00:00,132.393333,11.457466,65.0,65.0,20.4394,422.836333,1430
2010-05-15 15:15:00,183.253333,12.846266,69.0,69.0,24.6916,567.637066,1430
2010-05-15 15:30:00,101.773333,12.6444,89.0,89.0,19.236,325.007133,1430
2010-05-15 15:45:00,157.12,12.833466,51.0,51.0,20.633466,502.899133,1430
2010-05-15 16:00:00,101.426666,12.668533,80.0,80.0,18.775866,320.760133,1430
2010-05-15 16:15:00,75.09999999999998,12.668066,49.0,49.0,16.85,243.3064,1430
2010-05-15 16:30:00,67.26,12.149733,37.0,37.0,15.476066,223.592066,1430
2010-05-15 16:45:00,65.4,11.257733,33.0,33.0,13.894333,215.805066,1430
2010-05-15 17:00:00,215.333333,11.2778,32.0,32.0,18.654333,708.5724,1430
2010-05-15 17:15:00,129.493333,11.3484,106.0,106.0,19.7168,526.397733,1430
2010-05-15 17:30:00,239.766666,11.331666,86.0,86.0,20.192733,709.040333,1430
2010-05-15 17:45:00,91.4,10.6222,123.0,123.0,16.4006,266.026733,1430
2010-05-15 18:00:00,56.113333,10.0406,41.0,41.0,12.042333,173.634866,1430
2010-05-15 18:15:00,33.153333,9.8254,27.0,27.0,11.0166,121.520933,1430
2010-05-15 18:30:00,20.04,9.163866,16.0,16.0,9.831066000000002,69.900466,1430
2010-05-15 18:45:00,20.833333,8.221332999999998,10.0,10.0,8.957266,76.46686599999998,1430
2010-05-17 06:00:00,38.093333,6.671866,3.0,3.0,6.400866,175.6134,1430
2010-05-17 06:15:00,73.62,7.186466,18.0,18.0,9.335400000000002,274.7396,1430
2010-05-17 06:30:00,110.446666,7.919066,36.0,36.0,12.395666,378.550266,1430
2010-05-17 06:45:00,150.993333,9.0284,55.0,55.0,16.011933,492.741933,1430
2010-05-17 07:00:00,188.533333,10.086533,76.0,76.0,21.5344,604.008933,1430
2010-05-17 07:15:00,224.926666,10.9068,94.0,94.0,25.2152,715.8966,1430
2010-05-17 07:30:00,258.573333,11.953733,112.0,112.0,31.492466,833.979333,1430
2010-05-17 07:45:00,284.206666,12.756066,128.0,128.0,38.066266,931.076,1430
2010-05-17 08:00:00,292.326666,12.822666,142.0,142.0,40.506533,971.918666,1430
2010-05-17 08:15:00,299.46,13.012333,146.0,146.0,42.663,998.764133,1430
2010-05-17 08:30:00,304.633333,13.183533,149.0,149.0,43.8786,1018.6106,1430
2010-05-17 08:45:00,308.56,13.6628,153.0,153.0,44.191733,1034.306933,1430
2010-05-17 09:00:00,308.366666,13.6848,152.0,152.0,44.666466,1030.883666,1430
2010-05-17 09:15:00,312.293333,14.308,154.0,154.0,46.417,1046.010266,1430
2010-05-17 09:30:00,312.333333,14.517733,155.0,155.0,46.2538,1047.592133,1430
2010-05-17 09:45:00,311.373333,15.310666,156.0,156.0,45.339333,1040.344133,1430
2010-05-17 10:00:00,313.306666,14.9814,155.0,155.0,41.774733,1042.114333,1430
2010-05-17 10:15:00,311.68,15.0162,156.0,156.0,40.531733,1033.630266,1430
2010-05-17 10:30:00,311.773333,15.42,154.0,154.0,40.716266,1034.494866,1430
2010-05-17 10:45:00,314.606666,15.88,156.0,156.0,41.974333,1016.169133,1430
2010-05-17 11:00:00,256.766666,16.026066,153.0,153.0,39.224466,842.508866,1430
2010-05-17 11:15:00,296.473333,16.498733,131.0,131.0,39.703,966.034,1430
2010-05-17 11:30:00,259.68,16.566,149.0,149.0,35.639733,818.1712,1430
2010-05-17 11:45:00,276.073333,16.883866,128.0,128.0,36.2464,879.226533,1430
2010-05-17 12:00:00,303.346666,16.924733,139.0,139.0,35.886866,981.348733,1430
2010-05-17 12:15:00,282.033333,17.152866,152.0,152.0,34.641933,890.767466,1430
2010-05-17 12:30:00,291.566666,17.7402,140.0,140.0,36.059266,928.456666,1430
2010-05-17 12:45:00,308.813333,18.1666,147.0,147.0,40.819733,988.408466,1430
2010-05-17 13:00:00,301.04,18.167066,154.0,154.0,38.779733,973.485333,1430
2010-05-17 13:15:00,269.313333,18.556333,151.0,151.0,39.384666,917.139666,1430
2010-05-17 13:30:00,235.233333,18.641866,134.0,134.0,36.534133,754.002866,1430
2010-05-17 13:45:00,275.926666,18.825466,130.0,130.0,39.797133,944.641066,1430
2010-05-17 14:00:00,318.26,19.324333,139.0,139.0,41.972533,1057.8462,1430
2010-05-17 14:15:00,314.486666,19.7258,162.0,162.0,42.705333,1023.5392,1430
2010-05-17 14:30:00,312.7,19.671333,156.0,156.0,41.989666,1024.098733,1430
2010-05-17 14:45:00,316.026666,19.713,157.0,157.0,41.626666,1034.571266,1430
2010-05-17 15:00:00,303.946666,19.6738,158.0,158.0,39.3088,996.520933,1430
2010-05-17 15:15:00,311.093333,20.094866,148.0,148.0,40.933666,1054.524733,1430
2010-05-17 15:30:00,306.26,19.725133,160.0,160.0,39.236266,979.0903330000002,1430
2010-05-17 15:45:00,298.36,20.023133,155.0,155.0,39.655866,994.049,1430
2010-05-17 16:00:00,300.866666,19.9922,139.0,139.0,42.788,1004.2522,1430
2010-05-17 16:15:00,309.426666,19.862933,153.0,153.0,38.823266,1013.900733,1430
2010-05-17 16:30:00,303.76,20.018533,156.0,156.0,40.101866,988.662733,1430
2010-05-17 16:45:00,257.173333,19.9922,152.0,152.0,42.018066,822.7843329999998,1430
2010-05-17 17:00:00,66.773333,18.922533,122.0,122.0,27.846666,230.336533,1430
2010-05-17 17:15:00,63.82,18.8622,34.0,34.0,25.216533,223.175066,1430
2010-05-17 17:30:00,34.453333,17.8528,36.0,36.0,20.7892,125.1476,1430
2010-05-17 17:45:00,43.24,17.735666,16.0,16.0,19.857133,142.1102,1430
2010-05-17 18:00:00,19.253333,17.5586,22.0,22.0,17.943466,68.013666,1430
2010-05-17 18:15:00,49.986666,17.5936,8.0,8.0,18.135133,169.692933,1430
2010-05-17 18:30:00,54.193333,17.6056,27.0,27.0,20.298666,173.690733,1430
2010-05-17 18:45:00,10.213333,16.7888,25.0,25.0,16.728466,36.870333,1430
2010-05-18 06:00:00,0.0,8.621333,0.0,0.0,7.130866,28.442266,1430
2010-05-18 06:15:00,0.0,8.327866,0.0,-1.0,7.565933,33.2082,1430
2010-05-18 06:30:00,0.0,8.294665999999998,0.0,0.0,7.793599999999999,44.311666,1430
2010-05-18 06:45:00,8.953333,8.316065999999998,0.0,0.0,8.489065999999998,62.113533,1430
2010-05-18 07:00:00,21.593333,8.5522,5.0,5.0,9.085733,73.699933,1430
2010-05-18 07:15:00,27.96,8.6226,11.0,11.0,9.640666,92.626,1430
2010-05-18 07:30:00,31.186666,8.432066,13.0,13.0,9.915466,102.686533,1430
2010-05-18 07:45:00,34.773333,8.588865999999998,16.0,16.0,10.526466,115.107066,1430
2010-05-18 08:00:00,38.233333,8.9556,17.0,17.0,11.642266,126.063,1430
2010-05-18 08:15:00,53.08,8.8184,18.0,18.0,12.231933,173.6706,1430
2010-05-18 08:30:00,82.813333,9.0446,27.0,27.0,14.143133,261.896866,1430
2010-05-18 08:45:00,148.146666,9.543733,42.0,42.0,18.990933,459.533666,1430
2010-05-18 09:00:00,179.886666,10.030466,72.0,72.0,22.537333,596.328666,1430
2010-05-18 09:15:00,207.406666,10.959933,97.0,97.0,30.704266,657.211333,1430
2010-05-18 09:30:00,89.55333299999998,10.701266,95.0,95.0,21.670133,295.547533,1430
2010-05-18 09:45:00,126.46,10.778133,45.0,45.0,20.868866,397.171066,1430
2010-05-18 10:00:00,109.533333,11.248333,62.0,62.0,21.111533,347.813866,1430
2010-05-18 10:15:00,165.433333,11.456,54.0,54.0,23.974333,517.186466,1430
2010-05-18 10:30:00,186.873333,12.196933,83.0,83.0,26.572666,627.8636,1430
2010-05-18 10:45:00,217.76,12.461133,98.0,98.0,32.795933,691.248533,1430
2010-05-18 11:00:00,143.733333,12.421666,109.0,109.0,25.504866,442.311533,1430
2010-05-18 11:15:00,156.826666,12.248133,73.0,73.0,23.013466,480.545,1430
2010-05-18 11:30:00,249.16,13.188533,79.0,79.0,32.6996,885.1011999999998,1430
2010-05-18 11:45:00,231.8,13.776,127.0,127.0,32.963733,803.792466,1430
2010-05-18 12:00:00,162.06,14.030866,117.0,117.0,28.416533,537.963866,1430
2010-05-18 12:15:00,189.34,14.039066,83.0,83.0,30.8418,585.266133,1430
2010-05-18 12:30:00,200.333333,14.028066,88.0,88.0,29.526333,652.893,1430
2010-05-18 12:45:00,156.733333,14.381666,104.0,104.0,28.0466,481.308066,1430
2010-05-18 13:00:00,232.2,14.656266,78.0,78.0,29.446066,738.342333,1430
2010-05-18 13:15:00,162.126666,14.5826,107.0,107.0,27.978133,597.4578,1430
2010-05-18 13:30:00,25.246666,15.038133,42.0,42.0,34.1354,947.245266,1430
2010-05-18 13:45:00,175.946666,15.145133,11.0,10.0,31.977333,595.9624,1430
2010-05-18 14:00:00,88.7,15.187266,45.0,45.0,23.298066,279.9682,1430
2010-05-18 14:15:00,72.166666,15.265733,22.0,22.0,20.995333,229.105666,1430
2010-05-18 14:30:00,68.586666,14.944533,17.0,17.0,19.4556,224.0144,1430
2010-05-18 14:45:00,133.113333,15.340533,18.0,18.0,22.053733,420.0542,1430
2010-05-18 15:00:00,234.766666,16.031733,34.0,34.0,29.4666,802.7802,1430
2010-05-18 15:15:00,280.566666,16.58,61.0,61.0,35.883533,904.678333,1430
2010-05-18 15:30:00,189.033333,16.753666,69.0,69.0,34.351866,580.917266,1430
2010-05-18 15:45:00,214.273333,16.974733,43.0,43.0,31.297266,704.004933,1430
2010-05-18 16:00:00,244.466666,17.66,56.0,56.0,39.186266,766.2304,1430
2010-05-18 16:15:00,178.673333,17.4804,60.0,60.0,31.5608,542.099,1430
2010-05-18 16:30:00,158.92,16.8496,41.0,41.0,26.913933,482.447266,1430
2010-05-18 16:45:00,83.36,16.492866,37.0,37.0,21.661133,282.038266,1430
2010-05-18 17:00:00,144.913333,16.298333,21.0,21.0,23.0146,434.2956,1430
2010-05-18 17:15:00,110.213333,15.964733,34.0,34.0,21.748933,371.0632,1430
2010-05-18 17:30:00,130.953333,16.2424,31.0,31.0,25.7198,418.803,1430
2010-05-18 17:45:00,17.133333,14.8644,28.0,28.0,16.569933,61.558933,1430
2010-05-18 18:00:00,19.726666,14.461533,3.0,3.0,14.6512,67.016533,1430
2010-05-18 18:15:00,17.4,14.4482,5.0,5.0,14.597533,58.578533,1430
2010-05-18 18:30:00,8.72,13.865133,4.0,4.0,12.1194,32.369066,1430
2010-05-18 18:45:00,16.606666,13.2666,2.0,2.0,10.774533,57.713733,1430
2010-05-22 06:00:00,50.973333,17.6338,2.0,2.0,17.6142,225.194266,1430
2010-05-22 06:15:00,88.533333,17.7718,24.0,24.0,19.169266,332.5194,1430
2010-05-22 06:30:00,130.353333,17.891333,44.0,44.0,20.920333,446.604333,1430
2010-05-22 06:45:00,170.433333,18.2114,65.0,65.0,22.777066,558.8836,1430
2010-05-22 07:00:00,210.146666,18.453,86.0,86.0,24.857666,667.012533,1430
2010-05-22 07:15:00,246.46,18.7186,105.0,105.0,26.727133,785.8378659999998,1430
2010-05-22 07:30:00,281.293333,18.9724,123.0,123.0,28.607866,895.0552,1430
2010-05-22 07:45:00,305.953333,19.319866,142.0,142.0,30.654666,979.4566,1430
2010-05-22 08:00:00,315.04,19.617266,154.0,154.0,31.9724,1010.691333,1430
2010-05-22 08:15:00,322.333333,19.965733,158.0,158.0,33.175333,1033.869533,1430
2010-05-22 08:30:00,327.773333,20.3648,162.0,162.0,34.592666,1054.682333,1430
2010-05-22 08:45:00,333.246666,20.6322,163.0,163.0,34.115333,1071.996,1430
2010-05-22 09:00:00,332.926666,20.886266,167.0,167.0,33.6746,1078.476066,1430
2010-05-22 09:15:00,332.98,21.289,166.0,166.0,35.144266,1078.369133,1430
2010-05-22 09:30:00,332.993333,21.694066,167.0,167.0,35.498466,1075.851533,1430
2010-05-22 09:45:00,332.42,22.114266,167.0,167.0,37.030066,1066.106133,1430
2010-05-22 10:00:00,329.226666,22.5184,164.0,164.0,39.265933,1061.3658,1430
2010-05-22 10:15:00,328.02,22.709666,166.0,166.0,39.316066,1053.558533,1430
2010-05-22 10:30:00,328.513333,23.038933,165.0,165.0,38.5738,1049.382466,1430
2010-05-22 10:45:00,325.933333,23.244866,166.0,166.0,39.230733,1039.1236,1430
2010-05-22 11:00:00,325.826666,23.3766,164.0,164.0,38.209,1034.479733,1430
2010-05-22 11:15:00,321.653333,23.8246,165.0,165.0,38.931866,1022.186333,1430
2010-05-22 11:30:00,318.833333,24.220333,160.0,160.0,40.596333,1015.263866,1430
2010-05-22 11:45:00,315.106666,24.683866,161.0,161.0,44.128866,1012.791933,1430
2010-05-22 12:00:00,316.346666,24.733,159.0,159.0,42.0946,1010.9458,1430
2010-05-22 12:15:00,316.973333,25.048866,160.0,160.0,43.021066,1011.927266,1430
2010-05-22 12:30:00,318.426666,25.275666,160.0,160.0,41.8186,1008.509333,1430
2010-05-22 12:45:00,318.573333,25.5854,159.0,159.0,43.3812,1012.2832,1430
2010-05-22 13:00:00,318.353333,25.675333,161.0,161.0,43.059066,1009.663866,1430
2010-05-22 13:15:00,316.1,25.871666,161.0,161.0,43.87,1007.787133,1430
2010-05-22 13:30:00,316.96,25.772,159.0,159.0,43.391,1014.801,1430
2010-05-22 13:45:00,319.933333,25.8426,161.0,161.0,43.6654,1022.684733,1430
2010-05-22 14:00:00,301.92,26.035666,161.0,161.0,44.3654,994.929066,1430
2010-05-22 14:15:00,66.486666,25.684533,151.0,151.0,42.146266,990.6058,1430
2010-05-22 14:30:00,275.066666,26.4904,73.0,73.0,46.588666,1103.078133,1430
2010-05-22 14:45:00,332.1,26.689733,156.0,156.0,48.911666,1111.643533,1430
2010-05-22 15:00:00,113.093333,26.2116,158.0,158.0,45.458533,714.919866,1430
2010-05-22 15:15:00,128.086666,25.6628,49.0,49.0,38.885733,861.7707329999998,1430
2010-05-22 15:30:00,243.733333,25.6648,42.0,42.0,39.952933,915.7156,1430
2010-05-22 15:45:00,267.82,25.624,64.0,64.0,40.504466,907.694466,1430
2010-05-22 16:00:00,102.833333,25.273133,69.0,69.0,38.272133,838.414533,1430
2010-05-22 16:15:00,207.906666,25.553666,24.0,24.0,43.583666,853.419066,1430
2010-05-22 16:30:00,284.906666,25.1512,59.0,59.0,38.151666,828.3843329999999,1430
2010-05-22 16:45:00,307.473333,25.585466,69.0,69.0,43.983066,993.576066,1430
2010-05-22 17:00:00,276.653333,25.238266,75.0,75.0,41.568,906.8094,1430
2010-05-22 17:15:00,276.7,25.268066,70.0,70.0,41.684866,888.1226,1430
2010-05-22 17:30:00,228.54,24.9046,68.0,68.0,39.112466,727.564533,1430
2010-05-22 17:45:00,156.046666,24.380266,57.0,57.0,33.606066,435.536733,1430
2010-05-22 18:00:00,121.246666,24.112666,33.0,33.0,29.346866,385.452333,1430
2010-05-22 18:15:00,64.753333,23.769266,32.0,32.0,26.393466,211.0392,1430
2010-05-22 18:30:00,56.653333,23.322133,17.0,17.0,23.938733,175.435466,1430
2010-05-22 18:45:00,55.14,23.2762,13.0,13.0,23.495733,174.3266,1430
2010-05-28 06:00:00,27.026666,15.2646,1.0,0.0,15.115266,109.9446,1430
2010-05-28 06:15:00,24.473333,15.1636,12.0,12.0,14.724666,87.16853299999998,1430
2010-05-28 06:30:00,32.046666,15.658466,12.0,12.0,15.478933,109.436066,1430
2010-05-28 06:45:00,53.333333,16.652333,16.0,16.0,17.329533,176.417066,1430
2010-05-28 07:00:00,98.14,17.3112,27.0,27.0,20.3472,334.340466,1430
2010-05-28 07:15:00,233.8,18.14,53.0,53.0,29.390466,740.544533,1430
2010-05-28 07:30:00,234.906666,19.360066,117.0,117.0,34.854066,741.948333,1430
2010-05-28 07:45:00,174.493333,19.925066,113.0,113.0,36.382133,587.3922,1430
2010-05-28 08:00:00,97.613333,18.908933,83.0,83.0,27.2516,330.083133,1430
2010-05-28 08:15:00,136.0,19.316466,51.0,51.0,28.3708,446.3806,1430
2010-05-28 08:30:00,313.7,20.938733,69.0,69.0,40.8404,1051.086333,1430
2010-05-28 08:45:00,312.8,22.578066,158.0,158.0,52.880333,1089.6556,1430
2010-05-28 09:00:00,318.273333,23.641533,155.0,155.0,55.847733,1127.446533,1430
2010-05-28 09:15:00,307.866666,24.110533,160.0,160.0,56.533666,1085.795266,1430
2010-05-28 09:30:00,306.12,25.3718,152.0,152.0,48.4528,1077.453533,1430
2010-05-28 09:45:00,288.0,25.9818,155.0,155.0,47.436133,924.642,1430
2010-05-28 10:00:00,206.106666,25.248866,140.0,140.0,41.307666,669.4184,1430
2010-05-28 10:15:00,173.96,24.858133,103.0,103.0,36.7894,544.347133,1430
2010-05-28 10:30:00,155.513333,24.702533,86.0,86.0,36.063133,488.1134,1430
2010-05-28 10:45:00,125.126666,24.464333,77.0,77.0,33.2748,390.757133,1430
2010-05-28 11:00:00,133.186666,24.4088,62.0,62.0,32.396933,414.006533,1430
2010-05-28 11:15:00,246.06,25.198733,68.0,68.0,38.973066,778.961266,1430
2010-05-28 11:30:00,317.56,26.435333,125.0,125.0,48.847133,1164.657533,1430
2010-05-28 11:45:00,321.133333,26.789733,162.0,162.0,49.0344,1070.078466,1430
2010-05-28 12:00:00,316.413333,27.162466,163.0,163.0,46.2308,1030.2582,1430
2010-05-28 12:15:00,308.133333,27.718933,159.0,159.0,47.905133,1006.5308,1430
2010-05-28 12:30:00,303.346666,27.9236,154.0,154.0,49.895933,997.095666,1430
2010-05-28 12:45:00,307.013333,28.147133,153.0,153.0,48.225333,999.1913330000002,1430
2010-05-28 13:00:00,307.433333,28.4568,155.0,155.0,48.030333,999.903333,1430
2010-05-28 13:15:00,307.133333,28.486666,153.0,153.0,49.628933,1007.303866,1430
2010-05-28 13:30:00,312.093333,28.866733,154.0,154.0,49.863733,1027.226733,1430
2010-05-28 13:45:00,225.58,28.598,156.0,156.0,43.343266,727.3305329999998,1430
2010-05-28 14:00:00,233.793333,28.193533,109.0,109.0,40.004066,724.853666,1430
2010-05-28 14:15:00,214.206666,27.891,115.0,115.0,38.723333,673.477133,1430
2010-05-28 14:30:00,206.146666,27.792066,105.0,105.0,38.9824,660.608933,1430
2010-05-28 14:45:00,211.646666,27.803266,104.0,104.0,38.9276,680.379333,1430
2010-05-28 15:00:00,276.546666,28.3788,107.0,107.0,42.739266,890.686133,1430
2010-05-28 15:15:00,313.24,28.488266,140.0,140.0,45.6418,1051.5036,1430
2010-05-28 15:30:00,321.2,28.7684,159.0,159.0,47.8626,1070.887266,1430
2010-05-28 15:45:00,283.973333,28.863866,161.0,161.0,46.425933,942.9474,1430
2010-05-28 16:00:00,284.426666,28.467866,142.0,142.0,45.269733,916.392,1430
2010-05-28 16:15:00,314.766666,28.368333,139.0,139.0,44.810266,1040.0696,1430
2010-05-28 16:30:00,228.386666,28.1412,149.0,149.0,41.0138,853.6734659999998,1430
2010-05-28 16:45:00,294.506666,28.329866,124.0,124.0,44.3926,947.098,1430
2010-05-28 17:00:00,202.12,27.954466,147.0,147.0,41.505133,632.283533,1430
2010-05-28 17:15:00,198.846666,27.580066,103.0,103.0,36.561866,645.167,1430
2010-05-28 17:30:00,172.406666,27.6598,106.0,106.0,37.310666,551.595133,1430
2010-05-28 17:45:00,111.626666,27.222733,79.0,79.0,31.390133,411.773733,1430
2010-05-28 18:00:00,195.553333,27.249333,60.0,60.0,35.416866,588.104333,1430
2010-05-28 18:15:00,152.366666,27.2196,97.0,97.0,33.885066,453.303,1430
2010-05-28 18:30:00,119.393333,26.861666,75.0,75.0,31.205666,360.8552,1430
2010-05-28 18:45:00,78.893333,26.259466,58.0,58.0,28.735866,247.762066,1430
2010-05-03 06:00:00,13.653333,3.513533,0.0,0.0,1.3682,106.506266,1430
2010-05-03 06:15:00,43.22,3.848733,5.0,5.0,3.727933,198.079533,1430
2010-05-03 06:30:00,79.533333,4.241733,18.0,18.0,6.343066,302.7088,1430
2010-05-03 06:45:00,119.46,4.8034,34.0,34.0,9.9816,413.62,1430
2010-05-03 07:00:00,160.306666,5.198533,52.0,52.0,12.994333,536.5294,1430
2010-05-03 07:15:00,200.853333,5.686066,69.0,69.0,17.1386,650.965333,1430
2010-05-03 07:30:00,237.66,6.015733,87.0,87.0,19.191666,769.6788659999999,1430
2010-05-03 07:45:00,276.606666,6.329666,104.0,104.0,18.748466,885.3861329999999,1430
2010-05-03 08:00:00,303.94,6.791133,119.0,119.0,21.793133,977.951,1430
2010-05-03 08:15:00,314.226666,7.154866,132.0,132.0,22.0684,1010.309933,1430
2010-05-03 08:30:00,321.4,7.499666,135.0,135.0,22.823133,1033.8694,1430
2010-05-03 08:45:00,327.94,7.695133,140.0,140.0,21.878066,1054.1128,1430
2010-05-03 09:00:00,330.833333,8.311332999999998,142.0,142.0,23.562933,1065.3026,1430
2010-05-03 09:15:00,331.006666,8.824133,144.0,144.0,29.0092,1072.6014,1430
2010-05-03 09:30:00,327.966666,9.1866,145.0,145.0,33.356066,1067.270866,1430
2010-05-03 09:45:00,323.966666,9.634733,143.0,143.0,35.636066,1058.7666,1430
2010-05-03 10:00:00,326.046666,9.922733,140.0,140.0,31.1236,1052.179933,1430
2010-05-03 10:15:00,326.36,10.542866,143.0,143.0,29.262133,1045.0032,1430
2010-05-03 10:30:00,324.973333,11.195133,145.0,145.0,29.538666,1037.704533,1430
2010-05-03 10:45:00,323.326666,11.403066,146.0,146.0,27.866333,1029.8208,1430
2010-05-03 11:00:00,321.54,11.7948,147.0,147.0,29.316066,1024.4904,1430
2010-05-03 11:15:00,318.913333,12.049733,147.0,147.0,30.8846,1016.840666,1430
2010-05-03 11:30:00,311.48,12.311266,148.0,148.0,36.7494,1009.907933,1430
2010-05-03 11:45:00,315.473333,12.5442,147.0,147.0,32.732866,1007.888666,1430
2010-05-03 12:00:00,313.033333,13.398333,151.0,151.0,34.575933,1002.746666,1430
2010-05-03 12:15:00,315.513333,13.4498,150.0,150.0,36.341133,1014.5468,1430
2010-05-03 12:30:00,327.626666,13.537866,155.0,155.0,36.664,1060.414666,1430
2010-05-03 12:45:00,275.553333,14.0088,160.0,160.0,37.091266,907.826733,1430
2010-05-03 13:00:00,114.733333,12.579466,134.0,134.0,22.4824,352.829133,1430
2010-05-03 13:15:00,116.293333,12.122266,57.0,57.0,18.932333,357.5896,1430
2010-05-03 13:30:00,98.433333,11.828666,56.0,56.0,15.979466,308.7006,1430
2010-05-03 13:45:00,126.066666,11.890466,49.0,49.0,17.2518,396.9472,1430
2010-05-03 14:00:00,126.913333,12.472266,62.0,62.0,17.964533,399.902333,1430
2010-05-03 14:15:00,127.12,12.911133,63.0,63.0,18.726533,403.076133,1430
2010-05-03 14:30:00,131.68,13.3014,63.0,63.0,20.369,417.282133,1430
2010-05-03 14:45:00,77.066666,13.105,64.0,64.0,16.8646,249.872866,1430
2010-05-03 15:00:00,56.926666,12.819,37.0,37.0,14.5078,192.688066,1430
2010-05-03 15:15:00,51.153333,12.843533,27.0,27.0,14.376933,178.0802,1430
2010-05-03 15:30:00,203.98,13.8544,25.0,25.0,21.413,744.232266,1430
2010-05-03 15:45:00,331.886666,15.559333,109.0,109.0,37.156533,1210.922266,1430
2010-05-03 16:00:00,332.286666,15.743266,165.0,165.0,40.6374,1179.189066,1430
2010-05-03 16:15:00,213.686666,14.667266,166.0,166.0,28.389,717.325666,1430
2010-05-03 16:30:00,171.033333,13.933466,105.0,105.0,21.567933,538.462266,1430
2010-05-03 16:45:00,324.453333,14.930666,87.0,87.0,30.725933,1099.0396,1430
2010-05-03 17:00:00,303.26,15.7588,164.0,164.0,39.376133,983.5254,1430
2010-05-03 17:15:00,223.613333,14.1972,149.0,149.0,28.7116,717.859933,1430
2010-05-03 17:30:00,265.993333,14.506733,110.0,110.0,30.061333,834.6862,1430
2010-05-03 17:45:00,231.1,15.4044,136.0,136.0,31.1614,724.528,1430
2010-05-03 18:00:00,189.153333,14.597466,117.0,117.0,23.587066,576.710933,1430
2010-05-03 18:15:00,150.686666,14.288666,91.0,91.0,20.448,461.400466,1430
2010-05-03 18:30:00,99.633333,13.7826,73.0,73.0,17.802666,315.480533,1430
2010-05-03 18:45:00,53.586666,13.396266,46.0,46.0,14.826066,177.8818,1430
2010-05-31 06:00:00,56.666666,9.683266,12.0,12.0,10.759133,235.662,1430
2010-05-31 06:15:00,94.246666,10.422733,27.0,27.0,13.632866,338.740066,1430
2010-05-31 06:30:00,131.206666,11.056933,46.0,46.0,16.953866,448.278,1430
2010-05-31 06:45:00,168.853333,11.732733,66.0,66.0,21.042266,555.516466,1430
2010-05-31 07:00:00,203.873333,12.670533,85.0,85.0,25.202133,668.828333,1430
2010-05-31 07:15:00,236.94,13.2514,101.0,101.0,29.319133,780.217666,1430
2010-05-31 07:30:00,264.4,14.678333,120.0,120.0,36.367,887.5071329999998,1430
2010-05-31 07:45:00,278.44,15.252333,134.0,134.0,42.214466,956.07,1430
2010-05-31 08:00:00,285.966666,15.195133,140.0,140.0,43.073866,985.7382,1430
2010-05-31 08:15:00,293.133333,15.314333,144.0,144.0,43.562533,1011.642466,1430
2010-05-31 08:30:00,298.7,15.9618,146.0,146.0,46.9402,1035.390266,1430
2010-05-31 08:45:00,302.88,16.4496,150.0,150.0,47.3532,1050.613533,1430
2010-05-31 09:00:00,306.653333,16.4166,152.0,152.0,47.3622,1060.8114,1430
2010-05-31 09:15:00,308.38,16.991666,155.0,155.0,47.3848,1063.171466,1430
2010-05-31 09:30:00,309.013333,17.369533,155.0,155.0,47.403533,1059.961866,1430
2010-05-31 09:45:00,309.913333,17.9038,156.0,156.0,45.806133,1057.957933,1430
2010-05-31 10:00:00,311.066666,18.378866,154.0,154.0,44.7138,1054.565333,1430
2010-05-31 10:15:00,311.233333,18.407133,157.0,157.0,43.4046,1048.085466,1430
2010-05-31 10:30:00,307.833333,18.596466,157.0,157.0,45.574066,1034.708733,1430
2010-05-31 10:45:00,308.533333,19.001933,155.0,155.0,46.917866,1037.333066,1430
2010-05-31 11:00:00,306.706666,19.5228,155.0,155.0,47.964466,1030.766866,1430
2010-05-31 11:15:00,306.446666,19.7918,153.0,153.0,45.9068,1027.120066,1430
2010-05-31 11:30:00,305.453333,20.321866,154.0,154.0,45.193133,1022.0286,1430
2010-05-31 11:45:00,305.926666,20.406066,154.0,154.0,44.1682,1015.299533,1430
2010-05-31 12:00:00,304.486666,20.383466,154.0,154.0,43.7372,1010.0912,1430
2010-05-31 12:15:00,306.053333,20.956533,153.0,153.0,43.362333,1011.072866,1430
2010-05-31 12:30:00,305.86,21.180666,154.0,154.0,43.8512,1007.593866,1430
2010-05-31 12:45:00,304.026666,21.2886,152.0,152.0,45.981133,1007.812333,1430
2010-05-31 13:00:00,304.893333,21.724,153.0,153.0,44.6394,1008.804333,1430
2010-05-31 13:15:00,305.74,21.5918,154.0,154.0,43.692333,1012.1004,1430
2010-05-31 13:30:00,302.273333,21.716333,155.0,155.0,45.741666,1013.971933,1430
2010-05-31 13:45:00,302.413333,22.043466,153.0,153.0,45.613866,1019.2922,1430
2010-05-31 14:00:00,303.493333,22.129866,152.0,152.0,44.3628,1024.119066,1430
2010-05-31 14:15:00,307.32,22.632266,154.0,154.0,44.1052,1039.0168,1430
2010-05-31 14:30:00,303.446666,23.0022,157.0,157.0,47.389,1045.2474,1430
2010-05-31 14:45:00,302.646666,23.0638,155.0,155.0,49.262533,1060.0942,1430
2010-05-31 15:00:00,288.926666,23.2122,155.0,155.0,51.456466,1019.409266,1430
2010-05-31 15:15:00,275.04,22.860066,149.0,149.0,48.542533,975.331533,1430
2010-05-31 15:30:00,295.186666,23.251666,142.0,142.0,48.617133,1073.725466,1430
2010-05-31 15:45:00,296.506666,23.890733,154.0,154.0,52.702466,1086.995533,1430
2010-05-31 16:00:00,220.44,23.582933,153.0,153.0,49.517533,771.5910659999998,1430
2010-05-31 16:15:00,218.22,23.4302,110.0,110.0,45.508533,750.9002,1430
2010-05-31 16:30:00,94.486666,22.432333,108.0,108.0,33.171866,333.704533,1430
2010-05-31 16:45:00,106.446666,22.3028,51.0,51.0,30.633533,356.135,1430
2010-05-31 17:00:00,171.0,22.791133,56.0,56.0,34.108066,612.793,1430
2010-05-31 17:15:00,229.926666,23.945533,95.0,95.0,45.949933,849.126266,1430
2010-05-31 17:30:00,223.72,23.407866,121.0,121.0,47.412266,811.192866,1430
2010-05-31 17:45:00,154.54,22.6662,114.0,114.0,39.6774,525.238133,1430
2010-05-31 18:00:00,104.526666,22.188066,76.0,76.0,33.5744,364.135533,1430
2010-05-31 18:15:00,67.613333,21.574133,55.0,55.0,28.092666,240.783533,1430
2010-05-31 18:30:00,41.34,21.1074,38.0,38.0,23.7104,136.856133,1430
2010-05-31 18:45:00,23.96,19.722266,20.0,20.0,19.879333,86.405333,1430
2010-05-05 06:00:00,15.04,1.7008,0.0,0.0,0.6782,111.648533,1430
2010-05-05 06:15:00,47.573333,1.857,7.0,7.0,2.5746,204.650933,1430
2010-05-05 06:30:00,82.81999999999998,2.307866,20.0,20.0,5.165866,309.941466,1430
2010-05-05 06:45:00,122.78,2.934133,35.0,35.0,8.608133,423.701066,1430
2010-05-05 07:00:00,164.0,3.385,54.0,54.0,12.569533,542.282133,1430
2010-05-05 07:15:00,203.306666,3.540866,70.0,70.0,16.012533,656.55,1430
2010-05-05 07:30:00,241.306666,3.776266,88.0,88.0,18.496666,772.1608,1430
2010-05-05 07:45:00,264.873333,3.873533,105.0,105.0,19.846533,847.3153999999998,1430
2010-05-05 08:00:00,279.806666,3.985466,114.0,114.0,19.711266,867.9962,1430
2010-05-05 08:15:00,299.4,4.522466,121.0,121.0,21.761533,961.975066,1430
2010-05-05 08:30:00,299.933333,4.704333,130.0,130.0,21.944133,969.807866,1430
2010-05-05 08:45:00,242.693333,4.860066,129.0,129.0,20.788333,772.878,1430
2010-05-05 09:00:00,281.86,5.355133,105.0,105.0,20.889333,879.0487329999999,1430
2010-05-05 09:15:00,287.84,6.0872,123.0,123.0,24.2672,927.8718,1430
2010-05-05 09:30:00,280.833333,6.511066,127.0,127.0,24.374333,918.2028,1430
2010-05-05 09:45:00,286.886666,6.825333,126.0,126.0,24.0184,924.687666,1430
2010-05-05 10:00:00,320.193333,7.543199999999999,125.0,125.0,26.491533,1055.786133,1430
2010-05-05 10:15:00,314.48,8.157066,145.0,145.0,28.3426,999.2066,1430
2010-05-05 10:30:00,294.886666,8.377133,141.0,141.0,27.5026,886.0829999999999,1430
2010-05-05 10:45:00,297.62,9.0952,132.0,132.0,27.721466,907.658733,1430
2010-05-05 11:00:00,254.96,9.4524,134.0,134.0,26.081066,817.2555999999998,1430
2010-05-05 11:15:00,169.56,9.224333,121.0,121.0,23.879,580.5206,1430
2010-05-05 11:30:00,154.773333,9.044133,85.0,85.0,20.102133,507.212333,1430
2010-05-05 11:45:00,222.64,9.9198,76.0,76.0,25.75,769.048,1430
2010-05-05 12:00:00,137.1,9.7416,112.0,112.0,19.940266,428.238,1430
2010-05-05 12:15:00,146.813333,9.5248,66.0,66.0,18.079466,455.764866,1430
2010-05-05 12:30:00,170.686666,10.182266,73.0,73.0,21.237066,561.2996,1430
2010-05-05 12:45:00,236.546666,10.895333,93.0,93.0,27.316133,862.670933,1430
2010-05-05 13:00:00,204.913333,11.2438,118.0,118.0,28.955333,623.270666,1430
2010-05-05 13:15:00,174.386666,10.847,90.0,90.0,22.484333,582.565266,1430
2010-05-05 13:30:00,140.933333,11.0902,83.0,83.0,22.4476,430.969333,1430
2010-05-05 13:45:00,147.793333,11.150266,68.0,68.0,22.345866,472.2748,1430
2010-05-05 14:00:00,164.44,11.397866,77.0,77.0,22.042466,512.827533,1430
2010-05-05 14:15:00,292.346666,12.3304,83.0,83.0,30.142933,918.4978,1430
2010-05-05 14:30:00,328.533333,12.920733,140.0,140.0,37.568,1128.255133,1430
2010-05-05 14:45:00,306.86,12.572533,164.0,164.0,35.489066,1041.758333,1430
2010-05-05 15:00:00,311.373333,12.7316,159.0,159.0,33.876533,996.7194,1430
2010-05-05 15:15:00,184.273333,12.314466,152.0,152.0,28.2524,627.787266,1430
2010-05-05 15:30:00,153.513333,11.956733,93.0,93.0,22.886266,444.661466,1430
2010-05-05 15:45:00,98.226666,11.8158,65.0,65.0,18.6406,320.185266,1430
2010-05-05 16:00:00,79.033333,11.918666,49.0,49.0,19.047533,262.425666,1430
2010-05-05 16:15:00,58.346666,11.6734,41.0,41.0,16.904466,200.485133,1430
2010-05-05 16:30:00,58.113333,11.610333,29.0,29.0,16.2602,202.270466,1430
2010-05-05 16:45:00,63.26,11.755333,30.0,30.0,16.731333,213.551866,1430
2010-05-05 17:00:00,60.113333,11.843066,30.0,30.0,17.200066,219.4672,1430
2010-05-05 17:15:00,51.113333,11.789,31.0,31.0,16.3304,173.1772,1430
2010-05-05 17:30:00,43.093333,11.645066,25.0,25.0,14.76,144.490533,1430
2010-05-05 17:45:00,38.4,11.441,21.0,21.0,13.289333,127.009066,1430
2010-05-05 18:00:00,33.673333,11.507333,19.0,19.0,12.564266,111.023,1430
2010-05-05 18:15:00,26.3,11.288333,15.0,15.0,11.641,88.852,1430
2010-05-05 18:30:00,24.68,11.0648,13.0,13.0,11.2896,84.854066,1430
2010-05-05 18:45:00,13.94,10.8058,12.0,12.0,10.218933,49.9268,1430
2010-05-07 06:00:00,0.0533329999999999,-2.1848,0.0,0.0,-4.995533,122.095866,1430
2010-05-07 06:15:00,9.62,-1.8,0.0,-1.0,-3.053866,201.838266,1430
2010-05-07 06:30:00,17.873333,-1.1792,5.0,5.0,-1.026866,307.871533,1430
2010-05-07 06:45:00,30.12,-1.077066,8.0,8.0,0.390666,424.662266,1430
2010-05-07 07:00:00,52.1,-0.7307329999999999,15.0,15.0,9.823466,518.229266,1430
2010-05-07 07:15:00,132.8,-0.299733,23.0,23.0,15.671533,628.9622,1430
2010-05-07 07:30:00,252.9,0.1947329999999999,62.0,62.0,18.416,784.739133,1430
2010-05-07 07:45:00,285.3,0.1976,122.0,122.0,21.884133,898.244266,1430
2010-05-07 08:00:00,308.073333,0.6413999999999999,142.0,142.0,27.117333,979.309,1430
2010-05-07 08:15:00,318.373333,1.5324,154.0,154.0,30.2676,1018.5292,1430
2010-05-07 08:30:00,323.446666,1.388466,157.0,157.0,30.175733,1039.027,1430
2010-05-07 08:45:00,328.68,2.1838,161.0,161.0,31.548133,1059.346533,1430
2010-05-07 09:00:00,265.593333,1.9582,165.0,165.0,29.519466,874.9746,1430
2010-05-07 09:15:00,332.926666,2.506,133.0,133.0,30.866266,1078.9032,1430
2010-05-07 09:30:00,333.286666,2.679333,166.0,166.0,33.079733,1070.6736,1430
2010-05-07 09:45:00,333.233333,3.5844,164.0,164.0,31.178933,1067.687866,1430
2010-05-07 10:00:00,332.053333,3.588333,166.0,166.0,33.442266,1061.386066,1430
2010-05-07 10:15:00,330.8,3.790666,166.0,166.0,33.039066,1054.306066,1430
2010-05-07 10:30:00,325.286666,4.557733,166.0,166.0,32.372266,1051.9004,1430
2010-05-07 10:45:00,332.113333,4.811266,163.0,163.0,29.8722,1060.231466,1430
2010-05-07 11:00:00,312.933333,5.132933,165.0,165.0,28.689533,1013.4226,1430
2010-05-07 11:15:00,329.766666,5.740666,155.0,155.0,27.6792,1035.624066,1430
2010-05-07 11:30:00,330.62,5.8248,165.0,165.0,28.833333,1039.464333,1430
2010-05-07 11:45:00,328.946666,5.5104,166.0,166.0,26.694466,1027.608066,1430
2010-05-07 12:00:00,329.773333,6.0168,164.0,164.0,29.609266,1033.701466,1430
2010-05-07 12:15:00,327.573333,5.523466,166.0,166.0,27.0436,1016.718666,1430
2010-05-07 12:30:00,324.446666,6.319133,161.0,161.0,30.315266,1009.897866,1430
2010-05-07 12:45:00,325.586666,6.2346,163.0,163.0,30.379666,1012.913933,1430
2010-05-07 13:00:00,325.493333,6.2182,163.0,163.0,32.4726,1014.277066,1430
2010-05-07 13:15:00,324.093333,6.817866,162.0,162.0,34.4516,1017.221866,1430
2010-05-07 13:30:00,322.28,7.261999999999999,162.0,162.0,34.5934,1015.828466,1430
2010-05-07 13:45:00,324.973333,7.495133,162.0,162.0,32.400666,1023.198533,1430
2010-05-07 14:00:00,327.006666,7.845,161.0,161.0,34.494266,1039.5508,1430
2010-05-07 14:15:00,332.82,8.1348,164.0,164.0,32.424266,1053.7058,1430
2010-05-07 14:30:00,332.813333,8.1902,166.0,166.0,33.196266,1065.4856,1430
2010-05-07 14:45:00,332.913333,8.580866,167.0,167.0,35.025866,1079.126933,1430
2010-05-07 15:00:00,331.42,8.846465999999998,166.0,166.0,34.9082,1077.3874,1430
2010-05-07 15:15:00,320.9,8.9588,164.0,164.0,36.160733,1021.906733,1430
2010-05-07 15:30:00,264.973333,9.0384,161.0,161.0,33.8962,828.3793329999999,1430
2010-05-07 15:45:00,205.64,8.383732999999998,130.0,130.0,27.401533,637.085066,1430
2010-05-07 16:00:00,206.08,8.048332999999998,102.0,102.0,22.435333,657.028133,1430
2010-05-07 16:15:00,325.44,8.972466,105.0,105.0,31.535266,1015.711533,1430
2010-05-07 16:30:00,276.973333,8.979,160.0,160.0,31.135666,866.053266,1430
2010-05-07 16:45:00,183.82,8.263933,129.0,129.0,20.792933,560.419866,1430
2010-05-07 17:00:00,190.4,8.469666,89.0,89.0,23.9012,572.3674,1430
2010-05-07 17:15:00,194.84,8.304266,88.0,88.0,18.9946,582.9112,1430
2010-05-07 17:30:00,208.146666,8.657266,98.0,98.0,22.4302,619.801866,1430
2010-05-07 17:45:00,140.666666,8.349533,100.0,100.0,18.658,415.562933,1430
2010-05-07 18:00:00,92.18,8.008666,66.0,66.0,14.420933,259.257066,1430
2010-05-07 18:15:00,28.946666,7.747066,41.0,41.0,10.433133,95.133466,1430
2010-05-07 18:30:00,20.573333,7.501733,14.0,14.0,8.382666,74.99686599999998,1430
2010-05-07 18:45:00,12.146666,7.510333,9.0,9.0,7.764332999999999,42.7652,1430
2010-06-01 06:00:00,20.893333,13.182133,12.0,12.0,12.954533,78.34359999999998,1430
2010-06-01 06:15:00,26.613333,13.113866,10.0,10.0,12.923,93.241266,1430
2010-06-01 06:30:00,35.693333,13.2762,13.0,13.0,13.558133,122.609333,1430
2010-06-01 06:45:00,42.546666,13.7384,18.0,18.0,14.566866,141.586333,1430
2010-06-01 07:00:00,42.98,14.1812,20.0,20.0,15.053866,144.0786,1430
2010-06-01 07:15:00,53.793333,14.361533,21.0,21.0,15.729066,178.960266,1430
2010-06-01 07:30:00,77.793333,15.026866,27.0,27.0,17.977866,255.574533,1430
2010-06-01 07:45:00,101.36,15.837666,39.0,39.0,20.2752,331.9042,1430
2010-06-01 08:00:00,96.733333,16.312066,51.0,51.0,21.819266,324.666266,1430
2010-06-01 08:15:00,142.08,16.9344,48.0,48.0,23.382066,494.0084,1430
2010-06-01 08:30:00,108.06,17.954666,76.0,76.0,25.2694,341.929066,1430
2010-06-01 08:45:00,85.093333,17.524266,51.0,51.0,22.401133,278.411933,1430
2010-06-01 09:00:00,94.053333,17.5908,43.0,43.0,22.303733,305.394533,1430
2010-06-01 09:15:00,104.853333,17.8036,46.0,46.0,25.620133,344.162066,1430
2010-06-01 09:30:00,167.806666,18.157466,54.0,54.0,30.082533,547.648066,1430
2010-06-01 09:45:00,277.84,18.661466,85.0,85.0,35.4648,894.409133,1430
2010-06-01 10:00:00,273.013333,18.807266,140.0,140.0,38.1208,925.9848,1430
2010-06-01 10:15:00,309.066666,19.373933,139.0,139.0,43.784866,1055.185933,1430
2010-06-01 10:30:00,298.133333,19.8176,155.0,155.0,45.805333,990.9974,1430
2010-06-01 10:45:00,216.3,19.930533,144.0,144.0,41.257933,730.4991999999999,1430
2010-06-01 11:00:00,296.853333,20.393266,110.0,110.0,43.6018,1041.57,1430
2010-06-01 11:15:00,275.806666,20.618733,159.0,159.0,43.503066,893.3513329999998,1430
2010-06-01 11:30:00,301.186666,21.604466,136.0,136.0,46.668,1012.537666,1430
2010-06-01 11:45:00,294.06,21.908866,152.0,152.0,46.0422,984.471666,1430
2010-06-01 12:00:00,299.286666,22.770933,147.0,147.0,47.989866,1015.8844,1430
2010-06-01 12:15:00,305.473333,23.189666,149.0,149.0,48.075333,1030.634666,1430
2010-06-01 12:30:00,280.753333,23.5098,153.0,153.0,47.1998,909.795133,1430
2010-06-01 12:45:00,222.373333,23.197866,138.0,138.0,44.6986,729.6956,1430
2010-06-01 13:00:00,252.886666,23.965333,113.0,113.0,45.252133,849.7568659999998,1430
2010-06-01 13:15:00,201.053333,23.779266,129.0,129.0,41.5178,655.644666,1430
2010-06-01 13:30:00,167.633333,23.217,99.0,99.0,36.307733,531.687333,1430
2010-06-01 13:45:00,124.653333,23.041666,81.0,81.0,33.8306,396.591333,1430
2010-06-01 14:00:00,98.04,22.531133,61.0,61.0,29.336,312.342466,1430
2010-06-01 14:15:00,85.046666,22.501733,49.0,49.0,27.9352,268.661533,1430
2010-06-01 14:30:00,81.666666,22.374066,42.0,42.0,27.382266,259.496066,1430
2010-06-01 14:45:00,66.28,21.9426,39.0,39.0,25.531933,216.105266,1430
2010-06-01 15:00:00,69.52,21.596333,33.0,33.0,25.0624,227.315133,1430
2010-06-01 15:15:00,60.32,21.499666,35.0,35.0,24.889066,195.459933,1430
2010-06-01 15:30:00,51.833333,20.8474,29.0,29.0,23.570133,170.293266,1430
2010-06-01 15:45:00,46.84,19.932666,25.0,25.0,22.688066,153.483066,1430
2010-06-01 16:00:00,46.193333,19.805,23.0,23.0,22.2772,150.2482,1430
2010-06-01 16:15:00,42.3,19.548,22.0,22.0,21.712266,140.0148,1430
2010-06-01 16:30:00,43.953333,19.663266,21.0,21.0,21.7522,144.078466,1430
2010-06-01 16:45:00,36.846666,19.238066,21.0,21.0,20.843266,122.0296,1430
2010-06-01 17:00:00,28.12,19.190333,17.0,17.0,20.403533,96.160866,1430
2010-06-01 17:15:00,27.706666,19.7004,14.0,14.0,20.413933,96.054,1430
2010-06-01 17:30:00,27.293333,19.649,13.0,13.0,20.6904,93.7858,1430
2010-06-01 17:45:00,26.113333,19.4104,13.0,13.0,20.283933,90.322,1430
2010-06-01 18:00:00,22.753333,19.391,12.0,12.0,19.956266,79.3508,1430
2010-06-01 18:15:00,22.62,19.433933,11.0,11.0,19.669266,77.66206599999998,1430
2010-06-01 18:30:00,15.546666,18.789733,11.0,11.0,18.909066,54.9418,1430
2010-06-01 18:45:00,11.306666,18.493133,7.0,7.0,17.938466,41.036,1430
2010-06-11 06:00:00,12.693333,12.819666,0.0,-1.0,13.805333,70.083666,1430
2010-06-11 06:15:00,15.473333,13.0318,7.0,7.0,13.992266,54.6876,1430
2010-06-11 06:30:00,20.306666,13.385466,8.0,8.0,14.4422,70.3532,1430
2010-06-11 06:45:00,36.933333,13.9542,9.0,9.0,15.9802,133.453333,1430
2010-06-11 07:00:00,93.526666,14.3446,20.0,20.0,20.1798,269.16,1430
2010-06-11 07:15:00,42.92,13.5986,42.0,42.0,18.2138,147.3948,1430
2010-06-11 07:30:00,89.45999999999998,13.382066,21.0,21.0,18.356066,286.356533,1430
2010-06-11 07:45:00,105.08,13.380666,36.0,36.0,20.522266,307.256066,1430
2010-06-11 08:00:00,97.786666,13.803733,52.0,52.0,21.179133,322.052066,1430
2010-06-11 08:15:00,236.62,14.877866,49.0,49.0,29.663333,832.005933,1430
2010-06-11 08:30:00,316.12,15.655133,125.0,125.0,40.278933,1051.167733,1430
2010-06-11 08:45:00,305.206666,16.079266,157.0,157.0,41.320933,1001.088466,1430
2010-06-11 09:00:00,277.64,16.186733,149.0,149.0,40.0692,910.359733,1430
2010-06-11 09:15:00,246.4,15.981,140.0,140.0,36.788533,778.874666,1430
2010-06-11 09:30:00,217.973333,16.3052,111.0,111.0,34.5094,706.542933,1430
2010-06-11 09:45:00,269.933333,17.009733,104.0,104.0,42.148,900.9602000000002,1430
2010-06-11 10:00:00,126.64,16.641133,125.0,125.0,34.4704,380.889933,1430
2010-06-11 10:15:00,133.513333,16.257533,59.0,59.0,27.8088,418.192466,1430
2010-06-11 10:30:00,174.846666,16.3662,69.0,69.0,29.4982,524.826333,1430
2010-06-11 10:45:00,218.073333,16.8286,87.0,87.0,33.577066,680.425066,1430
2010-06-11 11:00:00,200.273333,17.208533,111.0,111.0,35.391866,618.881266,1430
2010-06-11 11:15:00,282.453333,17.467333,101.0,101.0,36.899866,953.2624,1430
2010-06-11 11:30:00,306.913333,18.3324,133.0,133.0,46.236333,1122.528133,1430
2010-06-11 11:45:00,172.146666,17.844333,153.0,153.0,38.339666,521.636866,1430
2010-06-11 12:00:00,144.926666,17.507666,81.0,81.0,30.571,466.171333,1430
2010-06-11 12:15:00,296.846666,18.5432,79.0,79.0,39.643933,1117.0756,1430
2010-06-11 12:30:00,226.133333,18.5992,153.0,153.0,46.0806,791.554733,1430
2010-06-11 12:45:00,186.013333,18.407933,106.0,106.0,34.942733,646.179266,1430
2010-06-11 13:00:00,215.166666,18.894533,94.0,94.0,38.538333,785.909133,1430
2010-06-11 13:15:00,148.86,18.508266,108.0,108.0,31.0642,475.245133,1430
2010-06-11 13:30:00,168.9,19.0506,74.0,74.0,34.547333,530.782133,1430
2010-06-11 13:45:00,36.153333,18.067,76.0,76.0,23.5618,112.930333,1430
2010-06-11 14:00:00,19.593333,17.852333,16.0,16.0,19.667466,64.992266,1430
2010-06-11 14:15:00,10.96,17.745333,9.0,9.0,18.653866,40.318733,1430
2010-06-11 14:30:00,3.98,16.865333,5.0,5.0,17.4004,17.567933,1430
2010-06-11 14:45:00,2.893333,15.352333,2.0,2.0,14.137066,13.768533,1430
2010-06-11 15:00:00,0.0,11.709066,1.0,1.0,7.990732999999999,10.431933,1430
2010-06-11 15:15:00,34.426666,9.475133,0.0,0.0,10.079066,138.2394,1430
2010-06-11 15:30:00,85.06,11.0486,19.0,19.0,15.412333,270.304266,1430
2010-06-11 15:45:00,98.18,12.178266,43.0,43.0,19.844133,320.8618,1430
2010-06-11 16:00:00,52.853333,12.487933,50.0,50.0,20.1146,258.941666,1430
2010-06-11 16:15:00,18.44,12.486066,29.0,29.0,15.889466,65.526266,1430
2010-06-11 16:30:00,27.173333,13.0568,9.0,9.0,14.9616,91.969866,1430
2010-06-11 16:45:00,12.213333,13.921,13.0,13.0,15.129333,43.7368,1430
2010-06-11 17:00:00,4.786666,14.130533,5.0,5.0,14.7528,21.530133,1430
2010-06-11 17:15:00,4.48,13.929466,2.0,2.0,14.462266,20.4672,1430
2010-06-11 17:30:00,5.18,13.656466,2.0,2.0,14.132333,22.720333,1430
2010-06-11 17:45:00,9.446666,13.9164,2.0,2.0,14.303666,37.236466,1430
2010-06-11 18:00:00,11.76,14.231733,4.0,4.0,14.7536,45.578,1430
2010-06-11 18:15:00,24.36,13.565866,6.0,6.0,15.017533,84.610066,1430
2010-06-11 18:30:00,31.793333,13.411333,12.0,12.0,15.065333,103.2104,1430
2010-06-11 18:45:00,13.273333,13.151666,15.0,15.0,13.973,48.1974,1430
2010-06-12 06:00:00,0.0,6.0024,0.0,0.0,6.707066,25.411,1430
2010-06-12 06:15:00,4.16,5.9026,0.0,-1.0,6.846533,36.860133,1430
2010-06-12 06:30:00,14.633333,5.907,2.0,2.0,6.976533,49.825066,1430
2010-06-12 06:45:00,10.386666,6.000466,7.0,7.0,6.986466,36.997466,1430
2010-06-12 07:00:00,11.033333,6.088266,4.0,4.0,7.196466,39.5102,1430
2010-06-12 07:15:00,6.62,5.9306,5.0,5.0,6.7588,27.323333,1430
2010-06-12 07:30:00,19.473333,5.7752,3.0,3.0,6.927333,64.4632,1430
2010-06-12 07:45:00,19.746666,5.6624,10.0,10.0,7.0658,62.240733,1430
2010-06-12 08:00:00,15.493333,5.597666,8.0,8.0,6.737266,53.975466,1430
2010-06-12 08:15:00,17.246666,5.633066,8.0,8.0,7.054,58.3496,1430
2010-06-12 08:30:00,19.74,5.690533,8.0,8.0,7.1816,65.490733,1430
2010-06-12 08:45:00,14.586666,5.838466,10.0,10.0,7.223066,49.1232,1430
2010-06-12 09:00:00,16.46,5.794,6.0,6.0,7.238266,56.747533,1430
2010-06-12 09:15:00,27.073333,6.0446,9.0,9.0,8.150466,84.086133,1430
2010-06-12 09:30:00,13.0,5.906133,12.0,12.0,7.694,46.437533,1430
2010-06-12 09:45:00,28.7,5.981533,7.0,7.0,7.928333,92.427666,1430
2010-06-12 10:00:00,67.64,6.142866,14.0,14.0,10.726866,199.391533,1430
2010-06-12 10:15:00,77.78666599999998,6.4484,35.0,35.0,12.200466,226.801533,1430
2010-06-12 10:30:00,75.453333,6.655733,39.0,39.0,12.256133,217.107133,1430
2010-06-12 10:45:00,115.42,6.970933,38.0,38.0,14.2624,327.753666,1430
2010-06-12 11:00:00,77.58666599999998,7.314333,56.0,56.0,13.5838,219.970666,1430
2010-06-12 11:15:00,103.4,7.196066,37.0,37.0,12.749,287.496,1430
2010-06-12 11:30:00,45.706666,7.1238,49.0,49.0,10.672333,133.712733,1430
2010-06-12 11:45:00,61.34,6.934733,22.0,22.0,10.129266,179.570466,1430
2010-06-12 12:00:00,37.213333,6.982866,28.0,28.0,9.229,117.4114,1430
2010-06-12 12:15:00,80.98,7.049066,20.0,20.0,10.049,238.606733,1430
2010-06-12 12:30:00,51.666666,7.124,40.0,40.0,10.2264,157.389333,1430
2010-06-12 12:45:00,66.293333,7.429533,25.0,25.0,10.628,200.826066,1430
2010-06-12 13:00:00,67.766666,7.3128,33.0,33.0,11.036133,202.677466,1430
2010-06-12 13:15:00,52.34,7.338266,33.0,33.0,10.445266,158.432066,1430
2010-06-12 13:30:00,41.226666,7.431199999999999,25.0,25.0,9.983933,133.082066,1430
2010-06-12 13:45:00,59.9,7.606133,20.0,20.0,11.244066,184.7282,1430
2010-06-12 14:00:00,25.953333,7.535266,29.0,29.0,10.050866,88.322866,1430
2010-06-12 14:15:00,29.76,7.403866,13.0,13.0,8.949466,99.583866,1430
2010-06-12 14:30:00,40.406666,7.2888,14.0,14.0,8.959733,135.508133,1430
2010-06-12 14:45:00,62.146666,7.399733,22.0,22.0,10.1182,194.4834,1430
2010-06-12 15:00:00,36.093333,7.122266,29.0,29.0,9.377466,118.184466,1430
2010-06-12 15:15:00,26.873333,6.981133,17.0,17.0,8.889533,93.175266,1430
2010-06-12 15:30:00,29.06,7.0164,12.0,12.0,8.9106,105.814666,1430
2010-06-12 15:45:00,21.046666,6.956533,14.0,14.0,8.467466,75.5768,1430
2010-06-12 16:00:00,25.993333,7.023066,11.0,11.0,8.519533,87.36159999999998,1430
2010-06-12 16:15:00,21.746666,7.089333,12.0,12.0,8.5714,73.989866,1430
2010-06-12 16:30:00,18.44,6.908133,10.0,10.0,8.058866,65.261933,1430
2010-06-12 16:45:00,23.533333,6.855666,9.0,9.0,8.088333,79.65606599999998,1430
2010-06-12 17:00:00,13.093333,6.899533,11.0,11.0,7.8474,48.273533,1430
2010-06-12 17:15:00,16.98,6.955533,6.0,6.0,8.0166,60.735,1430
2010-06-12 17:30:00,21.26,7.190066,8.0,8.0,8.400066,70.826133,1430
2010-06-12 17:45:00,14.906666,7.0362,10.0,10.0,7.930866,53.2532,1430
2010-06-12 18:00:00,10.226666,6.911333,7.0,7.0,7.616666,38.325066,1430
2010-06-12 18:15:00,5.826666,6.9986,5.0,5.0,7.591199999999999,23.000133,1430
2010-06-12 18:30:00,7.013333,7.162733,2.0,2.0,7.676933,26.6978,1430
2010-06-12 18:45:00,7.246666,7.111466,3.0,3.0,7.579466,28.1066,1430
2010-06-13 06:00:00,8.906665999999998,6.2502,1.0,1.0,7.018533,33.976133,1430
2010-06-13 06:15:00,17.386666,6.326533,3.0,3.0,7.338333,60.791,1430
2010-06-13 06:30:00,19.133333,6.513266,9.0,9.0,7.8776,62.881466,1430
2010-06-13 06:45:00,16.206666,6.542533,9.0,9.0,7.666,56.9102,1430
2010-06-13 07:00:00,22.986666,6.535266,8.0,8.0,7.8734,72.855666,1430
2010-06-13 07:15:00,24.973333,6.199066,11.0,11.0,7.631865999999999,78.22666599999998,1430
2010-06-13 07:30:00,20.04,6.097066,11.0,11.0,7.307666,65.007533,1430
2010-06-13 07:45:00,23.92,6.034733,10.0,10.0,7.294333,74.83413299999998,1430
2010-06-13 08:00:00,22.26,6.131,11.0,11.0,7.5612,72.41326599999998,1430
2010-06-13 08:15:00,20.16,6.092133,11.0,11.0,7.399866,65.277,1430
2010-06-13 08:30:00,25.2,6.051333,9.0,9.0,7.423466,82.982466,1430
2010-06-13 08:45:00,25.56,6.038733,13.0,13.0,7.5448,79.828866,1430
2010-06-13 09:00:00,29.193333,6.0156,12.0,12.0,7.5336,94.756933,1430
2010-06-13 09:15:00,42.466666,6.205866,15.0,15.0,8.412065999999998,129.363933,1430
2010-06-13 09:30:00,44.246666,6.320533,20.0,20.0,8.762665999999998,132.639666,1430
2010-06-13 09:45:00,37.106666,6.346066,21.0,21.0,8.285,113.9628,1430
2010-06-13 10:00:00,22.873333,6.352,18.0,18.0,7.906265999999999,72.1538,1430
2010-06-13 10:15:00,24.12,6.3202,10.0,10.0,7.644599999999999,80.18993299999998,1430
2010-06-13 10:30:00,88.72,6.5186,13.0,13.0,9.801133,257.115666,1430
2010-06-13 10:45:00,98.006666,6.727066,45.0,45.0,10.8802,286.071666,1430
2010-06-13 11:00:00,104.346666,7.0206,49.0,49.0,12.164133,304.5044,1430
2010-06-13 11:15:00,109.36,7.169466,52.0,52.0,12.706333,320.460066,1430
2010-06-13 11:30:00,106.566666,7.449866,55.0,55.0,14.6494,304.422933,1430
2010-06-13 11:45:00,84.42666599999998,7.393,49.0,49.0,12.803466,253.4434,1430
2010-06-13 12:00:00,150.986666,7.812465999999999,43.0,43.0,15.938066,431.9458,1430
2010-06-13 12:15:00,190.753333,8.223533,73.0,73.0,19.254933,577.072133,1430
2010-06-13 12:30:00,135.266666,8.452199999999998,101.0,101.0,18.585933,394.861866,1430
2010-06-13 12:45:00,97.413333,8.247332999999998,67.0,67.0,15.1708,290.502,1430
2010-06-13 13:00:00,74.026666,8.106066,49.0,49.0,13.172133,221.99,1430
2010-06-13 13:15:00,131.293333,8.622,37.0,37.0,15.7846,396.158933,1430
2010-06-13 13:30:00,166.653333,9.0972,70.0,70.0,19.3716,489.685133,1430
2010-06-13 13:45:00,147.053333,9.085733,83.0,83.0,17.415666,438.3494,1430
2010-06-13 14:00:00,163.86,9.585266,79.0,79.0,20.749133,488.866133,1430
2010-06-13 14:15:00,85.37999999999998,9.5006,78.0,78.0,16.321933,252.812733,1430
2010-06-13 14:30:00,36.053333,9.3542,41.0,41.0,13.447866,112.075733,1430
2010-06-13 14:45:00,28.233333,8.937666,16.0,16.0,11.244666,92.463133,1430
2010-06-13 15:00:00,28.686666,8.9282,14.0,14.0,11.469333,90.525333,1430
2010-06-13 15:15:00,12.26,8.638199999999998,13.0,13.0,10.223333,44.921933,1430
2010-06-13 15:30:00,16.18,8.595665999999998,5.0,5.0,9.495466,59.667133,1430
2010-06-13 15:45:00,24.04,8.753533,8.0,8.0,9.916466,84.304866,1430
2010-06-13 16:00:00,29.593333,9.018866,13.0,13.0,11.111533,96.7102,1430
2010-06-13 16:15:00,17.473333,8.8898,14.0,14.0,10.813266,58.837866,1430
2010-06-13 16:30:00,7.533333,8.623599999999998,7.0,7.0,9.691066,29.637733,1430
2010-06-13 16:45:00,8.773333,8.417866,3.0,3.0,8.735799999999998,35.344466,1430
2010-06-13 17:00:00,14.44,8.452465999999998,5.0,5.0,8.784133,50.877866,1430
2010-06-13 17:15:00,9.1,8.485265999999998,6.0,6.0,8.810532999999998,34.866333,1430
2010-06-13 17:30:00,7.786666,8.522066,4.0,4.0,8.848065999999998,30.990533,1430
2010-06-13 17:45:00,3.386666,8.334132999999998,3.0,3.0,8.6064,17.120333,1430
2010-06-13 18:00:00,1.206666,8.156733,1.0,1.0,8.155865999999998,11.1338,1430
2010-06-13 18:15:00,0.0,7.778533,0.0,0.0,7.6018,7.441133,1430
2010-06-13 18:30:00,0.0,7.430333,0.0,0.0,7.2164,9.1044,1430
2010-06-13 18:45:00,0.0,7.358132999999999,0.0,-1.0,7.224266,8.158333,1430
2010-06-15 06:00:00,0.0,11.775133,9.0,9.0,13.693933,273.874933,1430
2010-06-15 06:15:00,0.0,12.1874,17.0,17.0,15.9262,374.7508,1430
2010-06-15 06:30:00,0.0,12.622733,27.0,27.0,18.798666,481.847066,1430
2010-06-15 06:45:00,0.0,13.173866,37.0,37.0,22.035066,591.832466,1430
2010-06-15 07:00:00,0.0,13.760866,47.0,47.0,26.309333,698.898266,1430
2010-06-15 07:15:00,0.0,14.3936,57.0,57.0,29.3506,812.093066,1430
2010-06-15 07:30:00,0.0,14.970933,65.0,65.0,31.634466,906.143266,1430
2010-06-15 07:45:00,0.0,15.655133,71.0,71.0,34.606866,953.770866,1430
2010-06-15 08:00:00,0.0,16.446933,74.0,74.0,37.309066,985.316,1430
2010-06-15 08:15:00,0.0,17.249133,77.0,77.0,40.2472,1011.1796,1430
2010-06-15 08:30:00,0.0,18.320666,79.0,79.0,45.6002,1028.589866,1430
2010-06-15 08:45:00,0.0,18.918733,80.0,80.0,53.232066,1041.1784,1430
2010-06-15 09:00:00,0.0,18.782733,79.0,79.0,54.132333,1050.8882,1430
2010-06-15 09:15:00,0.0,18.743533,80.0,80.0,53.198933,1053.736266,1430
2010-06-15 09:30:00,0.0,18.72,81.0,81.0,51.4892,1054.1992,1430
2010-06-15 09:45:00,0.0,18.5754,82.0,82.0,49.485466,1053.4262,1430
2010-06-15 10:00:00,0.0,18.5854,82.0,82.0,48.194933,1050.359133,1430
2010-06-15 10:15:00,0.0,18.787466,82.0,82.0,49.626666,1045.247533,1430
2010-06-15 10:30:00,0.0,18.587,81.0,81.0,49.0138,1042.480533,1430
2010-06-15 10:45:00,0.0,19.078933,81.0,81.0,49.954266,1039.265933,1430
2010-06-15 11:00:00,0.0,19.0184,82.0,82.0,48.962533,1036.4074,1430
2010-06-15 11:15:00,0.0,19.562,81.0,81.0,50.844866,1031.128,1430
2010-06-15 11:30:00,0.0,19.420066,81.0,81.0,48.001933,1027.058933,1430
2010-06-15 11:45:00,0.0,19.362933,80.0,80.0,49.561,1021.357333,1430
2010-06-15 12:00:00,0.0,19.640866,80.0,80.0,50.4926,1017.603666,1430
2010-06-15 12:15:00,0.0,19.933133,79.0,79.0,51.3912,1014.9334,1430
2010-06-15 12:30:00,0.0,20.237066,80.0,80.0,52.675333,1012.242666,1430
2010-06-15 12:45:00,321.426666,20.337533,80.0,80.0,52.094533,1010.304666,1430
2010-06-15 13:00:00,0.0,20.556466,80.0,80.0,51.970933,1009.6892,1430
2010-06-15 13:15:00,210.906666,20.6664,79.0,79.0,49.091066,1009.719866,1430
2010-06-15 13:30:00,320.286666,20.663666,139.0,139.0,46.938066,1010.2946,1430
2010-06-15 13:45:00,319.526666,20.914333,160.0,160.0,47.858733,1013.153,1430
2010-06-15 14:00:00,319.693333,21.371466,160.0,160.0,48.046733,1016.3218,1430
2010-06-15 14:15:00,321.68,21.5878,160.0,160.0,46.621666,1018.452933,1430
2010-06-15 14:30:00,319.433333,21.531,160.0,160.0,47.991466,1019.241333,1430
2010-06-15 14:45:00,319.92,22.127066,160.0,160.0,46.8012,1020.0754,1430
2010-06-15 15:00:00,316.96,22.413133,160.0,160.0,50.7458,1019.5466,1430
2010-06-15 15:15:00,317.773333,22.301866,157.0,157.0,48.832733,1019.7804,1430
2010-06-15 15:30:00,316.9,22.546066,159.0,159.0,48.7956,1017.0694,1430
2010-06-15 15:45:00,313.313333,22.568466,159.0,159.0,49.370266,1005.248933,1430
2010-06-15 16:00:00,309.78,22.291066,155.0,155.0,48.511,995.7224,1430
2010-06-15 16:15:00,303.52,23.079133,155.0,155.0,50.7662,980.285733,1430
2010-06-15 16:30:00,299.52,22.428,152.0,152.0,46.892266,959.243733,1430
2010-06-15 16:45:00,292.653333,23.097466,150.0,150.0,46.644333,934.5398,1430
2010-06-15 17:00:00,283.266666,22.593666,147.0,147.0,47.4544,902.003066,1430
2010-06-15 17:15:00,274.02,22.594,140.0,140.0,43.939533,864.1408,1430
2010-06-15 17:30:00,260.553333,22.581933,136.0,136.0,42.924933,813.908733,1430
2010-06-15 17:45:00,233.326666,22.245866,130.0,130.0,38.325133,701.873866,1430
2010-06-15 18:00:00,199.193333,22.385466,116.0,116.0,36.285733,591.059333,1430
2010-06-15 18:15:00,164.533333,22.208733,99.0,99.0,32.658333,478.353,1430
2010-06-15 18:30:00,109.166666,21.3116,81.0,81.0,28.8898,308.695466,1430
2010-06-15 18:45:00,66.653333,20.622066,50.0,50.0,23.8608,203.628533,1430
2010-06-17 06:00:00,64.713333,14.821066,16.0,16.0,14.687466,246.785466,1430
2010-06-17 06:15:00,105.513333,17.4788,32.0,32.0,19.693933,358.693533,1430
2010-06-17 06:30:00,145.193333,18.422666,51.0,51.0,24.341866,475.703,1430
2010-06-17 06:45:00,183.393333,17.492466,73.0,73.0,29.556133,584.798066,1430
2010-06-17 07:00:00,221.073333,18.852,92.0,92.0,32.6746,693.364466,1430
2010-06-17 07:15:00,255.146666,19.0474,110.0,110.0,34.089666,801.727333,1430
2010-06-17 07:30:00,280.293333,19.162133,127.0,127.0,36.834,892.715333,1430
2010-06-17 07:45:00,292.286666,17.4746,138.0,138.0,36.512733,935.740266,1430
2010-06-17 08:00:00,300.233333,19.000333,145.0,145.0,40.4004,972.930933,1430
2010-06-17 08:15:00,304.333333,19.264,149.0,149.0,42.2976,999.41,1430
2010-06-17 08:30:00,317.246666,20.481733,151.0,151.0,40.995,1027.1098,1430
2010-06-17 08:45:00,327.42,20.446266,158.0,158.0,37.409266,1042.785666,1430
2010-06-17 09:00:00,330.926666,20.759533,163.0,163.0,37.581,1050.643866,1430
2010-06-17 09:15:00,327.393333,21.5244,163.0,163.0,43.009933,1049.901333,1430
2010-06-17 09:30:00,321.3,22.130933,164.0,164.0,49.358733,1044.067333,1430
2010-06-17 09:45:00,321.346666,21.942266,160.0,160.0,49.910733,1045.394933,1430
2010-06-17 10:00:00,319.06,22.4374,160.0,160.0,52.167533,1044.830333,1430
2010-06-17 10:15:00,324.146666,22.1766,160.0,160.0,49.333266,1045.8526,1430
2010-06-17 10:30:00,320.3,22.510666,159.0,159.0,49.4992,1042.338133,1430
2010-06-17 10:45:00,319.326666,23.172,160.0,160.0,49.456133,1034.4492,1430
2010-06-17 11:00:00,321.04,23.201,159.0,159.0,46.371933,1026.468933,1430
2010-06-17 11:15:00,321.593333,23.343133,160.0,160.0,44.484466,1024.8922,1430
2010-06-17 11:30:00,319.0,23.374266,160.0,160.0,45.586066,1018.234133,1430
2010-06-17 11:45:00,318.886666,24.0266,159.0,159.0,46.361133,1012.395133,1430
2010-06-17 12:00:00,322.36,24.4956,158.0,158.0,44.2286,1009.160333,1430
2010-06-17 12:15:00,320.186666,24.514266,161.0,161.0,46.8488,1009.607866,1430
2010-06-17 12:30:00,318.293333,24.6726,160.0,160.0,49.543066,1012.303733,1430
2010-06-17 12:45:00,318.8,25.294866,159.0,159.0,51.363466,1017.430733,1430
2010-06-17 13:00:00,323.073333,25.763266,160.0,160.0,49.854933,1017.379733,1430
2010-06-17 13:15:00,321.646666,25.84,160.0,160.0,49.193266,1018.0868,1430
2010-06-17 13:30:00,321.753333,25.8034,160.0,160.0,46.399733,1018.595333,1430
2010-06-17 13:45:00,321.826666,26.284266,161.0,161.0,47.987466,1022.201666,1430
2010-06-17 14:00:00,322.64,26.1988,161.0,161.0,43.7362,1024.526066,1430
2010-06-17 14:15:00,319.786666,26.342266,162.0,162.0,47.239,1024.8566,1430
2010-06-17 14:30:00,320.426666,25.429133,159.0,159.0,46.582133,1022.435466,1430
2010-06-17 14:45:00,325.453333,24.432733,159.0,159.0,42.6566,1021.8404,1430
2010-06-17 15:00:00,325.313333,24.7366,163.0,163.0,42.979,1027.888066,1430
2010-06-17 15:15:00,323.626666,24.657466,163.0,163.0,42.515133,1023.961333,1430
2010-06-17 15:30:00,320.886666,24.619533,162.0,162.0,43.4774,1020.884133,1430
2010-06-17 15:45:00,317.7,24.917066,160.0,160.0,45.849733,1019.307466,1430
2010-06-17 16:00:00,315.333333,24.745266,157.0,157.0,43.337933,1007.751466,1430
2010-06-17 16:15:00,310.6,24.693133,157.0,157.0,44.963666,994.1508,1430
2010-06-17 16:30:00,306.0,24.7626,155.0,155.0,43.664133,976.577733,1430
2010-06-17 16:45:00,298.706666,24.975933,153.0,153.0,45.170266,956.573533,1430
2010-06-17 17:00:00,288.866666,25.105066,150.0,150.0,48.085533,925.938866,1430
2010-06-17 17:15:00,280.466666,24.744333,144.0,144.0,44.175333,887.9597999999999,1430
2010-06-17 17:30:00,268.493333,24.705133,138.0,138.0,43.4322,839.3046,1430
2010-06-17 17:45:00,238.753333,24.6842,133.0,133.0,42.122666,728.220466,1430
2010-06-17 18:00:00,208.206666,24.331666,119.0,119.0,37.106,615.600466,1430
2010-06-17 18:15:00,172.993333,24.023733,102.0,102.0,34.605933,503.784133,1430
2010-06-17 18:30:00,140.1,23.593866,86.0,86.0,31.464666,405.5278,1430
2010-06-17 18:45:00,102.953333,23.2524,67.0,67.0,28.835866,306.691533,1430
2010-06-21 06:00:00,0.0,12.887533,2.0,2.0,11.062,88.175666,1430
2010-06-21 06:15:00,0.0,12.970333,6.0,6.0,12.871733,121.968666,1430
2010-06-21 06:30:00,0.0,13.2234,9.0,9.0,15.208466,161.753266,1430
2010-06-21 06:45:00,0.0,13.5136,11.0,11.0,16.493466,182.983333,1430
2010-06-21 07:00:00,0.0,14.407466,14.0,14.0,19.263,290.273066,1430
2010-06-21 07:15:00,0.0,14.749733,22.0,22.0,23.5542,406.163533,1430
2010-06-21 07:30:00,0.0,15.594666,31.0,31.0,28.478133,504.5522,1430
2010-06-21 07:45:00,0.0,16.5362,38.0,38.0,33.027666,558.548066,1430
2010-06-21 08:00:00,0.0,17.4462,41.0,41.0,38.169933,629.547066,1430
2010-06-21 08:15:00,0.0,18.038666,47.0,47.0,44.2608,747.914533,1430
2010-06-21 08:30:00,0.0,18.963933,56.0,56.0,49.268133,871.7396,1430
2010-06-21 08:45:00,0.0,18.7826,64.0,64.0,53.254066,975.789333,1430
2010-06-21 09:00:00,0.0,19.0344,73.0,73.0,55.254533,1020.365266,1430
2010-06-21 09:15:00,0.0,19.5988,75.0,75.0,55.385866,1019.958533,1430
2010-06-21 09:30:00,0.0,20.062066,74.0,74.0,55.0382,1032.847066,1430
2010-06-21 09:45:00,0.0,20.4324,76.0,76.0,53.257666,1018.8498,1430
2010-06-21 10:00:00,0.0,20.898933,77.0,77.0,52.7838,1017.4916,1430
2010-06-21 10:15:00,0.0,20.5334,77.0,77.0,52.8674,1012.786933,1430
2010-06-21 10:30:00,0.0,20.7694,77.0,77.0,53.6382,1011.042266,1430
2010-06-21 10:45:00,0.0,21.103733,75.0,75.0,53.608533,1000.539066,1430
2010-06-21 11:00:00,0.0,21.509866,76.0,76.0,53.605,998.586066,1430
2010-06-21 11:15:00,0.0,21.755866,77.0,77.0,52.9176,999.989866,1430
2010-06-21 11:30:00,0.0,22.010133,76.0,76.0,52.631266,991.928066,1430
2010-06-21 11:45:00,0.0,22.6322,75.0,75.0,52.459,979.838,1430
2010-06-21 12:00:00,0.0,22.8934,75.0,75.0,53.599533,983.8714,1430
2010-06-21 12:15:00,0.0,23.127133,75.0,75.0,52.519466,970.687933,1430
2010-06-21 12:30:00,0.0,23.2046,75.0,75.0,52.297666,964.309733,1430
2010-06-21 12:45:00,299.7,23.206866,73.0,73.0,52.081066,928.024333,1430
2010-06-21 13:00:00,302.7,23.948133,75.0,75.0,51.604,972.040866,1430
2010-06-21 13:15:00,308.726666,24.244533,75.0,75.0,52.300066,995.7732,1430
2010-06-21 13:30:00,299.586666,25.072,76.0,76.0,53.9296,994.781466,1430
2010-06-21 13:45:00,303.66,25.693066,76.0,76.0,54.020733,976.053866,1430
2010-06-21 14:00:00,290.366666,25.9448,75.0,75.0,52.290666,906.346666,1430
2010-06-21 14:15:00,291.106666,26.470466,73.0,73.0,52.321933,1011.128733,1430
2010-06-21 14:30:00,281.16,26.783533,75.0,75.0,53.124266,884.6182,1430
2010-06-21 14:45:00,316.066666,26.812,69.0,69.0,57.897533,1055.6844,1430
2010-06-21 15:00:00,0.0,24.981666,78.0,78.0,48.686466,1030.288866,1430
2010-06-21 15:15:00,74.266666,22.785,82.0,82.0,32.5036,222.5188,1430
2010-06-21 15:30:00,135.006666,22.112333,30.0,30.0,27.374866,462.676933,1430
2010-06-21 15:45:00,220.04,23.3988,76.0,76.0,38.127866,661.8702,1430
2010-06-21 16:00:00,158.486666,22.475333,102.0,102.0,32.865933,478.887,1430
2010-06-21 16:15:00,233.446666,22.831066,79.0,79.0,35.118466,737.1674,1430
2010-06-21 16:30:00,183.793333,22.593866,114.0,114.0,35.6288,620.910733,1430
2010-06-21 16:45:00,230.373333,22.711666,95.0,95.0,37.266733,756.6426,1430
2010-06-21 17:00:00,91.473333,22.3664,122.0,122.0,31.935666,290.288266,1430
2010-06-21 17:15:00,61.3,22.051333,39.0,39.0,26.3774,210.729066,1430
2010-06-21 17:30:00,71.573333,21.977333,35.0,35.0,27.785,251.6836,1430
2010-06-21 17:45:00,242.6,22.798066,35.0,35.0,35.175866,680.068933,1430
2010-06-21 18:00:00,128.013333,22.387666,109.0,109.0,32.7792,412.0228,1430
2010-06-21 18:15:00,114.866666,22.022866,65.0,65.0,31.5984,350.9216,1430
2010-06-21 18:30:00,39.84,21.113533,61.0,61.0,24.7966,92.147866,1430
2010-06-21 18:45:00,35.78,20.3288,14.0,14.0,20.379133,116.841666,1430
2010-06-22 06:00:00,67.786666,15.6686,16.0,16.0,17.240666,259.684266,1430
2010-06-22 06:15:00,103.633333,16.467466,33.0,33.0,20.2806,353.291866,1430
2010-06-22 06:30:00,142.466666,17.3048,51.0,51.0,23.573866,458.969133,1430
2010-06-22 06:45:00,177.94,18.053466,71.0,71.0,27.539933,566.976066,1430
2010-06-22 07:00:00,214.04,18.8292,89.0,89.0,32.074666,672.4194,1430
2010-06-22 07:15:00,243.986666,18.664,107.0,107.0,38.851466,779.668133,1430
2010-06-22 07:30:00,271.06,19.251933,120.0,120.0,44.181666,889.3178,1430
2010-06-22 07:45:00,282.78,19.869733,134.0,134.0,48.778866,945.200666,1430
2010-06-22 08:00:00,290.44,20.5358,140.0,140.0,50.3048,977.218666,1430
2010-06-22 08:15:00,297.386666,20.7976,144.0,144.0,52.253266,1005.594933,1430
2010-06-22 08:30:00,304.693333,21.131266,147.0,147.0,51.614733,1028.366133,1430
2010-06-22 08:45:00,309.966666,20.676933,150.0,150.0,50.7402,1042.734933,1430
2010-06-22 09:00:00,312.46,20.8194,154.0,154.0,52.183266,1052.861466,1430
2010-06-22 09:15:00,314.18,21.457533,154.0,154.0,53.269066,1056.549066,1430
2010-06-22 09:30:00,314.68,22.0932,156.0,156.0,53.283533,1055.999666,1430
2010-06-22 09:45:00,297.186666,22.463133,156.0,156.0,49.0082,883.987666,1430
2010-06-22 10:00:00,303.113333,23.165533,151.0,151.0,52.0112,1055.903,1430
2010-06-22 10:15:00,313.92,23.7692,150.0,150.0,50.868466,1058.858133,1430
2010-06-22 10:30:00,314.813333,23.234066,156.0,156.0,49.545466,1053.029333,1430
2010-06-22 10:45:00,315.086666,24.344333,157.0,157.0,50.057266,1056.050733,1430
2010-06-22 11:00:00,315.593333,25.2456,157.0,157.0,49.652133,1057.535733,1430
2010-06-22 11:15:00,316.913333,26.1454,157.0,157.0,48.821066,1041.2242,1430
2010-06-22 11:30:00,314.053333,26.6646,154.0,154.0,47.279533,1038.9862,1430
2010-06-22 11:45:00,297.673333,25.822533,156.0,156.0,44.086133,977.9866,1430
2010-06-22 12:00:00,193.873333,25.195333,143.0,143.0,37.3072,582.860266,1430
2010-06-22 12:15:00,259.933333,25.638666,97.0,97.0,40.6416,879.0691329999999,1430
2010-06-22 12:30:00,324.526666,26.2058,138.0,138.0,44.6082,1032.135133,1430
2010-06-22 12:45:00,320.753333,26.173533,162.0,162.0,44.033733,1023.518866,1430
2010-06-22 13:00:00,319.2,26.112133,158.0,158.0,42.955533,1016.1744,1430
2010-06-22 13:15:00,292.373333,26.0854,159.0,159.0,42.587933,947.962466,1430
2010-06-22 13:30:00,297.446666,26.000866,149.0,149.0,41.484133,933.446266,1430
2010-06-22 13:45:00,314.206666,25.997866,146.0,146.0,42.819866,981.196133,1430
2010-06-22 14:00:00,322.48,25.9894,156.0,156.0,44.877866,1020.329866,1430
2010-06-22 14:15:00,296.086666,25.927533,159.0,159.0,42.2956,969.955466,1430
2010-06-22 14:30:00,318.146666,26.1154,148.0,148.0,43.6806,1021.8254,1430
2010-06-22 14:45:00,305.533333,26.223866,159.0,159.0,41.4906,991.4298,1430
2010-06-22 15:00:00,286.593333,26.546333,150.0,150.0,44.567533,847.6917999999998,1430
2010-06-22 15:15:00,186.833333,26.016533,117.0,117.0,37.488866,626.861533,1430
2010-06-22 15:30:00,245.493333,26.722,92.0,92.0,40.8838,813.38,1430
2010-06-22 15:45:00,296.486666,26.874533,123.0,123.0,43.1846,983.3526,1430
2010-06-22 16:00:00,307.213333,27.493333,153.0,153.0,46.400733,1016.332066,1430
2010-06-22 16:15:00,301.22,27.1298,154.0,154.0,45.2774,952.082266,1430
2010-06-22 16:30:00,283.206666,27.2212,143.0,143.0,45.734,922.454733,1430
2010-06-22 16:45:00,278.293333,26.996266,145.0,145.0,42.636733,881.439333,1430
2010-06-22 17:00:00,222.133333,26.727466,131.0,131.0,40.489,714.9558,1430
2010-06-22 17:15:00,219.8,26.7052,111.0,111.0,40.111666,726.8981999999999,1430
2010-06-22 17:30:00,266.326666,26.784733,111.0,111.0,41.950733,863.6169999999998,1430
2010-06-22 17:45:00,240.093333,26.542266,133.0,133.0,42.237866,761.4746,1430
2010-06-22 18:00:00,205.26,26.172733,120.0,120.0,40.0512,629.160533,1430
2010-06-22 18:15:00,162.386666,25.539,101.0,101.0,35.375133,490.549666,1430
2010-06-22 18:30:00,127.933333,25.347466,79.0,79.0,32.671133,378.804466,1430
2010-06-22 18:45:00,92.44,24.9402,62.0,62.0,29.805133,281.524533,1430
2010-06-27 06:00:00,52.913333,12.710466,14.0,14.0,14.648866,224.232933,1430
2010-06-27 06:15:00,81.61333299999998,13.0662,27.0,27.0,18.430133,315.9994,1430
2010-06-27 06:30:00,112.573333,14.1516,43.0,43.0,23.423266,414.3474,1430
2010-06-27 06:45:00,149.96,15.278866,59.0,59.0,29.617133,544.7336,1430
2010-06-27 07:00:00,175.113333,15.3196,79.0,79.0,34.115733,634.501133,1430
2010-06-27 07:15:00,200.493333,15.449733,93.0,93.0,36.227666,737.874333,1430
2010-06-27 07:30:00,170.166666,15.201933,107.0,107.0,35.5648,612.920133,1430
2010-06-27 07:45:00,190.053333,15.1122,84.0,84.0,33.3332,722.386666,1430
2010-06-27 08:00:00,243.72,16.3562,104.0,104.0,40.935133,888.961866,1430
2010-06-27 08:15:00,260.733333,16.277,123.0,123.0,44.899933,967.5800660000002,1430
2010-06-27 08:30:00,267.613333,16.614066,137.0,137.0,47.589266,986.424866,1430
2010-06-27 08:45:00,277.233333,16.518533,140.0,140.0,48.562533,1023.1374,1430
2010-06-27 09:00:00,283.753333,16.761866,144.0,144.0,50.4242,1069.722533,1430
2010-06-27 09:15:00,286.706666,17.539666,147.0,147.0,50.818666,1050.588,1430
2010-06-27 09:30:00,289.566666,17.569466,145.0,145.0,48.010733,1026.6724,1430
2010-06-27 09:45:00,293.18,17.480533,149.0,149.0,44.914933,1026.992866,1430
2010-06-27 10:00:00,294.666666,17.845466,151.0,151.0,45.031133,1016.8202,1430
2010-06-27 10:15:00,296.013333,17.9088,151.0,151.0,45.390066,1013.4786,1430
2010-06-27 10:30:00,297.413333,18.141933,151.0,151.0,43.4186,1008.036333,1430
2010-06-27 10:45:00,300.706666,18.541533,150.0,150.0,42.662933,1008.717866,1430
2010-06-27 11:00:00,300.446666,18.9982,153.0,153.0,45.504,1001.938,1430
2010-06-27 11:15:00,302.52,18.743066,152.0,152.0,46.126666,999.6186,1430
2010-06-27 11:30:00,292.593333,19.733666,153.0,153.0,47.181,978.297066,1430
2010-06-27 11:45:00,302.633333,19.709733,149.0,149.0,43.7668,984.3902,1430
2010-06-27 12:00:00,301.553333,19.9912,152.0,152.0,45.426,980.550066,1430
2010-06-27 12:15:00,304.226666,20.436266,149.0,149.0,48.769266,989.323933,1430
2010-06-27 12:30:00,262.686666,20.1606,152.0,152.0,45.106533,831.4718,1430
2010-06-27 12:45:00,286.733333,20.389533,129.0,129.0,41.427533,884.7604659999998,1430
2010-06-27 13:00:00,235.453333,20.625333,137.0,137.0,39.695666,726.9796659999998,1430
2010-06-27 13:15:00,229.446666,20.842933,116.0,116.0,38.665133,671.707066,1430
2010-06-27 13:30:00,116.76,20.3122,108.0,108.0,31.197066,357.223466,1430
2010-06-27 13:45:00,190.246666,20.842733,60.0,60.0,34.138666,586.914,1430
2010-06-27 14:00:00,240.94,21.275533,98.0,98.0,40.6024,755.350666,1430
2010-06-27 14:15:00,327.48,21.9252,123.0,123.0,48.611266,1089.3452,1430
2010-06-27 14:30:00,307.433333,22.4166,164.0,164.0,50.1476,999.816933,1430
2010-06-27 14:45:00,308.713333,22.5762,153.0,153.0,52.589133,1009.506266,1430
2010-06-27 15:00:00,136.246666,22.324533,151.0,151.0,41.942733,410.019,1430
2010-06-27 15:15:00,50.76,21.676066,60.0,60.0,28.567333,161.4686,1430
2010-06-27 15:30:00,22.26,21.235133,23.0,23.0,23.6972,75.9736,1430
2010-06-27 15:45:00,12.6,21.050466,10.0,10.0,21.630933,45.6086,1430
2010-06-27 16:00:00,9.893333,20.698266,6.0,6.0,20.784,36.514266,1430
2010-06-27 16:15:00,6.533333,20.606466,4.0,4.0,20.268533,25.695733,1430
2010-06-27 16:30:00,5.853333,20.226466,3.0,3.0,19.951866,23.534066,1430
2010-06-27 16:45:00,6.253333,20.2338,2.0,2.0,20.040333,24.973533,1430
2010-06-27 17:00:00,10.253333,20.0506,3.0,3.0,20.1896,38.070866,1430
2010-06-27 17:15:00,21.9,20.122,5.0,5.0,20.617866,78.58286599999998,1430
2010-06-27 17:30:00,41.393333,20.675666,12.0,12.0,22.814,136.4694,1430
2010-06-27 17:45:00,25.166666,20.742866,19.0,19.0,22.5378,88.129733,1430
2010-06-27 18:00:00,18.64,20.235533,12.0,12.0,21.205933,66.507933,1430
2010-06-27 18:15:00,15.433333,19.931466,9.0,9.0,20.759666,56.2846,1430
2010-06-27 18:30:00,19.353333,19.970266,7.0,7.0,20.943133,67.993066,1430
2010-06-27 18:45:00,17.593333,19.280666,9.0,9.0,20.5994,62.220266,1430
2010-06-29 06:00:00,56.206666,17.433533,10.0,10.0,18.923066,244.013466,1430
2010-06-29 06:15:00,87.393333,17.832266,29.0,29.0,21.5842,339.1112,1430
2010-06-29 06:30:00,119.013333,18.3222,45.0,45.0,24.1792,440.119466,1430
2010-06-29 06:45:00,150.086666,18.996933,62.0,62.0,26.8694,547.1954,1430
2010-06-29 07:00:00,180.093333,19.784,80.0,80.0,30.7282,653.147333,1430
2010-06-29 07:15:00,208.226666,20.502,96.0,96.0,35.1024,760.538733,1430
2010-06-29 07:30:00,230.96,21.365666,111.0,111.0,41.429533,863.0118,1430
2010-06-29 07:45:00,240.28,21.176333,123.0,123.0,44.568666,915.1968,1430
2010-06-29 08:00:00,247.38,21.606,127.0,127.0,46.893066,943.5628,1430
2010-06-29 08:15:00,257.866666,21.358133,129.0,129.0,46.284266,976.715066,1430
2010-06-29 08:30:00,266.773333,21.007533,135.0,135.0,44.8242,996.9431330000002,1430
2010-06-29 08:45:00,273.586666,21.224,139.0,139.0,48.886066,1020.650066,1430
2010-06-29 09:00:00,278.78,21.5012,143.0,143.0,49.602,1059.748333,1430
2010-06-29 09:15:00,282.6,21.934066,145.0,145.0,51.229533,1048.482333,1430
2010-06-29 09:30:00,286.433333,22.439866,144.0,144.0,50.1966,1029.831066,1430
2010-06-29 09:45:00,287.8,22.723266,147.0,147.0,50.7404,1023.468,1430
2010-06-29 10:00:00,289.213333,23.224333,147.0,147.0,51.863,1018.5496,1430
2010-06-29 10:15:00,292.2,23.632466,148.0,148.0,52.0204,1016.860933,1430
2010-06-29 10:30:00,293.793333,24.138533,149.0,149.0,52.050133,1013.677,1430
2010-06-29 10:45:00,294.58,24.3534,149.0,149.0,49.076266,1008.148266,1430
2010-06-29 11:00:00,295.86,24.598133,148.0,148.0,49.621866,1006.0628,1430
2010-06-29 11:15:00,294.886666,25.1142,150.0,150.0,51.077466,998.7082,1430
2010-06-29 11:30:00,296.446666,25.523533,150.0,150.0,47.9628,992.441733,1430
2010-06-29 11:45:00,298.2,25.488,150.0,150.0,48.586866,990.0614,1430
2010-06-29 12:00:00,296.593333,26.012866,150.0,150.0,51.092066,985.672133,1430
2010-06-29 12:15:00,299.453333,26.5886,147.0,147.0,51.858866,987.660666,1430
2010-06-29 12:30:00,300.32,26.6438,150.0,150.0,52.177066,987.1876,1430
2010-06-29 12:45:00,300.893333,26.7154,150.0,150.0,51.332466,983.133866,1430
2010-06-29 13:00:00,302.673333,27.083733,150.0,150.0,52.0126,986.231466,1430
2010-06-29 13:15:00,304.54,27.5224,151.0,151.0,51.8844,988.281333,1430
2010-06-29 13:30:00,308.153333,27.508333,152.0,152.0,50.2786,998.789333,1430
2010-06-29 13:45:00,309.906666,27.413,152.0,152.0,49.052866,1005.162533,1430
2010-06-29 14:00:00,311.353333,27.891733,155.0,155.0,50.8154,1017.115266,1430
2010-06-29 14:15:00,307.593333,28.092466,156.0,156.0,53.929466,1018.569933,1430
2010-06-29 14:30:00,316.92,28.268266,154.0,154.0,51.823333,1050.496333,1430
2010-06-29 14:45:00,318.626666,28.152866,159.0,159.0,50.8452,1055.5166,1430
2010-06-29 15:00:00,323.02,28.105333,158.0,158.0,50.7418,1073.038733,1430
2010-06-29 15:15:00,320.213333,28.382066,161.0,161.0,51.499733,1071.960533,1430
2010-06-29 15:30:00,301.5,28.0934,161.0,161.0,50.5082,1014.714533,1430
2010-06-29 15:45:00,311.38,27.963133,155.0,155.0,48.506266,1002.151533,1430
2010-06-29 16:00:00,287.24,27.474866,155.0,155.0,46.125333,940.7146,1430
2010-06-29 16:15:00,108.406666,26.4722,141.0,141.0,37.0304,334.879533,1430
2010-06-29 16:30:00,79.27333299999998,25.8166,48.0,48.0,30.2604,249.867666,1430
2010-06-29 16:45:00,87.853333,25.719266,40.0,40.0,29.990133,275.232933,1430
2010-06-29 17:00:00,106.406666,25.909933,44.0,44.0,31.367866,333.704666,1430
2010-06-29 17:15:00,84.526666,25.780533,53.0,53.0,30.839666,265.396066,1430
2010-06-29 17:30:00,65.473333,25.561,41.0,41.0,29.0456,210.622133,1430
2010-06-29 17:45:00,120.68,25.5218,32.0,32.0,29.775333,384.2978,1430
2010-06-29 18:00:00,149.573333,25.698866,64.0,64.0,34.4038,462.209133,1430
2010-06-29 18:15:00,125.82,25.315133,74.0,74.0,31.548733,380.238933,1430
2010-06-29 18:30:00,62.073333,24.8314,63.0,63.0,28.222133,187.6016,1430
2010-06-29 18:45:00,24.96,24.446,29.0,29.0,24.843666,79.762866,1430
2010-06-03 06:00:00,0.0,13.131933,0.0,0.0,11.414333,17.501866,1430
2010-06-03 06:15:00,0.0,13.8292,0.0,-1.0,12.506733,21.224933,1430
2010-06-03 06:30:00,0.0,13.250533,0.0,0.0,12.623666,22.638933,1430
2010-06-03 06:45:00,0.0,13.435266,0.0,0.0,12.7094,25.105666,1430
2010-06-03 07:00:00,0.0,13.735866,0.0,-1.0,13.028133,28.849333,1430
2010-06-03 07:15:00,0.0,14.5224,0.0,0.0,13.592333,34.011866,1430
2010-06-03 07:30:00,0.0,14.9078,0.0,0.0,14.1216,41.290266,1430
2010-06-03 07:45:00,0.0,14.198733,0.0,0.0,14.273933,48.411066,1430
2010-06-03 08:00:00,0.0,14.853133,0.0,-1.0,14.771,62.037133,1430
2010-06-03 08:15:00,3.626666,14.978533,0.0,0.0,15.615933,80.75459999999998,1430
2010-06-03 08:30:00,29.726666,15.108666,6.0,6.0,15.918533,98.887,1430
2010-06-03 08:45:00,33.466666,15.212066,14.0,14.0,16.287666,109.659666,1430
2010-06-03 09:00:00,35.3,16.041,16.0,16.0,17.196066,116.317666,1430
2010-06-03 09:15:00,46.693333,16.564066,18.0,18.0,18.423866,150.217733,1430
2010-06-03 09:30:00,51.466666,17.032266,23.0,23.0,19.9536,165.608666,1430
2010-06-03 09:45:00,55.4,17.621333,25.0,25.0,20.926,181.366133,1430
2010-06-03 10:00:00,69.093333,17.508133,27.0,27.0,22.799933,222.696933,1430
2010-06-03 10:15:00,71.846666,17.580066,35.0,35.0,24.246866,227.508533,1430
2010-06-03 10:30:00,95.466666,18.023533,35.0,35.0,26.056866,301.406666,1430
2010-06-03 10:45:00,113.306666,18.346466,48.0,48.0,28.818866,355.5908,1430
2010-06-03 11:00:00,122.473333,18.694866,56.0,56.0,29.676466,389.734933,1430
2010-06-03 11:15:00,196.466666,19.702733,62.0,62.0,35.461466,591.898533,1430
2010-06-03 11:30:00,120.593333,20.244066,95.0,95.0,35.155466,383.5602,1430
2010-06-03 11:45:00,166.413333,20.461333,61.0,61.0,35.558733,544.0776,1430
2010-06-03 12:00:00,179.573333,20.765666,86.0,86.0,38.075733,584.406466,1430
2010-06-03 12:15:00,152.433333,20.1276,88.0,88.0,32.381933,503.779133,1430
2010-06-03 12:30:00,137.273333,20.219866,77.0,77.0,33.4164,423.461866,1430
2010-06-03 12:45:00,152.093333,20.676466,68.0,68.0,33.377866,474.914466,1430
2010-06-03 13:00:00,110.846666,20.885333,74.0,74.0,31.396333,347.3816,1430
2010-06-03 13:15:00,119.093333,20.794866,54.0,54.0,30.0742,379.776066,1430
2010-06-03 13:30:00,176.586666,21.442866,60.0,60.0,34.693733,542.806,1430
2010-06-03 13:45:00,115.12,21.369933,88.0,88.0,34.015666,348.683666,1430
2010-06-03 14:00:00,92.546666,21.397533,54.0,54.0,29.142266,294.555733,1430
2010-06-03 14:15:00,60.573333,21.479133,46.0,46.0,27.3902,191.4978,1430
2010-06-03 14:30:00,48.726666,21.148,28.0,28.0,25.067933,159.667866,1430
2010-06-03 14:45:00,58.353333,21.516266,24.0,24.0,25.7994,189.229333,1430
2010-06-03 15:00:00,48.613333,21.673133,29.0,29.0,26.214533,160.0902,1430
2010-06-03 15:15:00,46.786666,21.706266,23.0,23.0,25.741933,151.133266,1430
2010-06-03 15:30:00,33.94,20.6176,22.0,22.0,23.5984,116.0482,1430
2010-06-03 15:45:00,44.34,20.480066,17.0,17.0,23.585266,144.688866,1430
2010-06-03 16:00:00,41.593333,20.680133,21.0,21.0,23.7462,141.789733,1430
2010-06-03 16:15:00,51.44,21.1034,20.0,20.0,24.5824,171.4936,1430
2010-06-03 16:30:00,91.0,21.566,26.0,26.0,27.333133,378.061866,1430
2010-06-03 16:45:00,76.533333,21.7758,52.0,52.0,29.7476,251.1646,1430
2010-06-03 17:00:00,41.5,21.453333,40.0,40.0,25.3948,137.034133,1430
2010-06-03 17:15:00,45.573333,21.155466,19.0,19.0,24.259133,155.502266,1430
2010-06-03 17:30:00,65.973333,21.303533,25.0,25.0,26.6866,233.515466,1430
2010-06-03 17:45:00,37.666666,21.264333,28.0,28.0,25.063066,128.290733,1430
2010-06-03 18:00:00,34.653333,20.987333,18.0,18.0,23.446933,118.0878,1430
2010-06-03 18:15:00,59.046666,20.9196,18.0,18.0,24.320933,183.858266,1430
2010-06-03 18:30:00,25.833333,20.635666,25.0,25.0,22.167733,87.865266,1430
2010-06-03 18:45:00,22.946666,20.617533,12.0,12.0,20.555266,78.45566599999998,1430
2010-06-30 06:00:00,57.02,17.222,14.0,14.0,17.908,249.206666,1430
2010-06-30 06:15:00,89.12,17.7022,29.0,29.0,22.991533,346.501666,1430
2010-06-30 06:30:00,118.486666,18.732066,46.0,46.0,27.932733,446.1264,1430
2010-06-30 06:45:00,149.126666,19.498133,63.0,63.0,33.3808,550.425133,1430
2010-06-30 07:00:00,178.366666,19.693133,80.0,80.0,36.709666,660.202133,1430
2010-06-30 07:15:00,206.713333,20.489733,95.0,95.0,39.596933,763.1580659999998,1430
2010-06-30 07:30:00,230.866666,20.327933,109.0,109.0,42.646466,869.8069329999998,1430
2010-06-30 07:45:00,243.88,19.367466,122.0,122.0,41.5012,928.126133,1430
2010-06-30 08:00:00,254.173333,19.158333,130.0,130.0,40.024533,960.281333,1430
2010-06-30 08:15:00,262.753333,19.702066,134.0,134.0,42.1418,986.384066,1430
2010-06-30 08:30:00,270.946666,19.989133,139.0,139.0,43.6488,1010.5184,1430
2010-06-30 08:45:00,277.906666,20.688733,142.0,142.0,44.682933,1037.028,1430
2010-06-30 09:00:00,282.626666,21.238133,143.0,143.0,46.815466,1074.183133,1430
2010-06-30 09:15:00,284.813333,21.769466,147.0,147.0,49.8078,1062.3372,1430
2010-06-30 09:30:00,286.713333,22.924133,148.0,148.0,52.656933,1041.6412,1430
2010-06-30 09:45:00,288.566666,23.4588,148.0,148.0,53.4502,1034.708533,1430
2010-06-30 10:00:00,289.68,23.638133,148.0,148.0,52.658133,1030.4312,1430
2010-06-30 10:15:00,292.04,23.725866,147.0,147.0,49.967533,1027.547266,1430
2010-06-30 10:30:00,292.06,24.573666,149.0,149.0,51.147266,1018.961733,1430
2010-06-30 10:45:00,294.606666,25.126466,149.0,149.0,50.4918,1015.365533,1430
2010-06-30 11:00:00,296.44,25.8068,150.0,150.0,50.394666,1008.972266,1430
2010-06-30 11:15:00,299.373333,25.961266,150.0,150.0,50.85,1005.0864,1430
2010-06-30 11:30:00,300.886666,25.443866,151.0,151.0,48.854466,1003.514466,1430
2010-06-30 11:45:00,301.04,25.778266,150.0,150.0,48.917133,997.675533,1430
2010-06-30 12:00:00,300.84,26.087333,152.0,152.0,50.081533,993.830333,1430
2010-06-30 12:15:00,302.946666,26.0366,151.0,151.0,48.072866,993.6016,1430
2010-06-30 12:30:00,303.7,26.384866,152.0,152.0,48.761133,989.949466,1430
2010-06-30 12:45:00,303.833333,26.418466,153.0,153.0,49.688466,988.220133,1430
2010-06-30 13:00:00,304.76,26.455666,150.0,150.0,50.941,990.946333,1430
2010-06-30 13:15:00,302.253333,26.766933,152.0,152.0,52.447266,990.1022,1430
2010-06-30 13:30:00,302.76,27.2094,152.0,152.0,53.749133,992.813066,1430
2010-06-30 13:45:00,302.826666,27.3532,151.0,151.0,53.0238,989.283266,1430
2010-06-30 14:00:00,305.2,27.292133,152.0,152.0,53.071,997.7266,1430
2010-06-30 14:15:00,306.513333,27.6404,153.0,153.0,52.290466,1001.215666,1430
2010-06-30 14:30:00,306.02,27.674,152.0,152.0,53.2242,1004.389466,1430
2010-06-30 14:45:00,305.24,27.6504,153.0,153.0,53.0124,1006.4646,1430
2010-06-30 15:00:00,304.066666,27.843733,152.0,152.0,53.2858,1007.090333,1430
2010-06-30 15:15:00,302.493333,27.971133,153.0,153.0,53.344866,1007.339466,1430
2010-06-30 15:30:00,299.92,27.7934,151.0,151.0,53.876333,1005.254,1430
2010-06-30 15:45:00,299.966666,27.706,149.0,149.0,53.8034,1006.098466,1430
2010-06-30 16:00:00,294.66,28.0852,151.0,151.0,54.593066,994.501733,1430
2010-06-30 16:15:00,291.46,27.8726,147.0,147.0,52.198066,975.1078,1430
2010-06-30 16:30:00,287.866666,27.690733,147.0,147.0,49.966733,952.9926660000002,1430
2010-06-30 16:45:00,280.553333,27.419066,144.0,144.0,49.357466,926.478066,1430
2010-06-30 17:00:00,273.626666,26.9376,141.0,141.0,46.297133,894.8821329999998,1430
2010-06-30 17:15:00,262.053333,26.909466,136.0,136.0,46.545533,855.0720659999998,1430
2010-06-30 17:30:00,250.713333,26.808266,132.0,132.0,45.6498,813.451133,1430
2010-06-30 17:45:00,227.946666,26.360666,126.0,126.0,42.000066,720.438533,1430
2010-06-30 18:00:00,196.813333,25.9196,114.0,114.0,37.085,601.893,1430
2010-06-30 18:15:00,166.46,25.557,99.0,99.0,34.016466,498.718133,1430
2010-06-30 18:30:00,132.073333,25.189733,81.0,81.0,31.432066,392.039,1430
2010-06-30 18:45:00,98.013333,24.864733,65.0,65.0,28.7872,293.335066,1430
2010-06-05 06:00:00,20.473333,15.3588,6.0,6.0,13.986666,77.285666,1430
2010-06-05 06:15:00,31.833333,14.4414,10.0,10.0,14.422866,111.979133,1430
2010-06-05 06:30:00,46.233333,16.044,15.0,15.0,16.357733,157.908133,1430
2010-06-05 06:45:00,63.686666,16.0162,23.0,23.0,18.771066,212.275133,1430
2010-06-05 07:00:00,81.33333299999998,16.7438,32.0,32.0,21.154733,268.0562,1430
2010-06-05 07:15:00,106.466666,17.497733,40.0,40.0,24.7448,350.412933,1430
2010-06-05 07:30:00,124.74,18.0062,53.0,53.0,27.945866,415.730666,1430
2010-06-05 07:45:00,153.133333,18.349333,63.0,63.0,31.2196,505.732333,1430
2010-06-05 08:00:00,174.826666,18.751466,75.0,75.0,33.860933,580.068066,1430
2010-06-05 08:15:00,191.72,19.105733,87.0,87.0,34.207,630.3914,1430
2010-06-05 08:30:00,215.433333,19.100733,95.0,95.0,35.1414,709.559066,1430
2010-06-05 08:45:00,238.48,19.538933,108.0,108.0,37.532733,781.890933,1430
2010-06-05 09:00:00,225.013333,19.549733,118.0,118.0,38.444133,738.037066,1430
2010-06-05 09:15:00,227.666666,19.792533,111.0,111.0,38.936733,751.917466,1430
2010-06-05 09:30:00,236.18,20.024733,114.0,114.0,39.599466,777.770933,1430
2010-06-05 09:45:00,262.5,20.243666,115.0,115.0,42.051,860.616066,1430
2010-06-05 10:00:00,264.08,20.5102,135.0,135.0,44.896933,910.985333,1430
2010-06-05 10:15:00,194.306666,20.191266,126.0,126.0,37.948,680.2266,1430
2010-06-05 10:30:00,145.34,20.037266,89.0,89.0,31.543333,439.361533,1430
2010-06-05 10:45:00,119.88,20.015866,65.0,65.0,29.3974,396.250466,1430
2010-06-05 11:00:00,133.9,20.169,61.0,61.0,30.637,398.340933,1430
2010-06-05 11:15:00,128.833333,20.526866,63.0,63.0,30.322933,382.532733,1430
2010-06-05 11:30:00,106.146666,20.530533,59.0,59.0,29.1806,334.808333,1430
2010-06-05 11:45:00,155.833333,21.0458,53.0,53.0,32.149666,547.226,1430
2010-06-05 12:00:00,138.173333,21.117866,82.0,82.0,34.164333,440.460133,1430
2010-06-05 12:15:00,87.68,21.9282,68.0,68.0,41.970533,763.7329999999998,1430
2010-06-05 12:30:00,160.033333,21.741,50.0,50.0,37.210333,490.488733,1430
2010-06-05 12:45:00,88.153333,21.698666,61.0,61.0,36.700733,615.076733,1430
2010-06-05 13:00:00,183.173333,22.241533,41.0,41.0,42.780466,714.218133,1430
2010-06-05 13:15:00,0.0,22.848466,41.0,41.0,42.982933,861.5062,1430
2010-06-05 13:30:00,0.0,23.1706,0.0,0.0,45.391666,732.666,1430
2010-06-05 13:45:00,0.0,23.953466,0.0,-1.0,51.366133,1011.3984,1430
2010-06-05 14:00:00,0.0,23.255733,0.0,0.0,44.021333,798.7569999999998,1430
2010-06-05 14:15:00,0.0,24.066333,0.0,0.0,48.8406,888.5244,1430
2010-06-05 14:30:00,0.0,24.352733,0.0,0.0,47.729866,761.138866,1430
2010-06-05 14:45:00,0.0,24.333533,0.0,0.0,44.756533,825.235866,1430
2010-06-05 15:00:00,0.0,24.751066,0.0,0.0,42.713666,642.222,1430
2010-06-05 15:15:00,0.0,25.325933,0.0,-1.0,49.541266,698.588,1430
2010-06-05 15:30:00,0.0,25.444133,0.0,0.0,50.295466,646.464066,1430
2010-06-05 15:45:00,0.0,24.668466,0.0,0.0,39.105733,238.240666,1430
2010-06-05 16:00:00,0.0,24.239866,0.0,0.0,32.4058,294.382733,1430
2010-06-05 16:15:00,0.0,24.537866,0.0,0.0,32.3588,196.1874,1430
2010-06-05 16:30:00,0.0,24.5722,0.0,0.0,31.072133,160.1562,1430
2010-06-05 16:45:00,0.0,24.3452,0.0,-1.0,29.8484,193.4916,1430
2010-06-05 17:00:00,0.0,24.265333,0.0,0.0,31.1186,238.571266,1430
2010-06-05 17:15:00,0.0,24.130666,0.0,0.0,28.5392,164.881333,1430
2010-06-05 17:30:00,0.0,23.9652,0.0,0.0,27.033133,130.457466,1430
2010-06-05 17:45:00,0.0,24.250733,0.0,0.0,29.377333,231.745533,1430
2010-06-05 18:00:00,0.0,23.339933,0.0,0.0,27.350933,99.965466,1430
2010-06-05 18:15:00,0.0,23.041333,0.0,-1.0,25.373,92.4886,1430
2010-06-05 18:30:00,0.0,23.196866,0.0,0.0,25.332133,98.9888,1430
2010-06-05 18:45:00,0.0,22.985066,0.0,0.0,24.307466,78.664066,1430
2010-06-06 06:00:00,0.0,13.808333,0.0,0.0,16.425,232.864333,1430
2010-06-06 06:15:00,0.0,15.031,0.0,-1.0,21.703466,329.01,1430
2010-06-06 06:30:00,0.0,15.358666,0.0,0.0,26.4948,430.511466,1430
2010-06-06 06:45:00,96.326666,15.499066,0.0,0.0,29.320133,537.383933,1430
2010-06-06 07:00:00,195.16,15.8112,39.0,39.0,32.180733,646.7184,1430
2010-06-06 07:15:00,229.44,16.0324,97.0,97.0,34.420733,753.718066,1430
2010-06-06 07:30:00,258.606666,16.074,114.0,114.0,36.733333,855.672133,1430
2010-06-06 07:45:00,273.42,16.161466,129.0,129.0,39.836866,915.446,1430
2010-06-06 08:00:00,281.053333,16.464733,136.0,136.0,43.1648,946.863866,1430
2010-06-06 08:15:00,288.233333,16.609733,140.0,140.0,44.2116,974.2787330000002,1430
2010-06-06 08:30:00,293.74,17.450466,143.0,143.0,46.691533,997.243266,1430
2010-06-06 08:45:00,298.653333,17.338266,147.0,147.0,44.745333,1012.776733,1430
2010-06-06 09:00:00,302.633333,17.393266,148.0,148.0,43.681066,1021.672533,1430
2010-06-06 09:15:00,304.22,18.2092,151.0,151.0,45.1104,1026.8758,1430
2010-06-06 09:30:00,304.666666,18.4732,152.0,152.0,48.804666,1026.1384,1430
2010-06-06 09:45:00,304.873333,19.170333,152.0,152.0,48.460933,1027.130266,1430
2010-06-06 10:00:00,304.913333,19.483133,152.0,152.0,47.534133,1024.332733,1430
2010-06-06 10:15:00,307.853333,19.523,151.0,151.0,48.023466,1020.0044,1430
2010-06-06 10:30:00,294.593333,20.2718,149.0,149.0,49.103533,1028.264266,1430
2010-06-06 10:45:00,306.753333,20.6508,150.0,150.0,48.874933,1042.185533,1430
2010-06-06 11:00:00,275.546666,21.109,149.0,149.0,48.4402,965.149,1430
2010-06-06 11:15:00,302.12,21.641266,141.0,141.0,47.779666,1002.8432,1430
2010-06-06 11:30:00,301.393333,22.240066,150.0,150.0,50.420933,1008.107466,1430
2010-06-06 11:45:00,303.573333,22.794066,149.0,149.0,49.971733,1015.6658,1430
2010-06-06 12:00:00,306.92,23.207933,153.0,153.0,50.396,1023.386733,1430
2010-06-06 12:15:00,301.913333,23.794866,153.0,153.0,50.905333,1007.339466,1430
2010-06-06 12:30:00,301.933333,24.348533,152.0,152.0,50.029133,1002.9602,1430
2010-06-06 12:45:00,300.34,24.6714,146.0,146.0,50.301,996.9482,1430
2010-06-06 13:00:00,307.226666,25.370533,149.0,149.0,47.808933,1013.254866,1430
2010-06-06 13:15:00,269.32,25.979933,154.0,154.0,48.252533,996.1242,1430
2010-06-06 13:30:00,301.52,26.087333,144.0,144.0,48.159133,982.940666,1430
2010-06-06 13:45:00,273.446666,26.5806,146.0,146.0,48.264,1022.2676,1430
2010-06-06 14:00:00,292.96,27.156466,136.0,136.0,50.752733,967.7072,1430
2010-06-06 14:15:00,318.293333,28.0558,146.0,146.0,54.234733,1092.3004,1430
2010-06-06 14:30:00,293.28,28.2268,155.0,155.0,54.0974,998.819933,1430
2010-06-06 14:45:00,291.633333,28.422933,146.0,146.0,52.3368,1032.150266,1430
2010-06-06 15:00:00,291.24,28.546533,143.0,143.0,53.101466,981.526733,1430
2010-06-06 15:15:00,302.953333,28.475466,145.0,145.0,55.604933,1033.396466,1430
2010-06-06 15:30:00,300.1,28.896333,152.0,152.0,55.546466,1025.222866,1430
2010-06-06 15:45:00,303.826666,28.520333,149.0,149.0,54.950533,1044.2504,1430
2010-06-06 16:00:00,292.546666,28.710066,152.0,152.0,54.687,1014.6586,1430
2010-06-06 16:15:00,298.893333,28.922733,147.0,147.0,55.0648,1018.371533,1430
2010-06-06 16:30:00,285.52,29.778266,149.0,149.0,57.942866,944.575066,1430
2010-06-06 16:45:00,288.96,28.892,141.0,141.0,53.944933,980.0618,1430
2010-06-06 17:00:00,228.6,28.4698,145.0,145.0,48.663133,779.047733,1430
2010-06-06 17:15:00,157.54,27.432533,111.0,111.0,43.692666,527.338533,1430
2010-06-06 17:30:00,28.006666,26.342066,75.0,75.0,30.892533,106.959066,1430
2010-06-06 17:45:00,77.653333,26.5328,14.0,14.0,30.820866,250.412066,1430
2010-06-06 18:00:00,56.9,25.320466,40.0,40.0,29.588666,209.772733,1430
2010-06-06 18:15:00,192.433333,25.412466,35.0,35.0,34.146466,576.756666,1430
2010-06-06 18:30:00,136.58,24.8314,93.0,93.0,32.8028,416.890466,1430
2010-06-06 18:45:00,97.553333,24.6014,68.0,68.0,29.765133,303.487066,1430
2010-07-10 06:00:00,37.26,17.621266,4.0,4.0,18.499066,152.435266,1430
2010-07-10 06:15:00,23.826666,17.165066,17.0,17.0,17.357333,84.747333,1430
2010-07-10 06:30:00,70.24,17.661,11.0,11.0,19.179266,247.970533,1430
2010-07-10 06:45:00,140.166666,17.696,36.0,36.0,22.411266,473.8158,1430
2010-07-10 07:00:00,194.706666,18.547066,73.0,73.0,26.392466,627.822933,1430
2010-07-10 07:15:00,232.4,19.8034,96.0,96.0,30.111133,747.411066,1430
2010-07-10 07:30:00,260.88,20.631466,116.0,116.0,34.229333,843.3431329999999,1430
2010-07-10 07:45:00,279.146666,21.4398,129.0,129.0,38.486466,915.359466,1430
2010-07-10 08:00:00,283.2,22.761133,138.0,138.0,44.8404,943.562666,1430
2010-07-10 08:15:00,289.993333,23.2124,139.0,139.0,48.163933,968.9686,1430
2010-07-10 08:30:00,296.146666,23.652066,144.0,144.0,50.834733,1006.607066,1430
2010-07-10 08:45:00,228.053333,23.1352,147.0,147.0,47.926133,748.0164,1430
2010-07-10 09:00:00,241.506666,24.121066,110.0,110.0,46.8474,774.4649329999999,1430
2010-07-10 09:15:00,239.226666,24.272666,116.0,116.0,45.575,757.100466,1430
2010-07-10 09:30:00,269.3,25.157066,118.0,118.0,49.747866,958.2214,1430
2010-07-10 09:45:00,289.433333,25.704133,133.0,133.0,50.900333,923.019533,1430
2010-07-10 10:00:00,303.366666,25.6012,142.0,142.0,51.1758,1010.065733,1430
2010-07-10 10:15:00,303.766666,26.137666,152.0,152.0,52.112933,1034.647533,1430
2010-07-10 10:30:00,284.426666,26.2428,153.0,153.0,52.607133,1000.396866,1430
2010-07-10 10:45:00,181.233333,25.897266,137.0,137.0,45.913866,731.8065329999998,1430
2010-07-10 11:00:00,271.78,26.34,103.0,103.0,49.286466,931.3556,1430
2010-07-10 11:15:00,264.073333,26.0204,134.0,134.0,48.166533,881.220533,1430
2010-07-10 11:30:00,204.853333,25.933266,117.0,117.0,43.5206,752.0090659999998,1430
2010-07-10 11:45:00,307.986666,26.6482,111.0,111.0,52.3472,996.322666,1430
2010-07-10 12:00:00,309.533333,27.184466,148.0,148.0,53.740333,1026.555466,1430
2010-07-10 12:15:00,301.113333,27.877733,152.0,152.0,54.194,1107.386333,1430
2010-07-10 12:30:00,235.553333,27.397,150.0,150.0,52.6142,798.2178,1430
2010-07-10 12:45:00,220.826666,26.3986,108.0,108.0,42.719666,785.4208,1430
2010-07-10 13:00:00,164.406666,26.475466,112.0,112.0,43.695866,504.3894,1430
2010-07-10 13:15:00,62.886666,24.908533,77.0,77.0,33.2176,196.894266,1430
2010-07-10 13:30:00,47.306666,21.841533,29.0,29.0,23.367066,137.059533,1430
2010-07-10 13:45:00,160.073333,22.165266,24.0,24.0,26.308066,416.671733,1430
2010-07-10 14:00:00,268.826666,23.184533,83.0,83.0,34.327533,765.864,1430
2010-07-10 14:15:00,189.306666,23.9234,132.0,132.0,36.856466,575.7548,1430
2010-07-10 14:30:00,211.18,23.727733,96.0,96.0,35.1864,674.000933,1430
2010-07-10 14:45:00,204.253333,23.766266,113.0,113.0,35.2536,615.275066,1430
2010-07-10 15:00:00,200.173333,24.559933,96.0,96.0,36.179533,619.7458,1430
2010-07-10 15:15:00,95.946666,23.9076,96.0,96.0,30.545666,297.897333,1430
2010-07-10 15:30:00,103.493333,23.6728,45.0,45.0,28.010533,322.204533,1430
2010-07-10 15:45:00,141.113333,24.300333,53.0,53.0,31.6286,538.7574,1430
2010-07-10 16:00:00,312.72,26.339933,75.0,75.0,44.413066,1036.316,1430
2010-07-10 16:15:00,299.126666,27.6382,158.0,158.0,51.918333,1035.507266,1430
2010-07-10 16:30:00,304.34,27.0052,149.0,149.0,50.4188,986.714533,1430
2010-07-10 16:45:00,299.853333,26.840333,152.0,152.0,47.927333,955.9224,1430
2010-07-10 17:00:00,189.693333,26.326,150.0,150.0,43.2396,569.742866,1430
2010-07-10 17:15:00,309.913333,27.0652,94.0,94.0,48.5208,1005.5288,1430
2010-07-10 17:30:00,277.28,27.3612,154.0,154.0,52.1946,875.376466,1430
2010-07-10 17:45:00,242.773333,25.492866,132.0,132.0,47.509066,730.3772,1430
2010-07-10 18:00:00,102.28,22.406533,117.0,117.0,29.634466,266.571,1430
2010-07-10 18:15:00,30.433333,21.324266,38.0,38.0,22.526133,93.6128,1430
2010-07-10 18:30:00,35.64,21.120066,16.0,16.0,21.758933,123.682733,1430
2010-07-10 18:45:00,105.653333,21.8204,25.0,25.0,25.9366,278.238866,1430
2010-07-11 06:00:00,47.966666,15.8942,3.0,3.0,16.493,217.5956,1430
2010-07-11 06:15:00,84.79999999999998,16.5288,23.0,23.0,18.657066,317.403066,1430
2010-07-11 06:30:00,124.84,17.197733,41.0,41.0,21.310266,433.5836,1430
2010-07-11 06:45:00,161.02,18.164466,62.0,62.0,24.242,532.185866,1430
2010-07-11 07:00:00,195.486666,18.8192,80.0,80.0,28.486533,637.069733,1430
2010-07-11 07:15:00,231.146666,19.383066,98.0,98.0,31.655733,742.324866,1430
2010-07-11 07:30:00,258.3,20.554333,113.0,113.0,38.336266,841.4867329999998,1430
2010-07-11 07:45:00,273.48,21.18,128.0,128.0,42.683866,913.035266,1430
2010-07-11 08:00:00,278.56,23.413,136.0,136.0,48.481266,945.882066,1430
2010-07-11 08:15:00,285.413333,24.078933,138.0,138.0,50.225133,972.005066,1430
2010-07-11 08:30:00,294.013333,22.945333,142.0,142.0,49.723133,985.6314000000002,1430
2010-07-11 08:45:00,289.493333,23.621733,146.0,146.0,50.297266,994.883133,1430
2010-07-11 09:00:00,284.72,23.057933,144.0,144.0,48.360266,948.679533,1430
2010-07-11 09:15:00,282.753333,22.8052,143.0,143.0,46.854333,958.435133,1430
2010-07-11 09:30:00,301.193333,24.026866,143.0,143.0,49.595133,1049.682533,1430
2010-07-11 09:45:00,305.2,22.871133,156.0,156.0,50.606866,1023.137466,1430
2010-07-11 10:00:00,305.36,23.3248,152.0,152.0,48.9122,1015.563866,1430
2010-07-11 10:15:00,303.946666,24.247866,151.0,151.0,50.479066,1012.369866,1430
2010-07-11 10:30:00,304.046666,24.155333,152.0,152.0,48.713333,1007.278466,1430
2010-07-11 10:45:00,303.6,24.9442,153.0,153.0,49.378733,1003.316133,1430
2010-07-11 11:00:00,301.993333,25.300466,152.0,152.0,49.992733,998.072333,1430
2010-07-11 11:15:00,301.586666,25.447066,151.0,151.0,48.807466,992.6656,1430
2010-07-11 11:30:00,300.553333,25.9838,151.0,151.0,49.371466,986.277266,1430
2010-07-11 11:45:00,300.386666,26.232066,148.0,148.0,50.410533,985.326133,1430
2010-07-11 12:00:00,298.3,26.1522,149.0,149.0,51.0088,981.379066,1430
2010-07-11 12:15:00,300.893333,25.896533,149.0,149.0,48.755066,983.5612000000002,1430
2010-07-11 12:30:00,308.273333,26.607666,150.0,150.0,49.7954,1012.786866,1430
2010-07-11 12:45:00,293.4,26.4826,154.0,154.0,49.6342,971.679666,1430
2010-07-11 13:00:00,246.086666,27.124,148.0,148.0,50.169533,735.3313329999999,1430
2010-07-11 13:15:00,145.953333,26.007466,111.0,111.0,39.333733,467.575066,1430
2010-07-11 13:30:00,127.813333,25.606466,72.0,72.0,35.708266,393.615666,1430
2010-07-11 13:45:00,103.686666,25.762333,63.0,63.0,33.292466,322.153733,1430
2010-07-11 14:00:00,173.793333,26.257666,52.0,52.0,36.070666,597.986866,1430
2010-07-11 14:15:00,124.153333,25.666066,90.0,90.0,33.503133,380.427,1430
2010-07-11 14:30:00,56.8,24.9846,60.0,60.0,29.6892,182.306933,1430
2010-07-11 14:45:00,13.173333,23.923933,26.0,26.0,25.0778,44.693066,1430
2010-07-11 15:00:00,4.686666,22.509133,5.0,5.0,21.395866,18.453066,1430
2010-07-11 15:15:00,9.866666,18.717133,2.0,2.0,14.509666,36.254733,1430
2010-07-11 15:30:00,38.353333,19.024,5.0,5.0,16.371133,129.053733,1430
2010-07-11 15:45:00,64.826666,19.417666,21.0,21.0,20.5334,207.2042,1430
2010-07-11 16:00:00,69.58,19.5224,32.0,32.0,23.320466,224.075333,1430
2010-07-11 16:15:00,66.373333,20.215666,34.0,34.0,24.404933,215.1744,1430
2010-07-11 16:30:00,38.96,20.705866,32.0,32.0,23.1098,134.282533,1430
2010-07-11 16:45:00,38.206666,20.909,19.0,19.0,22.888466,128.590933,1430
2010-07-11 17:00:00,40.153333,21.344266,18.0,18.0,23.281,131.4036,1430
2010-07-11 17:15:00,30.826666,21.034933,19.0,19.0,22.5054,110.041333,1430
2010-07-11 17:30:00,38.44,20.576066,15.0,15.0,21.991333,134.4654,1430
2010-07-11 17:45:00,45.14,20.936666,19.0,19.0,22.3374,141.474466,1430
2010-07-11 18:00:00,25.633333,21.0312,21.0,21.0,21.559933,83.4504,1430
2010-07-11 18:15:00,16.5,21.175733,12.0,12.0,21.2988,54.306133,1430
2010-07-11 18:30:00,5.986666,21.299666,8.0,8.0,20.902666,23.4274,1430
2010-07-11 18:45:00,2.933333,20.914466,2.0,2.0,20.590933,13.590533,1430
2010-07-12 06:00:00,47.526666,14.497866,4.0,4.0,14.7986,218.521133,1430
2010-07-12 06:15:00,82.64666599999998,15.752,23.0,23.0,18.5512,315.551733,1430
2010-07-12 06:30:00,119.573333,16.679933,41.0,41.0,22.297733,418.909733,1430
2010-07-12 06:45:00,156.44,16.530333,59.0,59.0,25.730666,527.374133,1430
2010-07-12 07:00:00,194.433333,18.164466,77.0,77.0,30.757866,632.929466,1430
2010-07-12 07:15:00,224.486666,20.5944,97.0,97.0,38.353466,739.435866,1430
2010-07-12 07:30:00,253.54,21.956933,111.0,111.0,43.9648,838.973933,1430
2010-07-12 07:45:00,270.78,21.2948,126.0,126.0,43.9872,908.579533,1430
2010-07-12 08:00:00,279.78,22.001666,134.0,134.0,46.345,942.937133,1430
2010-07-12 08:15:00,288.806666,22.754333,137.0,137.0,46.3338,967.839666,1430
2010-07-12 08:30:00,301.566666,22.946333,144.0,144.0,41.676066,990.794,1430
2010-07-12 08:45:00,300.4,23.340266,149.0,149.0,46.505533,1002.6042,1430
2010-07-12 09:00:00,305.033333,23.6402,150.0,150.0,45.9668,1011.962866,1430
2010-07-12 09:15:00,305.253333,23.986866,152.0,152.0,48.346733,1017.517,1430
2010-07-12 09:30:00,306.973333,24.6066,153.0,153.0,46.829733,1017.629066,1430
2010-07-12 09:45:00,311.48,25.447666,152.0,152.0,45.952866,1028.213533,1430
2010-07-12 10:00:00,281.046666,25.617133,156.0,156.0,43.406466,972.269666,1430
2010-07-12 10:15:00,309.513333,25.777733,144.0,144.0,40.6548,971.898533,1430
2010-07-12 10:30:00,324.513333,26.445933,149.0,149.0,43.5462,1041.646333,1430
2010-07-12 10:45:00,281.566666,26.475933,162.0,162.0,42.17,981.491133,1430
2010-07-12 11:00:00,323.22,26.272733,143.0,143.0,40.7358,1029.871666,1430
2010-07-12 11:15:00,324.353333,26.6922,158.0,158.0,40.0262,1029.8614,1430
2010-07-12 11:30:00,323.1,27.195866,163.0,163.0,41.2774,1025.299133,1430
2010-07-12 11:45:00,322.426666,27.394533,162.0,162.0,40.138066,1017.893466,1430
2010-07-12 12:00:00,319.4,27.5818,161.0,161.0,41.976,1014.892533,1430
2010-07-12 12:15:00,320.613333,27.9824,161.0,161.0,43.155066,1022.3948,1430
2010-07-12 12:30:00,301.28,28.0758,158.0,158.0,42.781533,1007.985266,1430
2010-07-12 12:45:00,266.366666,28.2804,153.0,153.0,43.586866,907.343466,1430
2010-07-12 13:00:00,207.393333,27.960666,146.0,146.0,40.493066,911.7178,1430
2010-07-12 13:15:00,236.286666,28.412066,125.0,125.0,43.727066,823.2319999999999,1430
2010-07-12 13:30:00,187.84,27.780666,117.0,117.0,38.383266,693.8426,1430
2010-07-12 13:45:00,270.653333,29.0202,104.0,104.0,47.2512,848.8363329999999,1430
2010-07-12 14:00:00,303.986666,30.079866,137.0,137.0,53.320333,1031.814666,1430
2010-07-12 14:15:00,284.986666,29.413266,154.0,154.0,47.821866,989.634266,1430
2010-07-12 14:30:00,254.486666,29.7684,138.0,138.0,48.629866,924.2706,1430
2010-07-12 14:45:00,299.226666,29.406666,136.0,136.0,49.7528,992.411333,1430
2010-07-12 15:00:00,290.846666,30.233666,145.0,145.0,53.4094,997.5076,1430
2010-07-12 15:15:00,228.906666,29.544,138.0,138.0,48.110266,741.0584,1430
2010-07-12 15:30:00,179.753333,29.463866,113.0,113.0,45.192466,720.748866,1430
2010-07-12 15:45:00,265.833333,29.5416,97.0,97.0,46.541533,942.006533,1430
2010-07-12 16:00:00,287.0,29.311933,128.0,128.0,45.3168,952.026333,1430
2010-07-12 16:15:00,305.833333,29.9688,151.0,151.0,51.208133,1018.737733,1430
2010-07-12 16:30:00,299.246666,30.2356,151.0,151.0,53.185866,988.027066,1430
2010-07-12 16:45:00,295.346666,30.576933,149.0,149.0,55.4154,977.9764,1430
2010-07-12 17:00:00,230.786666,30.547933,148.0,148.0,53.672333,778.721933,1430
2010-07-12 17:15:00,86.5,28.9074,112.0,112.0,46.5588,335.006733,1430
2010-07-12 17:30:00,60.726666,27.842533,44.0,44.0,35.3692,276.519733,1430
2010-07-12 17:45:00,96.853333,27.574133,32.0,32.0,31.960933,288.91,1430
2010-07-12 18:00:00,218.72,29.4382,54.0,54.0,42.585066,628.056866,1430
2010-07-12 18:15:00,168.073333,29.1904,108.0,108.0,40.778266,470.2962,1430
2010-07-12 18:30:00,135.36,28.435866,83.0,83.0,36.871266,363.525066,1430
2010-07-12 18:45:00,100.3,27.497533,67.0,67.0,32.0458,267.430666,1430
2010-07-13 06:00:00,44.38,18.1302,1.0,1.0,18.876933,218.322866,1430
2010-07-13 06:15:00,81.58,18.776066,21.0,21.0,21.2984,319.3716,1430
2010-07-13 06:30:00,118.02,19.3246,40.0,40.0,24.309933,425.0386,1430
2010-07-13 06:45:00,154.886666,20.1556,59.0,59.0,27.590333,526.133333,1430
2010-07-13 07:00:00,189.54,21.3404,76.0,76.0,31.496666,627.761866,1430
2010-07-13 07:15:00,224.513333,22.432733,94.0,94.0,35.883066,739.802133,1430
2010-07-13 07:30:00,253.333333,23.745733,111.0,111.0,41.846133,842.183533,1430
2010-07-13 07:45:00,273.413333,24.5044,126.0,126.0,45.721333,916.0714660000002,1430
2010-07-13 08:00:00,279.533333,25.928133,135.0,135.0,50.044866,948.0184660000002,1430
2010-07-13 08:15:00,283.88,27.678533,139.0,139.0,53.466333,973.3582,1430
2010-07-13 08:30:00,287.02,29.363666,139.0,139.0,54.824533,992.7216,1430
2010-07-13 08:45:00,292.12,29.999133,143.0,143.0,55.0578,1007.0598,1430
2010-07-13 09:00:00,301.206666,30.064666,146.0,146.0,51.289466,1017.807,1430
2010-07-13 09:15:00,302.7,30.286,151.0,151.0,51.5294,1020.457,1430
2010-07-13 09:30:00,303.573333,30.5748,151.0,151.0,51.4686,1020.869066,1430
2010-07-13 09:45:00,304.54,30.390466,151.0,151.0,50.9426,1017.003333,1430
2010-07-13 10:00:00,304.446666,30.301933,150.0,150.0,50.3918,1015.619933,1430
2010-07-13 10:15:00,303.62,30.382666,151.0,151.0,49.649,1008.1736,1430
2010-07-13 10:30:00,302.72,30.3316,151.0,151.0,49.378333,1007.695533,1430
2010-07-13 10:45:00,304.266666,30.0756,151.0,151.0,48.505,1007.0292,1430
2010-07-13 11:00:00,305.033333,30.375466,152.0,152.0,48.794466,1018.498866,1430
2010-07-13 11:15:00,308.32,30.930133,151.0,151.0,48.982333,1030.781933,1430
2010-07-13 11:30:00,266.986666,30.299066,154.0,154.0,46.353666,821.5179329999999,1430
2010-07-13 11:45:00,179.593333,29.9242,126.0,126.0,43.542133,581.2174,1430
2010-07-13 12:00:00,136.086666,29.4478,87.0,87.0,41.094,503.733266,1430
2010-07-13 12:15:00,274.02,30.642333,75.0,75.0,47.535733,921.005333,1430
2010-07-13 12:30:00,191.9,31.336866,139.0,139.0,52.575066,655.008933,1430
2010-07-13 12:45:00,250.08,30.894,91.0,91.0,47.053333,871.236133,1430
2010-07-13 13:00:00,152.34,30.402133,130.0,130.0,44.780466,498.474133,1430
2010-07-13 13:15:00,86.353333,29.281866,66.0,66.0,34.833666,272.756,1430
2010-07-13 13:30:00,169.2,29.608933,42.0,42.0,37.176,574.635733,1430
2010-07-13 13:45:00,211.413333,30.796266,91.0,91.0,47.6332,660.3444,1430
2010-07-13 14:00:00,137.153333,30.130066,93.0,93.0,41.449533,457.534733,1430
2010-07-13 14:15:00,73.41333299999998,29.691933,65.0,65.0,37.504866,239.334066,1430
2010-07-13 14:30:00,181.82,30.374666,37.0,37.0,41.0762,616.134733,1430
2010-07-13 14:45:00,88.22666599999998,30.008666,94.0,94.0,40.928933,292.734866,1430
2010-07-13 15:00:00,109.253333,29.608,46.0,46.0,38.144266,335.489866,1430
2010-07-13 15:15:00,260.893333,30.8164,52.0,52.0,46.187733,932.8816,1430
2010-07-13 15:30:00,273.473333,31.3782,136.0,136.0,53.6224,936.365866,1430
2010-07-13 15:45:00,269.946666,31.4358,137.0,137.0,56.3248,946.706133,1430
2010-07-13 16:00:00,50.113333,29.510466,132.0,132.0,38.716866,166.2904,1430
2010-07-13 16:15:00,72.006666,29.106266,24.0,24.0,33.0732,229.858533,1430
2010-07-13 16:30:00,45.306666,29.043666,33.0,33.0,32.859666,156.890933,1430
2010-07-13 16:45:00,52.766666,29.021666,21.0,21.0,32.285066,173.848533,1430
2010-07-13 17:00:00,63.473333,29.04,27.0,27.0,33.640133,203.6896,1430
2010-07-13 17:15:00,48.706666,28.671733,32.0,32.0,32.441466,155.685466,1430
2010-07-13 17:30:00,48.52,28.0034,23.0,23.0,30.930333,156.209333,1430
2010-07-13 17:45:00,52.44,27.7036,24.0,24.0,29.757,160.766666,1430
2010-07-13 18:00:00,103.366666,27.950066,30.0,30.0,33.090066,320.088666,1430
2010-07-13 18:15:00,56.2,27.117333,48.0,48.0,29.509666,160.481866,1430
2010-07-13 18:30:00,25.82,26.241333,22.0,22.0,26.455333,81.8786,1430
2010-07-13 18:45:00,29.133333,25.9142,13.0,13.0,26.383733,86.90399999999998,1430
2010-07-14 06:00:00,26.386666,21.144533,0.0,-1.0,21.637933,175.237066,1430
2010-07-14 06:15:00,44.02,21.3764,13.0,13.0,23.3224,152.5726,1430
2010-07-14 06:30:00,61.686666,21.3176,21.0,21.0,23.822,222.208666,1430
2010-07-14 06:45:00,154.72,22.106466,33.0,33.0,29.8682,517.3646,1430
2010-07-14 07:00:00,183.133333,23.2704,79.0,79.0,36.3228,621.7854,1430
2010-07-14 07:15:00,226.16,24.502933,93.0,93.0,42.303066,740.915933,1430
2010-07-14 07:30:00,76.386666,24.578266,105.0,105.0,36.416066,291.137666,1430
2010-07-14 07:45:00,273.26,25.273133,43.0,43.0,43.712466,904.0578,1430
2010-07-14 08:00:00,264.32,25.770933,135.0,135.0,47.812866,892.649266,1430
2010-07-14 08:15:00,291.973333,27.531533,133.0,133.0,52.828,1018.859866,1430
2010-07-14 08:30:00,296.053333,27.189266,143.0,143.0,49.270733,1008.306,1430
2010-07-14 08:45:00,302.406666,27.520133,151.0,151.0,49.5616,1046.9462,1430
2010-07-14 09:00:00,305.033333,27.306133,151.0,151.0,44.671,1023.3204,1430
2010-07-14 09:15:00,313.76,27.522,150.0,150.0,43.851933,1052.968333,1430
2010-07-14 09:30:00,303.313333,28.209666,158.0,158.0,48.423866,1022.740733,1430
2010-07-14 09:45:00,269.646666,27.906666,153.0,153.0,46.081133,882.5277999999998,1430
2010-07-14 10:00:00,301.746666,28.077666,133.0,133.0,46.3752,999.643933,1430
2010-07-14 10:15:00,285.44,28.778133,153.0,153.0,48.312933,926.060933,1430
2010-07-14 10:30:00,309.86,29.0796,142.0,142.0,47.642733,1066.151933,1430
2010-07-14 10:45:00,322.926666,29.445333,156.0,156.0,50.413133,1082.316066,1430
2010-07-14 11:00:00,303.76,30.1762,159.0,159.0,53.083466,1003.189,1430
2010-07-14 11:15:00,290.773333,30.935066,149.0,149.0,56.6924,994.807,1430
2010-07-14 11:30:00,311.946666,30.9294,146.0,146.0,55.858133,1068.181333,1430
2010-07-14 11:45:00,222.033333,30.256666,154.0,154.0,53.2598,763.738066,1430
2010-07-14 12:00:00,122.826666,29.317333,95.0,95.0,40.039333,441.930133,1430
2010-07-14 12:15:00,283.306666,30.661933,68.0,68.0,52.1718,957.895866,1430
2010-07-14 12:30:00,108.52,29.216266,137.0,137.0,41.9934,389.684066,1430
2010-07-14 12:45:00,190.093333,29.516,59.0,59.0,42.305666,625.930866,1430
2010-07-14 13:00:00,142.953333,28.941533,82.0,82.0,39.285666,466.211866,1430
2010-07-14 13:15:00,243.566666,30.078066,72.0,72.0,48.1642,897.374466,1430
2010-07-14 13:30:00,317.306666,30.660866,120.0,120.0,53.6962,1015.004466,1430
2010-07-14 13:45:00,190.506666,29.984466,144.0,144.0,48.684866,608.896866,1430
2010-07-14 14:00:00,151.98,29.439266,91.0,91.0,41.385733,552.510466,1430
2010-07-14 14:15:00,165.4,29.7254,90.0,90.0,45.176666,683.9192,1430
2010-07-14 14:30:00,290.606666,30.6328,94.0,94.0,51.858933,988.800066,1430
2010-07-14 14:45:00,281.58,30.870133,144.0,144.0,54.274933,928.629666,1430
2010-07-14 15:00:00,321.4,31.243266,136.0,136.0,54.5108,1079.9204,1430
2010-07-14 15:15:00,104.766666,29.0918,153.0,153.0,36.162533,321.863733,1430
2010-07-14 15:30:00,248.053333,29.312066,44.0,44.0,38.4962,760.0963329999998,1430
2010-07-14 15:45:00,163.166666,28.529933,118.0,118.0,36.7042,536.621133,1430
2010-07-14 16:00:00,64.98,27.875733,81.0,81.0,33.4598,227.8036,1430
2010-07-14 16:15:00,156.846666,28.0828,31.0,31.0,34.578266,514.714666,1430
2010-07-14 16:30:00,228.073333,28.684733,81.0,81.0,40.979866,757.7718,1430
2010-07-14 16:45:00,116.366666,27.7128,107.0,107.0,34.3396,348.058,1430
2010-07-14 17:00:00,188.46,28.485133,54.0,54.0,37.4008,612.0046,1430
2010-07-14 17:15:00,73.966666,27.760466,103.0,103.0,33.848733,191.558866,1430
2010-07-14 17:30:00,85.69333299999998,27.279533,26.0,26.0,30.856933,304.972266,1430
2010-07-14 17:45:00,76.026666,27.8298,53.0,53.0,34.788466,227.956066,1430
2010-07-14 18:00:00,33.553333,26.647466,33.0,33.0,28.791133,108.739266,1430
2010-07-14 18:15:00,55.513333,25.788333,17.0,17.0,26.647466,169.769333,1430
2010-07-14 18:30:00,19.013333,25.598133,27.0,27.0,26.216733,61.101266,1430
2010-07-14 18:45:00,4.027272,25.465818,8.0,8.0,24.998363,16.659636,1430
2010-07-15 06:00:00,29.866666,14.873533,0.0,-1.0,15.629933,162.241733,1430
2010-07-15 06:15:00,60.193333,15.1886,16.0,16.0,17.6472,234.959933,1430
2010-07-15 06:30:00,97.553333,15.79,29.0,29.0,20.294,354.431066,1430
2010-07-15 06:45:00,134.646666,16.563466,49.0,49.0,24.448933,462.661666,1430
2010-07-15 07:00:00,167.76,17.5418,68.0,68.0,28.318133,559.687266,1430
2010-07-15 07:15:00,198.146666,17.381733,83.0,83.0,31.923133,661.560066,1430
2010-07-15 07:30:00,226.266666,17.66,99.0,99.0,34.820333,754.348733,1430
2010-07-15 07:45:00,254.693333,17.6702,113.0,113.0,37.996,857.950866,1430
2010-07-15 08:00:00,267.92,17.932466,128.0,128.0,41.167266,905.522733,1430
2010-07-15 08:15:00,277.9,18.777133,133.0,133.0,44.860466,943.323666,1430
2010-07-15 08:30:00,285.293333,19.221333,139.0,139.0,45.8008,963.684133,1430
2010-07-15 08:45:00,291.766666,19.3148,141.0,141.0,45.214066,983.2968,1430
2010-07-15 09:00:00,297.233333,19.8864,146.0,146.0,46.107466,995.5748,1430
2010-07-15 09:15:00,300.686666,19.653733,150.0,150.0,43.689266,1001.063066,1430
2010-07-15 09:30:00,303.126666,19.931066,150.0,150.0,41.7322,1001.124133,1430
2010-07-15 09:45:00,303.58,20.434266,152.0,152.0,43.4764,1002.705933,1430
2010-07-15 10:00:00,305.006666,21.676266,150.0,150.0,47.287266,1006.022133,1430
2010-07-15 10:15:00,305.2,21.859266,153.0,153.0,47.702266,1005.594866,1430
2010-07-15 10:30:00,302.973333,21.9346,153.0,153.0,46.5092,1000.6918,1430
2010-07-15 10:45:00,301.113333,22.583933,152.0,152.0,47.052066,994.761066,1430
2010-07-15 11:00:00,298.88,23.290666,151.0,151.0,47.1336,987.492866,1430
2010-07-15 11:15:00,298.566666,24.192266,148.0,148.0,48.4732,984.675,1430
2010-07-15 11:30:00,295.233333,24.557466,149.0,149.0,51.177,976.1354,1430
2010-07-15 11:45:00,293.366666,24.906666,148.0,148.0,52.100066,972.737733,1430
2010-07-15 12:00:00,291.386666,24.9988,146.0,146.0,50.8592,967.331,1430
2010-07-15 12:15:00,292.906666,25.710533,145.0,145.0,49.950866,966.4358,1430
2010-07-15 12:30:00,293.366666,26.0356,147.0,147.0,49.428133,963.760466,1430
2010-07-15 12:45:00,293.58,26.4264,147.0,147.0,50.406866,958.394466,1430
2010-07-15 13:00:00,297.653333,26.736733,147.0,147.0,49.255466,965.1388,1430
2010-07-15 13:15:00,297.446666,27.2784,149.0,149.0,48.602266,967.809,1430
2010-07-15 13:30:00,296.893333,27.773466,150.0,150.0,49.131333,965.815133,1430
2010-07-15 13:45:00,295.633333,27.984666,146.0,146.0,49.429933,965.301533,1430
2010-07-15 14:00:00,294.34,27.924133,148.0,148.0,50.035533,964.4368,1430
2010-07-15 14:15:00,297.346666,28.346266,148.0,148.0,48.599266,972.010266,1430
2010-07-15 14:30:00,296.753333,28.5578,149.0,149.0,48.105933,975.6674,1430
2010-07-15 14:45:00,300.253333,28.570666,149.0,149.0,46.516933,977.849333,1430
2010-07-15 15:00:00,300.166666,28.091066,148.0,148.0,47.355733,975.2706,1430
2010-07-15 15:15:00,298.833333,28.743466,151.0,151.0,47.9616,975.9979330000002,1430
2010-07-15 15:30:00,299.64,28.7094,150.0,150.0,46.2928,977.1168,1430
2010-07-15 15:45:00,298.006666,28.7638,150.0,150.0,46.633,974.2636,1430
2010-07-15 16:00:00,296.646666,29.411333,150.0,150.0,47.835333,965.8712,1430
2010-07-15 16:15:00,291.893333,28.8308,149.0,149.0,47.7448,943.0186,1430
2010-07-15 16:30:00,284.786666,28.876866,144.0,144.0,49.7582,921.183266,1430
2010-07-15 16:45:00,281.08,29.104,143.0,143.0,45.715666,898.59,1430
2010-07-15 17:00:00,270.94,29.048,141.0,141.0,46.309666,860.773866,1430
2010-07-15 17:15:00,259.9,28.933533,136.0,136.0,46.948666,820.648266,1430
2010-07-15 17:30:00,248.073333,28.715733,130.0,130.0,45.798933,774.063066,1430
2010-07-15 17:45:00,223.16,28.589266,123.0,123.0,43.238066,661.453266,1430
2010-07-15 18:00:00,191.973333,27.9476,110.0,110.0,40.525866,547.8158,1430
2010-07-15 18:15:00,158.72,27.857533,96.0,96.0,38.989933,434.1786,1430
2010-07-15 18:30:00,124.313333,27.873533,78.0,78.0,35.935866,335.891733,1430
2010-07-15 18:45:00,89.673333,27.1578,61.0,61.0,32.734266,240.6362,1430
2010-07-16 06:00:00,40.246666,19.619133,0.0,0.0,19.816266,228.993733,1430
2010-07-16 06:15:00,82.48,20.3236,20.0,20.0,22.0742,330.490133,1430
2010-07-16 06:30:00,121.933333,20.525466,41.0,41.0,23.879866,438.5426,1430
2010-07-16 06:45:00,159.933333,21.015733,60.0,60.0,26.477666,550.277666,1430
2010-07-16 07:00:00,199.026666,21.309866,80.0,80.0,28.6552,657.094266,1430
2010-07-16 07:15:00,234.086666,22.189133,100.0,100.0,31.846866,767.1558659999998,1430
2010-07-16 07:30:00,266.773333,22.827066,115.0,115.0,34.656133,871.699066,1430
2010-07-16 07:45:00,289.166666,23.621133,134.0,134.0,38.157266,953.948933,1430
2010-07-16 08:00:00,295.68,24.666266,144.0,144.0,41.7434,986.073866,1430
2010-07-16 08:15:00,297.92,26.0212,147.0,147.0,47.139533,1008.8858,1430
2010-07-16 08:30:00,299.826666,25.699333,149.0,149.0,52.633733,1029.795333,1430
2010-07-16 08:45:00,301.94,26.508866,149.0,149.0,54.662666,1042.933066,1430
2010-07-16 09:00:00,303.686666,26.016666,149.0,149.0,52.869,1043.462133,1430
2010-07-16 09:15:00,305.306666,26.050733,151.0,151.0,51.754666,1042.739933,1430
2010-07-16 09:30:00,305.333333,26.089266,153.0,153.0,51.1888,1035.6546,1430
2010-07-16 09:45:00,306.093333,25.893,153.0,153.0,51.5532,1028.4728,1430
2010-07-16 10:00:00,302.713333,26.5804,152.0,152.0,52.549666,1021.026666,1430
2010-07-16 10:15:00,300.893333,25.843466,149.0,149.0,50.243066,1010.747333,1430
2010-07-16 10:30:00,301.833333,26.008066,150.0,150.0,49.622266,1015.477466,1430
2010-07-16 10:45:00,299.56,26.3902,151.0,151.0,51.049666,1010.1318,1430
2010-07-16 11:00:00,297.8,27.462133,149.0,149.0,53.314933,1006.607133,1430
2010-07-16 11:15:00,298.06,28.544733,148.0,148.0,53.8536,1006.2104,1430
2010-07-16 11:30:00,298.226666,29.184733,149.0,149.0,54.539066,1002.705933,1430
2010-07-16 11:45:00,296.953333,29.259066,147.0,147.0,54.8224,998.179133,1430
2010-07-16 12:00:00,297.806666,29.644733,148.0,148.0,52.811666,995.300333,1430
2010-07-16 12:15:00,296.806666,29.640733,149.0,149.0,53.0158,991.241466,1430
2010-07-16 12:30:00,296.273333,30.443266,149.0,149.0,53.609466,990.931133,1430
2010-07-16 12:45:00,297.226666,30.5568,149.0,149.0,52.721533,987.7014,1430
2010-07-16 13:00:00,299.046666,30.650533,147.0,147.0,52.505466,989.09,1430
2010-07-16 13:15:00,298.56,31.113133,150.0,150.0,53.138,990.117466,1430
2010-07-16 13:30:00,300.0,30.934066,150.0,150.0,51.996666,989.608666,1430
2010-07-16 13:45:00,300.733333,31.100266,151.0,151.0,51.367733,993.835466,1430
2010-07-16 14:00:00,300.306666,31.542333,151.0,151.0,50.212133,995.325666,1430
2010-07-16 14:15:00,302.113333,31.433666,151.0,151.0,48.2948,999.710133,1430
2010-07-16 14:30:00,300.873333,31.4,151.0,151.0,51.898533,1003.2602,1430
2010-07-16 14:45:00,301.026666,32.0246,151.0,151.0,52.078733,1003.728266,1430
2010-07-16 15:00:00,302.533333,31.318666,151.0,151.0,48.606933,1001.1292,1430
2010-07-16 15:15:00,305.646666,31.3422,153.0,153.0,47.126733,1007.522666,1430
2010-07-16 15:30:00,303.526666,31.354866,153.0,153.0,47.747933,1002.721,1430
2010-07-16 15:45:00,299.526666,31.4782,151.0,151.0,49.6016,994.654266,1430
2010-07-16 16:00:00,300.353333,30.8482,151.0,151.0,48.8226,985.931333,1430
2010-07-16 16:15:00,297.106666,30.857266,151.0,151.0,49.387466,969.665466,1430
2010-07-16 16:30:00,289.64,30.7096,149.0,149.0,49.506666,947.6674,1430
2010-07-16 16:45:00,283.053333,30.392066,146.0,146.0,50.355133,921.534066,1430
2010-07-16 17:00:00,274.866666,30.3476,143.0,143.0,51.226666,888.936333,1430
2010-07-16 17:15:00,266.553333,30.0596,137.0,137.0,49.054066,849.360266,1430
2010-07-16 17:30:00,256.7,29.756666,134.0,134.0,48.569133,799.5606,1430
2010-07-16 17:45:00,227.793333,29.6044,128.0,128.0,46.0748,679.926666,1430
2010-07-16 18:00:00,196.673333,29.378,114.0,114.0,43.502466,562.7644,1430
2010-07-16 18:15:00,161.473333,29.014,97.0,97.0,39.919933,445.358266,1430
2010-07-16 18:30:00,127.88,28.766333,79.0,79.0,37.060333,343.592333,1430
2010-07-16 18:45:00,92.173333,28.0352,63.0,63.0,33.1476,246.398933,1430
2010-07-17 06:00:00,20.633333,22.906466,0.0,0.0,23.334333,207.539866,1430
2010-07-17 06:15:00,74.72666599999998,23.7854,11.0,11.0,25.140666,298.319533,1430
2010-07-17 06:30:00,114.366666,23.975466,36.0,36.0,28.955066,422.6176,1430
2010-07-17 06:45:00,127.853333,23.772266,58.0,58.0,30.221333,452.591,1430
2010-07-17 07:00:00,141.26,23.821866,63.0,63.0,31.617066,505.4932,1430
2010-07-17 07:15:00,219.1,24.949,75.0,75.0,39.088466,732.7575329999999,1430
2010-07-17 07:30:00,227.126666,25.528066,109.0,109.0,44.1224,749.873,1430
2010-07-17 07:45:00,265.166666,27.411733,114.0,114.0,49.4386,913.111333,1430
2010-07-17 08:00:00,273.28,28.328866,133.0,133.0,52.919466,943.613666,1430
2010-07-17 08:15:00,278.5,29.779,134.0,134.0,56.170133,969.0756,1430
2010-07-17 08:30:00,283.433333,29.524866,139.0,139.0,57.512733,989.196866,1430
2010-07-17 08:45:00,287.14,30.645733,141.0,141.0,59.241666,1005.808466,1430
2010-07-17 09:00:00,291.62,31.1296,144.0,144.0,58.856733,1017.237466,1430
2010-07-17 09:15:00,295.473333,31.2224,146.0,146.0,59.095,1021.2096,1430
2010-07-17 09:30:00,297.146666,31.3406,147.0,147.0,58.0802,1021.357266,1430
2010-07-17 09:45:00,297.64,31.522533,147.0,147.0,58.2032,1022.664466,1430
2010-07-17 10:00:00,297.466666,31.847866,149.0,149.0,58.704533,1021.728533,1430
2010-07-17 10:15:00,296.113333,31.759933,149.0,149.0,57.7478,1018.341133,1430
2010-07-17 10:30:00,295.873333,31.942933,149.0,149.0,56.912733,1014.4552,1430
2010-07-17 10:45:00,294.933333,32.3398,148.0,148.0,57.598933,1008.509133,1430
2010-07-17 11:00:00,293.9,32.427866,146.0,146.0,57.1404,1003.107666,1430
2010-07-17 11:15:00,292.86,31.776,147.0,147.0,56.389333,999.5524,1430
2010-07-17 11:30:00,291.26,32.161333,147.0,147.0,55.65,994.522266,1430
2010-07-17 11:45:00,294.513333,32.488733,146.0,146.0,55.045933,999.5269330000002,1430
2010-07-17 12:00:00,290.913333,32.719133,148.0,148.0,56.113933,988.148933,1430
2010-07-17 12:15:00,292.013333,32.808,145.0,145.0,56.686066,990.183533,1430
2010-07-17 12:30:00,292.1,33.006666,145.0,145.0,56.555733,987.645533,1430
2010-07-17 12:45:00,295.7,33.272133,146.0,146.0,55.573133,992.624866,1430
2010-07-17 13:00:00,298.526666,33.294133,149.0,149.0,55.221533,1000.793533,1430
2010-07-17 13:15:00,301.32,33.4308,150.0,150.0,56.177,1008.4738,1430
2010-07-17 13:30:00,311.006666,33.268333,151.0,151.0,55.31,1044.489533,1430
2010-07-17 13:45:00,310.08,33.653933,154.0,154.0,57.595,1055.125,1430
2010-07-17 14:00:00,162.16,32.6264,156.0,156.0,50.436066,530.527733,1430
2010-07-17 14:15:00,242.846666,33.403933,79.0,79.0,52.735733,876.281733,1430
2010-07-17 14:30:00,164.973333,33.262266,114.0,114.0,48.718066,594.533133,1430
2010-07-17 14:45:00,112.446666,32.493933,86.0,86.0,45.9944,388.7838,1430
2010-07-17 15:00:00,157.066666,32.421133,59.0,59.0,43.127066,485.1176,1430
2010-07-17 15:15:00,129.653333,32.382666,77.0,77.0,43.262,500.096733,1430
2010-07-17 15:30:00,186.866666,33.036533,68.0,68.0,45.5084,645.6554,1430
2010-07-17 15:45:00,183.726666,32.861,96.0,96.0,51.801133,614.2782,1430
2010-07-17 16:00:00,120.826666,32.831933,103.0,103.0,47.891866,390.2792,1430
2010-07-17 16:15:00,84.453333,31.949933,56.0,56.0,41.5806,291.849933,1430
2010-07-17 16:30:00,84.7,32.341933,43.0,43.0,39.413666,271.774333,1430
2010-07-17 16:45:00,82.2,31.718333,42.0,42.0,37.3994,265.4774,1430
2010-07-17 17:00:00,128.866666,31.593533,41.0,41.0,38.417,376.378333,1430
2010-07-17 17:15:00,144.46,31.2974,64.0,64.0,38.599066,467.605533,1430
2010-07-17 17:30:00,51.433333,30.5766,71.0,71.0,35.7104,172.627866,1430
2010-07-17 17:45:00,72.58,29.519533,26.0,26.0,32.766,233.978333,1430
2010-07-17 18:00:00,99.9,28.802266,40.0,40.0,32.613733,303.2582,1430
2010-07-17 18:15:00,113.773333,28.882466,52.0,52.0,33.578333,329.615333,1430
2010-07-17 18:30:00,113.446666,28.930066,59.0,59.0,34.841866,309.132933,1430
2010-07-17 18:45:00,15.86,27.4654,52.0,52.0,28.954933,52.551266,1430
2010-07-18 06:00:00,23.566666,18.3086,0.0,0.0,18.6166,173.182266,1430
2010-07-18 06:15:00,48.106666,18.9876,12.0,12.0,20.032533,197.291133,1430
2010-07-18 06:30:00,66.506666,18.927333,23.0,23.0,21.7168,230.733333,1430
2010-07-18 06:45:00,43.006666,18.7478,31.0,31.0,20.493533,186.894733,1430
2010-07-18 07:00:00,162.313333,20.222066,23.0,23.0,26.915133,553.878866,1430
2010-07-18 07:15:00,188.34,21.833666,84.0,84.0,34.990733,595.291,1430
2010-07-18 07:30:00,42.106666,20.855066,86.0,86.0,27.3188,150.3856,1430
2010-07-18 07:45:00,237.313333,21.635866,19.0,19.0,33.9298,796.081533,1430
2010-07-18 08:00:00,290.566666,24.639466,122.0,122.0,48.6818,1003.5094,1430
2010-07-18 08:15:00,212.666666,24.3172,146.0,146.0,50.7532,657.669133,1430
2010-07-18 08:30:00,215.26,24.698333,85.0,85.0,44.139733,799.5656659999999,1430
2010-07-18 08:45:00,308.98,26.314066,121.0,121.0,55.506333,1075.0528,1430
2010-07-18 09:00:00,305.473333,27.5406,153.0,153.0,58.8072,1071.136466,1430
2010-07-18 09:15:00,301.046666,28.066466,152.0,152.0,58.301866,1048.4872,1430
2010-07-18 09:30:00,303.18,27.6874,151.0,151.0,55.973066,1045.2626,1430
2010-07-18 09:45:00,308.606666,28.072133,150.0,150.0,54.977466,1061.228466,1430
2010-07-18 10:00:00,299.886666,28.079733,153.0,153.0,54.415666,1038.309666,1430
2010-07-18 10:15:00,302.806666,28.208333,148.0,148.0,54.080666,1036.448,1430
2010-07-18 10:30:00,307.56,27.898733,151.0,151.0,53.020866,1082.6264,1430
2010-07-18 10:45:00,287.326666,28.072666,146.0,146.0,51.955666,1038.92,1430
2010-07-18 11:00:00,247.033333,27.811333,132.0,132.0,48.888866,873.5911999999998,1430
2010-07-18 11:15:00,297.32,28.3602,124.0,124.0,52.173866,996.281866,1430
2010-07-18 11:30:00,300.186666,28.153133,150.0,150.0,53.9582,1012.1104,1430
2010-07-18 11:45:00,313.173333,29.003,148.0,148.0,56.212333,1129.074066,1430
2010-07-18 12:00:00,283.906666,28.8294,157.0,157.0,54.113,1026.280733,1430
2010-07-18 12:15:00,113.686666,27.347333,146.0,146.0,42.351,342.966666,1430
2010-07-18 12:30:00,203.666666,28.0688,51.0,51.0,42.198333,697.611533,1430
2010-07-18 12:45:00,109.746666,27.2662,104.0,104.0,36.518533,347.310333,1430
2010-07-18 13:00:00,103.753333,26.825333,55.0,55.0,33.4354,330.932666,1430
2010-07-18 13:15:00,258.62,28.955866,58.0,58.0,48.031066,848.058,1430
2010-07-18 13:30:00,270.753333,28.460866,129.0,129.0,47.709933,867.5538,1430
2010-07-18 13:45:00,297.613333,29.106866,136.0,136.0,51.7212,975.4792,1430
2010-07-18 14:00:00,297.76,29.323533,149.0,149.0,53.2988,980.784066,1430
2010-07-18 14:15:00,288.94,30.123333,149.0,149.0,54.440466,988.927133,1430
2010-07-18 14:30:00,294.24,31.1386,144.0,144.0,58.3686,993.179266,1430
2010-07-18 14:45:00,297.706666,31.4488,147.0,147.0,60.301533,1011.830666,1430
2010-07-18 15:00:00,197.573333,30.4016,149.0,149.0,55.6256,672.236133,1430
2010-07-18 15:15:00,173.506666,28.9696,94.0,94.0,46.277466,608.154266,1430
2010-07-18 15:30:00,202.353333,29.096066,83.0,83.0,45.598866,565.012666,1430
2010-07-18 15:45:00,151.006666,28.467866,85.0,85.0,39.056266,530.619333,1430
2010-07-18 16:00:00,302.34,29.150666,81.0,81.0,45.143133,981.297733,1430
2010-07-18 16:15:00,290.52,28.286333,151.0,151.0,43.8384,936.233666,1430
2010-07-18 16:30:00,283.713333,28.303333,146.0,146.0,46.999666,911.570133,1430
2010-07-18 16:45:00,277.633333,28.016733,143.0,143.0,49.486533,886.850933,1430
2010-07-18 17:00:00,266.46,28.391866,139.0,139.0,51.8244,849.253333,1430
2010-07-18 17:15:00,207.3,29.699133,131.0,131.0,50.259266,668.477266,1430
2010-07-18 17:30:00,222.493333,28.649533,103.0,103.0,48.551733,711.568266,1430
2010-07-18 17:45:00,92.6,28.511866,116.0,116.0,43.3458,289.8916,1430
2010-07-18 18:00:00,119.426666,28.097133,42.0,42.0,34.323266,352.828866,1430
2010-07-18 18:15:00,108.513333,28.264933,61.0,61.0,35.516066,312.6932,1430
2010-07-18 18:30:00,35.386666,26.819,56.0,56.0,30.748133,102.884933,1430
2010-07-18 18:45:00,81.153333,26.931133,16.0,16.0,29.520866,230.163533,1430
2010-07-19 06:00:00,18.526666,21.664333,0.0,0.0,20.079466,189.8702,1430
2010-07-19 06:15:00,68.586666,22.1336,11.0,11.0,23.536133,288.803133,1430
2010-07-19 06:30:00,103.726666,22.829,33.0,33.0,26.834133,391.911733,1430
2010-07-19 06:45:00,141.846666,23.459333,52.0,52.0,30.806266,502.955133,1430
2010-07-19 07:00:00,188.886666,24.931333,70.0,70.0,38.455533,653.9408,1430
2010-07-19 07:15:00,54.44,23.484666,93.0,93.0,33.542266,190.597533,1430
2010-07-19 07:30:00,36.613333,22.053933,25.0,25.0,25.082533,127.8482,1430
2010-07-19 07:45:00,47.3,22.073066,18.0,18.0,24.685666,153.045666,1430
2010-07-19 08:00:00,38.846666,22.479066,23.0,23.0,24.848866,129.999666,1430
2010-07-19 08:15:00,147.98,23.629466,19.0,19.0,31.019533,456.212333,1430
2010-07-19 08:30:00,89.546666,24.897466,73.0,73.0,34.025,300.491333,1430
2010-07-19 08:45:00,37.346666,22.456066,43.0,43.0,26.718266,128.8606,1430
2010-07-19 09:00:00,42.34,21.4446,18.0,18.0,24.308533,138.905733,1430
2010-07-19 09:15:00,59.006666,21.6568,22.0,22.0,24.844,187.9782,1430
2010-07-19 09:30:00,64.073333,24.24,30.0,30.0,27.3632,202.087333,1430
2010-07-19 09:45:00,51.92,23.532533,31.0,31.0,26.6024,169.204666,1430
2010-07-19 10:00:00,36.04,23.408666,25.0,25.0,25.693866,121.246333,1430
2010-07-19 10:15:00,34.506666,22.9994,17.0,17.0,24.577533,114.563,1430
2010-07-19 10:30:00,41.973333,21.96,17.0,17.0,23.872466,134.9284,1430
2010-07-19 10:45:00,59.393333,21.812666,20.0,20.0,24.206,185.134866,1430
2010-07-19 11:00:00,102.813333,22.570933,31.0,31.0,28.213133,320.1802,1430
2010-07-19 11:15:00,301.293333,24.9162,53.0,53.0,45.121666,1021.494533,1430
2010-07-19 11:30:00,300.48,26.730266,156.0,156.0,55.238533,1017.9596,1430
2010-07-19 11:45:00,292.706666,26.9016,149.0,149.0,54.8978,994.425466,1430
2010-07-19 12:00:00,301.826666,27.812333,147.0,147.0,53.813333,1027.6998,1430
2010-07-19 12:15:00,312.713333,28.694266,150.0,150.0,52.6042,1046.3054,1430
2010-07-19 12:30:00,307.973333,28.2212,151.0,151.0,51.5474,1064.5294,1430
2010-07-19 12:45:00,282.98,28.740466,153.0,153.0,49.692733,979.619533,1430
2010-07-19 13:00:00,312.786666,29.102933,149.0,149.0,50.558066,1015.9302,1430
2010-07-19 13:15:00,173.286666,29.052733,145.0,145.0,46.724933,547.597266,1430
2010-07-19 13:30:00,89.566666,27.4202,74.0,74.0,33.333,296.564733,1430
2010-07-19 13:45:00,313.66,29.2182,51.0,51.0,48.343,1065.511,1430
2010-07-19 14:00:00,244.82,28.513466,156.0,156.0,45.419133,757.797266,1430
2010-07-19 14:15:00,256.246666,29.126866,115.0,115.0,49.3172,954.966133,1430
2010-07-19 14:30:00,152.753333,28.6432,136.0,136.0,43.651,476.587933,1430
2010-07-19 14:45:00,197.693333,29.427133,72.0,72.0,42.313,692.2556,1430
2010-07-19 15:00:00,177.046666,29.3096,88.0,88.0,40.068666,646.774266,1430
2010-07-19 15:15:00,296.406666,30.739866,99.0,99.0,51.175133,956.161533,1430
2010-07-19 15:30:00,36.553333,28.8016,136.0,136.0,37.124866,119.883333,1430
2010-07-19 15:45:00,18.033333,27.841933,15.0,15.0,28.282,63.639333,1430
2010-07-19 16:00:00,21.713333,24.2378,9.0,9.0,22.598333,81.731133,1430
2010-07-19 16:15:00,232.053333,25.8684,12.0,12.0,31.8404,734.4563329999999,1430
2010-07-19 16:30:00,287.306666,27.3896,125.0,125.0,45.751266,912.999466,1430
2010-07-19 16:45:00,279.306666,27.409533,141.0,141.0,50.449666,905.0344,1430
2010-07-19 17:00:00,274.9,27.802466,140.0,140.0,53.422733,926.0306,1430
2010-07-19 17:15:00,274.0,28.852333,139.0,139.0,53.245133,892.6441999999998,1430
2010-07-19 17:30:00,261.026666,28.2654,137.0,137.0,50.251733,820.515933,1430
2010-07-19 17:45:00,227.586666,27.629333,129.0,129.0,49.598933,691.136666,1430
2010-07-19 18:00:00,183.226666,27.1506,111.0,111.0,44.994933,527.262333,1430
2010-07-19 18:15:00,112.766666,26.332933,91.0,91.0,37.801866,300.750733,1430
2010-07-19 18:30:00,101.866666,26.393333,55.0,55.0,34.429133,274.047866,1430
2010-07-19 18:45:00,22.94,25.556466,49.0,49.0,27.576866,80.14919999999998,1430
2010-07-20 06:00:00,0.0,14.377666,0.0,-1.0,14.925266,33.686333,1430
2010-07-20 06:15:00,0.0,14.374266,0.0,0.0,15.1642,41.2954,1430
2010-07-20 06:30:00,0.0,14.2644,0.0,0.0,15.270333,44.377533,1430
2010-07-20 06:45:00,0.0,14.135666,0.0,0.0,15.088933,31.941733,1430
2010-07-20 07:00:00,0.0,13.986466,0.0,-1.0,14.835466,24.637866,1430
2010-07-20 07:15:00,0.0,13.682466,0.0,0.0,14.5186,26.677466,1430
2010-07-20 07:30:00,0.0,13.748066,0.0,0.0,14.752533,39.0778,1430
2010-07-20 07:45:00,0.0,13.797466,0.0,-1.0,15.086,46.229066,1430
2010-07-20 08:00:00,0.0,13.886733,0.0,0.0,15.308266,53.670333,1430
2010-07-20 08:15:00,0.0,14.020266,0.0,0.0,15.577466,49.7996,1430
2010-07-20 08:30:00,0.0,13.885066,0.0,0.0,15.661466,49.606333,1430
2010-07-20 08:45:00,30.553333,14.2558,0.0,-1.0,16.049266,140.553733,1430
2010-07-20 09:00:00,36.873333,14.6798,17.0,17.0,17.884133,115.615866,1430
2010-07-20 09:15:00,28.54,14.588333,16.0,16.0,17.578,93.933133,1430
2010-07-20 09:30:00,74.12,15.281066,15.0,15.0,21.442266,238.978133,1430
2010-07-20 09:45:00,80.793333,15.587666,37.0,37.0,23.893466,251.347866,1430
2010-07-20 10:00:00,69.313333,15.452266,40.0,40.0,22.251733,213.129733,1430
2010-07-20 10:15:00,74.28666599999998,15.668133,34.0,34.0,22.615266,227.823866,1430
2010-07-20 10:30:00,85.753333,16.029533,37.0,37.0,24.038466,261.494933,1430
2010-07-20 10:45:00,87.77333299999998,16.0046,41.0,41.0,23.66,266.784666,1430
2010-07-20 11:00:00,98.553333,16.434066,42.0,42.0,24.9286,307.479733,1430
2010-07-20 11:15:00,120.773333,17.201666,52.0,52.0,27.209666,370.651333,1430
2010-07-20 11:30:00,111.053333,17.7728,60.0,60.0,29.380533,334.203066,1430
2010-07-20 11:45:00,61.426666,17.3084,53.0,53.0,26.514866,188.151133,1430
2010-07-20 12:00:00,114.273333,18.288466,30.0,30.0,28.2794,351.867666,1430
2010-07-20 12:15:00,64.073333,17.992933,57.0,57.0,27.457,197.642066,1430
2010-07-20 12:30:00,85.893333,17.704466,30.0,30.0,25.734533,269.6176,1430
2010-07-20 12:45:00,135.96,18.8782,45.0,45.0,31.125666,417.505933,1430
2010-07-20 13:00:00,215.78,19.1002,68.0,68.0,34.399666,719.523133,1430
2010-07-20 13:15:00,207.333333,20.4304,115.0,115.0,44.1572,696.934866,1430
2010-07-20 13:30:00,144.553333,19.995666,102.0,102.0,38.406533,459.0504,1430
2010-07-20 13:45:00,103.873333,19.833933,72.0,72.0,30.893866,336.1816,1430
2010-07-20 14:00:00,102.113333,19.4548,54.0,54.0,27.916666,328.124933,1430
2010-07-20 14:15:00,140.073333,19.973733,54.0,54.0,32.834933,410.095333,1430
2010-07-20 14:30:00,69.746666,19.559333,66.0,66.0,28.165066,218.561733,1430
2010-07-20 14:45:00,304.26,20.9288,36.0,36.0,40.499266,989.919,1430
2010-07-20 15:00:00,297.986666,21.311466,159.0,159.0,46.815133,962.717733,1430
2010-07-20 15:15:00,252.553333,21.220866,150.0,150.0,45.3876,811.6354659999998,1430
2010-07-20 15:30:00,170.993333,21.5264,122.0,122.0,35.9692,522.349,1430
2010-07-20 15:45:00,116.933333,21.4106,90.0,90.0,32.625333,356.460533,1430
2010-07-20 16:00:00,55.566666,21.179466,51.0,51.0,27.264733,178.680466,1430
2010-07-20 16:15:00,8.346666,20.144066,25.0,25.0,21.5334,30.1768,1430
2010-07-20 16:30:00,4.306666,19.7422,3.0,3.0,19.820066,18.636266,1430
2010-07-20 16:45:00,6.406666,18.377533,2.0,2.0,17.156466,26.041733,1430
2010-07-20 17:00:00,27.266666,17.327866,3.0,3.0,17.2752,92.020733,1430
2010-07-20 17:15:00,46.02,17.222133,18.0,18.0,18.929266,149.139466,1430
2010-07-20 17:30:00,13.473333,17.074733,17.0,17.0,17.333,47.882066,1430
2010-07-20 17:45:00,18.733333,17.524866,6.0,6.0,18.453533,63.685133,1430
2010-07-20 18:00:00,10.553333,17.5262,9.0,9.0,17.466933,39.362733,1430
2010-07-20 18:15:00,6.22,17.530133,5.0,5.0,16.9268,25.06,1430
2010-07-20 18:30:00,1.66,17.350466,2.0,2.0,16.475733,10.3404,1430
2010-07-20 18:45:00,0.0,16.891533,0.0,0.0,16.141733,6.0018,1430
2010-07-21 06:00:00,0.0,17.480133,0.0,-1.0,16.569866,43.329933,1430
2010-07-21 06:15:00,0.0,18.116133,0.0,0.0,17.899466,55.781,1430
2010-07-21 06:30:00,0.0,18.338333,0.0,0.0,18.374,56.233666,1430
2010-07-21 06:45:00,0.0,18.569733,0.0,-1.0,19.650333,96.2982,1430
2010-07-21 07:00:00,56.613333,19.629066,3.0,3.0,21.797733,184.0922,1430
2010-07-21 07:15:00,103.213333,20.146466,29.0,29.0,26.648066,338.912933,1430
2010-07-21 07:30:00,179.766666,20.305933,51.0,51.0,32.030466,595.194533,1430
2010-07-21 07:45:00,210.62,19.826866,92.0,92.0,37.031066,699.295066,1430
2010-07-21 08:00:00,279.506666,20.2304,108.0,108.0,41.033066,924.352133,1430
2010-07-21 08:15:00,255.5,19.957333,139.0,139.0,40.871933,868.484533,1430
2010-07-21 08:30:00,299.28,20.231733,127.0,127.0,42.047133,1009.648733,1430
2010-07-21 08:45:00,207.233333,20.241666,150.0,150.0,39.5522,672.307266,1430
2010-07-21 09:00:00,219.66,20.673666,101.0,101.0,37.148533,741.9688,1430
2010-07-21 09:15:00,178.993333,20.761333,116.0,116.0,37.015533,595.845466,1430
2010-07-21 09:30:00,310.46,21.726933,84.0,84.0,41.9066,1043.2638,1430
2010-07-21 09:45:00,309.786666,22.089866,158.0,158.0,45.3358,1047.643,1430
2010-07-21 10:00:00,305.54,22.6302,152.0,152.0,46.7114,1024.5718,1430
2010-07-21 10:15:00,292.853333,22.317733,152.0,152.0,45.766333,982.015133,1430
2010-07-21 10:30:00,318.206666,22.832066,145.0,145.0,47.114133,1096.517066,1430
2010-07-21 10:45:00,311.326666,23.0108,160.0,160.0,47.7588,1073.1608,1430
2010-07-21 11:00:00,260.466666,23.274266,156.0,156.0,47.0038,899.683666,1430
2010-07-21 11:15:00,255.166666,23.851733,130.0,130.0,43.472666,803.9856,1430
2010-07-21 11:30:00,202.986666,23.764133,123.0,123.0,42.143,643.931133,1430
2010-07-21 11:45:00,220.166666,23.826333,99.0,99.0,40.824733,692.6982,1430
2010-07-21 12:00:00,252.62,24.324066,113.0,113.0,44.368133,828.130066,1430
2010-07-21 12:15:00,142.013333,23.704066,119.0,119.0,36.2192,430.618333,1430
2010-07-21 12:30:00,130.74,23.547466,70.0,70.0,34.5536,402.272466,1430
2010-07-21 12:45:00,192.613333,24.3204,65.0,65.0,38.236666,603.561333,1430
2010-07-21 13:00:00,214.733333,24.948866,97.0,97.0,44.477133,702.372266,1430
2010-07-21 13:15:00,99.306666,24.3628,107.0,107.0,37.136533,297.999,1430
2010-07-21 13:30:00,39.52,23.7382,44.0,44.0,29.095133,121.170133,1430
2010-07-21 13:45:00,23.74,23.081066,19.0,19.0,25.7038,76.0702,1430
2010-07-21 14:00:00,31.52,20.430066,11.0,11.0,20.2534,97.773066,1430
2010-07-21 14:15:00,38.34,19.330066,16.0,16.0,19.097933,115.417333,1430
2010-07-21 14:30:00,57.406666,20.1868,19.0,19.0,21.396866,175.816933,1430
2010-07-21 14:45:00,261.166666,23.2534,30.0,30.0,34.158933,878.8604,1430
2010-07-21 15:00:00,202.28,23.556266,142.0,142.0,44.5876,640.111266,1430
2010-07-21 15:15:00,321.066666,24.568666,101.0,101.0,44.111333,1133.8146,1430
2010-07-21 15:30:00,124.6,23.491466,154.0,154.0,34.0866,416.742866,1430
2010-07-21 15:45:00,123.406666,22.593266,59.0,59.0,28.8348,397.0744,1430
2010-07-21 16:00:00,166.293333,23.1604,60.0,60.0,32.209466,487.106266,1430
2010-07-21 16:15:00,192.38,22.671866,81.0,81.0,35.178333,648.6918,1430
2010-07-21 16:30:00,53.273333,21.926266,98.0,98.0,28.153666,180.5268,1430
2010-07-21 16:45:00,79.47333299999998,22.308333,26.0,26.0,28.786333,247.044866,1430
2010-07-21 17:00:00,184.953333,23.294533,41.0,41.0,35.762266,573.104933,1430
2010-07-21 17:15:00,247.566666,24.3346,99.0,99.0,47.531066,832.3364659999999,1430
2010-07-21 17:30:00,246.266666,24.782,130.0,130.0,48.8058,761.0777329999999,1430
2010-07-21 17:45:00,217.366666,24.1514,123.0,123.0,47.0968,642.059266,1430
2010-07-21 18:00:00,185.593333,24.295933,108.0,108.0,44.119133,530.181933,1430
2010-07-21 18:15:00,153.873333,23.723266,91.0,91.0,40.758866,422.0478,1430
2010-07-21 18:30:00,117.986666,23.778533,76.0,76.0,36.953266,321.762,1430
2010-07-21 18:45:00,65.74,24.180466,58.0,58.0,31.3514,176.157733,1430
2010-07-22 06:00:00,24.9,16.456,0.0,0.0,15.371133,174.428333,1430
2010-07-22 06:15:00,65.8,18.134333,12.0,12.0,19.888866,271.692933,1430
2010-07-22 06:30:00,98.493333,19.0152,32.0,32.0,23.922733,360.427866,1430
2010-07-22 06:45:00,137.58,20.278133,49.0,49.0,29.5568,476.659133,1430
2010-07-22 07:00:00,152.913333,21.023066,69.0,69.0,34.223333,519.531266,1430
2010-07-22 07:15:00,166.54,20.714066,76.0,76.0,34.956733,557.5918,1430
2010-07-22 07:30:00,227.633333,21.314066,84.0,84.0,39.110466,762.1763999999998,1430
2010-07-22 07:45:00,258.606666,22.643933,115.0,115.0,45.5446,877.461866,1430
2010-07-22 08:00:00,272.96,23.258933,128.0,128.0,48.960933,935.200933,1430
2010-07-22 08:15:00,287.433333,24.2596,137.0,137.0,52.3114,989.135666,1430
2010-07-22 08:30:00,294.58,25.476733,143.0,143.0,53.531666,1029.439266,1430
2010-07-22 08:45:00,215.893333,24.579933,149.0,149.0,51.865466,742.2079999999999,1430
2010-07-22 09:00:00,182.326666,23.815333,104.0,104.0,41.089933,658.02,1430
2010-07-22 09:15:00,186.7,24.136866,99.0,99.0,40.8672,613.4186,1430
2010-07-22 09:30:00,140.806666,23.498133,88.0,88.0,35.5552,457.5756,1430
2010-07-22 09:45:00,206.56,23.9272,74.0,74.0,37.702666,663.8592,1430
2010-07-22 10:00:00,219.44,25.403666,103.0,103.0,44.192333,684.7026,1430
2010-07-22 10:15:00,200.426666,26.178933,110.0,110.0,45.163466,655.548066,1430
2010-07-22 10:30:00,199.593333,25.994733,105.0,105.0,43.159133,653.126933,1430
2010-07-22 10:45:00,196.82,26.1826,97.0,97.0,42.788533,653.4322,1430
2010-07-22 11:00:00,290.026666,27.129333,102.0,102.0,48.6592,1006.698533,1430
2010-07-22 11:15:00,271.213333,27.991733,152.0,152.0,52.722466,874.532066,1430
2010-07-22 11:30:00,75.01999999999998,25.9418,126.0,126.0,38.081,234.364666,1430
2010-07-22 11:45:00,51.74,25.2256,36.0,36.0,29.770666,163.085866,1430
2010-07-22 12:00:00,49.753333,23.273933,25.0,25.0,22.463266,156.595866,1430
2010-07-22 12:15:00,72.41333299999998,22.9398,25.0,25.0,22.178666,224.863733,1430
2010-07-22 12:30:00,79.76,23.996866,37.0,37.0,28.051333,242.233266,1430
2010-07-22 12:45:00,76.64666599999998,24.451733,39.0,39.0,29.1568,234.110533,1430
2010-07-22 13:00:00,84.766666,24.767333,38.0,38.0,30.0232,255.966133,1430
2010-07-22 13:15:00,61.12,24.465133,41.0,41.0,28.815133,187.037133,1430
2010-07-22 13:30:00,68.586666,23.94,30.0,30.0,27.546933,214.0554,1430
2010-07-22 13:45:00,74.33333299999998,23.228333,35.0,35.0,27.2234,232.299866,1430
2010-07-22 14:00:00,74.026666,22.339666,36.0,36.0,26.198733,230.189,1430
2010-07-22 14:15:00,90.16,22.5382,37.0,37.0,27.970933,280.156533,1430
2010-07-22 14:30:00,188.393333,24.1316,47.0,47.0,36.1158,641.0522,1430
2010-07-22 14:45:00,303.453333,27.874866,95.0,95.0,48.2606,1000.701933,1430
2010-07-22 15:00:00,303.693333,28.8412,155.0,155.0,52.458933,996.627866,1430
2010-07-22 15:15:00,300.68,28.1424,153.0,153.0,50.0332,963.2974660000002,1430
2010-07-22 15:30:00,314.24,27.197933,150.0,150.0,46.779733,988.459066,1430
2010-07-22 15:45:00,305.933333,26.780133,152.0,152.0,46.340866,1016.642333,1430
2010-07-22 16:00:00,231.76,26.014333,142.0,142.0,40.420733,823.476133,1430
2010-07-22 16:15:00,279.04,26.007133,128.0,128.0,42.5844,901.758733,1430
2010-07-22 16:30:00,257.253333,26.302733,140.0,140.0,42.529733,757.8990659999998,1430
2010-07-22 16:45:00,264.36,25.716666,123.0,123.0,43.499933,833.5366659999999,1430
2010-07-22 17:00:00,109.266666,25.117733,132.0,132.0,37.4526,342.997266,1430
2010-07-22 17:15:00,17.0,24.053466,48.0,48.0,27.4372,59.8144,1430
2010-07-22 17:30:00,3.44,23.516933,7.0,7.0,23.714066,16.774533,1430
2010-07-22 17:45:00,30.933333,19.5038,1.0,1.0,18.4416,93.6228,1430
2010-07-22 18:00:00,42.593333,18.385866,16.0,16.0,18.235933,127.838066,1430
2010-07-22 18:15:00,30.4,18.730933,20.0,20.0,19.754066,95.743866,1430
2010-07-22 18:30:00,18.933333,18.468533,15.0,15.0,19.3828,62.494933,1430
2010-07-22 18:45:00,46.653333,18.895333,9.0,9.0,20.4056,134.129933,1430
2010-07-23 06:00:00,0.0,19.0802,0.0,0.0,18.551333,52.454666,1430
2010-07-23 06:15:00,0.0,19.5292,0.0,-1.0,19.465333,76.2736,1430
2010-07-23 06:30:00,21.233333,18.411266,0.0,0.0,19.6456,136.159133,1430
2010-07-23 06:45:00,33.34,18.566533,11.0,11.0,19.4058,121.877,1430
2010-07-23 07:00:00,51.64,19.0522,16.0,16.0,20.3728,180.994666,1430
2010-07-23 07:15:00,165.08,20.5766,27.0,27.0,25.953933,546.407,1430
2010-07-23 07:30:00,238.94,21.909066,86.0,86.0,33.048666,795.247333,1430
2010-07-23 07:45:00,282.266666,23.076333,121.0,121.0,40.274466,945.521,1430
2010-07-23 08:00:00,300.96,24.062466,141.0,141.0,43.862466,1019.7042,1430
2010-07-23 08:15:00,306.066666,24.808066,151.0,151.0,45.910266,1044.423333,1430
2010-07-23 08:30:00,311.76,25.845866,154.0,154.0,50.014066,1073.883,1430
2010-07-23 08:45:00,301.52,26.796733,154.0,154.0,51.198,1052.439533,1430
2010-07-23 09:00:00,292.526666,26.486266,149.0,149.0,50.3664,1006.474866,1430
2010-07-23 09:15:00,296.246666,26.977533,149.0,149.0,50.997466,1022.730533,1430
2010-07-23 09:30:00,257.613333,26.275333,146.0,146.0,48.627533,873.3776,1430
2010-07-23 09:45:00,207.84,24.635533,127.0,127.0,39.851666,682.897,1430
2010-07-23 10:00:00,179.026666,24.798733,104.0,104.0,38.3624,588.389,1430
2010-07-23 10:15:00,222.546666,24.897266,90.0,90.0,39.079866,723.7294,1430
2010-07-23 10:30:00,287.12,25.744933,113.0,113.0,45.483333,980.0976,1430
2010-07-23 10:45:00,295.513333,27.536533,147.0,147.0,53.844333,1015.207866,1430
2010-07-23 11:00:00,254.893333,27.220133,143.0,143.0,49.430266,852.9256,1430
2010-07-23 11:15:00,285.706666,28.116666,129.0,129.0,49.484466,960.555933,1430
2010-07-23 11:30:00,283.026666,28.308333,143.0,143.0,50.2892,939.6058,1430
2010-07-23 11:45:00,252.3,28.4756,141.0,141.0,48.581933,825.3428,1430
2010-07-23 12:00:00,238.6,28.458533,125.0,125.0,46.688866,771.967533,1430
2010-07-23 12:15:00,248.473333,28.791733,119.0,119.0,46.2092,807.418866,1430
2010-07-23 12:30:00,260.733333,29.1232,124.0,124.0,47.8688,841.2374,1430
2010-07-23 12:45:00,242.94,28.901266,129.0,129.0,47.6282,779.4138,1430
2010-07-23 13:00:00,221.313333,28.928866,122.0,122.0,46.205,691.380733,1430
2010-07-23 13:15:00,231.273333,29.331333,108.0,108.0,48.0304,749.989866,1430
2010-07-23 13:30:00,204.993333,29.269333,116.0,116.0,47.1632,657.308,1430
2010-07-23 13:45:00,290.393333,29.810933,104.0,104.0,50.829266,980.7434,1430
2010-07-23 14:00:00,310.606666,30.158066,150.0,150.0,55.247066,1052.7038,1430
2010-07-23 14:15:00,303.226666,30.2058,153.0,153.0,55.4636,1020.614533,1430
2010-07-23 14:30:00,160.413333,29.2016,149.0,149.0,44.816466,481.750466,1430
2010-07-23 14:45:00,307.7,30.304333,76.0,76.0,50.713866,1018.992133,1430
2010-07-23 15:00:00,282.126666,30.433733,154.0,154.0,53.3958,932.856133,1430
2010-07-23 15:15:00,303.62,30.365533,142.0,142.0,55.698866,1056.325266,1430
2010-07-23 15:30:00,266.526666,30.279,145.0,145.0,52.2926,922.2564000000002,1430
2010-07-23 15:45:00,305.766666,30.479333,141.0,141.0,56.7872,1104.359866,1430
2010-07-23 16:00:00,273.46,30.1066,152.0,152.0,53.421733,901.7842,1430
2010-07-23 16:15:00,260.233333,29.9196,119.0,119.0,51.151333,868.179266,1430
2010-07-23 16:30:00,154.533333,29.687333,128.0,128.0,47.049866,478.001866,1430
2010-07-23 16:45:00,123.94,29.279,80.0,80.0,41.915666,414.9374,1430
2010-07-23 17:00:00,100.046666,28.7944,62.0,62.0,37.386666,268.066466,1430
2010-07-23 17:15:00,50.033333,28.223333,43.0,43.0,32.902133,163.157333,1430
2010-07-23 17:30:00,65.173333,28.356866,24.0,24.0,32.573266,209.686333,1430
2010-07-23 17:45:00,60.82,28.505666,33.0,33.0,32.715133,189.9516,1430
2010-07-23 18:00:00,64.82,28.1634,30.0,30.0,32.265133,200.978533,1430
2010-07-23 18:15:00,57.8,27.910266,32.0,32.0,31.3022,176.589933,1430
2010-07-23 18:30:00,61.053333,27.803866,29.0,29.0,31.4502,175.837066,1430
2010-07-23 18:45:00,27.513333,27.280066,29.0,29.0,28.430066,86.57853299999998,1430
2010-07-24 06:00:00,0.0,15.151266,0.0,0.0,14.993533,21.464,1430
2010-07-24 06:15:00,0.0,15.313333,0.0,-1.0,15.608333,36.677066,1430
2010-07-24 06:30:00,0.0,15.183066,0.0,0.0,16.3234,52.347866,1430
2010-07-24 06:45:00,0.0,15.377866,0.0,0.0,16.740866,59.0464,1430
2010-07-24 07:00:00,23.08,15.876733,0.0,0.0,18.4728,125.229,1430
2010-07-24 07:15:00,54.706666,16.511266,13.0,13.0,20.943333,175.293,1430
2010-07-24 07:30:00,76.166666,16.8716,27.0,27.0,22.961666,243.764266,1430
2010-07-24 07:45:00,104.14,17.834666,40.0,40.0,26.280333,341.2882,1430
2010-07-24 08:00:00,121.853333,18.770933,52.0,52.0,29.047466,400.5026,1430
2010-07-24 08:15:00,161.36,19.417266,61.0,61.0,33.3784,539.5914,1430
2010-07-24 08:30:00,186.033333,19.392866,82.0,82.0,35.790733,616.292266,1430
2010-07-24 08:45:00,185.446666,20.064733,92.0,92.0,35.4108,597.590133,1430
2010-07-24 09:00:00,296.42,21.090066,93.0,93.0,43.028533,984.726,1430
2010-07-24 09:15:00,304.593333,20.868333,150.0,150.0,46.9192,1023.569733,1430
2010-07-24 09:30:00,278.386666,20.5724,151.0,151.0,45.0738,936.2132,1430
2010-07-24 09:45:00,261.393333,20.170533,140.0,140.0,42.809866,858.901933,1430
2010-07-24 10:00:00,290.886666,20.558733,132.0,132.0,41.853866,946.639933,1430
2010-07-24 10:15:00,302.14,20.623066,146.0,146.0,44.973333,987.625266,1430
2010-07-24 10:30:00,305.673333,21.432133,150.0,150.0,45.473266,1007.029066,1430
2010-07-24 10:45:00,298.82,21.1102,152.0,152.0,44.4342,981.1962,1430
2010-07-24 11:00:00,304.973333,22.1394,149.0,149.0,45.9776,996.912533,1430
2010-07-24 11:15:00,301.34,22.340333,152.0,152.0,46.287466,985.7634,1430
2010-07-24 11:30:00,299.546666,21.949133,151.0,151.0,45.356,980.7944,1430
2010-07-24 11:45:00,296.593333,21.791266,150.0,150.0,42.940266,953.007933,1430
2010-07-24 12:00:00,301.1,22.338133,148.0,148.0,45.0218,974.7264,1430
2010-07-24 12:15:00,299.186666,22.087933,149.0,149.0,45.643333,967.900533,1430
2010-07-24 12:30:00,298.893333,22.6074,150.0,150.0,45.1746,964.640266,1430
2010-07-24 12:45:00,300.386666,22.8534,150.0,150.0,44.565466,963.4502,1430
2010-07-24 13:00:00,301.253333,23.123533,150.0,150.0,45.143466,968.0532,1430
2010-07-24 13:15:00,299.213333,22.628466,151.0,151.0,45.342933,967.2546,1430
2010-07-24 13:30:00,302.066666,22.923866,148.0,148.0,44.295333,981.262266,1430
2010-07-24 13:45:00,297.873333,23.017733,153.0,153.0,45.7648,967.051333,1430
2010-07-24 14:00:00,228.36,22.810466,146.0,146.0,41.850333,712.926133,1430
2010-07-24 14:15:00,253.76,22.835866,114.0,114.0,41.544133,813.379866,1430
2010-07-24 14:30:00,279.646666,23.497266,128.0,128.0,43.963533,898.1934,1430
2010-07-24 14:45:00,244.62,23.545533,140.0,140.0,45.621333,775.268666,1430
2010-07-24 15:00:00,301.566666,23.550533,117.0,117.0,48.0638,984.9548,1430
2010-07-24 15:15:00,299.24,24.214733,153.0,153.0,52.063866,1000.544266,1430
2010-07-24 15:30:00,284.686666,24.405866,150.0,150.0,51.3616,951.670333,1430
2010-07-24 15:45:00,104.013333,23.175466,139.0,139.0,37.532666,319.600466,1430
2010-07-24 16:00:00,76.98,22.400133,48.0,48.0,29.9848,244.3542,1430
2010-07-24 16:15:00,59.32,22.377533,38.0,38.0,27.655333,193.161066,1430
2010-07-24 16:30:00,49.633333,22.279733,29.0,29.0,26.523666,164.911866,1430
2010-07-24 16:45:00,41.453333,22.080466,24.0,24.0,25.4012,140.080733,1430
2010-07-24 17:00:00,38.313333,22.101733,20.0,20.0,25.076066,131.3882,1430
2010-07-24 17:15:00,41.713333,22.075266,19.0,19.0,25.365,142.4102,1430
2010-07-24 17:30:00,43.486666,21.978666,20.0,20.0,25.266466,147.298133,1430
2010-07-24 17:45:00,42.146666,21.894933,22.0,22.0,25.109333,138.885533,1430
2010-07-24 18:00:00,37.273333,21.870666,20.0,20.0,24.615066,120.005333,1430
2010-07-24 18:15:00,35.613333,21.873666,18.0,18.0,24.2018,112.884533,1430
2010-07-24 18:30:00,37.54,21.635666,18.0,18.0,23.703466,118.0776,1430
2010-07-24 18:45:00,39.486666,21.551666,18.0,18.0,23.617933,121.582066,1430
2010-07-25 06:00:00,11.753333,13.0218,0.0,-1.0,12.0204,128.341733,1430
2010-07-25 06:15:00,50.06,14.156066,7.0,7.0,15.3486,206.2684,1430
2010-07-25 06:30:00,84.94666599999998,15.126733,23.0,23.0,18.710533,321.294266,1430
2010-07-25 06:45:00,128.493333,16.180866,42.0,42.0,23.675066,449.6462,1430
2010-07-25 07:00:00,161.613333,17.206666,64.0,64.0,28.935333,553.985666,1430
2010-07-25 07:15:00,198.693333,17.725933,82.0,82.0,33.720133,669.4946,1430
2010-07-25 07:30:00,193.673333,18.6552,98.0,98.0,37.1746,611.658866,1430
2010-07-25 07:45:00,165.4,18.8262,91.0,91.0,34.9804,542.226266,1430
2010-07-25 08:00:00,168.46,18.7824,83.0,83.0,35.165133,572.4946,1430
2010-07-25 08:15:00,170.146666,19.026733,86.0,86.0,35.4418,542.282133,1430
2010-07-25 08:30:00,139.066666,18.755733,81.0,81.0,32.2782,451.3856,1430
2010-07-25 08:45:00,137.153333,18.916,67.0,67.0,31.2878,444.925933,1430
2010-07-25 09:00:00,211.513333,19.325066,70.0,70.0,34.978,674.819933,1430
2010-07-25 09:15:00,207.193333,19.737,107.0,107.0,38.3002,688.090066,1430
2010-07-25 09:30:00,243.44,21.197666,105.0,105.0,39.639333,782.5366659999999,1430
2010-07-25 09:45:00,248.286666,22.467466,123.0,123.0,44.096733,797.851533,1430
2010-07-25 10:00:00,187.5,21.185333,119.0,119.0,36.923466,594.268933,1430
2010-07-25 10:15:00,265.893333,21.311466,94.0,94.0,39.7452,864.1815329999998,1430
2010-07-25 10:30:00,274.48,21.614933,136.0,136.0,44.711666,898.554466,1430
2010-07-25 10:45:00,263.033333,22.2626,136.0,136.0,45.771333,855.7028659999999,1430
2010-07-25 11:00:00,277.86,22.139466,132.0,132.0,47.083866,921.035933,1430
2010-07-25 11:15:00,277.42,23.093333,140.0,140.0,46.9954,916.295266,1430
2010-07-25 11:30:00,249.153333,22.759733,135.0,135.0,44.1636,800.582933,1430
2010-07-25 11:45:00,282.76,23.340066,128.0,128.0,47.185733,946.1516,1430
2010-07-25 12:00:00,301.846666,23.824066,143.0,143.0,48.676666,997.365266,1430
2010-07-25 12:15:00,299.0,23.664,150.0,150.0,47.882166,989.430666,1430
2010-07-25 12:30:00,,,103.626,103.626,,,1430
2010-07-25 12:45:00,,,104.734,104.734,,,1430
2010-07-25 13:00:00,,,105.473,105.473,,,1430
2010-07-25 13:15:00,,,105.841,105.841,,,1430
2010-07-25 13:30:00,,,105.836,105.836,,,1430
2010-07-25 13:45:00,,,105.457,105.457,,,1430
2010-07-25 14:00:00,,,104.706,104.706,,,1430
2010-07-25 14:15:00,,,103.588,103.588,,,1430
2010-07-25 14:30:00,,,102.107,102.107,,,1430
2010-07-25 14:45:00,,,100.269,100.269,,,1430
2010-07-25 15:00:00,,,98.084,98.084,,,1430
2010-07-25 15:15:00,,,95.561,95.561,,,1430
2010-07-25 15:30:00,,,92.711,92.711,,,1430
2010-07-25 15:45:00,,,89.54999999999998,89.54999999999998,,,1430
2010-07-25 16:00:00,,,86.089,86.089,,,1430
2010-07-25 16:15:00,,,82.345,82.345,,,1430
2010-07-25 16:30:00,,,78.33799999999998,78.33799999999998,,,1430
2010-07-25 16:45:00,94.2,26.309,74.083,74.083,32.8865,300.1405,1430
2010-07-25 17:00:00,234.353333,26.519933,69.602,69.602,38.192,720.9167999999999,1430
2010-07-25 17:15:00,264.733333,27.015466,122.0,122.0,45.585733,832.875533,1430
2010-07-25 17:30:00,241.433333,27.3538,132.0,132.0,49.035933,754.5827329999998,1430
2010-07-25 17:45:00,205.633333,27.185533,120.0,120.0,47.782066,614.293533,1430
2010-07-25 18:00:00,183.4,26.582066,104.0,104.0,45.272066,528.183066,1430
2010-07-25 18:15:00,147.933333,26.011533,90.0,90.0,39.502466,399.062933,1430
2010-07-25 18:30:00,97.786666,25.9886,69.0,69.0,34.201133,270.731666,1430
2010-07-25 18:45:00,73.91333299999998,24.746333,52.0,52.0,30.149133,194.392,1430
2010-07-26 06:00:00,17.5,17.060333,0.0,0.0,14.4694,155.863466,1430
2010-07-26 06:15:00,56.953333,18.004466,9.0,9.0,18.046666,248.6928,1430
2010-07-26 06:30:00,91.62,17.9402,28.0,28.0,22.2636,347.8902,1430
2010-07-26 06:45:00,126.793333,18.0964,45.0,45.0,26.308466,450.022533,1430
2010-07-26 07:00:00,163.133333,18.7702,64.0,64.0,30.9606,555.460666,1430
2010-07-26 07:15:00,197.733333,19.556466,81.0,81.0,34.9482,666.565,1430
2010-07-26 07:30:00,230.56,20.521333,99.0,99.0,39.004933,768.8139999999999,1430
2010-07-26 07:45:00,258.706666,21.629666,116.0,116.0,43.941733,867.7622659999998,1430
2010-07-26 08:00:00,272.14,22.810133,128.0,128.0,47.459066,917.5516,1430
2010-07-26 08:15:00,279.6,24.0184,136.0,136.0,49.5192,947.9778,1430
2010-07-26 08:30:00,284.286666,24.504,140.0,140.0,51.233466,970.128333,1430
2010-07-26 08:45:00,288.32,24.826466,142.0,142.0,52.1026,987.711666,1430
2010-07-26 09:00:00,289.946666,24.826133,145.0,145.0,53.667,999.5982,1430
2010-07-26 09:15:00,292.806666,26.3,146.0,146.0,55.492866,1003.407866,1430
2010-07-26 09:30:00,293.9,26.663066,145.0,145.0,55.970333,1002.726266,1430
2010-07-26 09:45:00,294.926666,26.598266,147.0,147.0,54.859133,1003.280733,1430
2010-07-26 10:00:00,296.06,26.3272,148.0,148.0,52.980133,1001.968333,1430
2010-07-26 10:15:00,294.58,27.037933,148.0,148.0,54.1302,998.6724660000002,1430
2010-07-26 10:30:00,294.08,27.5472,147.0,147.0,54.2846,994.873066,1430
2010-07-26 10:45:00,293.16,28.020066,146.0,146.0,53.8478,991.129533,1430
2010-07-26 11:00:00,293.013333,27.917866,147.0,147.0,52.237933,985.677133,1430
2010-07-26 11:15:00,289.846666,28.239533,147.0,147.0,51.927733,976.928733,1430
2010-07-26 11:30:00,285.973333,28.2948,146.0,146.0,52.081133,973.5412,1430
2010-07-26 11:45:00,286.02,28.738333,144.0,144.0,52.533866,970.525133,1430
2010-07-26 12:00:00,286.1,29.0316,144.0,144.0,53.6486,967.452933,1430
2010-07-26 12:15:00,282.993333,28.9752,142.0,142.0,54.738666,960.067666,1430
2010-07-26 12:30:00,285.113333,29.375466,143.0,143.0,53.344266,958.862333,1430
2010-07-26 12:45:00,284.6,29.8354,143.0,143.0,53.788866,955.2612,1430
2010-07-26 13:00:00,285.88,30.054933,143.0,143.0,53.861866,962.321066,1430
2010-07-26 13:15:00,289.42,29.736666,145.0,145.0,51.5538,959.823666,1430
2010-07-26 13:30:00,284.96,30.2572,143.0,143.0,53.000733,956.3904,1430
2010-07-26 13:45:00,292.833333,30.726333,144.0,144.0,53.215666,971.725533,1430
2010-07-26 14:00:00,292.153333,30.670333,147.0,147.0,52.758466,968.9078,1430
2010-07-26 14:15:00,289.0,30.8178,147.0,147.0,54.38,969.324733,1430
2010-07-26 14:30:00,286.76,31.105666,146.0,146.0,55.0892,962.2650000000002,1430
2010-07-26 14:45:00,286.726666,30.8366,144.0,144.0,53.102133,962.092133,1430
2010-07-26 15:00:00,284.686666,30.950066,143.0,143.0,56.924333,966.761266,1430
2010-07-26 15:15:00,285.113333,31.236266,144.0,144.0,54.993933,966.440933,1430
2010-07-26 15:30:00,284.54,31.087266,144.0,144.0,54.543266,969.691133,1430
2010-07-26 15:45:00,278.846666,31.474066,143.0,143.0,58.2956,959.1724660000002,1430
2010-07-26 16:00:00,279.086666,31.684333,142.0,142.0,54.390066,948.501466,1430
2010-07-26 16:15:00,277.393333,31.3958,139.0,139.0,53.031266,929.5756,1430
2010-07-26 16:30:00,274.3,31.251666,140.0,140.0,52.231,908.7982,1430
2010-07-26 16:45:00,265.94,30.771733,138.0,138.0,53.662533,871.617733,1430
2010-07-26 17:00:00,261.913333,30.529933,134.0,134.0,49.0778,836.634266,1430
2010-07-26 17:15:00,250.2,30.549066,132.0,132.0,50.321066,795.7967999999998,1430
2010-07-26 17:30:00,233.073333,30.404133,125.0,125.0,50.535266,727.411733,1430
2010-07-26 17:45:00,201.913333,30.151133,115.0,115.0,46.743666,600.784333,1430
2010-07-26 18:00:00,169.913333,29.679333,101.0,101.0,42.708933,482.009866,1430
2010-07-26 18:15:00,137.033333,29.3042,84.0,84.0,39.2802,381.1086,1430
2010-07-26 18:30:00,103.293333,28.9412,68.0,68.0,35.4414,278.823933,1430
2010-07-26 18:45:00,70.44,28.510133,51.0,51.0,32.800933,191.9912,1430
2010-07-27 06:00:00,0.0,21.306066,0.0,0.0,21.229066,108.769666,1430
2010-07-27 06:15:00,27.98,20.0754,0.0,-1.0,21.3072,210.444133,1430
2010-07-27 06:30:00,83.893333,20.515,15.0,15.0,23.742466,327.448533,1430
2010-07-27 06:45:00,121.746666,21.458,41.0,41.0,27.339,435.984333,1430
2010-07-27 07:00:00,148.173333,22.517933,61.0,61.0,30.8108,514.104333,1430
2010-07-27 07:15:00,185.913333,23.829733,74.0,74.0,36.100333,630.2542,1430
2010-07-27 07:30:00,222.346666,25.4828,91.0,91.0,43.7928,760.6354659999998,1430
2010-07-27 07:45:00,248.533333,26.960266,111.0,111.0,48.940866,855.3568,1430
2010-07-27 08:00:00,261.753333,27.4842,125.0,125.0,51.900533,901.931666,1430
2010-07-27 08:15:00,269.94,27.572133,130.0,130.0,53.548266,932.128866,1430
2010-07-27 08:30:00,262.08,27.634466,135.0,135.0,52.819066,903.783266,1430
2010-07-27 08:45:00,285.226666,27.705,130.0,130.0,52.056266,985.6466,1430
2010-07-27 09:00:00,259.8,29.554533,141.0,141.0,53.8534,888.356533,1430
2010-07-27 09:15:00,281.28,29.565,128.0,128.0,53.109333,971.222,1430
2010-07-27 09:30:00,259.686666,29.439533,144.0,144.0,53.131666,868.0521999999999,1430
2010-07-27 09:45:00,289.62,29.839066,127.0,127.0,54.418,988.154133,1430
2010-07-27 10:00:00,290.96,30.338666,147.0,147.0,54.822133,992.268866,1430
2010-07-27 10:15:00,287.8,30.1304,144.0,144.0,54.378133,979.476866,1430
2010-07-27 10:30:00,285.466666,30.4252,144.0,144.0,54.7832,970.443866,1430
2010-07-27 10:45:00,285.273333,30.452933,142.0,142.0,54.307733,968.0074,1430
2010-07-27 11:00:00,292.12,30.475666,142.0,142.0,53.9588,996.5312,1430
2010-07-27 11:15:00,293.846666,30.826266,146.0,146.0,53.2946,992.940333,1430
2010-07-27 11:30:00,290.166666,30.696666,144.0,144.0,52.159466,979.0954,1430
2010-07-27 11:45:00,290.526666,31.417333,146.0,146.0,53.726333,978.6732,1430
2010-07-27 12:00:00,285.473333,31.0928,145.0,145.0,51.4464,957.402466,1430
2010-07-27 12:15:00,293.42,31.197,143.0,143.0,51.251066,971.517,1430
2010-07-27 12:30:00,296.28,30.9926,147.0,147.0,49.6152,981.974333,1430
2010-07-27 12:45:00,207.533333,30.9438,148.0,148.0,47.255266,668.197666,1430
2010-07-27 13:00:00,32.566666,28.742333,94.0,94.0,32.513733,106.959066,1430
2010-07-27 13:15:00,20.453333,28.1984,16.0,16.0,29.113266,70.592266,1430
2010-07-27 13:30:00,10.253333,26.647133,9.0,9.0,27.378733,38.655533,1430
2010-07-27 13:45:00,6.846666,24.008933,4.0,4.0,24.511533,26.54,1430
2010-07-27 14:00:00,8.853333,23.436133,3.0,3.0,23.190266,33.060666,1430
2010-07-27 14:15:00,12.366666,22.9266,4.0,4.0,22.939533,45.196466,1430
2010-07-27 14:30:00,17.64,21.549,6.0,6.0,19.479133,61.604733,1430
2010-07-27 14:45:00,37.453333,20.105666,9.0,9.0,17.690133,122.757,1430
2010-07-27 15:00:00,53.313333,21.552266,19.0,19.0,21.549866,173.878933,1430
2010-07-27 15:15:00,44.306666,22.455,26.0,26.0,24.125133,144.485533,1430
2010-07-27 15:30:00,29.046666,22.385933,21.0,21.0,23.581,98.760133,1430
2010-07-27 15:45:00,25.14,22.2978,14.0,14.0,23.114066,86.98019999999998,1430
2010-07-27 16:00:00,26.406666,22.796666,12.0,12.0,23.779666,91.385,1430
2010-07-27 16:15:00,34.4,22.868466,13.0,13.0,24.3736,114.4664,1430
2010-07-27 16:30:00,40.82,23.093733,17.0,17.0,25.066666,133.616066,1430
2010-07-27 16:45:00,72.013333,24.0892,20.0,20.0,27.530466,231.043533,1430
2010-07-27 17:00:00,75.13333299999998,24.280733,37.0,37.0,29.158266,240.142733,1430
2010-07-27 17:15:00,90.86,24.184133,38.0,38.0,29.452266,285.812333,1430
2010-07-27 17:30:00,60.886666,24.358933,46.0,46.0,29.244733,194.4428,1430
2010-07-27 17:45:00,29.353333,24.004066,29.0,29.0,26.833266,97.824,1430
2010-07-27 18:00:00,19.38,23.543466,14.0,14.0,24.827,66.589333,1430
2010-07-27 18:15:00,18.693333,23.6484,9.0,9.0,24.533133,63.3238,1430
2010-07-27 18:30:00,13.2,22.496666,9.0,9.0,23.183333,46.4274,1430
2010-07-27 18:45:00,19.38,21.6396,6.0,6.0,22.344533,65.043133,1430
2010-07-28 06:00:00,15.76,15.9626,0.0,0.0,16.814466,129.358933,1430
2010-07-28 06:15:00,34.326666,16.009066,10.0,10.0,18.2678,133.8042,1430
2010-07-28 06:30:00,39.48,15.786533,16.0,16.0,18.366133,142.6646,1430
2010-07-28 06:45:00,66.633333,16.028533,19.0,19.0,20.509533,241.333,1430
2010-07-28 07:00:00,39.973333,15.755666,32.0,32.0,18.8326,138.361666,1430
2010-07-28 07:15:00,51.6,15.999466,21.0,21.0,19.586066,174.057,1430
2010-07-28 07:30:00,56.06,16.194466,26.0,26.0,20.8924,185.506266,1430
2010-07-28 07:45:00,212.76,17.415266,27.0,27.0,30.179533,753.3976659999998,1430
2010-07-28 08:00:00,279.746666,18.957666,118.0,118.0,45.2816,967.330866,1430
2010-07-28 08:15:00,250.373333,19.613733,137.0,137.0,45.257733,822.6928,1430
2010-07-28 08:30:00,158.5,20.218733,117.0,117.0,39.031333,517.130533,1430
2010-07-28 08:45:00,166.533333,18.370333,78.0,78.0,33.740266,600.204533,1430
2010-07-28 09:00:00,284.946666,19.154933,90.0,90.0,41.204933,981.231666,1430
2010-07-28 09:15:00,174.38,19.647333,141.0,141.0,39.133533,554.178866,1430
2010-07-28 09:30:00,131.686666,20.452866,79.0,79.0,33.692133,417.785666,1430
2010-07-28 09:45:00,175.48,20.879333,67.0,67.0,36.136133,532.241866,1430
2010-07-28 10:00:00,140.906666,20.615333,87.0,87.0,35.417533,432.200066,1430
2010-07-28 10:15:00,304.24,21.0404,70.0,70.0,43.805533,1072.1182,1430
2010-07-28 10:30:00,304.16,22.8416,157.0,157.0,53.020933,1037.312933,1430
2010-07-28 10:45:00,288.753333,23.1706,151.0,151.0,51.887,971.354133,1430
2010-07-28 11:00:00,288.406666,23.512333,144.0,144.0,51.4718,963.734933,1430
2010-07-28 11:15:00,287.573333,23.5316,144.0,144.0,49.567066,971.069266,1430
2010-07-28 11:30:00,287.22,23.721733,145.0,145.0,48.6906,953.648866,1430
2010-07-28 11:45:00,287.813333,24.168133,144.0,144.0,48.585333,950.724333,1430
2010-07-28 12:00:00,283.946666,23.726066,144.0,144.0,47.1568,933.517533,1430
2010-07-28 12:15:00,284.02,24.522,140.0,140.0,47.003533,942.097866,1430
2010-07-28 12:30:00,260.153333,24.7102,142.0,142.0,46.189333,834.269133,1430
2010-07-28 12:45:00,290.0,25.339866,129.0,129.0,48.899466,951.604266,1430
2010-07-28 13:00:00,298.193333,25.465466,146.0,146.0,50.053533,986.170333,1430
2010-07-28 13:15:00,288.213333,26.054733,150.0,150.0,49.356666,945.348266,1430
2010-07-28 13:30:00,189.72,25.101266,143.0,143.0,45.503733,583.852,1430
2010-07-28 13:45:00,175.82,24.947,87.0,87.0,38.7222,528.523933,1430
2010-07-28 14:00:00,196.56,25.645066,86.0,86.0,41.910933,612.869266,1430
2010-07-28 14:15:00,210.32,25.882533,101.0,101.0,43.403933,643.7784,1430
2010-07-28 14:30:00,252.553333,27.036666,101.0,101.0,49.7838,869.288133,1430
2010-07-28 14:45:00,100.453333,26.333933,124.0,124.0,41.560066,322.5606,1430
2010-07-28 15:00:00,38.693333,24.425733,44.0,44.0,28.758066,132.502266,1430
2010-07-28 15:15:00,37.333333,23.363,19.0,19.0,25.813866,129.119866,1430
2010-07-28 15:30:00,55.746666,23.1376,18.0,18.0,26.231066,199.295066,1430
2010-07-28 15:45:00,282.6,25.712266,35.0,35.0,41.408866,907.8828,1430
2010-07-28 16:00:00,129.466666,25.667733,134.0,134.0,38.350866,401.9216,1430
2010-07-28 16:15:00,164.82,25.622866,63.0,63.0,37.7728,531.956866,1430
2010-07-28 16:30:00,303.58,26.021,81.0,81.0,47.107466,995.737666,1430
2010-07-28 16:45:00,297.493333,25.8136,156.0,156.0,49.296866,956.242933,1430
2010-07-28 17:00:00,279.3,25.100933,148.0,148.0,45.009266,879.089333,1430
2010-07-28 17:15:00,271.146666,24.792266,140.0,140.0,42.496133,836.8275999999998,1430
2010-07-28 17:30:00,249.28,25.4856,135.0,135.0,43.097266,754.8218,1430
2010-07-28 17:45:00,153.326666,24.847066,122.0,122.0,38.807466,421.508733,1430
2010-07-28 18:00:00,27.373333,23.8808,68.0,68.0,27.3604,87.819333,1430
2010-07-28 18:15:00,19.453333,23.6562,13.0,13.0,24.181933,62.744133,1430
2010-07-28 18:30:00,10.466666,23.476533,9.0,9.0,22.940733,34.011866,1430
2010-07-28 18:45:00,4.36,23.150266,4.0,4.0,21.838466,17.720666,1430
2010-07-29 06:00:00,4.566666,17.328266,0.0,0.0,16.699666,140.767466,1430
2010-07-29 06:15:00,51.68,18.144066,3.0,2.0,19.450466,228.403733,1430
2010-07-29 06:30:00,85.493333,19.8852,26.0,26.0,23.465866,330.8918,1430
2010-07-29 06:45:00,121.746666,20.739266,42.0,42.0,28.471533,435.190933,1430
2010-07-29 07:00:00,156.553333,21.364333,60.0,60.0,33.100333,538.391066,1430
2010-07-29 07:15:00,190.486666,21.303066,78.0,78.0,36.789666,648.122133,1430
2010-07-29 07:30:00,222.093333,21.3258,95.0,95.0,39.6692,748.870866,1430
2010-07-29 07:45:00,250.126666,21.389466,111.0,111.0,40.726,846.735666,1430
2010-07-29 08:00:00,264.76,21.4824,126.0,126.0,42.442466,896.835333,1430
2010-07-29 08:15:00,272.573333,21.515066,131.0,131.0,41.8912,924.1536,1430
2010-07-29 08:30:00,278.466666,22.147,136.0,136.0,44.157933,946.131333,1430
2010-07-29 08:45:00,281.926666,22.179133,140.0,140.0,45.224933,960.8206,1430
2010-07-29 09:00:00,285.713333,22.660133,141.0,141.0,46.455533,972.468066,1430
2010-07-29 09:15:00,287.586666,22.926733,143.0,143.0,46.671266,978.2307330000002,1430
2010-07-29 09:30:00,288.953333,23.359266,144.0,144.0,46.350533,978.871533,1430
2010-07-29 09:45:00,290.086666,23.990933,143.0,143.0,46.075,980.321333,1430
2010-07-29 10:00:00,290.933333,24.33,145.0,145.0,45.0582,979.222666,1430
2010-07-29 10:15:00,290.486666,24.6964,147.0,147.0,45.948666,977.620466,1430
2010-07-29 10:30:00,291.453333,25.155,146.0,146.0,46.425533,983.7748,1430
2010-07-29 10:45:00,287.953333,25.286333,147.0,147.0,46.8666,969.5586,1430
2010-07-29 11:00:00,287.313333,25.572533,142.0,142.0,48.549933,972.4070660000002,1430
2010-07-29 11:15:00,290.246666,26.184533,145.0,145.0,46.9752,978.764866,1430
2010-07-29 11:30:00,287.42,26.378,146.0,146.0,46.743666,972.229,1430
2010-07-29 11:45:00,280.593333,27.234933,146.0,146.0,46.355333,932.576466,1430
2010-07-29 12:00:00,304.273333,27.323866,140.0,140.0,46.621933,1008.239666,1430
2010-07-29 12:15:00,263.04,27.7818,153.0,153.0,47.3302,872.695866,1430
2010-07-29 12:30:00,292.52,28.229733,129.0,129.0,47.7698,1013.122533,1430
2010-07-29 12:45:00,312.586666,28.795333,152.0,152.0,50.805933,1061.976133,1430
2010-07-29 13:00:00,230.853333,28.062,156.0,156.0,48.9094,780.990666,1430
2010-07-29 13:15:00,253.846666,27.927333,117.0,117.0,47.199,812.642333,1430
2010-07-29 13:30:00,73.55333299999998,26.876733,122.0,122.0,35.312933,234.085133,1430
2010-07-29 13:45:00,73.42666599999998,26.7786,35.0,35.0,31.931866,233.281533,1430
2010-07-29 14:00:00,76.44,26.653733,37.0,37.0,31.432133,241.826533,1430
2010-07-29 14:15:00,75.626666,26.723066,38.0,38.0,32.019533,237.9048,1430
2010-07-29 14:30:00,89.486666,26.898,38.0,38.0,33.216133,281.870533,1430
2010-07-29 14:45:00,68.006666,26.523066,44.0,44.0,32.944533,220.026733,1430
2010-07-29 15:00:00,46.973333,23.755466,33.0,33.0,27.4026,155.268266,1430
2010-07-29 15:15:00,37.026666,21.955733,22.0,22.0,24.165066,123.6928,1430
2010-07-29 15:30:00,42.38,21.701866,18.0,18.0,23.243133,140.309666,1430
2010-07-29 15:45:00,30.0,21.693666,20.0,20.0,23.384,103.485,1430
2010-07-29 16:00:00,33.046666,21.4796,14.0,14.0,23.0862,115.122533,1430
2010-07-29 16:15:00,56.52,21.665333,17.0,17.0,23.7416,190.434733,1430
2010-07-29 16:30:00,73.526666,21.9568,29.0,29.0,25.2336,240.732866,1430
2010-07-29 16:45:00,131.966666,22.491466,37.0,37.0,29.903533,410.9294,1430
2010-07-29 17:00:00,102.06,22.7676,63.0,63.0,31.2828,323.7762,1430
2010-07-29 17:15:00,90.453333,23.057733,50.0,50.0,30.845133,285.222333,1430
2010-07-29 17:30:00,75.026666,22.9954,44.0,44.0,29.1072,256.0068,1430
2010-07-29 17:45:00,57.766666,23.124666,40.0,40.0,27.841466,179.616333,1430
2010-07-29 18:00:00,66.986666,23.8848,28.0,28.0,29.009,213.521266,1430
2010-07-29 18:15:00,27.72,23.439,35.0,35.0,27.815333,84.28446599999998,1430
2010-07-29 18:30:00,4.726666,23.166333,11.0,11.0,24.211533,18.991933,1430
2010-07-29 18:45:00,5.713333,23.053533,2.0,2.0,22.754866,22.1862,1430
2010-07-03 06:00:00,0.0,16.494,0.0,0.0,14.829533,38.650533,1430
2010-07-03 06:15:00,39.633333,17.530133,0.0,-1.0,18.730333,252.695733,1430
2010-07-03 06:30:00,125.9,18.052466,24.0,24.0,22.882733,408.833733,1430
2010-07-03 06:45:00,170.053333,19.734933,62.0,62.0,26.8186,538.482466,1430
2010-07-03 07:00:00,210.78,20.8372,84.0,84.0,28.670933,663.091,1430
2010-07-03 07:15:00,234.746666,20.9672,104.0,104.0,31.507066,738.1083999999998,1430
2010-07-03 07:30:00,261.76,21.7824,117.0,117.0,38.9054,843.404133,1430
2010-07-03 07:45:00,270.966666,21.838933,130.0,130.0,46.879133,910.268133,1430
2010-07-03 08:00:00,278.393333,22.327466,134.0,134.0,49.992266,945.851666,1430
2010-07-03 08:15:00,287.166666,23.115533,138.0,138.0,51.510266,971.003,1430
2010-07-03 08:30:00,144.72,22.801666,142.0,142.0,44.731266,593.353333,1430
2010-07-03 08:45:00,300.84,23.640533,76.0,76.0,48.606066,1021.7234,1430
2010-07-03 09:00:00,299.993333,24.672333,150.0,150.0,55.178733,1019.958533,1430
2010-07-03 09:15:00,300.366666,25.4418,149.0,149.0,54.258933,1017.506933,1430
2010-07-03 09:30:00,302.44,26.238733,150.0,150.0,56.211533,1026.9776,1430
2010-07-03 09:45:00,306.113333,26.4736,149.0,149.0,57.026866,1041.036066,1430
2010-07-03 10:00:00,302.98,26.794933,152.0,152.0,56.543066,1028.874733,1430
2010-07-03 10:15:00,301.773333,27.082066,151.0,151.0,53.692933,1019.007266,1430
2010-07-03 10:30:00,304.56,27.408333,152.0,152.0,53.612666,1024.149533,1430
2010-07-03 10:45:00,312.686666,27.545933,152.0,152.0,52.6412,1051.259266,1430
2010-07-03 11:00:00,280.093333,27.6134,154.0,154.0,49.3786,998.2604,1430
2010-07-03 11:15:00,321.626666,27.989533,140.0,140.0,50.4224,944.752933,1430
2010-07-03 11:30:00,280.86,27.528866,144.0,144.0,46.421,904.963133,1430
2010-07-03 11:45:00,258.04,27.935133,129.0,129.0,46.979533,845.2046659999999,1430
2010-07-03 12:00:00,257.993333,27.981533,124.0,124.0,46.8874,973.5972,1430
2010-07-03 12:15:00,103.466666,27.7784,142.0,142.0,43.215266,419.647133,1430
2010-07-03 12:30:00,86.72666599999998,26.988066,48.0,48.0,32.9954,353.953066,1430
2010-07-03 12:45:00,185.706666,27.649066,49.0,49.0,38.610666,657.9132,1430
2010-07-03 13:00:00,323.22,28.7858,102.0,102.0,50.777066,1065.099133,1430
2010-07-03 13:15:00,167.76,28.179333,162.0,162.0,44.589533,429.336533,1430
2010-07-03 13:30:00,210.46,28.318133,76.0,76.0,40.381066,777.5574,1430
2010-07-03 13:45:00,211.06,28.998933,112.0,112.0,46.9884,695.444666,1430
2010-07-03 14:00:00,159.413333,28.792733,98.0,98.0,40.5296,567.342133,1430
2010-07-03 14:15:00,76.78,28.162533,77.0,77.0,34.343533,242.868933,1430
2010-07-03 14:30:00,89.50666599999998,27.872466,38.0,38.0,33.352933,283.940533,1430
2010-07-03 14:45:00,99.853333,28.1542,46.0,46.0,34.354533,312.7594,1430
2010-07-03 15:00:00,112.84,28.229666,49.0,49.0,34.520333,361.2518,1430
2010-07-03 15:15:00,186.26,28.0718,56.0,56.0,39.115733,753.819866,1430
2010-07-03 15:30:00,123.833333,27.491666,103.0,103.0,37.353466,415.552666,1430
2010-07-03 15:45:00,87.433333,27.145133,64.0,64.0,34.3454,296.737733,1430
2010-07-03 16:00:00,143.926666,27.9938,40.0,40.0,36.383066,560.302733,1430
2010-07-03 16:15:00,97.926666,28.172066,82.0,82.0,37.072066,348.4852,1430
2010-07-03 16:30:00,66.746666,27.3922,51.0,51.0,32.6118,216.735866,1430
2010-07-03 16:45:00,42.413333,26.695466,31.0,31.0,30.097133,145.9502,1430
2010-07-03 17:00:00,58.34,26.205866,20.0,20.0,29.1806,197.290933,1430
2010-07-03 17:15:00,110.153333,26.572733,32.0,32.0,32.9246,349.3704,1430
2010-07-03 17:30:00,44.08,26.387533,55.0,55.0,30.976266,143.9666,1430
2010-07-03 17:45:00,22.606666,26.150266,21.0,21.0,28.333466,76.899333,1430
2010-07-03 18:00:00,9.873333,25.574533,10.0,10.0,25.748,38.8134,1430
2010-07-03 18:15:00,4.026666,25.1122,4.0,4.0,24.084466,19.0582,1430
2010-07-03 18:30:00,2.566666,25.111066,1.0,1.0,23.793133,13.7126,1430
2010-07-03 18:45:00,3.02,23.7354,1.0,1.0,21.105,14.419533,1430
2010-07-31 06:00:00,0.0,15.9435,0.0,-1.0,14.3319,47.3249,1430
2010-07-31 06:15:00,,,0.0,0.0,,,1430
2010-07-31 06:30:00,,,3.046,3.046,,,1430
2010-07-31 06:45:00,,,12.044,12.044,,,1430
2010-07-31 07:00:00,,,23.197,23.197,,,1430
2010-07-31 07:15:00,,,35.021,35.021,,,1430
2010-07-31 07:30:00,,,47.088,47.088,,,1430
2010-07-31 07:45:00,,,59.241,59.241,,,1430
2010-07-31 08:00:00,,,71.385,71.385,,,1430
2010-07-31 08:15:00,,,83.456,83.456,,,1430
2010-07-31 08:30:00,,,95.39,95.39,,,1430
2010-07-31 08:45:00,,,107.127,107.127,,,1430
2010-07-31 09:00:00,,,118.612,118.612,,,1430
2010-07-31 09:15:00,,,129.793,129.793,,,1430
2010-07-31 09:30:00,,,140.613,140.613,,,1430
2010-07-31 09:45:00,,,151.024,151.024,,,1430
2010-07-31 10:00:00,,,160.975,160.975,,,1430
2010-07-31 10:15:00,,,170.422,170.422,,,1430
2010-07-31 10:30:00,,,179.319,179.319,,,1430
2010-07-31 10:45:00,,,187.626,187.626,,,1430
2010-07-31 11:00:00,286.7,25.378,195.304,195.304,51.675,962.219,1430
2010-07-31 11:15:00,286.886666,25.165866,202.317,202.317,51.5184,958.028133,1430
2010-07-31 11:30:00,286.54,25.497733,144.0,144.0,51.2928,951.975466,1430
2010-07-31 11:45:00,285.693333,25.119466,143.0,143.0,50.397133,946.996066,1430
2010-07-31 12:00:00,284.573333,25.5166,143.0,143.0,51.011266,942.270933,1430
2010-07-31 12:15:00,284.32,26.28,142.0,142.0,50.4514,936.660733,1430
2010-07-31 12:30:00,284.64,25.746733,141.0,141.0,50.641333,936.793,1430
2010-07-31 12:45:00,266.473333,25.857333,143.0,143.0,48.3074,872.3144,1430
2010-07-31 13:00:00,294.08,26.016066,135.0,135.0,51.035933,971.064333,1430
2010-07-31 13:15:00,297.133333,26.458466,147.0,147.0,52.757866,977.996866,1430
2010-07-31 13:30:00,288.4,26.6972,147.0,147.0,52.976666,955.6886,1430
2010-07-31 13:45:00,289.613333,26.9352,144.0,144.0,52.426266,958.256933,1430
2010-07-31 14:00:00,289.593333,27.2662,144.0,144.0,51.9406,962.7942,1430
2010-07-31 14:15:00,294.7,27.285466,146.0,146.0,52.4676,986.1806,1430
2010-07-31 14:30:00,214.466666,27.2852,149.0,149.0,52.406466,720.6064659999998,1430
2010-07-31 14:45:00,155.333333,26.9316,106.0,106.0,40.174066,505.6408,1430
2010-07-31 15:00:00,194.593333,26.4216,83.0,83.0,41.733466,651.0518,1430
2010-07-31 15:15:00,291.726666,28.395266,99.0,99.0,55.412066,994.3338,1430
2010-07-31 15:30:00,198.36,27.436933,146.0,146.0,49.711933,632.5988,1430
2010-07-31 15:45:00,78.58,26.017133,93.0,93.0,35.657266,246.0022,1430
2010-07-31 16:00:00,91.193333,26.1434,39.0,39.0,33.733133,287.017866,1430
2010-07-31 16:15:00,197.866666,26.6514,46.0,46.0,40.830466,616.078733,1430
2010-07-31 16:30:00,162.4,27.112266,100.0,100.0,44.196133,540.644266,1430
2010-07-31 16:45:00,90.56,26.601266,78.0,78.0,37.035733,292.241466,1430
2010-07-31 17:00:00,121.08,26.323866,47.0,47.0,36.935,379.2674,1430
2010-07-31 17:15:00,200.173333,26.830466,63.0,63.0,42.944866,638.000466,1430
2010-07-31 17:30:00,153.893333,26.715533,102.0,102.0,41.627666,465.255733,1430
2010-07-31 17:45:00,140.32,26.2772,75.0,75.0,38.859266,409.825666,1430
2010-07-31 18:00:00,64.9,25.951333,67.0,67.0,34.804133,201.360266,1430
2010-07-31 18:15:00,125.253333,25.9814,34.0,34.0,35.124733,352.325466,1430
2010-07-31 18:30:00,58.913333,25.630133,63.0,63.0,31.975533,167.6992,1430
2010-07-31 18:45:00,27.006666,25.284666,27.0,27.0,27.760466,83.053666,1430
2010-07-04 06:00:00,0.0,12.866266,0.0,0.0,13.273066,16.972933,1430
2010-07-04 06:15:00,0.0,12.8848,0.0,0.0,13.713733,30.192133,1430
2010-07-04 06:30:00,0.0,12.803533,0.0,-1.0,13.850133,33.147133,1430
2010-07-04 06:45:00,0.0,12.820066,0.0,0.0,13.9298,28.127066,1430
2010-07-04 07:00:00,0.0,12.702066,0.0,0.0,13.7078,24.734533,1430
2010-07-04 07:15:00,0.0,12.7546,0.0,0.0,13.871733,31.524666,1430
2010-07-04 07:30:00,0.0,12.771333,0.0,-1.0,14.0328,36.4024,1430
2010-07-04 07:45:00,0.0,12.766333,0.0,0.0,14.335866,47.8414,1430
2010-07-04 08:00:00,14.153333,12.8842,0.0,0.0,15.492933,111.7808,1430
2010-07-04 08:15:00,83.45999999999998,14.1068,11.0,11.0,20.700866,266.306466,1430
2010-07-04 08:30:00,57.06,14.1132,41.0,41.0,21.843133,178.100666,1430
2010-07-04 08:45:00,84.23999999999998,14.1046,27.0,27.0,21.3412,274.861666,1430
2010-07-04 09:00:00,92.48,14.256933,48.0,48.0,23.8018,278.162666,1430
2010-07-04 09:15:00,70.94,14.616133,42.0,42.0,22.128733,219.731666,1430
2010-07-04 09:30:00,74.45999999999998,14.5974,35.0,35.0,22.448266,238.454066,1430
2010-07-04 09:45:00,83.36,14.7582,38.0,38.0,23.9472,262.898733,1430
2010-07-04 10:00:00,107.22,15.097866,40.0,40.0,25.592333,360.9618,1430
2010-07-04 10:15:00,238.84,16.396133,57.0,57.0,37.041466,840.387933,1430
2010-07-04 10:30:00,228.373333,16.7512,123.0,123.0,41.2882,754.348866,1430
2010-07-04 10:45:00,126.253333,16.8782,111.0,111.0,35.623466,406.4026,1430
2010-07-04 11:00:00,109.24,16.761,57.0,57.0,27.942333,342.895466,1430
2010-07-04 11:15:00,142.986666,17.107733,56.0,56.0,28.571133,426.132266,1430
2010-07-04 11:30:00,162.22,17.811466,72.0,72.0,34.149066,499.7764,1430
2010-07-04 11:45:00,188.66,17.8994,78.0,78.0,35.112133,617.813,1430
2010-07-04 12:00:00,115.493333,17.886666,96.0,96.0,32.173,359.405666,1430
2010-07-04 12:15:00,145.846666,18.354666,56.0,56.0,31.533466,459.447266,1430
2010-07-04 12:30:00,101.753333,18.194,78.0,78.0,28.6038,312.291266,1430
2010-07-04 12:45:00,77.98,18.148066,50.0,50.0,24.535133,239.095,1430
2010-07-04 13:00:00,99.933333,18.5296,38.0,38.0,25.745466,303.670266,1430
2010-07-04 13:15:00,84.76,18.595066,48.0,48.0,25.164266,269.0074,1430
2010-07-04 13:30:00,168.54,19.404,45.0,45.0,30.007933,509.679133,1430
2010-07-04 13:45:00,100.58,19.068866,84.0,84.0,28.373666,310.0128,1430
2010-07-04 14:00:00,104.773333,19.1876,49.0,49.0,26.651933,325.673333,1430
2010-07-04 14:15:00,248.473333,19.9736,53.0,53.0,35.2738,814.030933,1430
2010-07-04 14:30:00,319.18,20.963533,131.0,131.0,46.338933,1056.030333,1430
2010-07-04 14:45:00,267.213333,21.377733,158.0,158.0,44.091733,875.315466,1430
2010-07-04 15:00:00,139.893333,20.3836,134.0,134.0,35.923666,438.786933,1430
2010-07-04 15:15:00,61.313333,20.061866,63.0,63.0,26.522333,198.618533,1430
2010-07-04 15:30:00,40.966666,19.808466,30.0,30.0,22.887933,134.2316,1430
2010-07-04 15:45:00,180.706666,19.3538,19.0,19.0,23.628733,589.304733,1430
2010-07-04 16:00:00,291.986666,20.624733,97.0,97.0,39.316,914.169333,1430
2010-07-04 16:15:00,143.78,19.942333,137.0,137.0,33.770333,393.524266,1430
2010-07-04 16:30:00,241.56,20.6062,70.0,70.0,37.753266,764.602533,1430
2010-07-04 16:45:00,171.893333,20.281533,123.0,123.0,33.799133,549.591066,1430
2010-07-04 17:00:00,12.96,18.3102,81.0,81.0,22.2088,49.057,1430
2010-07-04 17:15:00,4.72,17.5964,6.0,6.0,18.575733,19.037866,1430
2010-07-04 17:30:00,0.0599999999999999,16.850733,1.0,1.0,16.585666,8.224465999999998,1430
2010-07-04 17:45:00,0.0,16.0088,0.0,-1.0,15.144,16.977933,1430
2010-07-04 18:00:00,24.06,15.284266,0.0,0.0,16.012266,119.827333,1430
2010-07-04 18:15:00,19.273333,15.637733,13.0,13.0,16.6598,60.063666,1430
2010-07-04 18:30:00,0.6733329999999998,15.157666,7.0,7.0,15.1594,10.3658,1430
2010-07-04 18:45:00,16.2,13.318933,0.0,0.0,14.367933,106.623133,1430
2010-07-05 06:00:00,57.933333,11.800866,11.0,11.0,12.599,225.479066,1430
2010-07-05 06:15:00,94.093333,12.5724,28.0,28.0,14.7282,321.177266,1430
2010-07-05 06:30:00,133.546666,13.024133,47.0,47.0,16.833533,423.472133,1430
2010-07-05 06:45:00,172.58,13.614133,66.0,66.0,19.321466,527.984533,1430
2010-07-05 07:00:00,209.28,14.3076,86.0,86.0,22.375133,636.545866,1430
2010-07-05 07:15:00,243.553333,14.864266,103.0,103.0,25.5978,741.8467329999999,1430
2010-07-05 07:30:00,277.68,15.3994,122.0,122.0,27.642466,854.9856,1430
2010-07-05 07:45:00,293.813333,15.9254,138.0,138.0,30.369066,927.820866,1430
2010-07-05 08:00:00,302.746666,16.4754,145.0,145.0,32.857266,960.2,1430
2010-07-05 08:15:00,310.54,16.855266,151.0,151.0,33.306666,985.575333,1430
2010-07-05 08:30:00,316.233333,17.4698,152.0,152.0,35.136733,1005.839,1430
2010-07-05 08:45:00,321.76,17.8342,158.0,158.0,35.731866,1021.296333,1430
2010-07-05 09:00:00,324.206666,18.5376,160.0,160.0,37.8228,1029.856266,1430
2010-07-05 09:15:00,328.106666,18.683933,162.0,162.0,36.7008,1035.542866,1430
2010-07-05 09:30:00,325.706666,19.211133,163.0,163.0,40.592666,1033.488066,1430
2010-07-05 09:45:00,327.593333,19.600733,163.0,163.0,39.585466,1031.9774,1430
2010-07-05 10:00:00,326.613333,20.142666,161.0,161.0,39.753466,1027.003,1430
2010-07-05 10:15:00,325.273333,20.599933,163.0,163.0,40.418066,1021.8302,1430
2010-07-05 10:30:00,324.566666,21.398466,163.0,163.0,40.924466,1018.7582,1430
2010-07-05 10:45:00,320.006666,22.032533,162.0,162.0,43.1408,1011.9426,1430
2010-07-05 11:00:00,318.333333,21.9662,160.0,160.0,43.798466,1008.066933,1430
2010-07-05 11:15:00,318.94,22.612,157.0,157.0,43.711266,1002.283733,1430
2010-07-05 11:30:00,320.113333,22.8638,160.0,160.0,42.987133,998.6114,1430
2010-07-05 11:45:00,318.806666,23.016733,161.0,161.0,42.795066,995.5598,1430
2010-07-05 12:00:00,316.833333,23.339333,159.0,159.0,44.624933,992.34,1430
2010-07-05 12:15:00,314.646666,23.163733,159.0,159.0,44.806133,990.366733,1430
2010-07-05 12:30:00,311.146666,23.513866,158.0,158.0,47.077533,987.767466,1430
2010-07-05 12:45:00,310.24,23.4434,153.0,153.0,47.931533,987.655666,1430
2010-07-05 13:00:00,308.873333,23.454533,155.0,155.0,48.0522,984.669933,1430
2010-07-05 13:15:00,309.306666,23.5672,155.0,155.0,48.7642,985.9212,1430
2010-07-05 13:30:00,309.626666,23.9184,155.0,155.0,50.066266,987.741933,1430
2010-07-05 13:45:00,310.946666,24.046866,154.0,154.0,49.0542,988.555866,1430
2010-07-05 14:00:00,309.833333,23.8944,153.0,153.0,50.157133,989.3036,1430
2010-07-05 14:15:00,310.32,23.585266,156.0,156.0,51.031133,994.689933,1430
2010-07-05 14:30:00,312.46,23.646133,155.0,155.0,49.4364,998.535066,1430
2010-07-05 14:45:00,312.633333,23.773666,156.0,156.0,50.118933,1001.5208,1430
2010-07-05 15:00:00,310.26,24.5994,156.0,156.0,53.526466,1004.0436,1430
2010-07-05 15:15:00,309.053333,24.420866,154.0,154.0,52.781266,1002.558466,1430
2010-07-05 15:30:00,309.826666,24.416066,152.0,152.0,52.171733,1003.082333,1430
2010-07-05 15:45:00,308.393333,24.138,154.0,154.0,49.8498,997.121266,1430
2010-07-05 16:00:00,307.306666,24.0628,154.0,154.0,47.674,986.099266,1430
2010-07-05 16:15:00,302.173333,24.0452,154.0,154.0,48.721066,970.0012,1430
2010-07-05 16:30:00,299.166666,24.1434,151.0,151.0,48.040266,952.6266,1430
2010-07-05 16:45:00,293.92,24.0528,148.0,148.0,48.572533,938.212133,1430
2010-07-05 17:00:00,283.973333,24.186933,148.0,148.0,48.8402,908.650666,1430
2010-07-05 17:15:00,274.106666,23.994533,143.0,143.0,47.4314,870.432466,1430
2010-07-05 17:30:00,265.726666,23.832466,137.0,137.0,44.920466,832.7027329999999,1430
2010-07-05 17:45:00,240.893333,23.781466,133.0,133.0,43.536666,736.994333,1430
2010-07-05 18:00:00,209.206666,23.530866,120.0,120.0,40.1642,623.087533,1430
2010-07-05 18:15:00,174.673333,23.240933,102.0,102.0,35.557666,515.8998,1430
2010-07-05 18:30:00,140.68,22.844666,87.0,87.0,31.085866,408.0252,1430
2010-07-05 18:45:00,104.086666,22.5754,69.0,69.0,28.159333,312.088066,1430
2010-07-07 06:00:00,0.0,10.019733,0.0,-1.0,10.22,12.3748,1430
2010-07-07 06:15:00,0.0,9.777,0.0,0.0,10.347333,29.190133,1430
2010-07-07 06:30:00,0.0,9.6952,0.0,0.0,10.473133,32.058733,1430
2010-07-07 06:45:00,0.0,9.8532,0.0,-1.0,10.596133,29.098333,1430
2010-07-07 07:00:00,0.0,9.9414,0.0,0.0,10.685466,23.686733,1430
2010-07-07 07:15:00,0.0,9.9662,0.0,0.0,10.777666,30.711,1430
2010-07-07 07:30:00,0.0,10.055,0.0,0.0,11.131533,43.568866,1430
2010-07-07 07:45:00,12.833333,10.130666,0.0,-1.0,11.524666,61.2284,1430
2010-07-07 08:00:00,23.593333,10.241,5.0,5.0,11.872133,76.828,1430
2010-07-07 08:15:00,31.326666,10.305933,12.0,12.0,12.246266,100.291,1430
2010-07-07 08:30:00,38.713333,10.5986,15.0,15.0,13.101733,120.834533,1430
2010-07-07 08:45:00,53.16,10.676666,19.0,19.0,13.8236,163.986133,1430
2010-07-07 09:00:00,43.133333,10.745266,26.0,26.0,13.9296,135.7728,1430
2010-07-07 09:15:00,56.833333,10.858666,21.0,21.0,14.850666,176.417066,1430
2010-07-07 09:30:00,62.353333,11.120933,28.0,28.0,16.044266,191.548666,1430
2010-07-07 09:45:00,52.14,11.334466,31.0,31.0,15.827733,168.4316,1430
2010-07-07 10:00:00,86.166666,11.849933,27.0,27.0,19.203866,259.709733,1430
2010-07-07 10:15:00,88.51999999999998,12.0048,42.0,42.0,20.319933,269.048133,1430
2010-07-07 10:30:00,115.753333,12.4972,44.0,44.0,22.515733,350.291066,1430
2010-07-07 10:45:00,102.726666,12.6472,59.0,59.0,24.149533,308.8328,1430
2010-07-07 11:00:00,106.613333,12.894133,49.0,49.0,24.223066,315.1652,1430
2010-07-07 11:15:00,95.166666,13.079333,52.0,52.0,22.5022,285.1156,1430
2010-07-07 11:30:00,102.886666,13.048666,47.0,47.0,22.431666,306.884733,1430
2010-07-07 11:45:00,103.826666,13.279,52.0,52.0,22.7588,315.8366,1430
2010-07-07 12:00:00,207.833333,14.5572,54.0,54.0,32.883933,670.613666,1430
2010-07-07 12:15:00,102.126666,14.133333,104.0,104.0,30.3258,304.2754,1430
2010-07-07 12:30:00,120.173333,14.063866,48.0,48.0,26.102733,357.6762,1430
2010-07-07 12:45:00,32.813333,13.9594,60.0,60.0,20.675066,93.653466,1430
2010-07-07 13:00:00,36.053333,12.866733,14.0,14.0,15.352866,87.7128,1430
2010-07-07 13:15:00,8.64,12.0332,17.0,17.0,13.2064,30.339533,1430
2010-07-07 13:30:00,4.313333,11.508333,3.0,3.0,11.900866,19.581933,1430
2010-07-07 13:45:00,14.74,11.556333,2.0,2.0,12.3612,51.625533,1430
2010-07-07 14:00:00,11.046666,11.611933,7.0,7.0,12.2706,38.243533,1430
2010-07-07 14:15:00,10.573333,11.157266,5.0,5.0,11.458,37.6994,1430
2010-07-07 14:30:00,15.826666,11.074733,5.0,5.0,11.466666,54.860466,1430
2010-07-07 14:45:00,83.853333,11.512,8.0,8.0,13.787066,251.6276,1430
2010-07-07 15:00:00,220.12,13.8318,44.0,44.0,24.912333,662.887533,1430
2010-07-07 15:15:00,220.22,15.6916,113.0,113.0,37.260066,701.238,1430
2010-07-07 15:30:00,61.62,14.650866,101.0,101.0,27.552266,201.6702,1430
2010-07-07 15:45:00,55.66,14.458933,30.0,30.0,21.9384,180.653933,1430
2010-07-07 16:00:00,42.18,14.8494,27.0,27.0,19.615533,140.187533,1430
2010-07-07 16:15:00,26.94,14.513666,21.0,21.0,17.473133,88.36373299999998,1430
2010-07-07 16:30:00,9.773333,13.704733,12.0,12.0,14.843533,37.373866,1430
2010-07-07 16:45:00,10.38,13.308,4.0,4.0,13.3536,40.313733,1430
2010-07-07 17:00:00,13.846666,13.097066,5.0,5.0,13.5086,50.5116,1430
2010-07-07 17:15:00,13.733333,13.308866,6.0,6.0,13.6966,53.090466,1430
2010-07-07 17:30:00,40.56,13.717466,7.0,7.0,15.200533,133.077,1430
2010-07-07 17:45:00,27.933333,13.986466,20.0,20.0,16.098,92.651466,1430
2010-07-07 18:00:00,12.693333,12.545866,13.0,13.0,13.885733,44.0216,1430
2010-07-07 18:15:00,6.473333,12.290333,5.0,5.0,12.912266,27.206533,1430
2010-07-07 18:30:00,9.98,12.086266,2.0,2.0,12.657733,38.6758,1430
2010-07-07 18:45:00,31.52,12.333066,6.0,6.0,13.534666,101.715133,1430
2010-07-08 06:00:00,4.68,10.897933,0.0,-1.0,10.178666,57.4442,1430
2010-07-08 06:15:00,30.386666,11.3142,2.0,2.0,11.2812,103.830933,1430
2010-07-08 06:30:00,27.046666,11.200933,15.0,15.0,11.453533,88.10433299999998,1430
2010-07-08 06:45:00,20.84,11.2976,12.0,12.0,11.669133,66.894466,1430
2010-07-08 07:00:00,20.753333,11.283866,10.0,10.0,11.581133,67.9982,1430
2010-07-08 07:15:00,21.18,11.289666,10.0,10.0,11.6418,69.513933,1430
2010-07-08 07:30:00,26.966666,11.343133,10.0,10.0,12.307,86.970066,1430
2010-07-08 07:45:00,32.013333,11.4084,13.0,13.0,13.141933,100.128133,1430
2010-07-08 08:00:00,28.753333,11.576466,15.0,15.0,13.6408,89.640333,1430
2010-07-08 08:15:00,27.293333,11.758866,12.0,12.0,13.799733,87.75839999999998,1430
2010-07-08 08:30:00,37.1,12.070333,13.0,13.0,14.851533,115.5448,1430
2010-07-08 08:45:00,45.073333,12.35,18.0,18.0,15.801933,138.127666,1430
2010-07-08 09:00:00,42.54,12.376266,21.0,21.0,15.908133,136.937533,1430
2010-07-08 09:15:00,63.666666,12.688133,21.0,21.0,16.837666,193.506866,1430
2010-07-08 09:30:00,96.72,13.290666,32.0,32.0,19.639133,290.868,1430
2010-07-08 09:45:00,109.7,13.9278,49.0,49.0,22.043666,327.977533,1430
2010-07-08 10:00:00,127.206666,14.142266,54.0,54.0,23.367666,377.309133,1430
2010-07-08 10:15:00,130.813333,14.260933,63.0,63.0,24.003066,387.263,1430
2010-07-08 10:30:00,126.266666,14.215733,65.0,65.0,23.435666,368.464133,1430
2010-07-08 10:45:00,104.24,14.0466,60.0,60.0,22.271,309.087133,1430
2010-07-08 11:00:00,105.653333,14.027266,51.0,51.0,22.2238,315.272,1430
2010-07-08 11:15:00,117.68,14.340066,53.0,53.0,23.827666,357.533733,1430
2010-07-08 11:30:00,165.773333,15.196133,60.0,60.0,27.243,504.470866,1430
2010-07-08 11:45:00,274.373333,16.169333,85.0,85.0,36.597,1022.109933,1430
2010-07-08 12:00:00,157.8,15.886466,146.0,146.0,33.2534,472.625733,1430
2010-07-08 12:15:00,225.28,16.088133,77.0,77.0,32.547333,694.732733,1430
2010-07-08 12:30:00,80.966666,15.744066,108.0,108.0,27.3262,224.172,1430
2010-07-08 12:45:00,72.673333,15.512933,35.0,35.0,23.2838,221.705066,1430
2010-07-08 13:00:00,44.493333,15.377466,36.0,36.0,21.082266,135.782866,1430
2010-07-08 13:15:00,46.906666,15.331133,21.0,21.0,19.555866,147.2982,1430
2010-07-08 13:30:00,93.006666,15.915133,24.0,24.0,23.103266,281.951866,1430
2010-07-08 13:45:00,112.073333,16.3326,47.0,47.0,25.7336,343.282,1430
2010-07-08 14:00:00,58.72,15.997466,55.0,55.0,22.8038,189.1378,1430
2010-07-08 14:15:00,85.5,15.964466,29.0,29.0,19.6466,263.778666,1430
2010-07-08 14:30:00,66.76,16.166466,44.0,44.0,20.092333,206.848066,1430
2010-07-08 14:45:00,37.0,15.558866,30.0,30.0,16.663133,118.871133,1430
2010-07-08 15:00:00,14.033333,14.8926,17.0,17.0,14.754466,49.901266,1430
2010-07-08 15:15:00,19.02,14.207933,6.0,6.0,14.095066,65.648266,1430
2010-07-08 15:30:00,33.213333,14.0948,10.0,10.0,14.4886,106.313066,1430
2010-07-08 15:45:00,19.06,14.209466,16.0,16.0,14.235466,65.958733,1430
2010-07-08 16:00:00,14.886666,13.751866,9.0,9.0,13.009,53.476933,1430
2010-07-08 16:15:00,14.286666,13.426666,7.0,7.0,12.435266,51.661133,1430
2010-07-08 16:30:00,29.446666,12.6034,6.0,6.0,12.538466,105.494266,1430
2010-07-08 16:45:00,172.346666,13.830133,17.0,17.0,17.824,546.157866,1430
2010-07-08 17:00:00,292.346666,16.221266,96.0,96.0,32.018333,858.8052659999998,1430
2010-07-08 17:15:00,209.513333,16.391933,139.0,139.0,30.5722,624.343933,1430
2010-07-08 17:30:00,277.7,17.078066,111.0,111.0,32.501933,821.9198,1430
2010-07-08 17:45:00,231.353333,17.315466,135.0,135.0,33.5806,677.454533,1430
2010-07-08 18:00:00,131.3,16.947266,116.0,116.0,29.2962,369.359266,1430
2010-07-08 18:15:00,94.306666,17.0122,62.0,62.0,24.591333,268.453066,1430
2010-07-08 18:30:00,57.566666,16.8126,47.0,47.0,21.697333,165.181533,1430
2010-07-08 18:45:00,33.866666,16.082466,27.0,27.0,17.960466,102.783266,1430
2010-07-09 06:00:00,50.68,11.827333,8.0,8.0,12.806933,222.1222,1430
2010-07-09 06:15:00,87.05333299999998,12.395,25.0,25.0,15.496666,320.8872,1430
2010-07-09 06:30:00,123.2,13.064866,42.0,42.0,18.734333,423.584133,1430
2010-07-09 06:45:00,160.313333,14.0094,61.0,61.0,23.086866,525.934866,1430
2010-07-09 07:00:00,195.533333,14.7604,80.0,80.0,28.0226,626.9584,1430
2010-07-09 07:15:00,228.326666,14.401733,97.0,97.0,31.183733,734.5988,1430
2010-07-09 07:30:00,259.24,14.341,113.0,113.0,34.349066,835.184733,1430
2010-07-09 07:45:00,274.76,14.274066,128.0,128.0,37.672133,906.417933,1430
2010-07-09 08:00:00,283.966666,14.794666,137.0,137.0,39.8594,940.673733,1430
2010-07-09 08:15:00,291.353333,14.8872,140.0,140.0,39.284333,967.656533,1430
2010-07-09 08:30:00,297.666666,15.369133,145.0,145.0,40.524133,988.662533,1430
2010-07-09 08:45:00,301.366666,16.271733,146.0,146.0,43.461733,1002.451533,1430
2010-07-09 09:00:00,305.426666,16.422133,151.0,151.0,44.444733,1012.9342,1430
2010-07-09 09:15:00,306.98,16.980333,152.0,152.0,45.365266,1017.349133,1430
2010-07-09 09:30:00,308.133333,17.215266,153.0,153.0,45.819133,1019.709133,1430
2010-07-09 09:45:00,309.04,17.404733,154.0,154.0,45.213933,1020.513,1430
2010-07-09 10:00:00,309.7,17.725466,154.0,154.0,44.8154,1019.719466,1430
2010-07-09 10:15:00,309.493333,18.027666,152.0,152.0,44.959333,1015.792933,1430
2010-07-09 10:30:00,307.986666,18.107533,155.0,155.0,45.0564,1006.7546,1430
2010-07-09 10:45:00,306.48,18.7138,153.0,153.0,45.917666,998.184133,1430
2010-07-09 11:00:00,306.38,18.895666,153.0,153.0,45.0608,993.499866,1430
2010-07-09 11:15:00,304.28,19.044733,153.0,153.0,44.662733,988.769533,1430
2010-07-09 11:30:00,303.08,19.984733,150.0,150.0,46.965866,983.1796,1430
2010-07-09 11:45:00,303.08,20.591666,152.0,152.0,49.022133,981.745333,1430
2010-07-09 12:00:00,302.006666,20.7538,151.0,151.0,49.221933,982.198133,1430
2010-07-09 12:15:00,301.28,20.600133,151.0,151.0,47.859,975.840266,1430
2010-07-09 12:30:00,296.546666,20.981666,151.0,151.0,47.446066,962.4736,1430
2010-07-09 12:45:00,202.386666,20.952666,146.0,146.0,42.809066,664.535533,1430
2010-07-09 13:00:00,305.233333,21.6616,103.0,103.0,46.406333,973.648133,1430
2010-07-09 13:15:00,304.853333,21.788,152.0,152.0,46.196333,970.8914,1430
2010-07-09 13:30:00,303.393333,22.072733,153.0,153.0,46.146133,975.1942,1430
2010-07-09 13:45:00,302.686666,22.379066,151.0,151.0,45.985533,969.645466,1430
2010-07-09 14:00:00,303.7,22.455133,151.0,151.0,44.553133,970.428533,1430
2010-07-09 14:15:00,302.693333,23.0284,150.0,150.0,42.888466,982.574333,1430
2010-07-09 14:30:00,302.193333,23.165266,153.0,153.0,44.749733,968.866933,1430
2010-07-09 14:45:00,298.18,23.182133,151.0,151.0,46.8232,964.548666,1430
2010-07-09 15:00:00,299.473333,23.008866,149.0,149.0,49.648266,967.514,1430
2010-07-09 15:15:00,299.813333,23.030666,150.0,150.0,50.4472,971.166,1430
2010-07-09 15:30:00,294.24,23.712933,150.0,150.0,51.625066,959.788,1430
2010-07-09 15:45:00,292.953333,24.7404,146.0,146.0,52.367133,962.092133,1430
2010-07-09 16:00:00,266.34,24.1754,147.0,147.0,52.1728,880.320333,1430
2010-07-09 16:15:00,125.946666,23.003466,130.0,130.0,35.5972,350.779266,1430
2010-07-09 16:30:00,262.92,23.5012,65.0,65.0,37.683933,858.6630659999998,1430
2010-07-09 16:45:00,278.053333,23.412333,136.0,136.0,42.002133,868.499733,1430
2010-07-09 17:00:00,265.426666,23.556,137.0,137.0,42.694933,826.6602,1430
2010-07-09 17:15:00,258.753333,23.4314,133.0,133.0,38.336866,794.886333,1430
2010-07-09 17:30:00,240.44,23.111933,129.0,129.0,35.671666,757.929466,1430
2010-07-09 17:45:00,177.986666,22.230333,120.0,120.0,31.6994,533.065866,1430
2010-07-09 18:00:00,115.28,20.123466,87.0,87.0,26.146666,311.757533,1430
2010-07-09 18:15:00,106.786666,19.821866,51.0,51.0,23.828266,278.1576,1430
2010-07-09 18:30:00,33.32,18.924,50.0,50.0,20.660466,102.976533,1430
2010-07-09 18:45:00,46.866666,19.0458,16.0,16.0,19.710666,126.129066,1430
2010-08-10 06:00:00,0.0,14.9264,0.0,0.0,12.906333,8.539799999999998,1430
2010-08-10 06:15:00,0.0,15.043066,0.0,0.0,13.2502,57.256,1430
2010-08-10 06:30:00,3.46,15.232866,0.0,0.0,14.529533,134.414666,1430
2010-08-10 06:45:00,49.166666,15.558133,1.0,0.0,16.204,233.998666,1430
2010-08-10 07:00:00,85.433333,15.930666,24.0,24.0,18.723333,340.565933,1430
2010-08-10 07:15:00,125.693333,16.721666,42.0,42.0,21.4792,453.933733,1430
2010-08-10 07:30:00,165.253333,17.550333,63.0,63.0,24.425066,562.9832,1430
2010-08-10 07:45:00,203.146666,18.256666,83.0,83.0,27.2636,669.052266,1430
2010-08-10 08:00:00,238.446666,18.744866,101.0,101.0,30.452733,782.5979999999998,1430
2010-08-10 08:15:00,270.36,19.6036,120.0,120.0,34.551333,884.831733,1430
2010-08-10 08:30:00,288.28,20.5666,133.0,133.0,38.867466,947.703,1430
2010-08-10 08:45:00,294.273333,21.382866,145.0,145.0,41.021666,973.3022,1430
2010-08-10 09:00:00,297.966666,22.255666,147.0,147.0,43.180933,992.467266,1430
2010-08-10 09:15:00,301.12,23.190533,150.0,150.0,46.382466,1004.811666,1430
2010-08-10 09:30:00,304.66,23.554533,150.0,150.0,45.859133,1011.5712,1430
2010-08-10 09:45:00,305.653333,23.8918,151.0,151.0,45.728,1012.512266,1430
2010-08-10 10:00:00,305.62,24.3484,153.0,153.0,46.287933,1007.0698,1430
2010-08-10 10:15:00,305.206666,24.655266,153.0,153.0,46.134866,1000.117,1430
2010-08-10 10:30:00,303.466666,25.7278,153.0,153.0,48.0656,994.120266,1430
2010-08-10 10:45:00,295.613333,26.398066,152.0,152.0,53.082933,989.1104,1430
2010-08-10 11:00:00,298.293333,26.662266,149.0,149.0,53.975266,996.887333,1430
2010-08-10 11:15:00,305.68,27.086733,148.0,148.0,52.632333,1016.769466,1430
2010-08-10 11:30:00,304.086666,26.703666,154.0,154.0,48.877533,974.304066,1430
2010-08-10 11:45:00,318.726666,27.192,147.0,147.0,49.7576,1065.974066,1430
2010-08-10 12:00:00,278.54,26.764933,158.0,158.0,50.03,974.370466,1430
2010-08-10 12:15:00,301.8,26.827266,150.0,150.0,52.521333,943.862866,1430
2010-08-10 12:30:00,204.6,26.980533,119.0,119.0,47.346733,657.796266,1430
2010-08-10 12:45:00,302.253333,27.3002,117.0,117.0,51.908933,1023.173,1430
2010-08-10 13:00:00,302.513333,28.252266,144.0,144.0,54.945533,1005.610066,1430
2010-08-10 13:15:00,297.086666,27.514533,147.0,147.0,53.8494,983.0678,1430
2010-08-10 13:30:00,178.46,26.750466,142.0,142.0,47.236066,584.406466,1430
2010-08-10 13:45:00,147.293333,25.3432,84.0,84.0,36.1808,498.1334,1430
2010-08-10 14:00:00,113.013333,25.165466,71.0,71.0,34.4958,345.453866,1430
2010-08-10 14:15:00,149.053333,25.283266,52.0,52.0,35.788933,477.946133,1430
2010-08-10 14:30:00,149.7,25.603333,80.0,80.0,37.4086,506.368,1430
2010-08-10 14:45:00,299.626666,26.827266,80.0,80.0,48.182266,1002.746533,1430
2010-08-10 15:00:00,305.74,27.335,148.0,148.0,54.715533,1025.014266,1430
2010-08-10 15:15:00,301.66,27.911066,150.0,150.0,56.221666,1011.927266,1430
2010-08-10 15:30:00,299.193333,27.5088,151.0,151.0,54.956466,992.767333,1430
2010-08-10 15:45:00,299.646666,28.500733,149.0,149.0,54.856333,992.813133,1430
2010-08-10 16:00:00,297.22,29.201466,150.0,150.0,56.226066,989.3646,1430
2010-08-10 16:15:00,294.893333,27.9906,149.0,149.0,55.325533,977.706866,1430
2010-08-10 16:30:00,293.173333,27.160466,148.0,148.0,53.495733,969.040066,1430
2010-08-10 16:45:00,290.873333,28.690133,147.0,147.0,55.320466,961.237466,1430
2010-08-10 17:00:00,287.066666,27.242,147.0,147.0,52.432866,936.0912,1430
2010-08-10 17:15:00,270.686666,27.262733,143.0,143.0,49.468666,843.053266,1430
2010-08-10 17:30:00,214.033333,27.1612,132.0,132.0,48.420866,705.510466,1430
2010-08-10 17:45:00,65.06,26.0896,110.0,110.0,35.971333,174.296066,1430
2010-08-10 18:00:00,30.606666,25.447466,23.0,23.0,28.539266,98.861666,1430
2010-08-10 18:15:00,34.14,25.446066,15.0,15.0,27.072533,109.471733,1430
2010-08-10 18:30:00,57.306666,25.7928,18.0,18.0,28.385933,168.5484,1430
2010-08-10 18:45:00,30.093333,25.206133,29.0,29.0,27.308533,93.002266,1430
2010-08-12 06:00:00,0.0,17.5714,0.0,0.0,15.172533,4.084333,1430
2010-08-12 06:15:00,0.0,17.5194,0.0,0.0,15.1716,33.080933,1430
2010-08-12 06:30:00,12.54,18.3042,0.0,0.0,17.5886,146.815,1430
2010-08-12 06:45:00,57.62,18.997266,7.0,6.0,20.356933,263.381933,1430
2010-08-12 07:00:00,96.64,20.005,28.0,28.0,23.829266,377.324466,1430
2010-08-12 07:15:00,55.92,19.728266,47.0,47.0,23.190333,199.330666,1430
2010-08-12 07:30:00,54.786666,18.789466,26.0,26.0,20.880466,180.877866,1430
2010-08-12 07:45:00,115.246666,18.974333,27.0,27.0,21.883266,376.5818,1430
2010-08-12 08:00:00,176.373333,20.775333,57.0,57.0,28.890733,547.7854,1430
2010-08-12 08:15:00,209.6,22.030933,88.0,88.0,32.748,656.545066,1430
2010-08-12 08:30:00,191.566666,21.768533,107.0,107.0,32.1892,633.5602,1430
2010-08-12 08:45:00,316.78,23.854666,101.0,101.0,45.97,1081.222533,1430
2010-08-12 09:00:00,82.11333299999998,25.156733,154.0,154.0,40.446533,275.355066,1430
2010-08-12 09:15:00,63.666666,23.843666,38.0,38.0,30.408,212.473666,1430
2010-08-12 09:30:00,67.486666,23.322533,31.0,31.0,28.268933,219.365266,1430
2010-08-12 09:45:00,84.206666,22.8628,33.0,33.0,28.093133,284.154266,1430
2010-08-12 10:00:00,127.76,24.093333,46.0,46.0,32.764266,381.444266,1430
2010-08-12 10:15:00,78.50666599999998,23.955866,60.0,60.0,30.693466,248.998,1430
2010-08-12 10:30:00,262.133333,25.374533,39.0,39.0,41.850733,937.3728,1430
2010-08-12 10:45:00,152.82,26.7336,134.0,134.0,44.478333,529.027266,1430
2010-08-12 11:00:00,212.6,27.644466,75.0,75.0,44.855733,743.7134,1430
2010-08-12 11:15:00,182.66,26.869533,116.0,116.0,42.208866,538.8692,1430
2010-08-12 11:30:00,163.673333,25.857,79.0,79.0,36.810066,573.745733,1430
2010-08-12 11:45:00,116.72,26.717266,89.0,89.0,41.798333,388.478533,1430
2010-08-12 12:00:00,53.22,21.3082,50.0,50.0,22.802733,166.559866,1430
2010-08-12 12:15:00,115.806666,22.679533,28.0,28.0,25.879933,351.786333,1430
2010-08-12 12:30:00,182.06,24.489466,58.0,58.0,32.127066,510.777733,1430
2010-08-12 12:45:00,249.153333,25.8706,84.0,84.0,41.392866,961.191933,1430
2010-08-12 13:00:00,130.533333,25.7388,127.0,127.0,42.2738,405.8076,1430
2010-08-12 13:15:00,188.706666,25.490066,63.0,63.0,36.639733,665.1408,1430
2010-08-12 13:30:00,224.38,26.709533,101.0,101.0,43.5812,780.3243999999999,1430
2010-08-12 13:45:00,230.233333,27.733533,111.0,111.0,45.970133,778.533933,1430
2010-08-12 14:00:00,142.893333,26.878,109.0,109.0,39.599866,459.182733,1430
2010-08-12 14:15:00,127.08,27.161733,72.0,72.0,37.554866,390.126533,1430
2010-08-12 14:30:00,152.86,28.2714,65.0,65.0,37.6474,477.945933,1430
2010-08-12 14:45:00,119.34,28.7938,73.0,73.0,36.488866,374.6796,1430
2010-08-12 15:00:00,96.1,28.314733,60.0,60.0,35.374533,307.250933,1430
2010-08-12 15:15:00,219.8,28.023933,48.0,48.0,37.566733,764.3128,1430
2010-08-12 15:30:00,311.253333,28.679266,115.0,115.0,45.722133,1020.960466,1430
2010-08-12 15:45:00,305.586666,28.6716,155.0,155.0,50.1676,1023.376533,1430
2010-08-12 16:00:00,253.02,28.067533,154.0,154.0,50.187933,837.966866,1430
2010-08-12 16:15:00,322.446666,28.602,126.0,126.0,49.6226,1125.3102,1430
2010-08-12 16:30:00,199.38,28.067,162.0,162.0,45.894533,634.252,1430
2010-08-12 16:45:00,39.253333,26.178466,85.0,85.0,30.727866,156.595866,1430
2010-08-12 17:00:00,17.226666,25.725933,19.0,19.0,27.466333,62.550933,1430
2010-08-12 17:15:00,16.146666,25.226933,8.0,8.0,24.8306,61.508133,1430
2010-08-12 17:30:00,231.22,25.134533,9.0,9.0,30.739266,727.060933,1430
2010-08-12 17:45:00,210.08,25.333866,126.0,126.0,43.207466,614.0238,1430
2010-08-12 18:00:00,89.653333,24.735,96.0,96.0,33.367133,281.4942,1430
2010-08-12 18:15:00,116.986666,24.8066,49.0,49.0,32.524,320.8924,1430
2010-08-12 18:30:00,149.826666,25.759666,61.0,61.0,35.053533,398.1374,1430
2010-08-12 18:45:00,94.04,25.405666,72.0,72.0,31.287933,266.855866,1430
2010-08-13 06:00:00,0.0,13.191,0.0,0.0,8.403933,6.1188,1430
2010-08-13 06:15:00,0.0,13.514266,0.0,0.0,9.2352,39.637266,1430
2010-08-13 06:30:00,7.08,14.3298,0.0,-1.0,10.843133,107.920266,1430
2010-08-13 06:45:00,40.84,14.319666,4.0,4.0,13.691733,203.9388,1430
2010-08-13 07:00:00,77.58666599999998,15.7644,20.0,20.0,17.8188,312.678,1430
2010-08-13 07:15:00,114.146666,15.660333,38.0,38.0,21.871466,421.992,1430
2010-08-13 07:30:00,155.8,16.254066,58.0,58.0,25.636733,535.5784,1430
2010-08-13 07:45:00,193.626666,17.0144,77.0,77.0,29.505733,646.825066,1430
2010-08-13 08:00:00,229.0,18.688333,96.0,96.0,36.3462,763.2344,1430
2010-08-13 08:15:00,259.906666,20.299933,114.0,114.0,42.3928,873.636933,1430
2010-08-13 08:30:00,281.786666,20.677466,131.0,131.0,44.9002,948.659133,1430
2010-08-13 08:45:00,290.886666,20.555666,141.0,141.0,45.682333,979.6754,1430
2010-08-13 09:00:00,296.366666,20.756666,144.0,144.0,46.4134,997.4772660000002,1430
2010-08-13 09:15:00,301.066666,21.191133,149.0,149.0,47.2968,1009.546933,1430
2010-08-13 09:30:00,304.406666,20.7106,150.0,150.0,45.296866,1014.9282,1430
2010-08-13 09:45:00,305.473333,21.9426,153.0,153.0,46.949333,1015.213133,1430
2010-08-13 10:00:00,303.76,22.0566,153.0,153.0,47.256133,1007.4514,1430
2010-08-13 10:15:00,301.686666,22.031533,152.0,152.0,46.413533,999.888,1430
2010-08-13 10:30:00,299.106666,22.604333,149.0,149.0,47.801133,994.827266,1430
2010-08-13 10:45:00,298.7,21.896,150.0,150.0,44.605,988.113466,1430
2010-08-13 11:00:00,295.62,22.609666,150.0,150.0,44.923333,981.429933,1430
2010-08-13 11:15:00,294.913333,22.6036,149.0,149.0,45.475266,975.6876,1430
2010-08-13 11:30:00,293.666666,22.855733,148.0,148.0,45.3242,967.976866,1430
2010-08-13 11:45:00,292.593333,23.168933,145.0,145.0,44.383733,959.172533,1430
2010-08-13 12:00:00,290.593333,23.6216,146.0,146.0,44.794466,946.7112,1430
2010-08-13 12:15:00,289.68,24.2562,145.0,145.0,45.518533,946.304133,1430
2010-08-13 12:30:00,289.166666,23.976533,145.0,145.0,44.663866,941.655466,1430
2010-08-13 12:45:00,286.92,24.554,145.0,145.0,46.198933,938.349333,1430
2010-08-13 13:00:00,289.08,25.258733,143.0,143.0,45.6244,937.683133,1430
2010-08-13 13:15:00,290.106666,25.688933,143.0,143.0,48.2536,941.4318,1430
2010-08-13 13:30:00,290.133333,25.321333,146.0,146.0,47.848266,941.014733,1430
2010-08-13 13:45:00,290.36,26.150666,145.0,145.0,48.817066,943.023666,1430
2010-08-13 14:00:00,291.053333,26.010066,145.0,145.0,49.876866,934.768666,1430
2010-08-13 14:15:00,290.793333,26.2502,146.0,146.0,49.092733,903.9052,1430
2010-08-13 14:30:00,292.6,26.369666,144.0,144.0,48.032933,952.4942,1430
2010-08-13 14:45:00,293.066666,26.656133,148.0,148.0,49.034133,909.693466,1430
2010-08-13 15:00:00,293.626666,26.9466,147.0,147.0,50.343466,957.494133,1430
2010-08-13 15:15:00,294.173333,26.849,147.0,147.0,48.575,913.8234,1430
2010-08-13 15:30:00,293.833333,26.918333,148.0,148.0,47.705733,960.820333,1430
2010-08-13 15:45:00,295.166666,26.854666,148.0,148.0,47.394466,964.721666,1430
2010-08-13 16:00:00,291.873333,27.207933,147.0,147.0,50.210466,957.224533,1430
2010-08-13 16:15:00,289.766666,27.018066,147.0,147.0,50.481666,945.399,1430
2010-08-13 16:30:00,285.826666,27.311866,146.0,146.0,49.935533,927.4037330000002,1430
2010-08-13 16:45:00,280.446666,27.194533,143.0,143.0,49.886466,900.9146,1430
2010-08-13 17:00:00,271.246666,27.230133,141.0,141.0,51.999066,868.850733,1430
2010-08-13 17:15:00,264.266666,26.9554,134.0,134.0,49.514866,832.6720659999999,1430
2010-08-13 17:30:00,254.126666,27.213466,133.0,133.0,48.500066,785.720866,1430
2010-08-13 17:45:00,227.226666,26.402,127.0,127.0,44.385066,673.1822,1430
2010-08-13 18:00:00,194.94,26.144533,113.0,113.0,40.8732,555.882666,1430
2010-08-13 18:15:00,160.5,25.878666,98.0,98.0,37.030866,443.0034,1430
2010-08-13 18:30:00,124.046666,25.653,79.0,79.0,34.026266,334.9762,1430
2010-08-13 18:45:00,88.546666,25.101466,61.0,61.0,29.967666,237.345466,1430
2010-08-15 06:00:00,0.0,12.091866,0.0,0.0,9.7294,4.659,1430
2010-08-15 06:15:00,0.0,12.2784,0.0,0.0,10.07,14.043133,1430
2010-08-15 06:30:00,1.413333,12.639866,0.0,0.0,10.973733,74.005066,1430
2010-08-15 06:45:00,33.88,13.303133,1.0,1.0,13.018,173.573733,1430
2010-08-15 07:00:00,66.66,13.599133,16.0,16.0,15.877866,277.094466,1430
2010-08-15 07:15:00,104.36,14.3554,33.0,33.0,19.353,384.862133,1430
2010-08-15 07:30:00,143.5,15.584733,51.0,51.0,24.3176,495.946266,1430
2010-08-15 07:45:00,180.413333,15.3854,70.0,70.0,27.4242,609.563266,1430
2010-08-15 08:00:00,216.64,15.0362,89.0,89.0,27.424733,718.394,1430
2010-08-15 08:15:00,250.533333,15.712866,107.0,107.0,30.231933,827.463733,1430
2010-08-15 08:30:00,276.206666,15.802133,125.0,125.0,32.407,910.202,1430
2010-08-15 08:45:00,285.106666,16.715266,138.0,138.0,36.080866,940.236333,1430
2010-08-15 09:00:00,290.086666,16.632866,142.0,142.0,35.706733,962.8804,1430
2010-08-15 09:15:00,294.433333,17.041266,144.0,144.0,36.742533,978.678333,1430
2010-08-15 09:30:00,297.86,17.576733,147.0,147.0,38.388533,988.4694,1430
2010-08-15 09:45:00,298.333333,17.6636,149.0,149.0,39.229533,991.811066,1430
2010-08-15 10:00:00,298.88,18.1922,150.0,150.0,39.731,990.5854,1430
2010-08-15 10:15:00,297.713333,18.0968,150.0,150.0,38.4894,986.251866,1430
2010-08-15 10:30:00,295.986666,18.482466,148.0,148.0,40.239333,982.116666,1430
2010-08-15 10:45:00,294.22,19.025333,149.0,149.0,41.680866,974.146533,1430
2010-08-15 11:00:00,292.513333,19.569733,148.0,148.0,43.040933,966.395,1430
2010-08-15 11:15:00,290.986666,20.662,146.0,146.0,45.521666,957.163466,1430
2010-08-15 11:30:00,289.766666,20.518333,147.0,147.0,43.978333,950.4038,1430
2010-08-15 11:45:00,287.28,20.584066,145.0,145.0,42.277866,943.6848,1430
2010-08-15 12:00:00,286.753333,21.083,142.0,142.0,43.148933,936.777866,1430
2010-08-15 12:15:00,284.686666,21.142933,144.0,144.0,43.145733,929.773933,1430
2010-08-15 12:30:00,284.166666,21.613533,142.0,142.0,42.445266,925.593066,1430
2010-08-15 12:45:00,284.38,22.069866,142.0,142.0,42.213,920.211933,1430
2010-08-15 13:00:00,285.293333,22.355333,142.0,142.0,42.483266,918.4874,1430
2010-08-15 13:15:00,285.813333,22.707533,140.0,140.0,42.150466,919.596466,1430
2010-08-15 13:30:00,286.173333,23.19,142.0,142.0,41.996533,921.0408,1430
2010-08-15 13:45:00,288.473333,23.016533,142.0,142.0,40.267733,922.587133,1430
2010-08-15 14:00:00,290.473333,23.3242,143.0,143.0,40.490933,929.621333,1430
2010-08-15 14:15:00,293.68,23.612066,144.0,144.0,40.668066,941.752133,1430
2010-08-15 14:30:00,295.22,24.419066,145.0,145.0,40.665466,952.901133,1430
2010-08-15 14:45:00,297.8,24.124,143.0,143.0,41.1398,945.8314,1430
2010-08-15 15:00:00,294.066666,24.528533,147.0,147.0,42.140133,955.774866,1430
2010-08-15 15:15:00,293.8,24.7492,143.0,143.0,42.611933,958.4808,1430
2010-08-15 15:30:00,292.586666,24.872466,144.0,144.0,43.123,960.149266,1430
2010-08-15 15:45:00,290.34,24.797933,142.0,142.0,43.917866,951.589066,1430
2010-08-15 16:00:00,289.72,25.037,138.0,138.0,43.0312,947.1028,1430
2010-08-15 16:15:00,286.173333,24.98,140.0,140.0,41.892933,923.894333,1430
2010-08-15 16:30:00,284.12,24.918333,137.0,137.0,41.1514,910.903933,1430
2010-08-15 16:45:00,278.906666,25.293666,134.0,134.0,42.0546,886.3270659999998,1430
2010-08-15 17:00:00,270.646666,24.792866,132.0,132.0,41.343666,854.299,1430
2010-08-15 17:15:00,261.4,25.8028,126.0,126.0,42.998933,817.1336659999998,1430
2010-08-15 17:30:00,246.533333,25.497,119.0,119.0,41.957,753.9266659999998,1430
2010-08-15 17:45:00,216.16,25.222533,112.0,112.0,39.1946,633.743266,1430
2010-08-15 18:00:00,183.4,25.104333,94.0,94.0,36.444466,518.7174,1430
2010-08-15 18:15:00,145.306666,24.908533,78.0,78.0,33.937533,402.715,1430
2010-08-15 18:30:00,115.586666,24.379066,62.0,62.0,31.052466,318.822133,1430
2010-08-15 18:45:00,86.61333299999998,23.882133,49.0,49.0,28.427866,244.7256,1430
2010-08-16 06:00:00,0.0,13.8846,0.0,0.0,11.107333,4.4556,1430
2010-08-16 06:15:00,0.0,13.477933,0.0,0.0,10.738466,14.165266,1430
2010-08-16 06:30:00,0.0,13.059733,0.0,0.0,10.629933,24.887133,1430
2010-08-16 06:45:00,3.64,13.3188,0.0,-1.0,11.911733,44.657466,1430
2010-08-16 07:00:00,20.753333,13.564333,3.0,3.0,13.030666,73.38473299999998,1430
2010-08-16 07:15:00,23.826666,13.749866,10.0,10.0,14.201066,89.29946599999998,1430
2010-08-16 07:30:00,30.866666,13.831933,10.0,10.0,14.1802,101.420133,1430
2010-08-16 07:45:00,71.473333,14.290066,16.0,16.0,17.227866,228.8768,1430
2010-08-16 08:00:00,116.68,14.863333,35.0,35.0,21.165666,376.2666,1430
2010-08-16 08:15:00,73.08666599999998,15.1054,59.0,59.0,21.692866,232.671066,1430
2010-08-16 08:30:00,89.326666,14.8318,34.0,34.0,18.542266,287.368866,1430
2010-08-16 08:45:00,144.626666,16.202066,43.0,43.0,26.8272,445.2362,1430
2010-08-16 09:00:00,261.46,18.389533,70.0,70.0,36.8404,927.357933,1430
2010-08-16 09:15:00,160.726666,17.8118,135.0,135.0,37.5888,555.928533,1430
2010-08-16 09:30:00,135.333333,16.962,75.0,75.0,27.342533,435.140066,1430
2010-08-16 09:45:00,139.593333,16.928066,65.0,65.0,27.474133,445.994066,1430
2010-08-16 10:00:00,116.16,16.517533,66.0,66.0,25.523466,365.0512,1430
2010-08-16 10:15:00,167.466666,17.407466,59.0,59.0,29.1096,546.2952,1430
2010-08-16 10:30:00,201.786666,17.850133,86.0,86.0,33.485,667.383666,1430
2010-08-16 10:45:00,138.6,19.2836,103.0,103.0,35.387266,434.972133,1430
2010-08-16 11:00:00,127.146666,19.063466,66.0,66.0,32.099466,397.7204,1430
2010-08-16 11:15:00,108.12,18.850733,61.0,61.0,30.4934,334.213133,1430
2010-08-16 11:30:00,61.753333,17.5824,51.0,51.0,22.2616,193.491533,1430
2010-08-16 11:45:00,42.646666,16.727866,29.0,29.0,17.604333,130.833933,1430
2010-08-16 12:00:00,40.913333,16.506266,20.0,20.0,17.3494,125.523866,1430
2010-08-16 12:15:00,68.273333,16.5316,20.0,20.0,18.448,201.507533,1430
2010-08-16 12:30:00,118.033333,16.764533,34.0,34.0,21.850733,340.840733,1430
2010-08-16 12:45:00,131.913333,17.267066,58.0,58.0,26.294933,389.6128,1430
2010-08-16 13:00:00,113.846666,17.481466,65.0,65.0,25.307066,305.241933,1430
2010-08-16 13:15:00,125.233333,17.645866,47.0,47.0,24.2324,373.7336,1430
2010-08-16 13:30:00,151.04,18.7846,63.0,63.0,30.799333,457.8604,1430
2010-08-16 13:45:00,112.606666,18.779,72.0,72.0,29.714,348.241133,1430
2010-08-16 14:00:00,159.533333,19.22,55.0,55.0,30.795666,505.233733,1430
2010-08-16 14:15:00,221.586666,20.607133,82.0,82.0,39.126933,692.133733,1430
2010-08-16 14:30:00,115.426666,20.2578,103.0,103.0,32.5498,361.302733,1430
2010-08-16 14:45:00,97.86,20.197866,55.0,55.0,27.7848,307.8664,1430
2010-08-16 15:00:00,186.806666,20.9286,49.0,49.0,31.405133,568.481466,1430
2010-08-16 15:15:00,242.313333,21.984533,90.0,90.0,41.257066,753.641866,1430
2010-08-16 15:30:00,224.24,22.2858,102.0,102.0,38.216133,686.818466,1430
2010-08-16 15:45:00,287.78,23.185733,105.0,105.0,45.5796,964.146933,1430
2010-08-16 16:00:00,273.64,23.510533,129.0,129.0,49.031066,992.767266,1430
2010-08-16 16:15:00,206.54,23.830333,125.0,125.0,45.784066,658.055533,1430
2010-08-16 16:30:00,171.926666,23.1418,85.0,85.0,36.799933,520.339933,1430
2010-08-16 16:45:00,94.58,22.749733,76.0,76.0,32.7174,297.236133,1430
2010-08-16 17:00:00,46.853333,22.312666,44.0,44.0,27.771266,148.1526,1430
2010-08-16 17:15:00,18.16,22.025,21.0,21.0,24.4574,64.580266,1430
2010-08-16 17:30:00,11.353333,19.6462,8.0,8.0,20.122733,40.812066,1430
2010-08-16 17:45:00,15.42,17.446666,5.0,5.0,16.067466,54.438266,1430
2010-08-16 18:00:00,98.4,18.087666,8.0,8.0,18.6952,279.871533,1430
2010-08-16 18:15:00,59.74,18.869666,45.0,45.0,20.4064,167.7602,1430
2010-08-16 18:30:00,12.42,17.0572,23.0,23.0,18.193266,44.820133,1430
2010-08-16 18:45:00,10.24,15.473333,6.0,6.0,16.006,36.407533,1430
2010-08-19 06:00:00,0.0,19.8602,0.0,0.0,18.719266,1.541066,1430
2010-08-19 06:15:00,0.0,19.658466,0.0,0.0,18.5158,5.030266,1430
2010-08-19 06:30:00,0.0,19.869333,0.0,0.0,19.091733,17.725533,1430
2010-08-19 06:45:00,0.0,20.199666,0.0,-1.0,19.5876,21.4996,1430
2010-08-19 07:00:00,0.0,20.564666,0.0,0.0,20.299333,46.173133,1430
2010-08-19 07:15:00,0.0,20.595133,0.0,0.0,21.119666,73.292933,1430
2010-08-19 07:30:00,21.046666,20.748933,1.0,0.0,21.685866,81.35479999999998,1430
2010-08-19 07:45:00,25.233333,20.7706,11.0,11.0,21.443,84.2234,1430
2010-08-19 08:00:00,35.84,21.3428,12.0,12.0,22.360466,118.153866,1430
2010-08-19 08:15:00,56.146666,21.9728,17.0,17.0,24.2388,178.441333,1430
2010-08-19 08:30:00,59.206666,22.427466,28.0,28.0,25.835,187.042266,1430
2010-08-19 08:45:00,49.98,22.606866,29.0,29.0,25.509733,160.420733,1430
2010-08-19 09:00:00,51.973333,22.6996,24.0,24.0,26.1608,165.9954,1430
2010-08-19 09:15:00,48.06,21.562266,26.0,26.0,25.9652,155.537933,1430
2010-08-19 09:30:00,54.646666,21.364733,23.0,23.0,25.780666,175.0184,1430
2010-08-19 09:45:00,68.34,22.656066,27.0,27.0,27.458,217.844666,1430
2010-08-19 10:00:00,69.953333,22.2808,34.0,34.0,28.235533,225.728266,1430
2010-08-19 10:15:00,128.406666,22.524066,35.0,35.0,30.642333,397.766133,1430
2010-08-19 10:30:00,109.866666,22.644866,63.0,63.0,32.311533,348.053133,1430
2010-08-19 10:45:00,119.686666,22.7196,54.0,54.0,31.654333,379.821666,1430
2010-08-19 11:00:00,174.253333,23.1942,60.0,60.0,34.693066,548.660333,1430
2010-08-19 11:15:00,161.533333,23.249266,86.0,86.0,35.1068,509.450266,1430
2010-08-19 11:30:00,168.58,23.297066,80.0,80.0,35.352,529.337666,1430
2010-08-19 11:45:00,115.686666,23.0488,79.0,79.0,32.629933,358.952933,1430
2010-08-19 12:00:00,93.773333,23.1438,56.0,56.0,30.498,290.237466,1430
2010-08-19 12:15:00,92.206666,23.358733,45.0,45.0,29.821666,284.316933,1430
2010-08-19 12:30:00,93.026666,23.362866,46.0,46.0,29.845133,284.576466,1430
2010-08-19 12:45:00,110.353333,23.2508,44.0,44.0,29.729533,400.6856,1430
2010-08-19 13:00:00,121.226666,23.529533,61.0,61.0,32.596,371.699066,1430
2010-08-19 13:15:00,72.166666,22.908066,55.0,55.0,28.2414,231.013,1430
2010-08-19 13:30:00,164.093333,23.702866,37.0,37.0,33.305733,505.6864,1430
2010-08-19 13:45:00,160.006666,23.216333,82.0,82.0,33.010266,543.5486,1430
2010-08-19 14:00:00,148.473333,23.234666,85.0,85.0,33.9524,500.437466,1430
2010-08-19 14:15:00,151.353333,23.1884,74.0,74.0,33.544466,502.095533,1430
2010-08-19 14:30:00,239.98,24.4858,84.0,84.0,45.324533,829.681466,1430
2010-08-19 14:45:00,161.686666,23.816066,108.0,108.0,37.9816,482.803266,1430
2010-08-19 15:00:00,122.52,23.591666,74.0,74.0,35.5674,387.486666,1430
2010-08-19 15:15:00,251.14,24.648066,66.0,66.0,43.052266,881.3477329999998,1430
2010-08-19 15:30:00,180.04,24.373533,125.0,125.0,40.995466,596.598466,1430
2010-08-19 15:45:00,116.666666,23.8944,93.0,93.0,35.087466,334.253866,1430
2010-08-19 16:00:00,98.92,24.198466,54.0,54.0,33.374333,307.225466,1430
2010-08-19 16:15:00,74.533333,23.844466,47.0,47.0,29.8512,220.459,1430
2010-08-19 16:30:00,25.82,22.574866,35.0,35.0,27.091333,93.078666,1430
2010-08-19 16:45:00,21.606666,20.342933,12.0,12.0,22.047333,78.511466,1430
2010-08-19 17:00:00,41.906666,20.189666,11.0,11.0,22.5878,139.419533,1430
2010-08-19 17:15:00,227.006666,21.987066,24.0,24.0,32.808733,777.475933,1430
2010-08-19 17:30:00,63.766666,21.590666,118.0,118.0,29.631133,209.081066,1430
2010-08-19 17:45:00,31.193333,19.788,31.0,31.0,21.997733,102.935733,1430
2010-08-19 18:00:00,47.6,18.8864,16.0,16.0,20.107,147.125266,1430
2010-08-19 18:15:00,91.866666,19.256533,24.0,24.0,22.625466,237.5996,1430
2010-08-19 18:30:00,15.913333,19.016733,39.0,39.0,20.3764,53.354733,1430
2010-08-19 18:45:00,8.626666,18.315533,7.0,7.0,18.367266,32.0334,1430
2010-08-02 06:00:00,0.0,18.201733,0.0,0.0,17.017333,52.673266,1430
2010-08-02 06:15:00,34.76,18.384,0.0,-1.0,19.749,220.184266,1430
2010-08-02 06:30:00,103.246666,20.392066,19.0,19.0,25.785133,394.688933,1430
2010-08-02 06:45:00,127.84,21.419133,52.0,52.0,30.009066,449.9666,1430
2010-08-02 07:00:00,170.0,21.5048,63.0,63.0,33.8568,582.275466,1430
2010-08-02 07:15:00,196.906666,20.914,85.0,85.0,34.786066,669.0318,1430
2010-08-02 07:30:00,227.46,21.293733,99.0,99.0,35.942866,741.0634,1430
2010-08-02 07:45:00,249.433333,21.699133,112.0,112.0,39.722666,835.6222659999999,1430
2010-08-02 08:00:00,273.88,21.957866,124.0,124.0,42.781533,920.023666,1430
2010-08-02 08:15:00,142.546666,21.0338,140.0,140.0,35.675866,431.696533,1430
2010-08-02 08:30:00,149.88,21.4164,60.0,60.0,31.5628,465.622,1430
2010-08-02 08:45:00,179.726666,22.3128,72.0,72.0,34.3668,543.4468,1430
2010-08-02 09:00:00,126.813333,22.6004,89.0,89.0,33.469333,413.4978,1430
2010-08-02 09:15:00,201.96,23.131333,64.0,64.0,39.915333,670.634066,1430
2010-08-02 09:30:00,109.733333,22.6006,96.0,96.0,34.7122,353.678266,1430
2010-08-02 09:45:00,134.093333,22.547733,54.0,54.0,33.522,425.338733,1430
2010-08-02 10:00:00,137.406666,23.097333,67.0,67.0,34.067666,440.495733,1430
2010-08-02 10:15:00,175.486666,23.176533,70.0,70.0,35.987133,581.959933,1430
2010-08-02 10:30:00,259.353333,24.1784,94.0,94.0,43.104333,877.9044,1430
2010-08-02 10:45:00,209.653333,24.119066,126.0,126.0,42.019333,684.509266,1430
2010-08-02 11:00:00,232.193333,24.9184,109.0,109.0,43.9462,733.718933,1430
2010-08-02 11:15:00,278.013333,25.381133,114.0,114.0,47.702933,947.677666,1430
2010-08-02 11:30:00,310.453333,26.428133,142.0,142.0,52.888866,1053.944866,1430
2010-08-02 11:45:00,271.073333,26.545133,155.0,155.0,51.5308,893.6920659999998,1430
2010-08-02 12:00:00,266.533333,26.0128,129.0,129.0,48.191666,908.045533,1430
2010-08-02 12:15:00,275.113333,26.374466,136.0,136.0,51.388066,963.022866,1430
2010-08-02 12:30:00,219.5,26.796,137.0,137.0,48.6864,697.3776,1430
2010-08-02 12:45:00,229.266666,26.521933,108.0,108.0,43.4404,790.4459329999999,1430
2010-08-02 13:00:00,268.64,27.271,121.0,121.0,50.422066,940.561866,1430
2010-08-02 13:15:00,261.913333,27.4276,137.0,137.0,46.359466,876.5004659999998,1430
2010-08-02 13:30:00,138.06,26.799933,131.0,131.0,42.5406,408.8948,1430
2010-08-02 13:45:00,106.393333,25.561533,62.0,62.0,32.185266,372.523133,1430
2010-08-02 14:00:00,308.826666,27.224066,71.0,71.0,45.600666,985.163266,1430
2010-08-02 14:15:00,292.153333,27.682,152.0,152.0,47.080266,995.046,1430
2010-08-02 14:30:00,240.313333,28.308666,142.0,142.0,48.626866,809.7127329999998,1430
2010-08-02 14:45:00,69.773333,26.921333,115.0,115.0,34.505933,222.3408,1430
2010-08-02 15:00:00,43.6,25.633333,34.0,34.0,29.234733,139.302466,1430
2010-08-02 15:15:00,14.38,23.168266,20.0,20.0,25.2192,52.495333,1430
2010-08-02 15:30:00,8.453333,21.432533,6.0,6.0,22.378066,34.0016,1430
2010-08-02 15:45:00,10.58,20.534133,4.0,4.0,21.2884,41.580133,1430
2010-08-02 16:00:00,10.02,19.573333,5.0,5.0,20.316866,38.035066,1430
2010-08-02 16:15:00,7.14,18.889933,4.0,4.0,19.408466,28.132066,1430
2010-08-02 16:30:00,9.08,18.035,3.0,3.0,16.872733,33.727066,1430
2010-08-02 16:45:00,14.453333,17.383866,4.0,4.0,16.0868,50.827066,1430
2010-08-02 17:00:00,17.886666,16.907466,7.0,7.0,15.8244,60.959,1430
2010-08-02 17:15:00,18.493333,17.903933,8.0,8.0,17.708266,65.038066,1430
2010-08-02 17:30:00,14.193333,18.506,9.0,9.0,18.9436,51.223733,1430
2010-08-02 17:45:00,13.48,18.934133,6.0,6.0,19.300333,48.0908,1430
2010-08-02 18:00:00,6.626666,19.264933,6.0,6.0,19.326333,27.2522,1430
2010-08-02 18:15:00,4.16,19.447333,3.0,3.0,19.403533,18.900533,1430
2010-08-02 18:30:00,3.98,19.4066,2.0,2.0,19.1334,18.178333,1430
2010-08-02 18:45:00,2.98,19.592333,1.0,1.0,19.462866,14.5366,1430
2010-08-20 06:00:00,0.0,17.049133,0.0,0.0,15.925933,2.1108,1430
2010-08-20 06:15:00,0.0,16.793666,0.0,0.0,15.4152,10.889866,1430
2010-08-20 06:30:00,0.0,16.420666,0.0,0.0,14.960866,45.0846,1430
2010-08-20 06:45:00,0.0,16.617866,0.0,-1.0,15.464466,31.8908,1430
2010-08-20 07:00:00,10.52,17.185133,0.0,0.0,17.110866,165.954533,1430
2010-08-20 07:15:00,67.246666,17.685533,7.0,7.0,19.300866,252.2938,1430
2010-08-20 07:30:00,47.64,17.868133,30.0,30.0,19.729266,166.915933,1430
2010-08-20 07:45:00,24.153333,17.7234,15.0,15.0,17.830333,91.761266,1430
2010-08-20 08:00:00,99.62,18.373266,11.0,11.0,20.772266,357.254066,1430
2010-08-20 08:15:00,249.34,19.6788,52.0,52.0,30.209733,820.342933,1430
2010-08-20 08:30:00,275.053333,20.3418,109.0,109.0,34.329133,901.972533,1430
2010-08-20 08:45:00,283.733333,21.062533,117.0,117.0,37.020533,936.014866,1430
2010-08-20 09:00:00,289.0,21.7486,123.0,123.0,40.256066,956.456333,1430
2010-08-20 09:15:00,292.273333,22.136866,126.0,126.0,41.058933,971.420266,1430
2010-08-20 09:30:00,294.08,23.065533,129.0,129.0,45.306733,980.600866,1430
2010-08-20 09:45:00,293.773333,23.1554,131.0,131.0,46.544533,983.311933,1430
2010-08-20 10:00:00,292.1,23.352533,132.0,132.0,47.1108,982.930466,1430
2010-08-20 10:15:00,291.033333,23.458266,132.0,132.0,45.169266,978.0528,1430
2010-08-20 10:30:00,289.873333,23.016666,134.0,134.0,44.032666,970.6982,1430
2010-08-20 10:45:00,288.22,23.264066,136.0,136.0,44.804266,964.9506,1430
2010-08-20 11:00:00,287.12,23.441266,136.0,136.0,44.678266,958.445266,1430
2010-08-20 11:15:00,283.066666,24.095466,136.0,136.0,48.886,949.045733,1430
2010-08-20 11:30:00,282.966666,24.326733,135.0,135.0,46.305266,942.2302,1430
2010-08-20 11:45:00,282.4,24.575866,137.0,137.0,45.073533,936.889666,1430
2010-08-20 12:00:00,282.086666,24.796333,138.0,138.0,45.239466,931.055733,1430
2010-08-20 12:15:00,279.406666,25.140933,139.0,139.0,48.5562,927.637666,1430
2010-08-20 12:30:00,279.52,25.938,138.0,138.0,48.1188,907.903,1430
2010-08-20 12:45:00,283.26,26.1872,139.0,139.0,48.908266,921.305333,1430
2010-08-20 13:00:00,284.413333,25.347466,140.0,140.0,47.2554,932.429,1430
2010-08-20 13:15:00,275.073333,25.620066,142.0,142.0,47.5392,810.908,1430
2010-08-20 13:30:00,273.106666,25.623,125.0,125.0,47.6008,867.157,1430
2010-08-20 13:45:00,226.18,25.8356,132.0,132.0,42.9446,760.884666,1430
2010-08-20 14:00:00,270.973333,26.4452,118.0,118.0,48.456133,852.4831329999998,1430
2010-08-20 14:15:00,173.76,25.597733,116.0,116.0,42.5162,583.608,1430
2010-08-20 14:30:00,289.366666,26.465533,92.0,92.0,46.966333,956.2022,1430
2010-08-20 14:45:00,290.013333,26.357,146.0,146.0,49.1756,950.144533,1430
2010-08-20 15:00:00,192.746666,26.107466,145.0,145.0,46.340333,644.4448,1430
2010-08-20 15:15:00,289.693333,26.405066,92.0,92.0,44.466266,967.7276,1430
2010-08-20 15:30:00,295.28,26.5758,147.0,147.0,48.575933,968.628,1430
2010-08-20 15:45:00,293.673333,27.135133,146.0,146.0,51.562866,971.888133,1430
2010-08-20 16:00:00,288.7,26.898,146.0,146.0,53.306933,964.543666,1430
2010-08-20 16:15:00,286.133333,26.498133,143.0,143.0,50.924733,946.2992,1430
2010-08-20 16:30:00,278.82,26.594133,143.0,143.0,50.031666,944.747866,1430
2010-08-20 16:45:00,281.54,26.732333,141.0,141.0,50.705,865.102133,1430
2010-08-20 17:00:00,121.48,25.625466,127.0,127.0,38.172733,435.0384,1430
2010-08-20 17:15:00,273.306666,26.459533,67.0,67.0,46.684666,863.4897999999998,1430
2010-08-20 17:30:00,220.553333,26.321466,133.0,133.0,45.9416,706.690333,1430
2010-08-20 17:45:00,211.573333,26.176466,109.0,109.0,43.3372,620.631,1430
2010-08-20 18:00:00,175.893333,25.888,103.0,103.0,39.261,498.433533,1430
2010-08-20 18:15:00,126.153333,25.694333,87.0,87.0,36.715,345.474266,1430
2010-08-20 18:30:00,19.6,24.643066,56.0,56.0,27.4394,58.644666,1430
2010-08-20 18:45:00,11.446666,24.0508,9.0,9.0,22.844733,35.5278,1430
2010-08-22 06:00:00,0.0,19.8508,0.0,0.0,17.908466,1.897066,1430
2010-08-22 06:15:00,0.0,19.8266,0.0,0.0,17.861333,8.229732999999998,1430
2010-08-22 06:30:00,0.0,19.8326,0.0,-1.0,18.027666,42.048,1430
2010-08-22 06:45:00,13.173333,19.3448,0.0,0.0,18.898666,147.974466,1430
2010-08-22 07:00:00,56.493333,19.711266,4.0,4.0,20.798266,262.858133,1430
2010-08-22 07:15:00,96.333333,20.2792,24.0,24.0,23.267666,375.386466,1430
2010-08-22 07:30:00,136.326666,21.033866,41.0,41.0,25.789133,487.614866,1430
2010-08-22 07:45:00,173.86,21.471933,57.0,57.0,28.322733,594.690866,1430
2010-08-22 08:00:00,212.666666,22.3642,73.0,73.0,31.064133,711.619,1430
2010-08-22 08:15:00,245.193333,23.610733,89.0,89.0,34.7822,817.184333,1430
2010-08-22 08:30:00,273.886666,24.4922,103.0,103.0,38.9168,917.170266,1430
2010-08-22 08:45:00,284.026666,25.4932,114.0,114.0,41.7254,957.3772,1430
2010-08-22 09:00:00,287.22,26.3426,117.0,117.0,45.891333,978.902066,1430
2010-08-22 09:15:00,288.746666,27.490066,121.0,121.0,51.240933,993.4032,1430
2010-08-22 09:30:00,289.68,28.0816,121.0,121.0,53.815533,1000.1424,1430
2010-08-22 09:45:00,293.006666,28.671466,123.0,123.0,52.058133,1001.093466,1430
2010-08-22 10:00:00,295.24,28.800933,124.0,124.0,50.153866,995.595266,1430
2010-08-22 10:15:00,295.266666,29.0872,124.0,124.0,48.398,987.5032,1430
2010-08-22 10:30:00,291.48,29.9658,125.0,125.0,49.809333,977.208466,1430
2010-08-22 10:45:00,288.466666,29.6062,125.0,125.0,49.800533,968.8822,1430
2010-08-22 11:00:00,284.133333,28.620466,125.0,125.0,46.502466,954.101466,1430
2010-08-22 11:15:00,281.06,30.1616,124.0,124.0,50.03,939.0564,1430
2010-08-22 11:30:00,277.653333,30.1926,124.0,124.0,50.937466,934.081933,1430
2010-08-22 11:45:00,275.686666,29.923,123.0,123.0,51.496066,927.887,1430
2010-08-22 12:00:00,273.74,29.8912,125.0,125.0,50.068266,919.0826,1430
2010-08-22 12:15:00,273.846666,29.650333,127.0,127.0,48.734533,914.830333,1430
2010-08-22 12:30:00,275.113333,30.207266,128.0,128.0,48.815266,912.648466,1430
2010-08-22 12:45:00,274.593333,30.286333,130.0,130.0,48.6666,907.842,1430
2010-08-22 13:00:00,274.973333,30.545133,130.0,130.0,50.009266,908.7728,1430
2010-08-22 13:15:00,276.086666,30.159,133.0,133.0,49.160333,908.0404,1430
2010-08-22 13:30:00,279.126666,30.543133,135.0,135.0,47.486933,912.7096,1430
2010-08-22 13:45:00,278.286666,30.9496,137.0,137.0,50.8896,915.6444,1430
2010-08-22 14:00:00,279.22,30.4338,137.0,137.0,51.029933,920.577933,1430
2010-08-22 14:15:00,283.133333,31.0328,138.0,138.0,52.3836,938.385066,1430
2010-08-22 14:30:00,283.493333,30.657666,139.0,139.0,51.1472,951.853466,1430
2010-08-22 14:45:00,132.386666,30.0682,144.0,144.0,42.905066,534.7646,1430
2010-08-22 15:00:00,156.14,30.284466,69.0,69.0,44.198533,474.497533,1430
2010-08-22 15:15:00,48.913333,29.469733,66.0,66.0,35.327333,165.634133,1430
2010-08-22 15:30:00,39.84,29.255066,23.0,23.0,32.6134,138.575333,1430
2010-08-22 15:45:00,96.426666,29.265066,20.0,20.0,34.0844,265.477466,1430
2010-08-22 16:00:00,74.68,29.731,44.0,44.0,36.6072,244.0592,1430
2010-08-22 16:15:00,56.373333,29.4804,36.0,36.0,34.575933,189.692133,1430
2010-08-22 16:30:00,230.533333,30.385733,28.0,28.0,42.7062,761.1898,1430
2010-08-22 16:45:00,301.66,31.1436,122.0,122.0,53.245933,1004.394733,1430
2010-08-22 17:00:00,228.933333,30.223,149.0,149.0,47.019666,748.8912,1430
2010-08-22 17:15:00,177.586666,29.618533,116.0,116.0,41.929466,507.634466,1430
2010-08-22 17:30:00,40.806666,28.4116,76.0,76.0,31.668666,128.814666,1430
2010-08-22 17:45:00,39.64,28.239466,19.0,19.0,29.855933,128.0416,1430
2010-08-22 18:00:00,88.293333,28.5342,20.0,20.0,33.334133,286.148133,1430
2010-08-22 18:15:00,23.526666,27.934266,46.0,46.0,29.6014,74.391666,1430
2010-08-22 18:30:00,17.96,27.544933,11.0,11.0,27.234466,57.902,1430
2010-08-22 18:45:00,40.373333,27.782733,8.0,8.0,27.8476,117.640133,1430
2010-08-23 06:00:00,0.0,23.002066,0.0,0.0,21.668533,0.340866,1430
2010-08-23 06:15:00,0.0,22.651866,0.0,0.0,21.509266,7.888733,1430
2010-08-23 06:30:00,0.0,22.725333,0.0,0.0,21.595666,17.1662,1430
2010-08-23 06:45:00,0.0,22.959466,0.0,0.0,22.0886,30.614133,1430
2010-08-23 07:00:00,0.0,22.5674,0.0,-1.0,22.610133,55.2674,1430
2010-08-23 07:15:00,0.0,20.495933,0.0,0.0,21.494866,70.2872,1430
2010-08-23 07:30:00,23.7,19.812666,0.0,0.0,21.220866,120.549466,1430
2010-08-23 07:45:00,47.453333,19.803733,12.0,12.0,21.991733,158.396466,1430
2010-08-23 08:00:00,108.053333,20.196933,24.0,24.0,25.6142,333.547,1430
2010-08-23 08:15:00,185.806666,20.797,44.0,44.0,32.163133,644.2006,1430
2010-08-23 08:30:00,274.226666,22.088533,84.0,84.0,41.846733,950.113866,1430
2010-08-23 08:45:00,258.613333,23.540266,118.0,118.0,47.734866,916.458,1430
2010-08-23 09:00:00,271.033333,23.934133,112.0,112.0,46.897266,931.742266,1430
2010-08-23 09:15:00,262.34,23.658933,116.0,116.0,47.488666,978.0528,1430
2010-08-23 09:30:00,231.053333,24.2722,115.0,115.0,45.300333,842.503866,1430
2010-08-23 09:45:00,303.64,25.356666,99.0,99.0,50.749333,1110.270266,1430
2010-08-23 10:00:00,313.16,26.6584,130.0,130.0,53.776066,1057.3832,1430
2010-08-23 10:15:00,171.38,25.689533,125.0,125.0,44.635266,547.399,1430
2010-08-23 10:30:00,228.486666,25.0344,66.0,66.0,40.9334,860.1734659999998,1430
2010-08-23 10:45:00,280.326666,26.207066,105.0,105.0,46.980666,887.802133,1430
2010-08-23 11:00:00,223.306666,25.849133,111.0,111.0,44.9116,823.0134,1430
2010-08-23 11:15:00,113.526666,23.970066,98.0,98.0,34.846333,352.767866,1430
2010-08-23 11:30:00,204.533333,24.602266,51.0,51.0,35.824066,738.011666,1430
2010-08-23 11:45:00,228.213333,25.005066,95.0,95.0,41.285866,704.996733,1430
2010-08-23 12:00:00,281.706666,25.436466,98.0,98.0,41.744733,903.859333,1430
2010-08-23 12:15:00,166.26,24.677666,125.0,125.0,38.5168,576.3296,1430
2010-08-23 12:30:00,249.066666,25.655933,82.0,82.0,41.7712,866.1753999999999,1430
2010-08-23 12:45:00,74.906666,24.192666,111.0,111.0,32.848533,241.124533,1430
2010-08-23 13:00:00,134.793333,24.316666,36.0,36.0,31.863866,444.4632,1430
2010-08-23 13:15:00,263.453333,25.560066,66.0,66.0,39.197,761.728933,1430
2010-08-23 13:30:00,230.7,26.026733,123.0,123.0,41.9932,868.5555329999999,1430
2010-08-23 13:45:00,240.286666,26.161266,127.0,127.0,41.5458,829.1982,1430
2010-08-23 14:00:00,296.486666,27.160466,125.0,125.0,45.618066,978.373266,1430
2010-08-23 14:15:00,108.866666,25.864933,146.0,146.0,39.967266,321.726466,1430
2010-08-23 14:30:00,42.606666,24.515666,51.0,51.0,28.568666,142.669666,1430
2010-08-23 14:45:00,25.253333,23.532133,20.0,20.0,24.894733,87.6922,1430
2010-08-23 15:00:00,26.846666,19.6228,13.0,13.0,16.736866,87.8448,1430
2010-08-23 15:15:00,16.3,18.6696,12.0,12.0,15.3334,56.2338,1430
2010-08-23 15:30:00,48.22,18.918666,8.0,8.0,17.1916,154.927533,1430
2010-08-23 15:45:00,51.906666,19.124133,26.0,26.0,19.609666,166.310733,1430
2010-08-23 16:00:00,35.686666,19.5116,24.0,24.0,21.4974,119.781466,1430
2010-08-23 16:15:00,27.773333,19.598266,17.0,17.0,21.312266,100.138333,1430
2010-08-23 16:30:00,88.606666,19.822733,14.0,14.0,24.104466,307.367933,1430
2010-08-23 16:45:00,129.913333,20.3306,47.0,47.0,29.173066,420.816933,1430
2010-08-23 17:00:00,188.173333,20.403666,70.0,70.0,33.585933,586.313866,1430
2010-08-23 17:15:00,53.84,19.594466,85.0,85.0,24.782666,178.237933,1430
2010-08-23 17:30:00,48.553333,19.675333,27.0,27.0,23.390333,151.662266,1430
2010-08-23 17:45:00,42.64,19.490533,23.0,23.0,21.816733,129.893066,1430
2010-08-23 18:00:00,107.32,19.818733,21.0,21.0,23.732333,312.830533,1430
2010-08-23 18:15:00,47.226666,19.728666,57.0,57.0,24.539533,140.9352,1430
2010-08-23 18:30:00,36.333333,19.507733,22.0,22.0,21.496466,113.057266,1430
2010-08-23 18:45:00,23.066666,19.3328,18.0,18.0,19.892066,71.177133,1430
2010-08-24 06:00:00,0.0,9.866933,0.0,0.0,9.308133,2.736733,1430
2010-08-24 06:15:00,0.0,9.680066,0.0,0.0,9.2496,3.056866,1430
2010-08-24 06:30:00,0.0,9.690666,0.0,0.0,9.234466,4.201333,1430
2010-08-24 06:45:00,0.0,9.7982,0.0,0.0,9.315266,5.996733,1430
2010-08-24 07:00:00,0.0,9.756533,0.0,0.0,9.339200000000002,8.295666,1430
2010-08-24 07:15:00,0.0,9.913666,0.0,-1.0,9.577800000000002,13.661866,1430
2010-08-24 07:30:00,0.0,9.906933,0.0,0.0,9.6684,17.0288,1430
2010-08-24 07:45:00,0.0,9.784666,0.0,0.0,10.098533,28.345733,1430
2010-08-24 08:00:00,0.0,9.843533,0.0,-1.0,10.218533,35.080066,1430
2010-08-24 08:15:00,3.866666,10.0504,1.0,1.0,10.583466,45.125333,1430
2010-08-24 08:30:00,11.38,10.075,4.0,4.0,11.018066,40.425733,1430
2010-08-24 08:45:00,10.6,10.220066,5.0,5.0,11.428866,39.616866,1430
2010-08-24 09:00:00,14.373333,10.244133,5.0,5.0,11.728733,50.6084,1430
2010-08-24 09:15:00,19.593333,10.553533,7.0,7.0,12.445733,66.355333,1430
2010-08-24 09:30:00,28.68,11.066466,9.0,9.0,12.976133,94.767466,1430
2010-08-24 09:45:00,85.933333,12.299066,16.0,16.0,16.3366,257.130933,1430
2010-08-24 10:00:00,123.706666,13.493733,45.0,45.0,23.1422,350.819866,1430
2010-08-24 10:15:00,77.0,13.844066,57.0,57.0,22.197533,245.2342,1430
2010-08-24 10:30:00,250.46,15.489666,38.0,38.0,29.949666,844.248466,1430
2010-08-24 10:45:00,272.22,16.611266,120.0,120.0,37.748466,980.580733,1430
2010-08-24 11:00:00,217.02,16.504533,134.0,134.0,34.8028,692.443933,1430
2010-08-24 11:15:00,172.1,15.9912,108.0,108.0,29.3924,554.0264,1430
2010-08-24 11:30:00,263.893333,17.302,92.0,92.0,35.840666,871.5972,1430
2010-08-24 11:45:00,292.973333,17.830733,119.0,119.0,40.958733,1016.835533,1430
2010-08-24 12:00:00,260.3,18.324333,153.0,153.0,42.217066,914.123533,1430
2010-08-24 12:15:00,226.793333,18.1884,132.0,132.0,38.2914,750.188,1430
2010-08-24 12:30:00,285.96,18.381533,126.0,126.0,41.672066,895.1568,1430
2010-08-24 12:45:00,283.813333,18.963866,143.0,143.0,40.690666,898.1119999999999,1430
2010-08-24 13:00:00,283.44,18.973133,142.0,142.0,40.4226,893.3207999999998,1430
2010-08-24 13:15:00,284.166666,19.5088,141.0,141.0,40.9408,894.923,1430
2010-08-24 13:30:00,285.22,20.145466,143.0,143.0,41.073,898.712133,1430
2010-08-24 13:45:00,284.853333,20.6536,143.0,143.0,43.1224,899.5463999999998,1430
2010-08-24 14:00:00,285.926666,21.183933,143.0,143.0,43.036333,902.369266,1430
2010-08-24 14:15:00,285.86,21.400066,144.0,144.0,43.5866,905.6192,1430
2010-08-24 14:30:00,286.226666,21.792,142.0,142.0,44.0866,909.5509330000002,1430
2010-08-24 14:45:00,284.613333,22.734333,144.0,144.0,47.377466,914.077733,1430
2010-08-24 15:00:00,285.326666,22.490733,143.0,143.0,48.3172,920.349066,1430
2010-08-24 15:15:00,285.16,22.768733,144.0,144.0,48.368333,923.375533,1430
2010-08-24 15:30:00,286.253333,22.589533,143.0,143.0,48.746733,929.9266,1430
2010-08-24 15:45:00,285.746666,22.778933,145.0,145.0,46.901666,921.483266,1430
2010-08-24 16:00:00,282.993333,23.163133,142.0,142.0,47.7622,905.6496,1430
2010-08-24 16:15:00,278.833333,23.201866,143.0,143.0,47.288266,886.7594659999999,1430
2010-08-24 16:30:00,275.733333,23.285866,141.0,141.0,44.596866,860.7229999999998,1430
2010-08-24 16:45:00,268.246666,22.963333,138.0,138.0,43.596333,828.450466,1430
2010-08-24 17:00:00,259.013333,22.974133,135.0,135.0,41.856533,789.9475999999999,1430
2010-08-24 17:15:00,250.58,23.208666,129.0,129.0,41.179466,756.3527329999998,1430
2010-08-24 17:30:00,229.973333,22.947333,126.0,126.0,38.390733,679.6518,1430
2010-08-24 17:45:00,194.726666,22.970266,114.0,114.0,35.294933,553.909066,1430
2010-08-24 18:00:00,160.406666,22.777733,97.0,97.0,32.667466,442.255666,1430
2010-08-24 18:15:00,122.813333,22.5318,79.0,79.0,30.0088,333.2926,1430
2010-08-24 18:30:00,87.37999999999998,21.943,61.0,61.0,26.455533,236.251666,1430
2010-08-24 18:45:00,54.74,21.816533,43.0,43.0,23.999666,151.102666,1430
2010-08-25 06:00:00,0.0,12.5858,0.0,0.0,9.4788,3.087466,1430
2010-08-25 06:15:00,0.0,12.673466,0.0,0.0,9.224066,10.548866,1430
2010-08-25 06:30:00,0.0,12.5426,0.0,-1.0,9.496,51.29,1430
2010-08-25 06:45:00,13.253333,13.133,0.0,0.0,11.414466,127.649933,1430
2010-08-25 07:00:00,48.293333,13.806533,7.0,7.0,14.426,227.595066,1430
2010-08-25 07:15:00,84.433333,14.437133,24.0,24.0,17.718866,335.235466,1430
2010-08-25 07:30:00,125.18,15.443666,43.0,43.0,21.308933,446.360266,1430
2010-08-25 07:45:00,162.4,16.676933,63.0,63.0,26.3816,558.741333,1430
2010-08-25 08:00:00,198.726666,17.820866,82.0,82.0,32.1936,669.1436,1430
2010-08-25 08:15:00,230.28,19.126133,100.0,100.0,38.1626,773.696866,1430
2010-08-25 08:30:00,258.36,20.2142,114.0,114.0,42.842,869.4763329999998,1430
2010-08-25 08:45:00,271.933333,21.516533,130.0,130.0,45.825,908.014866,1430
2010-08-25 09:00:00,278.64,20.596066,137.0,137.0,46.198133,933.664866,1430
2010-08-25 09:15:00,282.526666,21.6362,140.0,140.0,48.432133,951.431266,1430
2010-08-25 09:30:00,285.266666,21.506866,142.0,142.0,48.389733,960.083066,1430
2010-08-25 09:45:00,288.146666,20.999666,142.0,142.0,45.176666,966.268066,1430
2010-08-25 10:00:00,289.48,21.870266,145.0,145.0,47.186,967.7124,1430
2010-08-25 10:15:00,288.68,22.6826,145.0,145.0,48.1282,962.570066,1430
2010-08-25 10:30:00,288.76,22.5752,145.0,145.0,46.9768,959.370866,1430
2010-08-25 10:45:00,287.253333,23.687933,145.0,145.0,47.192,952.662066,1430
2010-08-25 11:00:00,284.573333,23.533933,145.0,145.0,47.8672,941.080666,1430
2010-08-25 11:15:00,281.86,23.8328,141.0,141.0,48.152466,911.590533,1430
2010-08-25 11:30:00,280.313333,23.851933,141.0,141.0,46.9134,923.212666,1430
2010-08-25 11:45:00,278.686666,23.7174,141.0,141.0,45.380066,913.462333,1430
2010-08-25 12:00:00,278.02,24.389333,140.0,140.0,46.1312,910.263133,1430
2010-08-25 12:15:00,275.466666,24.771866,140.0,140.0,47.3234,902.043733,1430
2010-08-25 12:30:00,274.6,24.665733,136.0,136.0,47.043,898.417133,1430
2010-08-25 12:45:00,276.9,24.680866,138.0,138.0,46.034466,902.593,1430
2010-08-25 13:00:00,276.666666,25.013866,139.0,139.0,47.096533,899.444533,1430
2010-08-25 13:15:00,275.413333,25.4304,140.0,140.0,48.269333,864.730933,1430
2010-08-25 13:30:00,276.533333,25.4714,138.0,138.0,47.689533,884.368866,1430
2010-08-25 13:45:00,279.386666,25.806466,139.0,139.0,46.233666,864.964733,1430
2010-08-25 14:00:00,279.84,25.631533,139.0,139.0,46.6124,877.7465999999998,1430
2010-08-25 14:15:00,280.333333,25.8262,141.0,141.0,48.2622,864.8936,1430
2010-08-25 14:30:00,282.326666,26.128933,141.0,141.0,47.579533,875.035733,1430
2010-08-25 14:45:00,281.48,26.6888,142.0,142.0,49.800666,913.263933,1430
2010-08-25 15:00:00,283.7,26.459133,142.0,142.0,47.150066,926.040533,1430
2010-08-25 15:15:00,282.346666,26.895133,141.0,141.0,50.645666,933.0698000000002,1430
2010-08-25 15:30:00,279.02,26.927333,142.0,142.0,52.733066,926.483133,1430
2010-08-25 15:45:00,276.146666,26.948066,140.0,140.0,51.003866,911.7178,1430
2010-08-25 16:00:00,276.5,26.982933,139.0,139.0,47.096733,909.6986,1430
2010-08-25 16:15:00,275.7,26.8316,139.0,139.0,45.779866,897.11,1430
2010-08-25 16:30:00,271.74,26.9766,139.0,139.0,45.872733,877.253266,1430
2010-08-25 16:45:00,267.52,27.134133,135.0,135.0,46.003866,850.9266659999998,1430
2010-08-25 17:00:00,257.62,26.730066,135.0,135.0,47.234466,816.162066,1430
2010-08-25 17:15:00,249.02,26.7662,129.0,129.0,43.686866,777.114866,1430
2010-08-25 17:30:00,224.093333,26.604933,125.0,125.0,41.089,670.689866,1430
2010-08-25 17:45:00,191.626666,26.391333,111.0,111.0,36.8776,548.9604,1430
2010-08-25 18:00:00,157.473333,26.174933,94.0,94.0,34.9908,436.574333,1430
2010-08-25 18:15:00,120.573333,25.830933,78.0,78.0,32.103,330.607,1430
2010-08-25 18:30:00,84.806666,25.3838,60.0,60.0,29.238866,232.4524,1430
2010-08-25 18:45:00,51.34,24.729,42.0,42.0,26.378466,143.6106,1430
2010-08-26 06:00:00,0.0,18.295466,0.0,0.0,15.806533,1.800466,1430
2010-08-26 06:15:00,0.0,17.896733,0.0,0.0,15.596666,8.0872,1430
2010-08-26 06:30:00,0.0,17.961866,0.0,0.0,15.568933,57.3578,1430
2010-08-26 06:45:00,7.98,19.149,0.0,0.0,17.823133,142.725533,1430
2010-08-26 07:00:00,50.893333,19.487866,5.0,4.0,19.9864,245.4936,1430
2010-08-26 07:15:00,87.713333,20.009333,25.0,25.0,22.226466,355.936666,1430
2010-08-26 07:30:00,128.893333,20.5416,44.0,44.0,24.634733,468.434666,1430
2010-08-26 07:45:00,166.866666,20.98,64.0,64.0,27.123066,577.082466,1430
2010-08-26 08:00:00,204.846666,21.8816,85.0,85.0,30.204466,692.515066,1430
2010-08-26 08:15:00,239.706666,22.617866,102.0,102.0,33.8104,798.0906,1430
2010-08-26 08:30:00,269.953333,23.626333,121.0,121.0,37.658733,899.805733,1430
2010-08-26 08:45:00,282.173333,24.7008,136.0,136.0,42.6462,949.132333,1430
2010-08-26 09:00:00,284.94,25.6966,142.0,142.0,47.079133,969.960666,1430
2010-08-26 09:15:00,288.253333,26.681533,142.0,142.0,48.792466,984.125866,1430
2010-08-26 09:30:00,284.953333,27.5754,145.0,145.0,52.925466,987.335133,1430
2010-08-26 09:45:00,288.86,27.0104,144.0,144.0,52.660466,988.978133,1430
2010-08-26 10:00:00,289.613333,27.0862,146.0,146.0,52.572733,986.2874,1430
2010-08-26 10:15:00,287.733333,27.9506,146.0,146.0,53.2574,979.4464660000002,1430
2010-08-26 10:30:00,284.4,28.276333,143.0,143.0,52.5854,966.863133,1430
2010-08-26 10:45:00,283.466666,28.5526,144.0,144.0,51.438666,960.108466,1430
2010-08-26 11:00:00,282.626666,28.639666,142.0,142.0,51.637066,956.6548,1430
2010-08-26 11:15:00,278.98,28.691733,143.0,143.0,51.666733,942.4338,1430
2010-08-26 11:30:00,278.026666,28.705866,141.0,141.0,49.6646,934.936533,1430
2010-08-26 11:45:00,276.213333,29.563133,140.0,140.0,50.4954,924.631733,1430
2010-08-26 12:00:00,274.826666,28.887466,137.0,137.0,48.7094,919.708333,1430
2010-08-26 12:15:00,272.553333,29.041,138.0,138.0,49.585,902.313266,1430
2010-08-26 12:30:00,272.5,29.496666,137.0,137.0,50.183666,908.269266,1430
2010-08-26 12:45:00,273.006666,29.534466,138.0,138.0,49.917266,906.473666,1430
2010-08-26 13:00:00,273.346666,29.352866,137.0,137.0,49.8972,889.3736659999998,1430
2010-08-26 13:15:00,273.273333,29.7044,136.0,136.0,50.3646,904.4037330000002,1430
2010-08-26 13:30:00,273.806666,29.479266,137.0,137.0,50.502266,902.745533,1430
2010-08-26 13:45:00,273.08,29.359933,138.0,138.0,51.590066,905.003933,1430
2010-08-26 14:00:00,277.526666,30.020066,138.0,138.0,50.093133,911.188733,1430
2010-08-26 14:15:00,281.486666,30.140066,140.0,140.0,49.6558,921.8954,1430
2010-08-26 14:30:00,282.946666,30.3588,141.0,141.0,49.649666,928.512466,1430
2010-08-26 14:45:00,283.373333,30.138666,141.0,141.0,49.7088,933.9396,1430
2010-08-26 15:00:00,285.02,30.636133,143.0,143.0,50.5202,940.8009330000002,1430
2010-08-26 15:15:00,283.866666,30.688133,144.0,144.0,52.443133,947.672533,1430
2010-08-26 15:30:00,283.7,30.4396,143.0,143.0,52.6234,950.5564,1430
2010-08-26 15:45:00,284.22,30.456533,144.0,144.0,52.009066,941.162133,1430
2010-08-26 16:00:00,283.693333,30.3862,142.0,142.0,51.7088,931.834,1430
2010-08-26 16:15:00,281.053333,30.1904,143.0,143.0,50.2996,914.204933,1430
2010-08-26 16:30:00,275.073333,29.929333,142.0,142.0,50.109266,886.7949999999998,1430
2010-08-26 16:45:00,269.786666,29.827533,138.0,138.0,49.256466,845.2504659999998,1430
2010-08-26 17:00:00,257.24,29.658466,134.0,134.0,48.649933,824.9765999999998,1430
2010-08-26 17:15:00,251.666666,29.8184,131.0,131.0,49.3058,787.5416659999999,1430
2010-08-26 17:30:00,228.38,29.233333,124.0,124.0,45.817133,686.762466,1430
2010-08-26 17:45:00,194.713333,29.1664,114.0,114.0,43.587466,566.7926,1430
2010-08-26 18:00:00,158.606666,28.8232,97.0,97.0,40.3486,436.192733,1430
2010-08-26 18:15:00,77.433333,27.947466,74.0,74.0,32.612333,231.8776,1430
2010-08-26 18:30:00,84.486666,27.897866,43.0,43.0,31.38,234.130933,1430
2010-08-26 18:45:00,43.086666,27.461133,41.0,41.0,28.4828,122.7722,1430
2010-08-27 06:00:00,0.0,18.8316,0.0,0.0,15.498,1.597,1430
2010-08-27 06:15:00,0.0,18.935266,0.0,0.0,15.801466,7.136,1430
2010-08-27 06:30:00,0.0,19.537933,0.0,-1.0,17.263666,47.709133,1430
2010-08-27 06:45:00,0.0,19.5126,0.0,0.0,18.256333,123.067133,1430
2010-08-27 07:00:00,45.786666,20.091933,1.0,1.0,20.2238,219.029733,1430
2010-08-27 07:15:00,80.626666,20.958866,22.0,22.0,23.211666,331.578666,1430
2010-08-27 07:30:00,119.22,21.783266,41.0,41.0,26.5496,440.5262,1430
2010-08-27 07:45:00,156.193333,22.6746,60.0,60.0,29.4896,545.7102,1430
2010-08-27 08:00:00,193.033333,23.711,79.0,79.0,33.409333,659.607,1430
2010-08-27 08:15:00,226.346666,24.522866,97.0,97.0,37.7382,762.5682,1430
2010-08-27 08:30:00,254.76,25.6568,112.0,112.0,43.4726,862.513266,1430
2010-08-27 08:45:00,270.933333,26.321133,128.0,128.0,46.562066,919.881333,1430
2010-08-27 09:00:00,275.486666,26.749133,136.0,136.0,47.901,938.023866,1430
2010-08-27 09:15:00,279.293333,27.259066,138.0,138.0,48.841066,954.2492,1430
2010-08-27 09:30:00,280.866666,28.053733,140.0,140.0,51.239133,962.376933,1430
2010-08-27 09:45:00,279.253333,28.582466,141.0,141.0,53.078733,964.864133,1430
2010-08-27 10:00:00,277.24,29.658133,139.0,139.0,54.763533,957.84,1430
2010-08-27 10:15:00,278.986666,29.242733,140.0,140.0,52.381933,951.06,1430
2010-08-27 10:30:00,279.426666,29.3506,141.0,141.0,50.897866,945.032733,1430
2010-08-27 10:45:00,277.426666,29.666666,140.0,140.0,51.2004,936.401333,1430
2010-08-27 11:00:00,277.846666,29.046466,140.0,140.0,49.252,937.810333,1430
2010-08-27 11:15:00,289.573333,29.9002,139.0,139.0,51.533933,983.5968,1430
2010-08-27 11:30:00,281.986666,30.3858,145.0,145.0,52.615,939.936466,1430
2010-08-27 11:45:00,83.626666,28.184066,130.0,130.0,39.326733,275.807666,1430
2010-08-27 12:00:00,109.593333,28.0896,48.0,48.0,37.353533,348.561666,1430
2010-08-27 12:15:00,78.013333,27.490933,49.0,49.0,33.5224,243.825466,1430
2010-08-27 12:30:00,113.633333,28.019066,42.0,42.0,35.469133,346.191333,1430
2010-08-27 12:45:00,85.76,27.799066,55.0,55.0,35.1028,262.949666,1430
2010-08-27 13:00:00,110.32,27.7892,40.0,40.0,34.1376,338.6028,1430
2010-08-27 13:15:00,142.9,28.079266,57.0,57.0,36.5892,454.055733,1430
2010-08-27 13:30:00,129.346666,28.218733,75.0,75.0,39.855133,420.033866,1430
2010-08-27 13:45:00,238.313333,28.446466,63.0,63.0,40.665466,789.652466,1430
2010-08-27 14:00:00,197.473333,28.818133,121.0,121.0,45.015933,752.1362,1430
2010-08-27 14:15:00,150.84,28.133133,106.0,106.0,39.340466,517.4104,1430
2010-08-27 14:30:00,175.753333,28.210466,78.0,78.0,40.767666,620.717466,1430
2010-08-27 14:45:00,177.82,29.197533,87.0,87.0,43.569266,599.207533,1430
2010-08-27 15:00:00,286.546666,30.5324,103.0,103.0,54.4496,969.040066,1430
2010-08-27 15:15:00,148.126666,28.907666,145.0,145.0,47.0246,500.646066,1430
2010-08-27 15:30:00,97.753333,28.264733,66.0,66.0,37.689666,320.276933,1430
2010-08-27 15:45:00,221.16,28.843666,51.0,51.0,43.165066,758.962,1430
2010-08-27 16:00:00,278.42,29.7468,120.0,120.0,50.8422,920.903466,1430
2010-08-27 16:15:00,263.586666,29.5014,138.0,138.0,50.228866,875.671466,1430
2010-08-27 16:30:00,225.406666,29.512866,135.0,135.0,53.830266,729.593933,1430
2010-08-27 16:45:00,50.8,28.249733,102.0,102.0,38.223533,174.443466,1430
2010-08-27 17:00:00,70.766666,28.256066,26.0,26.0,33.9344,243.387933,1430
2010-08-27 17:15:00,71.653333,28.2462,39.0,39.0,35.397,234.797,1430
2010-08-27 17:30:00,45.746666,27.684933,33.0,33.0,31.946133,148.3358,1430
2010-08-27 17:45:00,81.166666,28.426066,22.0,22.0,33.200133,245.1324,1430
2010-08-27 18:00:00,59.373333,27.843133,43.0,43.0,34.168066,182.139066,1430
2010-08-27 18:15:00,12.606666,26.734266,28.0,28.0,28.100266,43.726466,1430
2010-08-27 18:30:00,12.22,26.664533,5.0,5.0,25.833133,42.7704,1430
2010-08-27 18:45:00,17.593333,26.201133,6.0,6.0,25.457333,58.624266,1430
2010-08-28 06:00:00,0.0,21.431733,0.0,0.0,17.9828,0.742533,1430
2010-08-28 06:15:00,0.0,20.902866,0.0,0.0,18.104133,5.533933,1430
2010-08-28 06:30:00,0.0,20.9206,0.0,0.0,18.1456,28.915466,1430
2010-08-28 06:45:00,0.0,20.593733,0.0,-1.0,18.5788,43.243266,1430
2010-08-28 07:00:00,0.0,20.930466,0.0,0.0,20.383666,63.202066,1430
2010-08-28 07:15:00,0.0,21.227333,0.0,0.0,21.243133,67.352333,1430
2010-08-28 07:30:00,0.0,21.292733,0.0,-1.0,21.6698,82.14319999999998,1430
2010-08-28 07:45:00,27.98,21.1818,0.0,0.0,22.185133,121.927866,1430
2010-08-28 08:00:00,127.093333,21.583533,16.0,16.0,25.9332,451.136333,1430
2010-08-28 08:15:00,221.62,23.159733,68.0,68.0,35.4306,749.827133,1430
2010-08-28 08:30:00,249.146666,24.3704,111.0,111.0,42.241,846.6186,1430
2010-08-28 08:45:00,271.793333,25.193733,125.0,125.0,46.7794,922.358266,1430
2010-08-28 09:00:00,283.386666,26.613066,136.0,136.0,50.828066,978.083266,1430
2010-08-28 09:15:00,279.126666,27.6312,141.0,141.0,54.195333,970.784533,1430
2010-08-28 09:30:00,268.62,28.199666,139.0,139.0,52.388066,918.691133,1430
2010-08-28 09:45:00,280.086666,27.123333,134.0,134.0,50.801866,953.7812,1430
2010-08-28 10:00:00,283.72,27.317866,141.0,141.0,50.5846,959.538733,1430
2010-08-28 10:15:00,284.246666,28.0822,142.0,142.0,50.648733,954.717066,1430
2010-08-28 10:30:00,283.32,28.064,143.0,143.0,50.0304,946.7926,1430
2010-08-28 10:45:00,281.993333,27.753466,140.0,140.0,48.9418,939.2648,1430
2010-08-28 11:00:00,281.06,28.098466,141.0,141.0,48.846733,932.953,1430
2010-08-28 11:15:00,249.286666,28.1264,141.0,141.0,48.026066,793.6045329999998,1430
2010-08-28 11:30:00,247.973333,27.942066,122.0,122.0,45.6106,815.5617999999998,1430
2010-08-28 11:45:00,283.9,28.186533,126.0,126.0,47.847733,906.738133,1430
2010-08-28 12:00:00,263.213333,28.3236,141.0,141.0,47.8422,876.0478,1430
2010-08-28 12:15:00,272.726666,28.526333,132.0,132.0,48.3976,883.555066,1430
2010-08-28 12:30:00,228.726666,28.7554,137.0,137.0,48.380266,769.8973999999998,1430
2010-08-28 12:45:00,81.453333,27.07,111.0,111.0,35.414933,265.2334,1430
2010-08-28 13:00:00,168.353333,27.825,40.0,40.0,38.2876,728.902133,1430
2010-08-28 13:15:00,293.433333,29.044666,102.0,102.0,47.1012,946.823133,1430
2010-08-28 13:30:00,262.973333,29.170066,140.0,140.0,47.156,901.468866,1430
2010-08-28 13:45:00,314.146666,30.139133,132.0,132.0,52.522133,1064.4886,1430
2010-08-28 14:00:00,244.073333,29.7872,155.0,155.0,49.962133,864.6901329999998,1430
2010-08-28 14:15:00,154.746666,28.640266,124.0,124.0,40.538133,504.6794,1430
2010-08-28 14:30:00,145.713333,28.8154,80.0,80.0,41.3692,519.541266,1430
2010-08-28 14:45:00,89.406666,28.195666,74.0,74.0,34.861466,303.487066,1430
2010-08-28 15:00:00,72.826666,27.957266,47.0,47.0,32.739,238.601733,1430
2010-08-28 15:15:00,48.906666,27.820133,36.0,36.0,30.951133,165.608666,1430
2010-08-28 15:30:00,35.793333,27.483866,23.0,23.0,29.464266,124.0744,1430
2010-08-28 15:45:00,30.446666,27.3714,17.0,17.0,28.868333,107.5032,1430
2010-08-28 16:00:00,56.28,27.4526,15.0,15.0,30.0304,198.3236,1430
2010-08-28 16:15:00,33.766666,27.287333,29.0,29.0,29.1366,116.45,1430
2010-08-28 16:30:00,37.08,27.275733,17.0,17.0,28.984666,127.029266,1430
2010-08-28 16:45:00,31.706666,27.575933,18.0,18.0,29.355333,108.0882,1430
2010-08-28 17:00:00,101.846666,28.023133,16.0,16.0,32.663,330.164533,1430
2010-08-28 17:15:00,157.713333,28.417266,55.0,55.0,41.7106,475.6978,1430
2010-08-28 17:30:00,30.14,26.407733,72.0,72.0,31.252533,97.925733,1430
2010-08-28 17:45:00,26.546666,25.928,15.0,15.0,27.010133,86.176533,1430
2010-08-28 18:00:00,17.673333,25.866133,12.0,12.0,26.192266,60.3942,1430
2010-08-28 18:15:00,11.48,25.498933,9.0,9.0,25.288733,40.634133,1430
2010-08-28 18:30:00,8.266666,25.145066,5.0,5.0,24.507666,30.8024,1430
2010-08-28 18:45:00,14.32,25.160133,3.0,3.0,24.426266,51.879933,1430
2010-08-29 06:00:00,0.0,16.5914,0.0,0.0,14.479,1.658,1430
2010-08-29 06:15:00,0.0,16.102533,0.0,-1.0,13.282333,6.78,1430
2010-08-29 06:30:00,0.0,15.434066,0.0,0.0,12.9258,44.698133,1430
2010-08-29 06:45:00,1.093333,15.8068,0.0,0.0,13.943133,89.7116,1430
2010-08-29 07:00:00,43.353333,17.189266,2.0,2.0,16.759666,217.097,1430
2010-08-29 07:15:00,83.626666,18.312133,21.0,21.0,20.786733,344.126466,1430
2010-08-29 07:30:00,122.306666,19.109266,42.0,42.0,24.202133,457.5298,1430
2010-08-29 07:45:00,172.54,19.692066,62.0,62.0,27.9898,606.3384,1430
2010-08-29 08:00:00,198.24,21.0538,88.0,88.0,31.432466,670.786466,1430
2010-08-29 08:15:00,236.933333,21.7256,97.0,97.0,33.361333,786.804266,1430
2010-08-29 08:30:00,267.426666,22.398666,121.0,121.0,37.967066,881.0578,1430
2010-08-29 08:45:00,291.306666,22.924933,132.0,132.0,42.139133,985.641533,1430
2010-08-29 09:00:00,297.973333,23.6456,145.0,145.0,45.933866,1010.686133,1430
2010-08-29 09:15:00,303.273333,24.847933,150.0,150.0,49.774,1034.647533,1430
2010-08-29 09:30:00,292.366666,24.684333,151.0,151.0,51.543133,1015.268933,1430
2010-08-29 09:45:00,267.893333,24.4588,148.0,148.0,47.929066,971.557666,1430
2010-08-29 10:00:00,302.366666,24.929933,140.0,140.0,49.760333,1054.4942,1430
2010-08-29 10:15:00,277.653333,25.532466,151.0,151.0,48.1968,983.6628,1430
2010-08-29 10:30:00,219.64,25.574466,143.0,143.0,45.5486,777.3386,1430
2010-08-29 10:45:00,216.586666,25.5602,112.0,112.0,42.523466,817.301333,1430
2010-08-29 11:00:00,139.08,24.8758,120.0,120.0,36.86,440.4908,1430
2010-08-29 11:15:00,248.6,24.799333,72.0,72.0,38.422533,825.408933,1430
2010-08-29 11:30:00,284.933333,26.614133,129.0,129.0,46.820866,945.856666,1430
2010-08-29 11:45:00,278.886666,26.3544,143.0,143.0,45.691466,922.810866,1430
2010-08-29 12:00:00,275.16,26.2348,140.0,140.0,48.188266,910.822666,1430
2010-08-29 12:15:00,274.873333,26.613466,138.0,138.0,45.432866,904.469866,1430
2010-08-29 12:30:00,258.673333,26.635866,139.0,139.0,43.922066,884.7453329999998,1430
2010-08-29 12:45:00,282.406666,27.118266,128.0,128.0,44.128066,923.2838660000002,1430
2010-08-29 13:00:00,290.653333,27.4296,142.0,142.0,46.983866,958.567333,1430
2010-08-29 13:15:00,282.753333,28.063466,147.0,147.0,49.012666,935.9792,1430
2010-08-29 13:30:00,298.2,27.8824,143.0,143.0,49.155666,984.5834,1430
2010-08-29 13:45:00,306.826666,28.346666,151.0,151.0,49.793533,1035.878533,1430
2010-08-29 14:00:00,321.953333,28.168,157.0,157.0,48.497933,1106.363933,1430
2010-08-29 14:15:00,152.1,27.282066,156.0,156.0,40.2158,588.073666,1430
2010-08-29 14:30:00,210.626666,27.914266,83.0,83.0,42.875933,714.762533,1430
2010-08-29 14:45:00,127.013333,27.571933,104.0,104.0,36.990266,445.373533,1430
2010-08-29 15:00:00,119.126666,27.650933,62.0,62.0,37.638733,429.295733,1430
2010-08-29 15:15:00,158.453333,27.877866,62.0,62.0,36.512333,516.647466,1430
2010-08-29 15:30:00,175.433333,28.767533,70.0,70.0,41.1844,598.500533,1430
2010-08-29 15:45:00,161.513333,28.694,91.0,91.0,41.296066,539.825466,1430
2010-08-29 16:00:00,116.686666,28.565666,76.0,76.0,36.035066,411.3922,1430
2010-08-29 16:15:00,71.206666,27.629266,60.0,60.0,32.207733,230.428066,1430
2010-08-29 16:30:00,68.713333,27.1926,36.0,36.0,30.735533,220.708133,1430
2010-08-29 16:45:00,240.853333,27.677,34.0,34.0,37.046466,796.783666,1430
2010-08-29 17:00:00,241.386666,28.763,120.0,120.0,44.137733,803.9244,1430
2010-08-29 17:15:00,106.033333,27.487866,129.0,129.0,36.598933,310.592666,1430
2010-08-29 17:30:00,29.566666,26.379866,46.0,46.0,27.9956,96.6644,1430
2010-08-29 17:45:00,12.906666,25.6526,14.0,14.0,25.9016,45.1762,1430
2010-08-29 18:00:00,37.906666,23.892733,5.0,5.0,23.748533,112.3148,1430
2010-08-29 18:15:00,65.886666,23.250133,22.0,22.0,23.9946,197.311333,1430
2010-08-29 18:30:00,18.746666,23.537466,30.0,30.0,23.736866,62.286466,1430
2010-08-29 18:45:00,16.96,23.3302,8.0,8.0,22.8144,56.1472,1430
2010-08-03 06:00:00,1.886666,15.923533,0.0,0.0,15.519733,137.293533,1430
2010-08-03 06:15:00,48.006666,16.307933,2.0,2.0,17.489866,228.836133,1430
2010-08-03 06:30:00,81.906666,16.935133,23.0,23.0,20.1448,325.0224,1430
2010-08-03 06:45:00,119.78,17.8716,41.0,41.0,23.618933,429.4128,1430
2010-08-03 07:00:00,145.793333,18.381933,60.0,60.0,26.2096,473.693733,1430
2010-08-03 07:15:00,62.48,17.755133,66.0,66.0,21.8128,179.387466,1430
2010-08-03 07:30:00,62.073333,17.488,27.0,27.0,20.723466,250.600333,1430
2010-08-03 07:45:00,250.9,19.313,42.0,42.0,32.407466,825.973466,1430
2010-08-03 08:00:00,274.3,20.889866,125.0,125.0,42.728,924.570733,1430
2010-08-03 08:15:00,281.313333,20.7742,136.0,136.0,44.703733,952.3824,1430
2010-08-03 08:30:00,286.293333,22.1764,141.0,141.0,49.019733,977.752666,1430
2010-08-03 08:45:00,307.213333,22.5804,142.0,142.0,52.0796,1077.153333,1430
2010-08-03 09:00:00,305.2,22.940466,154.0,154.0,53.7464,1077.0924,1430
2010-08-03 09:15:00,305.606666,22.137333,153.0,153.0,50.3682,1070.927933,1430
2010-08-03 09:30:00,306.733333,22.494266,154.0,154.0,48.323,1044.921733,1430
2010-08-03 09:45:00,310.533333,22.903533,155.0,155.0,49.191066,1057.1492,1430
2010-08-03 10:00:00,301.786666,23.337133,154.0,154.0,50.198733,1019.633066,1430
2010-08-03 10:15:00,290.966666,23.287666,151.0,151.0,47.401066,975.8504,1430
2010-08-03 10:30:00,289.94,23.363733,146.0,146.0,46.775133,971.7966,1430
2010-08-03 10:45:00,290.653333,23.531666,147.0,147.0,45.691933,973.8006,1430
2010-08-03 11:00:00,248.433333,24.0968,147.0,147.0,47.9656,825.927866,1430
2010-08-03 11:15:00,228.1,24.340733,121.0,121.0,42.324933,780.599,1430
2010-08-03 11:30:00,269.866666,24.8716,119.0,119.0,46.215933,875.9815999999998,1430
2010-08-03 11:45:00,257.813333,25.2264,136.0,136.0,50.481466,863.098066,1430
2010-08-03 12:00:00,231.086666,25.351133,123.0,123.0,44.258,801.396666,1430
2010-08-03 12:15:00,311.32,26.255066,126.0,126.0,50.490333,1054.209466,1430
2010-08-03 12:30:00,167.346666,25.245933,157.0,157.0,42.6508,506.774933,1430
2010-08-03 12:45:00,226.326666,25.755933,75.0,75.0,41.7386,708.587666,1430
2010-08-03 13:00:00,66.953333,24.526066,105.0,105.0,33.8512,205.123933,1430
2010-08-03 13:15:00,61.486666,24.609866,33.0,33.0,30.2962,190.1498,1430
2010-08-03 13:30:00,63.353333,24.774,30.0,30.0,29.140666,195.6126,1430
2010-08-03 13:45:00,75.36,24.6528,32.0,32.0,29.429466,233.428866,1430
2010-08-03 14:00:00,128.966666,24.750466,37.0,37.0,31.956266,406.875666,1430
2010-08-03 14:15:00,268.493333,26.115,68.0,68.0,44.14,892.013466,1430
2010-08-03 14:30:00,233.78,26.8428,141.0,141.0,49.4416,816.131466,1430
2010-08-03 14:45:00,182.426666,26.0626,118.0,118.0,44.007133,584.172533,1430
2010-08-03 15:00:00,159.493333,25.926266,90.0,90.0,39.409266,491.058333,1430
2010-08-03 15:15:00,256.48,26.5768,76.0,76.0,45.469933,857.7779329999998,1430
2010-08-03 15:30:00,264.893333,27.2458,122.0,122.0,51.649933,1006.698666,1430
2010-08-03 15:45:00,106.833333,26.39,135.0,135.0,39.532266,407.689333,1430
2010-08-03 16:00:00,267.62,27.295333,62.0,62.0,42.657866,823.4761999999998,1430
2010-08-03 16:15:00,26.626666,24.800533,126.0,126.0,30.928866,95.784466,1430
2010-08-03 16:30:00,19.946666,24.009,12.0,12.0,25.364266,71.004266,1430
2010-08-03 16:45:00,5.406666,23.905333,9.0,9.0,23.982533,22.6898,1430
2010-08-03 17:00:00,4.98,23.2232,2.0,2.0,23.124133,21.0012,1430
2010-08-03 17:15:00,14.166666,21.947133,2.0,2.0,22.511866,51.096666,1430
2010-08-03 17:30:00,17.406666,20.300133,7.0,7.0,21.378933,61.203,1430
2010-08-03 17:45:00,28.486666,20.4804,8.0,8.0,21.478533,94.747,1430
2010-08-03 18:00:00,87.686666,21.010533,15.0,15.0,23.641266,259.602933,1430
2010-08-03 18:15:00,144.213333,22.016133,47.0,47.0,27.841333,406.265266,1430
2010-08-03 18:30:00,115.38,22.198866,75.0,75.0,27.536866,316.955533,1430
2010-08-03 18:45:00,75.28,22.298066,57.0,57.0,25.861333,205.398466,1430
2010-08-31 06:00:00,0.0,10.944133,0.0,0.0,8.294466,2.853466,1430
2010-08-31 06:15:00,0.0,10.4956,0.0,0.0,8.026066,6.49,1430
2010-08-31 06:30:00,0.0,10.2016,0.0,-1.0,8.686066,44.403066,1430
2010-08-31 06:45:00,15.826666,11.575866,0.0,0.0,10.746533,124.415,1430
2010-08-31 07:00:00,45.96,13.7178,8.0,8.0,14.0742,218.861866,1430
2010-08-31 07:15:00,85.73999999999998,14.4304,23.0,23.0,18.804933,339.7878,1430
2010-08-31 07:30:00,115.24,15.194866,42.0,42.0,23.358,426.895133,1430
2010-08-31 07:45:00,153.813333,15.6326,57.0,57.0,26.959133,543.919933,1430
2010-08-31 08:00:00,185.76,15.876666,78.0,78.0,30.769866,640.752133,1430
2010-08-31 08:15:00,234.673333,16.737133,94.0,94.0,35.7598,796.564733,1430
2010-08-31 08:30:00,253.086666,16.4642,117.0,117.0,37.856533,861.318066,1430
2010-08-31 08:45:00,270.6,17.619066,126.0,126.0,41.296,910.4918,1430
2010-08-31 09:00:00,289.986666,18.395533,136.0,136.0,42.946666,979.1972,1430
2010-08-31 09:15:00,312.82,18.184,146.0,146.0,45.492266,1046.244333,1430
2010-08-31 09:30:00,244.753333,17.092933,156.0,156.0,42.0112,854.949866,1430
2010-08-31 09:45:00,251.2,18.951666,119.0,119.0,42.9636,865.8092,1430
2010-08-31 10:00:00,128.1,17.299933,127.0,127.0,34.149133,531.3568,1430
2010-08-31 10:15:00,215.26,17.456066,60.0,60.0,31.052,710.576333,1430
2010-08-31 10:30:00,257.72,18.598,113.0,113.0,38.070466,778.6254,1430
2010-08-31 10:45:00,295.173333,18.139666,121.0,121.0,42.081466,976.109866,1430
2010-08-31 11:00:00,291.12,18.057333,148.0,148.0,41.001,978.535933,1430
2010-08-31 11:15:00,160.133333,17.941133,145.0,145.0,34.1256,512.588333,1430
2010-08-31 11:30:00,134.166666,17.293133,69.0,69.0,28.46,444.2596,1430
2010-08-31 11:45:00,141.106666,17.5606,65.0,65.0,28.6598,429.229666,1430
2010-08-31 12:00:00,169.346666,18.495666,72.0,72.0,31.4308,621.444733,1430
2010-08-31 12:15:00,227.593333,19.203533,91.0,91.0,34.781333,714.686133,1430
2010-08-31 12:30:00,129.506666,19.228266,110.0,110.0,34.002733,437.581466,1430
2010-08-31 12:45:00,172.94,19.3908,66.0,66.0,33.420066,600.189133,1430
2010-08-31 13:00:00,103.873333,18.888266,94.0,94.0,28.865,314.7686,1430
2010-08-31 13:15:00,170.653333,19.544,49.0,49.0,30.7918,508.5398,1430
2010-08-31 13:30:00,143.253333,19.857066,87.0,87.0,31.6424,449.539,1430
2010-08-31 13:45:00,210.013333,20.282133,69.0,69.0,31.829133,630.986533,1430
2010-08-31 14:00:00,156.4,20.3832,95.0,95.0,32.971866,428.304,1430
2010-08-31 14:15:00,107.153333,20.280533,66.0,66.0,28.354933,336.832666,1430
2010-08-31 14:30:00,118.1,20.513266,57.0,57.0,30.2886,369.532266,1430
2010-08-31 14:45:00,71.3,20.4272,55.0,55.0,26.900866,227.223666,1430
2010-08-31 15:00:00,66.126666,20.959066,36.0,36.0,25.454333,214.4522,1430
2010-08-31 15:15:00,52.113333,20.7804,33.0,33.0,25.238,173.2584,1430
2010-08-31 15:30:00,63.98,20.730866,25.0,25.0,24.173533,201.446533,1430
2010-08-31 15:45:00,134.826666,21.4634,33.0,33.0,31.403133,425.094533,1430
2010-08-31 16:00:00,56.52,21.160133,65.0,65.0,25.949866,188.0036,1430
2010-08-31 16:15:00,68.726666,21.358866,27.0,27.0,25.189866,228.2716,1430
2010-08-31 16:30:00,141.833333,21.7836,31.0,31.0,29.175466,447.9982,1430
2010-08-31 16:45:00,46.653333,21.2464,67.0,67.0,28.078533,155.4056,1430
2010-08-31 17:00:00,71.1,21.0292,22.0,22.0,24.7292,195.282066,1430
2010-08-31 17:15:00,74.72,21.2062,33.0,33.0,27.161866,231.2622,1430
2010-08-31 17:30:00,32.166666,20.552466,34.0,34.0,22.738866,107.6456,1430
2010-08-31 17:45:00,35.733333,20.624,16.0,16.0,22.037866,112.5336,1430
2010-08-31 18:00:00,29.646666,20.381733,17.0,17.0,21.924933,96.3492,1430
2010-08-31 18:15:00,26.013333,20.248333,14.0,14.0,21.019733,86.5376,1430
2010-08-31 18:30:00,53.72,20.3328,14.0,14.0,22.203466,157.084133,1430
2010-08-31 18:45:00,33.093333,20.1002,28.0,28.0,21.672,105.163666,1430
2010-08-04 06:00:00,0.0,13.637733,0.0,-1.0,12.443866,31.595933,1430
2010-08-04 06:15:00,0.0,14.0822,0.0,0.0,13.3184,57.7902,1430
2010-08-04 06:30:00,43.473333,15.496933,0.0,0.0,16.564533,230.311,1430
2010-08-04 06:45:00,112.666666,16.536333,24.0,24.0,22.692,410.7412,1430
2010-08-04 07:00:00,125.22,17.310866,57.0,57.0,28.6842,420.817066,1430
2010-08-04 07:15:00,138.34,17.685333,61.0,61.0,28.908333,483.0628,1430
2010-08-04 07:30:00,185.306666,19.231733,76.0,76.0,35.964666,634.272333,1430
2010-08-04 07:45:00,150.253333,19.906133,91.0,91.0,35.154333,501.927733,1430
2010-08-04 08:00:00,114.966666,19.936333,75.0,75.0,29.908733,397.1354,1430
2010-08-04 08:15:00,282.826666,22.131933,64.0,64.0,41.6326,887.568133,1430
2010-08-04 08:30:00,209.253333,21.571,130.0,130.0,41.554066,682.306933,1430
2010-08-04 08:45:00,121.886666,20.980933,100.0,100.0,34.9316,392.608666,1430
2010-08-04 09:00:00,113.373333,20.487333,57.0,57.0,31.177466,362.899733,1430
2010-08-04 09:15:00,276.366666,21.2588,61.0,61.0,38.305733,888.529533,1430
2010-08-04 09:30:00,304.04,21.6294,136.0,136.0,47.1036,1009.846866,1430
2010-08-04 09:45:00,302.806666,22.294866,152.0,152.0,48.489733,1010.3606,1430
2010-08-04 10:00:00,310.6,22.938066,151.0,151.0,49.777333,1044.5506,1430
2010-08-04 10:15:00,297.186666,23.148533,155.0,155.0,49.486866,985.941466,1430
2010-08-04 10:30:00,284.913333,23.101533,146.0,146.0,49.227266,969.655333,1430
2010-08-04 10:45:00,291.053333,23.753933,146.0,146.0,50.574666,974.197333,1430
2010-08-04 11:00:00,289.826666,23.4608,146.0,146.0,50.350933,968.770266,1430
2010-08-04 11:15:00,285.073333,23.602666,146.0,146.0,48.516133,945.698866,1430
2010-08-04 11:30:00,287.373333,23.9776,143.0,143.0,47.773866,953.2266,1430
2010-08-04 11:45:00,275.18,23.96,144.0,144.0,47.810933,900.919466,1430
2010-08-04 12:00:00,285.36,24.8868,138.0,138.0,48.572333,940.7756,1430
2010-08-04 12:15:00,286.753333,24.985133,141.0,141.0,49.519066,948.562533,1430
2010-08-04 12:30:00,288.106666,25.392066,144.0,144.0,50.005666,955.429133,1430
2010-08-04 12:45:00,294.873333,25.796533,145.0,145.0,51.029466,954.427133,1430
2010-08-04 13:00:00,115.866666,24.664533,146.0,146.0,40.759066,334.508133,1430
2010-08-04 13:15:00,298.573333,25.240466,50.0,50.0,44.229533,992.609666,1430
2010-08-04 13:30:00,304.733333,26.1672,154.0,154.0,51.3072,1000.2392,1430
2010-08-04 13:45:00,279.946666,26.266733,153.0,153.0,51.5962,930.058866,1430
2010-08-04 14:00:00,175.32,25.732333,140.0,140.0,45.8506,556.386333,1430
2010-08-04 14:15:00,71.24,25.103066,85.0,85.0,33.714133,228.754666,1430
2010-08-04 14:30:00,44.846666,24.884466,34.0,34.0,30.133466,151.647,1430
2010-08-04 14:45:00,41.493333,25.0392,21.0,21.0,28.719733,141.164133,1430
2010-08-04 15:00:00,57.5,25.237466,21.0,21.0,29.419333,188.212066,1430
2010-08-04 15:15:00,54.613333,25.4068,29.0,29.0,29.0136,178.9042,1430
2010-08-04 15:30:00,54.213333,25.109466,26.0,26.0,28.7564,181.396533,1430
2010-08-04 15:45:00,121.82,24.856266,28.0,28.0,30.2746,392.028866,1430
2010-08-04 16:00:00,158.82,23.771666,64.0,64.0,31.683733,487.620066,1430
2010-08-04 16:15:00,145.973333,23.063,78.0,78.0,31.235933,450.2106,1430
2010-08-04 16:30:00,112.573333,22.598533,72.0,72.0,29.3534,353.429133,1430
2010-08-04 16:45:00,80.97333299999998,21.827733,55.0,55.0,25.511733,251.6378,1430
2010-08-04 17:00:00,55.573333,21.0924,40.0,40.0,24.045933,190.104266,1430
2010-08-04 17:15:00,84.046666,21.398333,28.0,28.0,26.9588,281.422733,1430
2010-08-04 17:30:00,28.006666,20.725866,41.0,41.0,23.772,96.989933,1430
2010-08-04 17:45:00,17.413333,20.049533,13.0,13.0,22.0538,60.968933,1430
2010-08-04 18:00:00,19.206666,19.185266,8.0,8.0,20.3574,62.917066,1430
2010-08-04 18:15:00,21.806666,18.915533,9.0,9.0,19.850866,69.803866,1430
2010-08-04 18:30:00,20.933333,18.2994,10.0,10.0,18.6468,65.714466,1430
2010-08-04 18:45:00,22.06,17.78,11.0,11.0,18.134666,68.044,1430
2010-08-05 06:00:00,0.0,13.9398,0.0,0.0,13.286333,43.706266,1430
2010-08-05 06:15:00,37.086666,15.222066,0.0,0.0,16.407333,227.910466,1430
2010-08-05 06:30:00,27.146666,15.290733,19.0,19.0,16.537333,100.738666,1430
2010-08-05 06:45:00,41.84,14.770933,13.0,13.0,15.843866,154.805533,1430
2010-08-05 07:00:00,90.566666,16.127866,22.0,22.0,19.718933,305.979466,1430
2010-08-05 07:15:00,187.673333,17.1684,46.0,46.0,26.943,623.468866,1430
2010-08-05 07:30:00,223.433333,17.3626,93.0,93.0,30.742133,739.1204659999999,1430
2010-08-05 07:45:00,251.933333,18.0242,112.0,112.0,35.548533,833.6028,1430
2010-08-05 08:00:00,270.953333,18.5332,126.0,126.0,40.322266,906.071933,1430
2010-08-05 08:15:00,278.2,18.7402,136.0,136.0,41.6274,934.534733,1430
2010-08-05 08:30:00,284.426666,19.285066,140.0,140.0,41.6736,957.707733,1430
2010-08-05 08:45:00,290.733333,19.211333,141.0,141.0,41.019466,975.367266,1430
2010-08-05 09:00:00,292.54,19.5172,145.0,145.0,42.5794,979.919333,1430
2010-08-05 09:15:00,295.146666,19.613066,146.0,146.0,43.209133,986.460466,1430
2010-08-05 09:30:00,297.06,19.714666,148.0,148.0,42.028,986.6892,1430
2010-08-05 09:45:00,295.906666,20.151866,149.0,149.0,44.188066,985.255,1430
2010-08-05 10:00:00,298.053333,21.3842,149.0,149.0,42.829866,981.8878,1430
2010-08-05 10:15:00,298.493333,21.3772,148.0,148.0,41.816866,978.017,1430
2010-08-05 10:30:00,297.84,22.057866,150.0,150.0,41.2356,972.997066,1430
2010-08-05 10:45:00,296.54,22.287133,149.0,149.0,40.280866,967.412266,1430
2010-08-05 11:00:00,294.813333,22.319933,149.0,149.0,40.407733,962.7787330000002,1430
2010-08-05 11:15:00,279.14,22.807333,147.0,147.0,41.8422,928.146466,1430
2010-08-05 11:30:00,290.22,23.079466,140.0,140.0,44.239666,950.063066,1430
2010-08-05 11:45:00,288.286666,23.220733,145.0,145.0,45.283533,945.022666,1430
2010-08-05 12:00:00,286.486666,23.619,144.0,144.0,47.232866,939.3972,1430
2010-08-05 12:15:00,286.4,23.769733,144.0,144.0,46.542333,939.178466,1430
2010-08-05 12:30:00,290.426666,24.591266,143.0,143.0,49.7234,967.987066,1430
2010-08-05 12:45:00,143.433333,23.795466,146.0,146.0,42.0086,456.059733,1430
2010-08-05 13:00:00,131.586666,24.046266,65.0,65.0,34.856,397.7356,1430
2010-08-05 13:15:00,175.2,23.7948,65.0,65.0,37.763333,538.782733,1430
2010-08-05 13:30:00,121.766666,23.8496,95.0,95.0,35.9964,379.3284,1430
2010-08-05 13:45:00,187.34,24.429733,61.0,61.0,37.955333,647.4406,1430
2010-08-05 14:00:00,142.646666,24.8968,95.0,95.0,41.998866,482.9916,1430
2010-08-05 14:15:00,105.273333,24.0332,69.0,69.0,36.2684,325.2106,1430
2010-08-05 14:30:00,35.186666,23.4966,46.0,46.0,29.413866,119.4764,1430
2010-08-05 14:45:00,36.68,23.315333,16.0,16.0,27.160933,125.9868,1430
2010-08-05 15:00:00,50.6,23.281066,19.0,19.0,27.692466,168.980933,1430
2010-08-05 15:15:00,78.753333,23.632066,25.0,25.0,28.092466,252.522866,1430
2010-08-05 15:30:00,164.906666,24.963,41.0,41.0,36.5262,604.100533,1430
2010-08-05 15:45:00,310.306666,27.6876,89.0,89.0,51.001666,1075.444466,1430
2010-08-05 16:00:00,260.753333,26.145733,157.0,157.0,55.0156,874.9593999999998,1430
2010-08-05 16:15:00,114.126666,25.266666,128.0,128.0,45.183066,388.549866,1430
2010-08-05 16:30:00,57.333333,24.235333,50.0,50.0,34.3488,187.3524,1430
2010-08-05 16:45:00,52.506666,24.342,28.0,28.0,30.434,176.941066,1430
2010-08-05 17:00:00,49.166666,24.4392,25.0,25.0,29.0976,167.424466,1430
2010-08-05 17:15:00,44.573333,24.2026,24.0,24.0,28.3888,145.324666,1430
2010-08-05 17:30:00,30.806666,24.101333,22.0,22.0,26.864,102.091333,1430
2010-08-05 17:45:00,16.386666,23.736866,14.0,14.0,25.2962,55.2012,1430
2010-08-05 18:00:00,3.253333,22.952733,7.0,7.0,23.2068,15.3504,1430
2010-08-05 18:15:00,0.406666,22.385666,1.0,1.0,22.058333,7.461465999999999,1430
2010-08-05 18:30:00,0.0,20.839066,0.0,-1.0,20.7814,9.740333,1430
2010-08-05 18:45:00,0.0,19.086533,0.0,0.0,19.236866,6.6834,1430
2010-08-06 06:00:00,0.0,14.106733,0.0,0.0,12.6026,27.593066,1430
2010-08-06 06:15:00,0.0,15.116866,0.0,0.0,14.786733,92.742933,1430
2010-08-06 06:30:00,67.926666,16.381,0.0,0.0,19.466333,321.014333,1430
2010-08-06 06:45:00,115.46,17.325333,36.0,36.0,23.4334,421.229066,1430
2010-08-06 07:00:00,153.44,17.5108,58.0,58.0,27.306,528.981533,1430
2010-08-06 07:15:00,185.066666,19.424266,76.0,76.0,34.133866,625.824066,1430
2010-08-06 07:30:00,214.66,20.1198,93.0,93.0,39.071333,725.5402659999999,1430
2010-08-06 07:45:00,246.56,20.141533,107.0,107.0,42.500466,831.563266,1430
2010-08-06 08:00:00,266.9,21.7512,124.0,124.0,46.889466,903.447466,1430
2010-08-06 08:15:00,275.153333,22.257066,132.0,132.0,48.3532,933.903933,1430
2010-08-06 08:30:00,279.726666,22.196066,137.0,137.0,49.925066,952.585866,1430
2010-08-06 08:45:00,283.693333,22.584333,140.0,140.0,50.683266,967.605666,1430
2010-08-06 09:00:00,288.186666,22.1106,142.0,142.0,48.4948,977.9562,1430
2010-08-06 09:15:00,290.733333,23.824466,145.0,145.0,50.838866,982.569333,1430
2010-08-06 09:30:00,291.226666,24.349466,144.0,144.0,51.849733,982.208133,1430
2010-08-06 09:45:00,291.46,24.538066,146.0,146.0,50.571466,979.792266,1430
2010-08-06 10:00:00,289.806666,23.862933,146.0,146.0,51.115666,976.206333,1430
2010-08-06 10:15:00,289.366666,24.447533,146.0,146.0,50.957666,972.941066,1430
2010-08-06 10:30:00,287.653333,24.996733,145.0,145.0,51.832333,967.8856,1430
2010-08-06 10:45:00,287.413333,25.360333,144.0,144.0,51.409333,963.368733,1430
2010-08-06 11:00:00,285.786666,25.0706,142.0,142.0,49.489466,955.998666,1430
2010-08-06 11:15:00,285.173333,25.240333,143.0,143.0,48.435466,952.753733,1430
2010-08-06 11:30:00,284.386666,26.168733,143.0,143.0,50.9386,949.025533,1430
2010-08-06 11:45:00,275.086666,26.327666,143.0,143.0,51.412866,926.701866,1430
2010-08-06 12:00:00,293.94,26.356333,141.0,141.0,50.7232,1014.714666,1430
2010-08-06 12:15:00,301.693333,26.954133,148.0,148.0,52.630266,994.1508,1430
2010-08-06 12:30:00,264.606666,26.760866,150.0,150.0,50.6548,811.8998659999999,1430
2010-08-06 12:45:00,186.893333,26.263666,120.0,120.0,45.773533,667.597333,1430
2010-08-06 13:00:00,94.873333,25.588666,93.0,93.0,37.746066,292.892533,1430
2010-08-06 13:15:00,52.42,24.912933,44.0,44.0,30.8194,165.959666,1430
2010-08-06 13:30:00,70.893333,24.876266,26.0,26.0,29.341266,258.489,1430
2010-08-06 13:45:00,288.833333,27.260866,44.0,44.0,45.615133,982.930466,1430
2010-08-06 14:00:00,260.853333,27.1422,147.0,147.0,49.991333,838.7146,1430
2010-08-06 14:15:00,249.56,27.180066,133.0,133.0,51.3274,885.884666,1430
2010-08-06 14:30:00,120.526666,26.756933,125.0,125.0,43.011733,360.656733,1430
2010-08-06 14:45:00,271.66,26.856866,55.0,55.0,45.5486,887.38,1430
2010-08-06 15:00:00,78.00666599999998,26.701,132.0,132.0,44.630866,314.982066,1430
2010-08-06 15:15:00,8.913332999999998,20.348466,34.0,34.0,21.8578,33.548933,1430
2010-08-06 15:30:00,21.966666,16.376066,4.0,4.0,15.588066,77.519733,1430
2010-08-06 15:45:00,136.846666,18.0124,11.0,11.0,22.0792,433.725933,1430
2010-08-06 16:00:00,127.34,19.257133,71.0,71.0,26.925133,398.091466,1430
2010-08-06 16:15:00,142.746666,19.5484,65.0,65.0,29.653533,385.960866,1430
2010-08-06 16:30:00,97.273333,19.995666,59.0,59.0,27.4946,350.377466,1430
2010-08-06 16:45:00,236.2,22.157666,55.0,55.0,39.561333,734.8225999999999,1430
2010-08-06 17:00:00,280.133333,23.351666,118.0,118.0,45.979533,884.5875999999998,1430
2010-08-06 17:15:00,268.973333,24.596733,140.0,140.0,47.534533,844.3907329999998,1430
2010-08-06 17:30:00,237.313333,25.629266,135.0,135.0,47.397666,711.690266,1430
2010-08-06 17:45:00,197.366666,25.6316,117.0,117.0,45.503666,566.92,1430
2010-08-06 18:00:00,160.133333,24.028866,98.0,98.0,40.663533,444.676733,1430
2010-08-06 18:15:00,127.393333,23.403133,80.0,80.0,35.051666,345.4996,1430
2010-08-06 18:30:00,91.553333,23.5458,63.0,63.0,31.514733,247.9858,1430
2010-08-06 18:45:00,53.813333,23.305333,46.0,46.0,26.896733,148.3054,1430
2010-08-07 06:00:00,0.0,18.9444,0.0,-1.0,18.132533,132.3394,1430
2010-08-07 06:15:00,31.633333,18.793666,0.0,0.0,20.2528,219.889133,1430
2010-08-07 06:30:00,78.98,18.9434,17.0,17.0,21.932533,316.7114,1430
2010-08-07 06:45:00,117.873333,20.312466,40.0,40.0,25.933066,425.959266,1430
2010-08-07 07:00:00,157.233333,20.934333,59.0,59.0,29.842666,541.488733,1430
2010-08-07 07:15:00,200.286666,21.997333,79.0,79.0,34.054666,672.393733,1430
2010-08-07 07:30:00,121.766666,21.6918,97.0,97.0,31.397133,366.638133,1430
2010-08-07 07:45:00,221.613333,22.550133,58.0,58.0,32.927266,708.704666,1430
2010-08-07 08:00:00,277.086666,23.709933,112.0,112.0,41.523733,917.724666,1430
2010-08-07 08:15:00,281.153333,24.5292,138.0,138.0,44.708666,940.027933,1430
2010-08-07 08:30:00,286.42,25.2682,141.0,141.0,46.2676,961.4412,1430
2010-08-07 08:45:00,289.866666,25.815266,143.0,143.0,48.755066,976.877733,1430
2010-08-07 09:00:00,290.286666,27.1122,143.0,143.0,52.7738,985.926133,1430
2010-08-07 09:15:00,289.153333,27.020133,145.0,145.0,54.5798,989.435866,1430
2010-08-07 09:30:00,289.04,26.2844,145.0,145.0,50.078066,986.358733,1430
2010-08-07 09:45:00,289.82,26.2804,145.0,145.0,47.387666,980.779133,1430
2010-08-07 10:00:00,288.733333,26.565466,146.0,146.0,47.786933,976.2572,1430
2010-08-07 10:15:00,288.593333,26.8514,144.0,144.0,49.481066,974.716133,1430
2010-08-07 10:30:00,289.9,27.253333,144.0,144.0,47.727066,971.481333,1430
2010-08-07 10:45:00,288.913333,27.6256,145.0,145.0,48.5484,967.910733,1430
2010-08-07 11:00:00,287.226666,27.4346,145.0,145.0,48.965133,963.083933,1430
2010-08-07 11:15:00,289.413333,28.239533,143.0,143.0,48.719333,973.3836,1430
2010-08-07 11:30:00,305.546666,28.6464,145.0,145.0,48.493066,1033.177733,1430
2010-08-07 11:45:00,220.24,28.049866,151.0,151.0,45.562866,763.849866,1430
2010-08-07 12:00:00,292.053333,28.7016,110.0,110.0,46.1,964.706266,1430
2010-08-07 12:15:00,277.286666,29.415,150.0,150.0,51.764666,991.668666,1430
2010-08-07 12:30:00,305.66,29.799133,147.0,147.0,54.321533,1027.130066,1430
2010-08-07 12:45:00,133.24,28.402266,152.0,152.0,46.1822,429.6062,1430
2010-08-07 13:00:00,67.533333,27.179533,60.0,60.0,34.047,207.407666,1430
2010-08-07 13:15:00,58.16,27.5392,34.0,34.0,31.719,181.0404,1430
2010-08-07 13:30:00,177.48,27.9338,28.0,28.0,37.201133,604.873666,1430
2010-08-07 13:45:00,102.16,27.492333,90.0,90.0,37.964666,365.798933,1430
2010-08-07 14:00:00,103.7,27.4504,52.0,52.0,34.599933,329.793266,1430
2010-08-07 14:15:00,136.353333,27.9378,56.0,56.0,37.704733,413.4218,1430
2010-08-07 14:30:00,202.853333,28.181133,65.0,65.0,40.6158,733.067666,1430
2010-08-07 14:45:00,270.42,28.8936,104.0,104.0,48.664133,888.5090659999998,1430
2010-08-07 15:00:00,50.913333,27.824666,129.0,129.0,39.2886,167.658466,1430
2010-08-07 15:15:00,25.18,26.812133,23.0,23.0,30.154866,86.85299999999998,1430
2010-08-07 15:30:00,35.653333,25.968066,12.0,12.0,26.600733,122.5128,1430
2010-08-07 15:45:00,48.413333,25.446,19.0,19.0,27.7684,159.805333,1430
2010-08-07 16:00:00,23.68,25.6684,23.0,23.0,27.3992,81.273466,1430
2010-08-07 16:15:00,10.946666,25.118333,10.0,10.0,26.116866,40.552733,1430
2010-08-07 16:30:00,7.333332999999999,24.2988,5.0,5.0,24.516133,29.485133,1430
2010-08-07 16:45:00,16.706666,23.790733,3.0,3.0,24.263733,60.536733,1430
2010-08-07 17:00:00,38.033333,22.1662,10.0,10.0,23.786466,128.372266,1430
2010-08-07 17:15:00,60.52,21.609133,18.0,18.0,24.2144,217.758266,1430
2010-08-07 17:30:00,126.04,22.716666,32.0,32.0,28.0024,378.906333,1430
2010-08-07 17:45:00,197.24,23.8476,71.0,71.0,34.678066,572.886133,1430
2010-08-07 18:00:00,156.773333,24.410266,97.0,97.0,35.381266,437.5508,1430
2010-08-07 18:15:00,111.673333,24.342,79.0,79.0,33.580066,291.224266,1430
2010-08-07 18:30:00,21.293333,22.3202,51.0,51.0,24.519066,69.264933,1430
2010-08-07 18:45:00,48.846666,22.8202,11.0,11.0,23.625933,134.185733,1430
2010-08-08 06:00:00,0.0,13.548133,0.0,0.0,11.674,64.1886,1430
2010-08-08 06:15:00,41.52,15.349733,0.0,0.0,16.0826,210.647466,1430
2010-08-08 06:30:00,89.166666,17.0532,21.0,21.0,21.376066,351.3132,1430
2010-08-08 06:45:00,131.766666,17.886466,45.0,45.0,25.885733,461.797133,1430
2010-08-08 07:00:00,96.18,17.924,63.0,63.0,24.237466,354.354866,1430
2010-08-08 07:15:00,156.033333,18.755733,49.0,49.0,26.761733,525.909466,1430
2010-08-08 07:30:00,222.926666,20.119266,78.0,78.0,33.5844,736.6282,1430
2010-08-08 07:45:00,252.453333,21.038,111.0,111.0,39.144866,848.398666,1430
2010-08-08 08:00:00,273.313333,21.980066,127.0,127.0,44.041066,921.1122,1430
2010-08-08 08:15:00,278.28,23.7876,135.0,135.0,49.603333,952.880866,1430
2010-08-08 08:30:00,290.68,23.4516,139.0,139.0,48.8496,998.0062,1430
2010-08-08 08:45:00,286.333333,22.818,146.0,146.0,47.253866,978.541066,1430
2010-08-08 09:00:00,304.306666,22.499066,141.0,141.0,44.906466,1042.15,1430
2010-08-08 09:15:00,304.706666,22.764733,152.0,152.0,46.331733,1038.798,1430
2010-08-08 09:30:00,305.273333,23.8264,151.0,151.0,48.102933,1035.064666,1430
2010-08-08 09:45:00,298.28,25.1926,150.0,150.0,49.202,998.784466,1430
2010-08-08 10:00:00,297.306666,24.9058,149.0,149.0,48.9408,987.218266,1430
2010-08-08 10:15:00,295.006666,25.027066,150.0,150.0,49.565666,978.083333,1430
2010-08-08 10:30:00,297.486666,25.145933,148.0,148.0,49.3614,989.156,1430
2010-08-08 10:45:00,303.78,25.480333,148.0,148.0,50.107533,1015.838533,1430
2010-08-08 11:00:00,298.286666,25.297133,149.0,149.0,47.293666,993.148866,1430
2010-08-08 11:15:00,308.013333,25.8356,148.0,148.0,50.183933,1044.6474,1430
2010-08-08 11:30:00,276.206666,25.922066,155.0,155.0,49.956733,874.211666,1430
2010-08-08 11:45:00,275.066666,25.839933,125.0,125.0,47.753866,942.896466,1430
2010-08-08 12:00:00,228.306666,25.835666,140.0,140.0,47.403866,762.1054,1430
2010-08-08 12:15:00,230.78,25.8546,116.0,116.0,47.404333,767.039,1430
2010-08-08 12:30:00,306.393333,26.3928,105.0,105.0,48.1922,1012.420733,1430
2010-08-08 12:45:00,167.693333,25.8276,147.0,147.0,41.870733,582.661933,1430
2010-08-08 13:00:00,246.146666,25.822,77.0,77.0,39.8628,824.493333,1430
2010-08-08 13:15:00,205.773333,25.746866,131.0,131.0,43.777933,732.309933,1430
2010-08-08 13:30:00,79.76,24.993266,99.0,99.0,34.3356,251.525733,1430
2010-08-08 13:45:00,196.84,25.527266,39.0,39.0,37.328,612.202933,1430
2010-08-08 14:00:00,236.313333,25.897466,99.0,99.0,44.562533,798.0143329999999,1430
2010-08-08 14:15:00,156.74,25.818066,126.0,126.0,45.408466,518.534266,1430
2010-08-08 14:30:00,99.9,25.309133,79.0,79.0,35.805266,301.6256,1430
2010-08-08 14:45:00,121.233333,25.7176,51.0,51.0,37.111466,446.3756,1430
2010-08-08 15:00:00,308.62,26.770466,78.0,78.0,51.435866,1052.541,1430
2010-08-08 15:15:00,233.453333,26.989933,152.0,152.0,52.072,773.641066,1430
2010-08-08 15:30:00,25.806666,24.912733,107.0,107.0,33.133266,89.630066,1430
2010-08-08 15:45:00,23.573333,24.748933,13.0,13.0,27.802333,83.6894,1430
2010-08-08 16:00:00,21.0,24.6344,11.0,11.0,26.486133,76.919533,1430
2010-08-08 16:15:00,29.5,24.713266,10.0,10.0,26.326333,102.493333,1430
2010-08-08 16:30:00,38.426666,24.208,15.0,15.0,25.348866,129.491133,1430
2010-08-08 16:45:00,224.44,24.313266,20.0,20.0,30.231,730.804533,1430
2010-08-08 17:00:00,183.32,25.7084,124.0,124.0,40.1836,598.322466,1430
2010-08-08 17:15:00,196.353333,26.263733,92.0,92.0,42.6646,593.770533,1430
2010-08-08 17:30:00,145.76,25.684866,92.0,92.0,37.861666,443.4966,1430
2010-08-08 17:45:00,91.453333,25.869466,74.0,74.0,35.808933,263.514266,1430
2010-08-08 18:00:00,22.873333,24.0032,38.0,38.0,27.281866,73.7762,1430
2010-08-08 18:15:00,13.653333,22.964466,10.0,10.0,23.7912,51.239133,1430
2010-08-08 18:30:00,44.12,21.825133,8.0,8.0,20.54,127.3752,1430
2010-08-08 18:45:00,34.26,21.224533,23.0,23.0,19.305533,103.5766,1430
2010-09-01 06:00:00,0.0,10.994466,0.0,0.0,7.837132999999999,2.7874,1430
2010-09-01 06:15:00,0.0,11.490466,0.0,0.0,8.174733,5.015066,1430
2010-09-01 06:30:00,0.0,11.425133,0.0,-1.0,8.730399999999998,32.369133,1430
2010-09-01 06:45:00,3.04,11.885933,0.0,0.0,10.2124,108.0882,1430
2010-09-01 07:00:00,39.213333,12.7312,3.0,3.0,12.6402,208.374066,1430
2010-09-01 07:15:00,73.806666,13.186866,19.0,19.0,15.557266,316.569,1430
2010-09-01 07:30:00,114.006666,13.570866,37.0,37.0,19.052333,429.5248,1430
2010-09-01 07:45:00,153.966666,14.102666,57.0,57.0,22.8158,546.752933,1430
2010-09-01 08:00:00,190.5,15.516733,77.0,77.0,28.1918,656.488866,1430
2010-09-01 08:15:00,224.706666,17.1758,95.0,95.0,35.387733,765.314666,1430
2010-09-01 08:30:00,253.893333,19.2624,113.0,113.0,40.860866,867.299333,1430
2010-09-01 08:45:00,272.233333,18.633133,128.0,128.0,42.959733,926.127133,1430
2010-09-01 09:00:00,282.2,19.407466,136.0,136.0,44.383,963.836733,1430
2010-09-01 09:15:00,252.106666,19.0216,143.0,143.0,43.0328,847.432266,1430
2010-09-01 09:30:00,195.14,18.8566,122.0,122.0,39.1436,634.302666,1430
2010-09-01 09:45:00,179.933333,18.251866,98.0,98.0,34.4766,615.010533,1430
2010-09-01 10:00:00,161.3,18.782533,91.0,91.0,32.995533,577.183933,1430
2010-09-01 10:15:00,177.466666,18.9538,89.0,89.0,35.801,598.566733,1430
2010-09-01 10:30:00,292.086666,19.8514,89.0,89.0,42.111466,957.784133,1430
2010-09-01 10:45:00,288.353333,20.990266,148.0,148.0,46.526533,969.004333,1430
2010-09-01 11:00:00,280.94,21.3496,142.0,142.0,46.931666,943.5628660000002,1430
2010-09-01 11:15:00,280.36,23.063066,141.0,141.0,45.5528,931.147266,1430
2010-09-01 11:30:00,278.126666,23.116,141.0,141.0,44.399866,918.177333,1430
2010-09-01 11:45:00,275.8,23.518066,140.0,140.0,44.3702,910.029066,1430
2010-09-01 12:00:00,274.826666,23.8718,138.0,138.0,44.0634,901.062066,1430
2010-09-01 12:15:00,273.333333,23.910933,136.0,136.0,43.2416,894.1395999999999,1430
2010-09-01 12:30:00,271.946666,24.1816,137.0,137.0,43.488666,887.7308,1430
2010-09-01 12:45:00,271.6,24.549533,137.0,137.0,44.001066,885.6099329999998,1430
2010-09-01 13:00:00,271.326666,24.730266,136.0,136.0,44.158,881.866533,1430
2010-09-01 13:15:00,272.0,25.2616,136.0,136.0,45.522,882.995666,1430
2010-09-01 13:30:00,272.64,25.335533,136.0,136.0,46.441,885.996533,1430
2010-09-01 13:45:00,274.286666,25.025733,136.0,136.0,45.934933,889.053266,1430
2010-09-01 14:00:00,276.666666,25.2748,137.0,137.0,44.8736,898.3510659999998,1430
2010-09-01 14:15:00,277.966666,25.2766,140.0,140.0,45.885133,907.374,1430
2010-09-01 14:30:00,279.633333,25.351466,139.0,139.0,48.305266,919.744066,1430
2010-09-01 14:45:00,281.18,25.526266,141.0,141.0,48.178,931.2032,1430
2010-09-01 15:00:00,281.42,26.194266,139.0,139.0,50.407933,911.916,1430
2010-09-01 15:15:00,280.78,26.722333,143.0,143.0,51.179066,943.7562,1430
2010-09-01 15:30:00,285.373333,26.327133,143.0,143.0,51.027866,954.9356,1430
2010-09-01 15:45:00,281.373333,26.471733,144.0,144.0,50.6836,945.582133,1430
2010-09-01 16:00:00,280.266666,26.290133,142.0,142.0,50.905533,933.914133,1430
2010-09-01 16:15:00,279.313333,26.444466,142.0,142.0,49.562666,918.355266,1430
2010-09-01 16:30:00,272.713333,26.334666,139.0,139.0,49.8664,892.9493999999999,1430
2010-09-01 16:45:00,267.54,26.661733,137.0,137.0,50.197466,865.4886659999999,1430
2010-09-01 17:00:00,260.633333,26.3278,135.0,135.0,49.9586,834.864266,1430
2010-09-01 17:15:00,241.326666,26.287466,132.0,132.0,46.975,748.8707329999999,1430
2010-09-01 17:30:00,209.913333,25.914466,120.0,120.0,43.615866,622.136466,1430
2010-09-01 17:45:00,177.106666,26.006066,103.0,103.0,40.2176,504.262266,1430
2010-09-01 18:00:00,140.733333,25.879666,88.0,88.0,37.3074,395.3196,1430
2010-09-01 18:15:00,104.713333,25.684,70.0,70.0,33.557333,286.265133,1430
2010-09-01 18:30:00,68.233333,25.9786,51.0,51.0,30.522666,192.276066,1430
2010-09-01 18:45:00,35.406666,25.874266,34.0,34.0,26.059666,107.894866,1430
2010-09-10 06:00:00,0.0,8.202533,0.0,0.0,3.725,3.473866,1430
2010-09-10 06:15:00,0.0,8.9,0.0,0.0,4.925733,4.2928,1430
2010-09-10 06:30:00,0.0,8.7332,0.0,0.0,4.619,13.910933,1430
2010-09-10 06:45:00,0.0,8.761533,0.0,0.0,5.0186,69.010333,1430
2010-09-10 07:00:00,24.56,8.971465999999998,0.0,-1.0,7.166533,161.092133,1430
2010-09-10 07:15:00,56.0,9.409933,11.0,11.0,10.484666,267.2272,1430
2010-09-10 07:30:00,94.386666,10.329933,28.0,28.0,14.742466,379.119933,1430
2010-09-10 07:45:00,132.613333,10.946,46.0,46.0,19.057933,491.597333,1430
2010-09-10 08:00:00,174.06,11.89,66.0,66.0,23.2676,606.1248,1430
2010-09-10 08:15:00,210.306666,12.997,87.0,87.0,28.2106,720.9116659999999,1430
2010-09-10 08:30:00,243.733333,14.0486,105.0,105.0,33.7814,827.636666,1430
2010-09-10 08:45:00,269.193333,14.4812,123.0,123.0,38.8928,914.6322,1430
2010-09-10 09:00:00,279.013333,16.238533,134.0,134.0,40.006066,948.577933,1430
2010-09-10 09:15:00,285.04,17.2764,140.0,140.0,40.167266,964.6658,1430
2010-09-10 09:30:00,288.586666,17.1288,140.0,140.0,40.5274,973.5514,1430
2010-09-10 09:45:00,289.866666,16.768733,145.0,145.0,40.064666,973.231066,1430
2010-09-10 10:00:00,289.86,17.688933,145.0,145.0,40.6418,966.6188,1430
2010-09-10 10:15:00,288.073333,17.659866,145.0,145.0,41.178,956.6040660000002,1430
2010-09-10 10:30:00,286.806666,18.086266,144.0,144.0,40.017666,947.652133,1430
2010-09-10 10:45:00,283.653333,18.2858,142.0,142.0,40.467133,936.4776,1430
2010-09-10 11:00:00,279.946666,17.0056,142.0,142.0,39.388266,926.574666,1430
2010-09-10 11:15:00,276.026666,18.351133,140.0,140.0,41.176333,913.609866,1430
2010-09-10 11:30:00,274.64,17.472266,138.0,138.0,38.257266,905.573466,1430
2010-09-10 11:45:00,276.006666,17.718266,137.0,137.0,37.700333,908.2388,1430
2010-09-10 12:00:00,288.206666,18.114066,139.0,139.0,38.0678,956.604,1430
2010-09-10 12:15:00,283.793333,18.902466,143.0,143.0,37.705266,952.392466,1430
2010-09-10 12:30:00,296.8,19.764733,144.0,144.0,39.361666,1004.292866,1430
2010-09-10 12:45:00,226.886666,19.7232,148.0,148.0,35.898866,708.709666,1430
2010-09-10 13:00:00,243.333333,19.963133,106.0,106.0,35.502733,826.3700659999998,1430
2010-09-10 13:15:00,268.7,19.904266,128.0,128.0,36.733733,859.771666,1430
2010-09-10 13:30:00,273.386666,20.311,133.0,133.0,38.278533,886.312,1430
2010-09-10 13:45:00,269.953333,20.646066,137.0,137.0,38.761533,855.962066,1430
2010-09-10 14:00:00,262.04,20.2156,128.0,128.0,37.060133,790.3339999999998,1430
2010-09-10 14:15:00,183.62,19.939466,123.0,123.0,32.904466,605.504333,1430
2010-09-10 14:30:00,323.133333,20.957866,100.0,100.0,41.7494,1077.524733,1430
2010-09-10 14:45:00,249.66,20.942933,153.0,153.0,41.541333,930.745466,1430
2010-09-10 15:00:00,79.933333,19.8662,123.0,123.0,29.348333,255.172733,1430
2010-09-10 15:15:00,90.793333,19.522666,38.0,38.0,25.580133,307.1086,1430
2010-09-10 15:30:00,92.22,19.6628,46.0,46.0,26.251866,264.6384,1430
2010-09-10 15:45:00,58.62,19.6116,42.0,42.0,24.8894,202.870533,1430
2010-09-10 16:00:00,55.886666,19.461733,30.0,30.0,23.7562,184.071666,1430
2010-09-10 16:15:00,92.373333,19.7456,27.0,27.0,26.051,313.624,1430
2010-09-10 16:30:00,209.333333,20.656933,52.0,52.0,35.150666,600.891,1430
2010-09-10 16:45:00,101.566666,20.152533,92.0,92.0,33.237733,311.676066,1430
2010-09-10 17:00:00,65.72,19.586666,49.0,49.0,27.722333,162.928333,1430
2010-09-10 17:15:00,72.94666599999998,19.350733,25.0,25.0,23.8788,231.8624,1430
2010-09-10 17:30:00,91.273333,19.711333,41.0,41.0,25.7176,265.3604,1430
2010-09-10 17:45:00,138.046666,20.134466,47.0,47.0,27.894,388.1784,1430
2010-09-10 18:00:00,52.793333,19.733666,69.0,69.0,26.743133,151.819866,1430
2010-09-10 18:15:00,16.333333,19.219933,25.0,25.0,19.105333,54.443333,1430
2010-09-10 18:30:00,16.733333,18.299133,8.0,8.0,16.4308,58.654733,1430
2010-09-10 18:45:00,14.566666,18.2662,8.0,8.0,17.361666,54.687533,1430
2010-09-13 06:00:00,0.0,12.5914,0.0,0.0,9.1612,2.207866,1430
2010-09-13 06:15:00,0.0,12.7332,0.0,0.0,9.2002,2.538133,1430
2010-09-13 06:30:00,0.0,12.6494,0.0,0.0,9.5906,5.025066,1430
2010-09-13 06:45:00,0.0,12.772533,0.0,0.0,9.9184,22.761066,1430
2010-09-13 07:00:00,0.0,12.828066,0.0,-1.0,10.5634,41.6006,1430
2010-09-13 07:15:00,21.786666,13.554266,0.0,0.0,12.5684,107.569333,1430
2010-09-13 07:30:00,45.166666,14.5992,13.0,13.0,15.484866,160.125666,1430
2010-09-13 07:45:00,45.533333,15.5858,21.0,21.0,16.731466,158.147133,1430
2010-09-13 08:00:00,58.686666,16.109933,23.0,23.0,18.498466,195.343,1430
2010-09-13 08:15:00,60.233333,16.951133,28.0,28.0,19.4908,199.88,1430
2010-09-13 08:30:00,72.406666,17.396733,30.0,30.0,21.061333,236.379,1430
2010-09-13 08:45:00,61.28,17.497266,34.0,34.0,21.213266,210.184666,1430
2010-09-13 09:00:00,69.313333,17.6298,30.0,30.0,21.3096,231.964066,1430
2010-09-13 09:15:00,81.37999999999998,17.9722,35.0,35.0,22.319133,274.1598,1430
2010-09-13 09:30:00,114.133333,18.501333,41.0,41.0,24.798933,376.9428,1430
2010-09-13 09:45:00,206.586666,20.0352,59.0,59.0,31.863066,726.425066,1430
2010-09-13 10:00:00,177.353333,20.8398,106.0,106.0,35.054533,580.297,1430
2010-09-13 10:15:00,215.573333,22.569733,89.0,89.0,39.906066,705.429133,1430
2010-09-13 10:30:00,219.14,23.694533,109.0,109.0,45.063533,761.3273329999998,1430
2010-09-13 10:45:00,206.06,23.743733,109.0,109.0,41.402333,696.299266,1430
2010-09-13 11:00:00,279.426666,24.119,109.0,109.0,45.832333,918.2486,1430
2010-09-13 11:15:00,270.46,24.501266,136.0,136.0,46.2292,925.206533,1430
2010-09-13 11:30:00,271.28,24.9586,135.0,135.0,45.709066,918.492733,1430
2010-09-13 11:45:00,274.786666,25.6004,137.0,137.0,44.9558,930.765866,1430
2010-09-13 12:00:00,267.466666,25.4214,138.0,138.0,42.7094,849.100866,1430
2010-09-13 12:15:00,294.28,26.0022,124.0,124.0,46.451933,1003.423066,1430
2010-09-13 12:30:00,280.486666,26.045933,148.0,148.0,47.2538,955.1798,1430
2010-09-13 12:45:00,263.406666,25.7362,135.0,135.0,44.816466,978.419066,1430
2010-09-13 13:00:00,287.226666,26.410533,136.0,136.0,46.3384,939.885466,1430
2010-09-13 13:15:00,264.386666,26.0864,143.0,143.0,44.229866,794.362466,1430
2010-09-13 13:30:00,276.246666,26.3314,129.0,129.0,45.2658,911.488933,1430
2010-09-13 13:45:00,281.793333,26.200466,139.0,139.0,46.041,917.516066,1430
2010-09-13 14:00:00,262.086666,26.354533,137.0,137.0,46.656066,871.175066,1430
2010-09-13 14:15:00,274.493333,26.4484,134.0,134.0,49.097066,898.315333,1430
2010-09-13 14:30:00,278.113333,26.6464,138.0,138.0,48.4402,929.891,1430
2010-09-13 14:45:00,274.026666,26.584266,140.0,140.0,48.7364,921.3206,1430
2010-09-13 15:00:00,284.593333,26.618266,139.0,139.0,48.818933,962.4126,1430
2010-09-13 15:15:00,279.573333,27.260933,143.0,143.0,51.0892,957.3212,1430
2010-09-13 15:30:00,263.253333,26.531266,141.0,141.0,50.355533,905.563333,1430
2010-09-13 15:45:00,253.62,26.657733,131.0,131.0,47.257666,841.247533,1430
2010-09-13 16:00:00,276.413333,26.811466,129.0,129.0,49.483266,914.087933,1430
2010-09-13 16:15:00,262.393333,26.496933,139.0,139.0,47.762333,848.7243999999998,1430
2010-09-13 16:30:00,241.013333,26.563266,129.0,129.0,47.503,786.107266,1430
2010-09-13 16:45:00,197.746666,26.2122,122.0,122.0,45.5458,627.614333,1430
2010-09-13 17:00:00,215.693333,26.3412,101.0,101.0,43.8108,679.611333,1430
2010-09-13 17:15:00,161.913333,25.8044,110.0,110.0,40.118,456.9294,1430
2010-09-13 17:30:00,124.56,25.2778,75.0,75.0,33.403533,345.591066,1430
2010-09-13 17:45:00,88.86666599999998,25.362,60.0,60.0,31.1896,246.404,1430
2010-09-13 18:00:00,96.166666,25.4066,45.0,45.0,31.527933,255.269333,1430
2010-09-13 18:15:00,16.04,24.667733,44.0,44.0,26.021533,53.3346,1430
2010-09-13 18:30:00,13.786666,24.1824,7.0,7.0,22.290733,48.0704,1430
2010-09-13 18:45:00,9.6,23.6908,6.0,6.0,20.766733,38.559,1430
2010-09-15 06:00:00,0.0,12.3894,0.0,0.0,9.119533,2.2738,1430
2010-09-15 06:15:00,0.0,11.698533,0.0,0.0,8.634,2.527933,1430
2010-09-15 06:30:00,0.0,12.134466,0.0,0.0,9.078,5.6356,1430
2010-09-15 06:45:00,0.0,11.427333,0.0,0.0,9.108466,31.870533,1430
2010-09-15 07:00:00,5.393333,11.885466,0.0,0.0,10.1022,102.381466,1430
2010-09-15 07:15:00,35.886666,12.875733,3.0,2.0,12.435533,183.939533,1430
2010-09-15 07:30:00,70.026666,13.773466,18.0,18.0,16.037866,296.747866,1430
2010-09-15 07:45:00,107.02,14.941933,34.0,34.0,20.193333,415.517133,1430
2010-09-15 08:00:00,147.226666,15.9352,54.0,54.0,24.160733,533.330333,1430
2010-09-15 08:15:00,184.433333,16.825466,74.0,74.0,28.8712,649.124266,1430
2010-09-15 08:30:00,218.273333,17.786333,92.0,92.0,32.7934,757.181733,1430
2010-09-15 08:45:00,247.846666,18.799133,108.0,108.0,38.407066,857.838866,1430
2010-09-15 09:00:00,257.94,20.197733,124.0,124.0,43.9446,903.5288,1430
2010-09-15 09:15:00,264.006666,22.467066,130.0,130.0,45.4612,924.647133,1430
2010-09-15 09:30:00,268.126666,23.345266,132.0,132.0,46.1156,934.901,1430
2010-09-15 09:45:00,271.92,23.213066,135.0,135.0,44.685933,937.311866,1430
2010-09-15 10:00:00,274.033333,23.3514,135.0,135.0,43.0172,934.173533,1430
2010-09-15 10:15:00,273.733333,23.529066,138.0,138.0,41.915866,924.6012,1430
2010-09-15 10:30:00,272.306666,23.799866,137.0,137.0,41.604733,914.393066,1430
2010-09-15 10:45:00,270.72,23.8934,136.0,136.0,41.3616,905.9092,1430
2010-09-15 11:00:00,267.433333,23.843733,136.0,136.0,41.294066,895.019533,1430
2010-09-15 11:15:00,264.086666,24.068533,133.0,133.0,42.093333,883.5041999999999,1430
2010-09-15 11:30:00,261.633333,24.701133,131.0,131.0,42.5148,872.507733,1430
2010-09-15 11:45:00,259.893333,24.4038,130.0,130.0,42.2764,861.8062,1430
2010-09-15 12:00:00,254.26,25.0386,130.0,130.0,45.865666,853.037533,1430
2010-09-15 12:15:00,251.846666,24.8718,127.0,127.0,44.711466,839.2944,1430
2010-09-15 12:30:00,249.473333,25.162266,126.0,126.0,45.482,832.4076659999998,1430
2010-09-15 12:45:00,253.233333,26.129,123.0,123.0,42.382533,830.368,1430
2010-09-15 13:00:00,251.986666,26.091733,127.0,127.0,44.9262,833.4554,1430
2010-09-15 13:15:00,254.653333,26.598,127.0,127.0,40.3914,834.177533,1430
2010-09-15 13:30:00,257.48,26.611666,127.0,127.0,42.754133,848.241266,1430
2010-09-15 13:45:00,261.0,26.877266,129.0,129.0,41.952733,858.2204,1430
2010-09-15 14:00:00,263.12,25.4372,132.0,132.0,40.357533,871.175066,1430
2010-09-15 14:15:00,152.646666,24.640466,132.0,132.0,36.548133,487.487733,1430
2010-09-15 14:30:00,205.62,25.389066,80.0,80.0,40.587333,679.3418,1430
2010-09-15 14:45:00,158.76,24.9356,97.0,97.0,35.580133,483.469666,1430
2010-09-15 15:00:00,279.426666,25.368666,84.0,84.0,39.7938,915.1866,1430
2010-09-15 15:15:00,209.693333,24.973266,141.0,141.0,37.382733,691.9098,1430
2010-09-15 15:30:00,253.62,25.254266,103.0,103.0,40.8734,871.399,1430
2010-09-15 15:45:00,257.753333,25.185,132.0,132.0,43.470266,847.295066,1430
2010-09-15 16:00:00,212.526666,24.877733,129.0,129.0,41.7314,694.361333,1430
2010-09-15 16:15:00,171.113333,24.699133,104.0,104.0,38.3276,533.5286,1430
2010-09-15 16:30:00,169.92,24.2986,84.0,84.0,35.969266,559.305866,1430
2010-09-15 16:45:00,215.973333,24.415,88.0,88.0,37.942066,648.503666,1430
2010-09-15 17:00:00,102.693333,23.9038,100.0,100.0,33.926333,305.669133,1430
2010-09-15 17:15:00,28.213333,22.9916,49.0,49.0,25.789066,92.107133,1430
2010-09-15 17:30:00,28.593333,22.607666,13.0,13.0,22.647533,89.70653299999998,1430
2010-09-15 17:45:00,78.36,22.7654,14.0,14.0,24.3164,227.7222,1430
2010-09-15 18:00:00,51.84,22.7094,41.0,41.0,24.8246,146.0368,1430
2010-09-15 18:15:00,13.333333,22.043,23.0,23.0,20.995,45.089733,1430
2010-09-15 18:30:00,8.186666,21.693133,6.0,6.0,19.648866,29.815733,1430
2010-09-15 18:45:00,2.326666,21.2928,4.0,4.0,18.422,12.217266,1430
2010-09-16 06:00:00,0.0,8.933533,0.0,0.0,6.18,2.980266,1430
2010-09-16 06:15:00,0.0,10.337,0.0,0.0,7.406532999999999,3.118,1430
2010-09-16 06:30:00,0.0,9.838466,0.0,0.0,7.350132999999999,4.842066,1430
2010-09-16 06:45:00,0.0,9.4698,0.0,-1.0,6.942466,26.7486,1430
2010-09-16 07:00:00,6.22,10.1188,0.0,0.0,8.678466,91.812133,1430
2010-09-16 07:15:00,36.153333,10.7344,4.0,4.0,11.2116,183.3902,1430
2010-09-16 07:30:00,38.786666,10.785066,17.0,17.0,11.830066,170.8322,1430
2010-09-16 07:45:00,101.14,11.511066,17.0,17.0,15.126266,402.338733,1430
2010-09-16 08:00:00,144.466666,12.783866,53.0,53.0,21.081733,520.838466,1430
2010-09-16 08:15:00,181.48,14.156733,72.0,72.0,25.893866,638.504133,1430
2010-09-16 08:30:00,209.893333,15.526933,91.0,91.0,32.100133,732.843933,1430
2010-09-16 08:45:00,235.133333,16.827266,105.0,105.0,38.086733,818.598466,1430
2010-09-16 09:00:00,254.493333,17.589866,118.0,118.0,41.362533,896.6267329999998,1430
2010-09-16 09:15:00,265.153333,19.75,127.0,127.0,43.2974,926.905266,1430
2010-09-16 09:30:00,269.386666,18.215066,131.0,131.0,42.6362,939.1784,1430
2010-09-16 09:45:00,269.54,19.1678,134.0,134.0,44.652933,938.685066,1430
2010-09-16 10:00:00,269.753333,19.748,135.0,135.0,45.520733,934.483733,1430
2010-09-16 10:15:00,268.566666,20.157933,135.0,135.0,45.9064,924.652066,1430
2010-09-16 10:30:00,268.32,20.550666,134.0,134.0,45.094266,917.0736,1430
2010-09-16 10:45:00,266.726666,21.75,133.0,133.0,45.387466,908.9814,1430
2010-09-16 11:00:00,265.2,20.751133,133.0,133.0,39.2924,895.645266,1430
2010-09-16 11:15:00,261.973333,21.376866,133.0,133.0,38.7478,882.3038,1430
2010-09-16 11:30:00,259.026666,22.3844,131.0,131.0,38.676866,869.043866,1430
2010-09-16 11:45:00,255.853333,23.049333,129.0,129.0,38.968666,854.2276,1430
2010-09-16 12:00:00,253.953333,24.036533,128.0,128.0,41.7406,850.295933,1430
2010-09-16 12:15:00,251.686666,24.723066,125.0,125.0,43.8992,842.392,1430
2010-09-16 12:30:00,251.88,25.057466,126.0,126.0,43.035266,837.8551999999999,1430
2010-09-16 12:45:00,251.24,25.397133,126.0,126.0,42.967266,834.7523999999999,1430
2010-09-16 13:00:00,252.76,25.888333,125.0,125.0,44.268,835.189866,1430
2010-09-16 13:15:00,254.406666,25.398066,127.0,127.0,43.425733,837.661733,1430
2010-09-16 13:30:00,257.106666,25.813533,126.0,126.0,42.750933,845.041866,1430
2010-09-16 13:45:00,258.253333,25.613133,128.0,128.0,42.7754,847.3816,1430
2010-09-16 14:00:00,260.566666,25.840666,130.0,130.0,42.8596,856.4708,1430
2010-09-16 14:15:00,261.506666,25.7934,128.0,128.0,43.3942,863.042066,1430
2010-09-16 14:30:00,263.04,25.9424,131.0,131.0,44.941133,869.308533,1430
2010-09-16 14:45:00,264.68,26.221333,132.0,132.0,45.7788,878.997933,1430
2010-09-16 15:00:00,265.86,26.371933,132.0,132.0,46.9858,888.2598,1430
2010-09-16 15:15:00,266.713333,26.266866,133.0,133.0,47.291133,892.639133,1430
2010-09-16 15:30:00,266.22,26.451866,134.0,134.0,47.6788,883.178666,1430
2010-09-16 15:45:00,264.926666,26.454533,134.0,134.0,46.7298,870.244266,1430
2010-09-16 16:00:00,260.373333,26.330733,133.0,133.0,47.281333,851.4403999999998,1430
2010-09-16 16:15:00,256.36,26.462733,130.0,130.0,46.482733,828.150533,1430
2010-09-16 16:30:00,250.226666,26.177666,129.0,129.0,45.6028,799.336733,1430
2010-09-16 16:45:00,242.58,26.142666,126.0,126.0,45.037,766.9678,1430
2010-09-16 17:00:00,217.22,25.948266,122.0,122.0,44.673266,668.238333,1430
2010-09-16 17:15:00,184.02,25.9366,108.0,108.0,41.9548,548.009333,1430
2010-09-16 17:30:00,152.08,25.643,92.0,92.0,37.640933,436.640466,1430
2010-09-16 17:45:00,113.766666,25.459133,74.0,74.0,33.3804,324.051,1430
2010-09-16 18:00:00,79.54,25.04,57.0,57.0,29.328333,224.0244,1430
2010-09-16 18:15:00,46.186666,24.718266,39.0,39.0,26.345066,134.200866,1430
2010-09-16 18:30:00,21.113333,24.0854,23.0,23.0,22.847133,74.3408,1430
2010-09-16 18:45:00,6.153333,23.248533,10.0,10.0,19.6292,24.708866,1430
2010-09-18 06:00:00,0.0,11.746266,0.0,0.0,11.381266,2.228133,1430
2010-09-18 06:15:00,0.0,11.680266,0.0,0.0,11.4242,2.3246,1430
2010-09-18 06:30:00,0.0,11.6314,0.0,0.0,11.428133,3.290733,1430
2010-09-18 06:45:00,0.0,11.697866,0.0,-1.0,11.598266,7.110533,1430
2010-09-18 07:00:00,0.0,11.6308,0.0,0.0,11.838066,26.128066,1430
2010-09-18 07:15:00,0.0,11.462933,0.0,0.0,11.166066,28.203333,1430
2010-09-18 07:30:00,6.173333,11.1944,0.0,0.0,10.4562,55.699733,1430
2010-09-18 07:45:00,41.546666,11.495666,4.0,3.0,11.93,152.948866,1430
2010-09-18 08:00:00,122.906666,12.944666,19.0,19.0,19.440933,458.9438,1430
2010-09-18 08:15:00,159.533333,13.4748,63.0,63.0,27.154266,558.695533,1430
2010-09-18 08:30:00,169.713333,13.306133,82.0,82.0,27.423866,629.7964,1430
2010-09-18 08:45:00,226.666666,13.2592,93.0,93.0,30.016133,799.4029329999998,1430
2010-09-18 09:00:00,259.6,13.4598,112.0,112.0,33.492866,924.769066,1430
2010-09-18 09:15:00,231.726666,13.466666,131.0,131.0,34.1598,804.6874659999999,1430
2010-09-18 09:30:00,178.4,13.186133,95.0,95.0,26.5408,637.4206,1430
2010-09-18 09:45:00,163.153333,13.386466,81.0,81.0,28.5834,614.863133,1430
2010-09-18 10:00:00,261.653333,13.774333,86.0,86.0,29.8994,926.533933,1430
2010-09-18 10:15:00,269.826666,13.8472,140.0,140.0,33.1678,932.9173330000002,1430
2010-09-18 10:30:00,177.26,12.8494,137.0,137.0,26.1078,644.2312,1430
2010-09-18 10:45:00,206.1,12.684533,85.0,85.0,25.308933,689.9464,1430
2010-09-18 11:00:00,256.326666,12.9686,106.0,106.0,29.429133,890.716666,1430
2010-09-18 11:15:00,242.12,12.960266,134.0,134.0,28.042066,789.4439999999998,1430
2010-09-18 11:30:00,157.646666,12.5786,115.0,115.0,23.522066,505.4322,1430
2010-09-18 11:45:00,135.906666,12.715333,81.0,81.0,21.472066,424.031533,1430
2010-09-18 12:00:00,134.906666,12.3782,66.0,66.0,20.620866,416.737933,1430
2010-09-18 12:15:00,156.306666,12.5002,66.0,66.0,22.001133,487.2386,1430
2010-09-18 12:30:00,153.126666,12.422666,77.0,77.0,21.695666,479.756733,1430
2010-09-18 12:45:00,165.853333,12.412666,77.0,77.0,22.553533,519.7856,1430
2010-09-18 13:00:00,180.593333,12.574533,82.0,82.0,24.324133,575.505666,1430
2010-09-18 13:15:00,179.213333,12.8334,91.0,91.0,24.301,583.277533,1430
2010-09-18 13:30:00,211.64,13.250066,94.0,94.0,27.253666,681.294733,1430
2010-09-18 13:45:00,183.52,13.4832,104.0,104.0,29.305733,597.193466,1430
2010-09-18 14:00:00,249.333333,14.393466,97.0,97.0,33.8302,785.2935999999999,1430
2010-09-18 14:15:00,237.2,14.999866,118.0,118.0,35.3534,789.118466,1430
2010-09-18 14:30:00,264.573333,15.4422,122.0,122.0,38.665533,869.5526,1430
2010-09-18 14:45:00,265.32,15.808133,132.0,132.0,38.512666,870.066333,1430
2010-09-18 15:00:00,263.886666,16.4876,131.0,131.0,40.853933,872.7568659999998,1430
2010-09-18 15:15:00,264.413333,16.623933,133.0,133.0,39.1526,874.8119329999998,1430
2010-09-18 15:30:00,262.093333,16.954666,132.0,132.0,34.701933,856.4148659999998,1430
2010-09-18 15:45:00,260.88,16.545933,132.0,132.0,34.048733,847.173,1430
2010-09-18 16:00:00,252.566666,16.9316,130.0,130.0,36.231266,822.9675999999998,1430
2010-09-18 16:15:00,245.886666,16.944866,128.0,128.0,36.193,793.833266,1430
2010-09-18 16:30:00,236.433333,17.126733,121.0,121.0,35.262,759.165533,1430
2010-09-18 16:45:00,222.533333,17.332266,119.0,119.0,37.156533,702.962266,1430
2010-09-18 17:00:00,194.733333,17.295466,112.0,112.0,35.637933,591.6442,1430
2010-09-18 17:15:00,165.9,17.026333,97.0,97.0,30.5064,484.675133,1430
2010-09-18 17:30:00,130.966666,16.823333,83.0,83.0,26.361733,375.167733,1430
2010-09-18 17:45:00,94.78,16.538733,64.0,64.0,23.747333,269.2566,1430
2010-09-18 18:00:00,61.333333,16.283466,47.0,47.0,20.959733,179.891,1430
2010-09-18 18:15:00,32.493333,16.0978,31.0,31.0,17.7476,99.329533,1430
2010-09-18 18:30:00,12.246666,15.873333,15.0,15.0,15.1464,45.288133,1430
2010-09-18 18:45:00,2.753333,14.987733,6.0,6.0,13.105333,14.277,1430
2010-09-19 06:00:00,0.0,10.483933,0.0,0.0,3.612,3.0772,1430
2010-09-19 06:15:00,0.0,12.0252,0.0,0.0,4.191733,3.3112,1430
2010-09-19 06:30:00,0.0,12.2256,0.0,0.0,4.024,5.2896,1430
2010-09-19 06:45:00,0.0,13.497,0.0,0.0,4.621666,37.5214,1430
2010-09-19 07:00:00,6.546666,14.297933,0.0,-1.0,6.591933,123.7234,1430
2010-09-19 07:15:00,39.253333,15.860333,4.0,4.0,11.3084,229.797333,1430
2010-09-19 07:30:00,74.28,17.005266,18.0,18.0,17.783,343.119333,1430
2010-09-19 07:45:00,115.253333,18.268466,37.0,37.0,22.990733,458.094333,1430
2010-09-19 08:00:00,154.613333,19.722,57.0,57.0,27.8136,577.153533,1430
2010-09-19 08:15:00,190.113333,21.8178,77.0,77.0,34.691,685.7656,1430
2010-09-19 08:30:00,224.486666,22.019133,96.0,96.0,39.889666,793.858933,1430
2010-09-19 08:45:00,251.42,23.770666,112.0,112.0,45.086533,890.4266,1430
2010-09-19 09:00:00,263.473333,24.063466,125.0,125.0,47.2898,929.774,1430
2010-09-19 09:15:00,267.14,25.789666,132.0,132.0,49.052933,944.905666,1430
2010-09-19 09:30:00,268.626666,26.4722,133.0,133.0,52.140933,957.249866,1430
2010-09-19 09:45:00,271.406666,27.174133,135.0,135.0,51.8318,959.518533,1430
2010-09-19 10:00:00,272.473333,27.1954,136.0,136.0,51.455666,956.36,1430
2010-09-19 10:15:00,271.006666,27.914533,135.0,135.0,51.8928,947.784266,1430
2010-09-19 10:30:00,268.746666,28.474866,135.0,135.0,52.1252,935.6282,1430
2010-09-19 10:45:00,265.446666,28.2918,134.0,134.0,51.081266,922.5516,1430
2010-09-19 11:00:00,261.986666,28.663066,133.0,133.0,51.345133,909.1696,1430
2010-09-19 11:15:00,260.853333,28.3542,131.0,131.0,49.469866,898.3714,1430
2010-09-19 11:30:00,259.346666,27.985533,130.0,130.0,47.124933,885.9405329999998,1430
2010-09-19 11:45:00,257.386666,27.6444,128.0,128.0,45.2796,874.4098659999999,1430
2010-09-19 12:00:00,254.853333,28.011,129.0,129.0,46.189733,864.0748,1430
2010-09-19 12:15:00,252.22,27.954333,127.0,127.0,46.6648,853.6072,1430
2010-09-19 12:30:00,251.106666,27.9174,126.0,126.0,46.134066,848.286933,1430
2010-09-19 12:45:00,250.446666,28.042066,125.0,125.0,46.264266,842.7582,1430
2010-09-19 13:00:00,251.666666,28.336,124.0,124.0,45.9046,843.826266,1430
2010-09-19 13:15:00,252.706666,28.556533,125.0,125.0,46.343333,845.082666,1430
2010-09-19 13:30:00,254.06,28.709533,127.0,127.0,46.5148,849.192266,1430
2010-09-19 13:45:00,255.32,28.967466,127.0,127.0,46.9832,853.9226,1430
2010-09-19 14:00:00,256.786666,28.9098,128.0,128.0,47.773066,861.999533,1430
2010-09-19 14:15:00,259.966666,29.0974,128.0,128.0,47.817266,875.0965999999999,1430
2010-09-19 14:30:00,262.92,29.479533,129.0,129.0,47.1974,884.658866,1430
2010-09-19 14:45:00,265.626666,29.714066,132.0,132.0,48.0616,897.1708,1430
2010-09-19 15:00:00,267.853333,29.759266,133.0,133.0,47.803666,908.716866,1430
2010-09-19 15:15:00,269.026666,29.926533,135.0,135.0,48.728533,919.077533,1430
2010-09-19 15:30:00,269.313333,29.860266,135.0,135.0,49.271333,918.090866,1430
2010-09-19 15:45:00,268.693333,29.680933,134.0,134.0,47.659333,910.558133,1430
2010-09-19 16:00:00,265.353333,30.017466,135.0,135.0,48.846266,897.669466,1430
2010-09-19 16:15:00,264.12,30.027866,133.0,133.0,47.913333,882.664933,1430
2010-09-19 16:30:00,258.526666,30.063933,133.0,133.0,47.4676,860.356666,1430
2010-09-19 16:45:00,247.026666,29.902933,130.0,130.0,45.823266,803.2736,1430
2010-09-19 17:00:00,216.46,29.715266,123.0,123.0,43.716466,674.189266,1430
2010-09-19 17:15:00,183.666666,29.467533,107.0,107.0,41.0454,550.598133,1430
2010-09-19 17:30:00,144.513333,28.9308,91.0,91.0,36.480466,418.4012,1430
2010-09-19 17:45:00,106.626666,28.341933,72.0,72.0,33.674,307.571266,1430
2010-09-19 18:00:00,70.413333,27.7826,54.0,54.0,30.7438,204.050733,1430
2010-09-19 18:15:00,35.873333,26.929333,34.0,34.0,27.1612,111.2874,1430
2010-09-19 18:30:00,12.926666,25.675266,18.0,18.0,23.512733,49.1434,1430
2010-09-19 18:45:00,1.426666,23.767333,5.0,5.0,20.9678,9.470666,1430
2010-09-21 06:00:00,0.0,8.451466,0.0,0.0,5.9138,2.959866,1430
2010-09-21 06:15:00,0.0,8.128999999999998,0.0,0.0,5.5288,3.087466,1430
2010-09-21 06:30:00,0.0,7.614665999999999,0.0,0.0,5.181466,4.542,1430
2010-09-21 06:45:00,0.0,7.627733,0.0,0.0,4.967066,15.406266,1430
2010-09-21 07:00:00,3.92,7.9192,0.0,0.0,5.799733,76.202466,1430
2010-09-21 07:15:00,30.513333,8.715533,2.0,1.0,7.856066,168.528266,1430
2010-09-21 07:30:00,62.746666,9.7766,15.0,15.0,11.5674,276.463933,1430
2010-09-21 07:45:00,99.973333,10.229666,30.0,30.0,15.3282,387.598666,1430
2010-09-21 08:00:00,140.086666,10.400866,50.0,50.0,18.403866,503.036466,1430
2010-09-21 08:15:00,177.373333,10.7042,71.0,71.0,21.7994,613.1134,1430
2010-09-21 08:30:00,212.706666,11.072866,88.0,88.0,25.382133,722.534,1430
2010-09-21 08:45:00,242.533333,11.316666,107.0,107.0,28.3504,825.9023999999998,1430
2010-09-21 09:00:00,262.533333,10.753666,122.0,122.0,27.220666,882.7564,1430
2010-09-21 09:15:00,245.766666,10.991866,131.0,131.0,26.8368,781.5195999999999,1430
2010-09-21 09:30:00,277.64,11.391866,119.0,119.0,29.505,930.191,1430
2010-09-21 09:45:00,273.286666,11.959066,137.0,137.0,31.921866,922.424133,1430
2010-09-21 10:00:00,276.933333,12.290533,136.0,136.0,32.103066,921.864866,1430
2010-09-21 10:15:00,274.64,12.295533,139.0,139.0,32.315333,906.6062,1430
2010-09-21 10:30:00,270.813333,12.861533,137.0,137.0,33.222466,890.7521329999998,1430
2010-09-21 10:45:00,268.5,13.251533,135.0,135.0,33.875466,880.8034659999998,1430
2010-09-21 11:00:00,265.913333,13.7678,135.0,135.0,34.0032,868.4539999999998,1430
2010-09-21 11:15:00,261.646666,13.637,131.0,131.0,34.3096,855.102666,1430
2010-09-21 11:30:00,258.453333,14.414133,131.0,131.0,34.8168,842.9869999999999,1430
2010-09-21 11:45:00,256.413333,15.0492,129.0,129.0,35.7062,833.119733,1430
2010-09-21 12:00:00,252.413333,15.642266,128.0,128.0,37.4158,823.4049999999999,1430
2010-09-21 12:15:00,251.306666,16.236666,126.0,126.0,38.498466,815.8926659999998,1430
2010-09-21 12:30:00,249.533333,16.4716,126.0,126.0,39.753133,811.665866,1430
2010-09-21 12:45:00,249.473333,17.012466,123.0,123.0,38.172733,806.7473999999999,1430
2010-09-21 13:00:00,250.433333,17.5032,125.0,125.0,38.873733,808.451333,1430
2010-09-21 13:15:00,251.533333,17.7456,125.0,125.0,39.9104,810.424933,1430
2010-09-21 13:30:00,253.586666,18.251666,125.0,125.0,40.1382,815.765333,1430
2010-09-21 13:45:00,254.96,18.459866,127.0,127.0,40.094466,817.667666,1430
2010-09-21 14:00:00,257.073333,18.5628,126.0,126.0,40.259266,827.082266,1430
2010-09-21 14:15:00,257.886666,19.1282,129.0,129.0,41.406666,833.480933,1430
2010-09-21 14:30:00,260.886666,18.991,129.0,129.0,40.992066,844.1975999999999,1430
2010-09-21 14:45:00,262.6,19.577533,131.0,131.0,39.332333,856.8522,1430
2010-09-21 15:00:00,263.093333,19.512,131.0,131.0,38.8024,864.9038,1430
2010-09-21 15:15:00,211.686666,20.233666,133.0,133.0,37.0938,695.454866,1430
2010-09-21 15:30:00,126.613333,19.1762,103.0,103.0,30.503133,401.4688,1430
2010-09-21 15:45:00,107.106666,19.179666,62.0,62.0,26.816933,369.913733,1430
2010-09-21 16:00:00,167.466666,20.047933,65.0,65.0,35.956533,532.745466,1430
2010-09-21 16:15:00,41.466666,19.4754,78.0,78.0,25.9176,137.339333,1430
2010-09-21 16:30:00,18.44,19.3488,22.0,22.0,20.828466,66.599533,1430
2010-09-21 16:45:00,28.12,19.5532,9.0,9.0,20.5334,96.842466,1430
2010-09-21 17:00:00,19.213333,19.253866,13.0,13.0,18.759933,67.983066,1430
2010-09-21 17:15:00,19.846666,18.997466,10.0,10.0,17.086533,65.6638,1430
2010-09-21 17:30:00,12.526666,18.451866,9.0,9.0,15.884533,44.072333,1430
2010-09-21 17:45:00,19.0,17.254666,6.0,6.0,15.0564,61.838666,1430
2010-09-21 18:00:00,14.026666,17.424333,10.0,10.0,15.000733,47.287,1430
2010-09-21 18:15:00,5.806666,17.588466,6.0,6.0,14.6524,24.002,1430
2010-09-21 18:30:00,6.413333,17.606666,3.0,3.0,16.090533,28.584733,1430
2010-09-21 18:45:00,4.233333,17.177266,2.0,2.0,15.608333,19.6788,1430
2010-09-23 06:00:00,0.0,11.4352,0.0,0.0,10.123333,2.294066,1430
2010-09-23 06:15:00,0.0,11.104533,0.0,0.0,9.538933,2.4106,1430
2010-09-23 06:30:00,0.0,10.789066,0.0,0.0,8.919066,3.005933,1430
2010-09-23 06:45:00,0.0,10.775533,0.0,0.0,8.701466,7.2632,1430
2010-09-23 07:00:00,0.0,10.868,0.0,0.0,9.107466,15.508,1430
2010-09-23 07:15:00,0.0,10.8828,0.0,0.0,9.282266000000002,24.1648,1430
2010-09-23 07:30:00,0.0,11.393333,0.0,-1.0,9.466533,26.6978,1430
2010-09-23 07:45:00,45.426666,12.028533,0.0,0.0,12.359733,252.115866,1430
2010-09-23 08:00:00,132.986666,13.379266,26.0,26.0,19.9016,475.173933,1430
2010-09-23 08:15:00,179.72,14.831733,65.0,65.0,25.361866,621.9838,1430
2010-09-23 08:30:00,214.333333,15.770133,90.0,90.0,32.370866,733.3019329999998,1430
2010-09-23 08:45:00,234.793333,16.025666,106.0,106.0,34.969466,814.3514,1430
2010-09-23 09:00:00,253.466666,17.024266,116.0,116.0,35.423533,848.607333,1430
2010-09-23 09:15:00,271.533333,17.284866,129.0,129.0,37.6702,917.175333,1430
2010-09-23 09:30:00,276.586666,17.987333,135.0,135.0,35.818066,956.771866,1430
2010-09-23 09:45:00,171.566666,16.8494,131.0,131.0,26.381466,579.7476,1430
2010-09-23 10:00:00,258.12,17.4816,80.0,80.0,29.240333,784.8103999999998,1430
2010-09-23 10:15:00,255.52,18.025333,131.0,131.0,32.191466,809.8704,1430
2010-09-23 10:30:00,271.453333,18.278133,131.0,131.0,28.747466,858.545933,1430
2010-09-23 10:45:00,170.84,18.079933,136.0,136.0,26.942133,581.843,1430
2010-09-23 11:00:00,226.693333,18.221866,89.0,89.0,25.9148,728.907266,1430
2010-09-23 11:15:00,223.846666,18.553266,116.0,116.0,27.3788,630.742333,1430
2010-09-23 11:30:00,183.486666,18.8148,103.0,103.0,26.379,593.836466,1430
2010-09-23 11:45:00,257.48,19.141,100.0,100.0,28.254866,753.941866,1430
2010-09-23 12:00:00,275.693333,19.621266,130.0,130.0,29.915866,819.8904,1430
2010-09-23 12:15:00,254.026666,20.598066,134.0,134.0,32.484866,814.743066,1430
2010-09-23 12:30:00,273.373333,20.961266,124.0,124.0,34.851133,865.9872,1430
2010-09-23 12:45:00,256.16,20.447933,136.0,136.0,30.785133,800.9897999999998,1430
2010-09-23 13:00:00,268.82,20.503133,124.0,124.0,30.7804,841.7917999999999,1430
2010-09-23 13:15:00,186.493333,20.040533,135.0,135.0,28.110133,589.513333,1430
2010-09-23 13:30:00,251.646666,20.966066,88.0,88.0,32.750866,778.6305999999998,1430
2010-09-23 13:45:00,209.906666,21.255333,127.0,127.0,34.043133,721.1201999999998,1430
2010-09-23 14:00:00,88.78666599999998,19.780933,93.0,93.0,24.541666,288.5896,1430
2010-09-23 14:15:00,183.013333,20.631933,55.0,55.0,29.2184,590.128533,1430
2010-09-23 14:30:00,61.886666,19.412933,89.0,89.0,22.9676,221.079466,1430
2010-09-23 14:45:00,282.666666,21.1928,34.0,34.0,33.292733,957.824666,1430
2010-09-23 15:00:00,288.646666,22.0686,147.0,147.0,39.3488,936.3606,1430
2010-09-23 15:15:00,248.053333,21.835466,145.0,145.0,37.5324,799.5555329999999,1430
2010-09-23 15:30:00,254.2,21.8368,122.0,122.0,36.9876,854.431133,1430
2010-09-23 15:45:00,146.3,20.990733,124.0,124.0,32.117333,378.478933,1430
2010-09-23 16:00:00,278.166666,21.951933,67.0,67.0,37.846466,873.586,1430
2010-09-23 16:15:00,245.0,20.999133,139.0,139.0,35.049333,787.241533,1430
2010-09-23 16:30:00,272.0,21.972466,122.0,122.0,39.869133,862.345466,1430
2010-09-23 16:45:00,246.46,21.4926,136.0,136.0,37.361066,698.160733,1430
2010-09-23 17:00:00,136.54,20.648666,115.0,115.0,28.952933,414.728733,1430
2010-09-23 17:15:00,85.50666599999998,19.7758,59.0,59.0,22.317933,272.583133,1430
2010-09-23 17:30:00,125.36,20.252866,48.0,48.0,24.973733,329.396466,1430
2010-09-23 17:45:00,101.826666,20.0158,60.0,60.0,22.972933,274.566733,1430
2010-09-23 18:00:00,63.813333,19.696,50.0,50.0,21.5096,180.6894,1430
2010-09-23 18:15:00,28.973333,18.8078,32.0,32.0,18.8964,94.197533,1430
2010-09-23 18:30:00,7.86,18.613733,14.0,14.0,16.4984,31.7738,1430
2010-09-23 18:45:00,0.5799999999999998,16.601333,3.0,3.0,14.331266,7.482065999999999,1430
2010-09-25 06:00:00,0.0,15.572266,0.0,0.0,12.658733,1.607066,1430
2010-09-25 06:15:00,0.0,15.065866,0.0,0.0,12.335066,1.657733,1430
2010-09-25 06:30:00,0.0,13.849333,0.0,-1.0,11.373266,2.5024,1430
2010-09-25 06:45:00,0.0,12.0708,0.0,0.0,9.579466,16.749,1430
2010-09-25 07:00:00,0.0,12.471,0.0,0.0,9.698333000000002,81.039333,1430
2010-09-25 07:15:00,24.02,12.576133,0.0,0.0,11.588266,179.275533,1430
2010-09-25 07:30:00,61.366666,13.2514,12.0,12.0,14.097466,287.099333,1430
2010-09-25 07:45:00,100.8,14.277,30.0,30.0,18.215133,401.346866,1430
2010-09-25 08:00:00,141.38,13.7876,50.0,50.0,21.0928,512.324,1430
2010-09-25 08:15:00,178.166666,12.960733,71.0,71.0,23.796733,621.571933,1430
2010-09-25 08:30:00,213.12,13.506933,90.0,90.0,27.688266,725.591,1430
2010-09-25 08:45:00,244.726666,15.8926,106.0,106.0,34.6588,831.400466,1430
2010-09-25 09:00:00,265.533333,16.3972,122.0,122.0,38.871533,901.443533,1430
2010-09-25 09:15:00,270.166666,14.9132,133.0,133.0,38.084733,918.1672,1430
2010-09-25 09:30:00,272.92,17.507,134.0,134.0,41.3452,926.101733,1430
2010-09-25 09:45:00,274.226666,17.3784,137.0,137.0,42.033733,925.003133,1430
2010-09-25 10:00:00,273.626666,18.0592,137.0,137.0,42.5888,917.2923330000002,1430
2010-09-25 10:15:00,272.906666,17.4314,135.0,135.0,40.732,905.166666,1430
2010-09-25 10:30:00,270.506666,17.436866,136.0,136.0,39.488533,891.916866,1430
2010-09-25 10:45:00,267.313333,18.018733,136.0,136.0,38.842133,878.3569999999999,1430
2010-09-25 11:00:00,264.533333,18.115266,133.0,133.0,39.0926,864.6393329999999,1430
2010-09-25 11:15:00,261.226666,17.684533,132.0,132.0,37.903733,851.7254,1430
2010-09-25 11:30:00,257.573333,17.680266,129.0,129.0,37.9516,837.8804659999998,1430
2010-09-25 11:45:00,254.266666,18.233066,129.0,129.0,38.7286,825.8311999999999,1430
2010-09-25 12:00:00,251.746666,18.3116,127.0,127.0,39.2894,817.077666,1430
2010-09-25 12:15:00,250.253333,18.616666,126.0,126.0,38.320866,809.0363999999998,1430
2010-09-25 12:30:00,247.94,19.126266,125.0,125.0,39.0058,802.8006,1430
2010-09-25 12:45:00,249.24,19.085266,125.0,125.0,38.238733,800.145533,1430
2010-09-25 13:00:00,249.313333,19.5054,123.0,123.0,38.962533,799.179133,1430
2010-09-25 13:15:00,251.926666,19.846733,125.0,125.0,39.007933,804.7485329999998,1430
2010-09-25 13:30:00,252.8,19.9254,126.0,126.0,40.242,810.2418,1430
2010-09-25 13:45:00,254.793333,20.179933,126.0,126.0,41.016,818.1204,1430
2010-09-25 14:00:00,257.173333,20.569066,128.0,128.0,41.301333,826.2277329999998,1430
2010-09-25 14:15:00,259.553333,20.9978,127.0,127.0,42.255266,837.1174,1430
2010-09-25 14:30:00,261.646666,20.894933,131.0,131.0,43.5628,846.399933,1430
2010-09-25 14:45:00,264.793333,21.189,131.0,131.0,41.710933,859.1106,1430
2010-09-25 15:00:00,267.846666,21.170866,133.0,133.0,40.705466,870.218866,1430
2010-09-25 15:15:00,267.9,21.293866,134.0,134.0,38.768933,872.304266,1430
2010-09-25 15:30:00,267.366666,21.1556,135.0,135.0,41.931933,870.051,1430
2010-09-25 15:45:00,265.46,21.680933,133.0,133.0,40.5934,859.614066,1430
2010-09-25 16:00:00,262.166666,21.696266,133.0,133.0,42.040666,851.048666,1430
2010-09-25 16:15:00,257.713333,21.602,132.0,132.0,41.9532,831.944866,1430
2010-09-25 16:30:00,251.473333,21.282066,130.0,130.0,40.4546,798.8789329999998,1430
2010-09-25 16:45:00,226.186666,21.232666,126.0,126.0,41.133533,691.0604,1430
2010-09-25 17:00:00,193.92,21.922866,112.0,112.0,39.546066,569.859733,1430
2010-09-25 17:15:00,159.433333,21.1708,96.0,96.0,35.3356,455.881666,1430
2010-09-25 17:30:00,122.52,21.470133,80.0,80.0,32.2722,342.386933,1430
2010-09-25 17:45:00,84.853333,21.902133,61.0,61.0,28.275933,238.1896,1430
2010-09-25 18:00:00,48.76,20.6282,42.0,42.0,24.059133,145.863866,1430
2010-09-25 18:15:00,20.74,19.681933,24.0,24.0,19.298866,72.30119999999998,1430
2010-09-25 18:30:00,3.573333,19.0584,9.0,9.0,15.344866,16.667666,1430
2010-09-25 18:45:00,0.0733329999999999,17.678333,2.0,2.0,13.222066,5.594866,1430
2010-09-27 06:00:00,0.0,19.2164,0.0,0.0,16.666,0.6767999999999998,1430
2010-09-27 06:15:00,0.0,19.010333,0.0,0.0,16.518533,0.768066,1430
2010-09-27 06:30:00,0.0,18.974533,0.0,0.0,16.546266,2.782066,1430
2010-09-27 06:45:00,0.0,18.885133,0.0,0.0,16.586133,16.9678,1430
2010-09-27 07:00:00,0.0,19.503,0.0,0.0,17.169733,57.861333,1430
2010-09-27 07:15:00,5.38,19.922866,0.0,-1.0,18.913933,158.777933,1430
2010-09-27 07:30:00,56.573333,20.039866,5.0,5.0,20.802333,272.089666,1430
2010-09-27 07:45:00,95.406666,20.4484,27.0,27.0,23.306466,389.948533,1430
2010-09-27 08:00:00,138.606666,21.553266,48.0,48.0,26.943933,518.453,1430
2010-09-27 08:15:00,172.826666,22.439933,69.0,69.0,30.095733,611.399333,1430
2010-09-27 08:30:00,209.933333,23.215733,87.0,87.0,33.851466,729.242933,1430
2010-09-27 08:45:00,226.873333,23.9504,106.0,106.0,37.407933,781.0821999999998,1430
2010-09-27 09:00:00,242.82,24.385533,112.0,112.0,41.986533,829.854333,1430
2010-09-27 09:15:00,248.14,24.858933,121.0,121.0,42.9456,848.673533,1430
2010-09-27 09:30:00,264.693333,24.764866,126.0,126.0,42.814,903.681333,1430
2010-09-27 09:45:00,262.086666,22.902066,132.0,132.0,40.435333,890.518133,1430
2010-09-27 10:00:00,264.12,23.043,131.0,131.0,41.337933,896.5809329999998,1430
2010-09-27 10:15:00,265.473333,23.2016,131.0,131.0,41.9994,893.503733,1430
2010-09-27 10:30:00,259.133333,22.950733,133.0,133.0,41.147733,863.947533,1430
2010-09-27 10:45:00,257.753333,22.5606,129.0,129.0,39.7054,859.5276659999998,1430
2010-09-27 11:00:00,253.526666,22.9418,130.0,130.0,38.711533,843.6838659999999,1430
2010-09-27 11:15:00,241.613333,24.0368,126.0,126.0,37.130133,786.244733,1430
2010-09-27 11:30:00,244.053333,24.029733,120.0,120.0,36.394266,791.300466,1430
2010-09-27 11:45:00,248.513333,23.822866,120.0,120.0,35.3802,809.2092,1430
2010-09-27 12:00:00,245.76,23.8966,124.0,124.0,36.635933,800.2726659999998,1430
2010-09-27 12:15:00,237.613333,23.906866,123.0,123.0,36.7932,770.0298,1430
2010-09-27 12:30:00,237.633333,23.821466,119.0,119.0,36.075666,764.9129329999998,1430
2010-09-27 12:45:00,240.053333,23.870466,118.0,118.0,36.820533,769.0530659999998,1430
2010-09-27 13:00:00,244.74,23.8402,119.0,119.0,38.251533,784.871666,1430
2010-09-27 13:15:00,246.953333,23.8426,122.0,122.0,38.1122,785.064666,1430
2010-09-27 13:30:00,248.206666,23.826133,123.0,123.0,39.968066,800.537066,1430
2010-09-27 13:45:00,249.633333,24.078466,124.0,124.0,39.904066,804.183933,1430
2010-09-27 14:00:00,251.653333,23.8442,125.0,125.0,38.137933,809.433,1430
2010-09-27 14:15:00,255.006666,24.059266,126.0,126.0,38.567533,822.326733,1430
2010-09-27 14:30:00,257.173333,23.773866,127.0,127.0,40.858933,833.6894,1430
2010-09-27 14:45:00,260.56,23.985733,129.0,129.0,39.57,848.205466,1430
2010-09-27 15:00:00,259.693333,23.9816,130.0,130.0,39.313733,845.825133,1430
2010-09-27 15:15:00,262.606666,23.740933,130.0,130.0,39.726866,837.153,1430
2010-09-27 15:30:00,255.053333,23.901533,131.0,131.0,39.0976,824.157733,1430
2010-09-27 15:45:00,257.746666,23.934933,129.0,129.0,42.857333,821.960466,1430
2010-09-27 16:00:00,253.686666,23.797533,129.0,129.0,39.522,797.180066,1430
2010-09-27 16:15:00,246.133333,23.734266,128.0,128.0,39.278333,769.160066,1430
2010-09-27 16:30:00,238.846666,23.822,124.0,124.0,38.546,737.9149999999998,1430
2010-09-27 16:45:00,213.733333,23.5894,119.0,119.0,37.964933,645.970533,1430
2010-09-27 17:00:00,180.466666,23.45,107.0,107.0,35.518866,527.974466,1430
2010-09-27 17:15:00,147.746666,23.127866,89.0,89.0,31.913866,417.282066,1430
2010-09-27 17:30:00,107.62,23.1952,73.0,73.0,30.161,302.3936,1430
2010-09-27 17:45:00,70.126666,22.681533,54.0,54.0,26.137466,195.871933,1430
2010-09-27 18:00:00,38.053333,22.108133,34.0,34.0,22.9818,115.295333,1430
2010-09-27 18:15:00,15.193333,21.303133,19.0,19.0,19.797333,55.1858,1430
2010-09-27 18:30:00,2.486666,19.709733,7.0,7.0,16.844666,12.171533,1430
2010-09-27 18:45:00,0.0,18.282466,0.0,0.0,15.0424,4.1198,1430
2010-09-03 06:00:00,0.0,7.199933,0.0,0.0,4.1246,3.392666,1430
2010-09-03 06:15:00,0.0,7.051133,0.0,0.0,4.401266,5.284666,1430
2010-09-03 06:30:00,0.0,6.938733,0.0,0.0,4.4308,27.8778,1430
2010-09-03 06:45:00,6.086666,7.2138,0.0,0.0,5.326533,104.6652,1430
2010-09-03 07:00:00,35.713333,7.5674,3.0,2.0,7.444933,202.972333,1430
2010-09-03 07:15:00,71.846666,8.916532999999998,17.0,17.0,11.128866,312.2864,1430
2010-09-03 07:30:00,110.286666,9.776,36.0,36.0,14.628866,423.3754,1430
2010-09-03 07:45:00,152.92,10.459133,55.0,55.0,18.066533,538.777666,1430
2010-09-03 08:00:00,189.2,11.0518,77.0,77.0,22.169533,649.261466,1430
2010-09-03 08:15:00,226.113333,11.892666,93.0,93.0,27.007933,761.0728,1430
2010-09-03 08:30:00,258.126666,13.077333,114.0,114.0,34.055133,866.1702,1430
2010-09-03 08:45:00,275.993333,13.7206,129.0,129.0,39.626066,937.662666,1430
2010-09-03 09:00:00,283.353333,15.2282,138.0,138.0,40.707733,966.227133,1430
2010-09-03 09:15:00,287.593333,15.469133,142.0,142.0,41.184066,979.807666,1430
2010-09-03 09:30:00,291.22,16.133,144.0,144.0,41.121333,985.809333,1430
2010-09-03 09:45:00,293.226666,17.256066,144.0,144.0,43.5974,987.7878,1430
2010-09-03 10:00:00,292.56,15.814466,147.0,147.0,43.327666,984.069733,1430
2010-09-03 10:15:00,292.173333,17.103533,147.0,147.0,43.8552,976.547333,1430
2010-09-03 10:30:00,290.746666,16.1404,146.0,146.0,42.641866,967.381866,1430
2010-09-03 10:45:00,288.04,17.019,146.0,146.0,42.582333,958.129866,1430
2010-09-03 11:00:00,285.733333,16.261533,142.0,142.0,40.8984,948.298133,1430
2010-09-03 11:15:00,282.7,17.849866,143.0,143.0,42.1252,937.495,1430
2010-09-03 11:30:00,279.826666,17.895066,142.0,142.0,43.649266,925.8982,1430
2010-09-03 11:45:00,278.38,17.397466,141.0,141.0,41.239466,919.4944660000002,1430
2010-09-03 12:00:00,276.673333,17.974133,139.0,139.0,41.743733,910.3544,1430
2010-09-03 12:15:00,275.0,18.477066,139.0,139.0,43.1182,906.153266,1430
2010-09-03 12:30:00,275.706666,18.846666,136.0,136.0,41.272266,901.245133,1430
2010-09-03 12:45:00,275.106666,19.539666,139.0,139.0,41.4866,897.9392,1430
2010-09-03 13:00:00,275.473333,20.036266,138.0,138.0,41.6042,895.640133,1430
2010-09-03 13:15:00,275.833333,19.813266,138.0,138.0,41.4252,895.1824,1430
2010-09-03 13:30:00,276.493333,20.480866,138.0,138.0,42.3392,896.1436,1430
2010-09-03 13:45:00,279.306666,20.1408,137.0,137.0,41.043333,901.8656,1430
2010-09-03 14:00:00,278.946666,21.129533,140.0,140.0,42.373066,902.679466,1430
2010-09-03 14:15:00,281.293333,20.865266,140.0,140.0,42.514866,867.4468,1430
2010-09-03 14:30:00,280.953333,21.0594,142.0,142.0,45.358266,916.982133,1430
2010-09-03 14:45:00,281.666666,21.228933,141.0,141.0,43.773533,920.6034,1430
2010-09-03 15:00:00,281.14,21.651133,141.0,141.0,42.213266,924.4588,1430
2010-09-03 15:15:00,281.166666,21.353866,140.0,140.0,44.259666,927.4852,1430
2010-09-03 15:30:00,280.426666,21.4512,141.0,141.0,45.6098,929.509466,1430
2010-09-03 15:45:00,279.833333,22.101066,141.0,141.0,44.9404,923.8942,1430
2010-09-03 16:00:00,279.413333,21.966933,141.0,141.0,42.671533,916.8802,1430
2010-09-03 16:15:00,275.486666,21.7936,141.0,141.0,44.784066,899.510666,1430
2010-09-03 16:30:00,270.18,22.1796,137.0,137.0,43.0438,877.2125999999998,1430
2010-09-03 16:45:00,265.96,21.833933,137.0,137.0,42.7808,850.301133,1430
2010-09-03 17:00:00,258.806666,21.978733,134.0,134.0,40.715066,819.920866,1430
2010-09-03 17:15:00,235.873333,21.7802,130.0,130.0,41.6818,720.194466,1430
2010-09-03 17:30:00,201.38,21.6658,118.0,118.0,35.657066,591.4256,1430
2010-09-03 17:45:00,168.06,21.648666,100.0,100.0,32.7458,479.410733,1430
2010-09-03 18:00:00,130.16,21.3974,83.0,83.0,28.620133,361.7656,1430
2010-09-03 18:15:00,93.273333,21.142266,65.0,65.0,25.896666,258.366866,1430
2010-09-03 18:30:00,58.32,20.7506,46.0,46.0,23.1086,165.822333,1430
2010-09-03 18:45:00,26.966666,20.179666,29.0,29.0,19.993,88.98399999999998,1430
2010-09-06 06:00:00,0.0,12.804266,0.0,0.0,9.648066,2.222933,1430
2010-09-06 06:15:00,0.0,12.354066,0.0,0.0,8.713,3.448466,1430
2010-09-06 06:30:00,0.0,12.304933,0.0,0.0,8.736532999999998,13.346266,1430
2010-09-06 06:45:00,0.0,12.475933,0.0,-1.0,8.362666,51.5238,1430
2010-09-06 07:00:00,23.72,12.959666,0.0,0.0,10.253933,148.050866,1430
2010-09-06 07:15:00,58.446666,14.206333,12.0,12.0,14.2768,261.3272,1430
2010-09-06 07:30:00,95.273333,14.933266,29.0,29.0,19.054666,375.523933,1430
2010-09-06 07:45:00,134.313333,15.543533,47.0,47.0,22.9242,486.089133,1430
2010-09-06 08:00:00,172.78,16.2802,68.0,68.0,26.833933,605.794133,1430
2010-09-06 08:15:00,208.96,17.2428,86.0,86.0,32.026266,717.0206,1430
2010-09-06 08:30:00,244.246666,18.202666,105.0,105.0,36.3828,832.407733,1430
2010-09-06 08:45:00,264.973333,18.364066,123.0,123.0,37.980066,903.361066,1430
2010-09-06 09:00:00,277.586666,18.623466,132.0,132.0,39.024533,948.1152,1430
2010-09-06 09:15:00,283.133333,18.307933,138.0,138.0,41.2904,966.8884,1430
2010-09-06 09:30:00,288.933333,18.5414,141.0,141.0,40.491666,977.579733,1430
2010-09-06 09:45:00,290.686666,18.225,145.0,145.0,40.6104,978.841,1430
2010-09-06 10:00:00,291.38,16.4692,146.0,146.0,37.607466,978.983533,1430
2010-09-06 10:15:00,291.02,17.321533,146.0,146.0,36.150533,967.0156,1430
2010-09-06 10:30:00,289.18,17.351,144.0,144.0,37.2694,960.744266,1430
2010-09-06 10:45:00,285.366666,17.885,144.0,144.0,38.180533,949.4528,1430
2010-09-06 11:00:00,281.946666,19.909333,144.0,144.0,41.017733,935.780866,1430
2010-09-06 11:15:00,280.066666,19.039466,141.0,141.0,42.104533,932.7393330000002,1430
2010-09-06 11:30:00,281.733333,19.826666,140.0,140.0,40.1278,928.253266,1430
2010-09-06 11:45:00,283.146666,20.420466,142.0,142.0,40.053933,921.7632,1430
2010-09-06 12:00:00,285.213333,21.551266,139.0,139.0,39.5696,923.721466,1430
2010-09-06 12:15:00,281.506666,21.6208,143.0,143.0,42.901933,918.2638,1430
2010-09-06 12:30:00,280.48,21.836066,141.0,141.0,41.814933,910.888666,1430
2010-09-06 12:45:00,275.193333,22.036666,141.0,141.0,43.850666,900.1566659999999,1430
2010-09-06 13:00:00,277.88,22.173933,138.0,138.0,40.342133,898.4933999999998,1430
2010-09-06 13:15:00,276.593333,22.365933,137.0,137.0,41.290933,855.0466,1430
2010-09-06 13:30:00,278.973333,22.126866,139.0,139.0,39.627733,897.9441329999999,1430
2010-09-06 13:45:00,280.313333,22.5328,140.0,140.0,40.974333,902.094466,1430
2010-09-06 14:00:00,283.673333,21.7822,140.0,140.0,39.574933,912.424666,1430
2010-09-06 14:15:00,284.333333,22.297933,142.0,142.0,41.853466,918.792733,1430
2010-09-06 14:30:00,283.466666,22.9364,143.0,143.0,44.7554,924.082533,1430
2010-09-06 14:45:00,282.566666,23.059266,141.0,141.0,46.8108,930.175866,1430
2010-09-06 15:00:00,289.126666,21.767466,142.0,142.0,41.5688,937.830666,1430
2010-09-06 15:15:00,294.233333,20.8054,146.0,146.0,38.007266,945.2668000000002,1430
2010-09-06 15:30:00,295.266666,20.559133,148.0,148.0,38.7662,950.851333,1430
2010-09-06 15:45:00,296.006666,20.3944,149.0,149.0,39.100733,951.176866,1430
2010-09-06 16:00:00,294.893333,20.0806,147.0,147.0,39.374066,941.8538,1430
2010-09-06 16:15:00,291.333333,19.873666,148.0,148.0,39.833733,924.229866,1430
2010-09-06 16:30:00,285.62,19.478266,147.0,147.0,39.234533,899.3938,1430
2010-09-06 16:45:00,278.353333,19.358,143.0,143.0,38.1764,870.091733,1430
2010-09-06 17:00:00,268.053333,19.2688,140.0,140.0,37.654933,829.0456,1430
2010-09-06 17:15:00,238.74,18.888733,135.0,135.0,35.940666,709.371133,1430
2010-09-06 17:30:00,202.94,18.647,117.0,117.0,31.605333,583.297666,1430
2010-09-06 17:45:00,166.833333,18.3198,102.0,102.0,28.945733,460.693333,1430
2010-09-06 18:00:00,126.306666,18.079933,83.0,83.0,25.649133,347.3816,1430
2010-09-06 18:15:00,88.08,17.859333,63.0,63.0,22.406733,241.271866,1430
2010-09-06 18:30:00,50.426666,17.455,44.0,44.0,19.140133,145.955266,1430
2010-09-06 18:45:00,21.04,16.971666,24.0,24.0,15.677133,72.621466,1430
2010-09-07 06:00:00,0.0,6.539266,0.0,0.0,2.613933,3.428066,1430
2010-09-07 06:15:00,0.0,6.266666,0.0,0.0,2.8606,4.541933,1430
2010-09-07 06:30:00,0.0,6.1528,0.0,-1.0,2.907,11.286533,1430
2010-09-07 06:45:00,0.0,6.423333,0.0,0.0,3.5754,43.777533,1430
2010-09-07 07:00:00,25.293333,7.281466,0.0,0.0,5.504533,166.9006,1430
2010-09-07 07:15:00,60.046666,8.943265999999998,13.0,13.0,9.474066,274.912466,1430
2010-09-07 07:30:00,97.946666,11.075466,29.0,29.0,15.0664,388.087066,1430
2010-09-07 07:45:00,136.766666,12.6222,49.0,49.0,20.915533,498.865666,1430
2010-09-07 08:00:00,174.2,13.085666,68.0,68.0,26.771533,617.859,1430
2010-09-07 08:15:00,215.186666,13.928666,88.0,88.0,32.423666,747.411066,1430
2010-09-07 08:30:00,248.96,12.834133,106.0,106.0,33.665866,854.3192659999999,1430
2010-09-07 08:45:00,269.033333,13.097733,125.0,125.0,35.6184,918.6962,1430
2010-09-07 09:00:00,275.78,12.417733,134.0,134.0,33.422866,934.982333,1430
2010-09-07 09:15:00,283.26,12.429133,138.0,138.0,32.666466,956.9345330000002,1430
2010-09-07 09:30:00,287.32,13.4042,143.0,143.0,34.562933,971.705133,1430
2010-09-07 09:45:00,288.746666,15.5482,144.0,144.0,40.505466,979.207333,1430
2010-09-07 10:00:00,288.04,15.851533,143.0,143.0,42.602866,976.567533,1430
2010-09-07 10:15:00,287.38,15.198866,144.0,144.0,42.163933,972.752866,1430
2010-09-07 10:30:00,286.726666,15.486066,145.0,145.0,39.3854,964.2232,1430
2010-09-07 10:45:00,283.233333,16.280666,144.0,144.0,40.300266,952.972466,1430
2010-09-07 11:00:00,281.426666,16.968066,142.0,142.0,39.617133,942.581133,1430
2010-09-07 11:15:00,278.92,17.763,139.0,139.0,39.6172,932.3374,1430
2010-09-07 11:30:00,276.553333,17.307066,140.0,140.0,38.646133,919.906666,1430
2010-09-07 11:45:00,274.426666,18.228933,138.0,138.0,39.192466,910.319066,1430
2010-09-07 12:00:00,272.466666,18.419266,138.0,138.0,40.0306,902.648933,1430
2010-09-07 12:15:00,270.073333,19.8454,136.0,136.0,42.0748,895.2688,1430
2010-09-07 12:30:00,267.94,20.491266,136.0,136.0,44.319466,888.8549329999998,1430
2010-09-07 12:45:00,267.793333,20.453333,132.0,132.0,44.0846,884.8723999999999,1430
2010-09-07 13:00:00,267.44,21.077066,135.0,135.0,44.0694,881.195,1430
2010-09-07 13:15:00,269.386666,21.202933,134.0,134.0,42.763466,879.170733,1430
2010-09-07 13:30:00,271.26,21.724466,135.0,135.0,42.368666,882.2122,1430
2010-09-07 13:45:00,271.993333,22.144733,136.0,136.0,43.408066,886.3117999999998,1430
2010-09-07 14:00:00,272.72,22.691933,135.0,135.0,44.5502,892.1558659999998,1430
2010-09-07 14:15:00,274.193333,23.072,137.0,137.0,44.352666,898.941133,1430
2010-09-07 14:30:00,274.72,23.953266,138.0,138.0,46.6026,904.271333,1430
2010-09-07 14:45:00,274.52,24.1306,138.0,138.0,46.552533,906.656866,1430
2010-09-07 15:00:00,275.126666,24.221733,137.0,137.0,44.868933,910.171533,1430
2010-09-07 15:15:00,275.64,24.6018,139.0,139.0,43.657733,915.181466,1430
2010-09-07 15:30:00,275.353333,24.444666,137.0,137.0,43.469,914.764466,1430
2010-09-07 15:45:00,261.786666,24.754533,138.0,138.0,41.154066,859.954733,1430
2010-09-07 16:00:00,264.533333,24.6406,130.0,130.0,41.0048,861.0788659999998,1430
2010-09-07 16:15:00,271.326666,25.110866,132.0,132.0,40.0944,875.8392,1430
2010-09-07 16:30:00,267.686666,25.028066,137.0,137.0,45.248533,864.7816,1430
2010-09-07 16:45:00,260.42,24.729933,133.0,133.0,44.340066,827.972333,1430
2010-09-07 17:00:00,242.913333,24.377133,130.0,130.0,42.4146,749.8220659999998,1430
2010-09-07 17:15:00,159.853333,23.613866,120.0,120.0,36.8688,471.5882,1430
2010-09-07 17:30:00,83.73999999999998,22.926266,78.0,78.0,28.916266,241.0634,1430
2010-09-07 17:45:00,79.953333,22.4566,41.0,41.0,27.293133,217.930933,1430
2010-09-07 18:00:00,21.826666,21.48,36.0,36.0,21.8548,66.034866,1430
2010-09-07 18:15:00,26.293333,20.771933,9.0,9.0,20.136066,83.552133,1430
2010-09-07 18:30:00,14.58,20.5486,13.0,13.0,19.646666,50.247333,1430
2010-09-07 18:45:00,11.953333,20.062333,6.0,6.0,18.868533,42.190466,1430
2010-09-09 06:00:00,0.0,12.8208,0.0,0.0,9.849266,2.3042,1430
2010-09-09 06:15:00,0.0,12.9958,0.0,-1.0,10.125866,3.24,1430
2010-09-09 06:30:00,0.0,12.8576,0.0,0.0,9.495533,18.631,1430
2010-09-09 06:45:00,0.0,13.020733,0.0,0.0,10.542933,78.038466,1430
2010-09-09 07:00:00,20.253333,13.8566,0.0,0.0,12.672666,169.194533,1430
2010-09-09 07:15:00,57.953333,14.8684,11.0,11.0,16.1074,274.790466,1430
2010-09-09 07:30:00,96.466666,15.790733,28.0,28.0,19.541866,387.0544,1430
2010-09-09 07:45:00,135.033333,18.284666,48.0,48.0,24.294333,497.324733,1430
2010-09-09 08:00:00,173.84,17.403066,68.0,68.0,27.823066,609.675066,1430
2010-09-09 08:15:00,207.4,18.6252,87.0,87.0,34.085933,718.378733,1430
2010-09-09 08:30:00,238.866666,20.0776,105.0,105.0,40.309133,820.8464659999999,1430
2010-09-09 08:45:00,261.093333,21.349466,118.0,118.0,44.5836,904.958133,1430
2010-09-09 09:00:00,268.206666,21.416666,131.0,131.0,46.222466,932.917133,1430
2010-09-09 09:15:00,274.14,21.713533,134.0,134.0,45.664933,950.907266,1430
2010-09-09 09:30:00,281.266666,23.573666,137.0,137.0,46.29,966.9088660000002,1430
2010-09-09 09:45:00,285.18,25.510733,142.0,142.0,47.781933,970.9574,1430
2010-09-09 10:00:00,286.44,25.617533,141.0,141.0,46.181466,967.4378,1430
2010-09-09 10:15:00,289.726666,25.169266,144.0,144.0,43.252666,959.960933,1430
2010-09-09 10:30:00,288.72,24.813,146.0,146.0,42.6632,948.766066,1430
2010-09-09 10:45:00,286.56,24.972933,145.0,145.0,41.835933,936.589466,1430
2010-09-09 11:00:00,284.033333,25.017466,143.0,143.0,41.983,928.009066,1430
2010-09-09 11:15:00,280.066666,25.384466,143.0,143.0,41.8866,911.168466,1430
2010-09-09 11:30:00,276.653333,25.638066,138.0,138.0,42.684666,904.373133,1430
2010-09-09 11:45:00,272.926666,26.214666,139.0,139.0,43.234666,890.0195999999999,1430
2010-09-09 12:00:00,268.713333,26.881666,137.0,137.0,45.659733,878.5553999999998,1430
2010-09-09 12:15:00,256.393333,27.4672,135.0,135.0,46.142733,881.246,1430
2010-09-09 12:30:00,245.946666,27.1826,133.0,133.0,43.108533,800.318333,1430
2010-09-09 12:45:00,229.86,27.478066,123.0,123.0,43.215466,791.8192659999999,1430
2010-09-09 13:00:00,270.006666,28.0752,119.0,119.0,45.503466,896.987933,1430
2010-09-09 13:15:00,246.273333,28.01,136.0,136.0,44.993,865.8192659999999,1430
2010-09-09 13:30:00,251.6,29.047066,131.0,131.0,47.3852,814.681866,1430
2010-09-09 13:45:00,165.926666,27.189533,119.0,119.0,39.985466,569.147666,1430
2010-09-09 14:00:00,281.206666,28.683533,97.0,97.0,45.8222,920.033733,1430
2010-09-09 14:15:00,274.54,29.217,139.0,139.0,48.339333,907.9692,1430
2010-09-09 14:30:00,262.133333,28.560866,138.0,138.0,45.9506,776.0161329999999,1430
2010-09-09 14:45:00,274.613333,28.5378,123.0,123.0,47.690333,944.6004,1430
2010-09-09 15:00:00,279.806666,30.177133,143.0,143.0,49.855866,878.5349999999999,1430
2010-09-09 15:15:00,256.34,30.0998,137.0,137.0,51.9786,955.032266,1430
2010-09-09 15:30:00,288.72,28.867133,137.0,137.0,48.651933,961.517466,1430
2010-09-09 15:45:00,286.253333,29.480533,146.0,146.0,49.752133,957.809466,1430
2010-09-09 16:00:00,197.873333,28.4916,145.0,145.0,45.5084,737.691266,1430
2010-09-09 16:15:00,113.653333,27.4162,95.0,95.0,37.640066,422.3276,1430
2010-09-09 16:30:00,121.453333,26.809666,61.0,61.0,33.329866,452.3874,1430
2010-09-09 16:45:00,207.06,27.7362,65.0,65.0,40.564066,652.826933,1430
2010-09-09 17:00:00,62.22,27.269266,110.0,110.0,34.541133,243.6472,1430
2010-09-09 17:15:00,36.653333,26.245066,29.0,29.0,28.2344,120.936066,1430
2010-09-09 17:30:00,54.713333,26.041866,18.0,18.0,27.723133,172.953266,1430
2010-09-09 17:45:00,145.466666,26.2774,32.0,32.0,32.564066,398.0204,1430
2010-09-09 18:00:00,53.453333,25.801733,67.0,67.0,28.381666,164.6474,1430
2010-09-09 18:15:00,83.29999999999998,26.215733,30.0,30.0,28.4556,230.611,1430
2010-09-09 18:30:00,49.14,25.817,41.0,41.0,27.020066,147.130466,1430
2010-09-09 18:45:00,21.6,25.077,24.0,24.0,25.0252,77.295933,1430
2010-10-01 06:00:00,0.0,14.371133,0.0,0.0,11.7934,2.095466,1430
2010-10-01 06:15:00,0.0,14.2682,0.0,0.0,11.673266,1.984,1430
2010-10-01 06:30:00,0.0,14.3508,0.0,0.0,11.4912,2.309266,1430
2010-10-01 06:45:00,0.0,14.312466,0.0,0.0,10.991666,5.722133,1430
2010-10-01 07:00:00,0.0,13.7028,0.0,0.0,10.5404,33.2998,1430
2010-10-01 07:15:00,3.38,14.299133,0.0,-1.0,11.342933,92.855,1430
2010-10-01 07:30:00,34.066666,15.3524,2.0,2.0,13.9034,166.1174,1430
2010-10-01 07:45:00,64.153333,16.404466,16.0,16.0,17.269666,270.192466,1430
2010-10-01 08:00:00,103.28,17.349666,33.0,33.0,20.886266,388.895733,1430
2010-10-01 08:15:00,141.306666,18.517066,51.0,51.0,25.959066,508.310933,1430
2010-10-01 08:30:00,174.926666,19.288533,72.0,72.0,29.9748,608.5104,1430
2010-10-01 08:45:00,208.0,19.682733,88.0,88.0,34.149666,716.700333,1430
2010-10-01 09:00:00,235.186666,17.232066,105.0,105.0,34.857933,801.4832,1430
2010-10-01 09:15:00,247.56,16.952733,117.0,117.0,32.536933,829.9154,1430
2010-10-01 09:30:00,249.44,17.794933,123.0,123.0,33.391666,837.814266,1430
2010-10-01 09:45:00,258.2,16.980533,125.0,125.0,30.535133,857.9049999999999,1430
2010-10-01 10:00:00,261.106666,17.609,129.0,129.0,30.545133,860.880533,1430
2010-10-01 10:15:00,253.6,17.001133,130.0,130.0,29.497466,833.602933,1430
2010-10-01 10:30:00,250.34,17.375266,125.0,125.0,30.806133,823.384666,1430
2010-10-01 10:45:00,246.66,17.8144,126.0,126.0,31.2732,807.6935999999998,1430
2010-10-01 11:00:00,246.166666,18.141933,123.0,123.0,32.613333,806.503266,1430
2010-10-01 11:15:00,245.953333,18.190266,123.0,123.0,33.524,808.247866,1430
2010-10-01 11:30:00,242.953333,19.169666,123.0,123.0,33.867,795.812133,1430
2010-10-01 11:45:00,241.006666,19.852733,121.0,121.0,34.724066,789.3321999999998,1430
2010-10-01 12:00:00,241.393333,20.243,120.0,120.0,33.065466,782.689333,1430
2010-10-01 12:15:00,240.48,20.422733,121.0,121.0,31.9118,775.100666,1430
2010-10-01 12:30:00,239.14,20.8456,120.0,120.0,32.437266,770.701133,1430
2010-10-01 12:45:00,239.166666,21.049866,120.0,120.0,33.245,769.165066,1430
2010-10-01 13:00:00,238.866666,20.943933,119.0,119.0,33.552133,767.023733,1430
2010-10-01 13:15:00,240.48,20.946466,118.0,118.0,33.6006,769.251466,1430
2010-10-01 13:30:00,241.853333,21.050266,121.0,121.0,34.679733,775.7211999999998,1430
2010-10-01 13:45:00,243.44,20.879333,121.0,121.0,34.769,780.878733,1430
2010-10-01 14:00:00,245.08,21.011133,122.0,122.0,34.991533,791.2088659999998,1430
2010-10-01 14:15:00,247.6,21.1336,123.0,123.0,36.322733,802.3324659999998,1430
2010-10-01 14:30:00,249.826666,21.400933,124.0,124.0,36.9632,811.157266,1430
2010-10-01 14:45:00,252.193333,21.341266,124.0,124.0,36.200066,820.9178,1430
2010-10-01 15:00:00,254.213333,21.845266,126.0,126.0,35.572,822.8098,1430
2010-10-01 15:15:00,254.766666,21.630933,128.0,128.0,35.003866,817.6728,1430
2010-10-01 15:30:00,251.913333,21.787466,128.0,128.0,35.263266,802.500266,1430
2010-10-01 15:45:00,247.28,21.697533,126.0,126.0,35.215133,780.4312,1430
2010-10-01 16:00:00,240.833333,21.538933,122.0,122.0,34.374066,753.636733,1430
2010-10-01 16:15:00,233.393333,21.832666,121.0,121.0,35.159866,724.324466,1430
2010-10-01 16:30:00,216.546666,21.5234,116.0,116.0,34.853866,673.690866,1430
2010-10-01 16:45:00,184.553333,21.6262,108.0,108.0,32.787866,562.9424,1430
2010-10-01 17:00:00,150.826666,21.802866,92.0,92.0,30.552733,446.640066,1430
2010-10-01 17:15:00,113.813333,21.1948,75.0,75.0,26.9448,333.902933,1430
2010-10-01 17:30:00,81.306666,20.846333,56.0,56.0,24.553133,238.174533,1430
2010-10-01 17:45:00,42.466666,20.463533,40.0,40.0,22.3322,132.217466,1430
2010-10-01 18:00:00,21.126666,19.890666,21.0,21.0,19.460466,72.733666,1430
2010-10-01 18:15:00,6.76,19.265,10.0,10.0,17.2222,27.445466,1430
2010-10-01 18:30:00,0.906666,18.340066,2.0,2.0,15.695066,8.55,1430
2010-10-01 18:45:00,0.0,17.9444,0.0,0.0,14.746333,2.2786,1430
2010-10-12 06:00:00,0.0,5.9922,0.0,0.0,5.6026,3.016133,1430
2010-10-12 06:15:00,0.0,5.7542,0.0,0.0,5.508733,3.0824,1430
2010-10-12 06:30:00,0.0,5.571933,0.0,0.0,5.289466,3.087466,1430
2010-10-12 06:45:00,0.0,5.3814,0.0,0.0,5.160133,3.168866,1430
2010-10-12 07:00:00,0.0,5.3244,0.0,0.0,5.179733,3.982666,1430
2010-10-12 07:15:00,0.0,5.0776,0.0,0.0,5.0176,6.907133,1430
2010-10-12 07:30:00,0.0,5.002466,0.0,-1.0,4.970466,12.97,1430
2010-10-12 07:45:00,0.0,5.072533,0.0,0.0,5.4198,33.686266,1430
2010-10-12 08:00:00,0.0,5.051866,1.0,1.0,5.265866,24.744733,1430
2010-10-12 08:15:00,0.0,4.908866,1.0,1.0,5.116066,28.228733,1430
2010-10-12 08:30:00,0.0,4.649466,1.0,1.0,4.809133,27.989733,1430
2010-10-12 08:45:00,0.0,4.5172,1.0,1.0,4.7248,34.098266,1430
2010-10-12 09:00:00,0.0,4.265733,2.0,2.0,4.462466,28.8696,1430
2010-10-12 09:15:00,0.0,4.012733,1.0,1.0,4.2366,28.279666,1430
2010-10-12 09:30:00,0.0,3.8966,2.0,2.0,4.067133,29.683466,1430
2010-10-12 09:45:00,11.313333,3.855533,1.0,1.0,4.198133,51.849466,1430
2010-10-12 10:00:00,18.64,3.784733,7.0,7.0,4.317266,65.088866,1430
2010-10-12 10:15:00,39.686666,3.9682,9.0,9.0,5.2704,126.622533,1430
2010-10-12 10:30:00,62.906666,4.314266,20.0,20.0,7.363733,191.813133,1430
2010-10-12 10:45:00,73.51999999999998,4.597,31.0,31.0,8.340932999999998,225.0162,1430
2010-10-12 11:00:00,69.02,5.095133,37.0,37.0,10.0602,212.743066,1430
2010-10-12 11:15:00,72.433333,5.3618,34.0,34.0,11.744066,222.442466,1430
2010-10-12 11:30:00,123.16,6.0672,36.0,36.0,15.838333,378.824933,1430
2010-10-12 11:45:00,182.873333,7.104333,66.0,66.0,21.912733,614.654466,1430
2010-10-12 12:00:00,258.66,7.580733,95.0,95.0,30.3298,877.878866,1430
2010-10-12 12:15:00,169.413333,7.758733,131.0,131.0,28.764066,561.5386,1430
2010-10-12 12:30:00,143.06,7.9844,91.0,91.0,26.111533,463.2314,1430
2010-10-12 12:45:00,129.26,7.884133,67.0,67.0,20.495133,428.731266,1430
2010-10-12 13:00:00,198.086666,8.6738,71.0,71.0,26.546333,636.993466,1430
2010-10-12 13:15:00,218.846666,9.249466,95.0,95.0,28.689533,683.909133,1430
2010-10-12 13:30:00,133.153333,8.694065999999998,120.0,120.0,25.746333,428.319266,1430
2010-10-12 13:45:00,118.066666,8.753199999999998,65.0,65.0,21.474666,377.802466,1430
2010-10-12 14:00:00,109.206666,8.5244,60.0,60.0,18.224533,342.809066,1430
2010-10-12 14:15:00,88.28666599999998,8.821666,55.0,55.0,17.1784,278.625466,1430
2010-10-12 14:30:00,63.88,8.760199999999998,45.0,45.0,16.0296,201.756733,1430
2010-10-12 14:45:00,50.846666,8.7894,30.0,30.0,15.0382,164.1084,1430
2010-10-12 15:00:00,57.293333,9.020466,26.0,26.0,15.107133,183.400466,1430
2010-10-12 15:15:00,61.9,9.214466,29.0,29.0,15.736333,197.937066,1430
2010-10-12 15:30:00,107.72,9.159333,31.0,31.0,17.774933,354.095533,1430
2010-10-12 15:45:00,158.36,9.692066,57.0,57.0,21.345333,526.469,1430
2010-10-12 16:00:00,271.8,9.709466,81.0,81.0,30.078933,896.336866,1430
2010-10-12 16:15:00,165.706666,9.6536,124.0,124.0,27.772,537.328066,1430
2010-10-12 16:30:00,146.606666,9.825066,77.0,77.0,24.417333,527.160733,1430
2010-10-12 16:45:00,164.453333,9.915666000000002,82.0,82.0,25.4298,585.5152,1430
2010-10-12 17:00:00,101.846666,9.256066,83.0,83.0,20.913933,353.113733,1430
2010-10-12 17:15:00,73.4,9.088533,48.0,48.0,15.053266,285.4156,1430
2010-10-12 17:30:00,56.74,8.659599999999998,38.0,38.0,13.063266,239.873266,1430
2010-10-12 17:45:00,14.793333,8.4214,27.0,27.0,9.190333,57.042333,1430
2010-10-12 18:00:00,4.733333,8.0576,7.0,7.0,6.1524,23.264666,1430
2010-10-12 18:15:00,0.853333,7.440266,2.0,2.0,4.057533,10.737,1430
2010-10-12 18:30:00,0.0,6.9316,0.0,0.0,2.9124,4.4608,1430
2010-10-12 18:45:00,0.0,7.176533,0.0,0.0,3.7626,2.960133,1430
2010-10-18 06:00:00,0.0,3.094533,0.0,0.0,0.7056,3.641733,1430
2010-10-18 06:15:00,0.0,2.9968,0.0,0.0,0.222333,3.7076,1430
2010-10-18 06:30:00,0.0,3.311933,0.0,0.0,0.4297329999999999,3.768666,1430
2010-10-18 06:45:00,0.0,3.248466,0.0,0.0,0.3662659999999999,3.860266,1430
2010-10-18 07:00:00,0.0,2.834,0.0,0.0,0.2578659999999999,5.1218,1430
2010-10-18 07:15:00,0.0,2.288466,0.0,0.0,-0.164933,14.444933,1430
2010-10-18 07:30:00,3.653333,2.7052,0.0,-1.0,0.489466,44.072533,1430
2010-10-18 07:45:00,19.66,2.946,2.0,2.0,1.886133,75.31226599999998,1430
2010-10-18 08:00:00,39.18,3.853,10.0,10.0,3.9778,135.030066,1430
2010-10-18 08:15:00,89.47333299999998,5.131266,20.0,20.0,9.4326,294.759133,1430
2010-10-18 08:30:00,111.846666,5.6834,45.0,45.0,13.537933,361.862133,1430
2010-10-18 08:45:00,100.9,6.2044,55.0,55.0,14.921466,326.299133,1430
2010-10-18 09:00:00,135.686666,6.750466,50.0,50.0,18.264733,443.120133,1430
2010-10-18 09:15:00,158.753333,7.1104,69.0,69.0,21.843933,524.164733,1430
2010-10-18 09:30:00,84.953333,6.953933,74.0,74.0,18.337666,297.597333,1430
2010-10-18 09:45:00,89.026666,7.081466,42.0,42.0,16.666133,307.011933,1430
2010-10-18 10:00:00,141.206666,7.543933,44.0,44.0,19.7968,465.291266,1430
2010-10-18 10:15:00,105.62,7.936933,69.0,69.0,20.171333,358.5918,1430
2010-10-18 10:30:00,169.773333,8.101732999999998,53.0,53.0,22.0056,561.513333,1430
2010-10-18 10:45:00,169.7,8.732599999999998,84.0,84.0,23.946333,572.9268,1430
2010-10-18 11:00:00,135.86,8.745266,85.0,85.0,22.775466,455.113666,1430
2010-10-18 11:15:00,172.733333,8.6414,66.0,66.0,22.829066,593.083733,1430
2010-10-18 11:30:00,162.62,9.2992,89.0,89.0,23.276266,545.170933,1430
2010-10-18 11:45:00,187.386666,9.817733,82.0,82.0,24.948533,629.969333,1430
2010-10-18 12:00:00,191.92,10.196333,94.0,94.0,27.0048,647.450733,1430
2010-10-18 12:15:00,185.053333,10.297533,95.0,95.0,26.803866,622.614533,1430
2010-10-18 12:30:00,205.033333,10.010066,92.0,92.0,25.8866,692.682866,1430
2010-10-18 12:45:00,230.393333,10.7778,104.0,104.0,26.6048,770.523,1430
2010-10-18 13:00:00,227.113333,10.617333,113.0,113.0,26.780866,760.2082,1430
2010-10-18 13:15:00,205.08,10.9524,113.0,113.0,26.884866,685.226533,1430
2010-10-18 13:30:00,177.34,11.133333,102.0,102.0,25.841066,585.6476,1430
2010-10-18 13:45:00,167.433333,11.148533,86.0,86.0,21.5104,555.1758,1430
2010-10-18 14:00:00,173.78,11.233133,86.0,86.0,22.445,578.928666,1430
2010-10-18 14:15:00,198.68,10.925266,87.0,87.0,23.6362,661.254933,1430
2010-10-18 14:30:00,209.386666,11.2762,100.0,100.0,25.831266,689.646466,1430
2010-10-18 14:45:00,95.58,11.299933,101.0,101.0,20.8914,324.859466,1430
2010-10-18 15:00:00,164.18,11.386933,48.0,48.0,22.171133,547.195333,1430
2010-10-18 15:15:00,48.186666,10.994666,82.0,82.0,16.7972,156.946933,1430
2010-10-18 15:30:00,30.34,10.6406,22.0,22.0,12.473066,106.287533,1430
2010-10-18 15:45:00,25.24,10.476066,14.0,14.0,11.9636,86.847933,1430
2010-10-18 16:00:00,7.78,9.942933,12.0,12.0,10.558666,32.506266,1430
2010-10-18 16:15:00,7.346666,9.5932,3.0,3.0,9.814666,31.204333,1430
2010-10-18 16:30:00,18.446666,9.482066,4.0,4.0,9.463333,65.673933,1430
2010-10-18 16:45:00,39.033333,9.357666,9.0,9.0,9.114866,125.574733,1430
2010-10-18 17:00:00,27.086666,8.881999999999998,19.0,19.0,9.2724,90.611733,1430
2010-10-18 17:15:00,8.326665999999998,8.146,13.0,13.0,8.621399999999998,33.233733,1430
2010-10-18 17:30:00,4.673333,7.4222,3.0,3.0,7.2948,21.8556,1430
2010-10-18 17:45:00,1.853333,7.358733,2.0,2.0,7.236932999999999,13.728,1430
2010-10-18 18:00:00,0.0,7.383533,1.0,1.0,6.999666,5.584733,1430
2010-10-18 18:15:00,0.0,6.4596,0.0,0.0,5.420933,3.697666,1430
2010-10-18 18:30:00,0.0,6.358866,0.0,0.0,4.862666,3.051733,1430
2010-10-18 18:45:00,0.0,6.210133,0.0,0.0,4.675133,3.036466,1430
2010-10-20 06:00:00,0.0,8.147066,0.0,0.0,5.8782,2.955133,1430
2010-10-20 06:15:00,0.0,6.449933,0.0,0.0,3.8058,2.878866,1430
2010-10-20 06:30:00,0.0,6.540866,0.0,0.0,3.546133,3.016133,1430
2010-10-20 06:45:00,0.0,5.9904,0.0,-1.0,2.648333,3.214533,1430
2010-10-20 07:00:00,0.0,5.0544,0.0,0.0,1.999333,5.096333,1430
2010-10-20 07:15:00,0.0,4.840533,0.0,0.0,1.6748,22.567733,1430
2010-10-20 07:30:00,6.946666,5.753533,0.0,0.0,2.934266,79.793333,1430
2010-10-20 07:45:00,37.006666,6.274066,4.0,4.0,5.554066,160.283266,1430
2010-10-20 08:00:00,71.606666,7.221466,18.0,18.0,9.559333,257.720866,1430
2010-10-20 08:15:00,106.733333,8.293732999999998,35.0,35.0,14.460933,362.4522,1430
2010-10-20 08:30:00,146.34,9.479666000000002,54.0,54.0,20.409133,482.121733,1430
2010-10-20 08:45:00,179.266666,10.080266,74.0,74.0,24.736066,595.728533,1430
2010-10-20 09:00:00,212.393333,11.740066,91.0,91.0,28.9296,708.765733,1430
2010-10-20 09:15:00,238.34,12.963666,107.0,107.0,33.4032,811.116533,1430
2010-10-20 09:30:00,244.633333,13.7668,120.0,120.0,36.4228,846.7458,1430
2010-10-20 09:45:00,244.113333,14.988466,121.0,121.0,38.886733,857.3352,1430
2010-10-20 10:00:00,243.806666,16.558133,122.0,122.0,39.280933,860.931266,1430
2010-10-20 10:15:00,242.42,16.386533,122.0,122.0,38.943466,858.4339999999999,1430
2010-10-20 10:30:00,239.306666,16.881733,121.0,121.0,39.185666,849.604266,1430
2010-10-20 10:45:00,234.946666,17.4926,120.0,120.0,39.232133,834.925333,1430
2010-10-20 11:00:00,230.22,17.248466,116.0,116.0,38.457666,817.947266,1430
2010-10-20 11:15:00,226.16,17.604866,115.0,115.0,37.355,801.6254659999998,1430
2010-10-20 11:30:00,222.8,17.419066,113.0,113.0,35.719133,786.9059999999998,1430
2010-10-20 11:45:00,218.933333,17.435333,111.0,111.0,34.312666,771.8252,1430
2010-10-20 12:00:00,216.313333,17.655133,109.0,109.0,33.765266,762.486933,1430
2010-10-20 12:15:00,213.5,17.3008,108.0,108.0,34.0764,752.461866,1430
2010-10-20 12:30:00,213.266666,17.2958,106.0,106.0,32.585866,748.112933,1430
2010-10-20 12:45:00,214.126666,17.3668,106.0,106.0,32.413066,750.0863329999999,1430
2010-10-20 13:00:00,214.813333,17.271066,108.0,108.0,33.654466,752.802466,1430
2010-10-20 13:15:00,217.326666,17.545266,107.0,107.0,33.997666,760.5184,1430
2010-10-20 13:30:00,218.313333,17.2578,109.0,109.0,34.595533,766.891466,1430
2010-10-20 13:45:00,221.373333,17.606466,108.0,108.0,35.437266,778.543933,1430
2010-10-20 14:00:00,226.766666,17.773666,111.0,111.0,35.574533,795.796733,1430
2010-10-20 14:15:00,230.013333,17.935933,114.0,114.0,36.4606,807.7596,1430
2010-10-20 14:30:00,233.653333,18.004733,115.0,115.0,37.327066,821.431466,1430
2010-10-20 14:45:00,235.986666,17.8336,117.0,117.0,37.8142,832.3363329999999,1430
2010-10-20 15:00:00,237.753333,17.9524,119.0,119.0,38.0484,839.3198,1430
2010-10-20 15:15:00,238.173333,18.204066,118.0,118.0,37.843133,837.295466,1430
2010-10-20 15:30:00,236.013333,18.360266,119.0,119.0,38.178133,830.932533,1430
2010-10-20 15:45:00,233.933333,18.150133,118.0,118.0,37.314133,820.744866,1430
2010-10-20 16:00:00,224.54,18.094466,117.0,117.0,37.953133,799.291,1430
2010-10-20 16:15:00,197.98,17.985866,113.0,113.0,36.684,715.4286,1430
2010-10-20 16:30:00,164.133333,17.674933,97.0,97.0,32.438066,604.817666,1430
2010-10-20 16:45:00,130.646666,17.423733,83.0,83.0,28.0256,495.585133,1430
2010-10-20 17:00:00,93.746666,17.239,65.0,65.0,24.530866,379.236933,1430
2010-10-20 17:15:00,60.106666,16.946733,48.0,48.0,20.683466,273.285,1430
2010-10-20 17:30:00,29.513333,16.434266,30.0,30.0,16.779333,171.4682,1430
2010-10-20 17:45:00,4.2,15.4604,14.0,14.0,12.913,24.581866,1430
2010-10-20 18:00:00,0.5733329999999999,15.1052,1.0,1.0,11.3764,9.124866,1430
2010-10-20 18:15:00,0.0,13.990466,0.0,-1.0,10.852666,4.109733,1430
2010-10-20 18:30:00,0.0,13.376133,0.0,0.0,9.389733,1.9988,1430
2010-10-20 18:45:00,0.0,12.685066,0.0,0.0,7.584933,2.0498,1430
2010-10-21 06:00:00,0.0,6.440933,0.0,0.0,3.362933,3.128133,1430
2010-10-21 06:15:00,0.0,5.7434,0.0,0.0,2.4658,3.123133,1430
2010-10-21 06:30:00,0.0,5.154866,0.0,0.0,1.765466,3.229933,1430
2010-10-21 06:45:00,0.0,5.293,0.0,0.0,1.215933,3.4434,1430
2010-10-21 07:00:00,0.0,6.3466,0.0,0.0,2.320133,6.1086,1430
2010-10-21 07:15:00,0.0,6.6948,0.0,-1.0,3.419466,23.844333,1430
2010-10-21 07:30:00,3.6,7.1856,0.0,0.0,4.595266,71.777266,1430
2010-10-21 07:45:00,33.36,7.3018,2.0,2.0,6.727933,149.6226,1430
2010-10-21 08:00:00,65.16,7.454132999999999,16.0,16.0,9.503733,239.435666,1430
2010-10-21 08:15:00,99.526666,9.142133,33.0,33.0,13.984133,340.647266,1430
2010-10-21 08:30:00,131.206666,10.631533,50.0,50.0,19.893933,442.026933,1430
2010-10-21 08:45:00,167.446666,11.777933,67.0,67.0,24.521533,566.3148,1430
2010-10-21 09:00:00,196.06,12.6062,83.0,83.0,27.908066,662.424666,1430
2010-10-21 09:15:00,227.326666,13.2476,99.0,99.0,30.7696,778.6203329999998,1430
2010-10-21 09:30:00,236.333333,13.852133,115.0,115.0,34.633866,825.627733,1430
2010-10-21 09:45:00,239.933333,13.712133,118.0,118.0,36.241533,848.266533,1430
2010-10-21 10:00:00,225.446666,13.678133,120.0,120.0,34.2554,803.110666,1430
2010-10-21 10:15:00,211.693333,14.515,113.0,113.0,33.1144,750.7018,1430
2010-10-21 10:30:00,156.126666,14.497,104.0,104.0,29.775133,559.239733,1430
2010-10-21 10:45:00,151.58,13.679,78.0,78.0,26.7164,528.9154,1430
2010-10-21 11:00:00,142.106666,13.802133,76.0,76.0,26.608466,495.539333,1430
2010-10-21 11:15:00,150.1,13.8444,71.0,71.0,25.9916,532.079066,1430
2010-10-21 11:30:00,168.92,13.662333,78.0,78.0,27.4388,581.308933,1430
2010-10-21 11:45:00,221.96,14.496866,82.0,82.0,31.395133,787.6128,1430
2010-10-21 12:00:00,198.986666,15.2916,113.0,113.0,34.2562,699.112,1430
2010-10-21 12:15:00,181.78,15.9314,100.0,100.0,32.8954,620.310533,1430
2010-10-21 12:30:00,191.113333,16.357666,85.0,85.0,31.410133,684.4432,1430
2010-10-21 12:45:00,215.486666,16.5876,100.0,100.0,32.878533,749.013266,1430
2010-10-21 13:00:00,209.346666,16.6952,107.0,107.0,33.260133,736.114466,1430
2010-10-21 13:15:00,212.633333,17.181066,104.0,104.0,33.278333,746.1752,1430
2010-10-21 13:30:00,213.5,17.4732,107.0,107.0,33.1932,750.3153999999998,1430
2010-10-21 13:45:00,216.993333,17.804133,107.0,107.0,34.9542,762.364666,1430
2010-10-21 14:00:00,219.846666,18.543333,109.0,109.0,37.298,776.306133,1430
2010-10-21 14:15:00,221.18,18.1402,110.0,110.0,37.708866,781.8958659999998,1430
2010-10-21 14:30:00,217.486666,18.389533,110.0,110.0,36.4564,789.037133,1430
2010-10-21 14:45:00,172.253333,18.398066,110.0,110.0,32.983133,583.8014,1430
2010-10-21 15:00:00,174.1,18.308533,79.0,79.0,29.269533,610.9214,1430
2010-10-21 15:15:00,202.84,19.087933,89.0,89.0,34.6522,693.8222,1430
2010-10-21 15:30:00,233.88,18.776666,101.0,101.0,33.772533,818.8884,1430
2010-10-21 15:45:00,234.833333,18.618066,119.0,119.0,34.778466,821.1162,1430
2010-10-21 16:00:00,174.606666,18.4456,115.0,115.0,32.4988,617.0604,1430
2010-10-21 16:15:00,85.746666,17.619066,85.0,85.0,24.887,286.834533,1430
2010-10-21 16:30:00,50.34,17.297733,39.0,39.0,20.302666,175.888066,1430
2010-10-21 16:45:00,126.353333,17.312133,25.0,25.0,22.6718,455.4496,1430
2010-10-21 17:00:00,51.446666,16.751866,62.0,62.0,20.507866,193.878133,1430
2010-10-21 17:15:00,25.933333,16.259866,24.0,24.0,17.194733,108.7494,1430
2010-10-21 17:30:00,6.533333,15.6364,12.0,12.0,14.509333,29.8666,1430
2010-10-21 17:45:00,2.373333,14.907333,3.0,3.0,12.424666,14.689066,1430
2010-10-21 18:00:00,0.266666,14.0482,0.0,0.0,10.716133,7.263266,1430
2010-10-21 18:15:00,0.0,13.6382,0.0,0.0,9.8802,2.919466,1430
2010-10-21 18:30:00,0.0,13.345466,0.0,-1.0,9.174266,1.968466,1430
2010-10-21 18:45:00,0.0,13.695733,0.0,0.0,10.7174,1.989,1430
2010-10-03 06:00:00,0.0,5.760266,0.0,0.0,2.6266,3.311266,1430
2010-10-03 06:15:00,0.0,5.4488,0.0,0.0,2.518133,3.357066,1430
2010-10-03 06:30:00,0.0,4.9626,0.0,0.0,2.536333,3.570533,1430
2010-10-03 06:45:00,0.0,4.852466,0.0,0.0,2.466933,6.073,1430
2010-10-03 07:00:00,0.0,5.821933,0.0,-1.0,2.773466,35.614066,1430
2010-10-03 07:15:00,12.826666,7.008733,0.0,0.0,4.148333,112.625066,1430
2010-10-03 07:30:00,42.766666,8.154266,7.0,7.0,6.453266,211.929266,1430
2010-10-03 07:45:00,78.166666,8.901333,21.0,21.0,8.828865999999998,315.867066,1430
2010-10-03 08:00:00,116.28,9.738533,38.0,38.0,12.2672,420.888333,1430
2010-10-03 08:15:00,152.366666,10.4824,59.0,59.0,17.901866,535.9956,1430
2010-10-03 08:30:00,186.053333,11.357333,77.0,77.0,24.131266,637.537733,1430
2010-10-03 08:45:00,217.38,12.375466,93.0,93.0,28.9282,740.2088659999998,1430
2010-10-03 09:00:00,242.313333,13.791133,110.0,110.0,34.4348,828.211533,1430
2010-10-03 09:15:00,251.98,15.115466,120.0,120.0,36.5058,870.986933,1430
2010-10-03 09:30:00,251.973333,16.659333,126.0,126.0,39.939733,895.151733,1430
2010-10-03 09:45:00,176.32,15.023866,128.0,128.0,34.3308,639.907733,1430
2010-10-03 10:00:00,256.986666,17.672733,92.0,92.0,40.128866,876.108733,1430
2010-10-03 10:15:00,256.486666,19.717533,130.0,130.0,42.303933,869.140666,1430
2010-10-03 10:30:00,254.166666,19.711266,128.0,128.0,42.724,854.253066,1430
2010-10-03 10:45:00,251.0,19.199066,126.0,126.0,42.082933,842.8038,1430
2010-10-03 11:00:00,249.166666,20.055,125.0,125.0,43.157333,836.5172659999998,1430
2010-10-03 11:15:00,223.6,20.6422,124.0,124.0,43.5234,759.8723999999999,1430
2010-10-03 11:30:00,147.966666,19.388666,106.0,106.0,33.0344,487.482733,1430
2010-10-03 11:45:00,204.453333,21.0132,77.0,77.0,39.696933,690.984133,1430
2010-10-03 12:00:00,238.326666,21.1646,101.0,101.0,38.993866,798.1974,1430
2010-10-03 12:15:00,255.986666,22.0032,123.0,123.0,42.193933,851.867666,1430
2010-10-03 12:30:00,133.346666,21.4598,124.0,124.0,36.281266,426.956266,1430
2010-10-03 12:45:00,211.726666,21.9376,63.0,63.0,34.849466,724.3449329999999,1430
2010-10-03 13:00:00,243.62,22.917333,115.0,115.0,40.0266,794.179333,1430
2010-10-03 13:15:00,247.933333,23.413666,122.0,122.0,42.391933,814.7838,1430
2010-10-03 13:30:00,241.733333,23.4226,121.0,121.0,43.092266,787.7603329999998,1430
2010-10-03 13:45:00,208.446666,23.532,123.0,123.0,41.471866,671.5444,1430
2010-10-03 14:00:00,210.533333,23.8612,104.0,104.0,41.463933,737.1368,1430
2010-10-03 14:15:00,143.573333,22.871733,107.0,107.0,33.5822,434.931333,1430
2010-10-03 14:30:00,111.486666,22.996733,72.0,72.0,32.800133,377.365066,1430
2010-10-03 14:45:00,134.993333,23.3778,57.0,57.0,34.407733,433.324133,1430
2010-10-03 15:00:00,100.893333,23.202333,68.0,68.0,32.254,338.709466,1430
2010-10-03 15:15:00,183.006666,23.715333,50.0,50.0,35.861933,620.997133,1430
2010-10-03 15:30:00,241.42,24.2446,90.0,90.0,41.388333,780.5276659999998,1430
2010-10-03 15:45:00,203.18,24.229533,118.0,118.0,46.8588,661.076866,1430
2010-10-03 16:00:00,97.473333,23.6052,93.0,93.0,33.993866,325.968466,1430
2010-10-03 16:15:00,180.506666,23.740333,49.0,49.0,34.375266,581.843066,1430
2010-10-03 16:30:00,163.44,23.754533,94.0,94.0,37.658533,526.7486,1430
2010-10-03 16:45:00,152.1,23.440466,81.0,81.0,33.114,474.904466,1430
2010-10-03 17:00:00,113.513333,22.8814,78.0,78.0,30.271533,344.767266,1430
2010-10-03 17:15:00,83.34,22.538866,56.0,56.0,26.7062,251.017266,1430
2010-10-03 17:30:00,50.413333,22.143866,40.0,40.0,24.191066,154.571533,1430
2010-10-03 17:45:00,15.473333,20.835866,24.0,24.0,20.2842,52.5158,1430
2010-10-03 18:00:00,13.24,19.6094,7.0,7.0,18.447533,47.826066,1430
2010-10-03 18:15:00,4.28,19.3826,6.0,6.0,17.253133,19.719466,1430
2010-10-03 18:30:00,0.0733329999999999,19.078133,2.0,2.0,16.6908,5.498133,1430
2010-10-03 18:45:00,0.0,18.6494,0.0,0.0,16.122533,1.363066,1430
2010-10-04 06:00:00,0.0,11.600133,0.0,0.0,6.9982,3.194333,1430
2010-10-04 06:15:00,0.0,11.4836,0.0,0.0,8.219666,3.0416,1430
2010-10-04 06:30:00,0.0,11.3556,0.0,0.0,8.599666,3.0516,1430
2010-10-04 06:45:00,0.0,11.2404,0.0,0.0,8.058533,4.8218,1430
2010-10-04 07:00:00,0.0,11.021066,0.0,0.0,7.565933,19.327733,1430
2010-10-04 07:15:00,0.0,11.057733,0.0,0.0,8.2666,69.595333,1430
2010-10-04 07:30:00,29.293333,13.867866,0.0,-1.0,11.2528,152.3794,1430
2010-10-04 07:45:00,60.046666,15.419066,14.0,14.0,15.768466,262.944533,1430
2010-10-04 08:00:00,95.646666,16.608866,30.0,30.0,19.973133,370.254466,1430
2010-10-04 08:15:00,131.266666,17.277733,49.0,49.0,23.907133,477.411866,1430
2010-10-04 08:30:00,167.013333,18.991333,66.0,66.0,27.4464,586.4562,1430
2010-10-04 08:45:00,198.926666,19.8606,83.0,83.0,30.185,686.340333,1430
2010-10-04 09:00:00,226.733333,20.990333,101.0,101.0,35.7634,778.3712,1430
2010-10-04 09:15:00,233.52,22.4312,113.0,113.0,42.173,804.1536,1430
2010-10-04 09:30:00,238.686666,22.5168,117.0,117.0,43.138133,826.5330659999998,1430
2010-10-04 09:45:00,248.1,22.460266,119.0,119.0,43.4426,849.7874,1430
2010-10-04 10:00:00,252.593333,21.772466,123.0,123.0,40.617333,870.035866,1430
2010-10-04 10:15:00,238.526666,21.302933,126.0,126.0,40.450866,835.901933,1430
2010-10-04 10:30:00,256.2,22.476266,121.0,121.0,42.6264,870.666466,1430
2010-10-04 10:45:00,221.24,23.9392,127.0,127.0,43.464933,753.616266,1430
2010-10-04 11:00:00,102.466666,21.865333,105.0,105.0,31.841266,340.555866,1430
2010-10-04 11:15:00,145.753333,21.748133,50.0,50.0,31.214666,467.066466,1430
2010-10-04 11:30:00,131.54,21.854133,75.0,75.0,32.294266,422.7906,1430
2010-10-04 11:45:00,163.966666,22.1542,63.0,63.0,33.433533,533.721933,1430
2010-10-04 12:00:00,113.4,22.1658,82.0,82.0,32.8586,363.245666,1430
2010-10-04 12:15:00,118.653333,21.974733,56.0,56.0,31.068133,383.066733,1430
2010-10-04 12:30:00,198.713333,23.0204,61.0,61.0,36.960933,677.861533,1430
2010-10-04 12:45:00,241.193333,23.549666,104.0,104.0,42.2428,803.634733,1430
2010-10-04 13:00:00,200.086666,23.416066,121.0,121.0,40.113133,642.517133,1430
2010-10-04 13:15:00,99.433333,22.9538,98.0,98.0,31.477933,318.547533,1430
2010-10-04 13:30:00,105.033333,23.0152,48.0,48.0,30.2224,331.609066,1430
2010-10-04 13:45:00,122.42,23.187533,52.0,52.0,30.2706,395.360333,1430
2010-10-04 14:00:00,231.006666,24.0222,64.0,64.0,37.185666,685.430066,1430
2010-10-04 14:15:00,110.646666,23.241866,105.0,105.0,32.767,399.988933,1430
2010-10-04 14:30:00,59.673333,22.360066,62.0,62.0,27.203,204.3712,1430
2010-10-04 14:45:00,164.186666,23.013533,30.0,30.0,30.957533,545.817066,1430
2010-10-04 15:00:00,162.326666,23.158133,91.0,91.0,35.053333,529.968066,1430
2010-10-04 15:15:00,89.72,21.8678,77.0,77.0,28.160466,294.81,1430
2010-10-04 15:30:00,58.193333,21.867333,44.0,44.0,25.849866,197.169,1430
2010-10-04 15:45:00,43.54,21.699933,29.0,29.0,24.6982,151.4994,1430
2010-10-04 16:00:00,60.946666,20.806866,21.0,21.0,23.603733,203.908266,1430
2010-10-04 16:15:00,112.486666,21.150466,31.0,31.0,26.142133,357.599933,1430
2010-10-04 16:30:00,134.333333,21.206733,56.0,56.0,29.472466,436.889733,1430
2010-10-04 16:45:00,133.273333,21.2214,73.0,73.0,33.4008,412.7604,1430
2010-10-04 17:00:00,17.026666,19.969133,61.0,61.0,21.240466,57.856333,1430
2010-10-04 17:15:00,28.346666,19.592666,8.0,8.0,19.537533,88.23139999999998,1430
2010-10-04 17:30:00,39.16,19.543266,14.0,14.0,19.942933,132.6346,1430
2010-10-04 17:45:00,51.726666,20.053266,21.0,21.0,22.803133,166.432666,1430
2010-10-04 18:00:00,17.246666,19.793466,26.0,26.0,20.7674,56.681266,1430
2010-10-04 18:15:00,4.973333,19.121266,7.0,7.0,17.239866,20.853733,1430
2010-10-04 18:30:00,0.0599999999999999,18.0736,2.0,2.0,15.1506,4.201266,1430
2010-10-04 18:45:00,0.0,17.379733,0.0,0.0,13.802866,1.2766,1430
2010-10-05 06:00:00,0.0,12.839466,0.0,0.0,9.919266,2.268733,1430
2010-10-05 06:15:00,0.0,11.673666,0.0,0.0,8.543,2.283933,1430
2010-10-05 06:30:00,0.0,11.972333,0.0,-1.0,8.236665999999998,2.5736,1430
2010-10-05 06:45:00,0.0,12.307333,0.0,0.0,8.9498,4.5166,1430
2010-10-05 07:00:00,0.0,12.405,0.0,0.0,9.881266,35.878533,1430
2010-10-05 07:15:00,1.026666,12.792266,0.0,0.0,10.947133,110.722733,1430
2010-10-05 07:30:00,36.606666,13.2742,1.0,1.0,13.139133,203.4608,1430
2010-10-05 07:45:00,70.633333,14.202466,17.0,17.0,15.965266,308.324066,1430
2010-10-05 08:00:00,110.686666,14.944866,35.0,35.0,19.379933,426.59,1430
2010-10-05 08:15:00,152.56,16.190133,56.0,56.0,23.515733,543.899533,1430
2010-10-05 08:30:00,181.926666,16.7396,77.0,77.0,26.5756,633.6772,1430
2010-10-05 08:45:00,213.66,17.357933,91.0,91.0,29.5908,727.376333,1430
2010-10-05 09:00:00,240.613333,18.2622,108.0,108.0,33.727266,815.948533,1430
2010-10-05 09:15:00,248.546666,19.2154,121.0,121.0,38.815466,844.451933,1430
2010-10-05 09:30:00,249.926666,18.729,123.0,123.0,38.691666,858.1237999999998,1430
2010-10-05 09:45:00,250.96,19.106933,125.0,125.0,39.965666,861.9842,1430
2010-10-05 10:00:00,252.106666,19.475466,126.0,126.0,39.843266,859.9803329999999,1430
2010-10-05 10:15:00,251.66,19.473466,127.0,127.0,38.4914,853.5512,1430
2010-10-05 10:30:00,249.113333,19.632733,126.0,126.0,37.9024,840.281066,1430
2010-10-05 10:45:00,245.906666,19.9842,123.0,123.0,37.255733,825.9074,1430
2010-10-05 11:00:00,243.24,20.062333,123.0,123.0,36.048933,812.7544,1430
2010-10-05 11:15:00,240.233333,20.185733,122.0,122.0,35.5628,799.301133,1430
2010-10-05 11:30:00,236.84,20.358533,120.0,120.0,35.058,786.3565999999998,1430
2010-10-05 11:45:00,234.053333,20.669,118.0,118.0,35.298733,775.5533329999998,1430
2010-10-05 12:00:00,232.586666,21.170866,118.0,118.0,35.232933,767.624,1430
2010-10-05 12:15:00,230.286666,21.386666,114.0,114.0,35.792,759.897866,1430
2010-10-05 12:30:00,230.553333,21.519866,116.0,116.0,35.807533,756.6630659999998,1430
2010-10-05 12:45:00,231.02,21.764266,115.0,115.0,37.134733,757.6192,1430
2010-10-05 13:00:00,233.36,22.217866,115.0,115.0,37.197533,764.5619329999998,1430
2010-10-05 13:15:00,240.9,22.1004,117.0,117.0,37.0328,742.106066,1430
2010-10-05 13:30:00,230.266666,22.2532,117.0,117.0,36.922666,764.2263329999998,1430
2010-10-05 13:45:00,155.753333,22.0244,115.0,115.0,33.0162,495.966733,1430
2010-10-05 14:00:00,106.12,21.568266,78.0,78.0,28.8356,341.8326,1430
2010-10-05 14:15:00,83.993333,21.162066,48.0,48.0,26.067133,274.368333,1430
2010-10-05 14:30:00,123.426666,21.657666,42.0,42.0,28.3066,422.815933,1430
2010-10-05 14:45:00,135.306666,21.842,62.0,62.0,28.456866,443.216866,1430
2010-10-05 15:00:00,245.533333,22.673533,71.0,71.0,36.355666,811.2132,1430
2010-10-05 15:15:00,78.48,21.9142,121.0,121.0,29.671933,259.0738,1430
2010-10-05 15:30:00,63.413333,21.7414,39.0,39.0,27.172866,210.851066,1430
2010-10-05 15:45:00,54.806666,21.545066,30.0,30.0,25.0788,188.807266,1430
2010-10-05 16:00:00,80.33333299999998,21.533533,29.0,29.0,26.040266,262.110266,1430
2010-10-05 16:15:00,183.853333,21.8408,40.0,40.0,30.2012,579.295,1430
2010-10-05 16:30:00,189.44,22.4522,95.0,95.0,36.353933,598.7092,1430
2010-10-05 16:45:00,127.56,21.910333,93.0,93.0,29.452933,388.580333,1430
2010-10-05 17:00:00,72.546666,21.701333,63.0,63.0,27.774066,209.615133,1430
2010-10-05 17:15:00,19.646666,20.769666,32.0,32.0,21.325,65.684,1430
2010-10-05 17:30:00,16.613333,20.6602,9.0,9.0,20.313733,58.100466,1430
2010-10-05 17:45:00,13.62,20.354,8.0,8.0,19.533266,47.612466,1430
2010-10-05 18:00:00,6.733333,19.979666,6.0,6.0,18.646466,26.7842,1430
2010-10-05 18:15:00,2.486666,19.91,3.0,3.0,18.238533,13.402333,1430
2010-10-05 18:30:00,0.0,19.756533,0.0,0.0,17.831933,3.514466,1430
2010-10-05 18:45:00,0.0,19.3646,0.0,-1.0,16.881733,0.768,1430
2010-10-06 06:00:00,0.0,11.887333,0.0,0.0,11.105066,2.299133,1430
2010-10-06 06:15:00,0.0,11.857466,0.0,0.0,11.376333,2.278866,1430
2010-10-06 06:30:00,0.0,11.7052,0.0,0.0,11.398533,2.278866,1430
2010-10-06 06:45:00,0.0,11.703933,0.0,0.0,11.343533,2.639733,1430
2010-10-06 07:00:00,0.0,11.598266,0.0,-1.0,11.365533,5.8136,1430
2010-10-06 07:15:00,0.0,11.449866,0.0,0.0,11.351666,11.652666,1430
2010-10-06 07:30:00,0.0,11.302666,0.0,0.0,11.404,17.451066,1430
2010-10-06 07:45:00,0.0,11.107333,0.0,0.0,11.476866,27.618466,1430
2010-10-06 08:00:00,0.0,10.967466,0.0,-1.0,11.598066,41.3972,1430
2010-10-06 08:15:00,0.0,10.880466,0.0,0.0,11.724466,46.264666,1430
2010-10-06 08:30:00,11.826666,10.984266,0.0,0.0,12.185133,64.214066,1430
2010-10-06 08:45:00,20.933333,10.9296,7.0,7.0,12.2606,72.5862,1430
2010-10-06 09:00:00,20.5,10.960866,10.0,10.0,12.403333,72.21466599999998,1430
2010-10-06 09:15:00,20.233333,10.896066,10.0,10.0,12.417333,70.2922,1430
2010-10-06 09:30:00,22.02,10.814133,9.0,9.0,12.31,75.464866,1430
2010-10-06 09:45:00,28.286666,10.950733,11.0,11.0,12.7034,97.1476,1430
2010-10-06 10:00:00,29.3,11.749933,14.0,14.0,14.518666,121.7296,1430
2010-10-06 10:15:00,41.033333,11.875733,10.0,10.0,15.379933,136.0322,1430
2010-10-06 10:30:00,39.72,11.543866,10.0,10.0,15.467933,129.8014,1430
2010-10-06 10:45:00,68.593333,11.885266,10.0,10.0,17.728133,222.819,1430
2010-10-06 11:00:00,130.153333,12.726,17.0,17.0,23.214266,430.836933,1430
2010-10-06 11:15:00,51.536363,12.776333,34.0,34.0,24.838,332.341533,1430
2010-10-06 11:30:00,112.086666,12.226866,34.0,34.0,20.548266,356.028333,1430
2010-10-06 11:45:00,169.033333,12.837866,28.0,28.0,23.125866,487.1064,1430
2010-10-06 12:00:00,202.166666,13.270266,45.0,45.0,26.366666,538.3506,1430
2010-10-06 12:15:00,209.38,27.369666,65.0,65.0,39.111466,211.171333,1430
2010-10-06 12:30:00,229.54,15.389066,107.0,107.0,31.971666,807.8206,1430
2010-10-06 12:45:00,203.74,14.606733,118.0,118.0,31.409933,721.2626659999999,1430
2010-10-06 13:00:00,173.513333,14.137933,92.0,92.0,26.091066,577.575666,1430
2010-10-06 13:15:00,184.346666,14.263933,90.0,90.0,26.880466,612.416466,1430
2010-10-06 13:30:00,149.94,14.3692,95.0,95.0,26.894933,495.8394,1430
2010-10-06 13:45:00,135.36,13.9562,72.0,72.0,23.8756,445.2718,1430
2010-10-06 14:00:00,237.4,14.583066,70.0,70.0,29.513066,783.467666,1430
2010-10-06 14:15:00,190.393333,15.1812,120.0,120.0,33.609133,669.6726,1430
2010-10-06 14:30:00,90.413333,14.741133,101.0,101.0,24.022,301.233933,1430
2010-10-06 14:45:00,61.386666,14.280666,43.0,43.0,19.1124,204.925466,1430
2010-10-06 15:00:00,102.426666,14.452066,32.0,32.0,20.5682,374.6948,1430
2010-10-06 15:15:00,191.186666,15.375466,61.0,61.0,30.039866,630.233733,1430
2010-10-06 15:30:00,71.06,14.729533,86.0,86.0,21.847733,240.499,1430
2010-10-06 15:45:00,70.026666,15.2064,37.0,37.0,21.779733,230.829733,1430
2010-10-06 16:00:00,54.666666,14.8974,37.0,37.0,20.243,182.362933,1430
2010-10-06 16:15:00,50.686666,14.8538,27.0,27.0,19.460933,177.007133,1430
2010-10-06 16:30:00,50.126666,14.7932,25.0,25.0,20.583466,166.773333,1430
2010-10-06 16:45:00,35.893333,14.627066,24.0,24.0,18.5086,119.2474,1430
2010-10-06 17:00:00,12.226666,14.320133,17.0,17.0,15.3404,42.846733,1430
2010-10-06 17:15:00,3.633333,13.770533,5.0,5.0,12.525,17.573066,1430
2010-10-06 17:30:00,3.906666,13.461266,1.0,1.0,11.749866,18.590466,1430
2010-10-06 17:45:00,1.346666,13.330266,2.0,2.0,11.524733,10.844,1430
2010-10-06 18:00:00,0.0,13.439666,0.0,0.0,11.801266,7.1156,1430
2010-10-06 18:15:00,0.0,13.293533,0.0,-1.0,11.8324,6.703666,1430
2010-10-06 18:30:00,0.0,13.504266,0.0,0.0,12.621933,2.456933,1430
2010-10-06 18:45:00,0.0,13.385133,0.0,0.0,11.98,2.029666,1430
2010-10-07 06:00:00,0.0,11.043533,0.0,0.0,7.851933,2.848333,1430
2010-10-07 06:15:00,0.0,9.7672,0.0,-1.0,6.7458,2.817933,1430
2010-10-07 06:30:00,0.0,10.3214,0.0,0.0,7.167666,2.975266,1430
2010-10-07 06:45:00,0.0,10.825266,0.0,0.0,8.302866,4.2776,1430
2010-10-07 07:00:00,0.0,9.485466,0.0,0.0,7.555399999999999,16.708266,1430
2010-10-07 07:15:00,0.0,10.175533,0.0,0.0,7.996533,55.0742,1430
2010-10-07 07:30:00,29.933333,11.096733,0.0,0.0,10.319466,129.008066,1430
2010-10-07 07:45:00,61.96,11.961333,15.0,15.0,13.3876,219.345,1430
2010-10-07 08:00:00,98.746666,12.639066,31.0,31.0,16.6824,321.792666,1430
2010-10-07 08:15:00,135.966666,13.857,49.0,49.0,21.326933,428.629533,1430
2010-10-07 08:30:00,173.013333,14.924866,69.0,69.0,25.977666,545.125333,1430
2010-10-07 08:45:00,205.94,16.286133,87.0,87.0,29.861666,658.783066,1430
2010-10-07 09:00:00,233.106666,17.108,104.0,104.0,35.259733,766.6982,1430
2010-10-07 09:15:00,242.746666,18.198266,117.0,117.0,40.364066,833.358733,1430
2010-10-07 09:30:00,246.46,16.751066,121.0,121.0,39.405,854.2124,1430
2010-10-07 09:45:00,249.993333,17.199466,124.0,124.0,38.781333,867.635066,1430
2010-10-07 10:00:00,253.046666,15.567933,126.0,126.0,33.936066,869.2677999999999,1430
2010-10-07 10:15:00,252.846666,15.976266,127.0,127.0,33.499066,869.1101999999998,1430
2010-10-07 10:30:00,250.566666,16.685266,126.0,126.0,34.217533,862.762466,1430
2010-10-07 10:45:00,247.426666,18.007333,126.0,126.0,36.4626,855.0161329999999,1430
2010-10-07 11:00:00,242.586666,18.6296,122.0,122.0,38.332933,842.8293999999999,1430
2010-10-07 11:15:00,239.12,19.736733,121.0,121.0,38.951466,832.433066,1430
2010-10-07 11:30:00,238.213333,20.913333,120.0,120.0,38.352133,820.322666,1430
2010-10-07 11:45:00,236.826666,22.538533,119.0,119.0,37.158,811.1724,1430
2010-10-07 12:00:00,235.053333,22.869266,118.0,118.0,36.4208,802.7953999999999,1430
2010-10-07 12:15:00,234.733333,23.1788,117.0,117.0,37.041733,804.133,1430
2010-10-07 12:30:00,233.713333,23.8006,117.0,117.0,37.665666,804.7536659999998,1430
2010-10-07 12:45:00,236.466666,24.339333,118.0,118.0,39.115266,816.619866,1430
2010-10-07 13:00:00,237.466666,24.754333,118.0,118.0,40.3304,824.1934,1430
2010-10-07 13:15:00,242.993333,24.8532,120.0,120.0,40.521933,847.000266,1430
2010-10-07 13:30:00,247.073333,25.141733,122.0,122.0,40.629666,861.638533,1430
2010-10-07 13:45:00,244.513333,25.368066,123.0,123.0,41.154866,854.0395999999998,1430
2010-10-07 14:00:00,246.406666,25.568733,123.0,123.0,41.92,861.058533,1430
2010-10-07 14:15:00,250.5,25.090066,124.0,124.0,41.6854,878.1434,1430
2010-10-07 14:30:00,157.793333,24.3314,124.0,124.0,36.841333,567.9422,1430
2010-10-07 14:45:00,190.513333,24.2884,73.0,73.0,35.451133,703.257333,1430
2010-10-07 15:00:00,276.56,24.858866,96.0,96.0,42.327333,945.0684,1430
2010-10-07 15:15:00,250.646666,24.622733,138.0,138.0,41.993666,898.2697329999999,1430
2010-10-07 15:30:00,124.88,23.161333,123.0,123.0,33.7316,393.646333,1430
2010-10-07 15:45:00,29.3,22.4328,53.0,53.0,24.428466,102.2288,1430
2010-10-07 16:00:00,29.54,22.233066,14.0,14.0,22.9356,104.044533,1430
2010-10-07 16:15:00,66.793333,22.491333,15.0,15.0,24.434333,231.755666,1430
2010-10-07 16:30:00,55.64,22.724666,34.0,34.0,26.401133,200.220866,1430
2010-10-07 16:45:00,194.073333,23.132533,30.0,30.0,31.997533,691.141666,1430
2010-10-07 17:00:00,89.166666,22.934866,100.0,100.0,31.609466,318.6544,1430
2010-10-07 17:15:00,78.933333,22.013333,40.0,40.0,25.021933,323.71,1430
2010-10-07 17:30:00,76.4,22.096733,45.0,45.0,25.9436,318.166066,1430
2010-10-07 17:45:00,34.68,21.255333,37.0,37.0,22.919333,162.663733,1430
2010-10-07 18:00:00,3.9,20.2072,16.0,16.0,17.883333,19.6738,1430
2010-10-07 18:15:00,0.6666659999999999,19.484733,2.0,2.0,15.553666,7.7158,1430
2010-10-07 18:30:00,0.0,18.588466,0.0,-1.0,14.7914,2.253133,1430
2010-10-07 18:45:00,0.0,18.535933,0.0,0.0,14.504266,0.834133,1430
2010-11-01 06:00:00,0.0,3.317066,0.0,0.0,1.027666,3.585866,1430
2010-11-01 06:15:00,0.0,2.452933,0.0,0.0,-0.052933,3.656933,1430
2010-11-01 06:30:00,0.0,2.282466,0.0,0.0,-0.7932,3.7686,1430
2010-11-01 06:45:00,0.0,2.419733,0.0,0.0,-1.055466,3.8858,1430
2010-11-01 07:00:00,0.0,2.462933,0.0,-1.0,-1.354533,4.094266,1430
2010-11-01 07:15:00,0.0,2.661866,0.0,0.0,-0.941466,5.539,1430
2010-11-01 07:30:00,0.0,2.7608,0.0,0.0,-0.6298,9.847066000000002,1430
2010-11-01 07:45:00,0.0,2.846933,0.0,0.0,-0.5118,15.991133,1430
2010-11-01 08:00:00,4.02,3.1858,0.0,0.0,0.2578659999999999,76.9042,1430
2010-11-01 08:15:00,74.013333,4.043533,4.0,3.0,4.225666,259.541666,1430
2010-11-01 08:30:00,107.966666,5.0244,37.0,37.0,8.995266,366.053266,1430
2010-11-01 08:45:00,143.113333,5.868,54.0,54.0,14.395533,472.819,1430
2010-11-01 09:00:00,175.066666,6.965466,73.0,73.0,19.570533,582.600933,1430
2010-11-01 09:15:00,206.26,7.812133,89.0,89.0,24.317733,692.1692,1430
2010-11-01 09:30:00,225.96,8.3214,104.0,104.0,27.866533,774.3121999999998,1430
2010-11-01 09:45:00,228.313333,8.6812,114.0,114.0,29.488933,794.372533,1430
2010-11-01 10:00:00,231.706666,8.765532999999998,115.0,115.0,26.060133,798.553533,1430
2010-11-01 10:15:00,232.273333,9.282333,115.0,115.0,24.345666,796.2748,1430
2010-11-01 10:30:00,231.253333,9.240133,116.0,116.0,23.211866,789.9271999999999,1430
2010-11-01 10:45:00,226.6,9.406666,115.0,115.0,22.369733,774.022333,1430
2010-11-01 11:00:00,221.28,9.919,114.0,114.0,22.8792,755.884733,1430
2010-11-01 11:15:00,216.533333,10.030933,110.0,110.0,20.9464,737.1113329999998,1430
2010-11-01 11:30:00,211.78,10.383533,107.0,107.0,21.409933,720.347133,1430
2010-11-01 11:45:00,207.086666,10.464066,106.0,106.0,21.451466,705.541,1430
2010-11-01 12:00:00,204.0,10.725066,103.0,103.0,21.240333,693.639066,1430
2010-11-01 12:15:00,201.2,10.816533,102.0,102.0,21.503333,685.618066,1430
2010-11-01 12:30:00,199.453333,11.014133,100.0,100.0,22.447066,681.147266,1430
2010-11-01 12:45:00,200.626666,11.320466,100.0,100.0,22.246,682.2814,1430
2010-11-01 13:00:00,200.333333,11.296333,99.0,99.0,24.290066,686.070866,1430
2010-11-01 13:15:00,203.246666,11.352,100.0,100.0,24.067533,695.414133,1430
2010-11-01 13:30:00,206.52,11.144,102.0,102.0,24.8984,707.433066,1430
2010-11-01 13:45:00,210.88,11.098066,103.0,103.0,25.092866,719.7774,1430
2010-11-01 14:00:00,215.32,11.2544,106.0,106.0,25.012933,735.8449329999999,1430
2010-11-01 14:15:00,219.16,11.5222,106.0,106.0,27.095866,752.6803999999998,1430
2010-11-01 14:30:00,223.3,11.575266,110.0,110.0,28.038666,768.9464,1430
2010-11-01 14:45:00,224.86,11.545733,112.0,112.0,29.946866,779.4545329999999,1430
2010-11-01 15:00:00,225.893333,11.626266,113.0,113.0,28.620666,784.540666,1430
2010-11-01 15:15:00,225.633333,11.7452,114.0,114.0,27.174866,782.3028,1430
2010-11-01 15:30:00,222.426666,11.568666,114.0,114.0,30.666666,774.114,1430
2010-11-01 15:45:00,216.88,11.776266,111.0,111.0,28.5436,759.1604,1430
2010-11-01 16:00:00,194.733333,11.487533,110.0,110.0,26.037133,696.396,1430
2010-11-01 16:15:00,162.326666,11.286066,99.0,99.0,24.590666,595.393,1430
2010-11-01 16:30:00,129.786666,11.419333,82.0,82.0,20.014266,489.207,1430
2010-11-01 16:45:00,93.12,11.1344,65.0,65.0,17.722666,377.6094,1430
2010-11-01 17:00:00,59.433333,10.9286,47.0,47.0,14.3256,272.547466,1430
2010-11-01 17:15:00,29.413333,10.638933,31.0,31.0,11.372666,174.53,1430
2010-11-01 17:30:00,5.266666,9.708866,15.0,15.0,7.606333,34.276466,1430
2010-11-01 17:45:00,0.946666,8.496733,2.0,2.0,5.012333,10.986266,1430
2010-11-01 18:00:00,0.0,6.102266,0.0,0.0,3.355466,5.579533,1430
2010-11-01 18:15:00,0.0,4.673866,0.0,0.0,2.3782,3.219666,1430
2010-11-01 18:30:00,0.0,4.269133,0.0,0.0,1.583333,3.184133,1430
2010-11-01 18:45:00,0.0,5.135533,0.0,0.0,1.423266,3.3418,1430
2010-11-29 06:00:00,0.0,-6.433066,0.0,0.0,-9.803733,5.945933,1430
2010-11-29 06:15:00,0.0,-6.930333,0.0,0.0,-10.266,6.1086,1430
2010-11-29 06:30:00,0.0,-6.8554,0.0,0.0,-9.654133000000002,6.245866,1430
2010-11-29 06:45:00,0.0,-6.1964,0.0,0.0,-8.468199999999998,6.256,1430
2010-11-29 07:00:00,0.0,-6.086133,0.0,0.0,-7.5814,6.2256,1430
2010-11-29 07:15:00,0.0,-6.016066,0.0,0.0,-7.49,6.190133,1430
2010-11-29 07:30:00,0.0,-5.941,0.0,0.0,-7.2676,6.2918,1430
2010-11-29 07:45:00,0.0,-6.4192,0.0,0.0,-9.1908,8.224533,1430
2010-11-29 08:00:00,0.0,-6.3848,0.0,0.0,-9.235733,16.728666,1430
2010-11-29 08:15:00,8.426666,-5.983133,0.0,-1.0,-7.282466,62.027133,1430
2010-11-29 08:30:00,21.013333,-4.653733,5.0,5.0,-4.324533,110.829733,1430
2010-11-29 08:45:00,31.566666,-4.5716,10.0,10.0,-3.0742,149.632733,1430
2010-11-29 09:00:00,27.486666,-4.504666,15.0,15.0,-3.021,118.199666,1430
2010-11-29 09:15:00,40.393333,-4.350666,13.0,13.0,-2.754933,168.864,1430
2010-11-29 09:30:00,54.993333,-3.828,21.0,21.0,-0.9386,224.584,1430
2010-11-29 09:45:00,54.013333,-3.2268,26.0,26.0,1.561666,209.065666,1430
2010-11-29 10:00:00,65.046666,-2.904,26.0,26.0,4.0272,236.6028,1430
2010-11-29 10:15:00,44.94,-3.456533,32.0,32.0,1.582666,169.921733,1430
2010-11-29 10:30:00,43.84,-3.337266,21.0,21.0,0.6027329999999999,161.5346,1430
2010-11-29 10:45:00,46.413333,-3.365,22.0,22.0,0.520266,168.497666,1430
2010-11-29 11:00:00,51.253333,-3.110866,23.0,23.0,1.025733,183.197066,1430
2010-11-29 11:15:00,59.386666,-2.9634,25.0,25.0,1.8052,208.1604,1430
2010-11-29 11:30:00,73.853333,-2.652266,29.0,29.0,2.8196,251.413933,1430
2010-11-29 11:45:00,81.47333299999998,-2.708933,37.0,37.0,2.7488,271.560733,1430
2010-11-29 12:00:00,70.133333,-2.3752,40.0,40.0,3.056466,233.225533,1430
2010-11-29 12:15:00,87.73999999999998,-2.264466,34.0,34.0,2.9762,296.015466,1430
2010-11-29 12:30:00,107.12,-2.147533,45.0,45.0,4.3738,352.071066,1430
2010-11-29 12:45:00,104.76,-2.462333,53.0,53.0,3.708133,341.3646,1430
2010-11-29 13:00:00,94.093333,-2.5042,52.0,52.0,3.754066,302.6988,1430
2010-11-29 13:15:00,64.253333,-2.746066,45.0,45.0,2.426466,209.243866,1430
2010-11-29 13:30:00,49.54,-2.9962,31.0,31.0,0.3907999999999999,163.1418,1430
2010-11-29 13:45:00,40.546666,-2.746333,25.0,25.0,0.631533,136.810466,1430
2010-11-29 14:00:00,36.38,-3.039466,19.0,19.0,0.1859329999999999,126.027466,1430
2010-11-29 14:15:00,72.213333,-2.737266,19.0,19.0,3.151466,245.366266,1430
2010-11-29 14:30:00,60.033333,-2.5414,37.0,37.0,4.835266,206.6802,1430
2010-11-29 14:45:00,46.526666,-2.683933,28.0,28.0,2.2868,159.6628,1430
2010-11-29 15:00:00,53.14,-2.2298,23.0,23.0,2.952533,179.570533,1430
2010-11-29 15:15:00,32.633333,-2.3166,26.0,26.0,1.230666,112.0148,1430
2010-11-29 15:30:00,18.806666,-2.955933,14.0,14.0,-0.830666,70.994,1430
2010-11-29 15:45:00,19.153333,-3.0558,9.0,9.0,-1.430466,72.19966599999998,1430
2010-11-29 16:00:00,21.773333,-2.953333,9.0,9.0,-1.667,79.26439999999998,1430
2010-11-29 16:15:00,18.44,-2.925866,11.0,11.0,-2.052066,68.288133,1430
2010-11-29 16:30:00,15.66,-3.204066,8.0,8.0,-2.500533,60.196,1430
2010-11-29 16:45:00,11.753333,-3.591933,8.0,8.0,-3.2434,47.973733,1430
2010-11-29 17:00:00,7.313333,-3.802266,5.0,5.0,-4.5056,35.8836,1430
2010-11-29 17:15:00,3.693333,-4.180066,3.0,3.0,-5.729466,23.030533,1430
2010-11-29 17:30:00,0.54,-4.721466,2.0,2.0,-6.865666,11.942533,1430
2010-11-29 17:45:00,0.0,-5.169066,0.0,0.0,-7.415533,6.993533,1430
2010-11-29 18:00:00,0.0,-5.4382,0.0,0.0,-7.401333,6.022,1430
2010-11-29 18:15:00,0.0,-5.742266,0.0,0.0,-7.616933,6.0118,1430
2010-11-29 18:30:00,0.0,-6.522266,0.0,0.0,-9.492466,6.1392,1430
2010-11-29 18:45:00,0.0,-6.6114,0.0,0.0,-10.118066,6.251,1430
2010-11-04 06:00:00,0.0,-0.8494,0.0,0.0,-5.2428,4.9742,1430
2010-11-04 06:15:00,0.0,-0.3078,0.0,0.0,-4.810533,5.060666,1430
2010-11-04 06:30:00,0.0,-2.0072,0.0,0.0,-4.882866,5.086333,1430
2010-11-04 06:45:00,0.0,-2.6408,0.0,-1.0,-5.244866,5.162666,1430
2010-11-04 07:00:00,0.0,-3.374533,0.0,0.0,-5.551266,5.4526,1430
2010-11-04 07:15:00,0.0,-2.375266,0.0,0.0,-5.5098,9.374,1430
2010-11-04 07:30:00,0.0,-1.864466,0.0,0.0,-4.6596,26.041733,1430
2010-11-04 07:45:00,0.0,-1.1418,0.0,0.0,-3.266466,74.47799999999998,1430
2010-11-04 08:00:00,0.0,-0.2441329999999999,1.0,1.0,-1.0008,98.047866,1430
2010-11-04 08:15:00,0.0,0.7893999999999999,5.0,5.0,2.1362,205.612066,1430
2010-11-04 08:30:00,0.0,2.161533,14.0,14.0,9.338333,316.4928,1430
2010-11-04 08:45:00,0.0,3.6036,23.0,23.0,17.298933,456.537933,1430
2010-11-04 09:00:00,0.0,4.670266,35.0,35.0,22.279066,557.393466,1430
2010-11-04 09:15:00,0.0,5.466666,43.0,43.0,24.485066,583.0842,1430
2010-11-04 09:30:00,0.0,5.6444,44.0,44.0,24.778066,631.312133,1430
2010-11-04 09:45:00,0.0,5.550333,48.0,48.0,27.318733,747.919666,1430
2010-11-04 10:00:00,0.0,5.9234,56.0,56.0,29.718533,730.570466,1430
2010-11-04 10:15:00,0.0,5.862933,55.0,55.0,29.656,768.285266,1430
2010-11-04 10:30:00,0.0,6.918733,57.0,57.0,31.155,768.7532,1430
2010-11-04 10:45:00,0.0,6.7132,57.0,57.0,31.2206,742.599466,1430
2010-11-04 11:00:00,0.0,7.5254,53.0,53.0,31.481533,733.871466,1430
2010-11-04 11:15:00,0.0,7.045266,53.0,53.0,28.720866,652.71,1430
2010-11-04 11:30:00,0.0,7.139333,48.0,48.0,28.6926,684.544866,1430
2010-11-04 11:45:00,0.0,7.1076,50.0,50.0,28.843666,675.730333,1430
2010-11-04 12:00:00,0.0,7.272666,50.0,50.0,30.182466,684.137933,1430
2010-11-04 12:15:00,0.0,7.918866,39.0,39.0,31.1588,670.7866,1430
2010-11-04 12:30:00,0.0,8.58,0.0,0.0,30.953333,646.464,1430
2010-11-04 12:45:00,0.0,8.6124,0.0,0.0,29.532466,685.806333,1430
2010-11-04 13:00:00,0.0,9.058933,0.0,0.0,29.700533,635.4268,1430
2010-11-04 13:15:00,0.0,9.223466,0.0,-1.0,27.6228,662.2874,1430
2010-11-04 13:30:00,6.313333,9.671533,0.0,0.0,29.843333,693.283066,1430
2010-11-04 13:45:00,193.18,9.861266,3.0,3.0,31.746733,719.350133,1430
2010-11-04 14:00:00,205.406666,9.811933,50.0,50.0,33.657866,734.614066,1430
2010-11-04 14:15:00,209.58,10.258133,51.0,51.0,34.640466,749.760933,1430
2010-11-04 14:30:00,213.7,10.507333,52.0,52.0,36.089466,767.3848,1430
2010-11-04 14:45:00,216.513333,11.270733,53.0,53.0,37.4366,781.814733,1430
2010-11-04 15:00:00,216.36,11.167733,54.0,54.0,37.5052,780.644666,1430
2010-11-04 15:15:00,219.333333,11.397066,53.0,53.0,37.4736,800.201466,1430
2010-11-04 15:30:00,224.546666,11.554,55.0,55.0,39.194666,816.5384,1430
2010-11-04 15:45:00,216.34,11.603,56.0,56.0,38.516466,788.676,1430
2010-11-04 16:00:00,185.566666,11.4898,53.0,53.0,34.822933,701.802466,1430
2010-11-04 16:15:00,128.4,11.325066,46.0,46.0,28.555266,473.5412,1430
2010-11-04 16:30:00,66.053333,11.005866,29.0,29.0,21.459933,281.7078,1430
2010-11-04 16:45:00,52.133333,10.6716,17.0,17.0,15.784,212.402266,1430
2010-11-04 17:00:00,48.046666,10.4574,12.0,12.0,13.369466,227.518733,1430
2010-11-04 17:15:00,19.353333,9.880266,11.0,11.0,9.882,112.8744,1430
2010-11-04 17:30:00,4.56,9.2638,5.0,5.0,6.118266,25.146466,1430
2010-11-04 17:45:00,0.8333329999999999,8.175733,0.0,0.0,3.1948,10.798266,1430
2010-11-04 18:00:00,0.0,7.4402,1.0,1.0,1.760066,5.589866,1430
2010-11-04 18:15:00,0.0,6.179266,0.0,0.0,1.184,3.0772,1430
2010-11-04 18:30:00,0.0,6.610733,0.0,0.0,1.257266,3.143466,1430
2010-11-04 18:45:00,0.0,6.118266,0.0,0.0,1.464466,3.296066,1430
2010-12-01 06:00:00,0.0,3.6264,0.0,0.0,0.570666,4.262,1430
2010-12-01 06:15:00,0.0,3.6102,0.0,-1.0,0.047466,4.185866,1430
2010-12-01 06:30:00,0.0,2.273666,0.0,0.0,-0.514133,4.145333,1430
2010-12-01 06:45:00,0.0,2.490133,0.0,0.0,-0.857866,4.196,1430
2010-12-01 07:00:00,0.0,1.958266,0.0,0.0,-0.972866,4.236533,1430
2010-12-01 07:15:00,0.0,2.7814,0.0,0.0,-1.263066,4.272,1430
2010-12-01 07:30:00,0.0,2.8416,0.0,0.0,-0.8687329999999999,4.3128,1430
2010-12-01 07:45:00,0.0,3.191333,0.0,0.0,-0.7240659999999999,5.335533,1430
2010-12-01 08:00:00,0.0,2.958,0.0,0.0,-0.760533,11.174466,1430
2010-12-01 08:15:00,0.0,2.128733,0.0,0.0,-0.6095329999999999,16.281066,1430
2010-12-01 08:30:00,0.0,3.4792,0.0,-1.0,0.1832,24.210466,1430
2010-12-01 08:45:00,0.0,6.9096,0.0,0.0,5.336066,40.6088,1430
2010-12-01 09:00:00,21.173333,5.818733,1.0,1.0,5.8964,78.71513299999998,1430
2010-12-01 09:15:00,27.426666,4.869,10.0,10.0,5.624466,98.103933,1430
2010-12-01 09:30:00,30.486666,4.6374,14.0,14.0,5.688266,108.195,1430
2010-12-01 09:45:00,36.9,4.194266,15.0,15.0,6.0536,131.200133,1430
2010-12-01 10:00:00,77.22,5.760933,18.0,18.0,10.6566,264.6078,1430
2010-12-01 10:15:00,94.866666,6.5712,40.0,40.0,15.6992,340.566066,1430
2010-12-01 10:30:00,139.806666,7.861,51.0,51.0,22.898,491.465333,1430
2010-12-01 10:45:00,43.4,7.462132999999999,66.0,66.0,16.2708,165.868133,1430
2010-12-01 11:00:00,34.093333,7.203666,21.0,21.0,11.1888,132.593866,1430
2010-12-01 11:15:00,86.22,7.496133,16.0,16.0,12.326466,317.718533,1430
2010-12-01 11:30:00,180.686666,9.287933,47.0,47.0,25.6004,661.722866,1430
2010-12-01 11:45:00,168.533333,10.0116,90.0,90.0,26.871666,625.523866,1430
2010-12-01 12:00:00,162.053333,9.8026,84.0,84.0,26.559933,605.3366,1430
2010-12-01 12:15:00,161.426666,9.9786,81.0,81.0,24.519,604.024266,1430
2010-12-01 12:30:00,159.526666,10.035866,80.0,80.0,24.126266,598.505533,1430
2010-12-01 12:45:00,114.266666,10.5634,79.0,79.0,23.423866,470.1844,1430
2010-12-01 13:00:00,156.226666,10.7324,63.0,63.0,24.424333,581.309,1430
2010-12-01 13:15:00,141.306666,10.6898,78.0,78.0,24.344133,520.746866,1430
2010-12-01 13:30:00,122.46,11.443,73.0,73.0,24.495,434.468533,1430
2010-12-01 13:45:00,93.366666,10.8082,60.0,60.0,18.595666,335.642466,1430
2010-12-01 14:00:00,147.18,10.3776,48.0,48.0,18.2658,535.858133,1430
2010-12-01 14:15:00,185.1,10.565466,74.0,74.0,21.128533,634.796266,1430
2010-12-01 14:30:00,181.333333,10.847533,93.0,93.0,24.1536,653.645733,1430
2010-12-01 14:45:00,94.773333,10.467866,88.0,88.0,20.480666,373.041933,1430
2010-12-01 15:00:00,52.54,10.615133,55.0,55.0,16.949266,196.950333,1430
2010-12-01 15:15:00,72.753333,10.439,26.0,26.0,14.056333,275.644933,1430
2010-12-01 15:30:00,129.386666,11.1232,37.0,37.0,16.950466,424.52,1430
2010-12-01 15:45:00,168.726666,11.337466,59.0,59.0,20.224733,660.537533,1430
2010-12-01 16:00:00,138.706666,11.075466,88.0,88.0,18.224866,533.6608,1430
2010-12-01 16:15:00,93.906666,10.528733,76.0,76.0,14.9148,385.2946,1430
2010-12-01 16:30:00,86.36,10.0478,47.0,47.0,13.71,330.144266,1430
2010-12-01 16:45:00,45.58,9.559466,42.0,42.0,11.3848,207.402666,1430
2010-12-01 17:00:00,18.62,8.9784,21.0,21.0,8.929666,95.4438,1430
2010-12-01 17:15:00,6.54,8.270799999999998,9.0,9.0,6.556266,31.738133,1430
2010-12-01 17:30:00,1.653333,7.583266,3.0,3.0,4.998266,13.097133,1430
2010-12-01 17:45:00,0.0,6.162933,0.0,0.0,3.459666,4.638733,1430
2010-12-01 18:00:00,0.0,6.148066,0.0,-1.0,3.0738,3.1078,1430
2010-12-01 18:15:00,0.0,6.274266,0.0,0.0,3.347266,3.158666,1430
2010-12-01 18:30:00,0.0,6.887266,0.0,0.0,3.4688,3.224866,1430
2010-12-01 18:45:00,0.0,6.1768,0.0,0.0,2.669133,3.235066,1430
2010-12-10 06:00:00,0.0,2.0294,0.0,0.0,-0.953133,4.521533,1430
2010-12-10 06:15:00,0.0,1.853533,0.0,0.0,-1.757466,4.4554,1430
2010-12-10 06:30:00,0.0,2.1558,0.0,0.0,-1.818,4.450333,1430
2010-12-10 06:45:00,0.0,1.912666,0.0,0.0,-1.821066,4.4554,1430
2010-12-10 07:00:00,0.0,1.744266,0.0,0.0,-1.843466,4.4402,1430
2010-12-10 07:15:00,0.0,2.363933,0.0,0.0,-1.828266,4.450333,1430
2010-12-10 07:30:00,0.0,1.515066,0.0,0.0,-2.256066,4.4554,1430
2010-12-10 07:45:00,0.0,1.899333,0.0,0.0,-1.436533,4.6946,1430
2010-12-10 08:00:00,0.0,0.9806,0.0,-1.0,-1.354666,11.352666,1430
2010-12-10 08:15:00,0.0,2.038866,0.0,0.0,-0.6376,13.906,1430
2010-12-10 08:30:00,0.0,1.7918,0.0,0.0,-0.014466,21.0062,1430
2010-12-10 08:45:00,6.58,1.9854,0.0,0.0,0.862466,45.572666,1430
2010-12-10 09:00:00,19.866666,2.304933,3.0,2.0,1.955733,77.0772,1430
2010-12-10 09:15:00,33.493333,4.198666,10.0,10.0,4.489133,124.5116,1430
2010-12-10 09:30:00,47.006666,5.194933,18.0,18.0,7.649666,161.493933,1430
2010-12-10 09:45:00,56.413333,5.985933,22.0,22.0,8.972666,199.630733,1430
2010-12-10 10:00:00,172.473333,7.103333,30.0,30.0,19.9446,622.116,1430
2010-12-10 10:15:00,156.92,8.655865999999998,87.0,87.0,23.339866,564.631066,1430
2010-12-10 10:30:00,103.906666,9.171666,81.0,81.0,18.838466,358.3272,1430
2010-12-10 10:45:00,138.76,8.985865999999998,45.0,45.0,18.243666,520.309333,1430
2010-12-10 11:00:00,175.58,8.214,74.0,74.0,24.7932,650.253466,1430
2010-12-10 11:15:00,167.906666,9.191466,87.0,87.0,25.3876,628.021266,1430
2010-12-10 11:30:00,161.973333,10.832133,84.0,84.0,25.5308,607.808466,1430
2010-12-10 11:45:00,157.06,11.101333,81.0,81.0,24.528733,589.523266,1430
2010-12-10 12:00:00,149.16,11.071133,77.0,77.0,24.535733,565.129533,1430
2010-12-10 12:15:00,145.92,11.427333,74.0,74.0,24.2926,551.401866,1430
2010-12-10 12:30:00,146.653333,11.958733,73.0,73.0,20.6884,550.9288,1430
2010-12-10 12:45:00,162.746666,12.185533,74.0,74.0,19.665733,576.502533,1430
2010-12-10 13:00:00,106.086666,11.119866,77.0,77.0,18.174333,359.7972,1430
2010-12-10 13:15:00,134.013333,10.930866,49.0,49.0,20.553533,490.387,1430
2010-12-10 13:30:00,170.006666,10.997066,66.0,66.0,21.388133,634.964066,1430
2010-12-10 13:45:00,200.153333,10.877533,88.0,88.0,22.397933,736.1652,1430
2010-12-10 14:00:00,192.58,10.674,100.0,100.0,21.3016,702.621466,1430
2010-12-10 14:15:00,186.673333,10.1346,96.0,96.0,20.265866,677.683533,1430
2010-12-10 14:30:00,186.426666,10.013533,94.0,94.0,21.005733,675.140466,1430
2010-12-10 14:45:00,183.7,10.121066,92.0,92.0,22.8802,668.273866,1430
2010-12-10 15:00:00,185.326666,9.9174,92.0,92.0,20.269533,669.499666,1430
2010-12-10 15:15:00,185.513333,10.132866,94.0,94.0,22.774266,673.253333,1430
2010-12-10 15:30:00,180.666666,10.284133,93.0,93.0,23.919466,661.1888,1430
2010-12-10 15:45:00,157.48,9.992733,91.0,91.0,20.713866,583.5978,1430
2010-12-10 16:00:00,128.733333,9.8402,78.0,78.0,18.837266,487.426733,1430
2010-12-10 16:15:00,94.833333,9.488133,62.0,62.0,15.793533,370.986933,1430
2010-12-10 16:30:00,40.6,8.945532999999998,48.0,48.0,11.311866,167.185533,1430
2010-12-10 16:45:00,4.766666,8.042733,17.0,17.0,6.750333,23.452733,1430
2010-12-10 17:00:00,1.993333,7.357999999999999,2.0,2.0,5.671933,13.722666,1430
2010-12-10 17:15:00,0.066666,6.941666,1.0,1.0,5.357133,8.153266,1430
2010-12-10 17:30:00,0.0,6.728466,0.0,0.0,5.186133,5.488066,1430
2010-12-10 17:45:00,0.0,6.361533,0.0,0.0,4.406133,3.468866,1430
2010-12-10 18:00:00,0.0,6.668666,0.0,0.0,4.241466,3.1638,1430
2010-12-10 18:15:00,0.0,6.767,0.0,0.0,3.7702,3.148466,1430
2010-12-10 18:30:00,0.0,5.597466,0.0,0.0,4.2584,3.1536,1430
2010-12-10 18:45:00,0.0,5.289933,0.0,0.0,4.48,3.204466,1430
2010-12-11 06:00:00,0.0,-1.192066,0.0,0.0,-3.683066,4.827266,1430
2010-12-11 06:15:00,0.0,-2.520666,0.0,0.0,-5.7254,5.009733,1430
2010-12-11 06:30:00,0.0,-3.694866,0.0,0.0,-7.0658,5.254133,1430
2010-12-11 06:45:00,0.0,-1.664933,0.0,0.0,-5.8192,5.406866,1430
2010-12-11 07:00:00,0.0,-0.8873999999999999,0.0,0.0,-3.6634,5.3866,1430
2010-12-11 07:15:00,0.0,-1.2562,0.0,0.0,-3.4762,5.2744,1430
2010-12-11 07:30:00,0.0,-3.992733,0.0,0.0,-6.489533,5.2846,1430
2010-12-11 07:45:00,0.0,-5.022733,0.0,0.0,-8.189066,6.047533,1430
2010-12-11 08:00:00,0.0,-6.4528,0.0,0.0,-9.223533,10.767733,1430
2010-12-11 08:15:00,0.853333,-5.711333,0.0,-1.0,-9.1062,47.749866,1430
2010-12-11 08:30:00,15.08,-4.277666,0.0,0.0,-7.0288,106.6132,1430
2010-12-11 08:45:00,36.833333,-3.050133,7.0,7.0,-3.2488,181.8694,1430
2010-12-11 09:00:00,66.286666,-0.950466,18.0,18.0,2.5194,269.709333,1430
2010-12-11 09:15:00,96.873333,0.2270659999999999,33.0,33.0,6.227533,364.5426,1430
2010-12-11 09:30:00,129.093333,1.058933,50.0,50.0,7.645666,458.028,1430
2010-12-11 09:45:00,93.486666,0.896533,64.0,64.0,6.701066,323.6592,1430
2010-12-11 10:00:00,165.666666,0.6147329999999999,46.0,46.0,11.388066,576.365266,1430
2010-12-11 10:15:00,168.113333,0.883133,85.0,85.0,16.383933,593.739733,1430
2010-12-11 10:30:00,177.826666,0.916533,85.0,85.0,13.982866,575.617266,1430
2010-12-11 10:45:00,172.8,1.6114,88.0,88.0,12.21,596.059133,1430
2010-12-11 11:00:00,138.566666,1.374333,83.0,83.0,12.034666,519.765333,1430
2010-12-11 11:15:00,80.64,0.103533,61.0,61.0,6.202533,278.655933,1430
2010-12-11 11:30:00,108.346666,0.4438659999999999,35.0,35.0,7.9114,363.469466,1430
2010-12-11 11:45:00,74.86666599999998,0.479266,46.0,46.0,6.7192,278.5086,1430
2010-12-11 12:00:00,68.96,0.6046,39.0,39.0,5.839733,258.275266,1430
2010-12-11 12:15:00,124.12,1.281066,39.0,39.0,8.703799999999998,444.7124,1430
2010-12-11 12:30:00,92.413333,1.1842,55.0,55.0,7.600333,367.157,1430
2010-12-11 12:45:00,182.566666,2.267733,47.0,47.0,14.551466,657.719933,1430
2010-12-11 13:00:00,146.36,3.076733,91.0,91.0,15.532066,562.540733,1430
2010-12-11 13:15:00,156.153333,3.213,76.0,76.0,12.092666,584.2286,1430
2010-12-11 13:30:00,160.4,3.437133,81.0,81.0,12.2772,573.939066,1430
2010-12-11 13:45:00,170.853333,3.475933,80.0,80.0,13.1764,611.2874,1430
2010-12-11 14:00:00,186.32,3.5196,83.0,83.0,14.429933,658.8338,1430
2010-12-11 14:15:00,172.686666,3.1296,93.0,93.0,13.5046,581.222533,1430
2010-12-11 14:30:00,182.253333,2.900133,88.0,88.0,13.270533,637.802066,1430
2010-12-11 14:45:00,178.48,2.606733,88.0,88.0,12.266,624.272866,1430
2010-12-11 15:00:00,194.233333,2.6438,88.0,88.0,14.896266,685.5876,1430
2010-12-11 15:15:00,183.58,2.276333,98.0,98.0,11.996666,627.0498,1430
2010-12-11 15:30:00,188.686666,2.1362,95.0,95.0,11.4952,653.300066,1430
2010-12-11 15:45:00,163.593333,1.991333,94.0,94.0,9.999333,586.614066,1430
2010-12-11 16:00:00,133.153333,1.814133,82.0,82.0,8.012933,491.373666,1430
2010-12-11 16:15:00,87.00666599999998,1.247066,66.0,66.0,4.199266,353.001933,1430
2010-12-11 16:30:00,62.4,1.060666,43.0,43.0,2.8896,275.767,1430
2010-12-11 16:45:00,38.413333,0.837933,32.0,32.0,1.500533,201.629666,1430
2010-12-11 17:00:00,12.88,0.4769999999999999,19.0,19.0,0.003533,91.242466,1430
2010-12-11 17:15:00,2.04,-0.0742,6.0,6.0,-1.615,15.706466,1430
2010-12-11 17:30:00,0.066666,-0.501333,0.0,0.0,-2.5684,9.745266,1430
2010-12-11 17:45:00,0.0,-2.2126,0.0,0.0,-4.772666,5.915266,1430
2010-12-11 18:00:00,0.0,-3.028266,0.0,0.0,-6.210533,5.162666,1430
2010-12-11 18:15:00,0.0,-3.148666,0.0,-1.0,-5.883533,5.361133,1430
2010-12-11 18:30:00,0.0,-3.376866,0.0,0.0,-5.7022,5.528466,1430
2010-12-11 18:45:00,0.0,-3.660933,0.0,0.0,-6.080866,5.594666,1430
2010-12-13 06:00:00,0.0,9.827333,0.0,0.0,4.021266,2.614466,1430
2010-12-13 06:15:00,0.0,10.1506,0.0,0.0,5.520266,2.690733,1430
2010-12-13 06:30:00,0.0,11.1596,0.0,-1.0,8.050333,2.609466,1430
2010-12-13 06:45:00,0.0,9.6352,0.0,0.0,6.987533,2.482133,1430
2010-12-13 07:00:00,0.0,9.062866,0.0,0.0,5.032,2.527933,1430
2010-12-13 07:15:00,0.0,9.476866,0.0,0.0,4.497133,2.624733,1430
2010-12-13 07:30:00,0.0,8.315132999999998,0.0,0.0,3.194266,2.767133,1430
2010-12-13 07:45:00,0.0,8.177866,0.0,0.0,2.703133,3.723266,1430
2010-12-13 08:00:00,0.0,7.787,0.0,0.0,3.053466,10.391133,1430
2010-12-13 08:15:00,0.8,6.396733,0.0,0.0,3.109,59.3618,1430
2010-12-13 08:30:00,20.693333,6.917666,1.0,0.0,5.8282,126.357933,1430
2010-12-13 08:45:00,43.206666,8.893733,9.0,9.0,10.0438,203.1454,1430
2010-12-13 09:00:00,73.4,9.9594,22.0,22.0,14.993466,301.462866,1430
2010-12-13 09:15:00,59.713333,10.4926,36.0,36.0,17.139533,233.891933,1430
2010-12-13 09:30:00,33.353333,10.309533,27.0,27.0,13.1762,126.063,1430
2010-12-13 09:45:00,39.153333,9.5544,17.0,17.0,11.988333,148.422266,1430
2010-12-13 10:00:00,48.486666,9.946933,19.0,19.0,13.436266,184.85,1430
2010-12-13 10:15:00,45.72,10.6058,24.0,24.0,14.493066,178.187,1430
2010-12-13 10:30:00,64.486666,11.1734,23.0,23.0,16.268933,241.205866,1430
2010-12-13 10:45:00,72.08,12.0378,32.0,32.0,18.5838,266.749066,1430
2010-12-13 11:00:00,56.54,12.404066,35.0,35.0,17.855733,212.804333,1430
2010-12-13 11:15:00,49.62,12.251,27.0,27.0,16.347733,190.165266,1430
2010-12-13 11:30:00,55.713333,11.772866,24.0,24.0,14.916933,206.2784,1430
2010-12-13 11:45:00,47.353333,11.5776,27.0,27.0,14.150666,173.365266,1430
2010-12-13 12:00:00,46.726666,11.414866,23.0,23.0,13.749466,169.0318,1430
2010-12-13 12:15:00,47.966666,11.210933,23.0,23.0,13.4262,171.513866,1430
2010-12-13 12:30:00,46.246666,11.556933,24.0,24.0,14.033066,163.284333,1430
2010-12-13 12:45:00,44.666666,11.584733,22.0,22.0,13.978266,157.674133,1430
2010-12-13 13:00:00,52.626666,11.870733,22.0,22.0,14.577133,181.884733,1430
2010-12-13 13:15:00,57.493333,12.3388,26.0,26.0,15.721133,199.549333,1430
2010-12-13 13:30:00,81.986666,12.976666,29.0,29.0,18.514,294.1386,1430
2010-12-13 13:45:00,116.106666,13.285466,42.0,42.0,22.755933,416.285333,1430
2010-12-13 14:00:00,178.846666,14.1214,57.0,57.0,29.4356,673.7212,1430
2010-12-13 14:15:00,195.666666,15.033466,92.0,92.0,33.473733,732.6405999999998,1430
2010-12-13 14:30:00,198.426666,15.6376,96.0,96.0,34.003266,748.1993999999999,1430
2010-12-13 14:45:00,203.26,16.028666,100.0,100.0,33.9044,757.614133,1430
2010-12-13 15:00:00,207.533333,15.754133,101.0,101.0,32.135666,783.721866,1430
2010-12-13 15:15:00,206.493333,16.722333,105.0,105.0,34.6968,781.8858659999999,1430
2010-12-13 15:30:00,99.873333,15.8148,104.0,104.0,24.651466,354.405733,1430
2010-12-13 15:45:00,107.186666,15.179266,44.0,44.0,18.9804,401.423133,1430
2010-12-13 16:00:00,155.006666,15.480666,57.0,57.0,22.5336,598.053,1430
2010-12-13 16:15:00,111.533333,15.410066,78.0,78.0,22.997533,453.720066,1430
2010-12-13 16:30:00,88.626666,15.0342,56.0,56.0,23.731466,388.158133,1430
2010-12-13 16:45:00,59.613333,14.890333,45.0,45.0,19.885266,290.746066,1430
2010-12-13 17:00:00,27.56,13.9328,29.0,29.0,15.3204,146.728533,1430
2010-12-13 17:15:00,10.12,13.252133,13.0,13.0,11.6336,41.982066,1430
2010-12-13 17:30:00,1.56,12.446866,5.0,5.0,10.1144,11.8052,1430
2010-12-13 17:45:00,0.0,11.9446,0.0,0.0,8.573665999999998,3.011066,1430
2010-12-13 18:00:00,0.0,12.127666,0.0,0.0,8.655732999999998,2.425866,1430
2010-12-13 18:15:00,0.0,11.393066,0.0,0.0,7.991399999999999,2.466666,1430
2010-12-13 18:30:00,0.0,10.884733,0.0,0.0,6.286,2.578866,1430
2010-12-13 18:45:00,0.0,10.866266,0.0,0.0,5.4546,2.711333,1430
2010-12-14 06:00:00,0.0,4.6398,0.0,0.0,0.7556,3.4484,1430
2010-12-14 06:15:00,0.0,5.4738,0.0,0.0,1.410533,3.6164,1430
2010-12-14 06:30:00,0.0,5.597466,0.0,-1.0,1.148066,3.596,1430
2010-12-14 06:45:00,0.0,5.808133,0.0,0.0,1.6952,3.585933,1430
2010-12-14 07:00:00,0.0,6.463466,0.0,0.0,2.4214,3.4738,1430
2010-12-14 07:15:00,0.0,6.1474,0.0,0.0,2.473066,3.3976,1430
2010-12-14 07:30:00,0.0,6.649733,0.0,0.0,2.121133,3.392466,1430
2010-12-14 07:45:00,0.0,6.619466,0.0,0.0,2.797533,3.484066,1430
2010-12-14 08:00:00,0.0,5.5886,0.0,0.0,1.799466,6.251,1430
2010-12-14 08:15:00,0.0,6.096266,0.0,0.0,2.854133,14.862,1430
2010-12-14 08:30:00,0.166666,6.5252,0.0,-1.0,3.5086,35.8632,1430
2010-12-14 08:45:00,25.693333,5.0164,1.0,1.0,4.0538,112.966,1430
2010-12-14 09:00:00,19.066666,5.241933,12.0,12.0,4.898466,78.857466,1430
2010-12-14 09:15:00,37.006666,4.891666,8.0,8.0,5.254266,145.843533,1430
2010-12-14 09:30:00,91.686666,5.5904,20.0,20.0,10.8926,337.071733,1430
2010-12-14 09:45:00,133.38,6.4872,45.0,45.0,17.099266,482.396466,1430
2010-12-14 10:00:00,172.033333,7.515466,68.0,68.0,25.541466,634.689266,1430
2010-12-14 10:15:00,180.833333,9.0526,87.0,87.0,29.028,659.8154,1430
2010-12-14 10:30:00,178.786666,10.015,91.0,91.0,32.853066,671.580066,1430
2010-12-14 10:45:00,167.746666,11.0222,88.0,88.0,31.8248,631.886733,1430
2010-12-14 11:00:00,149.186666,11.540333,83.0,83.0,29.592733,566.228133,1430
2010-12-14 11:15:00,133.413333,11.953733,75.0,75.0,27.964933,503.163666,1430
2010-12-14 11:30:00,99.753333,12.215266,65.0,65.0,24.890733,375.2186,1430
2010-12-14 11:45:00,118.68,12.039133,49.0,49.0,24.265866,441.757266,1430
2010-12-14 12:00:00,139.566666,12.343533,60.0,60.0,26.362266,525.044666,1430
2010-12-14 12:15:00,144.733333,12.359266,69.0,69.0,27.530466,546.6614,1430
2010-12-14 12:30:00,139.486666,12.8146,72.0,72.0,26.7576,537.1652,1430
2010-12-14 12:45:00,149.02,12.946266,70.0,70.0,27.566333,570.047933,1430
2010-12-14 13:00:00,142.046666,12.917533,74.0,74.0,24.180333,545.3186,1430
2010-12-14 13:15:00,140.266666,13.4398,72.0,72.0,25.604666,550.842466,1430
2010-12-14 13:30:00,146.826666,13.697733,71.0,71.0,27.063533,557.779866,1430
2010-12-14 13:45:00,165.753333,13.866333,75.0,75.0,30.058933,615.071666,1430
2010-12-14 14:00:00,99.273333,13.716466,83.0,83.0,26.558333,333.0078,1430
2010-12-14 14:15:00,114.186666,14.063666,42.0,42.0,24.027933,399.281866,1430
2010-12-14 14:30:00,39.306666,13.969133,56.0,56.0,18.8402,150.975533,1430
2010-12-14 14:45:00,40.313333,13.978333,20.0,20.0,16.754533,153.081266,1430
2010-12-14 15:00:00,31.633333,14.132533,19.0,19.0,16.219533,120.8598,1430
2010-12-14 15:15:00,26.366666,13.7424,15.0,15.0,14.6544,121.2108,1430
2010-12-14 15:30:00,45.993333,13.780466,14.0,14.0,16.4662,164.515066,1430
2010-12-14 15:45:00,73.766666,13.833133,23.0,23.0,18.686533,293.085666,1430
2010-12-14 16:00:00,125.726666,15.22,41.0,41.0,22.882066,540.573133,1430
2010-12-14 16:15:00,79.86666599999998,15.810733,68.0,68.0,21.8864,331.380266,1430
2010-12-14 16:30:00,34.786666,15.200466,39.0,39.0,16.6516,145.360266,1430
2010-12-14 16:45:00,14.226666,14.880266,16.0,16.0,13.3414,61.757466,1430
2010-12-14 17:00:00,6.426666,13.666533,6.0,6.0,10.257533,30.405666,1430
2010-12-14 17:15:00,3.266666,12.380066,3.0,3.0,8.053599999999998,18.712266,1430
2010-12-14 17:30:00,0.4799999999999999,13.511066,1.0,1.0,9.930466,7.731133,1430
2010-12-14 17:45:00,0.0,13.719333,0.0,0.0,10.562933,2.741533,1430
2010-12-14 18:00:00,0.0,13.6364,0.0,0.0,9.9202,2.217933,1430
2010-12-14 18:15:00,0.0,13.431466,0.0,0.0,9.049933,2.213,1430
2010-12-14 18:30:00,0.0,13.925266,0.0,0.0,9.198866,2.223133,1430
2010-12-14 18:45:00,0.0,13.144666,0.0,0.0,8.685665999999998,2.223133,1430
2010-12-15 06:00:00,0.0,4.0412,0.0,0.0,1.158533,3.890933,1430
2010-12-15 06:15:00,0.0,3.472066,0.0,0.0,0.0626,3.9214,1430
2010-12-15 06:30:00,0.0,4.654266,0.0,0.0,-0.247266,3.926466,1430
2010-12-15 06:45:00,0.0,2.524,0.0,0.0,-1.028666,4.002733,1430
2010-12-15 07:00:00,0.0,3.244733,0.0,0.0,-0.8143329999999999,4.125,1430
2010-12-15 07:15:00,0.0,2.227066,0.0,0.0,-0.722866,4.1352,1430
2010-12-15 07:30:00,0.0,0.917533,0.0,0.0,-1.8354,4.2112,1430
2010-12-15 07:45:00,0.0,1.434733,0.0,0.0,-1.636133,4.460533,1430
2010-12-15 08:00:00,0.0,2.294066,0.0,0.0,-0.344133,6.429,1430
2010-12-15 08:15:00,0.0,1.913533,0.0,0.0,-0.0045999999999999,10.884733,1430
2010-12-15 08:30:00,0.0,1.771933,0.0,-1.0,0.1244659999999999,28.615333,1430
2010-12-15 08:45:00,8.8,3.665333,0.0,0.0,2.124733,44.586133,1430
2010-12-15 09:00:00,16.206666,5.033733,5.0,5.0,4.212,63.980066,1430
2010-12-15 09:15:00,22.12,5.294533,8.0,8.0,5.410533,89.21806599999998,1430
2010-12-15 09:30:00,52.633333,5.0022,11.0,11.0,7.155,195.2312,1430
2010-12-15 09:45:00,116.82,6.359,27.0,27.0,13.327866,423.5026,1430
2010-12-15 10:00:00,141.74,7.473733,61.0,61.0,19.7,517.9086,1430
2010-12-15 10:15:00,171.44,7.265399999999999,70.0,70.0,20.1814,621.989066,1430
2010-12-15 10:30:00,109.733333,6.8476,84.0,84.0,15.716066,372.2484,1430
2010-12-15 10:45:00,102.6,7.320999999999999,52.0,52.0,15.281666,378.524666,1430
2010-12-15 11:00:00,79.47333299999998,7.339,50.0,50.0,15.545933,266.784666,1430
2010-12-15 11:15:00,79.29999999999998,7.803266,38.0,38.0,17.311533,295.628866,1430
2010-12-15 11:30:00,126.06,8.162865999999998,38.0,38.0,19.2788,487.940466,1430
2010-12-15 11:45:00,74.206666,8.024865999999998,61.0,61.0,16.476133,265.5488,1430
2010-12-15 12:00:00,65.973333,7.982,36.0,36.0,13.164466,233.545933,1430
2010-12-15 12:15:00,64.98,7.978866,33.0,33.0,13.0856,230.753666,1430
2010-12-15 12:30:00,94.993333,7.880932999999998,33.0,33.0,14.4974,338.495866,1430
2010-12-15 12:45:00,60.86,7.332733,44.0,44.0,11.957666,223.703866,1430
2010-12-15 13:00:00,88.293333,7.981,33.0,33.0,15.705133,315.796,1430
2010-12-15 13:15:00,46.88,7.549733,42.0,42.0,12.262266,187.8764,1430
2010-12-15 13:30:00,68.78,7.719666,25.0,25.0,12.4666,268.865133,1430
2010-12-15 13:45:00,99.28,8.228533,37.0,37.0,16.545666,382.603933,1430
2010-12-15 14:00:00,109.206666,8.735732999999998,50.0,50.0,19.834066,422.108866,1430
2010-12-15 14:15:00,139.833333,8.919665999999998,56.0,56.0,18.858133,504.994733,1430
2010-12-15 14:30:00,154.4,9.179266,71.0,71.0,20.749,553.777,1430
2010-12-15 14:45:00,108.133333,6.944666,78.0,78.0,14.095933,379.7912,1430
2010-12-15 15:00:00,104.833333,5.474533,51.0,51.0,11.073666,328.832066,1430
2010-12-15 15:15:00,111.68,4.660466,45.0,45.0,9.237533,397.084533,1430
2010-12-15 15:30:00,174.633333,5.1034,59.0,59.0,15.055133,621.515933,1430
2010-12-15 15:45:00,57.526666,4.319666,82.0,82.0,9.201933,197.585933,1430
2010-12-15 16:00:00,34.106666,3.8074,26.0,26.0,5.963466,132.1156,1430
2010-12-15 16:15:00,18.593333,3.536133,16.0,16.0,5.319866,76.700866,1430
2010-12-15 16:30:00,2.82,3.203933,8.0,8.0,3.5396,17.9088,1430
2010-12-15 16:45:00,0.0,1.974066,1.0,1.0,1.538866,13.443,1430
2010-12-15 17:00:00,0.0,1.332466,0.0,0.0,0.545733,6.662933,1430
2010-12-15 17:15:00,0.0,1.421,0.0,-1.0,0.8346,6.6578,1430
2010-12-15 17:30:00,0.0,1.412733,0.0,0.0,0.812066,4.832066,1430
2010-12-15 17:45:00,0.0,1.2658,0.0,0.0,0.416933,4.562333,1430
2010-12-15 18:00:00,0.0,0.922066,0.0,0.0,-1.2632,4.267,1430
2010-12-15 18:15:00,0.0,0.0824659999999999,0.0,0.0,-1.5718,4.3128,1430
2010-12-15 18:30:00,0.0,-0.3692659999999999,0.0,0.0,-1.520466,4.485933,1430
2010-12-15 18:45:00,0.0,-0.0937329999999999,0.0,0.0,-0.449266,4.577866,1430
2010-12-16 06:00:00,0.0,-5.6302,0.0,0.0,-9.764466,6.3682,1430
2010-12-16 06:15:00,0.0,-5.587,0.0,0.0,-9.864533,6.2968,1430
2010-12-16 06:30:00,0.0,-6.5428,0.0,0.0,-10.126,6.2968,1430
2010-12-16 06:45:00,0.0,-6.522666,0.0,0.0,-10.418,6.3886,1430
2010-12-16 07:00:00,0.0,-5.754266,0.0,0.0,-10.674333,6.409,1430
2010-12-16 07:15:00,0.0,-5.789866,0.0,0.0,-10.806133,6.409,1430
2010-12-16 07:30:00,0.0,-6.229866,0.0,0.0,-10.781733,6.409,1430
2010-12-16 07:45:00,0.0,-5.833466,0.0,0.0,-10.506466,6.546,1430
2010-12-16 08:00:00,0.0,-5.821333,0.0,-1.0,-10.193266,8.433,1430
2010-12-16 08:15:00,0.0,-5.908266,0.0,0.0,-10.165666,15.6302,1430
2010-12-16 08:30:00,2.406666,-5.160866,0.0,0.0,-8.8842,68.379866,1430
2010-12-16 08:45:00,14.74,-4.1276,2.0,2.0,-5.0128,146.270866,1430
2010-12-16 09:00:00,28.866666,-3.6668,7.0,7.0,-1.573533,236.775733,1430
2010-12-16 09:15:00,47.073333,-3.097,15.0,15.0,2.2336,331.0598,1430
2010-12-16 09:30:00,68.633333,-2.712466,24.0,24.0,5.408866,423.9858,1430
2010-12-16 09:45:00,105.073333,-2.094466,35.0,35.0,9.114666,519.958466,1430
2010-12-16 10:00:00,162.8,-1.2392,54.0,54.0,13.261533,611.282333,1430
2010-12-16 10:15:00,186.186666,-0.499333,83.0,83.0,16.384466,650.594066,1430
2010-12-16 10:30:00,185.56,-0.4404,93.0,93.0,16.644466,652.038666,1430
2010-12-16 10:45:00,184.153333,-0.452533,93.0,93.0,17.377066,652.3998,1430
2010-12-16 11:00:00,174.293333,0.0279329999999999,91.0,91.0,17.334133,624.293066,1430
2010-12-16 11:15:00,176.786666,0.052266,87.0,87.0,16.031466,635.848933,1430
2010-12-16 11:30:00,167.66,0.125066,88.0,88.0,16.574666,603.993733,1430
2010-12-16 11:45:00,161.466666,-0.4060659999999999,83.0,83.0,16.198666,584.533733,1430
2010-12-16 12:00:00,155.88,-0.3891999999999999,81.0,81.0,15.854,565.872066,1430
2010-12-16 12:15:00,151.026666,-0.294333,76.0,76.0,14.4994,551.5442,1430
2010-12-16 12:30:00,148.6,-0.4215999999999999,76.0,76.0,12.731933,541.8396,1430
2010-12-16 12:45:00,147.32,-0.2859999999999999,74.0,74.0,12.6272,538.019866,1430
2010-12-16 13:00:00,147.74,-0.342333,73.0,73.0,13.040333,539.382866,1430
2010-12-16 13:15:00,150.393333,-0.2074,74.0,74.0,12.769066,545.740866,1430
2010-12-16 13:30:00,154.08,-0.2199329999999999,76.0,76.0,13.830866,557.373066,1430
2010-12-16 13:45:00,159.18,-0.187533,76.0,76.0,14.631733,572.830266,1430
2010-12-16 14:00:00,165.08,-0.0488,79.0,79.0,14.3588,589.976133,1430
2010-12-16 14:15:00,171.073333,0.135,83.0,83.0,15.899533,610.9568,1430
2010-12-16 14:30:00,178.48,0.0361329999999999,86.0,86.0,18.8758,639.475533,1430
2010-12-16 14:45:00,178.826666,0.0839329999999999,89.0,89.0,19.343266,660.303666,1430
2010-12-16 15:00:00,182.386666,0.027333,91.0,91.0,20.705933,661.488866,1430
2010-12-16 15:15:00,183.04,-0.3826,89.0,89.0,21.062733,668.136533,1430
2010-12-16 15:30:00,178.006666,0.282333,93.0,93.0,22.4586,653.401666,1430
2010-12-16 15:45:00,163.553333,0.033133,90.0,90.0,21.876533,606.6286,1430
2010-12-16 16:00:00,144.94,0.3837329999999999,82.0,82.0,17.2476,547.846466,1430
2010-12-16 16:15:00,108.1,-0.140733,73.0,73.0,10.720666,431.6762,1430
2010-12-16 16:30:00,51.666666,-0.456066,54.0,54.0,4.980266,209.3964,1430
2010-12-16 16:45:00,18.613333,-0.615533,24.0,24.0,1.3424,89.6606,1430
2010-12-16 17:00:00,2.78,-0.6622,8.0,8.0,-0.478933,18.290266,1430
2010-12-16 17:15:00,0.0,-0.8561999999999999,1.0,1.0,-1.329133,7.258066,1430
2010-12-16 17:30:00,0.0,-0.994333,0.0,-1.0,-1.629066,5.6916,1430
2010-12-16 17:45:00,0.0,-1.483866,0.0,0.0,-1.8104,4.954066,1430
2010-12-16 18:00:00,0.0,-1.747066,0.0,0.0,-2.132133,4.953933,1430
2010-12-16 18:15:00,0.0,-1.787266,0.0,0.0,-2.212733,5.050533,1430
2010-12-16 18:30:00,0.0,-2.034466,0.0,0.0,-2.440133,5.101733,1430
2010-12-16 18:45:00,0.0,-2.078466,0.0,0.0,-2.524666,5.132266,1430
2010-12-17 06:00:00,0.0,-7.212799999999999,0.0,0.0,-6.987666,6.3172,1430
2010-12-17 06:15:00,0.0,-7.130733,0.0,0.0,-6.916066,6.3172,1430
2010-12-17 06:30:00,0.0,-7.226133,0.0,0.0,-6.944666,6.256,1430
2010-12-17 06:45:00,0.0,-7.354466,0.0,0.0,-7.1198,6.2662,1430
2010-12-17 07:00:00,0.0,-7.3592,0.0,0.0,-7.286733,6.2866,1430
2010-12-17 07:15:00,0.0,-7.502399999999998,0.0,0.0,-7.463333,6.358,1430
2010-12-17 07:30:00,0.0,-7.747133,0.0,0.0,-7.841,6.403866,1430
2010-12-17 07:45:00,0.0,-8.1814,0.0,0.0,-8.5478,6.5714,1430
2010-12-17 08:00:00,0.0,-8.740666,0.0,-1.0,-9.384933,7.853265999999999,1430
2010-12-17 08:15:00,0.0,-9.008466,0.0,0.0,-10.059066,11.4034,1430
2010-12-17 08:30:00,0.0,-8.9754,0.0,0.0,-10.579066,14.989333,1430
2010-12-17 08:45:00,0.0,-8.827733,0.0,0.0,-10.518666,23.620733,1430
2010-12-17 09:00:00,0.0,-8.2058,0.0,0.0,-9.380133,67.6168,1430
2010-12-17 09:15:00,3.4,-7.6056,0.0,-1.0,-7.838266,104.461666,1430
2010-12-17 09:30:00,6.726666,-6.768533,2.0,2.0,-6.0374,133.733066,1430
2010-12-17 09:45:00,8.553333,-6.155333,3.0,3.0,-4.114466,161.911066,1430
2010-12-17 10:00:00,7.206666,-5.694866,4.0,4.0,-2.974066,138.320866,1430
2010-12-17 10:15:00,5.266666,-6.504066,3.0,3.0,-3.285933,111.109533,1430
2010-12-17 10:30:00,5.633333,-6.776266,2.0,2.0,-4.289133,115.6362,1430
2010-12-17 10:45:00,6.953333,-6.441333,2.0,2.0,-4.052266,136.337333,1430
2010-12-17 11:00:00,9.893333,-6.149133,3.0,3.0,-3.271133,185.801133,1430
2010-12-17 11:15:00,13.173333,-4.909666,5.0,5.0,-1.441,236.643466,1430
2010-12-17 11:30:00,16.026666,-5.132133,6.0,6.0,-0.788466,265.782733,1430
2010-12-17 11:45:00,15.933333,-5.081533,7.0,7.0,-0.370466,245.564733,1430
2010-12-17 12:00:00,15.553333,-5.334666,7.0,7.0,0.342733,227.295,1430
2010-12-17 12:15:00,13.826666,-5.639533,8.0,8.0,-0.3470659999999999,200.536066,1430
2010-12-17 12:30:00,15.573333,-5.6592,6.0,6.0,-0.327733,219.431533,1430
2010-12-17 12:45:00,18.16,-5.481866,8.0,8.0,0.533333,246.470133,1430
2010-12-17 13:00:00,17.926666,-5.3958,8.0,8.0,0.7746659999999999,240.285333,1430
2010-12-17 13:15:00,19.066666,-5.325666,9.0,9.0,1.408266,252.558466,1430
2010-12-17 13:30:00,16.846666,-5.3374,9.0,9.0,1.403666,219.2078,1430
2010-12-17 13:45:00,14.953333,-5.0548,8.0,8.0,1.225866,192.118266,1430
2010-12-17 14:00:00,14.393333,-4.931066,7.0,7.0,0.7571999999999999,189.509066,1430
2010-12-17 14:15:00,17.046666,-4.3736,7.0,7.0,-0.027466,211.776733,1430
2010-12-17 14:30:00,14.373333,-4.4484,8.0,8.0,-0.849866,174.601333,1430
2010-12-17 14:45:00,10.38,-4.5436,7.0,7.0,-0.902666,130.1982,1430
2010-12-17 15:00:00,9.913333,-4.477133,4.0,4.0,-0.8726,123.7438,1430
2010-12-17 15:15:00,9.16,-4.713133,5.0,5.0,-0.968133,114.4358,1430
2010-12-17 15:30:00,7.926666,-4.572466,4.0,4.0,-1.090533,100.906266,1430
2010-12-17 15:45:00,7.966666,-4.698066,4.0,4.0,-1.947466,101.114933,1430
2010-12-17 16:00:00,8.053333,-4.432133,3.0,3.0,-2.3216,100.591133,1430
2010-12-17 16:15:00,6.913333,-4.410733,4.0,4.0,-2.5628,87.417533,1430
2010-12-17 16:30:00,4.12,-4.489866,3.0,3.0,-2.9834,56.605066,1430
2010-12-17 16:45:00,2.62,-4.827133,1.0,1.0,-3.696266,38.854,1430
2010-12-17 17:00:00,0.233333,-4.908333,1.0,1.0,-4.404866,17.979933,1430
2010-12-17 17:15:00,0.0,-4.9938,0.0,0.0,-4.907933,11.561066,1430
2010-12-17 17:30:00,0.0,-5.114533,0.0,0.0,-5.2464,7.975333,1430
2010-12-17 17:45:00,0.0,-5.3722,0.0,0.0,-5.485733,6.2612,1430
2010-12-17 18:00:00,0.0,-5.474133,0.0,-1.0,-5.728733,5.875,1430
2010-12-17 18:15:00,0.0,-5.5554,0.0,0.0,-5.864933,5.9054,1430
2010-12-17 18:30:00,0.0,-5.545866,0.0,0.0,-5.945666,5.9206,1430
2010-12-17 18:45:00,0.0,-5.633066,0.0,0.0,-5.866733,5.940866,1430
2010-12-18 06:00:00,0.0,-10.772133,0.0,-1.0,-12.461066,7.370199999999999,1430
2010-12-18 06:15:00,0.0,-11.4134,0.0,0.0,-12.639,7.390733,1430
2010-12-18 06:30:00,0.0,-10.377266,0.0,0.0,-12.4988,7.395866,1430
2010-12-18 06:45:00,0.0,-10.271933,0.0,0.0,-12.2196,7.354933,1430
2010-12-18 07:00:00,0.0,-10.5202,0.0,0.0,-12.0766,7.308866,1430
2010-12-18 07:15:00,0.0,-9.211666,0.0,0.0,-11.919733,7.283466,1430
2010-12-18 07:30:00,0.0,-9.946933,0.0,0.0,-11.511133,7.212532999999999,1430
2010-12-18 07:45:00,0.0,-8.205866,0.0,0.0,-10.604866,7.375066,1430
2010-12-18 08:00:00,0.0,-7.000466,0.0,0.0,-9.470066,9.323133,1430
2010-12-18 08:15:00,0.0,-6.6142,0.0,0.0,-8.5174,19.017533,1430
2010-12-18 08:30:00,0.0,-6.786333,0.0,-1.0,-8.681933,25.589133,1430
2010-12-18 08:45:00,4.8,-6.563866,0.0,0.0,-7.972933,141.398,1430
2010-12-18 09:00:00,11.833333,-6.0078,2.0,2.0,-5.738933,229.543,1430
2010-12-18 09:15:00,19.486666,-8.071932999999998,6.0,6.0,-4.954266,316.5182,1430
2010-12-18 09:30:00,29.34,-7.6896,10.0,10.0,-3.337066,409.7646,1430
2010-12-18 09:45:00,38.566666,-6.9934,14.0,14.0,-1.050133,492.579133,1430
2010-12-18 10:00:00,51.0,-6.239,19.0,19.0,6.480933,581.690466,1430
2010-12-18 10:15:00,65.706666,-6.0016,25.0,25.0,12.1592,636.606933,1430
2010-12-18 10:30:00,86.793333,-6.1194,33.0,33.0,10.592133,628.636733,1430
2010-12-18 10:45:00,115.233333,-5.8532,41.0,41.0,10.0194,621.6482,1430
2010-12-18 11:00:00,142.933333,-5.142133,56.0,56.0,13.0508,625.3764,1430
2010-12-18 11:15:00,155.173333,-4.82,71.0,71.0,13.156333,610.793933,1430
2010-12-18 11:30:00,158.42,-4.5212,78.0,78.0,11.057666,588.912933,1430
2010-12-18 11:45:00,156.953333,-3.996733,78.0,78.0,11.142,568.0796,1430
2010-12-18 12:00:00,152.466666,-3.5824,79.0,79.0,13.2448,549.2808,1430
2010-12-18 12:15:00,148.106666,-3.1172,76.0,76.0,11.2922,533.355933,1430
2010-12-18 12:30:00,146.486666,-2.780866,74.0,74.0,9.616933,526.982733,1430
2010-12-18 12:45:00,145.226666,-2.245933,73.0,73.0,10.51,523.178266,1430
2010-12-18 13:00:00,151.426666,-1.786533,72.0,72.0,11.721266,546.101866,1430
2010-12-18 13:15:00,124.86,-1.436666,76.0,76.0,10.978133,434.066666,1430
2010-12-18 13:30:00,142.946666,-1.402733,61.0,61.0,10.531133,507.283533,1430
2010-12-18 13:45:00,160.96,-0.859066,73.0,73.0,13.340733,572.235066,1430
2010-12-18 14:00:00,143.393333,-0.404733,80.0,80.0,12.8356,521.4336,1430
2010-12-18 14:15:00,158.46,-0.3022659999999999,77.0,77.0,13.901733,604.2684,1430
2010-12-18 14:30:00,167.82,-0.1541329999999999,84.0,84.0,15.444133,605.545,1430
2010-12-18 14:45:00,179.2,-0.091266,85.0,85.0,16.2964,633.2144,1430
2010-12-18 15:00:00,163.14,0.0096659999999999,90.0,90.0,17.3926,569.356133,1430
2010-12-18 15:15:00,160.593333,0.337733,81.0,81.0,20.470933,569.687,1430
2010-12-18 15:30:00,156.84,0.7922,82.0,82.0,20.2278,541.478533,1430
2010-12-18 15:45:00,122.74,0.7504659999999999,74.0,74.0,13.7468,450.368133,1430
2010-12-18 16:00:00,124.26,0.7286,64.0,64.0,14.878333,462.580333,1430
2010-12-18 16:15:00,83.37999999999998,0.575466,62.0,62.0,11.924266,327.611333,1430
2010-12-18 16:30:00,39.72,0.295733,42.0,42.0,4.679133,163.386133,1430
2010-12-18 16:45:00,20.373333,-0.4728,18.0,18.0,0.1438659999999999,94.0044,1430
2010-12-18 17:00:00,14.173333,-0.941533,11.0,11.0,-1.410066,69.020666,1430
2010-12-18 17:15:00,4.053333,-1.2392,6.0,6.0,-3.436666,23.539266,1430
2010-12-18 17:30:00,0.38,-2.018133,1.0,1.0,-4.8146,10.157133,1430
2010-12-18 17:45:00,0.0,-2.554133,0.0,0.0,-5.7714,5.656,1430
2010-12-18 18:00:00,0.0,-2.880533,0.0,0.0,-5.9866,5.320466,1430
2010-12-18 18:15:00,0.0,-4.0178,0.0,-1.0,-6.237133,5.3866,1430
2010-12-18 18:30:00,0.0,-4.103,0.0,0.0,-6.652,5.594666,1430
2010-12-18 18:45:00,0.0,-3.852733,0.0,0.0,-7.323666,5.681466,1430
2010-12-19 06:00:00,0.0,-0.4872659999999999,0.0,0.0,-4.685533,5.335866,1430
2010-12-19 06:15:00,0.0,-0.8306,0.0,0.0,-4.9934,5.289666,1430
2010-12-19 06:30:00,0.0,0.449933,0.0,0.0,-4.402733,5.238733,1430
2010-12-19 06:45:00,0.0,0.4043999999999999,0.0,0.0,-3.8234,5.1424,1430
2010-12-19 07:00:00,0.0,0.4719329999999999,0.0,-1.0,-3.248533,5.076066,1430
2010-12-19 07:15:00,0.0,1.109466,0.0,0.0,-3.830333,5.040133,1430
2010-12-19 07:30:00,0.0,1.6252,0.0,0.0,-3.721133,4.994466,1430
2010-12-19 07:45:00,0.0,2.288266,0.0,0.0,-3.231466,5.055733,1430
2010-12-19 08:00:00,0.0,2.4732,0.0,0.0,-3.462733,7.517466,1430
2010-12-19 08:15:00,0.0,2.960133,0.0,0.0,-2.592333,31.565266,1430
2010-12-19 08:30:00,8.34,2.8842,0.0,0.0,-0.681933,86.2782,1430
2010-12-19 08:45:00,28.126666,4.078666,4.0,3.0,2.7968,153.971333,1430
2010-12-19 09:00:00,54.326666,4.834666,14.0,14.0,6.7504,233.266266,1430
2010-12-19 09:15:00,84.846666,5.723133,27.0,27.0,10.9836,326.594,1430
2010-12-19 09:30:00,123.84,6.763466,43.0,43.0,17.595733,455.958,1430
2010-12-19 09:45:00,95.926666,7.166733,62.0,62.0,20.748533,343.9332,1430
2010-12-19 10:00:00,32.56,6.3898,45.0,45.0,12.3918,129.755666,1430
2010-12-19 10:15:00,17.88,5.432,15.0,15.0,7.201866,77.9928,1430
2010-12-19 10:30:00,37.4,4.959266,9.0,9.0,6.810133,140.869,1430
2010-12-19 10:45:00,30.52,5.402533,18.0,18.0,7.065333,118.743933,1430
2010-12-19 11:00:00,128.3,7.084333,16.0,16.0,15.828466,467.697066,1430
2010-12-19 11:15:00,41.933333,7.890132999999999,66.0,66.0,16.047933,146.087733,1430
2010-12-19 11:30:00,39.3,6.3628,17.0,17.0,10.7848,167.516066,1430
2010-12-19 11:45:00,88.186666,6.505533,22.0,22.0,12.854,321.360266,1430
2010-12-19 12:00:00,135.773333,8.194533,45.0,45.0,19.496066,518.8752,1430
2010-12-19 12:15:00,141.94,9.265,71.0,71.0,22.888933,535.207,1430
2010-12-19 12:30:00,138.053333,10.051066,70.0,70.0,23.643,520.879066,1430
2010-12-19 12:45:00,139.453333,10.489133,68.0,68.0,24.090466,530.9142,1430
2010-12-19 13:00:00,145.626666,11.893666,71.0,71.0,23.655333,533.727,1430
2010-12-19 13:15:00,142.033333,12.589066,72.0,72.0,25.331133,547.622666,1430
2010-12-19 13:30:00,136.38,12.933333,72.0,72.0,26.467066,498.296066,1430
2010-12-19 13:45:00,134.726666,12.0398,67.0,67.0,24.4468,492.263733,1430
2010-12-19 14:00:00,144.32,11.7388,72.0,72.0,23.0592,485.911066,1430
2010-12-19 14:15:00,122.106666,11.259333,68.0,68.0,20.224133,448.4864,1430
2010-12-19 14:30:00,156.373333,11.611866,58.0,58.0,24.236733,547.663466,1430
2010-12-19 14:45:00,184.393333,12.0636,73.0,73.0,29.638133,731.8726,1430
2010-12-19 15:00:00,162.84,11.988133,99.0,99.0,29.863,627.878866,1430
2010-12-19 15:15:00,187.42,11.891666,83.0,83.0,29.044733,669.6066,1430
2010-12-19 15:30:00,83.353333,11.435666,94.0,94.0,23.2442,309.427866,1430
2010-12-19 15:45:00,52.886666,10.9104,38.0,38.0,16.666666,195.6736,1430
2010-12-19 16:00:00,60.926666,10.450933,27.0,27.0,14.367133,232.075866,1430
2010-12-19 16:15:00,35.153333,9.884533,31.0,31.0,11.919733,134.4808,1430
2010-12-19 16:30:00,77.87999999999998,10.1868,18.0,18.0,14.782666,332.168533,1430
2010-12-19 16:45:00,36.466666,10.064533,41.0,41.0,13.147266,172.180266,1430
2010-12-19 17:00:00,4.426666,8.714733,17.0,17.0,7.603532999999999,23.534133,1430
2010-12-19 17:15:00,1.913333,7.565,2.0,2.0,5.0726,13.621066,1430
2010-12-19 17:30:00,0.0,6.866,0.0,0.0,3.757533,6.459533,1430
2010-12-19 17:45:00,0.0,6.3402,0.0,0.0,3.158533,3.596,1430
2010-12-19 18:00:00,0.0,6.1024,0.0,0.0,2.938266,3.138333,1430
2010-12-19 18:15:00,0.0,6.4958,0.0,0.0,4.042466,3.184066,1430
2010-12-19 18:30:00,0.0,6.688466,0.0,0.0,4.1714,3.2096,1430
2010-12-19 18:45:00,0.0,5.851666,0.0,0.0,3.380466,3.1994,1430
2010-12-02 06:00:00,0.0,3.609066,0.0,0.0,-0.2614,4.2468,1430
2010-12-02 06:15:00,0.0,3.958533,0.0,0.0,0.139933,4.140266,1430
2010-12-02 06:30:00,0.0,2.753333,0.0,0.0,-0.554933,4.0384,1430
2010-12-02 06:45:00,0.0,2.438533,0.0,0.0,-1.800666,4.140266,1430
2010-12-02 07:00:00,0.0,0.3425329999999999,0.0,0.0,-2.655933,4.241733,1430
2010-12-02 07:15:00,0.0,1.251266,0.0,-1.0,-2.663466,4.460466,1430
2010-12-02 07:30:00,0.0,2.357266,0.0,0.0,-2.6674,4.603133,1430
2010-12-02 07:45:00,0.0,1.303733,0.0,0.0,-2.391866,6.439333,1430
2010-12-02 08:00:00,0.0,0.8826,0.0,0.0,-1.506933,17.9444,1430
2010-12-02 08:15:00,7.12,0.890266,0.0,0.0,-1.0114,71.055066,1430
2010-12-02 08:30:00,32.733333,1.867333,4.0,4.0,2.098466,163.5692,1430
2010-12-02 08:45:00,64.513333,3.2488,16.0,16.0,6.994533,262.858133,1430
2010-12-02 09:00:00,90.253333,3.6376,32.0,32.0,11.5662,342.0054,1430
2010-12-02 09:15:00,111.9,2.7676,46.0,46.0,12.829133,400.7314,1430
2010-12-02 09:30:00,149.066666,4.660533,56.0,56.0,18.402333,530.049666,1430
2010-12-02 09:45:00,168.56,4.228266,75.0,75.0,19.9256,598.3886,1430
2010-12-02 10:00:00,185.606666,4.464133,85.0,85.0,21.833066,662.206,1430
2010-12-02 10:15:00,175.726666,6.209866,93.0,93.0,27.0702,632.451333,1430
2010-12-02 10:30:00,132.553333,7.563665999999999,86.0,86.0,26.3488,484.0596,1430
2010-12-02 10:45:00,132.8,7.076933,65.0,65.0,22.628533,496.241266,1430
2010-12-02 11:00:00,170.2,8.5654,69.0,69.0,26.7598,623.764066,1430
2010-12-02 11:15:00,165.16,7.194333,85.0,85.0,25.140066,600.005933,1430
2010-12-02 11:30:00,136.08,8.561666,80.0,80.0,24.146,500.727266,1430
2010-12-02 11:45:00,144.24,8.459466,68.0,68.0,24.368466,537.099266,1430
2010-12-02 12:00:00,151.2,9.270066000000002,71.0,71.0,25.192,551.320466,1430
2010-12-02 12:15:00,147.266666,9.666133,74.0,74.0,24.487933,549.977666,1430
2010-12-02 12:30:00,151.553333,10.512133,76.0,76.0,24.639066,563.476666,1430
2010-12-02 12:45:00,152.3,10.8164,75.0,75.0,24.269133,567.7796,1430
2010-12-02 13:00:00,145.266666,10.6916,76.0,76.0,23.269066,542.0482,1430
2010-12-02 13:15:00,158.493333,11.139733,72.0,72.0,24.611533,590.606666,1430
2010-12-02 13:30:00,161.766666,10.9956,80.0,80.0,26.627666,602.890066,1430
2010-12-02 13:45:00,158.5,11.373733,80.0,80.0,28.586666,578.948866,1430
2010-12-02 14:00:00,167.78,11.533733,79.0,79.0,27.794266,621.3074,1430
2010-12-02 14:15:00,162.04,11.172533,85.0,85.0,27.855466,591.008533,1430
2010-12-02 14:30:00,169.913333,11.267666,81.0,81.0,29.3686,628.356933,1430
2010-12-02 14:45:00,181.793333,11.554333,85.0,85.0,28.991866,669.667466,1430
2010-12-02 15:00:00,183.886666,11.514333,92.0,92.0,29.260933,674.372466,1430
2010-12-02 15:15:00,181.153333,11.316266,92.0,92.0,28.715933,666.809133,1430
2010-12-02 15:30:00,174.846666,11.135466,92.0,92.0,28.937466,645.563733,1430
2010-12-02 15:45:00,150.986666,10.804266,88.0,88.0,26.9378,565.531333,1430
2010-12-02 16:00:00,121.946666,10.585933,75.0,75.0,22.4706,465.922,1430
2010-12-02 16:15:00,92.626666,10.324533,61.0,61.0,18.9054,380.366,1430
2010-12-02 16:30:00,59.473333,9.614533,47.0,47.0,14.085266,258.2398,1430
2010-12-02 16:45:00,31.326666,8.628332999999998,28.0,28.0,9.862866,178.324266,1430
2010-12-02 17:00:00,10.88,7.631465999999999,17.0,17.0,6.641866,71.309333,1430
2010-12-02 17:15:00,2.38,5.815533,5.0,5.0,3.1974,15.513133,1430
2010-12-02 17:30:00,0.3933329999999999,4.577066,0.0,0.0,1.773733,9.8114,1430
2010-12-02 17:45:00,0.0,4.386466,1.0,0.0,1.321266,4.842066,1430
2010-12-02 18:00:00,0.0,5.2976,0.0,0.0,1.658866,3.519666,1430
2010-12-02 18:15:00,0.0,3.165666,0.0,0.0,0.8671999999999999,3.5858,1430
2010-12-02 18:30:00,0.0,3.996333,0.0,0.0,0.611133,3.7178,1430
2010-12-02 18:45:00,0.0,3.0336,0.0,0.0,0.331666,3.8298,1430
2010-12-21 06:00:00,0.0,-3.542866,0.0,0.0,-6.152533,5.564,1430
2010-12-21 06:15:00,0.0,-3.972733,0.0,0.0,-6.435,5.620333,1430
2010-12-21 06:30:00,0.0,-3.907066,0.0,0.0,-6.351466,5.671333,1430
2010-12-21 06:45:00,0.0,-4.016933,0.0,0.0,-6.601266,5.701733,1430
2010-12-21 07:00:00,0.0,-3.986333,0.0,0.0,-6.524933,5.737333,1430
2010-12-21 07:15:00,0.0,-3.894933,0.0,0.0,-6.6562,5.7424,1430
2010-12-21 07:30:00,0.0,-3.809066,0.0,-1.0,-6.426733,5.7322,1430
2010-12-21 07:45:00,0.0,-3.840466,0.0,0.0,-6.202933,5.773,1430
2010-12-21 08:00:00,0.0,-4.227466,0.0,0.0,-6.4968,6.510466,1430
2010-12-21 08:15:00,0.0,-4.538733,0.0,0.0,-6.855666,10.1522,1430
2010-12-21 08:30:00,0.0,-4.5546,0.0,0.0,-6.5532,23.5546,1430
2010-12-21 08:45:00,8.933332999999998,-4.482866,0.0,0.0,-5.933733,45.110133,1430
2010-12-21 09:00:00,17.646666,-4.3094,5.0,5.0,-4.727333,70.246466,1430
2010-12-21 09:15:00,20.64,-4.1092,8.0,8.0,-3.854333,78.8472,1430
2010-12-21 09:30:00,29.386666,-3.802533,10.0,10.0,-2.8126,107.6558,1430
2010-12-21 09:45:00,39.46,-3.326933,15.0,15.0,-0.7764659999999999,141.169266,1430
2010-12-21 10:00:00,45.5,-3.145533,19.0,19.0,0.1754,165.746,1430
2010-12-21 10:15:00,59.88,-3.076666,23.0,23.0,1.016533,215.688133,1430
2010-12-21 10:30:00,101.58,-2.684133,31.0,31.0,4.196466,381.1188,1430
2010-12-21 10:45:00,126.586666,-2.177133,54.0,54.0,8.241799999999998,442.057333,1430
2010-12-21 11:00:00,58.52,-2.310266,58.0,58.0,2.945933,212.946533,1430
2010-12-21 11:15:00,61.273333,-2.0756,29.0,29.0,3.316533,225.489333,1430
2010-12-21 11:30:00,59.786666,-1.8874,31.0,31.0,3.601666,211.898733,1430
2010-12-21 11:45:00,59.346666,-2.0468,29.0,29.0,2.906333,208.185933,1430
2010-12-21 12:00:00,60.193333,-1.9314,30.0,30.0,2.971266,208.170533,1430
2010-12-21 12:15:00,76.31999999999998,-1.8476,32.0,32.0,4.292733,252.314333,1430
2010-12-21 12:30:00,80.653333,-1.6098,36.0,36.0,4.867533,274.515866,1430
2010-12-21 12:45:00,81.233333,-0.995733,43.0,43.0,6.5538,291.855,1430
2010-12-21 13:00:00,89.846666,-0.946266,42.0,42.0,6.628866,299.611266,1430
2010-12-21 13:15:00,79.026666,-0.6156,44.0,44.0,7.616466,254.959066,1430
2010-12-21 13:30:00,52.533333,-0.7392659999999999,38.0,38.0,4.8404,191.7166,1430
2010-12-21 13:45:00,118.686666,-0.089866,27.0,27.0,8.787065999999998,419.988066,1430
2010-12-21 14:00:00,61.326666,-0.6126,58.0,58.0,4.5564,212.331066,1430
2010-12-21 14:15:00,116.153333,0.2737999999999999,33.0,33.0,9.561933,418.599466,1430
2010-12-21 14:30:00,90.706666,-0.191466,56.0,56.0,9.637466000000002,348.515866,1430
2010-12-21 14:45:00,99.493333,0.003,56.0,56.0,8.986133,368.204733,1430
2010-12-21 15:00:00,128.073333,0.490066,53.0,53.0,13.117,449.895133,1430
2010-12-21 15:15:00,53.726666,-0.1493329999999999,62.0,62.0,6.510533,176.549333,1430
2010-12-21 15:30:00,45.3,-0.3604,24.0,24.0,3.334933,157.6996,1430
2010-12-21 15:45:00,59.533333,-0.2988,23.0,23.0,4.190533,207.697533,1430
2010-12-21 16:00:00,52.226666,-0.3761999999999999,30.0,30.0,3.803866,182.5052,1430
2010-12-21 16:15:00,28.786666,-0.684066,24.0,24.0,1.527466,101.008133,1430
2010-12-21 16:30:00,18.14,-0.893866,14.0,14.0,-0.077533,68.852733,1430
2010-12-21 16:45:00,14.213333,-0.917533,8.0,8.0,-0.5184659999999999,56.182866,1430
2010-12-21 17:00:00,8.913332999999998,-1.111666,7.0,7.0,-1.210866,38.5692,1430
2010-12-21 17:15:00,2.553333,-1.3512,4.0,4.0,-2.11,17.3136,1430
2010-12-21 17:30:00,0.0599999999999999,-1.486,0.0,0.0,-2.367933,8.076933,1430
2010-12-21 17:45:00,0.0,-1.518933,0.0,-1.0,-2.4364,5.432133,1430
2010-12-21 18:00:00,0.0,-1.537666,0.0,0.0,-2.389466,5.03,1430
2010-12-21 18:15:00,0.0,-1.532133,0.0,0.0,-2.253533,4.994466,1430
2010-12-21 18:30:00,0.0,-1.621533,0.0,0.0,-2.385666,5.035,1430
2010-12-21 18:45:00,0.0,-2.196866,0.0,0.0,-3.482,5.03,1430
2010-12-22 06:00:00,0.0,-5.839133,0.0,-1.0,-8.7036,6.414066,1430
2010-12-22 06:15:00,0.0,-5.510933,0.0,0.0,-8.150066,6.3376,1430
2010-12-22 06:30:00,0.0,-5.4108,0.0,0.0,-7.9732,6.256066,1430
2010-12-22 06:45:00,0.0,-5.825666,0.0,0.0,-8.425133,6.230666,1430
2010-12-22 07:00:00,0.0,-5.748266,0.0,0.0,-8.526,6.220533,1430
2010-12-22 07:15:00,0.0,-6.0462,0.0,0.0,-8.3776,6.2256,1430
2010-12-22 07:30:00,0.0,-6.039266,0.0,0.0,-8.600733,6.2408,1430
2010-12-22 07:45:00,0.0,-6.056266,0.0,0.0,-8.671132999999998,6.327333,1430
2010-12-22 08:00:00,0.0,-5.873666,0.0,0.0,-8.413465999999998,7.019,1430
2010-12-22 08:15:00,0.0,-6.053133,0.0,0.0,-8.394465999999998,10.381133,1430
2010-12-22 08:30:00,0.133333,-5.754533,0.0,-1.0,-8.029533,23.676533,1430
2010-12-22 08:45:00,12.893333,-5.513133,1.0,1.0,-6.844866,55.9998,1430
2010-12-22 09:00:00,35.906666,-4.9238,6.0,6.0,-4.833133,139.791,1430
2010-12-22 09:15:00,72.04,-3.134333,19.0,19.0,-0.163333,256.2408,1430
2010-12-22 09:30:00,76.766666,-3.542866,35.0,35.0,1.165133,264.5212,1430
2010-12-22 09:45:00,118.1,-3.304133,39.0,39.0,6.566866,408.1828,1430
2010-12-22 10:00:00,119.06,-3.0462,59.0,59.0,8.629932999999998,421.386733,1430
2010-12-22 10:15:00,136.753333,-1.840733,60.0,60.0,11.986933,484.700533,1430
2010-12-22 10:30:00,118.86,-0.9898,68.0,68.0,15.7956,424.469133,1430
2010-12-22 10:45:00,101.08,-1.219466,56.0,56.0,12.494133,364.430666,1430
2010-12-22 11:00:00,107.293333,-1.1184,51.0,51.0,12.957133,384.531733,1430
2010-12-22 11:15:00,115.02,-0.5295999999999998,53.0,53.0,14.166933,393.483466,1430
2010-12-22 11:30:00,92.006666,-0.5818659999999999,54.0,54.0,12.060666,327.24,1430
2010-12-22 11:45:00,77.45999999999998,-0.4003329999999999,44.0,44.0,9.134333,268.732666,1430
2010-12-22 12:00:00,76.58666599999998,-0.537866,37.0,37.0,7.070533,271.728533,1430
2010-12-22 12:15:00,134.7,0.4354,40.0,40.0,12.042933,489.364666,1430
2010-12-22 12:30:00,143.32,0.5818659999999999,69.0,69.0,14.462933,522.0134,1430
2010-12-22 12:45:00,140.006666,0.692733,72.0,72.0,14.845866,513.631066,1430
2010-12-22 13:00:00,139.32,1.124,70.0,70.0,15.840066,512.512266,1430
2010-12-22 13:15:00,142.08,1.2026,68.0,68.0,15.845,519.053066,1430
2010-12-22 13:30:00,145.3,1.425466,72.0,72.0,18.208533,529.4852,1430
2010-12-22 13:45:00,148.34,1.345266,72.0,72.0,17.757066,537.246733,1430
2010-12-22 14:00:00,153.066666,1.764733,75.0,75.0,18.341466,550.949133,1430
2010-12-22 14:15:00,157.933333,1.885666,77.0,77.0,14.9996,564.239533,1430
2010-12-22 14:30:00,162.173333,1.762666,79.0,79.0,16.2356,577.753733,1430
2010-12-22 14:45:00,165.333333,1.776866,81.0,81.0,18.160066,589.238533,1430
2010-12-22 15:00:00,164.753333,1.7906,83.0,83.0,18.289866,587.076733,1430
2010-12-22 15:15:00,162.533333,1.893266,82.0,82.0,19.606,580.988666,1430
2010-12-22 15:30:00,156.753333,1.746,82.0,82.0,17.025466,560.6944,1430
2010-12-22 15:45:00,100.32,2.207466,79.0,79.0,13.719133,355.107533,1430
2010-12-22 16:00:00,49.746666,1.616066,47.0,47.0,6.6506,192.276133,1430
2010-12-22 16:15:00,42.18,1.492066,26.0,26.0,4.548066,153.981466,1430
2010-12-22 16:30:00,19.026666,1.181133,20.0,20.0,1.919133,83.03833299999998,1430
2010-12-22 16:45:00,23.846666,0.7434659999999998,10.0,10.0,1.0704,101.0742,1430
2010-12-22 17:00:00,9.68,0.037066,10.0,10.0,-0.6558,42.745,1430
2010-12-22 17:15:00,5.293333,-0.4437999999999999,5.0,5.0,-1.725466,26.764,1430
2010-12-22 17:30:00,0.5533329999999999,-0.7752,1.0,1.0,-2.608466,11.184733,1430
2010-12-22 17:45:00,0.0,-1.589666,1.0,1.0,-3.8108,6.1596,1430
2010-12-22 18:00:00,0.0,-2.298066,0.0,0.0,-5.003933,5.045266,1430
2010-12-22 18:15:00,0.0,-2.606733,0.0,0.0,-5.494533,5.142266,1430
2010-12-22 18:30:00,0.0,-3.313133,0.0,-1.0,-6.146533,5.289666,1430
2010-12-22 18:45:00,0.0,-4.127333,0.0,0.0,-7.056466,5.3866,1430
2010-12-23 06:00:00,0.0,-6.416866,0.0,0.0,-9.119266,6.550866,1430
2010-12-23 06:15:00,0.0,-7.639732999999999,0.0,0.0,-9.603333,6.5154,1430
2010-12-23 06:30:00,0.0,-7.572866,0.0,0.0,-9.744,6.535666,1430
2010-12-23 06:45:00,0.0,-7.888665999999998,0.0,0.0,-9.976266,6.5916,1430
2010-12-23 07:00:00,0.0,-7.1782,0.0,-1.0,-9.866466,6.5916,1430
2010-12-23 07:15:00,0.0,-6.746733,0.0,0.0,-9.409533,6.561,1430
2010-12-23 07:30:00,0.0,-6.5382,0.0,0.0,-8.642466,6.525533,1430
2010-12-23 07:45:00,0.0,-6.246133,0.0,0.0,-8.704399999999998,6.550933,1430
2010-12-23 08:00:00,0.0,-5.7034,0.0,0.0,-8.523466,7.634466,1430
2010-12-23 08:15:00,0.0,-6.2186,0.0,0.0,-8.070733,17.903733,1430
2010-12-23 08:30:00,0.0,-4.843466,0.0,0.0,-7.3238,31.590733,1430
2010-12-23 08:45:00,4.206666,-5.597266,0.0,-1.0,-6.798533,66.116266,1430
2010-12-23 09:00:00,29.233333,-3.6006,3.0,3.0,-3.549,139.0736,1430
2010-12-23 09:15:00,40.953333,-3.062733,13.0,13.0,-2.1242,187.952666,1430
2010-12-23 09:30:00,108.966666,-1.322066,24.0,24.0,2.681466,397.079466,1430
2010-12-23 09:45:00,139.753333,1.189866,56.0,56.0,10.4336,481.572466,1430
2010-12-23 10:00:00,120.393333,0.543066,70.0,70.0,14.2584,416.142733,1430
2010-12-23 10:15:00,179.393333,1.930066,61.0,61.0,22.04,631.6274,1430
2010-12-23 10:30:00,184.64,2.918333,90.0,90.0,23.479066,659.5458,1430
2010-12-23 10:45:00,179.6,2.742866,94.0,94.0,26.197866,651.397666,1430
2010-12-23 11:00:00,171.413333,2.377466,89.0,89.0,21.816133,624.572666,1430
2010-12-23 11:15:00,168.993333,0.5418,85.0,85.0,14.9234,609.349733,1430
2010-12-23 11:30:00,167.473333,1.338266,85.0,85.0,16.367666,608.0576,1430
2010-12-23 11:45:00,186.593333,2.811533,84.0,84.0,20.378066,679.321266,1430
2010-12-23 12:00:00,160.966666,2.706266,93.0,93.0,20.511333,595.316466,1430
2010-12-23 12:15:00,131.826666,2.436066,79.0,79.0,14.722933,475.0264,1430
2010-12-23 12:30:00,149.62,3.823466,64.0,64.0,18.896866,555.8472,1430
2010-12-23 12:45:00,140.486666,4.348733,74.0,74.0,18.321266,525.192266,1430
2010-12-23 13:00:00,140.88,3.789533,70.0,70.0,15.587733,522.277933,1430
2010-12-23 13:15:00,134.02,4.7248,70.0,70.0,19.332666,489.7512,1430
2010-12-23 13:30:00,122.96,5.365133,66.0,66.0,19.88,500.559533,1430
2010-12-23 13:45:00,73.893333,5.038133,68.0,68.0,13.965533,282.343666,1430
2010-12-23 14:00:00,103.366666,5.3092,38.0,38.0,12.411,337.458333,1430
2010-12-23 14:15:00,95.906666,6.1106,48.0,48.0,12.8698,337.605866,1430
2010-12-23 14:30:00,141.08,7.387466,51.0,51.0,19.572333,464.126666,1430
2010-12-23 14:45:00,151.793333,7.109,66.0,66.0,21.406266,558.6498,1430
2010-12-23 15:00:00,100.046666,7.188666,77.0,77.0,22.196266,359.100266,1430
2010-12-23 15:15:00,55.033333,7.068666,48.0,48.0,16.415733,199.9002,1430
2010-12-23 15:30:00,84.04,6.929466,27.0,27.0,14.984866,302.9582,1430
2010-12-23 15:45:00,68.3,6.948466,44.0,44.0,15.740533,224.502666,1430
2010-12-23 16:00:00,35.926666,7.1922,26.0,26.0,12.6668,126.6224,1430
2010-12-23 16:15:00,24.68,7.191,17.0,17.0,10.580466,90.860866,1430
2010-12-23 16:30:00,26.413333,7.2374,11.0,11.0,9.272666,97.284866,1430
2010-12-23 16:45:00,22.646666,7.079066,13.0,13.0,8.379265999999998,84.060666,1430
2010-12-23 17:00:00,10.88,6.4282,11.0,11.0,6.141733,45.227133,1430
2010-12-23 17:15:00,3.98,5.747,5.0,5.0,3.4706,20.9096,1430
2010-12-23 17:30:00,0.38,4.995666,1.0,1.0,2.849666,7.543,1430
2010-12-23 17:45:00,0.0,5.283266,0.0,0.0,3.475533,3.870533,1430
2010-12-23 18:00:00,0.0,5.879866,0.0,0.0,4.515266,3.296133,1430
2010-12-23 18:15:00,0.0,5.630733,0.0,0.0,4.523066,3.2962,1430
2010-12-23 18:30:00,0.0,5.21,0.0,0.0,4.011066,3.306333,1430
2010-12-23 18:45:00,0.0,4.529,0.0,-1.0,2.582933,3.4128,1430
2010-12-24 06:00:00,0.0,-2.722666,0.0,0.0,-5.580866,5.610066,1430
2010-12-24 06:15:00,0.0,-2.569466,0.0,0.0,-5.119933,5.579266,1430
2010-12-24 06:30:00,0.0,-2.1962,0.0,0.0,-4.993466,5.5386,1430
2010-12-24 06:45:00,0.0,-1.664133,0.0,0.0,-4.0148,5.422066,1430
2010-12-24 07:00:00,0.0,-1.381266,0.0,0.0,-4.457266,5.361266,1430
2010-12-24 07:15:00,0.0,-1.1972,0.0,0.0,-4.846,5.3102,1430
2010-12-24 07:30:00,0.0,-1.062266,0.0,0.0,-4.755,5.274266,1430
2010-12-24 07:45:00,0.0,-1.9414,0.0,0.0,-5.6018,5.315,1430
2010-12-24 08:00:00,0.0,-2.192533,0.0,-1.0,-5.8486,6.719066,1430
2010-12-24 08:15:00,0.0,-2.3846,0.0,0.0,-4.923533,17.267866,1430
2010-12-24 08:30:00,0.0,-1.8086,0.0,0.0,-4.616733,27.938866,1430
2010-12-24 08:45:00,8.3,-1.629866,0.0,0.0,-4.571733,43.050133,1430
2010-12-24 09:00:00,23.506666,-1.3462,4.0,4.0,-2.803333,100.3316,1430
2010-12-24 09:15:00,29.546666,-1.038066,11.0,11.0,-1.749066,116.775466,1430
2010-12-24 09:30:00,43.613333,-0.978733,15.0,15.0,-0.7139999999999999,166.1886,1430
2010-12-24 09:45:00,98.926666,-0.184533,21.0,21.0,2.742466,355.011,1430
2010-12-24 10:00:00,146.82,1.061333,52.0,52.0,11.082133,511.067733,1430
2010-12-24 10:15:00,163.986666,2.133666,74.0,74.0,18.013933,583.6232,1430
2010-12-24 10:30:00,166.566666,2.944933,83.0,83.0,20.095933,595.5302,1430
2010-12-24 10:45:00,167.173333,3.4886,82.0,82.0,21.165733,603.902266,1430
2010-12-24 11:00:00,165.526666,4.565066,84.0,84.0,21.178466,604.639666,1430
2010-12-24 11:15:00,162.04,5.349733,83.0,83.0,21.290333,597.407,1430
2010-12-24 11:30:00,157.233333,5.013866,81.0,81.0,19.439533,581.130866,1430
2010-12-24 11:45:00,152.98,4.923133,78.0,78.0,18.149933,564.402133,1430
2010-12-24 12:00:00,149.72,4.980066,76.0,76.0,16.9724,552.240933,1430
2010-12-24 12:15:00,147.086666,4.780066,74.0,74.0,15.708333,543.314666,1430
2010-12-24 12:30:00,143.513333,4.7394,74.0,74.0,15.410733,533.192933,1430
2010-12-24 12:45:00,139.966666,4.775,71.0,71.0,15.4618,522.1508,1430
2010-12-24 13:00:00,141.5,4.8768,71.0,71.0,15.855,516.703133,1430
2010-12-24 13:15:00,144.693333,5.163266,70.0,70.0,17.377466,522.959333,1430
2010-12-24 13:30:00,132.213333,4.992666,70.0,70.0,16.930133,479.3496,1430
2010-12-24 13:45:00,104.746666,5.317333,66.0,66.0,17.223066,361.9486,1430
2010-12-24 14:00:00,83.406666,5.0892,51.0,51.0,14.939333,292.597466,1430
2010-12-24 14:15:00,71.873333,5.136866,41.0,41.0,14.1036,260.645466,1430
2010-12-24 14:30:00,136.54,5.5186,38.0,38.0,19.012533,492.625,1430
2010-12-24 14:45:00,108.366666,5.312533,66.0,66.0,17.871666,405.1056,1430
2010-12-24 15:00:00,86.313333,5.602866,58.0,58.0,18.900666,296.534133,1430
2010-12-24 15:15:00,52.273333,5.169066,41.0,41.0,13.179266,187.1694,1430
2010-12-24 15:30:00,49.206666,5.0308,25.0,25.0,10.3858,181.3508,1430
2010-12-24 15:45:00,86.54,5.1054,25.0,25.0,11.740266,305.664066,1430
2010-12-24 16:00:00,58.526666,5.070266,44.0,44.0,12.4278,214.360533,1430
2010-12-24 16:15:00,100.526666,5.238533,28.0,28.0,13.8856,392.5782,1430
2010-12-24 16:30:00,88.84,5.305333,51.0,51.0,15.1548,372.461866,1430
2010-12-24 16:45:00,54.446666,5.107666,44.0,44.0,10.775533,253.031266,1430
2010-12-24 17:00:00,24.2,4.624333,27.0,27.0,6.387466,134.170533,1430
2010-12-24 17:15:00,5.573333,3.642333,12.0,12.0,2.686,27.735466,1430
2010-12-24 17:30:00,0.506666,2.336533,2.0,2.0,0.2137999999999999,10.9712,1430
2010-12-24 17:45:00,0.0,1.5558,0.0,0.0,-0.9674,6.042466,1430
2010-12-24 18:00:00,0.0,0.6076,0.0,-1.0,-1.9626,4.333133,1430
2010-12-24 18:15:00,0.0,0.118733,0.0,0.0,-2.870333,4.440133,1430
2010-12-24 18:30:00,0.0,-0.4156659999999999,0.0,0.0,-3.269,4.633666,1430
2010-12-24 18:45:00,0.0,-0.3553999999999999,0.0,0.0,-3.396333,4.8018,1430
2010-12-25 06:00:00,0.0,-5.319266,0.0,-1.0,-10.094066,6.434333,1430
2010-12-25 06:15:00,0.0,-6.120266,0.0,0.0,-9.804933,6.414066,1430
2010-12-25 06:30:00,0.0,-8.325933,0.0,0.0,-11.1016,6.4394,1430
2010-12-25 06:45:00,0.0,-6.383533,0.0,0.0,-10.8196,6.5458,1430
2010-12-25 07:00:00,0.0,-5.939,0.0,0.0,-10.15,6.555933,1430
2010-12-25 07:15:00,0.0,-6.875333,0.0,0.0,-10.532666,6.5002,1430
2010-12-25 07:30:00,0.0,-6.486733,0.0,0.0,-10.9434,6.510333,1430
2010-12-25 07:45:00,0.0,-6.551733,0.0,0.0,-10.997666,6.6272,1430
2010-12-25 08:00:00,0.0,-7.079066,0.0,0.0,-11.1168,8.1584,1430
2010-12-25 08:15:00,0.0,-8.960065999999998,0.0,0.0,-11.5888,20.416333,1430
2010-12-25 08:30:00,6.94,-7.208933,0.0,-1.0,-10.480466,68.908866,1430
2010-12-25 08:45:00,26.233333,-5.069,3.0,3.0,-7.184133,137.5224,1430
2010-12-25 09:00:00,52.013333,-4.172466,13.0,13.0,-3.6868,217.905733,1430
2010-12-25 09:15:00,79.666666,-2.720933,25.0,25.0,0.95,303.5228,1430
2010-12-25 09:30:00,111.226666,-1.079466,41.0,41.0,8.889466,398.742666,1430
2010-12-25 09:45:00,138.366666,-0.4739329999999999,56.0,56.0,15.535466,490.244466,1430
2010-12-25 10:00:00,161.78,0.7162,70.0,70.0,20.770266,575.2614,1430
2010-12-25 10:15:00,181.693333,1.8604,82.0,82.0,25.284733,659.962933,1430
2010-12-25 10:30:00,181.386666,2.360666,92.0,92.0,27.082666,664.647533,1430
2010-12-25 10:45:00,180.6,3.314266,91.0,91.0,27.4344,667.3584,1430
2010-12-25 11:00:00,176.926666,3.870466,91.0,91.0,28.006466,658.839,1430
2010-12-25 11:15:00,172.106666,4.937466,88.0,88.0,27.822266,644.0682,1430
2010-12-25 11:30:00,166.266666,4.9864,85.0,85.0,26.6586,621.836333,1430
2010-12-25 11:45:00,160.266666,4.766733,83.0,83.0,23.1826,598.1292,1430
2010-12-25 12:00:00,154.726666,4.893533,80.0,80.0,21.512533,577.418066,1430
2010-12-25 12:15:00,150.213333,5.438066,78.0,78.0,21.2054,564.224266,1430
2010-12-25 12:30:00,146.993333,6.150733,75.0,75.0,20.332466,553.105733,1430
2010-12-25 12:45:00,145.56,6.203133,72.0,72.0,19.533666,547.927866,1430
2010-12-25 13:00:00,146.286666,6.365733,73.0,73.0,18.9746,549.250266,1430
2010-12-25 13:15:00,148.48,6.429,73.0,73.0,19.064133,556.625333,1430
2010-12-25 13:30:00,152.906666,6.773466,75.0,75.0,20.607533,570.632866,1430
2010-12-25 13:45:00,161.32,6.961,76.0,76.0,21.737133,600.6064,1430
2010-12-25 14:00:00,177.693333,7.620266,82.0,82.0,24.419066,659.606933,1430
2010-12-25 14:15:00,136.44,7.469732999999998,89.0,89.0,23.387333,483.622133,1430
2010-12-25 14:30:00,184.193333,7.755733,65.0,65.0,24.256866,688.888533,1430
2010-12-25 14:45:00,190.246666,7.971133,97.0,97.0,28.383333,703.0894,1430
2010-12-25 15:00:00,177.653333,7.951666,95.0,95.0,27.2324,654.734266,1430
2010-12-25 15:15:00,184.373333,7.959399999999999,90.0,90.0,27.5588,682.296666,1430
2010-12-25 15:30:00,182.593333,8.037865999999998,92.0,92.0,27.4328,677.668266,1430
2010-12-25 15:45:00,163.306666,8.038999999999998,92.0,92.0,27.053733,614.3698,1430
2010-12-25 16:00:00,135.14,7.8236,82.0,82.0,23.944066,524.627733,1430
2010-12-25 16:15:00,105.653333,7.288933,68.0,68.0,15.672133,425.3336,1430
2010-12-25 16:30:00,75.606666,6.8964,53.0,53.0,11.657866,331.853266,1430
2010-12-25 16:45:00,46.673333,6.339933,38.0,38.0,8.643133,237.721933,1430
2010-12-25 17:00:00,18.88,5.332133,23.0,23.0,5.09,130.040533,1430
2010-12-25 17:15:00,2.52,3.458733,10.0,10.0,1.112066,16.5202,1430
2010-12-25 17:30:00,0.2399999999999999,0.783733,0.0,0.0,-1.573266,9.974133,1430
2010-12-25 17:45:00,0.0,0.469133,0.0,0.0,-2.3206,6.317133,1430
2010-12-25 18:00:00,0.0,0.1836,0.0,0.0,-2.828533,4.5012,1430
2010-12-25 18:15:00,0.0,0.809666,0.0,0.0,-2.7622,4.552333,1430
2010-12-25 18:30:00,0.0,0.3616659999999999,0.0,0.0,-2.901866,4.618533,1430
2010-12-25 18:45:00,0.0,0.207533,0.0,-1.0,-2.963866,4.719866,1430
2010-12-26 06:00:00,0.0,-6.5594,0.0,0.0,-8.869333,6.474866,1430
2010-12-26 06:15:00,0.0,-5.9596,0.0,0.0,-8.434266,6.474866,1430
2010-12-26 06:30:00,0.0,-5.0136,0.0,0.0,-8.139666,6.449533,1430
2010-12-26 06:45:00,0.0,-5.760066,0.0,0.0,-8.3034,6.414066,1430
2010-12-26 07:00:00,0.0,-5.147733,0.0,0.0,-8.3578,6.3682,1430
2010-12-26 07:15:00,0.0,-3.899333,0.0,0.0,-7.777199999999999,6.2968,1430
2010-12-26 07:30:00,0.0,-4.496466,0.0,-1.0,-7.560866,6.256,1430
2010-12-26 07:45:00,0.0,-4.889,0.0,0.0,-8.201399999999998,6.398533,1430
2010-12-26 08:00:00,0.0,-4.7494,0.0,0.0,-7.887866,9.318066,1430
2010-12-26 08:15:00,0.0,-4.117533,0.0,0.0,-7.2108,24.866733,1430
2010-12-26 08:30:00,6.386666,-5.054933,0.0,0.0,-6.592866,71.782333,1430
2010-12-26 08:45:00,22.393333,-4.1528,3.0,3.0,-4.7598,126.810733,1430
2010-12-26 09:00:00,51.54,-2.1112,11.0,11.0,-0.0245329999999999,226.816733,1430
2010-12-26 09:15:00,79.23999999999998,0.158133,26.0,26.0,6.698133,308.303866,1430
2010-12-26 09:30:00,106.993333,1.3518,39.0,39.0,12.6362,399.3582,1430
2010-12-26 09:45:00,134.2,1.903133,54.0,54.0,16.568533,484.9752,1430
2010-12-26 10:00:00,146.806666,2.395466,68.0,68.0,20.125733,530.833,1430
2010-12-26 10:15:00,179.22,3.477133,74.0,74.0,25.547933,649.988733,1430
2010-12-26 10:30:00,177.833333,4.128333,90.0,90.0,28.008866,651.7486,1430
2010-12-26 10:45:00,178.773333,4.855066,88.0,88.0,28.449733,657.664,1430
2010-12-26 11:00:00,169.893333,5.472466,90.0,90.0,27.476266,629.241933,1430
2010-12-26 11:15:00,157.446666,5.499066,85.0,85.0,25.255533,582.6722,1430
2010-12-26 11:30:00,166.92,4.708,78.0,78.0,23.0132,622.324533,1430
2010-12-26 11:45:00,153.72,3.6874,84.0,84.0,19.960733,572.219866,1430
2010-12-26 12:00:00,147.06,4.660866,76.0,76.0,20.740266,550.557466,1430
2010-12-26 12:15:00,145.513333,5.791533,72.0,72.0,22.133333,555.0588,1430
2010-12-26 12:30:00,145.24,6.344533,74.0,74.0,23.408866,551.0508,1430
2010-12-26 12:45:00,139.486666,7.527332999999999,72.0,72.0,24.381133,533.7118,1430
2010-12-26 13:00:00,141.786666,8.174466,70.0,70.0,25.324466,546.056,1430
2010-12-26 13:15:00,137.94,8.4984,71.0,71.0,25.3494,533.910066,1430
2010-12-26 13:30:00,147.026666,7.921065999999999,70.0,70.0,23.496,556.8084,1430
2010-12-26 13:45:00,146.54,7.774533,73.0,73.0,20.516266,543.106,1430
2010-12-26 14:00:00,140.953333,7.915066,72.0,72.0,18.014733,526.9166,1430
2010-12-26 14:15:00,167.9,8.310532999999998,73.0,73.0,21.117333,631.3832,1430
2010-12-26 14:30:00,144.466666,8.450933,85.0,85.0,21.349866,525.177066,1430
2010-12-26 14:45:00,112.946666,8.131866,69.0,69.0,16.0594,418.0502,1430
2010-12-26 15:00:00,89.666666,7.990999999999999,57.0,57.0,15.011533,320.454933,1430
2010-12-26 15:15:00,89.05333299999998,7.664132999999999,42.0,42.0,12.991866,331.461533,1430
2010-12-26 15:30:00,66.246666,7.572533,46.0,46.0,12.483266,246.134466,1430
2010-12-26 15:45:00,86.79999999999998,7.4424,32.0,32.0,11.848,336.1004,1430
2010-12-26 16:00:00,154.513333,7.747133,49.0,49.0,18.187733,582.7128,1430
2010-12-26 16:15:00,73.393333,7.2236,77.0,77.0,14.394666,271.723333,1430
2010-12-26 16:30:00,60.533333,6.583933,33.0,33.0,9.579066,263.3972,1430
2010-12-26 16:45:00,41.16,6.0446,33.0,33.0,8.232333,204.350866,1430
2010-12-26 17:00:00,22.806666,5.3604,20.0,20.0,5.567733,144.5668,1430
2010-12-26 17:15:00,4.133333,4.331866,11.0,11.0,1.917466,22.232,1430
2010-12-26 17:30:00,0.6733329999999998,3.194466,1.0,1.0,-0.515533,10.594733,1430
2010-12-26 17:45:00,0.0,1.603666,1.0,0.0,-1.395733,5.879666,1430
2010-12-26 18:00:00,0.0,1.34,0.0,0.0,-1.797933,4.2214,1430
2010-12-26 18:15:00,0.0,-0.410133,0.0,0.0,-3.246266,4.3332,1430
2010-12-26 18:30:00,0.0,0.3646659999999999,0.0,0.0,-3.5384,4.5472,1430
2010-12-26 18:45:00,0.0,-0.211933,0.0,0.0,-3.289933,4.735266,1430
2010-12-27 06:00:00,0.0,2.0938,0.0,0.0,-0.745066,4.465533,1430
2010-12-27 06:15:00,0.0,1.5662,0.0,0.0,-1.318533,4.435133,1430
2010-12-27 06:30:00,0.0,2.539866,0.0,0.0,-1.257266,4.4706,1430
2010-12-27 06:45:00,0.0,1.010333,0.0,-1.0,-1.400733,4.460466,1430
2010-12-27 07:00:00,0.0,1.3408,0.0,0.0,-1.533533,4.511266,1430
2010-12-27 07:15:00,0.0,1.887133,0.0,0.0,-1.218866,4.511266,1430
2010-12-27 07:30:00,0.0,1.660266,0.0,0.0,-0.226333,4.501,1430
2010-12-27 07:45:00,0.0,1.811533,0.0,0.0,-0.476733,4.531666,1430
2010-12-27 08:00:00,0.0,1.952866,0.0,0.0,-0.7186,10.7828,1430
2010-12-27 08:15:00,2.206666,2.575933,0.0,0.0,0.8349999999999999,44.2658,1430
2010-12-27 08:30:00,12.966666,2.9042,1.0,1.0,2.3348,90.093,1430
2010-12-27 08:45:00,26.153333,3.086,6.0,6.0,3.607333,139.180533,1430
2010-12-27 09:00:00,49.746666,3.318,12.0,12.0,5.2274,212.717733,1430
2010-12-27 09:15:00,60.973333,3.2758,25.0,25.0,5.7634,228.887,1430
2010-12-27 09:30:00,108.346666,3.767866,31.0,31.0,9.310866,386.311933,1430
2010-12-27 09:45:00,56.433333,3.5218,52.0,52.0,6.831133,197.265666,1430
2010-12-27 10:00:00,58.593333,3.6206,26.0,26.0,6.614266,212.8804,1430
2010-12-27 10:15:00,99.573333,3.998666,29.0,29.0,9.277933,363.622066,1430
2010-12-27 10:30:00,64.273333,3.992666,51.0,51.0,7.3662,238.520266,1430
2010-12-27 10:45:00,57.693333,3.9532,29.0,29.0,6.096866,218.882266,1430
2010-12-27 11:00:00,94.553333,4.343466,31.0,31.0,8.6866,330.6478,1430
2010-12-27 11:15:00,148.546666,4.9456,46.0,46.0,12.416666,535.1206,1430
2010-12-27 11:30:00,158.586666,5.6078,74.0,74.0,14.107933,580.0476,1430
2010-12-27 11:45:00,173.206666,6.463066,80.0,80.0,16.761466,635.050466,1430
2010-12-27 12:00:00,158.926666,6.705933,86.0,86.0,17.363266,594.009266,1430
2010-12-27 12:15:00,164.193333,7.228866,79.0,79.0,19.839466,612.915066,1430
2010-12-27 12:30:00,159.386666,7.5218,83.0,83.0,22.711266,600.738466,1430
2010-12-27 12:45:00,162.76,7.643333,79.0,79.0,22.959066,616.897533,1430
2010-12-27 13:00:00,151.786666,7.5704,80.0,80.0,21.7,565.038133,1430
2010-12-27 13:15:00,124.013333,6.691466,74.0,74.0,15.6384,459.1372,1430
2010-12-27 13:30:00,143.32,6.631533,62.0,62.0,16.492866,528.589866,1430
2010-12-27 13:45:00,117.86,6.28,72.0,72.0,15.335533,425.1404,1430
2010-12-27 14:00:00,122.913333,6.176133,59.0,59.0,16.1976,440.561933,1430
2010-12-27 14:15:00,54.966666,5.558266,60.0,60.0,11.616266,196.970733,1430
2010-12-27 14:30:00,54.113333,5.4518,26.0,26.0,9.6978,196.594266,1430
2010-12-27 14:45:00,62.033333,5.597066,28.0,28.0,10.7996,224.9756,1430
2010-12-27 15:00:00,76.33333299999998,5.903666,31.0,31.0,13.009466,277.069133,1430
2010-12-27 15:15:00,89.94,6.013333,38.0,38.0,15.8092,321.019533,1430
2010-12-27 15:30:00,69.66,5.909733,45.0,45.0,15.684066,248.443533,1430
2010-12-27 15:45:00,42.546666,5.704,33.0,33.0,11.407133,152.933733,1430
2010-12-27 16:00:00,34.953333,5.703533,21.0,21.0,9.183933,125.523933,1430
2010-12-27 16:15:00,29.36,5.604733,16.0,16.0,7.942065999999999,106.953933,1430
2010-12-27 16:30:00,22.086666,5.305866,14.0,14.0,6.566533,81.45659999999998,1430
2010-12-27 16:45:00,16.313333,4.941,11.0,11.0,5.093533,62.576266,1430
2010-12-27 17:00:00,9.566666,4.8794,7.0,7.0,4.004666,39.8,1430
2010-12-27 17:15:00,3.14,4.225,4.0,4.0,2.514,17.796866,1430
2010-12-27 17:30:00,0.0599999999999999,3.375,1.0,1.0,1.638533,8.2042,1430
2010-12-27 17:45:00,0.0,2.851466,0.0,-1.0,1.160066,4.704733,1430
2010-12-27 18:00:00,0.0,2.435733,0.0,0.0,0.489933,3.9214,1430
2010-12-27 18:15:00,0.0,2.202333,0.0,0.0,0.312466,4.018066,1430
2010-12-27 18:30:00,0.0,1.917,0.0,0.0,0.203466,4.104666,1430
2010-12-27 18:45:00,0.0,1.260266,0.0,0.0,-0.548533,4.190933,1430
2010-12-28 06:00:00,0.0,-4.524866,0.0,-1.0,-6.9706,5.722,1430
2010-12-28 06:15:00,0.0,-4.399133,0.0,0.0,-7.013333,5.7628,1430
2010-12-28 06:30:00,0.0,-4.895733,0.0,0.0,-7.811066,5.8546,1430
2010-12-28 06:45:00,0.0,-4.935266,0.0,0.0,-7.6858,5.900333,1430
2010-12-28 07:00:00,0.0,-5.836733,0.0,0.0,-8.482865999999998,5.930733,1430
2010-12-28 07:15:00,0.0,-6.001,0.0,0.0,-8.314733,6.006733,1430
2010-12-28 07:30:00,0.0,-5.4732,0.0,0.0,-7.635532999999999,6.1188,1430
2010-12-28 07:45:00,0.0,-5.548333,0.0,0.0,-7.796133,6.1596,1430
2010-12-28 08:00:00,0.0,-6.1166,0.0,0.0,-8.648533,6.663066,1430
2010-12-28 08:15:00,0.0,-5.706933,0.0,0.0,-8.554,9.089200000000002,1430
2010-12-28 08:30:00,1.653333,-6.122733,0.0,-1.0,-8.171933,26.560533,1430
2010-12-28 08:45:00,13.66,-5.878266,2.0,2.0,-7.1162,57.586733,1430
2010-12-28 09:00:00,25.406666,-5.492333,6.0,6.0,-5.5298,96.7356,1430
2010-12-28 09:15:00,63.833333,-4.119066,13.0,13.0,-0.9952,234.7514,1430
2010-12-28 09:30:00,107.853333,-2.578933,32.0,32.0,6.846733,398.625666,1430
2010-12-28 09:45:00,130.833333,-1.884733,56.0,56.0,12.703266,472.702133,1430
2010-12-28 10:00:00,156.373333,-1.8234,67.0,67.0,15.634933,559.2602,1430
2010-12-28 10:15:00,119.413333,-1.954666,78.0,78.0,13.377733,426.732466,1430
2010-12-28 10:30:00,130.34,-1.114733,57.0,57.0,15.071533,465.840733,1430
2010-12-28 10:45:00,157.353333,0.137333,65.0,65.0,17.7732,572.524866,1430
2010-12-28 11:00:00,177.36,0.7693999999999999,81.0,81.0,22.261066,653.432333,1430
2010-12-28 11:15:00,170.153333,1.670066,89.0,89.0,22.840533,631.953,1430
2010-12-28 11:30:00,166.946666,1.958533,85.0,85.0,23.095866,624.343933,1430
2010-12-28 11:45:00,160.94,2.1772,82.0,82.0,22.316,601.684533,1430
2010-12-28 12:00:00,154.093333,2.219866,81.0,81.0,20.903733,578.3488,1430
2010-12-28 12:15:00,149.786666,2.228066,77.0,77.0,19.846733,562.672933,1430
2010-12-28 12:30:00,146.386666,2.578666,74.0,74.0,19.0546,552.047666,1430
2010-12-28 12:45:00,144.293333,2.7162,74.0,74.0,18.6354,544.896466,1430
2010-12-28 13:00:00,144.386666,3.302333,72.0,72.0,20.274666,546.580066,1430
2010-12-28 13:15:00,146.186666,3.8034,71.0,71.0,21.465266,552.983533,1430
2010-12-28 13:30:00,149.466666,4.102466,74.0,74.0,21.447866,563.334133,1430
2010-12-28 13:45:00,154.54,4.437066,75.0,75.0,22.273666,579.172866,1430
2010-12-28 14:00:00,159.393333,4.754133,77.0,77.0,22.7472,595.484466,1430
2010-12-28 14:15:00,165.413333,5.1106,80.0,80.0,24.009533,616.200733,1430
2010-12-28 14:30:00,171.3,4.9444,83.0,83.0,20.589533,633.2652,1430
2010-12-28 14:45:00,176.733333,4.837933,86.0,86.0,19.902866,649.058,1430
2010-12-28 15:00:00,179.446666,5.104133,89.0,89.0,21.119466,660.792,1430
2010-12-28 15:15:00,180.433333,5.297,90.0,90.0,21.444666,665.3342,1430
2010-12-28 15:30:00,177.846666,5.293733,91.0,91.0,23.948733,663.447133,1430
2010-12-28 15:45:00,163.246666,5.2738,90.0,90.0,23.5928,609.451333,1430
2010-12-28 16:00:00,135.433333,5.429466,81.0,81.0,23.269866,525.6502,1430
2010-12-28 16:15:00,108.26,5.599533,69.0,69.0,19.860333,435.124733,1430
2010-12-28 16:30:00,27.426666,5.2654,54.0,54.0,11.041666,99.354933,1430
2010-12-28 16:45:00,9.153333000000002,4.292333,9.0,9.0,2.399466,49.3368,1430
2010-12-28 17:00:00,25.426666,3.776533,6.0,6.0,2.056,161.9822,1430
2010-12-28 17:15:00,4.986666,3.3954,12.0,12.0,-0.0128,28.625466,1430
2010-12-28 17:30:00,2.2,2.7806,2.0,2.0,-1.7754,15.914866,1430
2010-12-28 17:45:00,0.0,2.133133,1.0,1.0,-2.674333,6.5868,1430
2010-12-28 18:00:00,0.0,2.862666,0.0,0.0,-2.269666,4.460533,1430
2010-12-28 18:15:00,0.0,2.235133,0.0,0.0,-2.905733,4.323,1430
2010-12-28 18:30:00,0.0,1.471266,0.0,0.0,-3.5416,4.4402,1430
2010-12-28 18:45:00,0.0,1.337466,0.0,0.0,-3.26,4.542066,1430
2010-12-29 06:00:00,0.0,1.374466,0.0,0.0,-1.431533,4.7454,1430
2010-12-29 06:15:00,0.0,1.143866,0.0,0.0,-1.4482,4.73,1430
2010-12-29 06:30:00,0.0,0.444066,0.0,0.0,-1.395066,4.709733,1430
2010-12-29 06:45:00,0.0,0.713466,0.0,0.0,-0.870333,4.689466,1430
2010-12-29 07:00:00,0.0,0.194666,0.0,0.0,-1.349066,4.6692,1430
2010-12-29 07:15:00,0.0,1.671,0.0,0.0,-0.688466,4.618533,1430
2010-12-29 07:30:00,0.0,2.227666,0.0,0.0,-0.302533,4.5318,1430
2010-12-29 07:45:00,0.0,1.8388,0.0,0.0,-1.1522,4.490866,1430
2010-12-29 08:00:00,0.0,1.599333,0.0,0.0,-2.6206,4.9896,1430
2010-12-29 08:15:00,0.0,1.781266,0.0,0.0,-3.0748,7.0292,1430
2010-12-29 08:30:00,0.0,-0.4368,0.0,-1.0,-2.867333,15.0706,1430
2010-12-29 08:45:00,0.0,-0.5206,0.0,0.0,-2.3034,27.613333,1430
2010-12-29 09:00:00,10.086666,1.446133,0.0,0.0,-0.8529999999999999,47.734466,1430
2010-12-29 09:15:00,21.72,1.734933,5.0,5.0,0.8677329999999999,82.43819999999998,1430
2010-12-29 09:30:00,25.92,2.052466,11.0,11.0,2.419666,96.740733,1430
2010-12-29 09:45:00,23.506666,2.064266,12.0,12.0,2.4006,89.599666,1430
2010-12-29 10:00:00,44.973333,3.089133,12.0,12.0,4.939733,158.915266,1430
2010-12-29 10:15:00,94.26,4.067466,23.0,23.0,9.7332,350.606333,1430
2010-12-29 10:30:00,87.14,5.715466,50.0,50.0,16.1188,310.109333,1430
2010-12-29 10:45:00,55.706666,5.508933,42.0,42.0,13.799533,218.9534,1430
2010-12-29 11:00:00,83.126666,5.930733,30.0,30.0,16.0374,298.950333,1430
2010-12-29 11:15:00,114.246666,7.004266,39.0,39.0,18.44,419.723533,1430
2010-12-29 11:30:00,64.746666,7.1572,57.0,57.0,17.788733,244.161,1430
2010-12-29 11:45:00,86.813333,7.268932999999999,32.0,32.0,16.062933,316.543333,1430
2010-12-29 12:00:00,141.933333,7.413465999999999,46.0,46.0,18.752866,510.721933,1430
2010-12-29 12:15:00,112.533333,7.786133,68.0,68.0,18.942333,404.8156,1430
2010-12-29 12:30:00,119.046666,8.486733,53.0,53.0,17.431466,442.840533,1430
2010-12-29 12:45:00,77.026666,8.585133,62.0,62.0,19.566666,262.883533,1430
2010-12-29 13:00:00,116.806666,8.5938,34.0,34.0,16.6648,416.798866,1430
2010-12-29 13:15:00,134.946666,9.351466,58.0,58.0,22.7658,490.7176,1430
2010-12-29 13:30:00,80.31999999999998,9.220466,66.0,66.0,17.082666,287.913,1430
2010-12-29 13:45:00,95.773333,9.415866,39.0,39.0,16.8628,347.996933,1430
2010-12-29 14:00:00,117.666666,9.5048,51.0,51.0,18.7118,422.353266,1430
2010-12-29 14:15:00,83.58666599999998,9.354733,55.0,55.0,17.586533,320.1548,1430
2010-12-29 14:30:00,78.59999999999998,9.1384,43.0,43.0,16.265533,293.8486,1430
2010-12-29 14:45:00,46.966666,8.857533,39.0,39.0,12.2884,176.752733,1430
2010-12-29 15:00:00,83.466666,9.154466,25.0,25.0,15.275733,303.1058,1430
2010-12-29 15:15:00,64.5,9.077866,40.0,40.0,13.6776,224.441533,1430
2010-12-29 15:30:00,110.48,9.319133,34.0,34.0,16.133066,367.9352,1430
2010-12-29 15:45:00,162.453333,9.723666,50.0,50.0,23.695533,593.831266,1430
2010-12-29 16:00:00,121.96,9.598533,83.0,83.0,24.379133,484.7412,1430
2010-12-29 16:15:00,106.3,9.3544,63.0,63.0,19.738533,421.986666,1430
2010-12-29 16:30:00,40.06,8.939933,53.0,53.0,13.292466,171.234,1430
2010-12-29 16:45:00,56.2,8.772866,18.0,18.0,11.564333,262.954733,1430
2010-12-29 17:00:00,10.773333,8.237666,28.0,28.0,7.8436,56.050666,1430
2010-12-29 17:15:00,4.593333,7.053333,5.0,5.0,4.217866,28.1066,1430
2010-12-29 17:30:00,0.5466659999999999,6.1816,1.0,1.0,1.849066,10.050333,1430
2010-12-29 17:45:00,0.0,5.8926,1.0,1.0,1.082066,5.086266,1430
2010-12-29 18:00:00,0.0,5.602533,0.0,-1.0,0.188,3.483933,1430
2010-12-29 18:15:00,0.0,5.111333,0.0,0.0,-0.4791329999999999,3.473866,1430
2010-12-29 18:30:00,0.0,5.065066,0.0,0.0,-0.197666,3.611266,1430
2010-12-29 18:45:00,0.0,4.667133,0.0,0.0,-0.8214,3.697533,1430
2010-12-03 06:00:00,0.0,11.4972,0.0,0.0,7.6712,2.888933,1430
2010-12-03 06:15:00,0.0,12.813666,0.0,0.0,9.9032,2.5228,1430
2010-12-03 06:30:00,0.0,12.890333,0.0,0.0,10.524333,2.420933,1430
2010-12-03 06:45:00,0.0,13.151933,0.0,0.0,11.1124,2.543333,1430
2010-12-03 07:00:00,0.0,12.780133,0.0,-1.0,10.8962,2.492333,1430
2010-12-03 07:15:00,0.0,12.7474,0.0,0.0,10.691866,2.461533,1430
2010-12-03 07:30:00,0.0,12.4586,0.0,0.0,10.282866,2.507733,1430
2010-12-03 07:45:00,0.0,12.551866,0.0,0.0,10.370066,3.102733,1430
2010-12-03 08:00:00,0.0,12.647266,0.0,0.0,10.736066,5.447333,1430
2010-12-03 08:15:00,0.0,12.780066,0.0,0.0,11.346733,12.903866,1430
2010-12-03 08:30:00,0.0,13.089733,0.0,0.0,11.920533,24.490266,1430
2010-12-03 08:45:00,0.0,13.2528,0.0,-1.0,12.320666,40.8376,1430
2010-12-03 09:00:00,19.04,13.277066,0.0,0.0,13.0204,115.503933,1430
2010-12-03 09:15:00,56.4,13.694533,11.0,11.0,14.8538,226.547266,1430
2010-12-03 09:30:00,149.826666,14.243266,31.0,31.0,19.6196,543.0502,1430
2010-12-03 09:45:00,137.146666,14.381066,77.0,77.0,20.572733,494.120333,1430
2010-12-03 10:00:00,174.813333,14.479,64.0,64.0,21.532666,629.720066,1430
2010-12-03 10:15:00,209.793333,14.8152,90.0,90.0,24.465066,757.298866,1430
2010-12-03 10:30:00,204.5,15.083333,104.0,104.0,24.138933,731.491066,1430
2010-12-03 10:45:00,163.233333,14.993733,101.0,101.0,22.395333,582.738333,1430
2010-12-03 11:00:00,116.833333,14.693933,78.0,78.0,19.237466,423.8486,1430
2010-12-03 11:15:00,191.1,15.2728,58.0,58.0,22.846133,710.143933,1430
2010-12-03 11:30:00,180.313333,15.379266,96.0,96.0,22.769066,662.028,1430
2010-12-03 11:45:00,173.066666,15.159,90.0,90.0,21.4636,635.218333,1430
2010-12-03 12:00:00,167.393333,15.0582,86.0,86.0,20.859866,613.9424,1430
2010-12-03 12:15:00,163.326666,15.379933,84.0,84.0,21.075466,601.338666,1430
2010-12-03 12:30:00,161.4,15.464533,81.0,81.0,20.5874,595.438666,1430
2010-12-03 12:45:00,155.886666,16.0092,80.0,80.0,22.587866,582.7688,1430
2010-12-03 13:00:00,157.4,15.929333,79.0,79.0,23.2242,584.0556,1430
2010-12-03 13:15:00,163.2,15.843066,78.0,78.0,23.345866,603.6428,1430
2010-12-03 13:30:00,165.893333,15.967133,82.0,82.0,23.8726,612.284466,1430
2010-12-03 13:45:00,169.526666,15.811866,83.0,83.0,23.7986,622.874066,1430
2010-12-03 14:00:00,175.06,15.887866,84.0,84.0,24.486866,641.474266,1430
2010-12-03 14:15:00,180.506666,16.081866,88.0,88.0,26.296266,660.578333,1430
2010-12-03 14:30:00,184.8,15.635866,91.0,91.0,25.633066,674.2198,1430
2010-12-03 14:45:00,188.32,15.3078,93.0,93.0,25.492133,687.21,1430
2010-12-03 15:00:00,190.386666,15.110933,95.0,95.0,25.929133,695.3124,1430
2010-12-03 15:15:00,190.846666,14.847733,96.0,96.0,26.113266,700.2868,1430
2010-12-03 15:30:00,184.893333,14.6128,96.0,96.0,25.611666,680.659133,1430
2010-12-03 15:45:00,138.96,14.1404,93.0,93.0,22.6446,523.183133,1430
2010-12-03 16:00:00,117.78,13.547733,69.0,69.0,19.707466,450.378466,1430
2010-12-03 16:15:00,79.566666,13.152066,59.0,59.0,17.376466,309.3618,1430
2010-12-03 16:30:00,22.146666,12.459933,38.0,38.0,12.835533,88.729866,1430
2010-12-03 16:45:00,10.446666,12.0234,10.0,10.0,10.682133,45.7662,1430
2010-12-03 17:00:00,8.946666,11.6306,4.0,4.0,10.102133,38.406466,1430
2010-12-03 17:15:00,5.846666,10.9042,4.0,4.0,9.185933,27.592933,1430
2010-12-03 17:30:00,0.986666,10.334666,3.0,3.0,8.1928,9.333266,1430
2010-12-03 17:45:00,0.0,9.9336,0.0,0.0,6.4424,3.214466,1430
2010-12-03 18:00:00,0.0,9.729533,0.0,0.0,5.939,2.6042,1430
2010-12-03 18:15:00,0.0,9.6762,0.0,0.0,5.645733,2.461866,1430
2010-12-03 18:30:00,0.0,8.895333,0.0,-1.0,4.136666,2.538266,1430
2010-12-03 18:45:00,0.0,8.5088,0.0,0.0,3.758133,2.6704,1430
2010-12-30 06:00:00,0.0,-3.084066,0.0,0.0,-5.322866,5.284533,1430
2010-12-30 06:15:00,0.0,-2.795,0.0,0.0,-4.9584,5.366266,1430
2010-12-30 06:30:00,0.0,-0.8462659999999999,0.0,0.0,-2.665466,5.366266,1430
2010-12-30 06:45:00,0.0,-0.5293999999999999,0.0,0.0,-2.064933,5.213333,1430
2010-12-30 07:00:00,0.0,-1.267133,0.0,0.0,-2.697266,5.009733,1430
2010-12-30 07:15:00,0.0,-2.329133,0.0,0.0,-3.3702,5.025,1430
2010-12-30 07:30:00,0.0,-2.4696,0.0,-1.0,-3.4996,5.1728,1430
2010-12-30 07:45:00,0.0,-2.287133,0.0,0.0,-3.916733,5.2898,1430
2010-12-30 08:00:00,0.0,-2.132466,0.0,0.0,-3.846466,6.123866,1430
2010-12-30 08:15:00,0.0,-2.587333,0.0,0.0,-3.855133,16.189666,1430
2010-12-30 08:30:00,3.2,-2.718666,0.0,0.0,-3.797733,39.1946,1430
2010-12-30 08:45:00,25.553333,-2.183533,1.0,1.0,-2.017266,124.4558,1430
2010-12-30 09:00:00,15.366666,-1.950133,13.0,13.0,-0.579133,68.7968,1430
2010-12-30 09:15:00,9.093333,-2.177266,6.0,6.0,-1.790133,41.819333,1430
2010-12-30 09:30:00,19.366666,-1.824066,5.0,5.0,-0.477266,78.8728,1430
2010-12-30 09:45:00,93.493333,-1.225533,9.0,9.0,4.6908,344.3808,1430
2010-12-30 10:00:00,101.42,-0.6883329999999999,51.0,51.0,9.953066,320.170133,1430
2010-12-30 10:15:00,21.053333,-2.259733,40.0,40.0,0.4334,80.627466,1430
2010-12-30 10:30:00,10.753333,-3.0762,10.0,10.0,-1.7496,44.291133,1430
2010-12-30 10:45:00,7.08,-3.426266,4.0,4.0,-2.5394,33.671066,1430
2010-12-30 11:00:00,3.873333,-3.4064,3.0,3.0,-2.751666,22.964533,1430
2010-12-30 11:15:00,5.94,-4.6896,2.0,2.0,-3.761133,31.107733,1430
2010-12-30 11:30:00,10.14,-5.5406,3.0,3.0,-4.5664,45.227066,1430
2010-12-30 11:45:00,25.64,-6.005266,4.0,4.0,-4.256266,97.651266,1430
2010-12-30 12:00:00,39.773333,-6.042666,13.0,13.0,-3.587933,139.383933,1430
2010-12-30 12:15:00,48.173333,-5.894066,20.0,20.0,-2.170066,171.3156,1430
2010-12-30 12:30:00,16.6,-6.027133,21.0,21.0,-3.179333,150.039666,1430
2010-12-30 12:45:00,19.033333,-6.125733,8.0,8.0,-2.245333,157.3436,1430
2010-12-30 13:00:00,22.073333,-6.4588,9.0,9.0,-2.7076,149.7294,1430
2010-12-30 13:15:00,34.053333,-8.023265999999998,12.0,12.0,-5.116466,140.238466,1430
2010-12-30 13:30:00,29.733333,-8.708133,17.0,17.0,-6.1372,113.306666,1430
2010-12-30 13:45:00,24.64,-9.063133,15.0,15.0,-6.974466,93.566933,1430
2010-12-30 14:00:00,17.12,-9.200066,11.0,11.0,-7.3392,66.996333,1430
2010-12-30 14:15:00,16.573333,-9.395666,8.0,8.0,-7.8476,67.5456,1430
2010-12-30 14:30:00,19.12,-9.476133,8.0,8.0,-7.693399999999999,75.576733,1430
2010-12-30 14:45:00,17.926666,-9.619533,9.0,9.0,-7.921332999999998,72.937,1430
2010-12-30 15:00:00,13.7,-9.744133,8.0,8.0,-8.1418,61.503066,1430
2010-12-30 15:15:00,9.6,-10.033933,7.0,7.0,-8.631266,60.058733,1430
2010-12-30 15:30:00,6.04,-10.078266,4.0,4.0,-8.693799999999998,57.820666,1430
2010-12-30 15:45:00,5.986666,-10.5,3.0,3.0,-8.954,74.691733,1430
2010-12-30 16:00:00,5.266666,-10.6994,3.0,3.0,-8.935733,82.534733,1430
2010-12-30 16:15:00,3.88,-10.955466,2.0,2.0,-9.134333,67.7896,1430
2010-12-30 16:30:00,1.68,-11.1678,2.0,2.0,-9.875866,40.7614,1430
2010-12-30 16:45:00,0.0,-11.298,0.0,0.0,-10.5386,27.6794,1430
2010-12-30 17:00:00,0.0,-11.368533,0.0,-1.0,-10.618133,29.851266,1430
2010-12-30 17:15:00,0.0,-11.51,0.0,0.0,-10.863466,20.9858,1430
2010-12-30 17:30:00,0.0,-11.804,0.0,0.0,-11.456,11.291466,1430
2010-12-30 17:45:00,0.0,-12.0616,0.0,0.0,-11.903533,8.204266,1430
2010-12-30 18:00:00,0.0,-12.121266,0.0,-1.0,-12.151666,7.5632,1430
2010-12-30 18:15:00,0.0,-12.2534,0.0,0.0,-12.115533,7.522599999999999,1430
2010-12-30 18:30:00,0.0,-12.588333,0.0,0.0,-12.439133,7.527599999999999,1430
2010-12-30 18:45:00,0.0,-12.790266,0.0,0.0,-12.783866,7.603665999999999,1430
2010-12-31 06:00:00,0.0,-23.1874,0.0,0.0,-17.3192,5.839133,1430
2010-12-31 06:15:00,0.0,-29.452066,0.0,0.0,-17.377066,6.754666,1430
2010-12-31 06:30:00,0.0,-30.905333,0.0,0.0,-17.372733,6.301933,1430
2010-12-31 06:45:00,0.0,-31.0886,0.0,0.0,-17.382666,5.396533,1430
2010-12-31 07:00:00,0.0,-29.764466,0.0,-1.0,-17.464933,6.952933,1430
2010-12-31 07:15:00,0.0,-29.357133,0.0,0.0,-17.403533,8.102399999999998,1430
2010-12-31 07:30:00,0.0,-29.1654,0.0,0.0,-17.4294,6.602,1430
2010-12-31 07:45:00,0.0,-27.1376,0.0,0.0,-17.477533,6.510466,1430
2010-12-31 08:00:00,0.0,-28.976066,0.0,0.0,-17.535266,5.645866,1430
2010-12-31 08:15:00,0.0,-25.4454,0.0,0.0,-17.472333,7.2682,1430
2010-12-31 08:30:00,0.0,-27.4476,0.0,0.0,-17.3846,11.637466,1430
2010-12-31 08:45:00,0.0,-26.837866,0.0,0.0,-17.107133,20.284,1430
2010-12-31 09:00:00,0.0,-27.013733,0.0,-1.0,-16.810933,27.5522,1430
2010-12-31 09:15:00,0.0,-27.049733,0.0,0.0,-16.517466,41.0562,1430
2010-12-31 09:30:00,0.0,-26.2958,0.0,0.0,-15.7942,66.7978,1430
2010-12-31 09:45:00,0.0,-15.804533,0.0,-1.0,-14.623266,121.3786,1430
2010-12-31 10:00:00,0.0,-15.4888,0.0,0.0,-13.933266,136.093266,1430
2010-12-31 10:15:00,0.0,-14.847266,0.0,0.0,-13.221333,158.2082,1430
2010-12-31 10:30:00,0.0,-14.201133,0.0,-1.0,-12.519,185.602733,1430
2010-12-31 10:45:00,0.0,-13.7586,0.0,0.0,-11.634533,227.6102,1430
2010-12-31 11:00:00,11.913333,-13.245266,0.0,0.0,-10.693466,267.959533,1430
2010-12-31 11:15:00,30.8,-13.305666,4.0,4.0,-10.1376,299.921733,1430
2010-12-31 11:30:00,43.946666,-12.421666,9.0,9.0,-9.070533,326.487266,1430
2010-12-31 11:45:00,52.426666,-12.3084,14.0,14.0,-8.223065999999998,329.950933,1430
2010-12-31 12:00:00,49.24,-13.050666,18.0,18.0,-8.2264,305.2928,1430
2010-12-31 12:15:00,48.926666,-13.790333,16.0,16.0,-8.899065999999998,296.986866,1430
2010-12-31 12:30:00,51.266666,-13.9864,16.0,16.0,-9.293533,306.533866,1430
2010-12-31 12:45:00,52.033333,-14.1492,17.0,17.0,-9.591133,310.44,1430
2010-12-31 13:00:00,46.326666,-14.008533,17.0,17.0,-9.7284,277.0132,1430
2010-12-31 13:15:00,52.806666,-13.737266,15.0,15.0,-9.6316,323.232066,1430
2010-12-31 13:30:00,67.346666,-13.566133,19.0,19.0,-8.652933,416.809133,1430
2010-12-31 13:45:00,60.72,-13.758,23.0,23.0,-8.7688,364.710533,1430
2010-12-31 14:00:00,69.386666,-13.635333,19.0,19.0,-8.377399999999998,419.052,1430
2010-12-31 14:15:00,65.64,-13.5454,25.0,25.0,-7.893532999999999,378.0976,1430
2010-12-31 14:30:00,77.47333299999998,-13.776733,27.0,27.0,-8.3254,424.728533,1430
2010-12-31 14:45:00,72.493333,-13.9454,33.0,33.0,-8.8286,383.682133,1430
2010-12-31 15:00:00,53.113333,-13.7726,32.0,32.0,-9.1432,274.632733,1430
2010-12-31 15:15:00,37.793333,-14.119733,22.0,22.0,-10.262866,199.020333,1430
2010-12-31 15:30:00,32.746666,-14.519333,16.0,16.0,-11.346333,175.420066,1430
2010-12-31 15:45:00,30.7,-14.590733,15.0,15.0,-11.839866,164.3118,1430
2010-12-31 16:00:00,20.806666,-14.8798,13.0,13.0,-12.7748,113.393133,1430
2010-12-31 16:15:00,16.84,-14.956133,8.0,8.0,-13.484333,93.129533,1430
2010-12-31 16:30:00,13.76,-15.126066,7.0,7.0,-14.0612,78.48606599999998,1430
2010-12-31 16:45:00,10.886666,-15.2896,6.0,6.0,-14.4886,64.707466,1430
2010-12-31 17:00:00,8.38,-15.524333,4.0,4.0,-14.9644,53.105666,1430
2010-12-31 17:15:00,3.76,-15.6934,4.0,4.0,-15.3788,30.181933,1430
2010-12-31 17:30:00,0.246666,-15.829933,1.0,1.0,-15.9464,14.348333,1430
2010-12-31 17:45:00,0.0,-15.934333,0.0,-1.0,-16.453333,10.1624,1430
2010-12-31 18:00:00,0.0,-16.084066,0.0,0.0,-16.924733,8.636732999999998,1430
2010-12-31 18:15:00,0.0,-16.2416,0.0,0.0,-17.559133,8.361933,1430
2010-12-31 18:30:00,0.0,-16.554333,0.0,0.0,-18.141066,7.400666,1430
2010-12-31 18:45:00,0.0,-18.7116,0.0,0.0,-18.2292,7.96,1430
2010-12-04 06:00:00,0.0,-3.370466,0.0,0.0,-3.339933,5.335866,1430
2010-12-04 06:15:00,0.0,-3.4478,0.0,0.0,-3.399133,5.341,1430
2010-12-04 06:30:00,0.0,-3.4966,0.0,0.0,-3.463666,5.3714,1430
2010-12-04 06:45:00,0.0,-3.514266,0.0,0.0,-3.500666,5.381533,1430
2010-12-04 07:00:00,0.0,-3.5788,0.0,0.0,-3.536533,5.351133,1430
2010-12-04 07:15:00,0.0,-3.628666,0.0,0.0,-3.603133,5.366333,1430
2010-12-04 07:30:00,0.0,-3.612933,0.0,0.0,-3.658333,5.396733,1430
2010-12-04 07:45:00,0.0,-3.493466,0.0,-1.0,-3.621066,6.072933,1430
2010-12-04 08:00:00,0.0,-3.485066,0.0,0.0,-3.505866,12.425733,1430
2010-12-04 08:15:00,0.0,-3.512066,0.0,0.0,-3.242533,17.9442,1430
2010-12-04 08:30:00,1.733333,-3.488,0.0,0.0,-2.529,43.6554,1430
2010-12-04 08:45:00,4.913333,-3.5526,1.0,1.0,-2.825933,27.140333,1430
2010-12-04 09:00:00,34.533333,-3.238066,2.0,2.0,-0.735466,140.919933,1430
2010-12-04 09:15:00,126.926666,-2.006866,20.0,20.0,9.787666,456.054733,1430
2010-12-04 09:30:00,139.833333,-1.0176,64.0,64.0,12.099066,487.2182,1430
2010-12-04 09:45:00,163.626666,-0.5019329999999999,70.0,70.0,13.427666,566.741866,1430
2010-12-04 10:00:00,184.08,0.288266,83.0,83.0,16.614133,632.2784,1430
2010-12-04 10:15:00,186.386666,0.867866,92.0,92.0,18.527533,642.634133,1430
2010-12-04 10:30:00,185.92,0.8819329999999999,93.0,93.0,19.599266,646.769333,1430
2010-12-04 10:45:00,182.606666,0.8236,92.0,92.0,21.4058,642.217066,1430
2010-12-04 11:00:00,178.506666,1.237466,91.0,91.0,21.525533,633.585733,1430
2010-12-04 11:15:00,173.06,1.6422,89.0,89.0,20.874066,617.889533,1430
2010-12-04 11:30:00,168.413333,0.892333,86.0,86.0,19.310666,601.933733,1430
2010-12-04 11:45:00,151.7,0.8452,83.0,83.0,18.032466,557.2508,1430
2010-12-04 12:00:00,157.58,1.087466,77.0,77.0,18.623,567.4082,1430
2010-12-04 12:15:00,156.946666,1.2948,79.0,79.0,17.0918,565.673933,1430
2010-12-04 12:30:00,136.233333,1.235066,78.0,78.0,15.088,495.600466,1430
2010-12-04 12:45:00,151.633333,0.7699329999999999,69.0,69.0,15.759533,545.379733,1430
2010-12-04 13:00:00,152.166666,1.076733,75.0,75.0,15.5952,538.991266,1430
2010-12-04 13:15:00,154.733333,0.8272,75.0,75.0,17.318466,554.738466,1430
2010-12-04 13:30:00,155.72,1.931533,77.0,77.0,19.689,563.150933,1430
2010-12-04 13:45:00,164.406666,1.639,78.0,78.0,20.810066,594.161933,1430
2010-12-04 14:00:00,164.206666,1.7744,83.0,83.0,21.900266,594.101066,1430
2010-12-04 14:15:00,175.526666,2.056933,82.0,82.0,21.932133,630.416866,1430
2010-12-04 14:30:00,180.886666,1.972333,89.0,89.0,22.4788,644.276866,1430
2010-12-04 14:45:00,182.966666,1.797533,90.0,90.0,20.377866,650.121066,1430
2010-12-04 15:00:00,185.413333,1.838266,92.0,92.0,20.067933,660.0392,1430
2010-12-04 15:15:00,189.113333,2.164933,93.0,93.0,21.200866,681.223533,1430
2010-12-04 15:30:00,164.26,2.0128,96.0,96.0,20.0954,570.022666,1430
2010-12-04 15:45:00,164.46,2.051533,82.0,82.0,19.0724,595.825133,1430
2010-12-04 16:00:00,126.12,2.275933,82.0,82.0,16.6188,465.896666,1430
2010-12-04 16:15:00,81.093333,1.8894,61.0,61.0,10.615533,327.0926,1430
2010-12-04 16:30:00,63.68,1.751866,42.0,42.0,6.5094,271.245333,1430
2010-12-04 16:45:00,24.566666,1.531933,31.0,31.0,3.4168,119.364333,1430
2010-12-04 17:00:00,4.08,0.4875999999999999,11.0,11.0,-0.6807999999999998,22.405,1430
2010-12-04 17:15:00,1.22,-0.481733,2.0,2.0,-2.812466,12.507133,1430
2010-12-04 17:30:00,0.0,-0.7958,0.0,0.0,-3.630333,7.609066,1430
2010-12-04 17:45:00,0.0,-0.939733,0.0,-1.0,-3.876066,5.238866,1430
2010-12-04 18:00:00,0.0,-1.074666,0.0,0.0,-3.954533,4.8374,1430
2010-12-04 18:15:00,0.0,-1.219266,0.0,0.0,-3.673133,4.883,1430
2010-12-04 18:30:00,0.0,-1.202333,0.0,0.0,-3.23,5.0046,1430
2010-12-04 18:45:00,0.0,-0.939933,0.0,0.0,-1.976266,4.959,1430
2010-12-05 06:00:00,0.0,-6.3492,0.0,0.0,-7.6478,6.0118,1430
2010-12-05 06:15:00,0.0,-6.723333,0.0,0.0,-8.204665999999998,6.027,1430
2010-12-05 06:30:00,0.0,-6.763,0.0,0.0,-8.847066,6.1188,1430
2010-12-05 06:45:00,0.0,-6.527866,0.0,0.0,-8.944666,6.18,1430
2010-12-05 07:00:00,0.0,-6.944866,0.0,0.0,-8.566599999999998,6.18,1430
2010-12-05 07:15:00,0.0,-6.527666,0.0,0.0,-7.885132999999999,6.205333,1430
2010-12-05 07:30:00,0.0,-6.342333,0.0,0.0,-7.4626,6.1952,1430
2010-12-05 07:45:00,0.0,-6.180866,0.0,0.0,-7.131933,6.5664,1430
2010-12-05 08:00:00,0.0,-5.977,0.0,0.0,-6.5342,8.870466,1430
2010-12-05 08:15:00,0.0,-5.869133,0.0,-1.0,-6.0682,13.265,1430
2010-12-05 08:30:00,0.0,-5.476,0.0,0.0,-5.4744,22.588,1430
2010-12-05 08:45:00,7.08,-5.296666,0.0,0.0,-4.571266,38.365733,1430
2010-12-05 09:00:00,11.08,-5.206866,4.0,4.0,-3.924466,46.6512,1430
2010-12-05 09:15:00,11.373333,-5.050333,5.0,5.0,-3.4256,48.177,1430
2010-12-05 09:30:00,17.493333,-5.0094,5.0,5.0,-3.0338,69.366466,1430
2010-12-05 09:45:00,29.853333,-4.857666,9.0,9.0,-1.869733,109.888733,1430
2010-12-05 10:00:00,36.08,-4.488066,15.0,15.0,0.2484659999999999,129.303066,1430
2010-12-05 10:15:00,66.32,-3.544666,17.0,17.0,3.788133,225.53,1430
2010-12-05 10:30:00,71.94,-2.5208,32.0,32.0,7.4534,255.1624,1430
2010-12-05 10:45:00,67.046666,-2.356333,36.0,36.0,7.3644,238.5406,1430
2010-12-05 11:00:00,65.3,-2.076266,33.0,33.0,8.275866,225.489333,1430
2010-12-05 11:15:00,46.833333,-2.0154,31.0,31.0,6.32,169.972733,1430
2010-12-05 11:30:00,80.61333299999998,-1.621933,22.0,22.0,7.913332999999999,272.3288,1430
2010-12-05 11:45:00,82.86,-1.2128,39.0,39.0,10.254266,282.455333,1430
2010-12-05 12:00:00,66.433333,-1.084466,41.0,41.0,9.2952,224.3398,1430
2010-12-05 12:15:00,76.28,-1.222533,32.0,32.0,8.497,259.119666,1430
2010-12-05 12:30:00,109.386666,-0.4170659999999999,39.0,39.0,12.1068,370.971666,1430
2010-12-05 12:45:00,79.36,-0.2382,54.0,54.0,12.5768,266.0878,1430
2010-12-05 13:00:00,103.54,0.4538659999999999,38.0,38.0,12.8402,343.322733,1430
2010-12-05 13:15:00,114.96,1.9836,51.0,51.0,16.9196,431.691533,1430
2010-12-05 13:30:00,201.78,2.3376,65.0,65.0,25.3702,690.0686,1430
2010-12-05 13:45:00,94.953333,2.439333,98.0,98.0,21.022533,349.904466,1430
2010-12-05 14:00:00,56.4,1.738866,47.0,47.0,9.5306,196.060266,1430
2010-12-05 14:15:00,58.433333,1.427466,27.0,27.0,6.797,203.715066,1430
2010-12-05 14:30:00,86.493333,1.3054,30.0,30.0,8.050066,293.940133,1430
2010-12-05 14:45:00,114.553333,1.2652,42.0,42.0,10.4854,386.688333,1430
2010-12-05 15:00:00,145.253333,1.739,62.0,62.0,15.113333,569.6818,1430
2010-12-05 15:15:00,75.0,1.355866,76.0,76.0,10.4948,272.878066,1430
2010-12-05 15:30:00,47.64,1.0714,31.0,31.0,4.7214,163.004533,1430
2010-12-05 15:45:00,47.773333,1.0424,23.0,23.0,4.548733,167.0888,1430
2010-12-05 16:00:00,35.486666,1.1912,24.0,24.0,3.790466,126.4038,1430
2010-12-05 16:15:00,25.66,0.8916,18.0,18.0,2.956066,94.812933,1430
2010-12-05 16:30:00,16.666666,0.362866,11.0,11.0,0.7242,64.229266,1430
2010-12-05 16:45:00,8.626666,-0.0354,8.0,8.0,-0.546266,35.909133,1430
2010-12-05 17:00:00,3.286666,-0.490066,4.0,4.0,-2.136133,19.663466,1430
2010-12-05 17:15:00,0.62,-0.682466,1.0,1.0,-2.7024,11.795,1430
2010-12-05 17:30:00,0.0,-1.5444,0.0,0.0,-4.133666,7.654866,1430
2010-12-05 17:45:00,0.0,-1.859,0.0,-1.0,-4.394133,5.350733,1430
2010-12-05 18:00:00,0.0,-1.974066,0.0,0.0,-4.179466,5.035,1430
2010-12-05 18:15:00,0.0,-2.1724,0.0,0.0,-4.827333,5.050666,1430
2010-12-05 18:30:00,0.0,-1.817333,0.0,0.0,-4.325866,5.122133,1430
2010-12-05 18:45:00,0.0,-1.908,0.0,0.0,-3.414666,5.106866,1430
2010-12-06 06:00:00,0.0,-6.406533,0.0,0.0,-8.7912,6.4242,1430
2010-12-06 06:15:00,0.0,-5.8334,0.0,0.0,-8.512532999999998,6.419133,1430
2010-12-06 06:30:00,0.0,-5.780866,0.0,0.0,-7.8106,6.403866,1430
2010-12-06 06:45:00,0.0,-5.520666,0.0,0.0,-7.298666,6.3886,1430
2010-12-06 07:00:00,0.0,-5.513933,0.0,0.0,-7.095533,6.245933,1430
2010-12-06 07:15:00,0.0,-5.893066,0.0,0.0,-7.606866,6.1952,1430
2010-12-06 07:30:00,0.0,-5.559666,0.0,0.0,-7.6146,6.246,1430
2010-12-06 07:45:00,0.0,-5.0242,0.0,0.0,-7.755466,7.664933,1430
2010-12-06 08:00:00,0.0,-4.184733,0.0,0.0,-7.070666,20.329733,1430
2010-12-06 08:15:00,6.353333,-5.149866,0.0,-1.0,-6.5202,55.9794,1430
2010-12-06 08:30:00,23.42,-3.412133,3.0,3.0,-4.705666,118.154,1430
2010-12-06 08:45:00,50.36,-1.9914,11.0,11.0,-1.346333,209.462333,1430
2010-12-06 09:00:00,79.393333,-0.800066,25.0,25.0,2.258,297.46,1430
2010-12-06 09:15:00,108.22,0.101666,39.0,39.0,7.3368,379.750466,1430
2010-12-06 09:30:00,135.78,0.414333,54.0,54.0,13.109333,470.4234,1430
2010-12-06 09:45:00,160.0,1.528266,69.0,69.0,20.163533,558.598866,1430
2010-12-06 10:00:00,180.953333,1.1326,81.0,81.0,21.692733,636.4136,1430
2010-12-06 10:15:00,184.626666,1.3864,91.0,91.0,21.430133,656.123,1430
2010-12-06 10:30:00,186.946666,1.9264,93.0,93.0,20.868533,670.689866,1430
2010-12-06 10:45:00,185.486666,2.667333,93.0,93.0,21.612666,661.753266,1430
2010-12-06 11:00:00,170.4,2.700533,93.0,93.0,21.384066,617.721533,1430
2010-12-06 11:15:00,167.26,3.7546,85.0,85.0,23.127266,610.259933,1430
2010-12-06 11:30:00,81.81999999999998,3.399733,82.0,82.0,14.698466,288.035133,1430
2010-12-06 11:45:00,98.533333,3.4386,41.0,41.0,11.9386,333.1502,1430
2010-12-06 12:00:00,110.96,4.767933,47.0,47.0,16.468933,379.2368,1430
2010-12-06 12:15:00,98.533333,5.820733,53.0,53.0,17.007066,340.810266,1430
2010-12-06 12:30:00,110.286666,5.634066,52.0,52.0,18.2064,370.188466,1430
2010-12-06 12:45:00,77.94666599999998,5.284733,54.0,54.0,16.000066,269.053066,1430
2010-12-06 13:00:00,71.04,5.1322,36.0,36.0,13.695333,241.546666,1430
2010-12-06 13:15:00,63.733333,5.4402,36.0,36.0,13.725733,220.347066,1430
2010-12-06 13:30:00,51.066666,5.161066,30.0,30.0,11.2994,175.552333,1430
2010-12-06 13:45:00,108.713333,5.504533,26.0,26.0,14.942133,381.022133,1430
2010-12-06 14:00:00,139.12,6.691533,56.0,56.0,21.999133,498.916666,1430
2010-12-06 14:15:00,86.54,6.686866,71.0,71.0,19.4824,296.9716,1430
2010-12-06 14:30:00,169.666666,6.350733,39.0,39.0,20.082666,598.337866,1430
2010-12-06 14:45:00,173.533333,6.9588,86.0,86.0,26.667533,633.7178,1430
2010-12-06 15:00:00,62.466666,6.490866,86.0,86.0,16.871533,222.722333,1430
2010-12-06 15:15:00,23.846666,5.661733,26.0,26.0,8.522933,84.391266,1430
2010-12-06 15:30:00,9.246666,5.63,11.0,11.0,6.608133,38.131733,1430
2010-12-06 15:45:00,14.653333,5.792866,4.0,4.0,6.5448,57.2968,1430
2010-12-06 16:00:00,18.42,6.073066,7.0,7.0,7.327666,69.6562,1430
2010-12-06 16:15:00,43.093333,6.458133,9.0,9.0,9.200866,151.886,1430
2010-12-06 16:30:00,41.746666,6.919466,20.0,20.0,10.148866,178.772,1430
2010-12-06 16:45:00,19.353333,6.397133,22.0,22.0,8.273066,81.517533,1430
2010-12-06 17:00:00,8.833332999999998,5.983733,10.0,10.0,6.1136,36.631333,1430
2010-12-06 17:15:00,1.24,5.430266,3.0,3.0,4.868,12.914066,1430
2010-12-06 17:30:00,0.0,5.429466,0.0,0.0,4.626466,6.810533,1430
2010-12-06 17:45:00,0.0,4.897666,0.0,0.0,3.894266,3.748466,1430
2010-12-06 18:00:00,0.0,4.864133,0.0,0.0,3.096933,3.357,1430
2010-12-06 18:15:00,0.0,4.356866,0.0,0.0,2.522466,3.357,1430
2010-12-06 18:30:00,0.0,3.452933,0.0,-1.0,0.383933,3.4892,1430
2010-12-06 18:45:00,0.0,2.682533,0.0,0.0,0.323933,3.692533,1430
2010-12-07 06:00:00,0.0,3.821933,0.0,0.0,2.6388,4.0078,1430
2010-12-07 06:15:00,0.0,3.107866,0.0,0.0,1.8534,3.926466,1430
2010-12-07 06:30:00,0.0,2.656,0.0,0.0,0.533533,3.9062,1430
2010-12-07 06:45:00,0.0,2.000333,0.0,0.0,-0.8578,4.0282,1430
2010-12-07 07:00:00,0.0,2.253,0.0,0.0,0.1698659999999999,4.175733,1430
2010-12-07 07:15:00,0.0,1.258533,0.0,0.0,-1.378066,4.231466,1430
2010-12-07 07:30:00,0.0,0.4116,0.0,0.0,-2.373333,4.3892,1430
2010-12-07 07:45:00,0.0,0.905666,0.0,0.0,-2.278733,4.989666,1430
2010-12-07 08:00:00,0.0,1.603066,0.0,-1.0,-0.863533,7.812533,1430
2010-12-07 08:15:00,0.0,0.5558659999999999,0.0,0.0,-0.063933,15.935333,1430
2010-12-07 08:30:00,1.606666,2.542266,0.0,0.0,1.687866,32.674266,1430
2010-12-07 08:45:00,13.92,4.025133,2.0,2.0,3.9696,56.096333,1430
2010-12-07 09:00:00,15.1,4.154866,6.0,6.0,4.503133,59.239733,1430
2010-12-07 09:15:00,20.673333,4.389,7.0,7.0,5.272333,78.786266,1430
2010-12-07 09:30:00,16.66,4.451333,10.0,10.0,5.314933,65.251733,1430
2010-12-07 09:45:00,59.92,4.533666,8.0,8.0,7.984533,217.0766,1430
2010-12-07 10:00:00,101.646666,5.0372,33.0,33.0,13.814333,363.5814,1430
2010-12-07 10:15:00,81.37999999999998,5.036333,49.0,49.0,13.229333,305.592866,1430
2010-12-07 10:30:00,104.586666,4.992733,43.0,43.0,15.099266,371.195533,1430
2010-12-07 10:45:00,86.453333,4.6918,50.0,50.0,12.299266,308.954866,1430
2010-12-07 11:00:00,63.906666,4.6258,43.0,43.0,11.4876,233.113733,1430
2010-12-07 11:15:00,89.573333,4.9,31.0,31.0,12.435733,321.2382,1430
2010-12-07 11:30:00,53.013333,4.845533,43.0,43.0,11.4606,183.248,1430
2010-12-07 11:45:00,42.04,4.5576,24.0,24.0,8.937666,148.325666,1430
2010-12-07 12:00:00,82.166666,4.8064,22.0,22.0,10.6188,275.5382,1430
2010-12-07 12:15:00,61.786666,4.757733,40.0,40.0,11.272066,206.537866,1430
2010-12-07 12:30:00,82.12,4.816933,29.0,29.0,11.0436,271.0976,1430
2010-12-07 12:45:00,73.08666599999998,4.8814,39.0,39.0,13.012266,244.405066,1430
2010-12-07 13:00:00,60.906666,4.7288,36.0,36.0,12.5134,204.427133,1430
2010-12-07 13:15:00,58.22,5.1828,30.0,30.0,13.065333,195.1854,1430
2010-12-07 13:30:00,65.9,5.430533,29.0,29.0,13.642666,222.6868,1430
2010-12-07 13:45:00,73.813333,5.183533,32.0,32.0,12.693333,224.583866,1430
2010-12-07 14:00:00,55.52,5.058866,33.0,33.0,11.279266,184.9722,1430
2010-12-07 14:15:00,151.38,5.660266,25.0,25.0,17.006,536.117533,1430
2010-12-07 14:30:00,178.46,6.1514,81.0,81.0,25.981066,647.150666,1430
2010-12-07 14:45:00,180.066666,6.445533,90.0,90.0,27.272266,653.584933,1430
2010-12-07 15:00:00,181.626666,6.396333,90.0,90.0,24.597666,654.291733,1430
2010-12-07 15:15:00,180.606666,6.5132,90.0,90.0,26.130333,655.7262,1430
2010-12-07 15:30:00,176.486666,6.535466,91.0,91.0,23.283733,642.705266,1430
2010-12-07 15:45:00,152.786666,6.347666,88.0,88.0,19.375,565.2974,1430
2010-12-07 16:00:00,125.506666,6.463333,77.0,77.0,17.238533,478.632533,1430
2010-12-07 16:15:00,96.466666,6.4052,63.0,63.0,14.3634,391.255733,1430
2010-12-07 16:30:00,65.133333,6.262,48.0,48.0,12.122133,291.509,1430
2010-12-07 16:45:00,37.186666,6.0524,33.0,33.0,9.025333,202.931666,1430
2010-12-07 17:00:00,11.24,5.582466,18.0,18.0,4.709866,79.228666,1430
2010-12-07 17:15:00,2.14,3.779,5.0,5.0,0.7621999999999999,14.668866,1430
2010-12-07 17:30:00,0.133333,2.611066,1.0,1.0,-0.948733,8.733133,1430
2010-12-07 17:45:00,0.0,2.122866,0.0,-1.0,-2.048866,5.152333,1430
2010-12-07 18:00:00,0.0,2.303266,0.0,0.0,-2.6738,4.206133,1430
2010-12-07 18:15:00,0.0,1.435533,0.0,0.0,-2.867066,4.267066,1430
2010-12-07 18:30:00,0.0,0.541533,0.0,0.0,-3.5734,4.485933,1430
2010-12-07 18:45:00,0.0,0.8881999999999999,0.0,0.0,-3.615933,4.6388,1430
2010-12-08 06:00:00,0.0,-3.288133,0.0,0.0,-8.75,6.0882,1430
2010-12-08 06:15:00,0.0,-3.844133,0.0,0.0,-8.389133,6.0372,1430
2010-12-08 06:30:00,0.0,-3.500533,0.0,-1.0,-7.355066,6.001666,1430
2010-12-08 06:45:00,0.0,-4.648866,0.0,0.0,-7.520533,5.971266,1430
2010-12-08 07:00:00,0.0,-4.2408,0.0,0.0,-7.549666,5.991533,1430
2010-12-08 07:15:00,0.0,-2.905133,0.0,0.0,-7.350666,5.976333,1430
2010-12-08 07:30:00,0.0,-3.3912,0.0,0.0,-7.081066,5.9814,1430
2010-12-08 07:45:00,0.0,-2.000333,0.0,0.0,-5.881466,7.756533,1430
2010-12-08 08:00:00,0.0,-1.1144,0.0,0.0,-4.997866,19.373533,1430
2010-12-08 08:15:00,2.573333,-1.5712,0.0,0.0,-3.4606,65.541666,1430
2010-12-08 08:30:00,23.16,-0.2487999999999999,2.0,1.0,-1.247866,137.461266,1430
2010-12-08 08:45:00,47.72,1.566733,11.0,11.0,2.927133,211.537733,1430
2010-12-08 09:00:00,53.146666,1.366733,23.0,23.0,6.182933,203.6386,1430
2010-12-08 09:15:00,72.846666,1.1538,25.0,25.0,8.103666,265.960466,1430
2010-12-08 09:30:00,95.32,2.782266,38.0,38.0,11.7048,341.145733,1430
2010-12-08 09:45:00,95.613333,4.573866,46.0,46.0,13.617666,343.078666,1430
2010-12-08 10:00:00,159.72,4.0806,49.0,49.0,20.8708,573.4864,1430
2010-12-08 10:15:00,138.346666,6.3036,80.0,80.0,23.942,510.213133,1430
2010-12-08 10:30:00,155.28,7.3368,68.0,68.0,26.206666,561.6862,1430
2010-12-08 10:45:00,148.0,8.159133,76.0,76.0,27.5302,558.863333,1430
2010-12-08 11:00:00,131.82,7.826466,75.0,75.0,26.083133,491.389,1430
2010-12-08 11:15:00,175.153333,9.672266,65.0,65.0,29.65,667.892333,1430
2010-12-08 11:30:00,132.72,10.758133,89.0,89.0,29.803133,523.900333,1430
2010-12-08 11:45:00,143.346666,8.753666,65.0,65.0,24.3896,529.4698,1430
2010-12-08 12:00:00,146.313333,9.419933,73.0,73.0,24.8526,526.926666,1430
2010-12-08 12:15:00,144.133333,10.3898,72.0,72.0,25.3132,535.858066,1430
2010-12-08 12:30:00,98.3,9.8352,70.0,70.0,20.337866,350.001,1430
2010-12-08 12:45:00,72.73999999999998,9.322133,48.0,48.0,16.608333,252.594133,1430
2010-12-08 13:00:00,57.413333,9.0298,35.0,35.0,13.9738,198.511666,1430
2010-12-08 13:15:00,48.62,9.131066,28.0,28.0,13.018466,170.710266,1430
2010-12-08 13:30:00,46.973333,9.350333,24.0,24.0,13.1188,164.8102,1430
2010-12-08 13:45:00,38.16,8.967266,23.0,23.0,12.290733,136.683133,1430
2010-12-08 14:00:00,25.566666,8.627066,18.0,18.0,10.272333,96.328666,1430
2010-12-08 14:15:00,22.293333,8.811332999999998,12.0,12.0,9.863733000000002,87.21426599999998,1430
2010-12-08 14:30:00,35.126666,9.015733,11.0,11.0,11.2528,130.9356,1430
2010-12-08 14:45:00,28.433333,9.1438,17.0,17.0,11.9124,112.604866,1430
2010-12-08 15:00:00,21.66,8.909532999999998,13.0,13.0,10.9932,95.0368,1430
2010-12-08 15:15:00,25.52,8.698,10.0,10.0,10.6374,112.070866,1430
2010-12-08 15:30:00,109.6,9.069466,14.0,14.0,15.881133,397.7,1430
2010-12-08 15:45:00,161.266666,9.935533,57.0,57.0,22.074533,594.7164,1430
2010-12-08 16:00:00,131.6,10.5048,81.0,81.0,24.9572,496.154733,1430
2010-12-08 16:15:00,121.74,10.8916,65.0,65.0,24.3918,478.902133,1430
2010-12-08 16:30:00,87.97333299999998,10.589933,61.0,61.0,21.0174,370.829333,1430
2010-12-08 16:45:00,55.666666,11.2096,44.0,44.0,16.9356,267.801866,1430
2010-12-08 17:00:00,26.426666,10.345333,28.0,28.0,12.327333,132.303733,1430
2010-12-08 17:15:00,11.64,8.5668,12.0,12.0,7.677399999999999,49.728266,1430
2010-12-08 17:30:00,1.666666,7.800466,5.0,5.0,4.570533,12.349333,1430
2010-12-08 17:45:00,0.0,7.178533,1.0,1.0,2.684666,3.194133,1430
2010-12-08 18:00:00,0.0,6.344466,0.0,0.0,2.240933,2.878866,1430
2010-12-08 18:15:00,0.0,6.6068,0.0,0.0,2.3354,3.046666,1430
2010-12-08 18:30:00,0.0,6.052,0.0,0.0,2.261466,3.189266,1430
2010-12-08 18:45:00,0.0,6.061666,0.0,0.0,2.5658,3.316466,1430
2010-12-09 06:00:00,0.0,4.821733,0.0,-1.0,-0.176933,4.018,1430
2010-12-09 06:15:00,0.0,4.006466,0.0,0.0,0.2587999999999999,3.9468,1430
2010-12-09 06:30:00,0.0,4.277,0.0,0.0,1.022733,3.9062,1430
2010-12-09 06:45:00,0.0,6.8376,0.0,0.0,2.584666,3.84,1430
2010-12-09 07:00:00,0.0,5.132466,0.0,0.0,1.536,3.621466,1430
2010-12-09 07:15:00,0.0,4.776333,0.0,0.0,0.7416,3.641733,1430
2010-12-09 07:30:00,0.0,4.718066,0.0,0.0,-0.0263329999999999,3.682266,1430
2010-12-09 07:45:00,0.0,4.053333,0.0,0.0,0.015066,4.033266,1430
2010-12-09 08:00:00,0.0,3.7396,0.0,0.0,-0.926066,6.246,1430
2010-12-09 08:15:00,0.0,3.587466,0.0,0.0,-0.243533,17.171333,1430
2010-12-09 08:30:00,2.746666,5.775,0.0,-1.0,2.8992,56.253933,1430
2010-12-09 08:45:00,38.34,6.374333,2.0,2.0,6.974066,178.248066,1430
2010-12-09 09:00:00,53.586666,6.981266,19.0,19.0,9.6884,215.550733,1430
2010-12-09 09:15:00,111.766666,7.509666,27.0,27.0,16.840066,424.677466,1430
2010-12-09 09:30:00,153.246666,8.172399999999998,59.0,59.0,24.949466,563.9852,1430
2010-12-09 09:45:00,177.446666,9.3634,76.0,76.0,29.5988,655.924466,1430
2010-12-09 10:00:00,197.82,10.173333,89.0,89.0,31.0832,731.9437329999998,1430
2010-12-09 10:15:00,198.973333,9.874,100.0,100.0,29.2988,694.5394,1430
2010-12-09 10:30:00,208.4,10.841333,99.0,99.0,30.438733,770.7113329999999,1430
2010-12-09 10:45:00,183.46,11.9802,102.0,102.0,33.016866,671.9208,1430
2010-12-09 11:00:00,170.766666,13.009733,89.0,89.0,32.564666,593.7754,1430
2010-12-09 11:15:00,102.126666,12.258733,77.0,77.0,25.544133,436.264,1430
2010-12-09 11:30:00,130.666666,11.7796,57.0,57.0,23.5784,473.475,1430
2010-12-09 11:45:00,123.286666,11.6172,63.0,63.0,23.455666,476.0894,1430
2010-12-09 12:00:00,107.486666,11.4024,67.0,67.0,23.1252,410.4616,1430
2010-12-09 12:15:00,79.533333,11.283266,51.0,51.0,17.9344,301.834066,1430
2010-12-09 12:30:00,87.066666,10.851866,42.0,42.0,16.701133,311.869266,1430
2010-12-09 12:45:00,83.64,11.062133,42.0,42.0,16.7816,299.804666,1430
2010-12-09 13:00:00,86.63333299999998,10.749133,40.0,40.0,15.9182,319.595333,1430
2010-12-09 13:15:00,79.64666599999998,10.209533,42.0,42.0,14.726733,295.898533,1430
2010-12-09 13:30:00,95.306666,10.382533,40.0,40.0,15.207,350.265466,1430
2010-12-09 13:45:00,94.253333,10.288,48.0,48.0,15.191666,354.217533,1430
2010-12-09 14:00:00,128.84,10.7518,49.0,49.0,17.745266,470.886133,1430
2010-12-09 14:15:00,127.653333,10.635066,65.0,65.0,17.653533,463.836733,1430
2010-12-09 14:30:00,139.76,10.694466,64.0,64.0,18.219333,496.414133,1430
2010-12-09 14:45:00,122.453333,10.6886,70.0,70.0,18.057933,431.2388,1430
2010-12-09 15:00:00,117.753333,10.703133,60.0,60.0,18.289133,408.772733,1430
2010-12-09 15:15:00,123.053333,10.6818,56.0,56.0,18.207466,440.2212,1430
2010-12-09 15:30:00,144.62,10.991933,63.0,63.0,20.544266,510.574333,1430
2010-12-09 15:45:00,100.053333,10.644666,70.0,70.0,17.3056,363.388133,1430
2010-12-09 16:00:00,92.313333,10.3724,49.0,49.0,15.3334,343.460066,1430
2010-12-09 16:15:00,94.126666,10.3334,47.0,47.0,14.920133,375.1984,1430
2010-12-09 16:30:00,40.113333,9.894933,48.0,48.0,12.157933,156.667066,1430
2010-12-09 16:45:00,22.32,9.483733,18.0,18.0,9.723066,92.9464,1430
2010-12-09 17:00:00,9.98,9.3962,11.0,11.0,8.981066,43.970733,1430
2010-12-09 17:15:00,2.68,9.207066,4.0,4.0,8.3192,16.321866,1430
2010-12-09 17:30:00,0.0,8.871466,1.0,1.0,7.578732999999999,5.137,1430
2010-12-09 17:45:00,0.0,8.815066,0.0,0.0,7.218066,2.873933,1430
2010-12-09 18:00:00,0.0,8.202733,0.0,0.0,6.575266,2.594133,1430
2010-12-09 18:15:00,0.0,7.567065999999999,0.0,0.0,5.5566,2.736533,1430
2010-12-09 18:30:00,0.0,7.179533,0.0,-1.0,4.813066,2.802666,1430
2010-12-09 18:45:00,0.0,6.348466,0.0,0.0,3.0464,2.894,1430
