measured_on,ac_current__2685,ac_power_hw__2695,ac_voltage__2684,dc_current__2683,dc_power_hw__2694,dc_voltage__2682,inverter_error_code__2690,inverter_temp__2686,power_factor_1000__2693,system_id,ambient_temp_f__2688,module_temp_f__2689,poa_irradiance__2679,relative_humidity__2687,wind_direction__2692,wind_speed_mph__2691
2010-08-23 11:13:27,,,,,,,160.0,,,34,,,,,,
2010-08-23 11:15:00,117.0,1004.0,285.0,328.0,1051.0,317.0,0.0,58.0,-999.0,34,,,,,,
2010-08-23 11:17:41,,,,,,,161.0,,,34,,,,,,
2010-08-23 11:18:07,,,,,,,160.0,,,34,,,,,,
2010-08-23 11:30:00,121.0,1031.0,284.0,338.0,1082.0,316.0,0.0,60.0,1000.0,34,,,,,,
2010-08-23 11:45:00,118.0,1008.0,284.0,330.0,1054.0,315.0,0.0,59.0,999.0,34,,,,,,
2010-08-23 12:00:00,119.0,1011.0,283.0,333.0,1059.0,315.0,0.0,60.0,999.0,34,,,,,,
2010-08-23 12:15:00,117.0,999.0,284.0,327.0,1047.0,316.0,0.0,60.0,-999.0,34,,,,,,
2010-08-23 12:30:00,117.0,996.0,283.0,327.0,1044.0,315.0,0.0,60.0,999.0,34,,,,,,
2010-08-23 12:45:06,,,,,,,139.0,,,34,,,,,,
2010-08-23 13:00:06,,,,,,,139.0,,,34,,,,,,
2010-08-23 13:15:06,,,,,,,139.0,,,34,,,,,,
2010-08-23 13:30:06,,,,,,,139.0,,,34,,,,,,
2010-08-23 13:45:06,,,,,,,139.0,,,34,,,,,,
2010-08-23 14:00:06,,,,,,,139.0,,,34,,,,,,
2010-08-23 14:15:06,,,,,,,139.0,,,34,,,,,,
2010-08-23 14:30:05,,,,,,,139.0,,,34,,,,,,
2010-08-23 14:45:05,,,,,,,139.0,,,34,,,,,,
2010-08-23 15:00:05,,,,,,,139.0,,,34,,,,,,
2010-08-23 15:15:06,,,,,,,139.0,,,34,,,,,,
2010-08-23 15:30:06,,,,,,,139.0,,,34,,,,,,
2010-08-23 15:45:06,,,,,,,139.0,,,34,,,,,,
2010-08-23 16:00:06,,,,,,,139.0,,,34,,,,,,
2010-08-23 16:15:06,,,,,,,139.0,,,34,,,,,,
2010-08-23 16:30:06,,,,,,,139.0,,,34,,,,,,
2010-08-23 16:45:05,,,,,,,139.0,,,34,,,,,,
2010-08-23 17:00:06,,,,,,,139.0,,,34,,,,,,
2010-08-23 17:15:06,,,,,,,139.0,,,34,,,,,,
2010-08-23 17:30:07,,,,,,,139.0,,,34,,,,,,
2010-08-23 17:45:06,,,,,,,139.0,,,34,,,,,,
2010-08-23 18:00:06,,,,,,,139.0,,,34,,,,,,
2010-08-23 18:15:05,,,,,,,139.0,,,34,,,,,,
2010-08-23 18:30:06,,,,,,,139.0,,,34,,,,,,
2010-08-23 18:45:06,,,,,,,139.0,,,34,,,,,,
2010-08-24 06:00:00,0.0,-3.0,284.0,-2.0,-2.0,426.0,0.0,34.0,0.0,34,,,,,,
2010-08-24 06:15:06,,,,,,,139.0,,,34,,,,,,
2010-08-24 06:27:20,,,,,,,160.0,,,34,,,,,,
2010-08-24 06:27:27,,,,,,,139.0,,,34,,,,,,
2010-08-24 06:30:00,0.0,-3.0,284.0,-2.0,-2.0,0.0,0.0,34.0,0.0,34,,,,,,
2010-08-24 06:45:00,0.0,-3.0,284.0,-2.0,-2.0,444.0,0.0,34.0,0.0,34,,,,,,
2010-08-24 07:00:00,47.0,406.0,284.0,112.0,423.0,374.0,0.0,57.0,-996.0,34,,,,,,
2010-08-24 07:15:00,57.0,492.0,284.0,140.0,513.0,363.0,0.0,60.0,-997.0,34,,,,,,
2010-08-24 07:30:00,63.0,541.0,284.0,151.0,569.0,373.0,0.0,58.0,-997.0,34,,,,,,
2010-08-24 07:45:06,,,,,,,139.0,,,34,,,,,,
2010-08-24 08:00:06,,,,,,,139.0,,,34,,,,,,
2010-08-24 08:15:06,,,,,,,139.0,,,34,,,,,,
2010-08-24 08:30:00,0.0,-2.0,286.0,-2.0,-2.0,0.0,0.0,46.0,0.0,34,,,,,,
2010-08-24 08:45:00,0.0,-3.0,285.0,-2.0,-2.0,0.0,0.0,45.0,0.0,34,,,,,,
2010-08-24 09:00:00,0.0,-2.0,284.0,-2.0,-2.0,0.0,0.0,44.0,0.0,34,,,,,,
2010-08-24 09:00:14,,,,,,,161.0,,,34,,,,,,
2010-08-24 09:00:41,,,,,,,160.0,,,34,,,,,,
2010-08-24 09:00:42,0.0,-2.0,284.0,-2.0,-2.0,0.0,0.0,44.0,0.0,34,,,,,,
2010-08-24 09:15:00,0.0,-2.0,283.0,-2.0,-2.0,0.0,0.0,44.0,0.0,34,,,,,,
2010-08-24 09:24:16,,,,,,,161.0,,,34,,,,,,
2010-08-24 09:24:43,,,,,,,160.0,,,34,,,,,,
2010-08-24 09:24:44,0.0,-2.0,284.0,-2.0,-2.0,0.0,0.0,43.0,0.0,34,,,,,,
2010-08-24 09:30:00,0.0,-2.0,284.0,-2.0,-2.0,0.0,0.0,43.0,0.0,34,,,,,,
2010-08-24 09:45:00,0.0,-3.0,283.0,-2.0,-2.0,0.0,0.0,42.0,0.0,34,,,,,,
2010-08-24 09:45:37,,,,,,,161.0,,,34,,,,,,
2010-08-24 09:46:05,,,,,,,160.0,,,34,,,,,,
2010-08-24 09:46:06,0.0,-3.0,283.0,-2.0,-2.0,0.0,0.0,42.0,0.0,34,,,,,,
2010-08-24 10:00:00,0.0,-3.0,282.0,-2.0,-2.0,0.0,0.0,41.0,0.0,34,,,,,,
2010-08-24 10:14:27,,,,,,,161.0,,,34,,,,,,
2010-08-24 10:14:56,,,,,,,160.0,,,34,,,,,,
2010-08-24 10:14:57,0.0,-3.0,283.0,-2.0,-2.0,0.0,0.0,41.0,0.0,34,,,,,,
2010-08-24 10:15:00,0.0,-2.0,283.0,-2.0,0.0,0.0,0.0,41.0,0.0,34,,,,,,
2010-08-24 10:30:03,,,,,,,139.0,,,34,83.325,0.0,77.506,7.219,0.0,0.0
2010-08-24 10:45:06,,,,,,,139.0,,,34,86.15,0.0,79.41899999999998,4.706,0.0,0.0
2010-08-24 11:00:00,0.0,-2.0,282.0,-2.0,-2.0,0.0,0.0,38.0,0.0,34,86.95,0.0,77.80599999999998,4.456,0.0,0.0
2010-08-24 11:15:00,0.0,-2.0,285.0,-2.0,-2.0,0.0,0.0,38.0,0.0,34,87.10599999999998,0.0,78.4,5.056,0.0,0.0
2010-08-24 11:30:00,0.0,-2.0,283.0,-2.0,0.0,0.0,0.0,38.0,0.0,34,87.10599999999998,0.0,77.325,4.762,0.0,0.0
2010-08-24 11:45:00,0.0,-2.0,282.0,-2.0,-2.0,0.0,0.0,38.0,0.0,34,102.155,0.0,1211.035,4.6,0.0,0.0
2010-08-24 12:02:20,0.0,-2.0,284.0,-2.0,0.0,0.0,0.0,37.0,0.0,34,,,,,,
2010-08-24 12:15:00,0.0,-2.0,283.0,-2.0,-2.0,0.0,0.0,37.0,0.0,34,103.411,0.0,1201.465,4.275,0.0,0.0
2010-08-24 12:30:00,0.0,-3.0,284.0,-2.0,-2.0,0.0,0.0,37.0,0.0,34,103.917,0.0,1189.648,4.781,0.0,0.0
2010-08-24 12:45:03,,,,,,,139.0,,,34,104.879,0.0,1178.516,4.181,0.0,0.0
2010-08-24 13:00:06,,,,,,,139.0,,,34,105.486,0.0,1157.813,4.238,0.0,0.0
2010-08-24 13:15:06,,,,,,,139.0,,,34,106.185,0.0,1131.641,4.306,0.0,0.0
2010-08-24 13:30:06,,,,,,,139.0,,,34,106.995,0.0,1102.93,4.244,0.0,0.0
2010-08-24 13:45:06,,,,,,,139.0,,,34,107.177,0.0,1066.113,4.206,0.0,0.0
2010-08-24 14:00:06,,,,,,,139.0,,,34,107.916,0.0,1021.973,4.275,0.0,0.0
2010-08-24 14:15:06,,,,,,,139.0,,,34,108.331,0.0,974.4140000000002,4.25,0.0,0.0
2010-08-24 14:30:06,,,,,,,139.0,,,34,108.179,0.0,923.73,4.738,0.0,0.0
2010-08-24 14:45:06,,,,,,,139.0,,,34,108.26,0.0,867.188,5.219,0.0,0.0
2010-08-24 15:00:06,,,,,,,139.0,,,34,108.281,0.0,807.52,6.531,0.0,0.0
2010-08-24 15:15:06,,,,,,,139.0,,,34,108.088,0.0,742.383,8.330999999999998,0.0,0.0
2010-08-24 15:30:06,,,,,,,139.0,,,34,107.349,0.0,681.445,9.763000000000002,0.0,0.0
2010-08-24 15:45:06,,,,,,,139.0,,,34,106.914,0.0,617.48,10.3,0.0,0.0
2010-08-24 16:00:06,,,,,,,139.0,,,34,108.068,0.0,551.172,10.138,0.0,0.0
2010-08-24 16:15:06,,,,,,,139.0,,,34,109.789,0.0,485.156,9.294,0.0,0.0
2010-08-24 16:30:06,,,,,,,139.0,,,34,111.51,0.0,412.891,8.336999999999998,0.0,0.0
2010-08-24 16:45:06,,,,,,,139.0,,,34,111.369,0.0,340.137,8.881,0.0,0.0
2010-08-24 17:00:06,,,,,,,139.0,,,34,109.911,0.0,272.949,9.35,0.0,0.0
2010-08-24 17:15:06,,,,,,,139.0,,,34,109.151,0.0,208.594,9.837,0.0,0.0
2010-08-24 17:30:06,,,,,,,139.0,,,34,108.068,0.0,147.266,10.438,0.0,0.0
2010-08-24 17:45:06,,,,,,,139.0,,,34,106.651,0.0,81.25,11.169,0.0,0.0
2010-08-24 18:00:06,,,,,,,139.0,,,34,104.909,0.0,32.715,12.456,0.0,0.0
2010-08-24 18:15:06,,,,,,,139.0,,,34,101.75,0.0,11.426,14.719,0.0,0.0
2010-08-24 18:30:06,,,,,,,139.0,,,34,98.854,0.0,4.688,16.375,0.0,0.0
2010-08-24 18:45:06,,,,,,,139.0,,,34,97.305,0.0,1.172,17.275,0.0,0.0
2010-08-25 06:00:06,,,,,,,139.0,,,34,84.66899999999998,0.0,88.477,24.9,0.0,0.0
2010-08-25 06:15:06,,,,,,,139.0,,,34,88.031,0.0,162.305,20.969,0.0,0.0
2010-08-25 06:30:06,,,,,,,139.0,,,34,87.858,0.0,68.262,21.156,0.0,0.0
2010-08-25 06:45:06,,,,,,,139.0,,,34,87.909,0.0,228.223,20.269,0.0,0.0
2010-08-25 07:00:06,,,,,,,139.0,,,34,88.78,0.0,180.371,20.094,0.0,0.0
2010-08-25 07:15:06,,,,,,,139.0,,,34,87.73699999999998,0.0,310.449,19.875,0.0,0.0
2010-08-25 07:30:06,,,,,,,139.0,,,34,89.42799999999998,0.0,506.543,18.275,0.0,0.0
2010-08-25 07:45:06,,,,,,,139.0,,,34,91.534,0.0,585.547,18.556,0.0,0.0
2010-08-25 08:00:06,,,,,,,139.0,,,34,93.174,0.0,662.305,20.75,0.0,0.0
2010-08-25 08:15:06,,,,,,,139.0,,,34,93.62,0.0,431.348,23.225,0.0,0.0
2010-08-25 08:30:06,,,,,,,139.0,,,34,92.516,0.0,296.582,25.287,0.0,0.0
2010-08-25 08:45:06,,,,,,,139.0,,,34,93.103,0.0,832.3239999999998,25.294,0.0,0.0
2010-08-25 09:00:06,,,,,,,139.0,,,34,94.936,0.0,905.371,24.406,0.0,0.0
2010-08-25 09:15:06,,,,,,,139.0,,,34,96.424,0.0,953.027,23.838,0.0,0.0
2010-08-25 09:30:06,,,,,,,139.0,,,34,97.7,0.0,1001.66,22.825,0.0,0.0
2010-08-25 09:45:06,,,,,,,139.0,,,34,98.358,0.0,1050.488,22.675,0.0,0.0
2010-08-25 10:00:06,,,,,,,139.0,,,34,99.431,0.0,1099.414,22.794,0.0,0.0
2010-08-25 10:15:06,,,,,,,139.0,,,34,100.019,0.0,1160.547,22.281,0.0,0.0
2010-08-25 10:30:06,,,,,,,139.0,,,34,100.576,0.0,1164.844,22.319,0.0,0.0
2010-08-25 10:45:06,,,,,,,139.0,,,34,100.96,0.0,1217.48,22.544,0.0,0.0
2010-08-25 11:00:06,,,,,,,139.0,,,34,101.315,0.0,1193.555,22.519,0.0,0.0
2010-08-25 11:15:06,,,,,,,139.0,,,34,102.499,0.0,1202.637,21.644,0.0,0.0
2010-08-25 11:30:06,,,,,,,139.0,,,34,103.917,0.0,1210.937,20.781,0.0,0.0
2010-08-25 11:45:06,,,,,,,139.0,,,34,104.777,0.0,1210.84,20.606,0.0,0.0
2010-08-25 12:00:06,,,,,,,139.0,,,34,104.96,0.0,1230.664,20.556,0.0,0.0
2010-08-25 12:15:01,,,,,,,161.0,,,34,105.273,0.0,1220.703,20.438,0.0,0.0
2010-08-25 12:15:30,,,,,,,160.0,,,34,105.466,0.0,1220.703,20.275,0.0,0.0
2010-08-25 12:15:37,,,,,,,139.0,,,34,,,,,,
2010-08-25 12:30:06,,,,,,,139.0,,,34,105.881,0.0,1196.973,19.638,0.0,0.0
2010-08-25 12:45:06,,,,,,,139.0,,,34,106.084,0.0,1152.734,19.925,0.0,0.0
2010-08-25 13:00:06,,,,,,,139.0,,,34,105.952,0.0,1123.633,19.406,0.0,0.0
2010-08-25 13:15:06,,,,,,,139.0,,,34,106.701,0.0,1098.047,18.525,0.0,0.0
2010-08-25 13:30:06,,,,,,,139.0,,,34,107.288,0.0,1067.48,18.369,0.0,0.0
2010-08-25 13:45:06,,,,,,,139.0,,,34,108.544,0.0,1037.695,17.519,0.0,0.0
2010-08-25 14:00:06,,,,,,,139.0,,,34,108.524,0.0,998.73,17.163,0.0,0.0
2010-08-25 14:15:06,,,,,,,139.0,,,34,109.222,0.0,956.934,16.4,0.0,0.0
2010-08-25 14:30:06,,,,,,,139.0,,,34,108.827,0.0,907.422,16.413,0.0,0.0
2010-08-25 14:45:06,,,,,,,139.0,,,34,108.979,0.0,828.2229999999998,16.331,0.0,0.0
2010-08-25 15:00:06,,,,,,,139.0,,,34,108.989,0.0,804.883,16.075,0.0,0.0
2010-08-25 15:15:06,,,,,,,139.0,,,34,108.453,0.0,740.039,16.219,0.0,0.0
2010-08-25 15:30:06,,,,,,,139.0,,,34,109.222,0.0,653.711,15.55,0.0,0.0
2010-08-25 15:45:06,,,,,,,139.0,,,34,109.111,0.0,491.113,15.2,0.0,0.0
2010-08-25 16:00:06,,,,,,,139.0,,,34,107.977,0.0,427.637,15.813,0.0,0.0
2010-08-25 16:15:06,,,,,,,139.0,,,34,109.587,0.0,321.582,14.5,0.0,0.0
2010-08-25 16:30:06,,,,,,,139.0,,,34,107.43,0.0,126.855,15.956,0.0,0.0
2010-08-25 16:45:06,,,,,,,139.0,,,34,105.557,0.0,129.395,16.025,0.0,0.0
2010-08-25 17:00:06,,,,,,,139.0,,,34,105.172,0.0,160.254,15.981,0.0,0.0
2010-08-25 17:15:06,,,,,,,139.0,,,34,105.567,0.0,268.555,16.869,0.0,0.0
2010-08-25 17:30:06,,,,,,,139.0,,,34,105.648,0.0,196.875,16.869,0.0,0.0
2010-08-25 17:45:06,,,,,,,139.0,,,34,105.041,0.0,111.035,17.381,0.0,0.0
2010-08-25 18:00:06,,,,,,,139.0,,,34,103.492,0.0,46.973,18.181,0.0,0.0
2010-08-25 18:15:06,,,,,,,139.0,,,34,101.041,0.0,15.723,19.588,0.0,0.0
2010-08-25 18:30:06,,,,,,,139.0,,,34,99.695,0.0,4.297,20.025,0.0,0.0
2010-08-25 18:45:06,,,,,,,139.0,,,34,98.814,0.0,0.977,20.644,0.0,0.0
2010-08-26 06:00:06,,,,,,,139.0,,,34,84.467,0.0,74.414,34.613,0.0,0.0
2010-08-26 06:15:06,,,,,,,139.0,,,34,87.15,0.0,159.766,31.275,0.0,0.0
2010-08-26 06:30:06,,,,,,,139.0,,,34,89.519,0.0,220.508,28.95,0.0,0.0
2010-08-26 06:45:06,,,,,,,139.0,,,34,91.26,0.0,289.355,27.238,0.0,0.0
2010-08-26 07:00:06,,,,,,,139.0,,,34,90.734,0.0,348.242,28.344,0.0,0.0
2010-08-26 07:15:06,,,,,,,139.0,,,34,89.418,0.0,420.02,29.925,0.0,0.0
2010-08-26 07:30:06,,,,,,,139.0,,,34,90.126,0.0,493.262,29.181,0.0,0.0
2010-08-26 07:45:06,,,,,,,139.0,,,34,91.109,0.0,560.352,28.325,0.0,0.0
2010-08-26 08:00:06,,,,,,,139.0,,,34,92.415,0.0,626.66,27.156,0.0,0.0
2010-08-26 08:15:06,,,,,,,139.0,,,34,93.539,0.0,689.746,26.144,0.0,0.0
2010-08-26 08:30:06,,,,,,,139.0,,,34,94.075,0.0,750.7809999999998,26.131,0.0,0.0
2010-08-26 08:45:06,,,,,,,139.0,,,34,94.582,0.0,814.063,25.5,0.0,0.0
2010-08-26 09:00:06,,,,,,,139.0,,,34,95.381,0.0,870.801,24.175,0.0,0.0
2010-08-26 09:15:06,,,,,,,139.0,,,34,96.343,0.0,921.387,23.463,0.0,0.0
2010-08-26 09:30:06,,,,,,,139.0,,,34,97.173,0.0,970.3130000000002,22.425,0.0,0.0
2010-08-26 09:45:06,,,,,,,139.0,,,34,98.429,0.0,1012.891,21.556,0.0,0.0
2010-08-26 10:00:06,,,,,,,139.0,,,34,99.583,0.0,1049.902,20.55,0.0,0.0
2010-08-26 10:15:06,,,,,,,139.0,,,34,100.576,0.0,1083.496,19.894,0.0,0.0
2010-08-26 10:30:06,,,,,,,139.0,,,34,101.051,0.0,1112.305,19.188,0.0,0.0
2010-08-26 10:45:06,,,,,,,139.0,,,34,102.125,0.0,1136.719,18.938,0.0,0.0
2010-08-26 11:00:06,,,,,,,139.0,,,34,103.076,0.0,1155.859,18.2,0.0,0.0
2010-08-26 11:15:06,,,,,,,139.0,,,34,102.904,0.0,1167.871,18.719,0.0,0.0
2010-08-26 11:30:06,,,,,,,139.0,,,34,103.583,0.0,1177.441,17.906,0.0,0.0
2010-08-26 11:45:06,,,,,,,139.0,,,34,104.089,0.0,1182.129,17.4,0.0,0.0
2010-08-26 12:00:06,,,,,,,139.0,,,34,105.304,0.0,1182.031,16.938,0.0,0.0
2010-08-26 12:15:06,,,,,,,139.0,,,34,105.841,0.0,1178.809,16.4,0.0,0.0
2010-08-26 12:30:06,,,,,,,139.0,,,34,105.76,0.0,1169.238,16.075,0.0,0.0
2010-08-26 12:45:06,,,,,,,139.0,,,34,107.106,0.0,1155.957,15.425,0.0,0.0
2010-08-26 13:00:06,,,,,,,139.0,,,34,108.058,0.0,1140.918,14.756,0.0,0.0
2010-08-26 13:15:06,,,,,,,139.0,,,34,107.785,0.0,1124.805,14.137,0.0,0.0
2010-08-26 13:30:06,,,,,,,139.0,,,34,108.534,0.0,1118.652,14.019,0.0,0.0
2010-08-26 13:45:06,,,,,,,139.0,,,34,109.0,0.0,987.207,13.513,0.0,0.0
2010-08-26 14:00:06,,,,,,,139.0,,,34,107.491,0.0,271.875,14.525,0.0,0.0
2010-08-26 14:15:06,,,,,,,139.0,,,34,104.089,0.0,154.297,16.919,0.0,0.0
2010-08-26 14:30:06,,,,,,,139.0,,,34,101.112,0.0,191.113,16.4,0.0,0.0
2010-08-26 14:45:06,,,,,,,139.0,,,34,99.917,0.0,298.145,17.356,0.0,0.0
2010-08-26 15:00:06,,,,,,,139.0,,,34,99.523,0.0,255.957,18.119,0.0,0.0
2010-08-26 15:15:06,,,,,,,139.0,,,34,98.885,0.0,238.477,19.531,0.0,0.0
2010-08-26 15:30:06,,,,,,,139.0,,,34,98.743,0.0,259.082,18.688,0.0,0.0
2010-08-26 15:45:06,,,,,,,139.0,,,34,98.956,0.0,310.449,16.025,0.0,0.0
2010-08-26 16:00:06,,,,,,,139.0,,,34,99.3,0.0,410.84,16.163,0.0,0.0
2010-08-26 16:15:06,,,,,,,139.0,,,34,99.482,0.0,307.91,17.138,0.0,0.0
2010-08-26 16:30:06,,,,,,,139.0,,,34,98.571,0.0,239.648,18.25,0.0,0.0
2010-08-26 16:45:06,,,,,,,139.0,,,34,99.391,0.0,301.172,17.631,0.0,0.0
2010-08-26 17:00:06,,,,,,,139.0,,,34,98.905,0.0,195.801,18.131,0.0,0.0
2010-08-26 17:15:06,,,,,,,139.0,,,34,97.386,0.0,112.012,18.506,0.0,0.0
2010-08-26 17:30:06,,,,,,,139.0,,,34,96.11,0.0,50.879,19.125,0.0,0.0
2010-08-26 17:45:06,,,,,,,139.0,,,34,94.946,0.0,21.094,19.881,0.0,0.0
2010-08-26 18:00:06,,,,,,,139.0,,,34,93.954,0.0,13.477,20.481,0.0,0.0
2010-08-26 18:15:06,,,,,,,139.0,,,34,93.245,0.0,7.91,20.806,0.0,0.0
2010-08-26 18:30:06,,,,,,,139.0,,,34,92.708,0.0,2.344,21.063,0.0,0.0
2010-08-26 18:45:06,,,,,,,139.0,,,34,92.364,0.0,0.879,22.131,0.0,0.0
2010-08-27 06:56:12,,,,,,,160.0,,,34,59.367,0.0,369.727,30.081,0.0,0.0
2010-08-27 06:56:21,,,,,,,139.0,,,34,,,,,,
2010-08-27 07:00:06,,,,,,,139.0,,,34,82.897,0.0,373.145,36.569,0.0,0.0
2010-08-27 07:16:08,,,,,,,139.0,,,34,,,,,,
2010-08-27 07:30:06,,,,,,,139.0,,,34,85.712,0.0,492.187,34.181,102.285,1.413
2010-08-27 07:45:06,,,,,,,139.0,,,34,86.85599999999998,0.0,561.621,32.55,78.05299999999998,2.313
2010-08-27 08:00:06,,,,,,,139.0,,,34,88.031,0.0,633.594,30.625,101.318,2.25
2010-08-27 08:15:06,,,,,,,139.0,,,34,88.87099999999998,0.0,702.637,30.0,157.59,1.9
2010-08-27 08:30:06,,,,,,,139.0,,,34,90.268,0.0,764.258,28.575,163.193,2.863
2010-08-27 08:45:06,,,,,,,139.0,,,34,91.271,0.0,822.461,27.919,163.125,2.569
2010-08-27 09:00:06,,,,,,,139.0,,,34,92.445,0.0,882.422,27.2,156.623,2.481
2010-08-27 09:15:06,,,,,,,139.0,,,34,93.802,0.0,934.766,26.106,163.553,3.819
2010-08-27 09:30:06,,,,,,,139.0,,,34,95.341,0.0,983.008,24.362,160.155,3.463
2010-08-27 09:45:06,,,,,,,139.0,,,34,95.969,0.0,1025.098,23.719,163.44,3.6
2010-08-27 10:00:06,,,,,,,139.0,,,34,97.062,0.0,1066.309,21.813,165.307,4.063
2010-08-27 10:15:06,,,,,,,139.0,,,34,98.935,0.0,1096.777,19.444,164.362,4.731
2010-08-27 10:30:06,,,,,,,139.0,,,34,99.512,0.0,1121.387,18.95,182.723,4.125
2010-08-27 10:45:06,,,,,,,139.0,,,34,100.029,0.0,1149.902,16.644,194.985,5.637
2010-08-27 11:00:06,,,,,,,139.0,,,34,101.345,0.0,1172.949,15.856,177.48,7.15
2010-08-27 11:15:06,,,,,,,139.0,,,34,101.709,0.0,1182.227,15.919,191.475,5.15
2010-08-27 11:30:06,,,,,,,139.0,,,34,102.317,0.0,1197.461,15.025,180.855,6.544
2010-08-27 11:45:06,,,,,,,139.0,,,34,102.722,0.0,1208.105,14.456,186.345,6.406
2010-08-27 12:00:06,,,,,,,139.0,,,34,102.611,0.0,1201.855,14.287,206.91,6.644
2010-08-27 12:15:06,,,,,,,139.0,,,34,102.59,0.0,1197.559,13.813,193.568,7.8
2010-08-27 12:30:06,,,,,,,139.0,,,34,103.026,0.0,1185.84,13.862,196.402,7.4
2010-08-27 12:45:06,,,,,,,139.0,,,34,102.914,0.0,1171.777,13.875,195.75,8.069
2010-08-27 13:00:06,,,,,,,139.0,,,34,103.066,0.0,1157.52,12.337,214.875,8.444
2010-08-27 13:29:43,,,,,,,160.0,,,34,72.985,0.0,1080.469,15.194,212.265,6.175
2010-08-27 13:29:45,111.0,957.0,286.0,312.0,1000.0,317.0,0.0,57.0,999.0,34,,,,,,
2010-08-27 13:30:00,111.0,954.0,286.0,305.0,997.0,324.0,0.0,59.0,-999.0,34,102.074,0.0,1079.883,10.725,208.418,6.294
2010-08-27 13:45:00,110.0,951.0,286.0,303.0,996.0,325.0,0.0,59.0,-999.0,34,103.532,0.0,1062.793,11.337,193.207,8.788
2010-08-27 14:00:00,106.0,911.0,286.0,284.0,954.0,333.0,0.0,61.0,-999.0,34,103.886,0.0,1028.613,11.119,207.9,8.156
2010-08-27 14:15:00,102.0,874.0,285.0,281.0,915.0,322.0,0.0,59.0,-1000.0,34,104.119,0.0,978.125,10.869,214.335,8.461999999999998
2010-08-27 14:30:00,98.0,842.0,285.0,263.0,882.0,331.0,0.0,59.0,-1000.0,34,103.562,0.0,928.809,10.65,221.445,9.113
2010-08-27 14:45:00,92.0,793.0,285.0,249.0,831.0,329.0,0.0,60.0,999.0,34,104.19,0.0,877.441,9.788,211.23,7.8
2010-08-27 15:00:00,86.0,738.0,285.0,227.0,772.0,336.0,0.0,60.0,1000.0,34,104.018,0.0,819.5309999999998,9.731000000000002,213.39,8.25
2010-08-27 15:15:00,79.0,680.0,285.0,210.0,712.0,335.0,0.0,60.0,999.0,34,103.836,0.0,757.6169999999998,9.581,214.043,7.1
2010-08-27 15:30:00,72.0,621.0,285.0,186.0,649.0,346.0,0.0,60.0,-1000.0,34,103.633,0.0,690.625,9.587,221.738,8.612
2010-08-27 15:45:00,64.0,554.0,285.0,171.0,576.0,334.0,0.0,57.0,-999.0,34,103.542,0.0,621.973,9.431,230.175,7.655999999999999
2010-08-27 16:00:00,56.0,487.0,286.0,144.0,510.0,350.0,0.0,59.0,-999.0,34,103.502,0.0,552.051,9.556,209.048,7.269
2010-08-27 16:15:00,49.0,418.0,282.0,124.0,436.0,348.0,0.0,59.0,-996.0,34,105.101,0.0,482.52,9.513000000000002,226.238,7.886999999999999
2010-08-27 16:30:00,39.0,340.0,283.0,102.0,353.0,343.0,0.0,60.0,-995.0,34,104.909,0.0,410.547,10.0,205.83,8.974999999999998
2010-08-27 16:45:00,30.0,261.0,284.0,79.0,272.0,339.0,0.0,60.0,-989.0,34,104.322,0.0,338.574,11.006,207.248,7.869
2010-08-27 17:00:00,21.0,186.0,284.0,54.0,193.0,355.0,0.0,60.0,-985.0,34,103.917,0.0,268.945,11.138,208.44,8.563
2010-08-27 17:15:00,12.0,108.0,285.0,32.0,112.0,345.0,0.0,59.0,952.0,34,103.036,0.0,201.367,11.519,216.405,9.063
2010-08-27 17:30:00,7.0,54.0,286.0,16.0,56.0,345.0,0.0,58.0,-850.0,34,101.659,0.0,129.883,12.712,209.543,8.461999999999998
2010-08-27 17:45:00,4.0,24.0,284.0,8.0,27.0,336.0,0.0,59.0,-599.0,34,100.505,0.0,67.188,13.388,216.135,7.606
2010-08-27 18:00:00,3.0,5.0,285.0,2.0,6.0,305.0,0.0,59.0,0.0,34,98.753,0.0,21.68,15.319,216.945,7.275
2010-08-27 18:15:00,0.0,-3.0,286.0,-2.0,-5.0,349.0,0.0,59.0,0.0,34,96.394,0.0,8.202999999999998,17.231,218.385,6.681
2010-08-27 18:30:00,0.0,-3.0,285.0,-1.0,-2.0,283.0,0.0,58.0,0.0,34,95.483,0.0,0.0,18.194,216.157,6.606
2010-08-27 18:45:00,0.0,-3.0,285.0,-2.0,-2.0,67.0,0.0,55.0,0.0,34,94.976,0.0,0.0,19.475,207.045,5.538
2010-08-28 06:00:00,10.0,87.0,285.0,24.0,91.0,377.0,0.0,59.0,928.0,34,80.923,0.0,67.969,15.894,197.055,4.862
2010-08-28 06:15:00,17.0,149.0,286.0,42.0,157.0,367.0,0.0,58.0,965.0,34,82.29,0.0,171.68,24.206,189.405,6.075
2010-08-28 06:30:00,27.0,233.0,284.0,63.0,241.0,380.0,0.0,58.0,994.0,34,83.424,0.0,240.625,29.594,182.543,7.056
2010-08-28 06:45:00,36.0,314.0,284.0,85.0,328.0,381.0,0.0,58.0,995.0,34,84.11199999999998,0.0,316.699,27.181,193.32,6.506
2010-08-28 07:00:00,46.0,395.0,286.0,107.0,413.0,380.0,0.0,60.0,996.0,34,82.259,0.0,387.402,20.194,186.503,6.981
2010-08-28 07:15:00,54.0,469.0,287.0,127.0,492.0,381.0,0.0,60.0,997.0,34,82.391,0.0,450.977,20.969,165.6,5.65
2010-08-28 07:30:00,64.0,554.0,286.0,154.0,581.0,373.0,0.0,60.0,999.0,34,83.424,0.0,536.328,14.894,178.898,5.781
2010-08-28 07:45:00,73.0,630.0,285.0,178.0,661.0,367.0,0.0,60.0,999.0,34,83.80899999999998,0.0,609.473,12.675,177.053,6.869
2010-08-28 08:00:00,81.0,698.0,286.0,202.0,733.0,358.0,0.0,58.0,999.0,34,84.63899999999998,0.0,687.793,12.762,182.587,6.0
2010-08-28 08:15:00,88.0,760.0,286.0,219.0,797.0,359.0,0.0,58.0,999.0,34,84.882,0.0,757.715,11.65,195.188,6.65
2010-08-28 08:30:00,94.0,812.0,287.0,236.0,851.0,356.0,0.0,59.0,999.0,34,85.429,0.0,822.168,12.531,205.673,7.65
2010-08-28 08:45:00,99.0,853.0,286.0,247.0,893.0,359.0,0.0,61.0,999.0,34,85.763,0.0,877.344,12.844,210.15,7.619
2010-08-28 09:00:00,105.0,909.0,287.0,267.0,955.0,353.0,0.0,61.0,-999.0,34,87.12999999999998,0.0,939.355,13.45,182.07,6.769
2010-08-28 09:15:00,111.0,957.0,286.0,284.0,1004.0,350.0,0.0,61.0,-999.0,34,88.84099999999998,0.0,995.117,12.325,170.595,7.244
2010-08-28 09:30:00,114.0,985.0,286.0,302.0,1032.0,338.0,0.0,57.0,999.0,34,88.97199999999998,0.0,1043.555,11.913,183.892,6.138
2010-08-28 09:45:00,119.0,1022.0,286.0,323.0,1074.0,329.0,0.0,61.0,999.0,34,89.671,0.0,1090.43,9.225,185.67,7.681
2010-08-28 10:00:00,121.0,1046.0,286.0,323.0,1097.0,336.0,0.0,58.0,-999.0,34,90.481,0.0,1119.336,10.069,187.087,7.144
2010-08-28 10:15:00,123.0,1058.0,286.0,333.0,1109.0,329.0,0.0,61.0,-999.0,34,91.382,0.0,1144.629,9.825,196.29,7.631
2010-08-28 10:30:00,125.0,1076.0,286.0,337.0,1128.0,331.0,0.0,60.0,-999.0,34,91.463,0.0,1173.535,9.406,204.233,8.15
2010-08-28 10:45:00,129.0,1107.0,285.0,346.0,1165.0,332.0,0.0,59.0,999.0,34,91.898,0.0,1204.297,8.675,216.157,9.081
2010-08-28 11:00:00,131.0,1123.0,285.0,354.0,1179.0,329.0,0.0,59.0,-1000.0,34,92.192,0.0,1229.297,7.738,200.408,8.824999999999998
2010-08-28 11:15:00,131.0,1130.0,287.0,356.0,1188.0,330.0,0.0,60.0,-999.0,34,93.326,0.0,1242.969,6.531,201.803,8.05
2010-08-28 11:30:00,132.0,1142.0,287.0,361.0,1202.0,329.0,0.0,61.0,999.0,34,93.782,0.0,1256.055,4.288,212.243,9.538
2010-08-28 11:45:00,133.0,1143.0,287.0,372.0,1202.0,319.0,0.0,62.0,-999.0,34,94.733,0.0,1270.801,2.506,211.477,10.3
2010-08-28 12:00:00,134.0,1157.0,288.0,369.0,1215.0,325.0,0.0,60.0,-999.0,34,94.663,0.0,1271.289,2.031,214.965,11.65
2010-08-28 12:15:00,132.0,1144.0,288.0,370.0,1202.0,321.0,0.0,62.0,-999.0,34,94.379,0.0,1264.355,1.906,214.335,12.138
2010-08-28 12:30:00,133.0,1151.0,288.0,364.0,1211.0,328.0,0.0,60.0,-1000.0,34,94.531,0.0,1259.18,1.863,220.365,13.85
2010-08-28 12:45:00,129.0,1115.0,287.0,335.0,1173.0,346.0,0.0,59.0,999.0,34,94.217,0.0,1234.668,2.563,222.705,13.875
2010-08-28 13:00:00,128.0,1105.0,287.0,344.0,1162.0,334.0,0.0,59.0,999.0,34,94.399,0.0,1209.863,3.0,219.758,13.425
2010-08-28 13:15:00,125.0,1081.0,288.0,328.0,1135.0,342.0,0.0,62.0,999.0,34,94.865,0.0,1178.32,2.813,223.74,15.194
2010-08-28 13:30:00,122.0,1058.0,288.0,322.0,1111.0,340.0,0.0,59.0,999.0,34,94.916,0.0,1139.258,2.706,223.65,14.194
2010-08-28 13:45:00,118.0,1023.0,287.0,311.0,1076.0,341.0,0.0,60.0,-999.0,34,94.987,0.0,1101.27,3.006,217.71,13.294
2010-08-28 14:00:00,113.0,980.0,287.0,302.0,1031.0,337.0,0.0,59.0,999.0,34,94.916,0.0,1065.039,3.15,221.265,14.769
2010-08-28 14:15:00,109.0,942.0,287.0,293.0,988.0,333.0,0.0,62.0,999.0,34,95.189,0.0,1015.625,3.656,225.765,13.15
2010-08-28 14:30:00,102.0,887.0,287.0,268.0,930.0,342.0,0.0,59.0,999.0,34,95.179,0.0,959.473,3.581,222.053,13.231
2010-08-28 14:45:00,97.0,843.0,287.0,256.0,885.0,341.0,0.0,59.0,999.0,34,95.381,0.0,901.465,3.131,230.513,15.1
2010-08-28 15:00:00,91.0,785.0,286.0,234.0,823.0,348.0,0.0,58.0,999.0,34,95.392,0.0,842.969,3.631,224.708,12.331
2010-08-28 15:15:00,84.0,726.0,286.0,221.0,761.0,340.0,0.0,58.0,-999.0,34,95.635,0.0,785.547,2.681,226.013,11.144
2010-08-28 15:30:00,77.0,668.0,286.0,200.0,698.0,344.0,0.0,59.0,-997.0,34,95.371,0.0,722.6559999999998,1.131,224.393,12.944
2010-08-28 15:45:00,69.0,598.0,287.0,177.0,625.0,349.0,0.0,59.0,-999.0,34,95.098,0.0,657.031,0.531,236.093,10.569
2010-08-28 16:00:00,60.0,522.0,287.0,154.0,544.0,348.0,0.0,60.0,999.0,34,94.855,0.0,583.984,0.375,225.113,9.981000000000002
2010-08-28 16:15:00,51.0,444.0,286.0,125.0,464.0,365.0,0.0,57.0,999.0,34,96.384,0.0,508.984,0.325,230.535,10.606
2010-08-28 16:30:00,42.0,364.0,287.0,105.0,379.0,355.0,0.0,60.0,-996.0,34,96.88,0.0,432.324,0.319,227.52,10.744
2010-08-28 16:45:00,32.0,284.0,286.0,80.0,297.0,365.0,0.0,60.0,-995.0,34,96.303,0.0,357.324,0.319,225.293,11.913
2010-08-28 17:00:00,23.0,198.0,287.0,57.0,205.0,353.0,0.0,59.0,-986.0,34,95.533,0.0,285.352,0.325,228.668,10.825
2010-08-28 17:15:00,13.0,117.0,286.0,36.0,124.0,335.0,0.0,60.0,955.0,34,94.713,0.0,216.992,0.331,225.068,10.956
2010-08-28 17:30:00,8.0,60.0,284.0,19.0,64.0,325.0,0.0,59.0,-833.0,34,93.417,0.0,149.219,0.338,222.93,10.706
2010-08-28 17:45:00,4.0,24.0,284.0,8.0,27.0,320.0,0.0,58.0,580.0,34,91.868,0.0,76.074,0.3439999999999999,228.533,10.888
2010-08-28 18:00:00,3.0,5.0,284.0,2.0,8.0,304.0,0.0,58.0,0.0,34,89.59,0.0,25.488,0.3499999999999999,221.04,10.75
2010-08-28 18:15:00,3.0,-6.0,283.0,-1.0,-5.0,359.0,0.0,59.0,159.0,34,86.259,0.0,8.202999999999998,0.3619999999999999,217.553,9.25
2010-08-28 18:30:00,0.0,-2.0,283.0,-1.0,-2.0,285.0,0.0,59.0,0.0,34,84.305,0.0,2.246,0.375,216.473,7.869
2010-08-28 18:45:00,0.0,-2.0,284.0,-1.0,-2.0,56.0,0.0,58.0,0.0,34,83.049,0.0,0.4879999999999999,0.406,219.87,6.075
2010-08-29 06:00:00,9.0,79.0,286.0,26.0,85.0,320.0,0.0,58.0,-893.0,34,72.033,0.0,66.211,22.875,172.62,6.881
2010-08-29 06:15:00,15.0,135.0,285.0,45.0,141.0,311.0,0.0,59.0,970.0,34,73.91599999999998,0.0,175.684,21.588,173.678,5.344
2010-08-29 06:30:00,23.0,201.0,285.0,66.0,210.0,312.0,0.0,58.0,986.0,34,75.516,0.0,244.336,20.656,170.64,5.644
2010-08-29 06:45:00,37.0,318.0,286.0,83.0,334.0,398.0,0.0,59.0,-991.0,34,75.97199999999998,0.0,317.383,20.806,176.67,6.475
2010-08-29 07:00:00,47.0,405.0,286.0,107.0,422.0,389.0,0.0,59.0,996.0,34,72.93399999999998,0.0,384.375,23.244,184.388,5.781
2010-08-29 07:15:00,56.0,486.0,285.0,130.0,510.0,388.0,0.0,60.0,999.0,34,72.85299999999998,0.0,450.098,23.094,200.385,6.081
2010-08-29 07:30:00,65.0,560.0,287.0,151.0,589.0,385.0,0.0,60.0,999.0,34,73.319,0.0,533.594,22.975,210.105,6.325
2010-08-29 07:45:00,74.0,641.0,287.0,178.0,673.0,373.0,0.0,59.0,999.0,34,74.17,0.0,603.027,22.031,214.268,7.356
2010-08-29 08:00:00,81.0,704.0,287.0,193.0,741.0,378.0,0.0,61.0,-999.0,34,74.848,0.0,675.098,21.438,201.667,6.669
2010-08-29 08:15:00,89.0,769.0,286.0,220.0,807.0,362.0,0.0,59.0,999.0,34,75.729,0.0,741.797,20.938,207.202,6.131
2010-08-29 08:30:00,96.0,826.0,286.0,235.0,865.0,365.0,0.0,59.0,999.0,34,76.52899999999998,0.0,806.152,20.55,203.962,6.094
2010-08-29 08:45:00,103.0,884.0,285.0,257.0,928.0,358.0,0.0,58.0,1000.0,34,77.268,0.0,867.5779999999999,20.044,190.553,7.219
2010-08-29 09:00:00,108.0,926.0,286.0,270.0,972.0,355.0,0.0,60.0,999.0,34,78.128,0.0,926.367,19.231,199.913,6.294
2010-08-29 09:15:00,111.0,962.0,287.0,289.0,1011.0,345.0,0.0,60.0,999.0,34,79.202,0.0,977.734,18.012,208.215,7.211999999999998
2010-08-29 09:30:00,115.0,990.0,286.0,303.0,1040.0,340.0,0.0,58.0,999.0,34,79.82899999999998,0.0,1025.0,17.469,208.35,5.675
2010-08-29 09:45:00,119.0,1027.0,287.0,316.0,1077.0,337.0,0.0,62.0,999.0,34,80.73099999999998,0.0,1069.727,16.894,206.505,6.369
2010-08-29 10:00:00,122.0,1055.0,287.0,324.0,1107.0,338.0,0.0,58.0,999.0,34,81.257,0.0,1107.324,16.725,193.05,6.0
2010-08-29 10:15:00,123.0,1059.0,288.0,338.0,1112.0,325.0,0.0,61.0,999.0,34,82.06699999999998,0.0,1137.305,16.281,210.87,5.756
2010-08-29 10:30:00,124.0,1074.0,287.0,337.0,1127.0,330.0,0.0,61.0,999.0,34,82.543,0.0,1163.672,15.794,197.37,5.406
2010-08-29 10:45:00,127.0,1090.0,287.0,354.0,1143.0,319.0,0.0,59.0,999.0,34,83.403,0.0,1185.937,15.3,197.145,5.637
2010-08-29 11:00:00,130.0,1125.0,287.0,346.0,1184.0,338.0,0.0,59.0,999.0,34,84.41599999999998,0.0,1210.742,14.556,193.545,7.112
2010-08-29 11:15:00,131.0,1135.0,287.0,367.0,1192.0,321.0,0.0,61.0,999.0,34,84.254,0.0,1225.684,14.663,203.355,7.65
2010-08-29 11:30:00,132.0,1138.0,286.0,360.0,1197.0,329.0,0.0,60.0,-999.0,34,84.355,0.0,1235.937,14.081,206.168,6.85
2010-08-29 11:45:00,135.0,1157.0,286.0,357.0,1220.0,337.0,0.0,62.0,-999.0,34,85.337,0.0,1241.504,12.381,186.525,8.381
2010-08-29 12:00:00,133.0,1150.0,287.0,362.0,1211.0,331.0,0.0,62.0,999.0,34,85.56,0.0,1236.035,12.269,199.71,9.119
2010-08-29 12:15:00,131.0,1132.0,288.0,355.0,1190.0,331.0,0.0,61.0,1000.0,34,85.54,0.0,1223.047,12.225,210.285,8.356
2010-08-29 12:30:00,131.0,1127.0,286.0,354.0,1185.0,331.0,0.0,61.0,-1000.0,34,86.188,0.0,1208.789,11.788,195.12,8.974999999999998
2010-08-29 12:47:02,128.0,1105.0,287.0,336.0,1161.0,341.0,0.0,61.0,1000.0,34,,,,,,
2010-08-29 13:00:00,125.0,1084.0,287.0,338.0,1139.0,333.0,0.0,62.0,999.0,34,86.775,0.0,1175.488,11.356,190.688,7.156
2010-08-29 13:15:00,124.0,1074.0,287.0,337.0,1130.0,331.0,0.0,59.0,-998.0,34,87.38299999999998,0.0,1158.496,11.056,197.865,8.474999999999998
2010-08-29 13:30:00,122.0,1049.0,286.0,321.0,1103.0,339.0,0.0,60.0,-998.0,34,86.816,0.0,1131.836,11.262,209.88,8.675
2010-08-29 13:45:00,118.0,1015.0,286.0,313.0,1067.0,337.0,0.0,59.0,999.0,34,87.51399999999998,0.0,1095.117,10.531,190.553,6.838
2010-08-29 14:00:00,113.0,981.0,287.0,302.0,1031.0,337.0,0.0,59.0,-999.0,34,87.575,0.0,1051.27,10.194,214.245,9.394
2010-08-29 14:15:00,107.0,931.0,288.0,281.0,977.0,343.0,0.0,61.0,999.0,34,87.211,0.0,996.777,10.25,196.943,7.575
2010-08-29 14:30:00,103.0,891.0,287.0,268.0,934.0,344.0,0.0,59.0,999.0,34,87.818,0.0,943.945,9.806,205.897,8.5
2010-08-29 14:45:00,97.0,843.0,287.0,250.0,888.0,351.0,0.0,59.0,999.0,34,87.66599999999998,0.0,889.648,9.65,203.895,8.199999999999998
2010-08-29 15:00:00,91.0,787.0,287.0,234.0,824.0,348.0,0.0,59.0,-999.0,34,86.85599999999998,0.0,829.004,9.381,206.933,9.306
2010-08-29 15:15:00,83.0,725.0,288.0,216.0,756.0,345.0,0.0,59.0,999.0,34,86.188,0.0,766.504,10.306,201.825,10.044
2010-08-29 15:30:00,76.0,665.0,288.0,187.0,699.0,368.0,0.0,61.0,1000.0,34,85.65099999999998,0.0,700.0,10.719,213.818,10.237
2010-08-29 15:45:00,68.0,591.0,287.0,170.0,618.0,359.0,0.0,58.0,997.0,34,85.62099999999998,0.0,628.027,11.281,216.585,9.369
2010-08-29 16:00:00,59.0,515.0,287.0,146.0,541.0,366.0,0.0,58.0,999.0,34,85.36799999999998,0.0,554.492,11.462,221.76,9.819
2010-08-29 16:15:00,50.0,437.0,286.0,123.0,459.0,367.0,0.0,60.0,999.0,34,86.623,0.0,481.348,10.944,212.985,9.45
2010-08-29 16:30:00,41.0,359.0,285.0,98.0,373.0,374.0,0.0,60.0,999.0,34,87.98,0.0,411.133,10.837,209.813,7.738
2010-08-29 16:45:00,31.0,275.0,285.0,77.0,288.0,370.0,0.0,60.0,-995.0,34,88.132,0.0,339.551,9.706,209.003,8.775
2010-08-29 17:00:00,22.0,189.0,285.0,52.0,198.0,376.0,0.0,59.0,-985.0,34,87.443,0.0,270.605,9.063,209.138,8.794
2010-08-29 17:15:00,13.0,110.0,285.0,32.0,118.0,363.0,0.0,58.0,-953.0,34,86.50199999999998,0.0,202.246,9.038,215.82,9.188
2010-08-29 17:30:00,7.0,58.0,286.0,17.0,63.0,370.0,0.0,59.0,-859.0,34,85.661,0.0,138.672,8.938,219.24,7.894
2010-08-29 17:45:00,4.0,20.0,286.0,6.0,22.0,370.0,0.0,59.0,-535.0,34,84.73,0.0,68.75,9.381,216.09,6.838
2010-08-29 18:00:00,3.0,4.0,287.0,2.0,6.0,306.0,0.0,58.0,-119.0,34,82.44199999999998,0.0,21.289,9.769,214.38,7.238
2010-08-29 18:15:00,3.0,-5.0,285.0,-1.0,-3.0,295.0,0.0,59.0,0.0,34,79.546,0.0,7.519999999999999,11.956,218.475,7.194
2010-08-29 18:30:00,0.0,-3.0,285.0,-1.0,-2.0,270.0,0.0,59.0,0.0,34,78.452,0.0,1.758,13.688,216.203,7.244
2010-08-29 18:45:00,0.0,-2.0,284.0,-1.0,-2.0,43.0,0.0,59.0,0.0,34,77.81399999999998,0.0,0.0,15.275,221.063,7.388
2010-08-30 06:00:00,10.0,86.0,284.0,24.0,91.0,374.0,0.0,58.0,-914.0,34,65.695,0.0,58.887,28.25,213.277,2.5
2010-08-30 06:15:00,17.0,151.0,285.0,39.0,159.0,401.0,0.0,59.0,965.0,34,68.003,0.0,166.797,26.525,207.63,2.906
2010-08-30 06:30:00,27.0,234.0,286.0,61.0,245.0,393.0,0.0,60.0,988.0,34,69.907,0.0,232.227,25.069,216.765,2.587
2010-08-30 06:45:00,36.0,315.0,286.0,81.0,329.0,402.0,0.0,60.0,-995.0,34,70.332,0.0,307.813,25.656,227.88,3.125
2010-08-30 07:00:00,46.0,398.0,285.0,104.0,417.0,396.0,0.0,59.0,-996.0,34,67.355,0.0,375.0,28.681,213.593,3.337
2010-08-30 07:15:00,55.0,477.0,288.0,131.0,496.0,374.0,0.0,60.0,-999.0,34,67.568,0.0,443.848,28.488,217.35,2.344
2010-08-30 07:30:00,64.0,560.0,287.0,155.0,585.0,374.0,0.0,61.0,999.0,34,68.57,0.0,526.074,28.0,216.923,2.681
2010-08-30 07:45:00,72.0,625.0,286.0,175.0,654.0,370.0,0.0,56.0,999.0,34,69.806,0.0,596.582,27.212,203.175,1.9
2010-08-30 08:00:00,79.0,684.0,285.0,193.0,716.0,367.0,0.0,57.0,-999.0,34,70.747,0.0,666.602,25.113,177.413,1.306
2010-08-30 08:15:00,86.0,741.0,286.0,216.0,776.0,355.0,0.0,56.0,999.0,34,71.861,0.0,731.836,23.494,194.918,1.994
2010-08-30 08:30:00,92.0,796.0,285.0,235.0,834.0,351.0,0.0,59.0,999.0,34,72.863,0.0,794.8239999999998,24.862,122.918,1.919
2010-08-30 08:45:00,98.0,839.0,285.0,252.0,880.0,346.0,0.0,60.0,999.0,34,74.149,0.0,855.664,23.838,148.725,2.137
2010-08-30 09:00:00,103.0,885.0,285.0,265.0,928.0,346.0,0.0,58.0,-999.0,34,75.24299999999998,0.0,914.941,21.094,157.995,2.481
2010-08-30 09:15:00,109.0,935.0,285.0,286.0,980.0,339.0,0.0,58.0,1000.0,34,76.12399999999998,0.0,967.383,19.138,173.43,3.163
2010-08-30 09:30:00,112.0,959.0,286.0,294.0,1007.0,339.0,0.0,62.0,999.0,34,77.10599999999998,0.0,1018.848,17.662,171.9,3.031
2010-08-30 09:45:00,115.0,993.0,287.0,310.0,1042.0,333.0,0.0,58.0,1000.0,34,77.79399999999998,0.0,1062.109,17.781,179.91,3.256
2010-08-30 10:00:00,118.0,1017.0,286.0,324.0,1069.0,326.0,0.0,61.0,-999.0,34,78.533,0.0,1100.488,17.487,171.18,2.831
2010-08-30 10:15:00,120.0,1034.0,286.0,325.0,1086.0,330.0,0.0,59.0,1000.0,34,79.131,0.0,1134.668,16.713,210.6,3.069
2010-08-30 10:30:00,121.0,1039.0,285.0,340.0,1090.0,317.0,0.0,60.0,-999.0,34,80.03199999999998,0.0,1164.648,16.288,243.248,1.975
2010-08-30 10:45:00,123.0,1053.0,285.0,334.0,1104.0,327.0,0.0,59.0,-1000.0,34,81.065,0.0,1183.789,16.281,181.238,2.963
2010-08-30 11:00:00,124.0,1069.0,288.0,347.0,1123.0,320.0,0.0,62.0,-999.0,34,80.933,0.0,1202.246,16.038,149.333,2.8
2010-08-30 11:15:00,125.0,1076.0,287.0,349.0,1130.0,320.0,0.0,61.0,-999.0,34,81.976,0.0,1216.895,14.375,202.118,3.319
2010-08-30 11:30:00,123.0,1065.0,287.0,344.0,1120.0,322.0,0.0,61.0,999.0,34,83.28199999999998,0.0,1225.293,13.325,178.605,2.6
2010-08-30 11:45:00,125.0,1080.0,287.0,349.0,1134.0,321.0,0.0,61.0,-999.0,34,84.51699999999998,0.0,1228.125,11.669,197.482,4.144
2010-08-30 12:00:00,125.0,1074.0,286.0,346.0,1128.0,322.0,0.0,59.0,-999.0,34,84.548,0.0,1226.855,11.337,188.64,3.175
2010-08-30 12:15:00,125.0,1078.0,286.0,349.0,1131.0,320.0,0.0,62.0,999.0,34,85.59,0.0,1224.023,10.219,198.945,3.369
2010-08-30 12:30:00,123.0,1053.0,286.0,343.0,1105.0,318.0,0.0,60.0,999.0,34,86.694,0.0,1217.871,9.387,211.95,2.575
2010-08-30 12:45:00,120.0,1031.0,286.0,332.0,1081.0,322.0,0.0,59.0,-999.0,34,86.937,0.0,1204.98,9.337,212.04,2.55
2010-08-30 13:00:00,117.0,1005.0,285.0,329.0,1054.0,317.0,0.0,61.0,999.0,34,87.38299999999998,0.0,1176.172,9.181,228.308,2.069
2010-08-30 13:15:00,116.0,997.0,285.0,324.0,1044.0,318.0,0.0,59.0,999.0,34,87.29099999999998,0.0,1152.93,8.913,228.78,2.719
2010-08-30 13:30:00,113.0,965.0,285.0,316.0,1012.0,316.0,0.0,61.0,-999.0,34,88.334,0.0,1124.023,8.474999999999998,131.243,2.4
2010-08-30 13:45:00,108.0,932.0,287.0,303.0,977.0,319.0,0.0,59.0,999.0,34,88.183,0.0,1077.93,8.869,143.19,2.369
2010-08-30 14:00:00,105.0,905.0,286.0,294.0,947.0,318.0,0.0,59.0,999.0,34,88.54699999999998,0.0,1033.984,8.275,187.493,2.856
2010-08-30 14:15:00,101.0,872.0,287.0,280.0,912.0,322.0,0.0,59.0,999.0,34,89.205,0.0,986.9140000000002,7.961999999999998,188.145,3.156
2010-08-30 14:30:00,96.0,830.0,287.0,268.0,870.0,320.0,0.0,59.0,-999.0,34,88.79,0.0,936.719,7.369,150.008,2.556
2010-08-30 14:45:00,92.0,799.0,286.0,249.0,837.0,331.0,0.0,59.0,999.0,34,90.289,0.0,880.859,6.1,155.903,4.037
2010-08-30 15:00:00,86.0,746.0,286.0,226.0,780.0,341.0,0.0,59.0,999.0,34,91.21,0.0,825.0,4.744,176.94,4.169
2010-08-30 15:15:00,80.0,692.0,286.0,209.0,725.0,342.0,0.0,58.0,999.0,34,90.612,0.0,758.984,5.394,177.435,3.963
2010-08-30 15:30:00,73.0,633.0,286.0,188.0,662.0,348.0,0.0,58.0,1000.0,34,89.884,0.0,693.457,5.019,175.073,3.381
2010-08-30 15:45:00,65.0,561.0,286.0,170.0,587.0,342.0,0.0,59.0,999.0,34,90.258,0.0,623.828,4.137,166.455,3.4
2010-08-30 16:00:00,57.0,498.0,286.0,143.0,523.0,361.0,0.0,59.0,997.0,34,90.845,0.0,554.102,4.319,167.738,6.419
2010-08-30 16:15:00,49.0,423.0,286.0,120.0,442.0,365.0,0.0,59.0,-999.0,34,92.394,0.0,481.543,4.238,171.765,5.538
2010-08-30 16:30:00,40.0,344.0,286.0,96.0,360.0,370.0,0.0,59.0,-996.0,34,93.873,0.0,408.398,4.319,192.938,4.988
2010-08-30 16:45:00,30.0,264.0,285.0,75.0,275.0,363.0,0.0,60.0,-989.0,34,93.528,0.0,337.012,4.688,178.943,4.988
2010-08-30 17:00:00,21.0,182.0,286.0,53.0,189.0,351.0,0.0,59.0,-978.0,34,93.437,0.0,266.504,5.194,169.92,5.556
2010-08-30 17:15:00,12.0,102.0,287.0,28.0,109.0,377.0,0.0,60.0,938.0,34,92.425,0.0,200.488,5.994,192.42,4.869
2010-08-30 17:30:00,7.0,54.0,286.0,16.0,59.0,360.0,0.0,59.0,-833.0,34,90.967,0.0,134.082,6.625,201.263,4.475
2010-08-30 17:45:00,4.0,20.0,285.0,6.0,24.0,357.0,0.0,59.0,-517.0,34,89.30599999999998,0.0,64.551,8.006,207.158,4.431
2010-08-30 18:00:00,3.0,2.0,285.0,1.0,5.0,305.0,0.0,59.0,-79.0,34,86.552,0.0,18.652,9.75,217.26,4.144
2010-08-30 18:15:00,5.0,-5.0,286.0,-1.0,-3.0,319.0,0.0,59.0,76.0,34,83.15,0.0,6.348,11.788,212.467,2.781
2010-08-30 18:30:00,0.0,-2.0,285.0,-1.0,-2.0,258.0,0.0,59.0,0.0,34,81.622,0.0,1.66,12.6,213.93,2.725
2010-08-30 18:45:00,0.0,-2.0,286.0,-1.0,-2.0,34.0,0.0,59.0,0.0,34,80.781,0.0,0.5859999999999999,13.338,216.0,2.463
2010-08-31 06:00:00,9.0,75.0,284.0,25.0,78.0,314.0,0.0,59.0,903.0,34,65.908,0.0,53.223,26.256,255.465,1.212
2010-08-31 06:15:00,15.0,129.0,284.0,42.0,136.0,316.0,0.0,58.0,-959.0,34,69.846,0.0,168.164,21.869,297.878,1.794
2010-08-31 06:30:00,25.0,218.0,283.0,62.0,226.0,363.0,0.0,59.0,987.0,34,72.671,0.0,232.324,19.406,304.898,1.987
2010-08-31 06:45:00,36.0,309.0,284.0,81.0,324.0,396.0,0.0,59.0,995.0,34,73.22799999999998,0.0,304.883,19.8,317.205,1.506
2010-08-31 07:00:00,45.0,386.0,285.0,102.0,405.0,394.0,0.0,59.0,-996.0,34,71.223,0.0,371.875,21.431,328.635,1.031
2010-08-31 07:15:00,54.0,468.0,283.0,128.0,488.0,378.0,0.0,59.0,999.0,34,72.144,0.0,440.332,20.419,301.14,0.7379999999999999
2010-08-31 07:30:00,63.0,541.0,285.0,150.0,567.0,374.0,0.0,55.0,997.0,34,73.51099999999998,0.0,522.559,19.25,245.7,0.75
2010-08-31 07:45:00,70.0,606.0,285.0,171.0,635.0,369.0,0.0,55.0,999.0,34,74.83799999999998,0.0,594.043,17.775,148.635,1.106
2010-08-31 08:00:00,78.0,670.0,285.0,196.0,703.0,354.0,0.0,58.0,999.0,34,76.22499999999998,0.0,665.82,17.15,133.133,1.219
2010-08-31 08:15:00,83.0,720.0,287.0,212.0,756.0,351.0,0.0,58.0,-999.0,34,77.592,0.0,730.7619999999998,16.413,285.368,0.994
2010-08-31 08:30:00,90.0,779.0,286.0,235.0,814.0,343.0,0.0,57.0,-1000.0,34,78.726,0.0,792.2849999999999,16.181,136.845,1.456
2010-08-31 08:45:00,95.0,826.0,287.0,250.0,864.0,341.0,0.0,57.0,1000.0,34,79.516,0.0,855.469,14.894,163.35,1.813
2010-08-31 09:00:00,101.0,869.0,286.0,265.0,911.0,340.0,0.0,57.0,-1000.0,34,79.971,0.0,912.988,14.387,168.705,2.356
2010-08-31 09:15:00,105.0,904.0,286.0,282.0,945.0,332.0,0.0,57.0,-999.0,34,80.91299999999998,0.0,966.016,13.819,161.978,2.287
2010-08-31 09:30:00,109.0,936.0,285.0,293.0,982.0,331.0,0.0,61.0,998.0,34,81.47,0.0,1014.16,13.375,128.902,2.769
2010-08-31 09:45:00,113.0,968.0,284.0,312.0,1013.0,321.0,0.0,59.0,999.0,34,82.31,0.0,1057.227,13.006,149.985,2.631
2010-08-31 10:00:00,114.0,978.0,286.0,319.0,1027.0,318.0,0.0,59.0,-999.0,34,83.039,0.0,1095.996,12.981,146.497,1.806
2010-08-31 10:15:00,116.0,1001.0,286.0,326.0,1050.0,318.0,0.0,60.0,998.0,34,83.869,0.0,1128.613,13.012,162.99,1.85
2010-08-31 10:30:00,118.0,1013.0,286.0,325.0,1062.0,322.0,0.0,59.0,1000.0,34,84.953,0.0,1157.715,12.4,132.998,2.256
2010-08-31 10:45:00,120.0,1030.0,285.0,337.0,1081.0,317.0,0.0,61.0,999.0,34,85.58,0.0,1177.734,12.169,150.3,2.387
2010-08-31 11:00:00,120.0,1026.0,284.0,331.0,1074.0,321.0,0.0,59.0,999.0,34,86.087,0.0,1195.605,11.994,204.547,2.025
2010-08-31 11:15:00,119.0,1027.0,285.0,329.0,1077.0,323.0,0.0,60.0,-999.0,34,87.443,0.0,1207.715,11.325,188.865,2.381
2010-08-31 11:30:00,121.0,1044.0,285.0,341.0,1094.0,318.0,0.0,62.0,1000.0,34,88.183,0.0,1214.941,11.063,194.738,2.363
2010-08-31 11:45:00,119.0,1028.0,286.0,334.0,1077.0,319.0,0.0,61.0,-999.0,34,88.79999999999998,0.0,1219.531,10.219,207.652,2.35
2010-08-31 12:00:00,118.0,1022.0,286.0,332.0,1070.0,318.0,0.0,60.0,1000.0,34,89.843,0.0,1219.727,9.756,220.725,2.231
2010-08-31 12:15:00,120.0,1032.0,286.0,336.0,1082.0,318.0,0.0,60.0,-999.0,34,91.291,0.0,1217.969,9.269,197.1,3.275
2010-08-31 12:30:00,118.0,1012.0,286.0,330.0,1059.0,318.0,0.0,60.0,999.0,34,91.331,0.0,1201.758,9.394,149.468,1.756
2010-08-31 12:45:00,116.0,992.0,285.0,324.0,1040.0,317.0,0.0,60.0,999.0,34,91.311,0.0,1182.324,9.244,181.485,2.65
2010-08-31 13:00:00,116.0,992.0,285.0,324.0,1042.0,317.0,0.0,61.0,999.0,34,92.88,0.0,1162.988,9.163,188.843,3.213
2010-08-31 13:15:00,112.0,962.0,286.0,314.0,1008.0,318.0,0.0,61.0,998.0,34,93.417,0.0,1132.031,8.781,196.313,2.844
2010-08-31 13:30:00,109.0,938.0,286.0,306.0,984.0,317.0,0.0,61.0,999.0,34,93.528,0.0,1099.121,8.8,204.66,2.175
2010-08-31 13:45:00,105.0,904.0,287.0,294.0,947.0,318.0,0.0,61.0,-999.0,34,93.812,0.0,1065.625,8.637,198.248,2.156
2010-08-31 14:00:00,103.0,887.0,286.0,289.0,928.0,318.0,0.0,59.0,999.0,34,93.103,0.0,1015.234,9.044,125.663,3.194
2010-08-31 14:15:00,99.0,853.0,286.0,278.0,893.0,317.0,0.0,58.0,-999.0,34,93.569,0.0,972.363,8.637,165.33,3.494
2010-08-31 14:30:00,94.0,815.0,286.0,256.0,853.0,329.0,0.0,59.0,1000.0,34,94.5,0.0,923.242,8.244,163.823,2.594
2010-08-31 14:45:00,89.0,765.0,285.0,243.0,800.0,325.0,0.0,59.0,999.0,34,94.298,0.0,868.945,8.163,224.82,2.425
2010-08-31 15:00:00,83.0,718.0,285.0,223.0,752.0,333.0,0.0,59.0,-999.0,34,94.187,0.0,806.9339999999999,8.625,156.33,2.625
2010-08-31 15:15:00,77.0,664.0,285.0,206.0,695.0,333.0,0.0,58.0,999.0,34,93.103,0.0,744.4339999999999,9.288,132.75,2.294
2010-08-31 15:30:00,70.0,603.0,285.0,186.0,630.0,334.0,0.0,61.0,-1000.0,34,93.782,0.0,677.441,8.987,180.225,2.544
2010-08-31 15:45:00,62.0,537.0,285.0,161.0,561.0,344.0,0.0,58.0,-999.0,34,93.002,0.0,607.617,9.425,163.193,2.113
2010-08-31 16:00:00,54.0,467.0,286.0,140.0,486.0,344.0,0.0,60.0,-997.0,34,92.891,0.0,537.207,9.438,137.25,2.044
2010-08-31 16:15:00,45.0,395.0,286.0,118.0,410.0,342.0,0.0,60.0,999.0,34,94.025,0.0,463.574,9.137,154.463,2.519
2010-08-31 16:30:00,37.0,322.0,286.0,94.0,336.0,354.0,0.0,59.0,-995.0,34,95.381,0.0,391.504,8.887,118.035,2.425
2010-08-31 16:45:00,28.0,244.0,286.0,70.0,256.0,359.0,0.0,60.0,989.0,34,95.179,0.0,320.02,9.063,145.08,2.206
2010-08-31 17:00:00,19.0,166.0,286.0,48.0,174.0,353.0,0.0,59.0,-976.0,34,95.473,0.0,249.707,9.163,126.833,1.663
2010-08-31 17:15:00,11.0,95.0,283.0,27.0,101.0,366.0,0.0,59.0,946.0,34,94.744,0.0,184.473,9.656,99.068,2.375
2010-08-31 17:30:00,7.0,49.0,285.0,15.0,52.0,353.0,0.0,58.0,-822.0,34,93.184,0.0,120.801,10.619,146.295,1.956
2010-08-31 17:45:00,3.0,13.0,286.0,4.0,17.0,375.0,0.0,59.0,370.0,34,91.919,0.0,58.496,11.175,113.4,1.875
2010-08-31 18:00:00,3.0,2.0,286.0,2.0,6.0,305.0,0.0,59.0,0.0,34,89.82299999999998,0.0,17.969,12.438,110.07,1.8
2010-08-31 18:15:00,0.0,-2.0,287.0,-1.0,-3.0,351.0,0.0,58.0,0.0,34,87.018,0.0,6.543,13.463,83.025,1.719
2010-08-31 18:30:00,0.0,-3.0,286.0,-1.0,-2.0,239.0,0.0,58.0,0.0,34,85.742,0.0,1.465,14.263,65.677,1.737
2010-08-31 18:45:00,0.0,-3.0,287.0,-1.0,-2.0,27.0,0.0,58.0,0.0,34,84.811,0.0,0.4879999999999999,15.163,79.943,0.8629999999999999
2010-09-01 06:00:00,10.0,81.0,284.0,22.0,85.0,376.0,0.0,58.0,-895.0,34,70.798,0.0,46.582,22.369,291.308,1.637
2010-09-01 06:15:00,17.0,145.0,284.0,38.0,152.0,392.0,0.0,59.0,972.0,34,73.805,0.0,162.598,21.025,261.54,1.088
2010-09-01 06:30:00,25.0,224.0,285.0,59.0,232.0,385.0,0.0,58.0,988.0,34,76.275,0.0,225.879,18.731,302.108,1.206
2010-09-01 06:45:00,35.0,301.0,285.0,78.0,314.0,395.0,0.0,58.0,995.0,34,75.19199999999998,0.0,300.0,20.8,293.243,0.8309999999999998
2010-09-01 07:00:00,44.0,379.0,284.0,101.0,396.0,388.0,0.0,60.0,-996.0,34,73.552,0.0,367.969,21.944,307.575,1.075
2010-09-01 07:15:00,53.0,460.0,285.0,125.0,483.0,380.0,0.0,60.0,-997.0,34,74.98999999999998,0.0,439.355,20.2,303.503,2.231
2010-09-01 07:30:00,62.0,535.0,284.0,150.0,561.0,370.0,0.0,56.0,997.0,34,77.045,0.0,515.82,17.881,241.47,2.881
2010-09-01 07:45:00,70.0,602.0,284.0,174.0,627.0,356.0,0.0,58.0,999.0,34,78.604,0.0,589.746,17.125,258.075,2.006
2010-09-01 08:00:00,77.0,661.0,283.0,196.0,691.0,348.0,0.0,56.0,-999.0,34,79.961,0.0,661.035,16.456,234.653,1.869
2010-09-01 08:15:00,83.0,718.0,285.0,212.0,753.0,351.0,0.0,56.0,998.0,34,81.298,0.0,727.539,16.106,147.937,2.037
2010-09-01 08:30:00,89.0,768.0,286.0,236.0,804.0,338.0,0.0,59.0,999.0,34,82.057,0.0,792.2849999999999,16.056,72.98999999999998,1.619
2010-09-01 08:45:00,94.0,812.0,286.0,248.0,850.0,338.0,0.0,56.0,1000.0,34,82.897,0.0,852.6369999999998,15.469,84.71299999999998,1.556
2010-09-01 09:00:00,98.0,846.0,286.0,256.0,887.0,342.0,0.0,57.0,999.0,34,83.65699999999998,0.0,909.473,15.338,182.452,1.5
2010-09-01 09:15:00,103.0,885.0,286.0,278.0,927.0,330.0,0.0,57.0,-999.0,34,84.76,0.0,965.137,14.362,162.45,1.306
2010-09-01 09:30:00,107.0,919.0,285.0,291.0,962.0,327.0,0.0,57.0,1000.0,34,85.87399999999998,0.0,1015.137,13.713,134.258,1.281
2010-09-01 09:45:00,110.0,943.0,286.0,308.0,989.0,318.0,0.0,61.0,999.0,34,87.18,0.0,1058.691,12.681,154.508,1.844
2010-09-01 10:00:00,112.0,963.0,286.0,314.0,1009.0,318.0,0.0,59.0,999.0,34,87.595,0.0,1094.434,12.581,126.135,1.656
2010-09-01 10:15:00,114.0,982.0,286.0,320.0,1028.0,318.0,0.0,59.0,999.0,34,88.628,0.0,1127.93,11.55,138.803,2.075
2010-09-01 10:30:00,116.0,995.0,286.0,324.0,1042.0,318.0,0.0,60.0,999.0,34,89.97499999999998,0.0,1158.691,11.262,166.793,2.044
2010-09-01 10:45:00,118.0,1009.0,285.0,326.0,1059.0,321.0,0.0,59.0,999.0,34,91.311,0.0,1180.664,10.894,175.5,2.444
2010-09-01 11:00:00,119.0,1017.0,285.0,333.0,1066.0,317.0,0.0,60.0,999.0,34,91.747,0.0,1199.414,10.813,173.43,2.269
2010-09-01 11:15:00,118.0,1022.0,287.0,331.0,1070.0,319.0,0.0,59.0,999.0,34,92.354,0.0,1214.551,10.65,148.253,2.244
2010-09-01 11:30:00,117.0,1013.0,286.0,327.0,1062.0,321.0,0.0,61.0,999.0,34,92.719,0.0,1223.535,10.163,126.923,2.275
2010-09-01 11:45:00,118.0,1012.0,286.0,330.0,1061.0,318.0,0.0,60.0,999.0,34,93.427,0.0,1226.074,10.006,152.235,2.225
2010-09-01 12:00:00,118.0,1011.0,285.0,330.0,1059.0,317.0,0.0,59.0,-999.0,34,93.954,0.0,1223.926,9.487,140.918,2.637
2010-09-01 12:15:00,118.0,1012.0,284.0,328.0,1061.0,319.0,0.0,59.0,999.0,34,95.209,0.0,1218.848,9.206,118.013,2.287
2010-09-01 12:30:00,116.0,993.0,284.0,326.0,1042.0,316.0,0.0,59.0,999.0,34,95.442,0.0,1206.543,8.843999999999998,144.428,2.419
2010-09-01 12:45:00,116.0,990.0,284.0,324.0,1036.0,316.0,0.0,59.0,1000.0,34,96.242,0.0,1190.039,8.711999999999998,179.19,2.306
2010-09-01 13:00:00,113.0,970.0,284.0,314.0,1015.0,319.0,0.0,59.0,999.0,34,96.728,0.0,1167.773,8.287,171.652,2.787
2010-09-01 13:15:00,110.0,949.0,286.0,309.0,995.0,318.0,0.0,59.0,999.0,34,97.983,0.0,1138.477,7.349999999999999,192.645,2.75
2010-09-01 13:30:00,108.0,926.0,286.0,302.0,970.0,317.0,0.0,59.0,998.0,34,97.346,0.0,1105.566,7.175,183.263,2.106
2010-09-01 13:45:00,104.0,891.0,286.0,290.0,934.0,318.0,0.0,59.0,-999.0,34,97.447,0.0,1065.137,7.081,141.795,1.8
2010-09-01 14:00:00,100.0,860.0,286.0,280.0,899.0,317.0,0.0,60.0,999.0,34,98.733,0.0,1021.191,6.494,166.14,1.85
2010-09-01 14:15:00,97.0,830.0,286.0,272.0,870.0,316.0,0.0,61.0,-999.0,34,99.33,0.0,972.168,6.506,200.07,2.006
2010-09-01 14:30:00,92.0,788.0,285.0,257.0,823.0,316.0,0.0,61.0,-999.0,34,99.826,0.0,919.727,6.681,196.853,2.319
2010-09-01 14:45:00,87.0,743.0,284.0,235.0,779.0,327.0,0.0,61.0,-999.0,34,99.786,0.0,863.965,6.638,240.345,2.387
2010-09-01 15:00:00,80.0,695.0,286.0,221.0,727.0,325.0,0.0,61.0,999.0,34,99.371,0.0,802.441,6.662,214.402,2.563
2010-09-01 15:15:00,74.0,638.0,286.0,204.0,668.0,323.0,0.0,59.0,999.0,34,98.469,0.0,735.1559999999998,6.912,125.28,2.644
2010-09-01 15:30:00,67.0,584.0,286.0,179.0,611.0,338.0,0.0,59.0,-999.0,34,98.247,0.0,667.969,6.994,172.62,2.875
2010-09-01 15:45:00,60.0,518.0,286.0,157.0,542.0,340.0,0.0,57.0,-999.0,34,98.125,0.0,598.828,7.094,71.595,2.331
2010-09-01 16:00:00,52.0,450.0,286.0,135.0,472.0,344.0,0.0,60.0,-996.0,34,97.7,0.0,527.832,7.5,180.022,1.787
2010-09-01 16:15:00,43.0,376.0,285.0,114.0,392.0,339.0,0.0,60.0,996.0,34,98.783,0.0,456.348,7.188,162.338,1.331
2010-09-01 16:30:00,35.0,303.0,284.0,87.0,317.0,357.0,0.0,60.0,-995.0,34,100.849,0.0,383.008,6.162,70.403,1.619
2010-09-01 16:45:00,26.0,226.0,284.0,64.0,237.0,364.0,0.0,60.0,993.0,34,101.021,0.0,310.742,6.388,113.355,2.325
2010-09-01 17:00:00,18.0,153.0,286.0,45.0,160.0,355.0,0.0,59.0,-982.0,34,100.454,0.0,242.48,6.55,88.155,1.188
2010-09-01 17:15:00,11.0,89.0,283.0,26.0,93.0,358.0,0.0,59.0,-929.0,34,100.282,0.0,178.809,6.506,155.745,0.7379999999999999
2010-09-01 17:30:00,6.0,43.0,285.0,12.0,47.0,363.0,0.0,58.0,-780.0,34,99.604,0.0,114.844,6.794,79.47,0.813
2010-09-01 17:45:00,3.0,14.0,286.0,5.0,18.0,349.0,0.0,58.0,-422.0,34,98.368,0.0,53.809,7.0,292.973,0.456
2010-09-01 18:00:00,3.0,1.0,285.0,1.0,4.0,305.0,0.0,58.0,0.0,34,95.148,0.0,15.039,8.663,83.34,0.4809999999999999
2010-09-01 18:15:00,0.0,-3.0,287.0,-2.0,-5.0,344.0,0.0,58.0,0.0,34,91.058,0.0,5.664,10.244,43.965,0.0379999999999999
2010-09-01 18:30:00,0.0,-2.0,287.0,-2.0,-2.0,218.0,0.0,59.0,0.0,34,88.122,0.0,1.465,11.762,43.2,0.275
2010-09-01 18:45:00,0.0,-2.0,286.0,-1.0,-2.0,22.0,0.0,59.0,0.0,34,86.765,0.0,0.0,12.587,35.078,0.2439999999999999
2010-09-10 06:00:00,8.0,60.0,284.0,19.0,64.0,326.0,0.0,58.0,-848.0,34,65.685,61.89,20.02,21.438,283.342,1.956
2010-09-10 06:15:00,15.0,128.0,284.0,34.0,135.0,386.0,0.0,58.0,969.0,34,66.718,62.53,128.906,21.894,286.155,2.337
2010-09-10 06:30:00,24.0,205.0,284.0,55.0,214.0,386.0,0.0,58.0,-993.0,34,66.819,66.7,217.383,21.731,279.068,2.544
2010-09-10 06:45:00,33.0,287.0,284.0,76.0,301.0,391.0,0.0,60.0,-995.0,34,67.477,71.77,289.16,21.3,271.102,2.856
2010-09-10 07:00:00,43.0,369.0,284.0,97.0,387.0,392.0,0.0,59.0,999.0,34,68.56,76.79,361.035,20.913,243.36,2.6
2010-09-10 07:15:00,52.0,446.0,284.0,119.0,469.0,389.0,0.0,60.0,996.0,34,69.887,81.4,434.766,20.219,189.18,2.606
2010-09-10 07:30:00,61.0,529.0,286.0,145.0,554.0,378.0,0.0,55.0,997.0,34,70.788,87.79,507.715,19.888,270.36,1.419
2010-09-10 07:45:00,70.0,604.0,286.0,168.0,634.0,372.0,0.0,56.0,-999.0,34,72.06399999999998,91.9,586.523,19.431,206.64,3.819
2010-09-10 08:00:00,78.0,676.0,286.0,190.0,710.0,370.0,0.0,57.0,997.0,34,73.10599999999998,92.94,654.102,18.638,261.855,5.594
2010-09-10 08:15:00,84.0,730.0,287.0,210.0,768.0,361.0,0.0,56.0,999.0,34,73.73399999999998,98.5,723.8279999999999,17.994,266.535,3.469
2010-09-10 08:30:00,90.0,779.0,286.0,231.0,815.0,349.0,0.0,61.0,1000.0,34,74.676,106.5,786.719,17.737,182.678,1.994
2010-09-10 08:45:00,95.0,819.0,286.0,242.0,861.0,353.0,0.0,60.0,-998.0,34,75.83,103.06,847.461,17.369,162.765,1.394
2010-09-10 09:00:00,100.0,861.0,286.0,264.0,903.0,338.0,0.0,60.0,-999.0,34,77.015,103.96,904.102,16.65,169.515,1.587
2010-09-10 09:15:00,103.0,892.0,286.0,267.0,936.0,347.0,0.0,62.0,-999.0,34,77.54099999999998,110.82,956.543,16.125,108.27,2.256
2010-09-10 09:30:00,108.0,931.0,286.0,294.0,976.0,328.0,0.0,58.0,-999.0,34,78.199,112.99,1003.516,15.625,120.758,2.494
2010-09-10 09:45:00,111.0,959.0,287.0,299.0,1007.0,333.0,0.0,59.0,999.0,34,79.333,114.9,1047.461,14.769,186.908,2.737
2010-09-10 10:00:00,114.0,985.0,287.0,320.0,1031.0,319.0,0.0,60.0,999.0,34,80.68,116.76,1086.426,13.969,180.652,3.044
2010-09-10 10:15:00,117.0,1004.0,286.0,314.0,1053.0,331.0,0.0,59.0,-999.0,34,81.176,111.15,1119.727,14.387,137.723,2.475
2010-09-10 10:30:00,120.0,1034.0,285.0,333.0,1086.0,322.0,0.0,60.0,-999.0,34,81.824,102.14,1145.508,14.325,147.375,3.419
2010-09-10 10:45:00,120.0,1035.0,286.0,333.0,1085.0,322.0,0.0,59.0,-999.0,34,82.604,112.81,1170.41,12.644,179.685,3.319
2010-09-10 11:00:00,122.0,1051.0,286.0,335.0,1103.0,325.0,0.0,62.0,-999.0,34,83.626,108.74,1186.621,12.95,153.675,3.119
2010-09-10 11:15:00,121.0,1044.0,287.0,339.0,1096.0,319.0,0.0,60.0,999.0,34,84.355,111.63,1199.414,12.019,168.952,2.269
2010-09-10 11:30:00,123.0,1063.0,287.0,346.0,1116.0,319.0,0.0,59.0,-998.0,34,84.507,105.16,1207.031,12.131,133.943,3.225
2010-09-10 11:45:00,121.0,1044.0,287.0,339.0,1096.0,320.0,0.0,60.0,-999.0,34,84.781,106.0,1209.277,11.462,190.508,2.931
2010-09-10 12:00:00,121.0,1044.0,287.0,339.0,1097.0,320.0,0.0,60.0,999.0,34,86.006,119.48,1210.352,10.856,167.175,3.256
2010-09-10 12:15:00,121.0,1040.0,287.0,338.0,1090.0,318.0,0.0,61.0,1000.0,34,86.158,113.79,1201.367,10.656,116.235,3.75
2010-09-10 12:30:00,118.0,1015.0,286.0,331.0,1066.0,318.0,0.0,60.0,-998.0,34,86.006,118.5,1189.941,10.463,196.897,2.544
2010-09-10 12:45:00,117.0,1007.0,287.0,322.0,1058.0,324.0,0.0,59.0,999.0,34,86.97799999999998,118.68,1172.266,10.144,202.207,3.344
2010-09-10 13:00:00,114.0,982.0,286.0,320.0,1030.0,318.0,0.0,60.0,-999.0,34,87.575,114.77,1146.973,10.325,159.278,2.419
2010-09-10 13:15:00,112.0,962.0,286.0,314.0,1009.0,317.0,0.0,61.0,999.0,34,87.929,109.61,1116.309,10.144,139.5,3.006
2010-09-10 13:30:00,110.0,941.0,286.0,307.0,985.0,317.0,0.0,61.0,-1000.0,34,87.88899999999998,106.48,1081.934,10.031,115.178,2.869
2010-09-10 13:45:00,106.0,908.0,286.0,295.0,954.0,319.0,0.0,62.0,999.0,34,88.01999999999998,104.45,1042.969,9.919,134.527,3.169
2010-09-10 14:00:00,101.0,864.0,286.0,283.0,904.0,316.0,0.0,61.0,999.0,34,88.638,109.35,995.801,8.8,173.498,1.75
2010-09-10 14:15:00,96.0,826.0,285.0,268.0,864.0,318.0,0.0,60.0,1000.0,34,88.75,114.24,945.117,8.763,118.215,3.113
2010-09-10 14:30:00,90.0,776.0,285.0,255.0,812.0,315.0,0.0,59.0,-999.0,34,88.932,113.52,892.5779999999999,8.744,186.66,2.725
2010-09-10 14:45:00,84.0,725.0,285.0,238.0,757.0,315.0,0.0,58.0,999.0,34,89.833,113.74,834.863,8.169,151.672,2.175
2010-09-10 15:00:00,79.0,683.0,284.0,211.0,716.0,335.0,0.0,61.0,-997.0,34,89.64,113.56,773.438,8.362,177.727,1.844
2010-09-10 15:15:00,73.0,625.0,284.0,192.0,654.0,337.0,0.0,59.0,-997.0,34,89.70099999999998,109.82,706.836,8.513,200.183,2.425
2010-09-10 15:30:00,65.0,562.0,284.0,170.0,588.0,342.0,0.0,60.0,-997.0,34,89.539,103.98,638.086,8.794,130.928,2.325
2010-09-10 15:45:00,58.0,496.0,284.0,146.0,521.0,352.0,0.0,60.0,-997.0,34,88.891,98.76,566.895,9.188,150.503,2.663
2010-09-10 16:00:00,48.0,419.0,285.0,120.0,440.0,363.0,0.0,57.0,999.0,34,87.747,94.55,494.238,9.381,127.53,2.219
2010-09-10 16:15:00,40.0,345.0,285.0,99.0,360.0,358.0,0.0,59.0,996.0,34,87.696,96.4,421.777,8.894,131.827,1.394
2010-09-10 16:30:00,30.0,267.0,285.0,78.0,279.0,351.0,0.0,59.0,-994.0,34,89.05299999999998,95.8,348.633,8.506,101.497,1.563
2010-09-10 16:45:00,21.0,183.0,286.0,54.0,193.0,354.0,0.0,60.0,-978.0,34,91.352,92.86,276.855,7.619,221.378,1.35
2010-09-10 17:00:00,13.0,109.0,287.0,32.0,114.0,352.0,0.0,58.0,-941.0,34,91.382,89.62999999999998,207.813,7.944,164.115,1.163
2010-09-10 17:15:00,7.0,55.0,285.0,17.0,59.0,350.0,0.0,59.0,836.0,34,89.792,86.45999999999998,142.48,8.506,82.91299999999998,1.975
2010-09-10 17:30:00,4.0,21.0,287.0,7.0,25.0,347.0,0.0,59.0,533.0,34,88.81999999999998,83.7,72.06999999999998,8.637,48.802,0.95
2010-09-10 17:45:00,3.0,2.0,287.0,2.0,6.0,306.0,0.0,59.0,0.0,34,86.147,81.14,20.117,10.194,108.99,0.762
2010-09-10 18:00:00,0.0,-3.0,287.0,-1.0,-5.0,360.0,0.0,58.0,0.0,34,82.87699999999998,79.59,6.152,11.394,97.155,0.644
2010-09-10 18:15:00,0.0,-2.0,286.0,-1.0,-2.0,255.0,0.0,59.0,0.0,34,80.83199999999998,76.23999999999998,1.465,12.587,151.672,0.262
2010-09-10 18:30:00,0.0,-3.0,286.0,-2.0,-2.0,29.0,0.0,58.0,0.0,34,79.212,71.42,0.391,13.975,149.76,0.4689999999999999
2010-09-10 18:45:00,0.0,-3.0,286.0,-1.0,-2.0,4.0,0.0,58.0,0.0,34,78.39199999999998,69.14,0.2929999999999999,14.331,142.448,0.4119999999999999
2010-09-11 06:00:00,8.0,63.0,286.0,18.0,68.0,366.0,0.0,58.0,854.0,34,61.756,49.91,18.848,36.85,272.205,0.956
2010-09-11 06:15:00,15.0,126.0,287.0,34.0,132.0,386.0,0.0,58.0,958.0,34,61.888,51.2,122.266,41.938,266.355,0.444
2010-09-11 06:30:00,23.0,203.0,286.0,52.0,214.0,406.0,0.0,59.0,980.0,34,61.949,57.35,214.941,40.956,266.895,0.006
2010-09-11 06:45:00,33.0,286.0,285.0,73.0,299.0,404.0,0.0,60.0,990.0,34,62.941,63.79,286.719,36.831,267.3,0.388
2010-09-11 07:00:00,42.0,369.0,287.0,96.0,386.0,395.0,0.0,59.0,-996.0,34,65.057,71.75,359.277,30.494,267.3,1.244
2010-09-11 07:15:00,51.0,441.0,285.0,116.0,465.0,396.0,0.0,60.0,996.0,34,67.031,80.37999999999998,431.641,28.569,267.255,1.056
2010-09-11 07:30:00,61.0,525.0,286.0,144.0,549.0,375.0,0.0,61.0,997.0,34,68.935,88.87999999999998,506.055,27.456,267.233,0.794
2010-09-11 07:45:00,68.0,592.0,287.0,166.0,621.0,369.0,0.0,61.0,997.0,34,70.606,96.33,584.277,26.581,267.233,0.438
2010-09-11 08:00:00,75.0,654.0,288.0,186.0,687.0,365.0,0.0,56.0,999.0,34,72.327,100.94,650.195,25.581,145.193,1.169
2010-09-11 08:15:00,83.0,712.0,286.0,208.0,749.0,356.0,0.0,56.0,999.0,34,74.028,103.05,718.945,24.713,102.128,1.288
2010-09-11 08:30:00,88.0,766.0,288.0,229.0,801.0,346.0,0.0,59.0,999.0,34,75.44499999999998,103.23,786.133,23.25,139.838,1.212
2010-09-11 08:45:00,94.0,812.0,286.0,244.0,851.0,344.0,0.0,57.0,999.0,34,76.98399999999998,105.45,847.9489999999998,20.669,119.543,1.744
2010-09-11 09:00:00,99.0,851.0,286.0,260.0,892.0,340.0,0.0,58.0,998.0,34,78.331,115.32,905.371,18.65,163.508,1.306
2010-09-11 09:15:00,103.0,892.0,288.0,275.0,934.0,336.0,0.0,58.0,999.0,34,79.637,109.36,959.57,17.762,135.045,2.063
2010-09-11 09:30:00,107.0,924.0,287.0,286.0,969.0,334.0,0.0,57.0,999.0,34,80.528,110.3,1009.961,15.919,149.828,1.831
2010-09-11 09:45:00,111.0,954.0,286.0,303.0,1000.0,326.0,0.0,59.0,999.0,34,81.26699999999998,113.2,1056.641,13.963,116.707,1.819
2010-09-11 10:00:00,113.0,976.0,287.0,311.0,1022.0,325.0,0.0,60.0,999.0,34,82.21899999999998,112.07,1092.871,12.869,141.638,1.719
2010-09-11 10:15:00,115.0,995.0,286.0,323.0,1042.0,319.0,0.0,58.0,999.0,34,83.242,115.09,1126.563,12.337,119.318,2.5
2010-09-11 10:30:00,118.0,1015.0,287.0,326.0,1065.0,323.0,0.0,61.0,-999.0,34,84.23399999999998,119.73,1156.543,11.269,124.065,2.587
2010-09-11 10:45:00,119.0,1023.0,285.0,333.0,1071.0,318.0,0.0,58.0,999.0,34,85.43899999999998,121.81,1179.883,10.413,123.188,2.413
2010-09-11 11:00:00,119.0,1026.0,285.0,334.0,1074.0,317.0,0.0,61.0,998.0,34,86.512,119.11,1197.559,9.619,159.255,2.694
2010-09-11 11:15:00,120.0,1036.0,285.0,338.0,1088.0,318.0,0.0,58.0,999.0,34,87.646,120.79,1211.426,9.688,128.745,2.1
2010-09-11 11:30:00,121.0,1039.0,285.0,339.0,1089.0,318.0,0.0,60.0,999.0,34,87.929,116.38,1216.992,8.688,104.85,2.831
2010-09-11 11:45:00,118.0,1022.0,288.0,328.0,1071.0,323.0,0.0,61.0,-999.0,34,88.58799999999998,123.75,1219.824,8.25,146.272,2.613
2010-09-11 12:00:00,118.0,1016.0,287.0,330.0,1065.0,319.0,0.0,59.0,999.0,34,89.72199999999998,125.3,1218.555,7.937999999999999,136.013,2.425
2010-09-11 12:15:00,117.0,1013.0,289.0,327.0,1062.0,321.0,0.0,59.0,999.0,34,90.744,127.24,1210.156,7.7,174.06,2.3
2010-09-11 12:30:00,117.0,1009.0,287.0,329.0,1061.0,319.0,0.0,61.0,998.0,34,91.25,114.6,1196.191,8.306,149.13,2.969
2010-09-11 12:45:00,114.0,988.0,287.0,321.0,1035.0,319.0,0.0,60.0,-1000.0,34,91.797,121.16,1181.348,7.269,133.29,2.556
2010-09-11 13:00:00,113.0,968.0,286.0,315.0,1015.0,317.0,0.0,61.0,-999.0,34,91.868,124.23,1155.469,7.263,140.535,2.081
2010-09-11 13:15:00,111.0,958.0,287.0,309.0,1004.0,321.0,0.0,62.0,999.0,34,92.384,109.43,1124.902,8.3,149.468,3.25
2010-09-11 13:30:00,108.0,931.0,287.0,297.0,976.0,325.0,0.0,61.0,999.0,34,92.769,117.78,1090.234,7.025,129.195,2.306
2010-09-11 13:45:00,106.0,911.0,286.0,293.0,955.0,322.0,0.0,59.0,999.0,34,94.146,118.89,1052.93,6.494,172.125,3.906
2010-09-11 14:00:00,102.0,874.0,286.0,286.0,918.0,317.0,0.0,59.0,999.0,34,94.065,119.24,1007.91,6.431,190.148,3.644
2010-09-11 14:15:00,97.0,834.0,286.0,268.0,877.0,323.0,0.0,58.0,999.0,34,94.075,112.2,955.957,6.769,175.658,3.25
2010-09-11 14:30:00,91.0,781.0,286.0,242.0,822.0,336.0,0.0,59.0,999.0,34,92.891,104.69,899.023,6.919,171.09,2.225
2010-09-11 14:45:00,85.0,735.0,287.0,230.0,773.0,331.0,0.0,58.0,998.0,34,93.589,113.93,842.969,6.481,190.148,3.231
2010-09-11 15:00:00,79.0,681.0,285.0,209.0,714.0,337.0,0.0,58.0,-999.0,34,94.126,113.31,778.5159999999998,5.762,208.215,2.437
2010-09-11 15:15:00,73.0,626.0,285.0,188.0,656.0,345.0,0.0,60.0,999.0,34,93.286,103.49,713.965,6.313,177.908,2.725
2010-09-11 15:30:00,65.0,558.0,284.0,167.0,584.0,346.0,0.0,57.0,999.0,34,93.508,111.6,643.555,5.994,228.038,2.419
2010-09-11 15:45:00,57.0,488.0,285.0,144.0,513.0,351.0,0.0,58.0,997.0,34,92.931,106.56,572.949,6.863,194.355,1.887
2010-09-11 16:00:00,48.0,417.0,285.0,124.0,434.0,345.0,0.0,56.0,-996.0,34,92.374,101.92,498.242,6.563,141.255,2.031
2010-09-11 16:15:00,39.0,342.0,285.0,102.0,357.0,346.0,0.0,60.0,-999.0,34,92.901,102.77,425.781,6.225,205.673,2.2
2010-09-11 16:30:00,30.0,263.0,286.0,77.0,275.0,349.0,0.0,59.0,994.0,34,93.468,101.06,351.855,6.219,226.44,2.956
2010-09-11 16:45:00,20.0,179.0,286.0,52.0,186.0,354.0,0.0,59.0,985.0,34,94.703,96.74,278.516,6.119,153.45,1.769
2010-09-11 17:00:00,12.0,105.0,287.0,30.0,110.0,361.0,0.0,60.0,939.0,34,95.29,93.92,207.715,6.094,163.238,1.881
2010-09-11 17:15:00,7.0,52.0,285.0,16.0,58.0,350.0,0.0,59.0,-829.0,34,94.045,91.19,140.918,6.75,116.978,2.0
2010-09-11 17:30:00,4.0,20.0,285.0,6.0,22.0,338.0,0.0,59.0,-517.0,34,92.0,88.47,69.336,7.444,84.578,1.212
2010-09-11 17:45:00,3.0,2.0,285.0,1.0,5.0,305.0,0.0,58.0,0.0,34,89.165,85.70999999999998,17.383,8.580999999999998,84.488,1.238
2010-09-11 18:00:00,0.0,-2.0,286.0,-1.0,-3.0,352.0,0.0,59.0,0.0,34,86.421,84.37999999999998,5.859,9.369,76.613,0.894
2010-09-11 18:15:00,0.0,-3.0,285.0,-1.0,-2.0,229.0,0.0,59.0,0.0,34,85.06399999999998,82.69,0.0,9.775,76.095,0.944
2010-09-11 18:30:00,0.0,-2.0,285.0,-1.0,-2.0,21.0,0.0,58.0,0.0,34,84.315,80.84,0.0,9.975,74.67799999999998,1.094
2010-09-11 18:45:00,0.0,-3.0,286.0,-1.0,-2.0,2.0,0.0,58.0,0.0,34,82.09699999999998,74.29999999999998,0.2929999999999999,11.638,73.64199999999998,1.225
2010-09-12 06:00:00,5.0,33.0,286.0,10.0,37.0,370.0,0.0,57.0,714.0,34,61.858,53.08,23.242,36.65,259.38,0.625
2010-09-12 06:15:00,15.0,136.0,284.0,36.0,143.0,392.0,0.0,58.0,-970.0,34,62.546,53.4,110.938,35.638,262.058,0.8689999999999999
2010-09-12 06:30:00,24.0,213.0,285.0,55.0,221.0,395.0,0.0,58.0,993.0,34,64.298,60.26,222.656,33.613,278.078,0.638
2010-09-12 06:45:00,35.0,299.0,284.0,77.0,311.0,398.0,0.0,60.0,999.0,34,66.11,67.19,296.094,31.425,274.68,0.219
2010-09-12 07:00:00,46.0,398.0,284.0,104.0,415.0,392.0,0.0,59.0,999.0,34,68.277,75.61,378.906,28.406,274.635,0.3499999999999999
2010-09-12 07:15:00,40.0,345.0,285.0,94.0,361.0,380.0,0.0,59.0,-996.0,34,70.383,84.53,439.941,26.463,220.928,0.881
2010-09-12 07:30:00,55.0,476.0,285.0,132.0,499.0,373.0,0.0,59.0,997.0,34,72.56,90.98,527.051,23.481,151.672,0.7249999999999999
2010-09-12 07:45:00,70.0,607.0,288.0,169.0,637.0,373.0,0.0,59.0,-999.0,34,74.46299999999998,96.03,529.004,20.431,147.645,0.525
2010-09-12 08:00:00,77.0,669.0,286.0,198.0,700.0,350.0,0.0,55.0,-999.0,34,75.982,101.75,685.742,17.838,83.272,0.95
2010-09-12 08:15:00,83.0,727.0,289.0,214.0,764.0,353.0,0.0,56.0,-998.0,34,77.79399999999998,108.28,745.801,15.875,89.775,1.587
2010-09-12 08:30:00,90.0,779.0,287.0,231.0,816.0,348.0,0.0,59.0,-999.0,34,79.22199999999998,114.69,820.801,15.256,190.17,1.281
2010-09-12 08:45:00,81.0,708.0,288.0,212.0,743.0,346.0,0.0,59.0,998.0,34,80.68,119.69,818.945,14.081,156.6,0.8499999999999999
2010-09-12 09:00:00,103.0,895.0,286.0,278.0,938.0,333.0,0.0,60.0,-1000.0,34,81.905,119.61,907.129,11.531,157.185,1.2
2010-09-12 09:15:00,101.0,873.0,287.0,263.0,916.0,344.0,0.0,60.0,-999.0,34,82.766,112.67,773.73,10.744,115.673,1.887
2010-09-12 09:30:00,108.0,930.0,286.0,288.0,976.0,335.0,0.0,60.0,-999.0,34,83.05899999999998,107.89,889.1599999999999,10.606,118.845,1.806
2010-09-12 09:45:00,110.0,950.0,286.0,310.0,995.0,318.0,0.0,61.0,-999.0,34,84.031,118.6,1051.563,8.944,123.84,1.931
2010-09-12 10:00:00,114.0,978.0,285.0,320.0,1027.0,317.0,0.0,58.0,-999.0,34,85.51,119.47,1076.855,7.894,95.625,3.237
2010-09-12 10:15:00,114.0,986.0,287.0,321.0,1035.0,319.0,0.0,61.0,-998.0,34,86.613,113.55,1121.094,8.356,122.513,2.381
2010-09-12 10:30:00,116.0,995.0,286.0,324.0,1040.0,318.0,0.0,58.0,-999.0,34,87.626,116.32,1145.313,8.175,113.962,1.644
2010-09-12 10:45:00,117.0,1004.0,286.0,328.0,1054.0,317.0,0.0,60.0,-999.0,34,88.36499999999998,115.06,1174.316,7.8,96.615,2.137
2010-09-12 11:00:00,118.0,1016.0,286.0,331.0,1066.0,318.0,0.0,60.0,-999.0,34,89.772,116.81,1187.5,8.106,155.79,2.956
2010-09-12 11:15:00,118.0,1017.0,287.0,330.0,1067.0,319.0,0.0,59.0,-999.0,34,90.916,116.35,1197.168,7.681,145.125,2.575
2010-09-12 11:30:00,118.0,1012.0,286.0,330.0,1061.0,318.0,0.0,62.0,-1000.0,34,91.018,114.13,1203.906,7.631,152.033,2.081
2010-09-12 11:45:00,117.0,1007.0,286.0,324.0,1055.0,322.0,0.0,59.0,-999.0,34,91.817,112.12,1204.395,7.631,157.568,2.387
2010-09-12 12:00:00,117.0,1011.0,286.0,329.0,1059.0,318.0,0.0,59.0,-999.0,34,92.344,112.95,1197.852,7.788,131.648,2.463
2010-09-12 12:15:00,117.0,1007.0,285.0,328.0,1055.0,318.0,0.0,61.0,-999.0,34,92.911,111.77,1193.848,7.918999999999999,141.908,3.013
2010-09-12 12:30:00,117.0,1004.0,286.0,324.0,1053.0,321.0,0.0,61.0,-999.0,34,93.802,110.17,1184.961,7.530999999999999,160.628,2.969
2010-09-12 12:45:00,112.0,973.0,287.0,316.0,1019.0,319.0,0.0,59.0,1000.0,34,94.744,110.54,1159.961,6.981,155.7,2.781
2010-09-12 13:00:00,111.0,961.0,286.0,313.0,1007.0,318.0,0.0,58.0,-999.0,34,94.663,112.83,1141.699,6.938,113.063,2.919
2010-09-12 13:15:00,108.0,928.0,286.0,299.0,974.0,322.0,0.0,59.0,999.0,34,95.493,114.53,1107.227,6.444,146.565,2.506
2010-09-12 13:30:00,106.0,911.0,285.0,298.0,955.0,316.0,0.0,61.0,999.0,34,97.518,117.07,1071.777,6.219,161.685,2.531
2010-09-12 13:45:00,102.0,880.0,285.0,287.0,920.0,317.0,0.0,62.0,999.0,34,97.994,116.26,1030.371,5.856,175.05,3.144
2010-09-12 14:00:00,99.0,847.0,285.0,268.0,888.0,327.0,0.0,60.0,998.0,34,97.821,113.91,984.277,6.1,166.253,3.156
2010-09-12 14:15:00,93.0,795.0,284.0,253.0,833.0,325.0,0.0,59.0,999.0,34,97.983,115.1,933.7890000000002,5.9,147.533,2.175
2010-09-12 14:30:00,89.0,761.0,284.0,244.0,796.0,322.0,0.0,58.0,999.0,34,97.923,111.02,878.125,6.244,172.08,3.581
2010-09-12 14:45:00,84.0,723.0,284.0,225.0,757.0,332.0,0.0,59.0,999.0,34,97.639,106.84,819.8239999999998,6.344,138.96,4.394
2010-09-12 15:00:00,78.0,668.0,284.0,209.0,698.0,329.0,0.0,61.0,999.0,34,96.971,103.51,758.105,6.306,156.082,3.913
2010-09-12 15:15:00,71.0,611.0,284.0,182.0,639.0,346.0,0.0,58.0,999.0,34,96.951,103.26,692.09,6.081,157.343,3.563
2010-09-12 15:30:00,64.0,546.0,283.0,167.0,568.0,337.0,0.0,57.0,999.0,34,96.323,102.81,624.902,6.231,117.315,3.487
2010-09-12 15:45:00,56.0,481.0,283.0,143.0,502.0,345.0,0.0,60.0,999.0,34,96.181,101.14,557.813,6.325,154.238,3.856
2010-09-12 16:00:00,47.0,409.0,283.0,120.0,426.0,350.0,0.0,60.0,996.0,34,95.959,100.19,486.035,6.431,148.095,3.419
2010-09-12 16:15:00,38.0,332.0,283.0,97.0,345.0,351.0,0.0,60.0,995.0,34,95.564,99.39,412.598,6.331,138.285,3.375
2010-09-12 16:30:00,29.0,251.0,284.0,72.0,261.0,360.0,0.0,59.0,994.0,34,95.746,98.59,339.746,6.231,134.438,3.156
2010-09-12 16:45:00,19.0,166.0,284.0,48.0,174.0,358.0,0.0,59.0,983.0,34,97.305,97.81,267.285,5.95,131.805,2.631
2010-09-12 17:00:00,11.0,98.0,284.0,28.0,103.0,359.0,0.0,59.0,935.0,34,97.73,96.82,200.195,5.644,114.952,2.981
2010-09-12 17:15:00,6.0,47.0,285.0,14.0,52.0,365.0,0.0,58.0,-795.0,34,96.88,95.17,135.352,6.212,131.378,2.163
2010-09-12 17:30:00,3.0,16.0,283.0,5.0,18.0,358.0,0.0,60.0,461.0,34,95.624,93.71,65.723,7.019,140.985,1.8
2010-09-12 17:45:00,3.0,0.0,284.0,1.0,4.0,303.0,0.0,58.0,0.0,34,92.82,92.12,13.965,8.156,121.612,2.019
2010-09-12 18:00:00,10.0,-6.0,284.0,-2.0,-6.0,335.0,0.0,59.0,60.0,34,90.349,89.86,5.273,8.9,100.417,1.613
2010-09-12 18:15:00,0.0,-2.0,285.0,-2.0,-2.0,196.0,0.0,59.0,0.0,34,88.851,87.39,1.074,9.95,104.017,1.356
2010-09-12 18:30:00,0.0,-3.0,285.0,-2.0,-2.0,13.0,0.0,58.0,0.0,34,86.512,82.7,0.391,11.075,148.297,0.975
2010-09-12 18:45:00,0.0,-2.0,286.0,-1.0,-2.0,1.0,0.0,58.0,0.0,34,84.811,77.29999999999998,0.2929999999999999,11.612,174.33,0.8
2010-09-13 06:00:00,7.0,56.0,286.0,16.0,62.0,378.0,0.0,59.0,-839.0,34,66.94,60.29,16.211,32.306,305.483,1.131
2010-09-13 06:15:00,14.0,120.0,286.0,31.0,125.0,392.0,0.0,60.0,956.0,34,67.71,60.23,106.934,32.113,285.097,1.106
2010-09-13 06:30:00,22.0,194.0,286.0,50.0,201.0,394.0,0.0,59.0,-979.0,34,68.246,65.16,211.816,32.669,263.7,1.262
2010-09-13 06:45:00,31.0,274.0,286.0,73.0,287.0,391.0,0.0,60.0,990.0,34,69.856,71.92,283.105,27.7,288.518,1.956
2010-09-13 07:00:00,40.0,348.0,285.0,90.0,365.0,400.0,0.0,59.0,996.0,34,71.507,78.79999999999998,358.105,25.987,299.205,2.919
2010-09-13 07:15:00,50.0,433.0,284.0,117.0,452.0,382.0,0.0,60.0,996.0,34,73.096,85.51,422.363,24.738,301.365,1.275
2010-09-13 07:30:00,58.0,506.0,285.0,139.0,531.0,377.0,0.0,55.0,999.0,34,74.91899999999998,93.59,499.023,21.788,285.143,1.606
2010-09-13 07:45:00,65.0,565.0,285.0,154.0,595.0,381.0,0.0,55.0,999.0,34,76.721,99.8,577.441,19.869,146.565,1.856
2010-09-13 08:00:00,75.0,645.0,284.0,189.0,675.0,354.0,0.0,58.0,-999.0,34,78.26,103.04,644.824,18.612,200.295,2.363
2010-09-13 08:15:00,81.0,699.0,287.0,207.0,731.0,349.0,0.0,57.0,999.0,34,79.546,109.15,714.551,17.844,99.473,1.925
2010-09-13 08:30:00,86.0,742.0,285.0,228.0,777.0,337.0,0.0,59.0,998.0,34,80.771,114.06,777.246,17.369,37.215,1.225
2010-09-13 08:45:00,91.0,788.0,286.0,240.0,826.0,340.0,0.0,58.0,999.0,34,82.17799999999998,113.71,834.277,16.987,133.763,1.475
2010-09-13 09:00:00,96.0,827.0,285.0,255.0,866.0,336.0,0.0,61.0,999.0,34,83.393,119.74,890.4299999999998,16.025,138.42,1.987
2010-09-13 09:15:00,100.0,861.0,285.0,276.0,903.0,324.0,0.0,60.0,-999.0,34,84.781,115.16,943.262,15.244,108.698,1.962
2010-09-13 09:30:00,104.0,891.0,284.0,284.0,935.0,326.0,0.0,61.0,999.0,34,86.238,114.37,988.965,15.119,162.135,1.719
2010-09-13 09:45:00,107.0,915.0,285.0,300.0,959.0,316.0,0.0,61.0,998.0,34,87.17,110.9,1030.566,15.031,139.32,1.737
2010-09-13 10:00:00,109.0,938.0,285.0,305.0,982.0,318.0,0.0,58.0,999.0,34,88.385,114.57,1067.48,14.438,144.27,2.05
2010-09-13 10:15:00,111.0,957.0,287.0,311.0,1003.0,318.0,0.0,59.0,999.0,34,89.65099999999998,118.0,1099.609,14.125,108.383,2.056
2010-09-13 10:30:00,113.0,973.0,286.0,317.0,1020.0,318.0,0.0,60.0,999.0,34,90.805,112.66,1128.125,13.869,122.603,2.669
2010-09-13 10:45:00,115.0,993.0,286.0,324.0,1040.0,318.0,0.0,59.0,999.0,34,91.736,115.23,1151.27,13.581,100.665,3.194
2010-09-13 11:00:00,116.0,996.0,285.0,326.0,1046.0,316.0,0.0,60.0,-999.0,34,92.668,114.6,1167.48,13.288,140.558,2.825
2010-09-13 11:15:00,116.0,996.0,286.0,325.0,1043.0,317.0,0.0,59.0,1000.0,34,93.913,116.69,1177.246,12.506,132.142,2.669
2010-09-13 11:30:00,115.0,995.0,287.0,324.0,1042.0,318.0,0.0,60.0,999.0,34,94.754,114.2,1183.105,12.05,160.492,2.594
2010-09-13 11:45:00,114.0,986.0,286.0,322.0,1034.0,318.0,0.0,59.0,1000.0,34,95.594,113.03,1176.562,11.662,127.125,2.981
2010-09-13 12:00:00,118.0,1012.0,286.0,330.0,1063.0,318.0,0.0,61.0,999.0,34,97.346,125.01,1177.539,10.337,175.522,4.2
2010-09-13 12:15:00,121.0,1038.0,285.0,338.0,1088.0,318.0,0.0,60.0,-999.0,34,98.834,126.67,1176.367,9.269,200.093,7.638
2010-09-13 12:30:00,119.0,1022.0,284.0,334.0,1071.0,316.0,0.0,60.0,999.0,34,98.287,121.69,1162.305,9.337,221.558,8.843999999999998
2010-09-13 12:45:00,117.0,1003.0,284.0,318.0,1053.0,327.0,0.0,61.0,1000.0,34,98.419,121.69,1140.039,9.231000000000002,221.67,8.513
2010-09-13 13:00:00,114.0,980.0,285.0,314.0,1027.0,323.0,0.0,60.0,999.0,34,98.956,123.1,1119.727,8.663,219.532,7.731
2010-09-13 13:15:00,109.0,941.0,286.0,307.0,986.0,317.0,0.0,59.0,999.0,34,99.28,124.77,1084.57,8.319,208.013,6.006
2010-09-13 13:30:00,106.0,915.0,285.0,288.0,958.0,328.0,0.0,59.0,999.0,34,100.444,124.2,1051.074,7.875,178.965,5.831
2010-09-13 13:45:00,104.0,892.0,284.0,286.0,934.0,322.0,0.0,61.0,999.0,34,101.244,118.13,1012.793,7.788,181.102,5.15
2010-09-13 14:00:00,100.0,851.0,283.0,258.0,895.0,342.0,0.0,61.0,-999.0,34,100.95,121.98,974.219,7.788,209.543,6.319
2010-09-13 14:15:00,98.0,845.0,285.0,263.0,884.0,332.0,0.0,61.0,999.0,34,100.312,121.95,933.008,7.969,219.51,6.888
2010-09-13 14:30:00,94.0,807.0,284.0,254.0,845.0,329.0,0.0,61.0,998.0,34,100.484,121.09,887.793,7.775,202.073,5.012
2010-09-13 14:45:00,86.0,733.0,284.0,233.0,768.0,325.0,0.0,60.0,999.0,34,101.355,121.61,852.832,7.4,206.978,5.0
2010-09-13 15:00:00,81.0,696.0,284.0,216.0,729.0,333.0,0.0,60.0,1000.0,34,101.618,118.21,786.0349999999999,6.85,195.75,6.45
2010-09-13 15:15:00,70.0,602.0,284.0,180.0,630.0,346.0,0.0,61.0,999.0,34,100.484,116.28,694.629,6.65,223.448,7.362
2010-09-13 15:30:00,63.0,542.0,284.0,164.0,568.0,341.0,0.0,58.0,997.0,34,99.968,114.17,617.969,6.988,218.723,6.656
2010-09-13 15:45:00,54.0,468.0,284.0,134.0,492.0,361.0,0.0,59.0,999.0,34,99.786,112.43,551.855,6.638,246.308,6.544
2010-09-13 16:00:00,47.0,405.0,284.0,120.0,422.0,348.0,0.0,59.0,-996.0,34,98.895,108.23,480.664,7.05,204.435,7.224999999999999
2010-09-13 16:15:00,37.0,325.0,285.0,96.0,340.0,348.0,0.0,60.0,995.0,34,98.135,105.46,407.813,7.469,226.665,7.55
2010-09-13 16:30:00,28.0,247.0,284.0,73.0,260.0,350.0,0.0,60.0,-989.0,34,97.862,102.7,335.059,7.425,227.16,7.631
2010-09-13 16:45:00,19.0,162.0,281.0,48.0,168.0,341.0,0.0,59.0,983.0,34,99.209,100.9,263.867,6.75,237.578,6.906
2010-09-13 17:00:00,11.0,93.0,283.0,28.0,98.0,344.0,0.0,59.0,932.0,34,99.28,99.18,195.508,6.612,237.533,6.8
2010-09-13 17:15:00,6.0,43.0,285.0,14.0,47.0,336.0,0.0,58.0,780.0,34,98.53,96.82,129.004,7.244,255.443,5.825
2010-09-13 17:30:00,3.0,13.0,285.0,5.0,16.0,333.0,0.0,58.0,384.0,34,96.941,93.73,55.176,8.330999999999998,257.243,5.031
2010-09-13 17:45:00,10.0,-6.0,284.0,-2.0,-6.0,367.0,0.0,58.0,62.0,34,93.944,90.71,12.207,9.931,256.68,5.087
2010-09-13 18:00:00,0.0,-3.0,285.0,-1.0,-5.0,328.0,0.0,59.0,0.0,34,91.311,87.81,4.688,11.194,255.15,3.663
2010-09-13 18:15:00,0.0,-3.0,286.0,-1.0,-2.0,165.0,0.0,59.0,0.0,34,89.732,84.84,1.172,12.181,255.915,2.75
2010-09-13 18:30:00,0.0,-3.0,287.0,-1.0,-2.0,10.0,0.0,58.0,0.0,34,88.729,82.58,0.5859999999999999,12.813,266.31,2.175
2010-09-13 18:45:00,0.0,-2.0,287.0,-1.0,-2.0,1.0,0.0,58.0,0.0,34,88.051,81.34,0.4879999999999999,13.325,272.453,2.444
2010-09-14 06:00:00,6.0,48.0,286.0,16.0,51.0,307.0,0.0,57.0,782.0,34,71.334,65.95,0.0,35.588,138.6,0.638
2010-09-14 06:15:00,12.0,98.0,286.0,33.0,103.0,313.0,0.0,59.0,923.0,34,72.22499999999998,66.86,98.145,34.944,288.518,2.119
2010-09-14 06:30:00,21.0,184.0,286.0,49.0,194.0,390.0,0.0,60.0,-978.0,34,72.772,71.41,205.273,34.438,310.253,2.15
2010-09-14 06:45:00,30.0,263.0,286.0,69.0,276.0,392.0,0.0,59.0,989.0,34,74.251,77.28,275.293,32.569,304.763,2.619
2010-09-14 07:00:00,39.0,345.0,287.0,92.0,363.0,391.0,0.0,58.0,-996.0,34,75.587,83.29,353.32,31.188,235.733,2.075
2010-09-14 07:15:00,49.0,430.0,286.0,118.0,448.0,375.0,0.0,56.0,999.0,34,77.45999999999998,87.12999999999998,420.801,30.3,166.59,1.775
2010-09-14 07:30:00,58.0,508.0,286.0,141.0,531.0,372.0,0.0,59.0,999.0,34,79.921,93.97,502.734,27.519,180.923,2.75
2010-09-14 07:45:00,67.0,585.0,287.0,167.0,615.0,363.0,0.0,61.0,997.0,34,81.89499999999998,99.26,583.398,23.713,194.873,4.337
2010-09-14 08:00:00,76.0,656.0,286.0,189.0,685.0,359.0,0.0,56.0,-999.0,34,83.38299999999998,102.37,654.59,22.019,207.428,5.344
2010-09-14 08:15:00,82.0,712.0,288.0,205.0,746.0,359.0,0.0,56.0,999.0,34,84.396,105.87,725.195,20.575,192.15,4.931
2010-09-14 08:30:00,89.0,766.0,286.0,223.0,804.0,357.0,0.0,60.0,999.0,34,85.29699999999998,109.05,785.84,18.988,204.142,6.106
2010-09-14 08:45:00,95.0,826.0,286.0,248.0,865.0,345.0,0.0,57.0,1000.0,34,86.39,110.88,848.34,17.144,222.21,7.169
2010-09-14 09:00:00,101.0,874.0,286.0,265.0,919.0,343.0,0.0,57.0,-999.0,34,87.099,111.67,910.547,16.038,227.228,8.093999999999998
2010-09-14 09:15:00,105.0,915.0,288.0,280.0,959.0,339.0,0.0,59.0,999.0,34,88.051,114.96,967.773,14.85,234.698,8.044
2010-09-14 09:30:00,109.0,947.0,287.0,288.0,993.0,340.0,0.0,61.0,-1000.0,34,88.79,117.37,1015.43,13.813,222.953,7.081
2010-09-14 09:45:00,112.0,970.0,287.0,305.0,1016.0,329.0,0.0,58.0,-999.0,34,89.671,120.32,1057.129,13.131,231.975,6.5
2010-09-14 10:00:00,114.0,986.0,286.0,314.0,1035.0,325.0,0.0,61.0,-999.0,34,90.663,122.57,1096.484,12.044,232.605,6.212
2010-09-14 10:15:00,117.0,1012.0,286.0,325.0,1059.0,322.0,0.0,58.0,999.0,34,91.119,122.42,1130.664,10.869,237.24,7.131
2010-09-14 10:30:00,119.0,1032.0,287.0,323.0,1084.0,331.0,0.0,61.0,999.0,34,91.301,122.57,1159.18,10.631,234.923,8.093999999999998
2010-09-14 10:45:00,121.0,1049.0,288.0,340.0,1098.0,320.0,0.0,60.0,999.0,34,91.817,120.99,1178.516,10.45,218.88,7.131
2010-09-14 11:00:00,123.0,1061.0,287.0,342.0,1112.0,321.0,0.0,59.0,-999.0,34,92.394,122.6,1194.336,9.6,223.245,7.188
2010-09-14 11:15:00,124.0,1065.0,287.0,345.0,1116.0,319.0,0.0,59.0,1000.0,34,93.225,121.69,1204.98,8.519,223.943,7.925
2010-09-14 11:30:00,123.0,1063.0,287.0,345.0,1115.0,319.0,0.0,59.0,999.0,34,93.782,123.08,1211.133,7.925,227.318,7.431
2010-09-14 11:45:00,124.0,1069.0,286.0,348.0,1123.0,318.0,0.0,61.0,999.0,34,94.207,121.11,1212.5,7.006,240.323,8.65
2010-09-14 11:48:30,,,,,,,160.0,,,34,78.08799999999998,121.28,1213.867,10.813,226.035,7.538
2010-09-14 11:48:38,0.0,-2.0,288.0,-1.0,-3.0,426.0,0.0,57.0,0.0,34,,,,,,
2010-09-14 12:00:00,122.0,1054.0,286.0,343.0,1104.0,319.0,0.0,60.0,999.0,34,94.804,123.21,1210.742,7.031,245.048,7.675
2010-09-14 12:15:00,123.0,1054.0,285.0,333.0,1105.0,328.0,0.0,60.0,999.0,34,95.29,123.08,1200.586,7.094,233.73,7.849999999999999
2010-09-14 12:30:00,122.0,1046.0,285.0,333.0,1100.0,326.0,0.0,60.0,999.0,34,95.503,121.07,1190.43,6.756,227.565,8.705999999999998
2010-09-14 12:45:00,120.0,1030.0,285.0,325.0,1082.0,329.0,0.0,59.0,1000.0,34,95.979,121.2,1171.484,6.031,248.58,8.913
2010-09-14 13:00:00,118.0,1015.0,284.0,324.0,1065.0,325.0,0.0,60.0,-999.0,34,96.212,120.57,1148.34,6.069,237.915,9.313
2010-09-14 13:15:00,115.0,988.0,286.0,309.0,1038.0,331.0,0.0,60.0,999.0,34,96.191,119.24,1119.922,6.194,222.548,8.211999999999998
2010-09-14 13:30:00,0.0,-2.0,284.0,-2.0,-2.0,425.0,0.0,57.0,0.0,34,96.455,119.16,1086.621,6.156,222.908,8.287
2010-09-14 13:45:00,0.0,-2.0,283.0,-2.0,-2.0,420.0,0.0,57.0,0.0,34,96.698,121.51,1046.094,5.775,232.988,7.088
2010-09-14 14:00:00,0.0,-3.0,283.0,-1.0,-2.0,421.0,0.0,57.0,0.0,34,97.042,122.57,996.582,6.262,241.29,7.694
2010-09-14 14:15:00,0.0,-2.0,283.0,-2.0,-2.0,422.0,0.0,57.0,0.0,34,97.224,121.83,945.41,6.381,245.903,7.349999999999999
2010-09-14 14:27:16,,,,,,,160.0,,,34,80.751,119.61,870.996,10.706,204.39,7.211999999999998
2010-09-14 14:27:24,0.0,-3.0,288.0,-2.0,-2.0,425.0,0.0,53.0,0.0,34,,,,,,
2010-09-14 14:30:00,0.0,-3.0,286.0,-1.0,-2.0,424.0,0.0,52.0,0.0,34,97.143,119.62,865.234,6.588,212.4,5.456
2010-09-14 14:45:00,0.0,-2.0,282.0,-2.0,-2.0,425.0,0.0,53.0,0.0,34,97.66,120.16,830.469,6.35,216.765,5.862
2010-09-14 15:00:00,0.0,-2.0,282.0,-2.0,-2.0,428.0,0.0,54.0,0.0,34,97.143,116.26,770.605,6.469,218.88,7.619
2010-09-14 15:15:00,0.0,-2.0,283.0,-2.0,-2.0,429.0,0.0,54.0,0.0,34,96.526,113.0,707.715,5.6,219.735,8.15
2010-09-14 15:30:00,0.0,-2.0,283.0,-2.0,-2.0,429.0,0.0,54.0,0.0,34,96.161,110.77,636.23,6.131,217.44,7.156
2010-09-14 15:45:00,0.0,-3.0,283.0,-2.0,-2.0,430.0,0.0,54.0,0.0,34,95.817,108.8,566.797,5.931,216.63,7.038
2010-09-14 16:00:00,0.0,-3.0,283.0,-2.0,-2.0,431.0,0.0,54.0,0.0,34,95.584,105.93,496.191,5.819,223.088,7.569
2010-09-14 16:15:00,0.0,-3.0,284.0,-2.0,-2.0,432.0,0.0,54.0,0.0,34,94.754,102.54,420.996,5.7,219.398,8.731
2010-09-14 16:30:00,0.0,-2.0,282.0,-2.0,-2.0,429.0,0.0,54.0,0.0,34,94.521,100.98,346.973,5.206,232.65,7.469
2010-09-14 16:45:00,0.0,-3.0,283.0,-2.0,-2.0,426.0,0.0,54.0,0.0,34,96.08,99.2,274.121,4.506,233.348,7.031
2010-09-14 17:00:00,0.0,-3.0,286.0,-2.0,-2.0,420.0,0.0,54.0,0.0,34,96.272,96.61,203.516,5.056,227.723,7.131
2010-09-14 17:15:00,0.0,-3.0,285.0,-2.0,-2.0,409.0,0.0,53.0,0.0,34,95.483,93.97,133.398,6.094,237.015,7.125
2010-09-14 17:30:00,0.0,-2.0,284.0,-2.0,-2.0,388.0,0.0,53.0,0.0,34,93.964,91.32,49.707,7.025,233.348,7.937999999999999
2010-09-14 17:45:00,0.0,-2.0,285.0,-2.0,-2.0,367.0,0.0,53.0,0.0,34,91.048,89.23,11.523,8.763,232.133,8.819
2010-09-14 18:00:00,0.0,-2.0,284.0,-2.0,-2.0,321.0,0.0,52.0,0.0,34,89.033,87.79999999999998,4.492,9.325,234.788,9.1
2010-09-14 18:15:00,0.0,-3.0,285.0,-2.0,-2.0,142.0,0.0,52.0,0.0,34,88.233,86.93,1.172,9.05,235.485,9.113
2010-09-14 18:30:00,0.0,-2.0,285.0,-2.0,-2.0,9.0,0.0,52.0,0.0,34,87.757,85.98,0.4879999999999999,8.913,234.878,7.719
2010-09-14 18:45:00,0.0,-3.0,286.0,-2.0,-2.0,3.0,0.0,51.0,0.0,34,87.028,85.01,0.391,8.849999999999998,232.38,6.75
2010-09-15 06:00:00,0.0,-3.0,286.0,-2.0,-2.0,446.0,0.0,39.0,0.0,34,62.536,52.08,17.48,27.169,280.98,1.369
2010-09-15 06:15:00,0.0,-2.0,285.0,-2.0,-2.0,453.0,0.0,39.0,0.0,34,64.024,55.83,96.094,27.588,270.743,1.856
2010-09-15 06:30:00,0.0,-2.0,284.0,-2.0,-2.0,456.0,0.0,39.0,0.0,34,65.503,62.49,212.793,28.275,258.93,0.975
2010-09-15 06:45:00,0.0,-2.0,284.0,-2.0,-2.0,456.0,0.0,38.0,0.0,34,67.659,69.56,283.887,21.25,299.34,2.019
2010-09-15 07:00:00,0.0,-2.0,284.0,-1.0,-2.0,453.0,0.0,38.0,0.0,34,69.866,77.69,361.133,17.869,315.63,2.137
2010-09-15 07:15:00,0.0,-2.0,286.0,-2.0,-2.0,449.0,0.0,38.0,0.0,34,71.416,85.87999999999998,422.949,18.1,289.463,1.088
2010-09-15 07:30:00,0.0,-2.0,285.0,-2.0,-2.0,445.0,0.0,38.0,0.0,34,72.813,95.07,501.172,19.262,199.733,0.75
2010-09-15 07:45:00,0.0,-2.0,285.0,-2.0,-2.0,441.0,0.0,38.0,0.0,34,74.676,101.03,578.32,18.4,307.8,1.675
2010-09-15 08:00:00,0.0,-3.0,284.0,-2.0,-2.0,436.0,0.0,38.0,0.0,34,76.336,108.95,646.484,16.556,250.493,1.406
2010-09-15 08:15:00,0.0,-2.0,286.0,-2.0,-2.0,432.0,0.0,38.0,0.0,34,77.561,116.45,715.234,15.163,238.297,1.388
2010-09-15 08:30:00,0.0,-2.0,284.0,-2.0,-2.0,428.0,0.0,38.0,0.0,34,79.141,116.23,780.664,13.769,88.965,0.925
2010-09-15 08:45:00,0.0,-2.0,283.0,-2.0,-2.0,424.0,0.0,37.0,0.0,34,80.65,117.69,841.797,12.163,109.148,1.294
2010-09-15 09:00:00,0.0,-3.0,284.0,-2.0,-2.0,421.0,0.0,37.0,0.0,34,81.89499999999998,118.02,898.438,11.587,158.918,1.281
2010-09-15 09:15:00,0.0,-3.0,284.0,-1.0,-2.0,419.0,0.0,37.0,0.0,34,83.322,105.93,950.293,9.763000000000002,158.04,2.081
2010-09-15 09:30:00,0.0,-2.0,283.0,-2.0,-2.0,417.0,0.0,37.0,0.0,34,84.143,106.53,998.828,9.05,120.33,2.063
2010-09-15 09:45:00,0.0,-2.0,283.0,-2.0,-2.0,413.0,0.0,37.0,0.0,34,85.186,114.68,1042.871,8.824999999999998,119.295,1.819
2010-09-15 10:00:00,0.0,-2.0,282.0,-2.0,-2.0,412.0,0.0,37.0,0.0,34,86.411,117.59,1083.203,9.125,140.94,1.987
2010-09-15 10:15:00,0.0,-2.0,286.0,-2.0,-2.0,410.0,0.0,37.0,0.0,34,87.36199999999998,117.72,1118.75,9.063,154.53,1.669
2010-09-15 10:30:00,0.0,-3.0,285.0,-2.0,-2.0,407.0,0.0,37.0,0.0,34,88.506,119.01,1151.465,9.669,114.66,2.194
2010-09-15 10:45:00,0.0,-2.0,285.0,-2.0,-2.0,406.0,0.0,37.0,0.0,34,89.59,122.37,1177.832,10.156,135.607,2.463
2010-09-15 11:00:00,0.0,-3.0,285.0,-2.0,-2.0,405.0,0.0,37.0,0.0,34,90.511,123.02,1198.633,10.713,145.868,2.25
2010-09-15 11:15:00,0.0,-2.0,284.0,-2.0,-2.0,404.0,0.0,37.0,0.0,34,91.878,120.51,1210.84,10.406,174.78,2.069
2010-09-15 11:30:00,0.0,-2.0,283.0,-2.0,-2.0,404.0,0.0,37.0,0.0,34,92.182,117.41,1214.355,9.956,125.91,2.637
2010-09-15 11:45:00,0.0,-2.0,283.0,-2.0,-2.0,405.0,0.0,36.0,0.0,34,93.215,117.69,1222.266,9.175,181.215,2.631
2010-09-15 12:00:00,0.0,-2.0,283.0,-2.0,-2.0,402.0,0.0,36.0,0.0,34,93.893,120.01,1218.262,8.025,154.08,2.037
2010-09-15 12:15:00,0.0,-2.0,284.0,-2.0,-2.0,402.0,0.0,36.0,0.0,34,95.422,133.71,1218.75,6.631,219.037,2.9
2010-09-15 12:30:00,0.0,-3.0,284.0,-2.0,-2.0,404.0,0.0,36.0,0.0,34,95.746,125.06,1200.488,6.462,145.418,2.756
2010-09-15 12:45:00,0.0,-2.0,283.0,-2.0,-2.0,405.0,0.0,36.0,0.0,34,95.867,120.67,1178.711,5.456,172.755,2.5
2010-09-15 13:00:00,0.0,-2.0,283.0,-2.0,-2.0,407.0,0.0,36.0,0.0,34,97.012,122.71,1147.07,4.188,177.12,2.987
2010-09-15 13:15:00,0.0,-2.0,283.0,-2.0,-2.0,405.0,0.0,36.0,0.0,34,97.295,121.79,1114.844,4.475,193.995,2.8
2010-09-15 13:30:00,0.0,-3.0,283.0,-2.0,-2.0,405.0,0.0,36.0,0.0,34,97.923,129.71,1074.219,5.188,175.905,2.6
2010-09-15 13:45:00,0.0,-3.0,282.0,-2.0,-2.0,411.0,0.0,36.0,0.0,34,97.913,119.76,1032.617,5.725,124.02,3.669
2010-09-15 14:00:00,0.0,-2.0,283.0,-2.0,-2.0,411.0,0.0,36.0,0.0,34,97.609,117.11,987.695,5.531,163.35,2.181
2010-09-15 14:15:00,0.0,-2.0,282.0,-2.0,-2.0,415.0,0.0,36.0,0.0,34,97.872,108.43,936.133,6.144,155.813,3.656
2010-09-15 14:30:00,0.0,-2.0,283.0,-2.0,-2.0,417.0,0.0,36.0,0.0,34,98.348,109.02,892.676,4.337,152.64,3.594
2010-09-15 14:45:00,0.0,-2.0,282.0,-2.0,-2.0,418.0,0.0,36.0,0.0,34,98.227,111.36,854.004,4.406,120.96,3.681
2010-09-15 15:00:00,0.0,-3.0,282.0,-2.0,-2.0,419.0,0.0,36.0,0.0,34,98.895,106.76,816.211,4.013,145.665,3.456
2010-09-15 15:15:00,0.0,-2.0,284.0,-2.0,-2.0,405.0,0.0,36.0,0.0,34,97.983,105.32,381.152,3.813,136.215,2.756
2010-09-15 15:30:00,0.0,-2.0,284.0,-2.0,-2.0,426.0,0.0,36.0,0.0,34,97.416,104.2,571.387,1.569,196.965,3.663
2010-09-15 15:45:00,0.0,-2.0,284.0,-2.0,-2.0,426.0,0.0,36.0,0.0,34,98.439,113.98,586.914,0.375,225.113,5.137
2010-09-15 16:00:00,0.0,-2.0,284.0,-2.0,-2.0,430.0,0.0,36.0,0.0,34,97.882,111.78,467.773,0.331,223.988,5.569
2010-09-15 16:15:00,0.0,-3.0,284.0,-2.0,-2.0,428.0,0.0,36.0,0.0,34,96.941,107.66,415.625,0.319,238.59,4.156
2010-09-15 16:30:00,0.0,-2.0,285.0,-2.0,-2.0,427.0,0.0,36.0,0.0,34,96.374,104.8,336.816,0.325,243.113,3.787
2010-09-15 16:45:00,0.0,-2.0,286.0,-2.0,-2.0,424.0,0.0,36.0,0.0,34,98.166,101.98,283.887,0.313,224.775,4.2
2010-09-15 17:00:00,0.0,-3.0,285.0,-2.0,-2.0,419.0,0.0,36.0,0.0,34,99.158,99.2,210.156,0.313,253.823,3.763
2010-09-15 17:15:00,0.0,-3.0,284.0,-2.0,-2.0,409.0,0.0,36.0,0.0,34,98.328,95.51,135.742,0.3619999999999999,230.625,3.65
2010-09-15 17:30:00,0.0,-3.0,284.0,-2.0,-2.0,385.0,0.0,36.0,0.0,34,96.505,91.14,40.918,0.462,254.993,3.494
2010-09-15 17:45:00,0.0,-3.0,285.0,-2.0,-2.0,369.0,0.0,36.0,0.0,34,92.05,85.59,10.156,1.737,264.803,2.45
2010-09-15 18:00:00,0.0,-2.0,285.0,-2.0,-2.0,320.0,0.0,36.0,0.0,34,88.81,82.01999999999998,4.004,2.9,263.678,1.7
2010-09-15 18:15:00,0.0,-3.0,286.0,-2.0,-2.0,119.0,0.0,36.0,0.0,34,86.471,78.19,0.977,3.544,243.428,1.625
2010-09-15 18:30:00,0.0,-2.0,287.0,-2.0,-2.0,10.0,0.0,35.0,0.0,34,84.619,75.48999999999998,0.4879999999999999,4.325,248.805,0.95
2010-09-15 18:45:00,0.0,-2.0,288.0,-2.0,-2.0,4.0,0.0,35.0,0.0,34,82.24899999999998,71.9,0.2929999999999999,5.906,255.465,0.4689999999999999
2010-09-16 06:00:00,0.0,-3.0,287.0,-2.0,-2.0,450.0,0.0,34.0,0.0,34,62.333,53.47,17.871,21.669,257.783,0.375
2010-09-16 06:15:00,0.0,-3.0,287.0,-2.0,-2.0,458.0,0.0,34.0,0.0,34,62.526,53.12,92.871,23.175,298.598,0.669
2010-09-16 06:30:00,0.0,-2.0,286.0,-2.0,-2.0,462.0,0.0,34.0,0.0,34,63.052,58.65,220.605,20.019,351.0,0.1189999999999999
2010-09-16 06:45:00,0.0,-3.0,286.0,-2.0,-2.0,460.0,0.0,34.0,0.0,34,64.723,66.2,293.945,20.456,237.15,0.794
2010-09-16 07:00:00,0.0,-2.0,286.0,-2.0,-2.0,457.0,0.0,34.0,0.0,34,67.649,75.23999999999998,373.438,15.631,132.48,1.431
2010-09-16 07:15:00,0.0,-3.0,285.0,-2.0,-2.0,452.0,0.0,34.0,0.0,34,69.735,84.48999999999998,438.574,14.25,65.52,0.8249999999999998
2010-09-16 07:30:00,0.0,-3.0,285.0,-2.0,-2.0,447.0,0.0,34.0,0.0,34,71.102,94.25,518.066,15.081,201.938,1.113
2010-09-16 07:45:00,0.0,-3.0,285.0,-2.0,-2.0,442.0,0.0,34.0,0.0,34,72.65099999999998,101.4,598.145,14.294,187.11,0.6189999999999999
2010-09-16 08:00:00,0.0,-2.0,284.0,-2.0,-2.0,438.0,0.0,34.0,0.0,34,74.402,103.9,665.43,14.525,173.52,1.05
2010-09-16 08:15:00,0.0,-3.0,284.0,-2.0,-2.0,436.0,0.0,34.0,0.0,34,76.164,96.14,730.176,16.375,132.75,1.85
2010-09-16 08:30:00,0.0,-2.0,283.0,-2.0,-2.0,432.0,0.0,34.0,0.0,34,76.83199999999998,99.8,792.2849999999999,14.825,111.555,1.831
2010-09-16 08:45:00,0.0,-3.0,283.0,-2.0,-2.0,428.0,0.0,34.0,0.0,34,77.956,104.88,850.586,14.025,132.188,1.481
2010-09-16 09:00:00,0.0,-3.0,285.0,-2.0,-2.0,424.0,0.0,34.0,0.0,34,79.18099999999998,104.55,908.008,12.975,147.308,1.531
2010-09-16 09:15:00,0.0,-2.0,284.0,-2.0,-2.0,420.0,0.0,34.0,0.0,34,80.629,114.89,964.16,11.125,193.478,1.281
2010-09-16 09:30:00,0.0,-2.0,286.0,-2.0,-2.0,416.0,0.0,34.0,0.0,34,81.79399999999998,131.04,1019.141,9.069,255.938,1.363
2010-09-16 09:45:00,0.0,-3.0,285.0,-2.0,-2.0,413.0,0.0,34.0,0.0,34,83.20099999999998,138.43,1065.82,7.981,252.045,1.781
2010-09-16 10:00:00,0.0,-3.0,285.0,-2.0,-2.0,411.0,0.0,34.0,0.0,34,85.084,138.74,1105.957,7.349999999999999,209.048,1.581
2010-09-16 10:15:00,0.0,-3.0,284.0,-2.0,-2.0,409.0,0.0,34.0,0.0,34,86.542,124.67,1140.527,6.919,135.563,1.587
2010-09-16 10:30:00,0.0,-2.0,283.0,-2.0,-2.0,408.0,0.0,34.0,0.0,34,87.17,125.43,1163.965,6.15,123.93,1.85
2010-09-16 10:45:00,0.0,-3.0,285.0,-2.0,-2.0,406.0,0.0,34.0,0.0,34,88.132,125.8,1191.211,5.431,124.38,1.769
2010-09-16 11:00:00,0.0,-2.0,284.0,-2.0,-2.0,405.0,0.0,34.0,0.0,34,89.27599999999998,119.01,1204.687,4.769,134.348,2.131
2010-09-16 11:15:00,0.0,-2.0,284.0,-2.0,-2.0,403.0,0.0,34.0,0.0,34,90.471,130.17,1218.066,4.513,159.053,1.725
2010-09-16 11:30:00,0.0,-2.0,284.0,-2.0,-2.0,401.0,0.0,34.0,0.0,34,91.504,133.11,1225.488,4.081,111.668,1.275
2010-09-16 11:45:00,0.0,-2.0,283.0,-2.0,-2.0,401.0,0.0,34.0,0.0,34,92.82,135.58,1230.078,3.975,159.593,1.775
2010-09-16 12:00:00,0.0,-2.0,284.0,-2.0,-2.0,401.0,0.0,34.0,0.0,34,93.124,128.0,1224.121,4.075,138.735,1.837
2010-09-16 12:15:00,0.0,-2.0,283.0,-2.0,-2.0,402.0,0.0,34.0,0.0,34,93.923,130.15,1215.82,3.581,172.125,2.319
2010-09-16 12:30:00,0.0,-3.0,282.0,-2.0,-2.0,401.0,0.0,34.0,0.0,34,94.075,126.71,1200.977,3.663,142.043,2.531
2010-09-16 12:45:00,0.0,-2.0,284.0,-2.0,-2.0,403.0,0.0,34.0,0.0,34,95.26,121.37,1185.254,3.156,177.075,2.787
2010-09-16 13:00:00,0.0,-2.0,284.0,-2.0,-2.0,407.0,0.0,34.0,0.0,34,96.1,119.81,1159.961,3.131,154.373,3.106
2010-09-16 13:15:00,0.0,-3.0,284.0,-2.0,-2.0,406.0,0.0,34.0,0.0,34,96.961,129.5,1127.441,1.625,203.333,3.037
2010-09-16 13:30:03,,,,,,,139.0,,,34,97.133,126.66,1092.48,1.519,184.298,2.9
2010-09-16 13:45:06,,,,,,,139.0,,,34,97.204,120.75,1049.219,1.244,157.5,2.512
2010-09-16 14:00:06,,,,,,,139.0,,,34,97.7,120.72,999.512,1.356,184.905,3.438
2010-09-16 14:15:03,,,,,,,139.0,,,34,98.064,117.83,946.582,2.425,156.285,2.931
2010-09-16 14:30:06,,,,,,,139.0,,,34,98.561,115.36,890.039,2.275,178.898,3.519
2010-09-16 14:45:06,,,,,,,139.0,,,34,98.439,114.09,829.297,2.669,175.86,3.844
2010-09-16 15:00:06,,,,,,,139.0,,,34,97.761,107.58,765.1369999999998,2.537,144.203,3.544
2010-09-16 15:15:06,,,,,,,139.0,,,34,97.933,109.01,699.121,2.2,156.825,3.525
2010-09-16 15:30:06,,,,,,,139.0,,,34,97.518,108.25,629.297,2.775,171.315,2.919
2010-09-16 15:45:06,,,,,,,139.0,,,34,97.437,105.36,556.934,3.013,162.135,2.75
2010-09-16 16:00:06,,,,,,,139.0,,,34,96.809,103.24,483.301,2.844,167.49,3.713
2010-09-16 16:15:06,,,,,,,139.0,,,34,96.434,101.27,407.813,3.631,171.99,2.219
2010-09-16 16:30:06,,,,,,,139.0,,,34,95.685,99.59,333.594,3.394,166.68,2.531
2010-09-16 16:45:06,,,,,,,139.0,,,34,96.92,98.28,260.547,3.387,170.64,1.881
2010-09-16 17:00:06,,,,,,,139.0,,,34,98.53,97.14,191.797,2.813,175.455,2.975
2010-09-16 17:15:06,,,,,,,139.0,,,34,97.406,95.0,119.727,3.381,170.438,1.262
2010-09-16 17:30:06,,,,,,,139.0,,,34,95.088,92.85,33.496,4.181,169.897,1.331
2010-09-16 17:45:06,,,,,,,139.0,,,34,91.463,90.75,9.766,5.288,168.39,0.875
2010-09-16 18:00:06,,,,,,,139.0,,,34,89.266,88.33,3.516,5.844,155.34,0.5879999999999999
2010-09-16 18:15:06,,,,,,,139.0,,,34,87.302,83.39,0.684,6.975,76.52299999999998,0.2879999999999999
2010-09-16 18:30:06,,,,,,,139.0,,,34,84.851,76.47,0.391,8.224999999999998,76.16299999999998,0.381
2010-09-16 18:45:06,,,,,,,139.0,,,34,83.464,72.48999999999998,0.391,8.974999999999998,76.16299999999998,0.338
2010-09-17 06:00:06,,,,,,,139.0,,,34,60.784,49.28,18.848,29.138,302.063,1.563
2010-09-17 06:15:06,,,,,,,139.0,,,34,61.736,51.73,84.375,28.669,300.443,1.375
2010-09-17 06:30:06,,,,,,,139.0,,,34,63.417,59.27,210.254,26.231,293.378,2.269
2010-09-17 06:45:06,,,,,,,139.0,,,34,65.685,67.06,283.887,23.044,306.157,1.475
2010-09-17 07:00:06,,,,,,,139.0,,,34,67.72,75.40999999999998,360.84,20.213,304.65,1.719
2010-09-17 07:15:06,,,,,,,139.0,,,34,69.887,83.81,419.141,16.987,232.92,0.7119999999999999
2010-09-17 07:30:06,,,,,,,139.0,,,34,72.539,87.65999999999998,493.652,14.631,81.0,0.769
2010-09-17 07:45:06,,,,,,,139.0,,,34,74.2,96.13,572.363,11.731,106.47,1.369
2010-09-17 08:00:06,,,,,,,139.0,,,34,75.283,102.77,640.234,11.25,109.463,1.425
2010-09-17 08:15:06,,,,,,,139.0,,,34,76.488,109.52,713.477,11.438,85.61199999999998,1.238
2010-09-17 08:30:00,0.0,-2.0,283.0,1.0,0.0,430.0,0.0,29.0,0.0,34,77.784,115.28,780.469,10.956,96.098,0.8629999999999999
2010-09-17 08:45:00,91.0,774.0,283.0,245.0,807.0,327.0,0.0,60.0,999.0,34,79.08,117.47,842.09,9.4,149.783,0.8689999999999999
2010-09-17 09:00:00,96.0,822.0,284.0,250.0,858.0,341.0,0.0,60.0,999.0,34,80.295,121.26,899.316,7.913,250.2,1.094
2010-09-17 09:15:00,100.0,860.0,286.0,270.0,897.0,330.0,0.0,60.0,999.0,34,81.5,127.51,954.102,7.675,266.085,1.375
2010-09-17 09:30:00,104.0,889.0,285.0,279.0,928.0,331.0,0.0,61.0,999.0,34,82.887,119.09,1001.27,7.431,109.44,1.388
2010-09-17 09:45:00,107.0,919.0,285.0,300.0,957.0,317.0,0.0,57.0,999.0,34,84.41599999999998,116.74,1044.043,6.869,94.815,2.075
2010-09-17 10:00:00,109.0,943.0,286.0,306.0,981.0,319.0,0.0,56.0,1000.0,34,85.489,119.66,1082.617,6.744,73.91299999999998,2.144
2010-09-17 10:15:00,112.0,962.0,285.0,313.0,1001.0,318.0,0.0,56.0,999.0,34,86.735,117.25,1114.453,7.013,111.307,1.975
2010-09-17 10:30:00,113.0,973.0,285.0,318.0,1015.0,318.0,0.0,56.0,999.0,34,87.95,117.08,1142.871,6.675,142.178,1.7
2010-09-17 10:45:00,115.0,981.0,284.0,317.0,1024.0,321.0,0.0,58.0,999.0,34,89.033,110.09,1163.672,6.394,143.19,2.437
2010-09-17 11:00:00,116.0,993.0,283.0,325.0,1036.0,317.0,0.0,61.0,1000.0,34,89.985,120.16,1182.031,5.894,148.95,2.363
2010-09-17 11:15:00,116.0,992.0,284.0,324.0,1035.0,317.0,0.0,59.0,-1000.0,34,91.281,116.52,1193.066,6.375,152.28,1.9
2010-09-17 11:30:00,116.0,993.0,284.0,325.0,1036.0,318.0,0.0,61.0,999.0,34,92.658,112.71,1198.73,6.331,159.885,2.65
2010-09-17 11:45:00,116.0,990.0,283.0,325.0,1035.0,316.0,0.0,59.0,1000.0,34,93.113,115.11,1198.926,6.169,156.555,2.287
2010-09-17 12:00:00,116.0,990.0,283.0,325.0,1035.0,316.0,0.0,59.0,999.0,34,93.883,117.53,1193.945,6.344,121.298,2.881
2010-09-17 12:15:00,114.0,974.0,284.0,316.0,1016.0,320.0,0.0,60.0,999.0,34,94.622,110.97,1183.594,6.65,139.658,2.631
2010-09-17 12:30:00,113.0,957.0,282.0,306.0,1000.0,324.0,0.0,59.0,999.0,34,95.392,119.8,1170.703,6.394,154.958,2.656
2010-09-17 12:45:00,113.0,959.0,283.0,311.0,1001.0,320.0,0.0,59.0,999.0,34,96.08,119.24,1151.367,6.425,105.93,3.081
2010-09-17 13:00:00,109.0,931.0,283.0,306.0,973.0,316.0,0.0,59.0,-999.0,34,96.637,121.35,1130.469,5.838,206.483,2.637
2010-09-17 13:15:00,107.0,915.0,285.0,298.0,955.0,319.0,0.0,59.0,999.0,34,97.781,121.72,1099.023,5.637,178.2,2.631
2010-09-17 13:30:00,102.0,877.0,284.0,277.0,914.0,327.0,0.0,59.0,999.0,34,97.983,113.43,1063.477,5.675,151.155,2.619
2010-09-17 13:45:00,100.0,853.0,284.0,273.0,889.0,324.0,0.0,61.0,998.0,34,98.176,113.52,1020.117,5.475,152.775,2.625
2010-09-17 14:00:00,97.0,828.0,284.0,260.0,865.0,330.0,0.0,60.0,999.0,34,98.186,113.75,973.73,5.275,122.715,3.481
2010-09-17 14:15:00,93.0,789.0,283.0,250.0,822.0,327.0,0.0,61.0,999.0,34,98.186,110.07,924.902,5.175,119.07,3.456
2010-09-17 14:30:00,86.0,734.0,282.0,225.0,766.0,338.0,0.0,59.0,999.0,34,98.287,109.99,868.2619999999998,5.05,140.4,2.95
2010-09-17 14:45:00,81.0,688.0,283.0,210.0,718.0,340.0,0.0,61.0,999.0,34,98.986,110.64,807.813,4.931,115.74,2.594
2010-09-17 15:00:00,75.0,643.0,284.0,200.0,670.0,334.0,0.0,61.0,-999.0,34,98.49,105.69,750.293,5.119,132.12,3.163
2010-09-17 15:15:00,68.0,580.0,283.0,175.0,604.0,342.0,0.0,59.0,999.0,34,98.631,107.9,682.715,4.962,108.63,2.675
2010-09-17 15:30:00,60.0,514.0,284.0,157.0,534.0,339.0,0.0,59.0,-999.0,34,98.925,106.8,612.598,4.812,116.55,3.037
2010-09-17 15:45:00,51.0,440.0,284.0,135.0,454.0,333.0,0.0,60.0,999.0,34,98.419,104.51,539.453,4.65,135.068,2.706
2010-09-17 16:00:00,43.0,368.0,284.0,113.0,380.0,335.0,0.0,60.0,-996.0,34,98.216,103.46,465.82,4.044,141.142,2.9
2010-09-17 16:15:00,34.0,292.0,284.0,88.0,301.0,339.0,0.0,59.0,-995.0,34,98.105,101.93,393.457,4.125,156.173,2.706
2010-09-17 16:30:00,25.0,217.0,283.0,65.0,221.0,338.0,0.0,59.0,-993.0,34,97.629,100.59,320.898,3.688,134.888,3.1
2010-09-17 16:45:00,16.0,135.0,283.0,40.0,137.0,339.0,0.0,58.0,970.0,34,98.551,99.94,249.707,2.787,131.782,1.837
2010-09-17 17:00:00,9.0,74.0,283.0,22.0,75.0,334.0,0.0,59.0,-901.0,34,100.009,98.82,181.836,1.094,172.823,3.387
2010-09-17 17:15:00,5.0,32.0,284.0,9.0,32.0,334.0,0.0,58.0,705.0,34,99.472,96.14,110.547,0.5749999999999998,178.943,3.256
2010-09-17 17:30:00,3.0,4.0,284.0,2.0,6.0,342.0,0.0,58.0,0.0,34,97.376,93.07,27.832,1.288,198.9,4.425
2010-09-17 17:45:00,3.0,-5.0,284.0,1.0,5.0,297.0,0.0,58.0,0.0,34,93.903,90.98,9.375,2.575,208.98,4.9
2010-09-17 18:00:00,0.0,-2.0,283.0,1.0,0.0,292.0,0.0,58.0,0.0,34,91.686,88.61,3.125,3.644,213.705,4.144
2010-09-17 18:15:00,0.0,-2.0,284.0,1.0,0.0,64.0,0.0,57.0,0.0,34,90.42,87.09,0.879,4.363,212.063,4.55
2010-09-17 18:30:00,0.0,-3.0,285.0,1.0,0.0,5.0,0.0,56.0,0.0,34,89.337,85.37999999999998,0.5859999999999999,5.556,227.61,3.831
2010-09-17 18:45:00,0.0,-3.0,286.0,1.0,0.0,3.0,0.0,55.0,0.0,34,88.132,83.47,0.5859999999999999,6.638,231.435,3.294
2010-09-18 06:00:00,6.0,49.0,286.0,12.0,51.0,400.0,0.0,55.0,-840.0,34,59.721,48.7,18.359,28.656,290.835,0.4689999999999999
2010-09-18 06:15:00,12.0,109.0,284.0,29.0,110.0,377.0,0.0,58.0,964.0,34,59.934,48.87,73.73,31.069,302.333,0.5749999999999998
2010-09-18 06:30:00,21.0,182.0,284.0,46.0,186.0,402.0,0.0,58.0,985.0,34,61.685,55.03,204.297,28.569,314.55,0.8309999999999998
2010-09-18 06:45:00,30.0,263.0,283.0,67.0,271.0,402.0,0.0,58.0,994.0,34,63.731,63.43,276.367,27.706,272.273,0.456
2010-09-18 07:00:00,40.0,348.0,282.0,90.0,360.0,396.0,0.0,59.0,996.0,34,65.857,71.06,356.348,24.519,275.513,0.769
2010-09-18 07:15:00,50.0,427.0,283.0,114.0,444.0,384.0,0.0,60.0,-996.0,34,68.915,80.01999999999998,424.414,17.813,308.858,1.262
2010-09-18 07:30:00,59.0,504.0,284.0,138.0,525.0,377.0,0.0,60.0,999.0,34,71.324,88.83,497.266,14.387,286.245,1.125
2010-09-18 07:45:00,67.0,573.0,285.0,160.0,599.0,371.0,0.0,61.0,1000.0,34,73.238,97.52,581.25,12.913,307.328,1.388
2010-09-18 08:00:00,74.0,637.0,286.0,187.0,664.0,353.0,0.0,59.0,999.0,34,74.909,103.95,651.172,12.862,99.337,0.8249999999999998
2010-09-18 08:15:00,81.0,695.0,286.0,205.0,725.0,352.0,0.0,60.0,999.0,34,76.59999999999998,111.26,722.754,11.362,300.6,1.4
2010-09-18 08:30:00,86.0,743.0,287.0,222.0,777.0,347.0,0.0,60.0,999.0,34,77.855,118.67,789.258,10.688,304.74,0.931
2010-09-18 08:45:00,92.0,788.0,285.0,239.0,822.0,341.0,0.0,60.0,998.0,34,79.232,121.74,851.172,10.306,39.69,1.25
2010-09-18 09:00:00,97.0,827.0,284.0,251.0,864.0,342.0,0.0,59.0,999.0,34,80.943,117.68,907.617,10.6,159.21,1.425
2010-09-18 09:15:00,101.0,870.0,286.0,268.0,909.0,338.0,0.0,60.0,999.0,34,82.34,111.37,961.23,10.625,103.792,2.025
2010-09-18 09:30:00,104.0,893.0,284.0,271.0,932.0,342.0,0.0,59.0,1000.0,34,83.322,111.56,1010.059,10.269,103.545,2.581
2010-09-18 09:45:00,109.0,927.0,284.0,304.0,966.0,317.0,0.0,61.0,1000.0,34,84.406,117.65,1055.176,9.156,90.113,2.181
2010-09-18 10:00:00,111.0,949.0,285.0,310.0,992.0,318.0,0.0,59.0,-998.0,34,85.429,117.9,1093.945,8.294,110.318,2.537
2010-09-18 10:15:00,113.0,969.0,284.0,317.0,1011.0,317.0,0.0,60.0,-1000.0,34,86.593,111.79,1127.441,8.131,145.395,2.087
2010-09-18 10:30:00,115.0,980.0,284.0,315.0,1024.0,323.0,0.0,59.0,999.0,34,88.04099999999998,117.64,1157.031,7.862,155.34,2.194
2010-09-18 10:45:00,116.0,993.0,284.0,321.0,1038.0,322.0,0.0,61.0,1000.0,34,88.952,110.95,1179.883,7.599999999999999,169.695,2.381
2010-09-18 11:00:00,117.0,1004.0,285.0,327.0,1049.0,319.0,0.0,59.0,-999.0,34,89.52899999999998,108.04,1196.094,7.219,149.76,2.463
2010-09-18 11:15:00,118.0,1008.0,284.0,329.0,1053.0,318.0,0.0,61.0,-999.0,34,90.531,114.15,1209.766,6.912,122.94,2.787
2010-09-18 11:30:00,117.0,1007.0,285.0,327.0,1051.0,320.0,0.0,59.0,999.0,34,90.947,108.29,1217.969,6.313,137.588,2.863
2010-09-18 11:45:00,116.0,1004.0,287.0,325.0,1050.0,321.0,0.0,60.0,999.0,34,91.767,110.15,1218.945,6.125,139.207,2.756
2010-09-18 12:00:00,118.0,1007.0,285.0,326.0,1053.0,321.0,0.0,61.0,-1000.0,34,92.627,113.85,1217.871,5.594,115.403,3.188
2010-09-18 12:15:00,117.0,997.0,284.0,326.0,1043.0,318.0,0.0,61.0,-998.0,34,93.903,112.52,1208.496,4.663,165.353,3.337
2010-09-18 12:30:00,114.0,978.0,285.0,319.0,1022.0,319.0,0.0,60.0,1000.0,34,95.29,116.62,1195.312,4.169,148.455,3.031
2010-09-18 12:45:00,114.0,974.0,283.0,319.0,1017.0,317.0,0.0,60.0,999.0,34,95.776,112.15,1173.926,3.444,154.057,3.919
2010-09-18 13:00:00,111.0,941.0,283.0,297.0,982.0,329.0,0.0,59.0,999.0,34,96.019,113.0,1146.875,3.35,167.67,3.487
2010-09-18 13:15:00,109.0,930.0,283.0,305.0,972.0,317.0,0.0,59.0,999.0,34,97.508,115.98,1115.723,2.756,149.737,3.113
2010-09-18 13:30:00,105.0,901.0,285.0,294.0,939.0,318.0,0.0,60.0,1000.0,34,97.882,114.66,1080.273,2.606,169.335,3.194
2010-09-18 13:45:00,101.0,869.0,285.0,284.0,907.0,318.0,0.0,61.0,999.0,34,97.447,109.37,1034.668,2.844,153.81,3.125
2010-09-18 14:00:00,97.0,833.0,284.0,265.0,869.0,326.0,0.0,60.0,-999.0,34,97.801,111.88,988.379,2.587,161.798,3.188
2010-09-18 14:15:00,93.0,789.0,284.0,258.0,820.0,316.0,0.0,60.0,999.0,34,98.672,110.62,935.156,2.675,131.4,3.356
2010-09-18 14:30:00,88.0,746.0,283.0,228.0,777.0,338.0,0.0,60.0,999.0,34,98.206,111.55,877.832,2.2,123.615,3.319
2010-09-18 14:45:00,82.0,696.0,283.0,223.0,723.0,323.0,0.0,60.0,999.0,34,98.024,108.72,818.457,2.375,133.785,3.519
2010-09-18 15:00:00,75.0,645.0,284.0,198.0,672.0,337.0,0.0,60.0,-999.0,34,97.913,108.39,754.98,2.213,118.103,2.531
2010-09-18 15:15:00,69.0,585.0,284.0,176.0,610.0,343.0,0.0,59.0,999.0,34,97.882,105.12,690.527,1.919,133.357,3.387
2010-09-18 15:30:00,61.0,519.0,284.0,157.0,537.0,339.0,0.0,60.0,999.0,34,97.68,105.12,619.727,1.712,110.565,3.525
2010-09-18 15:45:00,52.0,449.0,284.0,134.0,464.0,342.0,0.0,60.0,996.0,34,97.295,103.17,546.387,1.6,106.02,4.081
2010-09-18 16:00:00,43.0,371.0,284.0,113.0,383.0,338.0,0.0,59.0,-996.0,34,96.941,102.43,472.461,1.644,113.017,3.6
2010-09-18 16:15:00,34.0,292.0,284.0,89.0,303.0,338.0,0.0,59.0,995.0,34,96.809,101.15,397.461,1.894,126.225,2.825
2010-09-18 16:30:00,24.0,210.0,284.0,61.0,217.0,353.0,0.0,60.0,987.0,34,96.202,99.9,321.387,2.381,126.113,1.969
2010-09-18 16:45:00,15.0,129.0,283.0,37.0,132.0,350.0,0.0,59.0,-969.0,34,96.88,98.78,246.094,2.15,116.01,2.594
2010-09-18 17:00:00,8.0,70.0,284.0,20.0,71.0,346.0,0.0,58.0,-896.0,34,97.771,97.1,176.367,2.437,119.295,1.331
2010-09-18 17:15:00,4.0,31.0,284.0,9.0,29.0,342.0,0.0,58.0,-696.0,34,96.961,95.49,104.688,2.456,133.29,1.813
2010-09-18 17:30:00,3.0,4.0,282.0,2.0,6.0,303.0,0.0,58.0,0.0,34,95.199,93.26,22.852,2.8,108.473,1.637
2010-09-18 17:45:00,3.0,-5.0,282.0,1.0,5.0,294.0,0.0,58.0,0.0,34,92.273,92.16,8.301,2.85,133.493,1.962
2010-09-18 18:00:00,2.0,-9.0,282.0,1.0,4.0,292.0,0.0,58.0,0.0,34,90.602,90.99,2.539,3.087,139.523,1.913
2010-09-18 18:15:00,0.0,-3.0,282.0,1.0,0.0,48.0,0.0,58.0,0.0,34,89.873,91.11,0.4879999999999999,3.306,135.517,2.444
2010-09-18 18:30:00,0.0,-2.0,282.0,1.0,0.0,5.0,0.0,58.0,0.0,34,89.205,90.04999999999998,0.4879999999999999,3.794,120.577,2.225
2010-09-18 18:45:00,0.0,-3.0,282.0,1.0,0.0,3.0,0.0,57.0,0.0,34,88.203,87.95,0.4879999999999999,4.213,118.935,2.119
2010-09-19 06:00:00,6.0,47.0,285.0,13.0,47.0,340.0,0.0,54.0,-795.0,34,61.766,57.04,17.383,19.6,295.898,3.675
2010-09-19 06:15:00,11.0,101.0,284.0,29.0,102.0,343.0,0.0,58.0,-949.0,34,61.868,57.86,69.727,18.525,300.308,2.913
2010-09-19 06:30:00,18.0,156.0,283.0,50.0,162.0,317.0,0.0,58.0,-974.0,34,62.495,61.78,208.398,16.994,301.23,2.706
2010-09-19 06:45:00,26.0,233.0,284.0,72.0,237.0,329.0,0.0,59.0,994.0,34,64.085,66.95,283.594,15.419,299.407,3.363
2010-09-19 07:00:00,40.0,348.0,283.0,91.0,360.0,392.0,0.0,59.0,-996.0,34,65.806,72.87,362.695,14.669,302.018,3.2
2010-09-19 07:15:00,50.0,430.0,283.0,114.0,446.0,387.0,0.0,60.0,999.0,34,67.467,79.65,432.617,14.263,300.127,1.619
2010-09-19 07:30:00,59.0,506.0,282.0,143.0,523.0,365.0,0.0,59.0,999.0,34,69.279,87.67,501.66,13.794,318.307,1.044
2010-09-19 07:45:00,68.0,579.0,283.0,162.0,604.0,370.0,0.0,59.0,-999.0,34,70.757,96.76,587.988,13.356,334.238,0.7059999999999998
2010-09-19 08:00:00,75.0,642.0,283.0,184.0,670.0,362.0,0.0,60.0,-997.0,34,72.80299999999998,101.52,658.203,12.112,137.182,1.15
2010-09-19 08:15:00,81.0,700.0,284.0,204.0,731.0,356.0,0.0,60.0,999.0,34,74.483,103.45,729.59,12.269,111.96,0.981
2010-09-19 08:30:00,86.0,746.0,287.0,220.0,781.0,352.0,0.0,60.0,998.0,34,76.205,107.54,794.1409999999998,12.3,143.01,0.962
2010-09-19 08:45:00,92.0,793.0,285.0,245.0,830.0,336.0,0.0,59.0,-999.0,34,77.825,116.69,857.227,11.487,149.715,0.7379999999999999
2010-09-19 09:00:00,97.0,831.0,283.0,257.0,869.0,335.0,0.0,58.0,998.0,34,79.44499999999998,119.82,916.113,9.669,133.628,1.212
2010-09-19 09:15:00,100.0,862.0,285.0,279.0,899.0,320.0,0.0,61.0,999.0,34,80.751,119.78,968.066,9.25,164.97,1.231
2010-09-19 09:30:00,105.0,896.0,284.0,291.0,936.0,320.0,0.0,61.0,-999.0,34,82.239,127.47,1018.359,8.369,120.892,1.219
2010-09-19 09:45:00,108.0,923.0,283.0,295.0,963.0,325.0,0.0,59.0,1000.0,34,83.90999999999998,124.88,1058.008,7.231,108.945,1.544
2010-09-19 10:00:00,111.0,947.0,283.0,310.0,989.0,317.0,0.0,59.0,999.0,34,85.17499999999998,125.88,1094.727,6.05,149.153,2.019
2010-09-19 10:15:00,112.0,963.0,285.0,307.0,1007.0,327.0,0.0,61.0,999.0,34,86.85599999999998,118.76,1129.102,6.388,139.568,2.187
2010-09-19 10:30:00,114.0,977.0,284.0,319.0,1020.0,318.0,0.0,59.0,999.0,34,87.858,121.99,1155.762,5.481,126.72,1.756
2010-09-19 10:45:00,114.0,980.0,286.0,314.0,1024.0,324.0,0.0,59.0,999.0,34,88.54699999999998,121.75,1176.172,5.775,153.922,2.169
2010-09-19 11:00:00,116.0,988.0,284.0,323.0,1032.0,318.0,0.0,61.0,1000.0,34,89.56999999999998,121.25,1191.992,5.637,112.545,2.256
2010-09-19 11:15:00,116.0,995.0,285.0,324.0,1039.0,319.0,0.0,59.0,999.0,34,90.552,119.36,1200.977,5.688,107.28,2.938
2010-09-19 11:30:00,114.0,982.0,286.0,318.0,1027.0,321.0,0.0,60.0,999.0,34,91.534,119.81,1208.301,5.569,130.41,2.344
2010-09-19 11:45:00,115.0,988.0,285.0,322.0,1032.0,319.0,0.0,60.0,999.0,34,92.86,117.0,1208.496,4.525,128.205,2.144
2010-09-19 12:00:00,115.0,980.0,284.0,319.0,1023.0,318.0,0.0,59.0,-999.0,34,93.822,119.69,1203.516,3.963,110.745,2.531
2010-09-19 12:15:00,113.0,966.0,283.0,316.0,1009.0,317.0,0.0,61.0,-999.0,34,95.28,120.24,1192.48,3.5,171.09,2.137
2010-09-19 12:30:00,113.0,963.0,284.0,315.0,1007.0,317.0,0.0,59.0,-999.0,34,96.434,116.72,1177.148,2.694,134.843,3.2
2010-09-19 12:45:00,112.0,954.0,284.0,312.0,999.0,318.0,0.0,60.0,-999.0,34,96.991,114.35,1155.469,2.537,130.163,3.081
2010-09-19 13:00:00,109.0,932.0,284.0,305.0,974.0,317.0,0.0,60.0,-999.0,34,97.67,118.54,1131.055,1.794,106.29,3.113
2010-09-19 13:15:00,105.0,897.0,285.0,293.0,935.0,318.0,0.0,60.0,-999.0,34,98.399,120.87,1099.219,1.887,132.323,2.35
2010-09-19 13:30:00,103.0,874.0,284.0,287.0,914.0,317.0,0.0,60.0,999.0,34,98.966,116.87,1060.84,2.294,165.713,2.763
2010-09-19 13:45:00,99.0,847.0,284.0,272.0,884.0,323.0,0.0,60.0,999.0,34,100.454,119.69,1017.383,1.9,179.19,3.113
2010-09-19 14:00:00,93.0,797.0,285.0,254.0,833.0,326.0,0.0,60.0,-999.0,34,101.112,117.91,970.801,1.637,177.323,2.244
2010-09-19 14:15:00,88.0,757.0,285.0,240.0,789.0,326.0,0.0,60.0,-999.0,34,101.487,121.74,918.262,1.4,194.13,1.775
2010-09-19 14:30:00,86.0,741.0,284.0,230.0,773.0,334.0,0.0,60.0,-999.0,34,102.317,124.78,865.82,1.156,194.017,6.238
2010-09-19 14:45:00,81.0,696.0,285.0,219.0,725.0,329.0,0.0,60.0,999.0,34,102.317,119.1,805.7619999999998,0.4119999999999999,225.405,9.038
2010-09-19 15:00:00,75.0,645.0,285.0,196.0,672.0,341.0,0.0,60.0,999.0,34,101.821,116.7,742.2849999999999,0.519,227.407,8.275
2010-09-19 15:15:00,67.0,579.0,285.0,178.0,600.0,335.0,0.0,60.0,997.0,34,101.527,115.08,675.391,0.45,226.575,8.194
2010-09-19 15:30:00,61.0,521.0,285.0,155.0,542.0,347.0,0.0,60.0,-999.0,34,100.859,111.94,607.715,1.238,222.03,8.906
2010-09-19 15:45:00,52.0,450.0,284.0,134.0,465.0,344.0,0.0,60.0,-999.0,34,100.201,109.96,540.918,0.5879999999999999,222.525,8.406
2010-09-19 16:00:00,43.0,376.0,285.0,111.0,388.0,347.0,0.0,60.0,999.0,34,99.674,107.7,469.727,0.4249999999999999,225.0,8.474999999999998
2010-09-19 16:15:00,34.0,297.0,284.0,88.0,305.0,344.0,0.0,59.0,995.0,34,98.915,104.53,396.582,0.3689999999999999,222.615,8.830999999999998
2010-09-19 16:32:45,22.0,194.0,283.0,57.0,201.0,349.0,0.0,60.0,-986.0,34,98.156,102.52,318.164,0.3059999999999999,219.668,7.525
2010-09-19 16:45:00,15.0,130.0,284.0,38.0,132.0,338.0,0.0,59.0,969.0,34,98.459,100.75,248.047,0.2999999999999999,217.665,8.086999999999998
2010-09-19 17:00:00,8.0,70.0,284.0,21.0,72.0,339.0,0.0,59.0,896.0,34,99.401,98.76,187.793,0.2999999999999999,219.803,6.469
2010-09-19 17:15:00,4.0,27.0,284.0,7.0,27.0,360.0,0.0,58.0,666.0,34,98.652,95.92,111.426,0.2999999999999999,211.95,6.038
2010-09-19 17:30:00,3.0,2.0,285.0,2.0,6.0,307.0,0.0,58.0,0.0,34,96.343,92.21,16.016,0.313,218.453,5.181
2010-09-19 17:45:00,3.0,-5.0,283.0,1.0,4.0,295.0,0.0,59.0,0.0,34,92.192,87.92,7.227,0.338,225.27,3.725
2010-09-19 18:00:00,2.0,-9.0,282.0,1.0,4.0,292.0,0.0,58.0,0.0,34,89.671,84.45999999999998,2.148,0.3439999999999999,228.668,3.531
2010-09-19 18:15:00,0.0,-3.0,284.0,1.0,0.0,39.0,0.0,58.0,0.0,34,87.95,81.83,0.4879999999999999,0.4189999999999999,225.518,2.688
2010-09-19 18:30:00,0.0,-2.0,285.0,1.0,0.0,6.0,0.0,58.0,0.0,34,86.05599999999998,78.36,0.391,0.656,230.535,1.85
2010-09-19 18:45:00,0.0,-2.0,286.0,1.0,0.0,5.0,0.0,58.0,0.0,34,83.393,73.76,0.391,1.506,249.863,0.888
2010-09-02 06:00:00,9.0,71.0,284.0,23.0,75.0,319.0,0.0,59.0,-883.0,34,71.173,0.0,42.48,24.931,267.12,0.8439999999999999
2010-09-02 06:15:00,14.0,122.0,284.0,41.0,129.0,309.0,0.0,59.0,-947.0,34,74.423,0.0,162.988,23.038,257.58,1.288
2010-09-02 06:30:00,24.0,206.0,284.0,60.0,213.0,350.0,0.0,58.0,987.0,34,77.096,0.0,226.758,21.575,247.793,1.288
2010-09-02 06:45:00,34.0,294.0,284.0,77.0,310.0,397.0,0.0,59.0,-990.0,34,75.64799999999998,0.0,297.656,22.369,246.06,0.756
2010-09-02 07:00:00,43.0,373.0,284.0,100.0,388.0,382.0,0.0,60.0,-999.0,34,75.87099999999998,0.0,366.797,19.4,192.015,0.669
2010-09-02 07:15:00,52.0,449.0,284.0,124.0,471.0,376.0,0.0,59.0,996.0,34,78.37099999999998,0.0,437.5,17.056,57.555,0.756
2010-09-02 07:30:00,61.0,523.0,285.0,148.0,545.0,364.0,0.0,57.0,997.0,34,80.08199999999998,0.0,508.887,16.131,67.23,1.394
2010-09-02 07:45:00,68.0,587.0,284.0,170.0,612.0,356.0,0.0,56.0,999.0,34,81.23699999999998,0.0,583.594,16.038,139.973,0.631
2010-09-02 08:00:00,75.0,648.0,286.0,191.0,679.0,352.0,0.0,61.0,-999.0,34,82.31999999999998,0.0,656.055,16.463,89.86499999999998,1.113
2010-09-02 08:15:00,81.0,702.0,287.0,207.0,735.0,352.0,0.0,61.0,-999.0,34,83.616,0.0,724.219,14.413,278.843,1.406
2010-09-02 08:30:00,86.0,749.0,287.0,222.0,784.0,349.0,0.0,57.0,999.0,34,85.034,0.0,788.5739999999998,13.319,201.893,1.613
2010-09-02 08:45:00,91.0,792.0,287.0,241.0,828.0,340.0,0.0,60.0,999.0,34,86.22799999999998,0.0,848.926,12.938,106.785,1.056
2010-09-02 09:00:00,96.0,833.0,286.0,255.0,870.0,337.0,0.0,58.0,1000.0,34,87.686,0.0,908.496,11.969,71.145,1.075
2010-09-02 09:15:00,101.0,869.0,286.0,279.0,909.0,322.0,0.0,58.0,999.0,34,88.81999999999998,0.0,963.281,11.331,141.795,1.494
2010-09-02 09:30:00,105.0,901.0,285.0,293.0,945.0,319.0,0.0,61.0,999.0,34,90.228,0.0,1011.23,9.837,211.905,1.887
2010-09-02 09:45:00,107.0,927.0,287.0,302.0,972.0,318.0,0.0,58.0,999.0,34,90.977,0.0,1054.98,9.094,98.663,2.406
2010-09-02 10:00:00,110.0,950.0,286.0,310.0,993.0,317.0,0.0,60.0,999.0,34,91.848,0.0,1092.383,8.531,211.568,2.219
2010-09-02 10:15:00,113.0,965.0,284.0,314.0,1009.0,318.0,0.0,59.0,999.0,34,92.719,0.0,1126.953,8.169,154.8,1.913
2010-09-02 10:30:00,114.0,977.0,285.0,320.0,1026.0,317.0,0.0,61.0,998.0,34,93.792,0.0,1158.984,7.469,255.24,2.387
2010-09-02 10:45:00,115.0,986.0,284.0,324.0,1034.0,316.0,0.0,59.0,999.0,34,94.835,0.0,1184.668,7.325,105.39,1.694
2010-09-02 11:00:00,114.0,982.0,287.0,319.0,1028.0,319.0,0.0,60.0,-999.0,34,95.604,0.0,1200.195,7.280999999999999,125.1,2.3
2010-09-02 11:15:00,114.0,985.0,287.0,320.0,1032.0,318.0,0.0,58.0,-999.0,34,96.758,0.0,1212.402,6.694,92.25,2.081
2010-09-02 11:30:00,115.0,986.0,286.0,321.0,1032.0,318.0,0.0,57.0,999.0,34,97.548,0.0,1222.559,6.362,106.335,2.262
2010-09-02 11:45:00,115.0,988.0,287.0,321.0,1034.0,319.0,0.0,56.0,998.0,34,98.257,0.0,1227.441,6.031,175.433,2.469
2010-09-02 12:00:00,116.0,1001.0,286.0,324.0,1049.0,319.0,0.0,56.0,-999.0,34,99.431,132.25,1225.684,5.838,162.945,3.387
2010-09-02 12:15:00,116.0,997.0,286.0,325.0,1044.0,318.0,0.0,57.0,999.0,34,100.555,132.37,1220.312,5.531,174.623,2.525
2010-09-02 12:30:00,113.0,969.0,285.0,316.0,1013.0,317.0,0.0,58.0,999.0,34,101.011,122.73,1209.668,5.331,105.705,1.9
2010-09-02 12:45:00,112.0,963.0,285.0,314.0,1009.0,318.0,0.0,58.0,999.0,34,101.588,135.92,1192.578,4.887,160.155,2.256
2010-09-02 13:00:00,110.0,945.0,286.0,307.0,988.0,318.0,0.0,57.0,999.0,34,101.72,122.66,1171.875,4.944,157.275,2.481
2010-09-02 13:15:00,109.0,931.0,285.0,304.0,974.0,317.0,0.0,56.0,999.0,34,102.833,128.11,1143.262,4.788,181.71,2.287
2010-09-02 13:30:00,107.0,912.0,285.0,298.0,953.0,316.0,0.0,56.0,999.0,34,102.682,121.92,1112.793,4.769,151.155,2.075
2010-09-02 13:45:00,105.0,895.0,283.0,294.0,936.0,315.0,0.0,62.0,998.0,34,102.894,121.66,1074.805,4.569,119.273,2.875
2010-09-02 14:00:00,102.0,866.0,283.0,286.0,908.0,314.0,0.0,56.0,-998.0,34,102.266,121.97,1031.738,4.569,108.383,2.413
2010-09-02 14:15:00,97.0,824.0,283.0,271.0,862.0,314.0,0.0,61.0,-999.0,34,102.631,121.21,985.449,4.356,151.133,2.137
2010-09-02 14:30:00,93.0,792.0,282.0,261.0,828.0,313.0,0.0,59.0,999.0,34,102.833,118.52,931.445,4.081,155.543,2.844
2010-09-02 14:45:00,87.0,742.0,284.0,243.0,776.0,315.0,0.0,59.0,998.0,34,104.372,126.74,875.586,3.525,193.68,2.563
2010-09-02 15:00:00,80.0,688.0,285.0,225.0,718.0,315.0,0.0,58.0,999.0,34,104.453,128.37,811.133,3.769,181.823,2.756
2010-09-02 15:15:00,75.0,637.0,284.0,207.0,665.0,318.0,0.0,61.0,999.0,34,103.522,118.32,746.094,3.563,138.218,2.719
2010-09-02 15:30:00,67.0,576.0,284.0,184.0,602.0,322.0,0.0,59.0,-999.0,34,103.198,117.1,680.371,3.15,181.845,1.706
2010-09-02 15:45:00,60.0,515.0,284.0,163.0,535.0,324.0,0.0,55.0,999.0,34,103.137,115.57,609.277,3.469,184.792,2.119
2010-09-02 16:00:00,52.0,445.0,284.0,138.0,465.0,332.0,0.0,59.0,996.0,34,102.671,115.24,536.914,3.481,69.165,1.706
2010-09-02 16:15:00,44.0,376.0,285.0,114.0,392.0,339.0,0.0,60.0,-996.0,34,103.289,112.48,463.086,3.2,126.878,1.831
2010-09-02 16:30:00,35.0,303.0,285.0,92.0,315.0,340.0,0.0,59.0,-995.0,34,106.043,109.06,389.355,2.931,182.925,2.787
2010-09-02 16:45:00,26.0,228.0,283.0,68.0,238.0,347.0,0.0,60.0,988.0,34,106.802,107.49,315.918,2.706,232.335,2.087
2010-09-02 17:00:00,17.0,148.0,283.0,45.0,155.0,340.0,0.0,58.0,-981.0,34,106.337,105.34,244.824,2.981,213.075,2.769
2010-09-02 17:15:00,10.0,83.0,285.0,26.0,89.0,337.0,0.0,59.0,-925.0,34,104.919,102.22,179.395,3.237,214.088,2.444
2010-09-02 17:30:00,5.0,40.0,285.0,13.0,44.0,332.0,0.0,58.0,-769.0,34,103.836,99.28,113.281,3.594,203.985,1.731
2010-09-02 17:45:00,3.0,13.0,286.0,5.0,16.0,323.0,0.0,59.0,-384.0,34,101.649,96.13,50.293,4.256,192.78,1.825
2010-09-02 18:00:00,3.0,0.0,283.0,0.0,2.0,303.0,0.0,59.0,0.0,34,98.054,92.33,13.184,5.306,190.777,1.706
2010-09-02 18:15:00,1.0,-6.0,285.0,-2.0,-5.0,333.0,0.0,58.0,0.0,34,94.328,88.09999999999998,4.98,7.125,223.74,1.737
2010-09-02 18:30:00,0.0,-3.0,285.0,-2.0,-2.0,189.0,0.0,58.0,0.0,34,92.232,84.84,1.27,8.275,226.575,1.519
2010-09-02 18:45:00,0.0,-2.0,285.0,-2.0,-2.0,16.0,0.0,56.0,0.0,34,90.076,82.11,0.684,9.744,219.6,1.094
2010-09-20 06:00:00,6.0,43.0,283.0,11.0,41.0,375.0,0.0,54.0,780.0,34,65.371,61.43,14.941,12.819,307.395,3.875
2010-09-20 06:15:00,12.0,99.0,283.0,27.0,101.0,368.0,0.0,57.0,-924.0,34,66.11,62.14,58.105,12.612,282.217,1.012
2010-09-20 06:30:00,20.0,172.0,283.0,45.0,175.0,384.0,0.0,58.0,977.0,34,66.869,65.03,200.684,12.313,310.477,2.006
2010-09-20 06:45:00,29.0,251.0,282.0,66.0,257.0,387.0,0.0,59.0,-989.0,34,68.439,71.06,273.145,12.181,307.418,3.456
2010-09-20 07:00:00,39.0,336.0,284.0,87.0,348.0,396.0,0.0,58.0,995.0,34,69.745,76.87999999999998,350.488,11.306,302.648,2.95
2010-09-20 07:15:00,49.0,419.0,283.0,113.0,434.0,383.0,0.0,60.0,999.0,34,71.314,83.09999999999998,421.484,9.944,315.068,2.275
2010-09-20 07:30:00,57.0,491.0,284.0,132.0,513.0,385.0,0.0,59.0,999.0,34,72.58,90.74,490.234,9.719,255.24,1.238
2010-09-20 07:45:00,66.0,568.0,286.0,160.0,591.0,368.0,0.0,60.0,-999.0,34,73.765,99.14,576.367,10.019,252.608,1.687
2010-09-20 08:00:00,73.0,630.0,285.0,177.0,657.0,369.0,0.0,60.0,-999.0,34,75.233,105.63,647.461,9.125,272.183,1.869
2010-09-20 08:15:00,81.0,693.0,284.0,204.0,723.0,352.0,0.0,60.0,999.0,34,76.85299999999998,112.61,719.434,8.580999999999998,292.838,1.813
2010-09-20 08:30:00,87.0,746.0,285.0,221.0,779.0,351.0,0.0,60.0,-999.0,34,78.49299999999998,114.94,785.547,8.188,244.485,3.013
2010-09-20 08:45:00,92.0,793.0,285.0,235.0,828.0,351.0,0.0,60.0,999.0,34,79.87999999999998,117.45,846.777,8.4,256.14,3.194
2010-09-20 09:00:00,98.0,839.0,285.0,257.0,877.0,339.0,0.0,60.0,999.0,34,81.156,120.73,905.6640000000002,8.15,298.148,3.8
2010-09-20 09:15:00,102.0,873.0,285.0,272.0,911.0,333.0,0.0,59.0,999.0,34,82.715,123.71,955.957,7.256,287.573,3.119
2010-09-20 09:30:00,104.0,891.0,284.0,291.0,928.0,317.0,0.0,59.0,999.0,34,84.021,124.22,1003.125,6.462,189.405,2.313
2010-09-20 09:45:00,107.0,918.0,284.0,300.0,957.0,317.0,0.0,61.0,-999.0,34,85.49899999999998,125.69,1044.434,6.231,153.698,2.2
2010-09-20 10:00:00,110.0,941.0,284.0,304.0,981.0,321.0,0.0,62.0,1000.0,34,86.60299999999998,125.17,1081.934,6.538,193.77,2.706
2010-09-20 10:15:00,112.0,955.0,283.0,314.0,999.0,316.0,0.0,61.0,999.0,34,,,,,,
2010-09-20 10:30:00,114.0,968.0,282.0,315.0,1011.0,319.0,0.0,60.0,1000.0,34,88.932,126.74,1144.434,6.838,191.543,2.244
2010-09-20 10:45:00,112.0,968.0,286.0,314.0,1009.0,319.0,0.0,61.0,1000.0,34,90.248,135.2,1164.258,6.919,205.808,2.281
2010-09-20 11:00:00,115.0,989.0,285.0,322.0,1032.0,319.0,0.0,59.0,999.0,34,91.372,121.6,1179.687,6.85,145.057,2.787
2010-09-20 11:15:00,117.0,993.0,282.0,326.0,1036.0,316.0,0.0,61.0,999.0,34,92.01,118.03,1191.406,7.2,120.713,2.694
2010-09-20 11:30:00,116.0,982.0,283.0,323.0,1027.0,317.0,0.0,60.0,999.0,34,92.384,124.3,1196.191,6.762,127.035,1.706
2010-09-20 11:45:00,115.0,978.0,283.0,322.0,1024.0,317.0,0.0,60.0,999.0,34,93.437,118.95,1196.191,6.906,164.205,2.469
2010-09-20 12:00:00,114.0,970.0,284.0,317.0,1013.0,318.0,0.0,60.0,999.0,34,93.64,118.41,1187.207,6.725,103.523,2.675
2010-09-20 12:15:00,112.0,959.0,283.0,314.0,1004.0,318.0,0.0,60.0,-999.0,34,93.964,116.94,1177.246,6.75,145.53,2.181
2010-09-20 12:30:00,113.0,955.0,282.0,314.0,997.0,316.0,0.0,60.0,999.0,34,95.169,119.27,1158.887,6.512,194.332,2.688
2010-09-20 12:45:00,111.0,943.0,282.0,312.0,986.0,315.0,0.0,60.0,-999.0,34,95.827,113.82,1134.277,6.5,158.85,3.169
2010-09-20 13:00:00,110.0,931.0,282.0,307.0,974.0,315.0,0.0,60.0,999.0,34,96.718,114.5,1110.547,6.556,163.89,3.413
2010-09-20 13:15:00,106.0,897.0,282.0,287.0,938.0,325.0,0.0,60.0,999.0,34,97.113,115.92,1081.055,6.194,154.845,2.8
2010-09-20 13:30:00,104.0,891.0,285.0,284.0,931.0,325.0,0.0,60.0,-999.0,34,98.054,114.68,1054.688,4.75,168.277,4.275
2010-09-20 13:45:00,102.0,874.0,285.0,273.0,915.0,334.0,0.0,60.0,-999.0,34,99.016,115.2,1019.043,2.619,176.625,5.369
2010-09-20 14:00:00,98.0,841.0,284.0,274.0,876.0,318.0,0.0,60.0,-999.0,34,99.117,118.52,976.465,2.425,186.277,5.706
2010-09-20 14:15:00,95.0,811.0,284.0,256.0,847.0,330.0,0.0,60.0,999.0,34,99.128,119.01,930.762,1.494,200.183,7.211999999999998
2010-09-20 14:30:00,91.0,776.0,284.0,238.0,810.0,338.0,0.0,60.0,999.0,34,98.895,116.19,878.5159999999998,0.888,181.733,7.474999999999999
2010-09-20 14:45:00,84.0,719.0,284.0,221.0,753.0,338.0,0.0,60.0,999.0,34,98.388,113.93,822.2659999999998,0.5939999999999999,191.52,7.612
2010-09-20 15:00:00,78.0,664.0,284.0,196.0,693.0,352.0,0.0,59.0,999.0,34,98.297,112.92,759.1799999999998,0.4749999999999999,178.11,6.956
2010-09-20 15:15:00,69.0,595.0,284.0,179.0,621.0,346.0,0.0,59.0,999.0,34,97.649,111.29,689.941,0.3689999999999999,202.14,6.725
2010-09-20 15:30:00,61.0,522.0,284.0,158.0,541.0,340.0,0.0,59.0,-999.0,34,96.981,107.85,617.676,0.3619999999999999,196.763,7.687999999999999
2010-09-20 15:45:00,52.0,445.0,284.0,135.0,460.0,338.0,0.0,59.0,-996.0,34,96.627,106.0,544.043,0.3499999999999999,198.878,6.694
2010-09-20 16:00:00,43.0,369.0,282.0,111.0,380.0,341.0,0.0,60.0,-999.0,34,96.151,103.64,468.848,0.3559999999999999,185.085,6.281
2010-09-20 16:15:00,33.0,287.0,282.0,85.0,295.0,343.0,0.0,60.0,995.0,34,95.554,101.65,391.211,0.331,189.743,6.381
2010-09-20 16:30:00,23.0,201.0,283.0,58.0,206.0,352.0,0.0,59.0,-986.0,34,94.622,99.43,314.746,0.338,187.155,6.175
2010-09-20 16:45:00,14.0,120.0,283.0,35.0,122.0,350.0,0.0,59.0,-956.0,34,94.46,97.46,240.234,0.3439999999999999,197.618,7.275
2010-09-20 17:00:00,8.0,63.0,284.0,18.0,63.0,349.0,0.0,59.0,-886.0,34,95.523,95.18,171.289,0.338,206.325,6.731
2010-09-20 17:15:00,4.0,24.0,283.0,7.0,24.0,345.0,0.0,58.0,-580.0,34,94.814,92.49,94.434,0.4749999999999999,204.952,5.606
2010-09-20 17:30:00,3.0,2.0,284.0,1.0,5.0,307.0,0.0,58.0,0.0,34,92.82,89.12,14.844,0.981,201.803,4.837
2010-09-20 17:45:00,0.0,-2.0,284.0,1.0,1.0,350.0,0.0,58.0,0.0,34,89.61,86.5,6.836,1.944,214.268,5.406
2010-09-20 18:00:00,3.0,-9.0,283.0,1.0,5.0,293.0,0.0,58.0,0.0,34,88.061,85.23,1.855,2.55,215.055,5.281
2010-09-20 18:15:00,0.0,-2.0,284.0,1.0,0.0,30.0,0.0,58.0,0.0,34,86.866,84.12,0.2929999999999999,3.225,213.277,5.306
2010-09-20 18:30:00,0.0,-3.0,285.0,1.0,0.0,5.0,0.0,58.0,0.0,34,86.168,83.33,0.391,4.413,213.412,5.344
2010-09-20 18:45:00,0.0,-2.0,285.0,1.0,0.0,4.0,0.0,58.0,0.0,34,85.54,82.54,0.391,5.612,211.23,4.825
2010-09-21 06:00:00,6.0,40.0,283.0,11.0,40.0,355.0,0.0,54.0,769.0,34,64.298,58.35,16.406,18.762,284.153,1.994
2010-09-21 06:15:00,11.0,94.0,282.0,26.0,95.0,365.0,0.0,57.0,-933.0,34,65.077,59.25,50.0,20.044,289.508,1.825
2010-09-21 06:30:00,17.0,145.0,282.0,45.0,148.0,325.0,0.0,59.0,-964.0,34,65.796,62.54,189.648,22.563,270.878,0.981
2010-09-21 06:45:00,26.0,224.0,284.0,66.0,230.0,347.0,0.0,58.0,-993.0,34,66.373,67.49,256.738,23.538,248.265,0.938
2010-09-21 07:00:00,34.0,297.0,284.0,88.0,303.0,342.0,0.0,59.0,-995.0,34,67.953,73.98999999999998,333.887,21.344,214.763,0.794
2010-09-21 07:15:00,47.0,400.0,283.0,107.0,417.0,387.0,0.0,59.0,-996.0,34,69.816,81.11,401.66,17.412,204.368,1.75
2010-09-21 07:30:00,55.0,473.0,284.0,126.0,495.0,388.0,0.0,60.0,-999.0,34,71.547,87.29,468.359,15.756,244.418,2.081
2010-09-21 07:45:00,63.0,549.0,285.0,154.0,569.0,366.0,0.0,60.0,-999.0,34,73.36,93.28,550.586,14.031,175.163,2.131
2010-09-21 08:00:00,71.0,608.0,284.0,171.0,635.0,368.0,0.0,59.0,999.0,34,74.899,98.63,616.016,13.112,70.493,1.656
2010-09-21 08:15:00,78.0,672.0,284.0,196.0,700.0,354.0,0.0,60.0,-999.0,34,76.438,103.33,686.621,11.906,78.367,2.394
2010-09-21 08:30:00,85.0,727.0,283.0,215.0,760.0,350.0,0.0,60.0,1000.0,34,77.86499999999998,105.84,753.2229999999998,10.638,77.24299999999998,2.625
2010-09-21 08:45:00,90.0,770.0,282.0,225.0,806.0,355.0,0.0,59.0,999.0,34,79.313,109.64,812.793,10.269,126.248,2.381
2010-09-21 09:00:00,95.0,812.0,284.0,249.0,849.0,338.0,0.0,60.0,-998.0,34,80.63899999999998,109.48,868.945,10.019,96.818,2.281
2010-09-21 09:15:00,98.0,843.0,287.0,253.0,884.0,347.0,0.0,59.0,999.0,34,81.976,115.29,921.582,9.863,88.47,2.575
2010-09-21 09:30:00,102.0,878.0,286.0,281.0,916.0,325.0,0.0,59.0,-1000.0,34,82.97799999999998,109.06,968.262,11.081,129.668,2.356
2010-09-21 09:45:00,106.0,911.0,286.0,287.0,951.0,329.0,0.0,59.0,999.0,34,83.94,104.35,1011.328,12.1,141.3,2.675
2010-09-21 10:00:00,109.0,934.0,285.0,294.0,974.0,329.0,0.0,59.0,1000.0,34,85.418,106.88,1051.074,12.05,120.938,2.737
2010-09-21 10:15:00,110.0,946.0,285.0,294.0,988.0,334.0,0.0,59.0,-999.0,34,86.897,107.25,1082.715,12.506,144.225,2.963
2010-09-21 10:30:00,114.0,977.0,284.0,319.0,1019.0,317.0,0.0,60.0,999.0,34,88.911,104.1,1107.715,12.906,158.198,3.75
2010-09-21 10:45:00,116.0,989.0,283.0,314.0,1035.0,327.0,0.0,59.0,999.0,34,90.896,106.73,1131.738,12.694,158.355,3.756
2010-09-21 11:00:00,117.0,999.0,284.0,327.0,1044.0,317.0,0.0,60.0,-999.0,34,91.352,108.48,1147.852,12.913,126.563,4.019
2010-09-21 11:15:00,116.0,989.0,284.0,323.0,1032.0,318.0,0.0,60.0,1000.0,34,92.101,106.68,1156.445,12.731,162.563,3.337
2010-09-21 11:30:00,119.0,1008.0,282.0,328.0,1054.0,319.0,0.0,60.0,999.0,34,93.356,111.09,1162.5,12.769,159.345,4.812
2010-09-21 11:45:00,119.0,1013.0,283.0,330.0,1061.0,320.0,0.0,61.0,999.0,34,96.07,117.45,1166.797,11.563,169.605,6.35
2010-09-21 12:00:00,117.0,995.0,283.0,327.0,1040.0,317.0,0.0,60.0,-999.0,34,96.941,118.58,1160.547,11.288,164.633,4.906
2010-09-21 12:15:00,116.0,993.0,284.0,325.0,1038.0,318.0,0.0,60.0,999.0,34,97.791,120.28,1157.91,8.15,185.85,5.019
2010-09-21 12:30:00,118.0,1019.0,286.0,331.0,1065.0,320.0,0.0,60.0,1000.0,34,97.457,120.04,1162.207,5.087,201.33,9.725
2010-09-21 12:45:00,118.0,1011.0,285.0,315.0,1058.0,333.0,0.0,60.0,1000.0,34,96.931,117.23,1147.656,4.444,195.075,8.556
2010-09-21 13:00:00,114.0,982.0,285.0,314.0,1027.0,325.0,0.0,60.0,1000.0,34,97.214,116.68,1115.43,4.538,180.81,8.781
2010-09-21 13:15:00,110.0,946.0,285.0,294.0,990.0,335.0,0.0,60.0,1000.0,34,98.49,118.85,1079.98,4.544,187.988,7.075
2010-09-21 13:30:00,107.0,918.0,284.0,283.0,959.0,337.0,0.0,60.0,-1000.0,34,98.53,118.99,1045.215,4.281,174.532,7.530999999999999
2010-09-21 13:45:00,104.0,888.0,284.0,275.0,930.0,336.0,0.0,60.0,-999.0,34,99.138,118.02,1006.836,3.544,174.915,7.869
2010-09-21 14:00:00,99.0,850.0,284.0,264.0,891.0,335.0,0.0,60.0,-999.0,34,98.814,117.53,961.621,3.513,181.485,7.431
2010-09-21 14:15:00,94.0,803.0,284.0,246.0,839.0,340.0,0.0,60.0,-999.0,34,98.581,115.14,907.52,3.113,177.233,8.644
2010-09-21 14:30:00,88.0,757.0,284.0,235.0,791.0,335.0,0.0,61.0,-999.0,34,98.388,113.42,847.461,3.144,179.483,8.131
2010-09-21 14:45:00,81.0,695.0,284.0,204.0,726.0,353.0,0.0,61.0,-999.0,34,98.328,112.66,790.918,3.125,184.792,7.219
2010-09-21 15:00:00,75.0,645.0,284.0,191.0,672.0,349.0,0.0,60.0,-1000.0,34,98.267,111.58,727.246,3.456,186.413,7.668999999999999
2010-09-21 15:15:00,67.0,575.0,284.0,167.0,598.0,356.0,0.0,59.0,999.0,34,97.153,109.31,660.938,4.269,218.565,7.836999999999998
2010-09-21 15:30:00,58.0,502.0,284.0,143.0,525.0,366.0,0.0,59.0,-999.0,34,96.394,107.39,593.652,4.531,217.913,8.063
2010-09-21 15:45:00,51.0,437.0,284.0,126.0,453.0,356.0,0.0,59.0,-999.0,34,95.827,105.01,521.191,4.637,230.738,7.638
2010-09-21 16:00:00,42.0,361.0,284.0,104.0,373.0,355.0,0.0,60.0,996.0,34,95.26,102.72,448.633,4.969,220.253,7.65
2010-09-21 16:15:00,32.0,280.0,284.0,80.0,288.0,358.0,0.0,60.0,995.0,34,94.339,100.9,376.563,5.387,227.97,7.488
2010-09-21 16:30:00,22.0,191.0,285.0,55.0,195.0,353.0,0.0,59.0,-986.0,34,93.751,98.91,301.953,5.362,223.268,7.619
2010-09-21 16:45:00,13.0,113.0,283.0,33.0,117.0,351.0,0.0,59.0,-954.0,34,93.265,96.83,231.641,5.569,221.108,6.981
2010-09-21 17:00:00,7.0,58.0,283.0,17.0,60.0,358.0,0.0,58.0,-859.0,34,94.065,94.16,164.355,4.469,228.173,6.494
2010-09-21 17:15:00,4.0,22.0,284.0,6.0,22.0,348.0,0.0,58.0,-585.0,34,93.984,90.74,82.90999999999998,4.781,237.42,3.2
2010-09-21 17:30:00,3.0,2.0,284.0,1.0,5.0,306.0,0.0,58.0,0.0,34,91.787,85.97,14.063,6.106,256.005,3.056
2010-09-21 17:45:00,0.0,-2.0,284.0,1.0,0.0,347.0,0.0,58.0,0.0,34,88.253,82.87,6.055,7.769,275.783,2.244
2010-09-21 18:00:00,0.0,-2.0,284.0,1.0,0.0,189.0,0.0,58.0,0.0,34,86.471,80.45999999999998,1.367,8.612,274.343,2.244
2010-09-21 18:15:00,0.0,-3.0,285.0,1.0,0.0,20.0,0.0,58.0,0.0,34,85.277,78.45,0.391,9.069,267.03,1.863
2010-09-21 18:30:00,0.0,-2.0,285.0,1.0,0.0,7.0,0.0,58.0,0.0,34,83.92,76.2,0.2929999999999999,10.05,250.2,1.231
2010-09-21 18:45:00,0.0,-3.0,286.0,1.0,0.0,7.0,0.0,58.0,0.0,34,82.715,73.94,0.0,10.994,278.303,0.994
2010-09-22 06:00:00,6.0,40.0,284.0,11.0,43.0,375.0,0.0,57.0,-749.0,34,68.469,67.69,17.578,23.063,176.873,5.994
2010-09-22 06:15:00,12.0,97.0,283.0,27.0,99.0,367.0,0.0,58.0,922.0,34,68.338,67.62,45.703,23.944,183.173,6.175
2010-09-22 06:30:00,19.0,167.0,283.0,43.0,171.0,396.0,0.0,60.0,976.0,34,68.793,70.37,199.902,23.525,174.15,7.013
2010-09-22 06:45:00,29.0,249.0,283.0,64.0,256.0,397.0,0.0,58.0,989.0,34,69.704,73.76999999999998,272.07,22.9,173.318,6.838
2010-09-22 07:00:00,39.0,336.0,284.0,87.0,348.0,397.0,0.0,59.0,-995.0,34,70.494,76.23,353.027,23.144,167.827,7.019
2010-09-22 07:15:00,49.0,422.0,283.0,113.0,436.0,383.0,0.0,59.0,-999.0,34,71.254,78.37,423.535,23.719,166.972,7.844
2010-09-22 07:30:00,59.0,507.0,283.0,133.0,530.0,394.0,0.0,59.0,-999.0,34,71.952,80.37999999999998,496.387,23.963,168.188,8.919
2010-09-22 07:45:00,68.0,581.0,284.0,158.0,607.0,383.0,0.0,59.0,-999.0,34,72.661,83.22,575.781,23.394,173.048,6.981
2010-09-22 08:00:00,76.0,649.0,284.0,181.0,680.0,374.0,0.0,60.0,-999.0,34,73.32899999999998,89.47,644.922,22.475,177.975,5.162
2010-09-22 08:15:00,83.0,712.0,285.0,203.0,745.0,365.0,0.0,59.0,999.0,34,74.13899999999998,94.84,713.77,21.519,174.623,5.288
2010-09-22 08:30:00,90.0,773.0,286.0,221.0,807.0,363.0,0.0,58.0,999.0,34,75.71899999999998,94.56,777.148,20.481,168.412,6.712
2010-09-22 08:45:00,96.0,822.0,284.0,241.0,860.0,354.0,0.0,59.0,999.0,34,76.83199999999998,96.73,839.258,19.706,172.98,5.112
2010-09-22 09:00:00,101.0,860.0,283.0,259.0,899.0,345.0,0.0,59.0,-999.0,34,77.61199999999998,98.65,896.9729999999998,17.994,166.365,4.313
2010-09-22 09:15:00,106.0,903.0,283.0,272.0,945.0,346.0,0.0,59.0,-999.0,34,78.56399999999998,96.21,945.41,16.675,167.288,5.312
2010-09-22 09:30:00,110.0,939.0,283.0,283.0,985.0,346.0,0.0,59.0,-999.0,34,79.617,99.98,990.332,15.106,163.418,5.394
2010-09-22 09:45:00,114.0,977.0,284.0,290.0,1024.0,352.0,0.0,59.0,999.0,34,80.63899999999998,102.19,1038.281,12.494,168.57,5.938
2010-09-22 10:00:00,118.0,1012.0,285.0,302.0,1062.0,349.0,0.0,61.0,-999.0,34,81.227,103.34,1077.637,11.006,169.785,6.9
2010-09-22 10:15:00,120.0,1030.0,285.0,306.0,1078.0,350.0,0.0,59.0,999.0,34,81.561,99.98,1104.98,11.7,171.27,7.369
2010-09-22 10:30:00,122.0,1044.0,284.0,314.0,1094.0,347.0,0.0,60.0,999.0,34,82.128,103.97,1131.152,12.456,173.88,7.144
2010-09-22 10:45:00,125.0,1074.0,285.0,324.0,1125.0,346.0,0.0,60.0,-999.0,34,82.715,107.64,1152.637,11.931,178.065,8.025
2010-09-22 11:00:00,127.0,1092.0,285.0,331.0,1144.0,343.0,0.0,60.0,999.0,34,82.34999999999998,106.14,1168.164,12.175,183.96,8.0
2010-09-22 11:15:00,128.0,1089.0,284.0,334.0,1143.0,340.0,0.0,60.0,999.0,34,82.918,104.66,1176.758,12.238,176.513,8.449999999999998
2010-09-22 11:30:00,126.0,1077.0,284.0,317.0,1131.0,354.0,0.0,60.0,1000.0,34,83.82899999999998,106.91,1179.492,11.406,178.943,8.586999999999998
2010-09-22 11:45:00,125.0,1074.0,285.0,332.0,1128.0,338.0,0.0,59.0,999.0,34,85.06399999999998,109.26,1180.078,10.688,182.228,7.231
2010-09-22 12:00:00,125.0,1070.0,285.0,324.0,1123.0,345.0,0.0,60.0,-999.0,34,85.21599999999998,110.03,1168.066,9.587,202.77,8.099999999999998
2010-09-22 12:15:00,123.0,1054.0,285.0,327.0,1107.0,337.0,0.0,60.0,-999.0,34,84.882,108.11,1161.523,9.069,193.14,7.506
2010-09-22 12:30:00,120.0,1035.0,286.0,318.0,1086.0,339.0,0.0,61.0,999.0,34,85.92499999999998,109.92,1148.438,8.125,180.833,6.794
2010-09-22 12:45:00,119.0,1023.0,286.0,317.0,1070.0,335.0,0.0,60.0,-1000.0,34,86.593,109.9,1132.422,6.788,205.582,7.319
2010-09-22 13:00:00,117.0,1001.0,285.0,300.0,1049.0,348.0,0.0,60.0,999.0,34,86.188,108.84,1100.0,7.4,197.213,7.775
2010-09-22 13:15:00,115.0,984.0,285.0,293.0,1034.0,350.0,0.0,60.0,999.0,34,86.45099999999998,104.49,1068.457,6.775,185.4,9.712
2010-09-22 13:30:00,110.0,949.0,286.0,283.0,995.0,350.0,0.0,60.0,-999.0,34,86.208,103.18,1029.492,7.15,186.075,8.744
2010-09-22 13:45:00,105.0,903.0,285.0,270.0,946.0,349.0,0.0,60.0,-999.0,34,87.119,104.52,986.816,6.95,178.245,7.724999999999999
2010-09-22 14:00:00,99.0,853.0,285.0,257.0,892.0,345.0,0.0,60.0,-999.0,34,87.18,108.63,941.895,8.349999999999998,215.528,5.944
2010-09-22 14:15:00,94.0,803.0,285.0,243.0,839.0,344.0,0.0,59.0,-999.0,34,87.19,108.94,891.3089999999999,8.819,216.473,6.294
2010-09-22 14:30:00,88.0,757.0,285.0,223.0,791.0,352.0,0.0,60.0,999.0,34,87.028,106.78,836.133,9.475,205.515,5.675
2010-09-22 14:45:00,82.0,707.0,284.0,204.0,738.0,359.0,0.0,60.0,999.0,34,87.312,104.45,778.9059999999998,9.569,189.923,6.875
2010-09-22 15:00:00,75.0,643.0,284.0,189.0,672.0,353.0,0.0,59.0,-999.0,34,87.018,101.35,714.746,10.294,191.407,6.6
2010-09-22 15:15:00,66.0,572.0,285.0,163.0,596.0,363.0,0.0,59.0,999.0,34,87.12999999999998,100.05,640.43,10.544,190.733,6.394
2010-09-22 15:30:00,58.0,500.0,284.0,143.0,521.0,362.0,0.0,59.0,-997.0,34,86.78499999999998,98.36,566.504,11.631,183.578,6.1
2010-09-22 15:45:00,50.0,426.0,283.0,119.0,441.0,367.0,0.0,60.0,996.0,34,86.37,95.6,494.238,12.144,188.303,7.394
2010-09-22 16:00:00,40.0,346.0,283.0,96.0,359.0,371.0,0.0,60.0,-996.0,34,85.49899999999998,92.59,421.387,12.438,196.425,7.469
2010-09-22 16:15:00,30.0,260.0,284.0,71.0,270.0,378.0,0.0,60.0,-994.0,34,85.21599999999998,91.19,348.926,12.469,182.813,6.662
2010-09-22 16:30:00,20.0,178.0,284.0,50.0,183.0,363.0,0.0,60.0,-984.0,34,84.902,89.34,278.223,11.644,190.103,6.338
2010-09-22 16:45:00,12.0,106.0,282.0,30.0,109.0,360.0,0.0,59.0,-951.0,34,84.578,87.22,211.035,11.244,183.78,6.35
2010-09-22 17:00:00,7.0,54.0,281.0,15.0,55.0,363.0,0.0,58.0,833.0,34,86.289,85.31999999999998,142.871,9.056,275.58,3.869
2010-09-22 17:15:00,4.0,20.0,284.0,5.0,20.0,351.0,0.0,58.0,535.0,34,86.218,83.04999999999998,65.332,8.769,250.2,3.994
2010-09-22 17:30:00,3.0,1.0,284.0,2.0,6.0,306.0,0.0,58.0,0.0,34,84.051,80.53,15.137,10.619,199.62,4.469
2010-09-22 17:45:00,0.0,-3.0,285.0,1.0,0.0,344.0,0.0,58.0,0.0,34,81.824,79.11,5.469,12.369,308.453,5.538
2010-09-22 18:00:00,0.0,-3.0,283.0,1.0,0.0,194.0,0.0,58.0,0.0,34,80.477,76.9,1.172,13.225,302.445,3.831
2010-09-22 18:15:00,0.0,-2.0,284.0,1.0,0.0,18.0,0.0,58.0,0.0,34,79.546,75.34,0.2929999999999999,13.731,310.073,3.331
2010-09-22 18:30:00,0.0,-3.0,284.0,1.0,0.0,7.0,0.0,58.0,0.0,34,78.635,73.23,0.2929999999999999,14.45,305.55,2.163
2010-09-22 18:45:00,0.0,-3.0,284.0,1.0,0.0,7.0,0.0,58.0,0.0,34,77.86499999999998,71.38,0.2929999999999999,14.994,274.95,2.163
2010-09-23 06:00:00,5.0,37.0,285.0,11.0,36.0,324.0,0.0,53.0,-717.0,34,64.439,58.99,17.871,28.531,304.988,1.844
2010-09-23 06:15:00,11.0,91.0,284.0,25.0,93.0,361.0,0.0,57.0,-918.0,34,65.766,62.06,39.941,24.981,305.708,3.156
2010-09-23 06:30:00,17.0,147.0,284.0,44.0,149.0,338.0,0.0,59.0,-964.0,34,66.981,65.52,186.328,23.912,308.25,3.094
2010-09-23 06:45:00,27.0,236.0,283.0,60.0,243.0,401.0,0.0,59.0,-988.0,34,68.105,70.79,257.227,23.044,301.68,3.013
2010-09-23 07:00:00,37.0,319.0,283.0,86.0,329.0,380.0,0.0,59.0,-995.0,34,69.036,75.72,330.859,22.906,306.023,3.087
2010-09-23 07:15:00,47.0,400.0,283.0,105.0,417.0,392.0,0.0,59.0,-996.0,34,70.16,79.79999999999998,403.125,22.506,287.505,4.181
2010-09-23 07:30:00,56.0,481.0,283.0,128.0,502.0,390.0,0.0,60.0,-999.0,34,71.193,83.39,473.926,21.675,307.17,5.131
2010-09-23 07:45:00,65.0,557.0,283.0,153.0,583.0,378.0,0.0,60.0,-999.0,34,71.821,88.48,550.488,21.163,302.378,4.156
2010-09-23 08:00:00,72.0,621.0,283.0,180.0,642.0,356.0,0.0,59.0,-999.0,34,73.025,96.36,623.34,20.088,288.427,3.369
2010-09-23 08:15:00,77.0,665.0,285.0,185.0,696.0,373.0,0.0,60.0,997.0,34,74.29099999999998,104.11,693.457,18.175,278.46,1.956
2010-09-23 08:30:00,85.0,729.0,285.0,209.0,762.0,361.0,0.0,60.0,999.0,34,75.516,110.46,757.3239999999998,17.131,177.683,1.837
2010-09-23 08:45:00,91.0,781.0,284.0,233.0,816.0,349.0,0.0,60.0,999.0,34,76.893,106.85,816.895,16.95,94.905,2.85
2010-09-23 09:00:00,96.0,822.0,284.0,248.0,857.0,343.0,0.0,60.0,1000.0,34,77.369,106.61,873.047,17.45,149.22,1.931
2010-09-23 09:15:00,101.0,861.0,284.0,263.0,900.0,341.0,0.0,61.0,-1000.0,34,78.209,99.52,924.316,17.219,138.308,2.187
2010-09-23 09:30:00,103.0,885.0,284.0,268.0,926.0,343.0,0.0,61.0,-999.0,34,79.04999999999998,99.88,969.434,16.85,144.788,2.569
2010-09-23 09:45:00,107.0,915.0,284.0,284.0,957.0,335.0,0.0,61.0,999.0,34,80.072,101.42,1015.137,16.388,150.75,2.456
2010-09-23 10:00:00,109.0,936.0,286.0,305.0,981.0,319.0,0.0,60.0,999.0,34,80.801,108.11,1053.027,15.156,111.87,2.125
2010-09-23 10:15:00,111.0,955.0,286.0,312.0,1000.0,319.0,0.0,60.0,-999.0,34,81.905,115.11,1086.816,14.156,133.245,2.194
2010-09-23 10:30:00,113.0,969.0,285.0,317.0,1016.0,319.0,0.0,61.0,-999.0,34,82.44199999999998,118.48,1112.402,13.344,201.735,2.069
2010-09-23 10:45:00,114.0,980.0,284.0,317.0,1022.0,320.0,0.0,59.0,-999.0,34,83.667,113.07,1136.328,13.087,178.853,2.119
2010-09-23 11:00:00,115.0,986.0,285.0,322.0,1031.0,318.0,0.0,59.0,999.0,34,84.7,113.31,1153.125,12.475,168.683,2.25
2010-09-23 11:15:00,115.0,984.0,285.0,320.0,1027.0,319.0,0.0,60.0,1000.0,34,85.449,118.92,1165.43,11.944,188.775,1.363
2010-09-23 11:30:00,116.0,993.0,284.0,323.0,1039.0,320.0,0.0,60.0,999.0,34,86.421,122.78,1170.801,11.194,194.49,2.494
2010-09-23 11:45:00,114.0,984.0,285.0,317.0,1028.0,322.0,0.0,59.0,1000.0,34,86.65399999999998,120.08,1172.656,10.538,168.885,2.506
2010-09-23 12:00:00,114.0,978.0,285.0,320.0,1024.0,319.0,0.0,60.0,-998.0,34,87.00799999999998,111.83,1169.531,10.919,153.743,2.156
2010-09-23 12:15:00,112.0,966.0,286.0,314.0,1009.0,320.0,0.0,60.0,999.0,34,87.53499999999998,111.9,1157.422,10.788,175.972,1.931
2010-09-23 12:30:00,112.0,963.0,285.0,308.0,1005.0,325.0,0.0,60.0,1000.0,34,88.14199999999998,110.34,1142.285,10.756,132.345,2.475
2010-09-23 12:45:00,109.0,936.0,285.0,305.0,978.0,319.0,0.0,60.0,999.0,34,88.952,121.95,1122.754,9.544,225.09,2.131
2010-09-23 13:00:00,107.0,920.0,285.0,300.0,961.0,318.0,0.0,60.0,-999.0,34,89.97499999999998,117.04,1093.164,9.756,176.895,2.194
2010-09-23 13:15:00,104.0,895.0,285.0,292.0,934.0,318.0,0.0,60.0,999.0,34,89.924,110.21,1060.742,9.931,160.515,2.119
2010-09-23 13:30:00,101.0,864.0,284.0,283.0,901.0,317.0,0.0,60.0,999.0,34,90.785,117.27,1027.441,8.955999999999998,178.267,2.144
2010-09-23 13:45:00,98.0,838.0,284.0,275.0,873.0,316.0,0.0,60.0,999.0,34,90.694,110.62,983.301,9.475,104.67,3.013
2010-09-23 14:00:00,94.0,803.0,284.0,264.0,838.0,316.0,0.0,60.0,999.0,34,90.886,112.18,938.965,9.313,143.505,2.825
2010-09-23 14:15:00,88.0,756.0,284.0,247.0,787.0,316.0,0.0,60.0,999.0,34,91.2,105.65,887.402,9.288,133.245,2.575
2010-09-23 14:30:00,83.0,711.0,283.0,227.0,741.0,325.0,0.0,60.0,999.0,34,91.099,106.52,829.4919999999998,8.794,148.14,1.719
2010-09-23 14:45:00,77.0,662.0,283.0,203.0,689.0,338.0,0.0,60.0,999.0,34,91.26,105.74,767.773,8.25,122.603,2.025
2010-09-23 15:00:00,70.0,602.0,284.0,186.0,625.0,333.0,0.0,60.0,999.0,34,91.362,103.57,703.32,6.788,185.49,2.706
2010-09-23 15:15:00,63.0,544.0,284.0,166.0,565.0,338.0,0.0,59.0,999.0,34,91.726,103.85,638.281,7.156,182.205,1.719
2010-09-23 15:30:00,55.0,475.0,284.0,141.0,494.0,347.0,0.0,60.0,999.0,34,90.947,100.13,566.992,5.4,134.775,1.669
2010-09-23 15:45:00,47.0,406.0,284.0,118.0,422.0,357.0,0.0,59.0,996.0,34,91.028,102.22,496.777,5.75,172.913,1.544
2010-09-23 16:00:00,38.0,330.0,283.0,95.0,341.0,355.0,0.0,60.0,995.0,34,90.906,99.42,424.121,5.981,146.228,1.6
2010-09-23 16:15:00,29.0,252.0,284.0,73.0,260.0,353.0,0.0,60.0,994.0,34,89.894,96.16,348.73,5.819,176.895,1.95
2010-09-23 16:30:00,19.0,168.0,284.0,48.0,171.0,349.0,0.0,59.0,-984.0,34,89.408,93.63,276.172,6.075,142.965,1.756
2010-09-23 16:45:00,12.0,98.0,284.0,29.0,101.0,345.0,0.0,59.0,-935.0,34,88.78,90.9,206.543,6.1,119.115,1.506
2010-09-23 17:00:00,7.0,49.0,284.0,14.0,51.0,354.0,0.0,58.0,-822.0,34,89.549,89.23,139.746,6.006,132.683,1.144
2010-09-23 17:15:00,3.0,17.0,284.0,5.0,17.0,353.0,0.0,58.0,481.0,34,89.19499999999998,86.86,59.375,6.2,123.593,0.938
2010-09-23 17:30:00,3.0,1.0,285.0,1.0,5.0,307.0,0.0,58.0,0.0,34,86.836,84.42,14.16,7.812999999999999,139.613,0.8439999999999999
2010-09-23 17:45:00,0.0,-2.0,282.0,1.0,0.0,340.0,0.0,58.0,0.0,34,83.879,81.22,5.176,9.025,155.723,0.4689999999999999
2010-09-23 18:00:00,0.0,-3.0,282.0,1.0,0.0,170.0,0.0,58.0,0.0,34,82.968,81.08,0.879,9.013000000000002,171.315,0.25
2010-09-23 18:15:00,0.0,-2.0,284.0,1.0,0.0,14.0,0.0,58.0,0.0,34,81.217,76.15999999999998,0.391,10.406,173.52,0.325
2010-09-23 18:30:00,0.0,-2.0,284.0,1.0,0.0,5.0,0.0,58.0,0.0,34,78.84699999999998,69.98,0.391,11.962,173.542,0.031
2010-09-23 18:45:00,0.0,-2.0,283.0,1.0,0.0,5.0,0.0,57.0,0.0,34,77.015,66.22,0.391,12.875,174.33,0.5999999999999999
2010-09-24 06:00:00,5.0,40.0,285.0,10.0,40.0,396.0,0.0,54.0,769.0,34,60.44,47.78,19.238,28.075,326.52,1.044
2010-09-24 06:15:00,11.0,93.0,282.0,23.0,94.0,394.0,0.0,58.0,919.0,34,60.642,48.44,33.594,28.006,315.63,0.5879999999999999
2010-09-24 06:30:00,18.0,157.0,283.0,41.0,162.0,387.0,0.0,59.0,974.0,34,61.037,52.51,181.25,29.1,314.258,0.5999999999999999
2010-09-24 06:45:00,27.0,236.0,283.0,61.0,241.0,390.0,0.0,60.0,994.0,34,63.731,62.29,251.27,23.131,253.553,1.394
2010-09-24 07:00:00,37.0,318.0,282.0,82.0,329.0,396.0,0.0,58.0,995.0,34,66.839,71.01,325.0,20.138,267.525,1.731
2010-09-24 07:15:00,46.0,394.0,284.0,103.0,410.0,395.0,0.0,59.0,996.0,34,69.158,78.37,397.656,18.138,316.125,2.594
2010-09-24 07:30:00,55.0,473.0,285.0,129.0,492.0,378.0,0.0,59.0,-997.0,34,70.97,85.59,469.629,17.044,276.12,1.819
2010-09-24 07:45:00,64.0,548.0,284.0,152.0,571.0,374.0,0.0,59.0,999.0,34,72.75199999999998,92.89,544.531,15.425,286.245,2.837
2010-09-24 08:00:00,72.0,616.0,285.0,176.0,642.0,363.0,0.0,60.0,-997.0,34,74.58499999999998,97.52,619.336,13.894,287.01,3.906
2010-09-24 08:15:00,79.0,679.0,285.0,194.0,710.0,363.0,0.0,60.0,999.0,34,75.658,100.72,690.137,13.112,300.758,4.744
2010-09-24 08:30:00,85.0,731.0,285.0,213.0,765.0,357.0,0.0,60.0,-998.0,34,76.762,105.16,755.0779999999999,12.569,288.945,3.863
2010-09-24 08:45:00,90.0,773.0,284.0,230.0,807.0,349.0,0.0,60.0,-999.0,34,77.96599999999998,114.65,816.6989999999998,11.837,305.28,2.587
2010-09-24 09:00:00,94.0,807.0,286.0,244.0,843.0,343.0,0.0,59.0,-999.0,34,79.131,121.16,873.73,11.131,303.66,1.275
2010-09-24 09:15:00,98.0,842.0,284.0,257.0,878.0,340.0,0.0,59.0,999.0,34,80.052,123.7,927.441,11.206,223.74,1.306
2010-09-24 09:30:00,101.0,870.0,284.0,271.0,909.0,334.0,0.0,60.0,1000.0,34,81.176,128.91,976.66,10.719,186.795,1.181
2010-09-24 09:45:00,105.0,900.0,284.0,285.0,941.0,328.0,0.0,60.0,-999.0,34,82.583,120.36,1018.262,10.344,177.323,1.794
2010-09-24 10:00:00,107.0,919.0,285.0,298.0,958.0,319.0,0.0,59.0,-1000.0,34,83.586,109.97,1053.125,9.869,149.355,1.456
2010-09-24 10:15:00,109.0,939.0,285.0,302.0,980.0,323.0,0.0,59.0,999.0,34,84.53799999999998,116.19,1086.914,9.788,120.803,1.7
2010-09-24 10:30:00,111.0,957.0,284.0,313.0,999.0,317.0,0.0,59.0,-999.0,34,85.459,119.03,1114.941,9.056,177.142,1.55
2010-09-24 10:45:00,112.0,963.0,286.0,314.0,1005.0,319.0,0.0,60.0,1000.0,34,86.563,118.23,1139.16,8.580999999999998,187.02,1.619
2010-09-24 11:00:00,112.0,968.0,285.0,315.0,1011.0,318.0,0.0,59.0,999.0,34,87.73699999999998,117.76,1154.102,8.175,187.92,1.488
2010-09-24 11:15:00,113.0,973.0,286.0,315.0,1016.0,320.0,0.0,60.0,999.0,34,88.71899999999998,122.61,1167.188,7.543999999999999,190.62,2.006
2010-09-24 11:30:00,114.0,977.0,285.0,319.0,1020.0,318.0,0.0,59.0,999.0,34,89.671,110.27,1170.117,7.631,169.988,2.25
2010-09-24 11:45:00,113.0,966.0,284.0,313.0,1011.0,322.0,0.0,59.0,999.0,34,89.964,121.19,1170.703,6.919,183.983,2.363
2010-09-24 12:00:00,111.0,957.0,285.0,312.0,1000.0,319.0,0.0,60.0,1000.0,34,90.997,132.09,1169.336,6.556,243.472,2.237
2010-09-24 12:15:00,110.0,947.0,285.0,310.0,990.0,318.0,0.0,60.0,999.0,34,92.101,128.13,1158.203,6.306,129.375,1.762
2010-09-24 12:30:00,110.0,941.0,284.0,309.0,985.0,317.0,0.0,60.0,999.0,34,92.405,124.41,1141.699,6.25,157.253,1.906
2010-09-24 12:45:00,109.0,934.0,284.0,305.0,977.0,318.0,0.0,60.0,999.0,34,93.194,121.9,1123.34,5.806,189.022,2.069
2010-09-24 13:00:00,107.0,912.0,283.0,292.0,954.0,325.0,0.0,60.0,999.0,34,93.043,111.82,1095.898,6.081,138.015,2.925
2010-09-24 13:15:00,102.0,880.0,284.0,281.0,920.0,325.0,0.0,60.0,999.0,34,93.63,117.76,1065.332,5.381,94.973,2.15
2010-09-24 13:30:00,100.0,855.0,284.0,281.0,893.0,316.0,0.0,60.0,999.0,34,94.258,128.08,1028.32,5.038,262.148,2.775
2010-09-24 13:45:00,96.0,822.0,283.0,269.0,857.0,316.0,0.0,60.0,999.0,34,95.432,131.85,985.84,4.762,228.645,2.05
2010-09-24 14:00:00,92.0,788.0,283.0,258.0,820.0,316.0,0.0,61.0,1000.0,34,96.141,122.63,937.402,4.656,186.255,2.456
2010-09-24 14:15:00,87.0,742.0,283.0,244.0,773.0,315.0,0.0,61.0,999.0,34,95.645,115.34,883.984,4.613,141.39,2.019
2010-09-24 14:30:00,82.0,700.0,283.0,216.0,731.0,337.0,0.0,59.0,999.0,34,95.715,112.82,828.8089999999999,4.206,112.545,2.037
2010-09-24 14:45:00,76.0,652.0,283.0,201.0,679.0,335.0,0.0,61.0,999.0,34,95.665,111.37,767.48,3.663,121.725,2.444
2010-09-24 15:00:00,70.0,596.0,283.0,182.0,622.0,339.0,0.0,60.0,999.0,34,95.118,109.15,704.785,3.587,81.382,2.525
2010-09-24 15:15:00,62.0,534.0,283.0,163.0,554.0,337.0,0.0,60.0,999.0,34,95.381,112.08,638.672,3.644,177.255,1.875
2010-09-24 15:30:00,55.0,469.0,283.0,142.0,487.0,342.0,0.0,60.0,999.0,34,95.786,108.02,568.457,4.013,180.878,2.487
2010-09-24 15:45:00,46.0,399.0,283.0,119.0,413.0,345.0,0.0,60.0,-999.0,34,95.422,103.59,496.289,4.056,199.62,2.319
2010-09-24 16:00:00,37.0,324.0,283.0,96.0,332.0,344.0,0.0,60.0,-995.0,34,94.906,106.09,423.438,3.925,238.838,1.462
2010-09-24 16:15:00,28.0,245.0,285.0,73.0,252.0,342.0,0.0,60.0,994.0,34,94.318,102.66,349.512,4.081,182.88,1.306
2010-09-24 16:30:00,18.0,162.0,284.0,49.0,166.0,336.0,0.0,59.0,-975.0,34,93.468,99.39,276.758,4.288,219.87,0.962
2010-09-24 16:45:00,11.0,93.0,283.0,28.0,95.0,337.0,0.0,59.0,-932.0,34,93.002,97.95,206.25,4.425,246.938,1.925
2010-09-24 17:00:00,6.0,47.0,284.0,13.0,47.0,344.0,0.0,59.0,-813.0,34,93.893,93.91,139.16,4.106,190.148,1.269
2010-09-24 17:15:00,3.0,16.0,285.0,4.0,14.0,337.0,0.0,58.0,461.0,34,94.075,88.79999999999998,53.418,4.475,269.213,1.419
2010-09-24 17:30:00,3.0,-2.0,285.0,1.0,5.0,307.0,0.0,58.0,0.0,34,90.744,83.58,12.695,5.944,263.16,2.087
2010-09-24 17:45:00,0.0,-2.0,284.0,2.0,0.0,332.0,0.0,58.0,0.0,34,87.78799999999998,79.62,4.59,7.163,292.095,1.269
2010-09-24 18:00:00,0.0,-2.0,284.0,1.0,0.0,142.0,0.0,58.0,0.0,34,85.682,76.0,0.781,7.961999999999998,277.133,1.281
2010-09-24 18:15:00,0.0,-2.0,285.0,1.0,0.0,9.0,0.0,58.0,0.0,34,84.477,74.7,0.0,8.330999999999998,300.78,2.369
2010-09-24 18:30:00,0.0,-3.0,286.0,1.0,0.0,2.0,0.0,57.0,0.0,34,84.375,74.81,0.391,8.5,295.222,2.494
2010-09-24 18:45:00,0.0,-2.0,286.0,1.0,0.0,2.0,0.0,57.0,0.0,34,82.988,73.45,0.391,9.756,290.003,1.731
2010-09-25 06:00:00,5.0,36.0,285.0,9.0,37.0,374.0,0.0,53.0,-729.0,34,60.288,49.15,17.676,30.081,267.908,1.281
2010-09-25 06:15:00,10.0,86.0,286.0,23.0,86.0,373.0,0.0,57.0,-914.0,34,61.564,49.98,26.855,26.306,286.065,0.7189999999999999
2010-09-25 06:30:00,17.0,152.0,286.0,38.0,155.0,397.0,0.0,58.0,982.0,34,62.789,54.58,176.758,24.869,291.037,1.219
2010-09-25 06:45:00,26.0,229.0,285.0,57.0,236.0,406.0,0.0,60.0,988.0,34,64.277,62.96,247.168,26.044,254.183,1.031
2010-09-25 07:00:00,36.0,313.0,285.0,80.0,322.0,399.0,0.0,59.0,995.0,34,66.91,70.47,321.777,21.181,289.575,2.0
2010-09-25 07:15:00,45.0,386.0,283.0,103.0,399.0,387.0,0.0,60.0,-996.0,34,69.876,78.59999999999998,392.285,17.519,287.955,2.4
2010-09-25 07:30:00,53.0,463.0,285.0,125.0,481.0,383.0,0.0,59.0,-999.0,34,72.27599999999998,85.92,463.477,14.306,294.818,1.969
2010-09-25 07:45:00,62.0,531.0,285.0,148.0,553.0,370.0,0.0,60.0,997.0,34,73.866,95.63,537.598,13.263,308.43,0.8499999999999999
2010-09-25 08:00:00,69.0,595.0,286.0,175.0,618.0,350.0,0.0,60.0,-999.0,34,75.516,103.11,611.523,12.569,291.218,1.425
2010-09-25 08:15:00,76.0,657.0,285.0,190.0,685.0,359.0,0.0,60.0,999.0,34,77.71299999999998,109.28,681.934,11.138,260.393,1.475
2010-09-25 08:30:00,83.0,711.0,285.0,207.0,745.0,357.0,0.0,60.0,998.0,34,79.80899999999998,111.65,749.902,8.968999999999998,244.44,3.006
2010-09-25 08:45:00,88.0,760.0,287.0,234.0,792.0,336.0,0.0,60.0,999.0,34,80.974,115.4,811.3279999999999,8.919,119.565,1.937
2010-09-25 09:00:00,94.0,806.0,285.0,247.0,842.0,339.0,0.0,60.0,-999.0,34,81.783,116.17,869.8239999999998,9.669,108.27,2.106
2010-09-25 09:15:00,98.0,839.0,285.0,257.0,877.0,339.0,0.0,59.0,-999.0,34,82.604,109.63,922.656,10.15,112.32,1.794
2010-09-25 09:30:00,101.0,865.0,285.0,266.0,903.0,338.0,0.0,59.0,999.0,34,83.626,116.86,975.488,7.869,117.855,1.425
2010-09-25 09:45:00,104.0,893.0,286.0,289.0,932.0,321.0,0.0,59.0,999.0,34,84.66899999999998,124.98,1021.68,7.55,181.553,1.206
2010-09-25 10:00:00,106.0,912.0,287.0,296.0,953.0,320.0,0.0,61.0,-999.0,34,85.90399999999998,132.72,1062.793,6.431,283.725,1.094
2010-09-25 10:15:00,108.0,934.0,285.0,305.0,974.0,318.0,0.0,61.0,999.0,34,87.66599999999998,135.15,1095.703,5.269,231.075,1.769
2010-09-25 10:30:00,110.0,946.0,285.0,309.0,988.0,318.0,0.0,59.0,999.0,34,89.02299999999998,132.77,1124.023,4.762,203.602,1.7
2010-09-25 10:45:00,112.0,962.0,286.0,313.0,1005.0,319.0,0.0,61.0,999.0,34,90.177,129.41,1144.531,4.356,145.913,2.969
2010-09-25 11:00:00,112.0,963.0,287.0,306.0,1007.0,327.0,0.0,59.0,1000.0,34,91.443,128.29,1161.23,4.294,138.69,2.85
2010-09-25 11:15:00,114.0,981.0,286.0,319.0,1024.0,319.0,0.0,60.0,1000.0,34,92.415,126.92,1173.34,4.363,123.48,2.769
2010-09-25 11:30:00,114.0,982.0,285.0,321.0,1027.0,318.0,0.0,60.0,999.0,34,93.215,123.16,1178.613,4.837,141.862,2.837
2010-09-25 11:45:00,115.0,985.0,285.0,314.0,1031.0,327.0,0.0,60.0,999.0,34,94.025,115.64,1177.344,5.35,113.107,4.387
2010-09-25 12:00:00,115.0,982.0,285.0,317.0,1028.0,322.0,0.0,60.0,-999.0,34,94.571,114.81,1172.656,5.412,116.775,3.7
2010-09-25 12:15:00,115.0,986.0,284.0,322.0,1031.0,318.0,0.0,60.0,999.0,34,95.371,114.72,1164.355,5.056,111.87,4.719
2010-09-25 12:30:00,113.0,974.0,285.0,319.0,1020.0,318.0,0.0,60.0,-999.0,34,95.736,114.64,1149.316,4.825,109.8,4.65
2010-09-25 12:45:00,111.0,955.0,285.0,313.0,999.0,318.0,0.0,61.0,-999.0,34,96.343,118.17,1128.809,4.413,108.698,4.031
2010-09-25 13:00:00,108.0,926.0,284.0,299.0,966.0,322.0,0.0,60.0,999.0,34,96.708,118.61,1104.492,4.063,97.493,4.013
2010-09-25 13:15:00,105.0,900.0,284.0,295.0,941.0,317.0,0.0,60.0,999.0,34,97.093,115.09,1071.777,4.419,130.702,3.25
2010-09-25 13:30:00,101.0,868.0,286.0,278.0,905.0,324.0,0.0,60.0,999.0,34,97.69,118.84,1036.621,3.2,127.508,2.694
2010-09-25 13:45:00,97.0,837.0,286.0,273.0,873.0,318.0,0.0,60.0,999.0,34,98.318,120.25,990.527,3.663,97.515,3.194
2010-09-25 14:00:00,92.0,793.0,285.0,259.0,827.0,318.0,0.0,60.0,999.0,34,98.216,114.91,941.309,4.056,133.628,2.9
2010-09-25 14:15:00,87.0,746.0,285.0,244.0,777.0,317.0,0.0,60.0,999.0,34,97.933,110.52,887.695,4.175,112.5,3.469
2010-09-25 14:30:00,81.0,693.0,284.0,227.0,722.0,316.0,0.0,60.0,999.0,34,98.338,112.3,831.445,3.944,107.64,2.744
2010-09-25 14:45:00,75.0,645.0,284.0,210.0,669.0,316.0,0.0,59.0,999.0,34,98.328,110.88,772.2659999999998,3.181,107.775,4.65
2010-09-25 15:00:00,70.0,596.0,284.0,185.0,621.0,334.0,0.0,60.0,999.0,34,98.378,112.49,709.375,3.144,94.568,3.719
2010-09-25 15:15:00,63.0,537.0,283.0,167.0,556.0,331.0,0.0,60.0,999.0,34,98.378,110.9,641.309,3.05,108.225,4.281
2010-09-25 15:30:00,54.0,460.0,283.0,146.0,476.0,324.0,0.0,60.0,999.0,34,98.176,107.05,572.461,3.119,106.402,2.919
2010-09-25 15:45:00,45.0,386.0,283.0,122.0,399.0,326.0,0.0,60.0,996.0,34,97.7,103.34,498.73,3.606,137.678,2.669
2010-09-25 16:00:00,36.0,309.0,283.0,98.0,318.0,322.0,0.0,60.0,-999.0,34,97.224,102.17,425.586,3.344,127.418,2.831
2010-09-25 16:15:00,26.0,229.0,284.0,75.0,236.0,312.0,0.0,59.0,994.0,34,96.961,102.7,351.758,3.156,71.977,2.531
2010-09-25 16:30:00,17.0,152.0,286.0,50.0,157.0,314.0,0.0,59.0,-973.0,34,96.617,100.9,279.688,3.106,73.62,2.613
2010-09-25 16:45:00,10.0,86.0,284.0,28.0,87.0,310.0,0.0,59.0,-927.0,34,96.151,99.57,209.277,3.037,157.725,1.95
2010-09-25 17:00:00,5.0,40.0,284.0,13.0,41.0,308.0,0.0,58.0,-749.0,34,97.001,96.84,141.406,3.075,119.07,1.538
2010-09-25 17:15:00,3.0,12.0,284.0,4.0,12.0,313.0,0.0,59.0,-359.0,34,97.052,93.44,47.07,3.669,90.788,0.4809999999999999
2010-09-25 17:30:00,3.0,-2.0,285.0,1.0,5.0,299.0,0.0,58.0,0.0,34,93.427,86.84,10.645,5.05,39.915,0.275
2010-09-25 17:45:00,0.0,-3.0,284.0,1.0,0.0,325.0,0.0,58.0,0.0,34,89.003,80.65,4.004,7.269,39.915,0.75
2010-09-25 18:00:00,0.0,-3.0,284.0,1.0,0.0,114.0,0.0,58.0,0.0,34,86.65399999999998,75.84,0.0,8.080999999999998,257.108,1.038
2010-09-25 18:15:00,0.0,-2.0,284.0,1.0,0.0,7.0,0.0,58.0,0.0,34,85.206,72.86,0.391,9.569,305.213,1.113
2010-09-25 18:30:00,0.0,-2.0,285.0,1.0,0.0,1.0,0.0,57.0,0.0,34,83.667,70.95,0.391,10.606,295.965,1.712
2010-09-25 18:45:00,0.0,-3.0,284.0,1.0,0.0,1.0,0.0,57.0,0.0,34,83.424,71.15,0.2929999999999999,11.237,275.58,1.275
2010-09-26 06:00:00,5.0,33.0,285.0,9.0,35.0,350.0,0.0,52.0,-714.0,34,63.994,55.76,16.309,24.456,299.498,2.375
2010-09-26 06:15:00,10.0,85.0,285.0,22.0,85.0,379.0,0.0,58.0,926.0,34,65.057,57.99,21.582,24.194,297.36,1.819
2010-09-26 06:30:00,17.0,149.0,285.0,39.0,152.0,385.0,0.0,59.0,982.0,34,65.563,60.26,178.223,25.631,287.955,0.675
2010-09-26 06:45:00,26.0,229.0,284.0,59.0,236.0,393.0,0.0,59.0,994.0,34,66.687,66.51,250.391,24.469,302.985,1.219
2010-09-26 07:00:00,36.0,310.0,284.0,81.0,321.0,394.0,0.0,59.0,995.0,34,68.591,74.2,324.512,24.638,241.38,0.438
2010-09-26 07:15:00,45.0,386.0,284.0,105.0,398.0,376.0,0.0,59.0,996.0,34,69.957,81.40999999999998,397.07,24.3,218.7,0.556
2010-09-26 07:30:00,54.0,464.0,285.0,125.0,481.0,381.0,0.0,60.0,-996.0,34,71.679,89.84,470.02,23.094,217.823,0.65
2010-09-26 07:45:00,62.0,534.0,285.0,153.0,553.0,359.0,0.0,59.0,997.0,34,73.10599999999998,97.5,542.188,23.081,215.325,0.656
2010-09-26 08:00:00,69.0,596.0,286.0,173.0,619.0,355.0,0.0,61.0,999.0,34,74.807,104.48,615.625,21.619,212.04,0.988
2010-09-26 08:15:00,76.0,654.0,286.0,192.0,681.0,352.0,0.0,59.0,999.0,34,76.73099999999998,108.4,684.375,20.056,179.91,0.7249999999999999
2010-09-26 08:30:00,82.0,703.0,286.0,215.0,731.0,338.0,0.0,60.0,999.0,34,78.756,110.36,748.73,19.169,171.652,0.794
2010-09-26 08:45:00,87.0,749.0,287.0,232.0,781.0,335.0,0.0,59.0,999.0,34,80.244,113.51,808.8869999999998,17.25,165.06,0.794
2010-09-26 09:00:00,91.0,787.0,286.0,249.0,819.0,327.0,0.0,60.0,-1000.0,34,81.935,114.39,864.4529999999999,15.119,146.497,1.388
2010-09-26 09:15:00,96.0,827.0,286.0,261.0,865.0,330.0,0.0,59.0,1000.0,34,83.333,109.27,916.602,12.969,121.658,1.619
2010-09-26 09:30:00,100.0,857.0,285.0,271.0,896.0,329.0,0.0,61.0,999.0,34,84.33499999999998,116.14,966.309,11.3,149.242,1.394
2010-09-26 09:45:00,103.0,882.0,285.0,282.0,920.0,325.0,0.0,60.0,999.0,34,86.168,127.98,1012.695,8.711999999999998,196.582,1.469
2010-09-26 10:00:00,105.0,901.0,284.0,288.0,939.0,324.0,0.0,60.0,-1000.0,34,87.778,126.4,1050.684,7.65,144.495,1.306
2010-09-26 10:15:00,107.0,919.0,285.0,299.0,958.0,318.0,0.0,60.0,999.0,34,89.05299999999998,129.36,1082.52,6.869,184.163,1.606
2010-09-26 10:30:00,108.0,931.0,286.0,303.0,973.0,319.0,0.0,61.0,999.0,34,90.167,125.69,1108.398,6.131,124.605,1.506
2010-09-26 10:45:00,110.0,943.0,285.0,307.0,985.0,318.0,0.0,59.0,999.0,34,90.997,118.82,1129.98,6.081,132.818,1.931
2010-09-26 11:00:00,110.0,950.0,286.0,310.0,995.0,319.0,0.0,60.0,998.0,34,91.878,118.3,1146.289,6.188,125.033,1.975
2010-09-26 11:15:00,111.0,954.0,285.0,311.0,997.0,319.0,0.0,60.0,999.0,34,92.658,120.16,1158.203,5.5,128.858,1.906
2010-09-26 11:30:00,111.0,957.0,287.0,310.0,999.0,320.0,0.0,60.0,998.0,34,93.792,119.79,1164.258,5.106,131.175,1.956
2010-09-26 11:45:00,109.0,945.0,286.0,306.0,985.0,320.0,0.0,60.0,1000.0,34,94.956,126.59,1164.746,4.938,152.753,1.869
2010-09-26 12:00:00,108.0,930.0,285.0,303.0,970.0,318.0,0.0,60.0,-1000.0,34,96.171,127.73,1160.352,4.75,149.715,1.762
2010-09-26 12:15:00,107.0,928.0,287.0,297.0,969.0,324.0,0.0,60.0,999.0,34,97.062,121.57,1148.242,5.262,114.143,2.863
2010-09-26 12:30:00,109.0,936.0,285.0,305.0,978.0,319.0,0.0,60.0,999.0,34,97.71,115.89,1132.422,5.656,130.05,3.269
2010-09-26 12:45:00,106.0,904.0,284.0,292.0,943.0,322.0,0.0,59.0,999.0,34,98.125,118.02,1112.695,5.062,114.187,2.3
2010-09-26 13:00:00,104.0,891.0,285.0,290.0,928.0,319.0,0.0,60.0,1000.0,34,98.419,120.07,1086.035,5.112,115.65,2.531
2010-09-26 13:15:00,102.0,873.0,286.0,283.0,909.0,320.0,0.0,60.0,999.0,34,99.006,115.81,1053.613,5.512,167.063,3.194
2010-09-26 13:30:00,98.0,842.0,286.0,274.0,878.0,319.0,0.0,60.0,-999.0,34,100.1,116.33,1017.188,5.281,169.02,3.019
2010-09-26 13:45:00,93.0,804.0,286.0,262.0,838.0,318.0,0.0,60.0,999.0,34,100.11,118.12,974.902,5.231,149.31,1.869
2010-09-26 14:00:00,89.0,764.0,286.0,249.0,796.0,318.0,0.0,60.0,999.0,34,99.877,119.53,925.684,5.038,174.465,1.987
2010-09-26 14:15:00,84.0,720.0,285.0,236.0,752.0,317.0,0.0,60.0,999.0,34,100.15,120.1,872.6559999999998,4.962,186.368,1.775
2010-09-26 14:30:00,78.0,675.0,285.0,220.0,700.0,316.0,0.0,60.0,999.0,34,101.021,125.83,814.844,4.756,200.34,3.025
2010-09-26 14:45:00,72.0,618.0,284.0,202.0,641.0,316.0,0.0,61.0,999.0,34,101.082,120.47,751.855,5.094,155.093,1.494
2010-09-26 15:00:00,66.0,568.0,284.0,179.0,588.0,327.0,0.0,59.0,999.0,34,100.363,113.01,685.84,5.637,142.943,2.206
2010-09-26 15:15:00,58.0,503.0,286.0,161.0,521.0,322.0,0.0,60.0,999.0,34,99.988,113.16,619.043,5.45,147.308,1.787
2010-09-26 15:30:00,50.0,436.0,286.0,139.0,450.0,322.0,0.0,60.0,996.0,34,100.089,111.9,551.172,5.5,176.918,2.387
2010-09-26 15:45:00,42.0,365.0,284.0,116.0,375.0,320.0,0.0,59.0,999.0,34,99.725,110.25,480.078,5.488,194.828,1.762
2010-09-26 16:00:00,34.0,294.0,284.0,92.0,302.0,325.0,0.0,59.0,995.0,34,99.624,109.4,407.422,5.794,192.6,1.712
2010-09-26 16:15:00,25.0,220.0,284.0,68.0,224.0,325.0,0.0,60.0,-987.0,34,98.713,104.13,332.617,5.788,182.183,0.931
2010-09-26 16:30:00,16.0,140.0,282.0,45.0,143.0,318.0,0.0,58.0,-971.0,34,98.125,103.68,260.547,5.369,213.12,1.012
2010-09-26 16:45:00,9.0,78.0,283.0,25.0,79.0,315.0,0.0,58.0,-920.0,34,97.285,100.58,191.699,6.381,208.823,0.45
2010-09-26 17:00:00,5.0,35.0,284.0,11.0,35.0,307.0,0.0,58.0,-702.0,34,97.518,97.51,124.609,5.838,208.62,0.8499999999999999
2010-09-26 17:15:00,2.0,9.0,285.0,3.0,9.0,307.0,0.0,58.0,0.0,34,97.639,92.52,36.914,6.512,225.967,1.8
2010-09-26 17:30:00,3.0,-3.0,285.0,1.0,4.0,298.0,0.0,59.0,0.0,34,94.015,86.72,10.254,8.612,223.628,1.031
2010-09-26 17:45:00,0.0,-2.0,285.0,1.0,0.0,310.0,0.0,58.0,0.0,34,90.957,81.84,3.613,9.931,224.055,0.563
2010-09-26 18:00:00,0.0,-3.0,284.0,1.0,0.0,89.0,0.0,58.0,0.0,34,88.71899999999998,77.65,0.781,11.319,224.055,0.756
2010-09-26 18:15:00,0.0,-2.0,285.0,1.0,0.0,7.0,0.0,58.0,0.0,34,86.90699999999998,75.09,0.4879999999999999,12.725,224.55,0.813
2010-09-26 18:30:00,0.0,-2.0,285.0,1.0,0.0,1.0,0.0,57.0,0.0,34,86.046,73.84999999999998,0.4879999999999999,13.45,273.263,0.5749999999999998
2010-09-26 18:45:00,0.0,-3.0,286.0,0.0,0.0,1.0,0.0,57.0,0.0,34,84.153,72.03,0.4879999999999999,14.838,263.858,0.962
2010-09-27 06:00:00,5.0,32.0,285.0,9.0,32.0,369.0,0.0,52.0,-685.0,34,66.313,60.0,15.82,27.887,214.133,0.8499999999999999
2010-09-27 06:15:00,10.0,78.0,285.0,22.0,78.0,352.0,0.0,57.0,-892.0,34,66.819,59.22,20.605,28.75,218.542,0.8379999999999999
2010-09-27 06:30:00,16.0,139.0,285.0,38.0,141.0,364.0,0.0,58.0,971.0,34,67.801,62.02,164.844,28.525,240.458,1.675
2010-09-27 06:45:00,25.0,217.0,284.0,57.0,224.0,389.0,0.0,59.0,987.0,34,69.866,69.07,241.699,24.444,276.953,1.131
2010-09-27 07:00:00,34.0,297.0,284.0,81.0,306.0,376.0,0.0,59.0,-995.0,34,73.22799999999998,77.73999999999998,314.16,17.394,276.48,1.7
2010-09-27 07:15:00,43.0,371.0,283.0,102.0,383.0,372.0,0.0,60.0,-996.0,34,76.691,85.37,387.207,13.925,214.538,2.613
2010-09-27 07:30:00,52.0,449.0,283.0,123.0,465.0,377.0,0.0,60.0,-999.0,34,78.209,90.97,456.934,15.8,96.818,1.987
2010-09-27 07:45:00,59.0,504.0,282.0,138.0,527.0,380.0,0.0,59.0,-997.0,34,79.009,96.42,525.781,15.644,205.673,2.363
2010-09-27 08:00:00,66.0,569.0,284.0,172.0,589.0,340.0,0.0,59.0,999.0,34,79.414,99.71,593.75,18.3,153.473,1.088
2010-09-27 08:15:00,74.0,639.0,285.0,186.0,668.0,357.0,0.0,60.0,999.0,34,80.518,107.98,667.383,13.381,275.895,1.25
2010-09-27 08:30:00,80.0,687.0,284.0,207.0,718.0,346.0,0.0,60.0,999.0,34,82.09699999999998,119.27,734.7659999999998,12.063,232.943,1.456
2010-09-27 08:45:00,85.0,729.0,284.0,218.0,761.0,347.0,0.0,60.0,998.0,34,83.596,122.84,794.629,11.419,198.045,1.156
2010-09-27 09:00:00,90.0,772.0,284.0,242.0,806.0,330.0,0.0,59.0,-998.0,34,84.821,128.7,851.758,10.844,247.118,1.756
2010-09-27 09:15:00,94.0,807.0,284.0,254.0,842.0,329.0,0.0,61.0,-999.0,34,86.066,130.7,903.711,9.806,189.832,1.294
2010-09-27 09:30:00,98.0,839.0,284.0,275.0,873.0,316.0,0.0,59.0,999.0,34,87.504,119.1,950.391,9.569,135.18,1.731
2010-09-27 09:45:00,101.0,864.0,284.0,283.0,903.0,317.0,0.0,61.0,998.0,34,88.04099999999998,115.67,988.965,8.763,171.652,1.456
2010-09-27 10:00:00,103.0,882.0,285.0,279.0,923.0,329.0,0.0,60.0,-999.0,34,88.81999999999998,121.6,1031.25,8.324999999999998,163.732,1.519
2010-09-27 10:15:00,105.0,899.0,285.0,289.0,938.0,322.0,0.0,60.0,-999.0,34,89.762,127.92,1064.063,7.905999999999999,154.485,1.338
2010-09-27 10:30:00,106.0,909.0,284.0,293.0,949.0,322.0,0.0,59.0,999.0,34,91.342,132.8,1089.648,7.562999999999999,236.003,1.625
2010-09-27 10:45:00,108.0,926.0,284.0,301.0,965.0,318.0,0.0,59.0,999.0,34,92.415,129.34,1113.477,7.806,189.27,1.394
2010-09-27 11:00:00,109.0,931.0,284.0,305.0,973.0,318.0,0.0,60.0,999.0,34,93.336,121.08,1130.273,7.2,136.575,1.769
2010-09-27 11:15:00,109.0,927.0,283.0,302.0,969.0,319.0,0.0,59.0,999.0,34,94.288,130.35,1141.309,6.781,171.945,1.381
2010-09-27 11:30:00,109.0,926.0,283.0,304.0,966.0,316.0,0.0,61.0,-999.0,34,95.311,132.5,1150.195,6.031,80.19,1.644
2010-09-27 11:45:00,107.0,912.0,284.0,297.0,951.0,319.0,0.0,60.0,-999.0,34,96.627,136.23,1149.805,5.444,177.593,1.225
2010-09-27 12:00:00,107.0,912.0,284.0,299.0,954.0,317.0,0.0,60.0,-999.0,34,97.973,139.56,1145.996,4.906,205.493,1.5
2010-09-27 12:15:00,106.0,904.0,282.0,297.0,945.0,316.0,0.0,60.0,999.0,34,98.429,133.84,1133.105,4.594,205.785,1.781
2010-09-27 12:30:00,104.0,887.0,282.0,287.0,924.0,320.0,0.0,60.0,999.0,34,99.138,132.27,1117.969,4.712,103.995,1.356
2010-09-27 12:45:00,104.0,885.0,283.0,291.0,924.0,316.0,0.0,60.0,999.0,34,100.069,129.78,1095.02,4.75,165.24,2.481
2010-09-27 13:00:00,99.0,843.0,282.0,268.0,881.0,327.0,0.0,60.0,999.0,34,101.355,128.71,1063.086,4.369,187.178,1.538
2010-09-27 13:15:00,98.0,833.0,284.0,273.0,868.0,316.0,0.0,60.0,1000.0,34,101.639,129.92,1031.055,4.356,169.267,1.531
2010-09-27 13:30:00,96.0,814.0,281.0,268.0,847.0,314.0,0.0,60.0,999.0,34,101.477,124.52,995.41,4.156,179.055,1.656
2010-09-27 13:45:00,91.0,776.0,283.0,248.0,810.0,325.0,0.0,59.0,-999.0,34,102.59,135.49,958.203,3.456,208.35,2.163
2010-09-27 14:00:00,87.0,741.0,281.0,242.0,772.0,317.0,0.0,60.0,999.0,34,102.793,128.29,907.031,3.706,207.315,1.85
2010-09-27 14:15:00,82.0,703.0,283.0,231.0,731.0,314.0,0.0,60.0,999.0,34,102.631,125.23,854.1989999999998,3.7,191.97,1.481
2010-09-27 14:30:00,76.0,649.0,283.0,214.0,676.0,314.0,0.0,60.0,-997.0,34,102.803,125.19,798.73,3.519,199.508,1.331
2010-09-27 14:45:00,70.0,598.0,282.0,197.0,621.0,314.0,0.0,60.0,-999.0,34,103.249,127.4,733.984,3.237,204.03,2.0
2010-09-27 15:00:00,65.0,553.0,282.0,169.0,576.0,339.0,0.0,61.0,-999.0,34,103.279,124.59,673.438,3.531,204.3,1.969
2010-09-27 15:15:00,58.0,494.0,282.0,152.0,513.0,335.0,0.0,59.0,999.0,34,103.249,119.06,608.594,3.9,170.933,1.806
2010-09-27 15:30:00,50.0,426.0,282.0,132.0,441.0,332.0,0.0,60.0,999.0,34,102.479,115.9,538.477,3.675,187.695,0.962
2010-09-27 15:45:00,42.0,360.0,282.0,109.0,373.0,340.0,0.0,59.0,996.0,34,102.631,117.79,466.309,3.631,247.545,1.919
2010-09-27 16:00:00,33.0,287.0,282.0,85.0,297.0,345.0,0.0,59.0,-995.0,34,102.378,115.71,394.922,3.738,223.222,1.119
2010-09-27 16:15:00,24.0,210.0,283.0,64.0,216.0,335.0,0.0,59.0,987.0,34,101.811,112.33,320.996,3.925,248.063,1.369
2010-09-27 16:30:00,15.0,133.0,282.0,40.0,136.0,332.0,0.0,59.0,979.0,34,101.102,109.04,249.219,4.244,263.498,1.819
2010-09-27 16:45:00,9.0,75.0,281.0,23.0,76.0,332.0,0.0,59.0,903.0,34,100.302,104.89,182.813,4.513,245.183,1.456
2010-09-27 17:00:00,5.0,35.0,281.0,10.0,35.0,329.0,0.0,59.0,-722.0,34,100.312,100.74,118.457,4.931,246.758,1.269
2010-09-27 17:15:00,3.0,6.0,283.0,2.0,6.0,305.0,0.0,59.0,0.0,34,100.11,95.84,31.445,5.525,235.463,1.388
2010-09-27 17:30:00,3.0,-5.0,284.0,1.0,4.0,296.0,0.0,58.0,0.0,34,96.789,89.58,9.18,6.775,250.785,0.988
2010-09-27 17:45:00,0.0,-3.0,284.0,1.0,0.0,292.0,0.0,58.0,0.0,34,94.247,85.04999999999998,2.93,7.575,278.618,0.988
2010-09-27 18:00:00,0.0,-2.0,284.0,1.0,0.0,63.0,0.0,58.0,0.0,34,91.524,81.65999999999998,0.781,9.344,280.395,0.944
2010-09-27 18:15:00,0.0,-2.0,286.0,0.0,0.0,4.0,0.0,57.0,0.0,34,90.572,79.23999999999998,0.4879999999999999,9.844,286.74,1.563
2010-09-27 18:30:00,0.0,-2.0,283.0,1.0,0.0,1.0,0.0,57.0,0.0,34,89.873,78.51999999999998,0.5859999999999999,10.575,289.215,1.887
2010-09-27 18:45:00,0.0,-3.0,283.0,1.0,0.0,1.0,0.0,57.0,0.0,34,89.62,79.12,0.4879999999999999,10.544,291.69,2.294
2010-09-28 06:00:00,5.0,31.0,284.0,10.0,31.0,305.0,0.0,54.0,638.0,34,68.722,60.95,20.215,22.381,261.698,1.663
2010-09-28 06:15:00,9.0,74.0,283.0,23.0,74.0,322.0,0.0,58.0,-886.0,34,69.927,63.02,27.344,23.163,281.295,1.913
2010-09-28 06:30:00,14.0,121.0,284.0,39.0,122.0,310.0,0.0,58.0,-957.0,34,70.717,64.71,157.324,22.744,292.14,1.65
2010-09-28 06:45:00,21.0,186.0,283.0,61.0,190.0,311.0,0.0,59.0,985.0,34,71.993,70.15,239.063,21.2,288.113,1.706
2010-09-28 07:00:00,31.0,267.0,282.0,82.0,275.0,333.0,0.0,59.0,989.0,34,73.39,76.54999999999998,310.84,20.081,299.183,1.456
2010-09-28 07:15:00,43.0,372.0,282.0,101.0,384.0,379.0,0.0,59.0,-999.0,34,74.959,83.59,386.23,17.894,281.138,2.006
2010-09-28 07:30:00,49.0,422.0,283.0,114.0,441.0,383.0,0.0,59.0,-996.0,34,76.964,91.76,450.977,16.188,282.15,1.894
2010-09-28 07:45:00,60.0,519.0,283.0,144.0,541.0,372.0,0.0,61.0,999.0,34,78.67499999999998,99.14,523.34,15.613,284.513,1.781
2010-09-28 08:00:00,68.0,581.0,282.0,170.0,607.0,355.0,0.0,61.0,997.0,34,80.336,106.56,607.227,14.362,314.595,1.25
2010-09-28 08:15:00,74.0,638.0,283.0,190.0,666.0,348.0,0.0,59.0,999.0,34,82.411,113.57,678.125,12.419,269.28,1.519
2010-09-28 08:30:00,79.0,681.0,284.0,199.0,710.0,354.0,0.0,60.0,-1000.0,34,84.16299999999998,120.07,741.3089999999999,10.463,258.255,1.306
2010-09-28 08:45:00,84.0,725.0,285.0,215.0,756.0,349.0,0.0,60.0,-999.0,34,85.418,121.53,798.73,9.538,134.145,1.3
2010-09-28 09:00:00,89.0,762.0,284.0,241.0,796.0,329.0,0.0,59.0,-999.0,34,86.552,120.15,849.609,9.806,136.687,1.169
2010-09-28 09:15:00,94.0,808.0,284.0,257.0,842.0,326.0,0.0,61.0,999.0,34,87.29099999999998,121.08,902.344,10.75,182.858,1.381
2010-09-28 09:30:00,98.0,837.0,284.0,268.0,873.0,323.0,0.0,61.0,999.0,34,88.36499999999998,116.83,951.5630000000002,7.631,123.233,1.831
2010-09-28 09:45:00,101.0,868.0,284.0,284.0,904.0,317.0,0.0,59.0,999.0,34,89.19499999999998,117.15,994.434,7.425,145.395,1.394
2010-09-28 10:00:00,103.0,884.0,284.0,281.0,922.0,326.0,0.0,59.0,-999.0,34,90.38,119.82,1030.078,5.612,161.753,1.769
2010-09-28 10:15:00,105.0,904.0,285.0,295.0,943.0,318.0,0.0,60.0,999.0,34,91.321,117.94,1067.09,5.2,140.243,1.712
2010-09-28 10:30:00,107.0,914.0,284.0,293.0,954.0,324.0,0.0,59.0,-999.0,34,92.354,124.64,1092.969,4.094,148.118,1.706
2010-09-28 10:45:00,108.0,926.0,285.0,302.0,966.0,318.0,0.0,59.0,-999.0,34,93.488,119.34,1122.754,4.387,172.688,1.831
2010-09-28 11:00:00,107.0,922.0,285.0,301.0,963.0,318.0,0.0,59.0,-999.0,34,94.298,121.68,1132.52,3.869,164.205,1.306
2010-09-28 11:15:00,109.0,932.0,284.0,304.0,974.0,319.0,0.0,61.0,999.0,34,95.412,133.32,1142.383,2.938,84.083,2.425
2010-09-28 11:30:00,109.0,931.0,283.0,305.0,972.0,318.0,0.0,60.0,999.0,34,96.262,127.03,1146.973,3.137,124.695,1.669
2010-09-28 11:45:00,108.0,923.0,283.0,304.0,963.0,316.0,0.0,61.0,999.0,34,96.981,130.25,1146.875,3.063,132.255,1.631
2010-09-28 12:00:00,108.0,923.0,282.0,305.0,965.0,315.0,0.0,60.0,999.0,34,97.963,128.63,1141.211,3.0,130.995,2.419
2010-09-28 12:15:00,106.0,905.0,284.0,296.0,945.0,318.0,0.0,60.0,1000.0,34,98.723,128.4,1130.566,2.825,189.81,1.863
2010-09-28 12:30:00,101.0,865.0,284.0,273.0,901.0,328.0,0.0,59.0,999.0,34,99.725,132.77,1114.746,2.681,141.188,1.706
2010-09-28 12:45:00,103.0,884.0,284.0,290.0,923.0,317.0,0.0,60.0,999.0,34,100.393,126.77,1093.262,2.881,148.185,2.213
2010-09-28 13:00:00,101.0,860.0,283.0,282.0,896.0,316.0,0.0,60.0,999.0,34,100.403,125.64,1064.746,2.569,193.928,1.731
2010-09-28 13:15:00,99.0,843.0,283.0,276.0,878.0,316.0,0.0,60.0,1000.0,34,101.507,128.82,1037.012,2.825,137.363,2.044
2010-09-28 13:30:00,95.0,814.0,283.0,261.0,847.0,322.0,0.0,60.0,999.0,34,101.699,128.49,1000.781,2.844,160.673,1.987
2010-09-28 13:45:00,94.0,795.0,281.0,263.0,827.0,313.0,0.0,60.0,999.0,34,101.527,121.75,961.133,3.313,181.553,1.894
2010-09-28 14:00:00,91.0,776.0,282.0,250.0,810.0,322.0,0.0,60.0,999.0,34,102.439,127.42,958.398,3.125,191.093,2.575
2010-09-28 14:15:00,86.0,739.0,283.0,239.0,770.0,321.0,0.0,61.0,999.0,34,102.459,120.69,734.4729999999998,3.738,164.138,1.525
2010-09-28 14:30:00,79.0,675.0,283.0,214.0,703.0,327.0,0.0,60.0,999.0,34,103.238,121.53,820.7029999999999,3.225,183.51,2.3
2010-09-28 14:45:00,54.0,463.0,283.0,139.0,481.0,343.0,0.0,60.0,-997.0,34,103.431,123.47,618.457,3.594,188.19,3.438
2010-09-28 15:00:00,28.0,248.0,282.0,74.0,257.0,346.0,0.0,60.0,989.0,34,102.378,116.13,548.438,4.294,183.825,3.2
2010-09-28 15:15:00,43.0,373.0,283.0,112.0,386.0,342.0,0.0,60.0,-999.0,34,101.375,111.48,439.746,4.856,184.207,3.188
2010-09-28 15:30:00,65.0,557.0,284.0,166.0,581.0,349.0,0.0,60.0,-999.0,34,101.062,111.94,510.156,4.931,195.795,2.775
2010-09-28 15:45:00,17.0,149.0,283.0,44.0,153.0,344.0,0.0,59.0,-973.0,34,101.872,115.24,488.574,4.675,189.517,2.525
2010-09-28 16:00:00,12.0,105.0,283.0,32.0,109.0,336.0,0.0,59.0,-951.0,34,101.001,108.7,122.461,5.375,221.04,2.269
2010-09-28 16:15:00,17.0,151.0,284.0,49.0,156.0,316.0,0.0,58.0,-973.0,34,99.229,102.31,152.051,5.981,226.102,2.15
2010-09-28 16:30:00,10.0,87.0,284.0,28.0,87.0,316.0,0.0,58.0,-928.0,34,98.51,100.7,133.301,5.9,231.165,1.675
2010-09-28 16:45:00,6.0,41.0,282.0,13.0,41.0,315.0,0.0,58.0,-774.0,34,97.477,97.86,71.777,6.494,221.805,0.962
2010-09-28 17:00:00,4.0,25.0,282.0,8.0,24.0,312.0,0.0,58.0,-612.0,34,96.252,93.66,41.797,7.031,262.193,0.931
2010-09-28 17:15:00,3.0,6.0,285.0,2.0,8.0,307.0,0.0,59.0,0.0,34,94.399,89.37999999999998,25.879,8.619,267.93,0.0879999999999999
2010-09-28 17:30:00,0.0,-2.0,283.0,1.0,5.0,346.0,0.0,58.0,0.0,34,92.253,85.14,7.617,9.706,267.953,0.1189999999999999
2010-09-28 17:45:00,0.0,-2.0,282.0,0.0,0.0,226.0,0.0,58.0,0.0,34,91.564,86.48,2.051,9.625,224.145,0.319
2010-09-28 18:00:00,0.0,-2.0,283.0,1.0,0.0,29.0,0.0,58.0,0.0,34,92.182,89.29,0.684,9.981000000000002,95.49,0.281
2010-09-28 18:15:00,0.0,-3.0,284.0,1.0,0.0,4.0,0.0,57.0,0.0,34,90.096,83.44,0.4879999999999999,11.1,95.04,0.063
2010-09-28 18:30:00,0.0,-3.0,285.0,1.0,0.0,3.0,0.0,57.0,0.0,34,87.089,77.51,0.4879999999999999,13.756,289.373,0.8689999999999999
2010-09-28 18:45:00,0.0,-3.0,286.0,1.0,0.0,3.0,0.0,56.0,0.0,34,85.753,74.76,0.391,15.563,254.092,0.875
2010-09-29 06:00:00,5.0,39.0,284.0,13.0,40.0,312.0,0.0,54.0,-724.0,34,70.849,64.39,28.125,20.075,284.22,1.863
2010-09-29 06:15:00,10.0,87.0,283.0,28.0,89.0,321.0,0.0,57.0,915.0,34,71.264,65.94,42.285,20.206,296.1,1.806
2010-09-29 06:30:00,16.0,137.0,284.0,45.0,140.0,311.0,0.0,58.0,-971.0,34,71.932,0.0,164.844,20.7,286.2,1.481
2010-09-29 06:45:00,21.0,184.0,284.0,60.0,189.0,311.0,0.0,59.0,-985.0,34,73.32899999999998,74.54,244.043,20.481,295.515,1.731
2010-09-29 07:00:00,28.0,244.0,283.0,80.0,252.0,311.0,0.0,59.0,-989.0,34,74.79699999999998,80.33,304.297,19.506,323.73,1.525
2010-09-29 07:15:00,42.0,360.0,284.0,97.0,371.0,377.0,0.0,60.0,996.0,34,76.12399999999998,86.14,372.754,18.981,296.708,1.169
2010-09-29 07:30:00,51.0,433.0,283.0,118.0,452.0,379.0,0.0,59.0,996.0,34,77.187,93.97,443.945,17.731,297.967,1.538
2010-09-29 07:45:00,59.0,503.0,283.0,143.0,523.0,364.0,0.0,60.0,-999.0,34,78.67499999999998,98.5,512.109,17.65,291.645,2.363
2010-09-29 08:00:00,66.0,564.0,283.0,163.0,587.0,358.0,0.0,60.0,-999.0,34,80.569,102.83,583.984,21.45,264.398,2.225
2010-09-29 08:15:00,71.0,612.0,285.0,174.0,638.0,364.0,0.0,59.0,-999.0,34,81.92499999999998,108.32,649.902,22.956,203.31,1.894
2010-09-29 08:30:00,78.0,669.0,284.0,201.0,698.0,344.0,0.0,60.0,997.0,34,82.99899999999998,112.28,711.914,22.781,81.405,1.931
2010-09-29 08:45:00,83.0,715.0,284.0,222.0,743.0,333.0,0.0,60.0,999.0,34,83.9,113.14,770.313,23.188,128.745,1.944
2010-09-29 09:00:00,88.0,753.0,285.0,224.0,787.0,349.0,0.0,61.0,999.0,34,85.11499999999998,113.81,824.707,22.306,149.423,1.631
2010-09-29 09:15:00,91.0,785.0,285.0,254.0,819.0,321.0,0.0,59.0,999.0,34,86.036,114.46,876.0739999999998,22.506,110.768,1.656
2010-09-29 09:30:00,96.0,822.0,285.0,261.0,858.0,326.0,0.0,61.0,999.0,34,86.998,118.45,923.145,23.625,138.645,1.306
2010-09-29 09:45:00,98.0,846.0,287.0,271.0,881.0,323.0,0.0,59.0,999.0,34,87.98,117.07,961.9140000000002,24.963,177.593,1.438
2010-09-29 10:00:00,101.0,873.0,286.0,277.0,912.0,327.0,0.0,61.0,-999.0,34,88.68899999999998,115.12,1000.098,24.663,139.275,1.531
2010-09-29 10:15:00,104.0,889.0,284.0,286.0,930.0,323.0,0.0,59.0,999.0,34,89.56999999999998,114.14,1031.055,23.45,148.725,1.8
2010-09-29 10:30:00,105.0,903.0,284.0,295.0,942.0,317.0,0.0,61.0,999.0,34,90.096,118.11,1057.91,22.956,133.605,1.962
2010-09-29 10:45:00,107.0,915.0,283.0,300.0,955.0,316.0,0.0,60.0,999.0,34,91.321,124.25,1081.934,22.256,183.668,1.681
2010-09-29 11:00:00,108.0,922.0,284.0,302.0,962.0,317.0,0.0,61.0,-999.0,34,92.232,118.45,1095.508,21.969,182.902,2.325
2010-09-29 11:15:00,108.0,923.0,283.0,301.0,963.0,318.0,0.0,59.0,999.0,34,93.356,122.27,1106.348,20.931,156.15,1.925
2010-09-29 11:30:00,107.0,924.0,286.0,301.0,965.0,319.0,0.0,60.0,999.0,34,93.721,117.69,1112.598,20.875,146.07,2.056
2010-09-29 11:45:00,107.0,922.0,286.0,300.0,962.0,319.0,0.0,60.0,999.0,34,94.045,119.24,1116.113,20.288,142.245,1.675
2010-09-29 12:00:00,106.0,914.0,285.0,293.0,954.0,324.0,0.0,60.0,999.0,34,95.148,123.37,1112.695,19.525,180.81,2.406
2010-09-29 12:15:00,97.0,834.0,285.0,270.0,868.0,319.0,0.0,60.0,999.0,34,96.758,132.12,1103.613,18.638,172.823,2.137
2010-09-29 12:30:00,104.0,891.0,284.0,292.0,930.0,317.0,0.0,60.0,1000.0,34,97.143,123.18,1082.129,18.306,173.633,1.931
2010-09-29 12:45:00,102.0,868.0,283.0,285.0,905.0,316.0,0.0,60.0,999.0,34,97.305,122.71,1059.766,17.356,175.702,1.75
2010-09-29 13:00:00,99.0,847.0,284.0,274.0,884.0,321.0,0.0,60.0,-999.0,34,98.115,130.56,1039.844,16.338,131.715,1.819
2010-09-29 13:15:00,96.0,828.0,285.0,266.0,864.0,323.0,0.0,60.0,-999.0,34,98.318,127.81,1010.742,16.406,154.013,1.75
2010-09-29 13:30:00,93.0,800.0,285.0,259.0,833.0,319.0,0.0,60.0,-999.0,34,99.431,124.81,971.2890000000002,15.369,180.99,1.95
2010-09-29 13:45:00,88.0,753.0,284.0,247.0,785.0,316.0,0.0,59.0,-999.0,34,99.472,118.66,913.477,15.344,163.575,1.694
2010-09-29 14:00:00,84.0,718.0,284.0,227.0,747.0,327.0,0.0,60.0,1000.0,34,99.107,121.78,774.902,14.994,116.843,1.425
2010-09-29 14:15:00,80.0,684.0,284.0,212.0,712.0,334.0,0.0,60.0,1000.0,34,99.249,120.94,741.9919999999998,14.387,211.613,1.156
2010-09-29 14:30:00,67.0,577.0,284.0,181.0,602.0,330.0,0.0,61.0,999.0,34,100.565,126.03,737.207,12.538,194.108,2.012
2010-09-29 14:45:00,52.0,449.0,284.0,135.0,468.0,345.0,0.0,60.0,999.0,34,99.928,118.78,498.047,11.069,174.173,2.206
2010-09-29 15:00:00,60.0,510.0,282.0,156.0,529.0,338.0,0.0,60.0,1000.0,34,99.543,115.2,595.02,12.319,61.875,2.137
2010-09-29 15:15:00,47.0,400.0,281.0,121.0,414.0,340.0,0.0,59.0,999.0,34,99.28,113.14,502.734,12.4,195.57,1.331
2010-09-29 15:30:00,36.0,310.0,282.0,93.0,318.0,340.0,0.0,59.0,-999.0,34,98.976,110.65,410.84,11.419,75.488,1.681
2010-09-29 15:45:00,26.0,226.0,282.0,67.0,233.0,343.0,0.0,60.0,993.0,34,98.227,106.9,297.754,10.837,202.095,1.044
2010-09-29 16:00:00,24.0,211.0,281.0,65.0,216.0,329.0,0.0,60.0,-987.0,34,97.811,103.77,247.363,11.362,264.645,1.919
2010-09-29 16:15:00,19.0,164.0,282.0,51.0,170.0,331.0,0.0,59.0,-983.0,34,97.214,102.49,246.582,11.625,266.558,0.875
2010-09-29 16:30:00,8.0,62.0,282.0,18.0,63.0,344.0,0.0,58.0,-884.0,34,96.809,100.65,146.289,12.206,239.828,0.5879999999999999
2010-09-29 16:45:00,4.0,25.0,282.0,7.0,25.0,350.0,0.0,59.0,633.0,34,95.25,95.92,51.172,13.319,215.325,0.962
2010-09-29 17:00:00,3.0,18.0,281.0,5.0,17.0,353.0,0.0,58.0,-538.0,34,93.772,90.66,43.848,14.637,245.138,0.794
2010-09-29 17:15:00,3.0,4.0,283.0,1.0,5.0,305.0,0.0,58.0,0.0,34,92.88,85.98,17.969,15.737,228.578,1.744
2010-09-29 17:30:00,0.0,-3.0,282.0,1.0,0.0,342.0,0.0,58.0,0.0,34,91.372,84.62999999999998,6.152,16.869,215.213,2.213
2010-09-29 17:45:00,2.0,-9.0,282.0,1.0,5.0,292.0,0.0,58.0,0.0,34,90.319,84.03,1.66,17.138,214.38,2.319
2010-09-29 18:00:00,0.0,-2.0,282.0,1.0,0.0,27.0,0.0,58.0,0.0,34,89.357,82.83,0.5859999999999999,17.813,210.443,1.887
2010-09-29 18:15:00,0.0,-3.0,285.0,0.0,0.0,4.0,0.0,57.0,0.0,34,88.334,81.48999999999998,0.4879999999999999,19.431,226.755,2.05
2010-09-29 18:30:00,0.0,-3.0,286.0,1.0,0.0,3.0,0.0,57.0,0.0,34,86.563,78.17,0.5859999999999999,21.119,230.76,0.5809999999999998
2010-09-29 18:45:00,0.0,-2.0,286.0,1.0,0.0,3.0,0.0,56.0,0.0,34,84.578,74.73,0.4879999999999999,22.781,247.095,1.031
2010-09-03 06:00:00,9.0,71.0,284.0,22.0,76.0,334.0,0.0,58.0,883.0,34,72.691,59.08,36.133,23.388,284.603,1.219
2010-09-03 06:15:00,14.0,121.0,284.0,40.0,126.0,312.0,0.0,60.0,-957.0,34,77.38899999999998,62.73,161.523,16.063,297.068,1.563
2010-09-03 06:30:00,21.0,182.0,284.0,60.0,190.0,310.0,0.0,59.0,985.0,34,80.224,69.88,226.27,16.419,284.648,1.1
2010-09-03 06:45:00,34.0,292.0,284.0,78.0,305.0,383.0,0.0,59.0,995.0,34,77.733,77.37999999999998,297.656,20.85,240.188,0.813
2010-09-03 07:00:00,43.0,368.0,283.0,101.0,383.0,375.0,0.0,60.0,996.0,34,77.71299999999998,84.51,365.234,21.5,42.165,0.75
2010-09-03 07:15:00,51.0,442.0,284.0,124.0,459.0,366.0,0.0,55.0,999.0,34,79.019,91.94,437.402,18.675,54.45,1.012
2010-09-03 07:30:00,60.0,518.0,283.0,146.0,544.0,367.0,0.0,57.0,997.0,34,80.933,98.58,509.57,16.525,178.358,1.894
2010-09-03 07:45:00,68.0,589.0,286.0,171.0,616.0,356.0,0.0,58.0,999.0,34,82.69499999999998,103.2,585.84,13.681,212.693,2.656
2010-09-03 08:00:00,75.0,648.0,286.0,190.0,679.0,353.0,0.0,56.0,999.0,34,83.819,111.09,658.203,13.938,284.04,2.262
2010-09-03 08:15:00,82.0,703.0,286.0,210.0,735.0,346.0,0.0,56.0,999.0,34,85.06399999999998,118.83,727.734,13.738,312.278,1.569
2010-09-03 08:30:00,87.0,747.0,286.0,233.0,783.0,331.0,0.0,57.0,998.0,34,86.664,125.04,792.5779999999999,12.9,285.705,1.637
2010-09-03 08:45:00,92.0,793.0,285.0,248.0,831.0,332.0,0.0,61.0,999.0,34,88.203,131.72,853.8089999999999,12.4,215.505,1.575
2010-09-03 09:00:00,96.0,828.0,287.0,256.0,869.0,335.0,0.0,59.0,999.0,34,89.671,134.63,912.5,11.15,218.385,1.344
2010-09-03 09:15:00,101.0,865.0,286.0,278.0,904.0,321.0,0.0,58.0,999.0,34,90.987,139.21,968.066,9.981000000000002,219.308,1.238
2010-09-03 09:30:00,105.0,899.0,285.0,295.0,941.0,316.0,0.0,59.0,999.0,34,92.779,135.75,1017.383,7.869,240.368,2.363
2010-09-03 09:45:00,107.0,923.0,286.0,301.0,965.0,317.0,0.0,62.0,1000.0,34,94.106,140.52,1063.281,6.825,298.687,2.119
2010-09-03 10:00:00,110.0,941.0,285.0,308.0,985.0,316.0,0.0,58.0,999.0,34,95.3,142.95,1101.367,6.594,260.955,2.512
2010-09-03 10:15:00,111.0,955.0,285.0,313.0,1000.0,316.0,0.0,59.0,999.0,34,96.242,146.85,1135.352,6.55,258.165,2.375
2010-09-03 10:30:00,111.0,959.0,288.0,311.0,1004.0,319.0,0.0,61.0,999.0,34,97.548,151.22,1163.379,6.581,278.955,2.187
2010-09-03 10:45:00,111.0,961.0,288.0,312.0,1007.0,319.0,0.0,58.0,999.0,34,98.196,144.15,1185.84,6.863,156.78,0.0
2010-09-03 11:00:00,112.0,965.0,287.0,314.0,1009.0,318.0,0.0,61.0,999.0,34,99.158,131.07,1200.879,7.069,154.193,2.331
2010-09-03 11:15:00,112.0,961.0,286.0,313.0,1005.0,318.0,0.0,58.0,999.0,34,99.877,132.64,1211.621,6.844,149.828,1.919
2010-09-03 11:30:00,113.0,972.0,285.0,317.0,1019.0,317.0,0.0,62.0,999.0,34,100.97,138.74,1222.754,6.656,179.123,2.844
2010-09-03 11:45:00,114.0,969.0,283.0,319.0,1015.0,314.0,0.0,58.0,999.0,34,102.003,146.61,1224.609,6.575,225.967,1.45
2010-09-03 12:00:00,113.0,959.0,282.0,314.0,1004.0,315.0,0.0,60.0,999.0,34,102.975,138.25,1222.363,6.869,197.482,1.981
2010-09-03 12:15:00,114.0,968.0,283.0,318.0,1013.0,314.0,0.0,61.0,1000.0,34,103.036,123.37,1215.137,7.331,180.113,1.844
2010-09-03 12:30:00,111.0,949.0,285.0,310.0,993.0,317.0,0.0,59.0,999.0,34,103.259,128.49,1203.418,6.219,225.36,1.8
2010-09-03 12:45:00,109.0,931.0,284.0,304.0,976.0,317.0,0.0,59.0,999.0,34,103.512,125.98,1190.137,5.806,153.023,1.937
2010-09-03 13:00:00,110.0,934.0,282.0,308.0,977.0,314.0,0.0,61.0,-1000.0,34,104.383,135.47,1168.359,4.931,98.258,3.2
2010-09-03 13:15:00,109.0,924.0,282.0,302.0,969.0,317.0,0.0,61.0,-999.0,34,105.506,134.81,1143.262,4.394,146.992,2.987
2010-09-03 13:30:00,107.0,907.0,283.0,299.0,950.0,314.0,0.0,59.0,-999.0,34,105.689,123.39,1109.961,4.6,164.7,2.775
2010-09-03 13:45:00,103.0,876.0,282.0,290.0,916.0,313.0,0.0,59.0,999.0,34,106.296,126.56,1065.625,3.85,174.263,2.45
2010-09-03 14:00:00,99.0,841.0,284.0,277.0,881.0,314.0,0.0,60.0,-999.0,34,106.863,124.36,1022.656,3.8,183.847,2.431
2010-09-03 14:15:00,97.0,820.0,283.0,270.0,860.0,314.0,0.0,61.0,999.0,34,107.035,122.08,977.5390000000002,2.875,175.365,3.606
2010-09-03 14:30:00,92.0,780.0,283.0,257.0,815.0,313.0,0.0,60.0,-999.0,34,107.552,132.61,924.512,2.35,213.84,3.275
2010-09-03 14:45:00,86.0,730.0,282.0,241.0,764.0,313.0,0.0,60.0,999.0,34,107.977,129.28,869.336,2.137,201.6,3.119
2010-09-03 15:00:00,81.0,687.0,282.0,223.0,719.0,318.0,0.0,61.0,-999.0,34,107.825,123.78,805.566,2.25,186.277,4.119
2010-09-03 15:15:00,74.0,630.0,282.0,193.0,658.0,336.0,0.0,59.0,999.0,34,107.633,121.33,740.7229999999998,2.613,194.243,2.769
2010-09-03 15:30:00,67.0,572.0,282.0,181.0,598.0,326.0,0.0,61.0,997.0,34,106.073,114.57,673.145,3.119,147.555,2.325
2010-09-03 15:45:00,59.0,506.0,282.0,155.0,529.0,337.0,0.0,61.0,-997.0,34,105.658,116.72,602.539,2.869,217.8,2.087
2010-09-03 16:00:00,52.0,442.0,282.0,134.0,464.0,342.0,0.0,57.0,-996.0,34,106.246,115.06,532.617,3.219,184.32,3.975
2010-09-03 16:15:00,43.0,371.0,282.0,113.0,386.0,339.0,0.0,60.0,-996.0,34,106.327,111.11,460.156,3.419,175.568,2.175
2010-09-03 16:30:00,34.0,294.0,283.0,91.0,307.0,334.0,0.0,60.0,-995.0,34,108.068,110.32,385.645,2.831,125.685,1.488
2010-09-03 16:45:00,25.0,217.0,284.0,69.0,228.0,327.0,0.0,59.0,-987.0,34,108.048,107.89,313.672,3.169,122.963,1.744
2010-09-03 17:00:00,16.0,143.0,284.0,43.0,151.0,342.0,0.0,59.0,-972.0,34,107.056,104.85,244.043,3.556,168.075,1.819
2010-09-03 17:15:00,10.0,81.0,284.0,25.0,87.0,341.0,0.0,59.0,-922.0,34,106.053,103.35,179.785,3.85,152.078,1.725
2010-09-03 17:30:00,5.0,37.0,285.0,11.0,41.0,354.0,0.0,60.0,-777.0,34,104.929,101.9,111.035,4.35,110.115,1.369
2010-09-03 17:45:00,3.0,10.0,286.0,4.0,13.0,350.0,0.0,59.0,0.0,34,103.37,99.97,48.34,4.55,94.41,1.431
2010-09-03 18:00:00,10.0,-6.0,284.0,-1.0,-5.0,364.0,0.0,58.0,61.0,34,100.576,97.22,11.621,5.162,77.985,1.587
2010-09-03 18:15:00,0.0,-3.0,285.0,-1.0,-5.0,323.0,0.0,59.0,0.0,34,97.67,94.58,0.0,6.088,87.593,1.019
2010-09-03 18:30:00,0.0,-3.0,285.0,-1.0,-2.0,163.0,0.0,59.0,0.0,34,95.068,89.08,1.074,7.25,100.62,0.25
2010-09-03 18:45:00,0.0,-3.0,285.0,-1.0,-2.0,11.0,0.0,58.0,0.0,34,92.192,83.51,0.684,9.456,218.295,1.519
2010-09-30 06:00:00,2.0,6.0,284.0,2.0,6.0,329.0,0.0,47.0,0.0,34,71.517,65.48,9.863,26.9,209.858,1.269
2010-09-30 06:15:00,4.0,22.0,284.0,7.0,22.0,335.0,0.0,53.0,566.0,34,72.884,67.41,21.484,26.231,324.495,2.194
2010-09-30 06:30:00,6.0,48.0,284.0,14.0,49.0,347.0,0.0,56.0,799.0,34,73.795,70.91,42.871,24.088,265.275,2.125
2010-09-30 06:45:00,8.0,67.0,284.0,19.0,67.0,348.0,0.0,58.0,876.0,34,74.706,72.76999999999998,56.836,23.275,250.56,1.306
2010-09-30 07:00:00,13.0,112.0,284.0,36.0,113.0,311.0,0.0,58.0,953.0,34,75.09099999999998,74.62,95.508,25.781,268.2,1.756
2010-09-30 07:15:00,15.0,133.0,283.0,43.0,136.0,311.0,0.0,58.0,-970.0,34,76.70099999999998,77.56999999999998,137.402,22.256,303.368,2.5
2010-09-30 07:30:00,16.0,141.0,284.0,46.0,144.0,311.0,0.0,59.0,963.0,34,77.96599999999998,80.97,154.102,19.006,269.662,2.156
2010-09-30 07:45:00,19.0,168.0,283.0,53.0,172.0,326.0,0.0,58.0,-976.0,34,79.171,83.09,149.707,18.512,244.26,2.4
2010-09-30 08:00:00,32.0,278.0,283.0,79.0,286.0,359.0,0.0,59.0,990.0,34,80.022,85.42,225.098,18.156,272.092,1.419
2010-09-30 08:15:00,33.0,280.0,282.0,76.0,290.0,381.0,0.0,59.0,995.0,34,81.59099999999998,90.7,293.262,17.256,287.888,1.881
2010-09-30 08:30:00,36.0,313.0,284.0,89.0,321.0,358.0,0.0,60.0,995.0,34,82.816,94.29,275.195,17.419,241.988,1.519
2010-09-30 08:45:00,46.0,392.0,284.0,108.0,409.0,377.0,0.0,60.0,996.0,34,83.687,94.43,349.902,17.912,178.245,2.163
2010-09-30 09:00:00,66.0,569.0,286.0,163.0,592.0,360.0,0.0,60.0,-999.0,34,85.479,96.36,533.984,15.0,184.342,1.969
2010-09-30 09:15:00,49.0,427.0,285.0,124.0,442.0,356.0,0.0,59.0,999.0,34,87.393,103.11,424.512,13.425,197.032,1.475
2010-09-30 09:30:00,68.0,588.0,285.0,173.0,611.0,350.0,0.0,59.0,999.0,34,88.34399999999998,107.21,493.359,12.056,221.018,1.063
2010-09-30 09:45:00,88.0,754.0,284.0,230.0,787.0,340.0,0.0,61.0,999.0,34,89.985,114.8,726.9529999999999,10.925,219.263,0.769
2010-09-30 10:00:00,119.0,1024.0,285.0,334.0,1070.0,318.0,0.0,60.0,-1000.0,34,91.908,121.76,1083.594,9.413,163.372,1.138
2010-09-30 10:15:00,98.0,838.0,284.0,275.0,873.0,316.0,0.0,61.0,999.0,34,93.731,130.02,1194.727,8.961999999999998,218.948,1.244
2010-09-30 10:30:00,83.0,712.0,283.0,234.0,741.0,315.0,0.0,60.0,999.0,34,94.582,135.23,1010.449,8.275,221.985,1.6
2010-09-30 10:45:00,53.0,453.0,282.0,142.0,471.0,330.0,0.0,60.0,999.0,34,93.934,123.5,849.023,8.711999999999998,140.805,1.419
2010-09-30 11:00:00,44.0,379.0,282.0,117.0,392.0,333.0,0.0,59.0,996.0,34,93.812,125.59,616.113,8.319,221.85,1.413
2010-09-30 11:15:00,38.0,325.0,282.0,98.0,334.0,338.0,0.0,59.0,995.0,34,94.42,119.35,384.961,7.756,222.593,1.244
2010-09-30 11:30:00,54.0,468.0,284.0,138.0,487.0,349.0,0.0,61.0,999.0,34,94.612,111.75,396.387,7.775,201.87,0.881
2010-09-30 11:45:00,65.0,553.0,283.0,182.0,573.0,313.0,0.0,59.0,-997.0,34,95.888,116.83,1028.906,6.425,144.337,1.156
2010-09-30 12:00:00,80.0,684.0,283.0,215.0,712.0,330.0,0.0,61.0,-999.0,34,97.305,117.82,587.598,4.087,134.865,1.794
2010-09-30 12:15:00,72.0,612.0,283.0,193.0,638.0,328.0,0.0,58.0,999.0,34,97.163,114.67,696.094,4.113,67.568,1.944
2010-09-30 12:30:00,59.0,508.0,284.0,157.0,530.0,335.0,0.0,60.0,999.0,34,98.399,119.19,646.191,4.025,121.343,1.275
2010-09-30 12:45:00,86.0,735.0,285.0,229.0,768.0,333.0,0.0,61.0,999.0,34,98.52,117.1,653.906,3.444,114.435,2.225
2010-09-30 13:00:00,100.0,854.0,285.0,277.0,892.0,320.0,0.0,60.0,-999.0,34,99.492,123.26,1000.195,3.313,70.605,1.506
2010-09-30 13:15:00,37.0,319.0,284.0,102.0,329.0,322.0,0.0,59.0,995.0,34,100.839,127.26,613.672,3.394,147.96,2.025
2010-09-30 13:30:00,35.0,306.0,283.0,95.0,314.0,327.0,0.0,59.0,995.0,34,99.209,117.0,309.375,4.581,134.573,1.3
2010-09-30 13:45:00,39.0,340.0,283.0,99.0,352.0,354.0,0.0,59.0,995.0,34,98.085,110.11,319.141,5.069,185.535,1.45
2010-09-30 14:00:00,38.0,326.0,284.0,97.0,336.0,344.0,0.0,59.0,-995.0,34,97.639,107.78,313.184,5.125,224.978,1.406
2010-09-30 14:15:00,45.0,391.0,284.0,114.0,405.0,354.0,0.0,60.0,996.0,34,97.71,108.78,341.016,5.288,313.2,1.306
2010-09-30 14:30:00,31.0,272.0,284.0,78.0,282.0,356.0,0.0,60.0,989.0,34,97.791,110.49,311.914,5.606,271.17,1.85
2010-09-30 14:45:00,29.0,252.0,282.0,72.0,261.0,357.0,0.0,59.0,-989.0,34,97.487,108.89,275.195,6.294,253.508,1.944
2010-09-30 15:00:00,58.0,494.0,283.0,143.0,513.0,357.0,0.0,59.0,999.0,34,97.194,107.36,323.73,6.138,302.76,1.506
2010-09-30 15:15:00,17.0,148.0,282.0,45.0,153.0,340.0,0.0,59.0,-973.0,34,97.528,108.71,253.906,6.025,303.165,1.637
2010-09-30 15:30:00,24.0,211.0,282.0,62.0,218.0,348.0,0.0,58.0,-987.0,34,96.92,105.61,264.063,6.525,306.833,1.219
2010-09-30 15:45:00,36.0,306.0,282.0,88.0,315.0,355.0,0.0,59.0,-995.0,34,96.232,102.76,180.566,7.275,225.135,1.344
2010-09-30 16:00:00,29.0,255.0,283.0,74.0,261.0,351.0,0.0,58.0,-994.0,34,95.543,101.32,221.484,7.687999999999999,243.922,1.244
2010-09-30 16:15:00,14.0,120.0,283.0,34.0,122.0,353.0,0.0,58.0,967.0,34,95.088,100.72,195.508,8.606,245.498,1.106
2010-09-30 16:30:00,8.0,67.0,283.0,19.0,70.0,356.0,0.0,59.0,-876.0,34,94.217,98.48,93.75,9.331,254.385,1.175
2010-09-30 16:45:00,4.0,27.0,284.0,7.0,27.0,360.0,0.0,59.0,-645.0,34,92.86,94.35,60.84,10.344,256.995,1.188
2010-09-30 17:00:00,3.0,9.0,284.0,3.0,9.0,332.0,0.0,59.0,0.0,34,91.777,90.0,40.918,11.212,274.343,1.262
2010-09-30 17:15:00,3.0,-3.0,283.0,1.0,4.0,296.0,0.0,58.0,0.0,34,90.775,86.09999999999998,10.742,12.337,257.153,1.031
2010-09-30 17:30:00,0.0,-2.0,283.0,1.0,2.0,326.0,0.0,58.0,0.0,34,89.296,83.25,3.613,13.7,266.4,0.944
2010-09-30 17:45:00,0.0,-3.0,283.0,0.0,0.0,174.0,0.0,58.0,0.0,34,87.95,81.43,0.781,15.481,259.133,0.912
2010-09-30 18:00:00,0.0,-2.0,282.0,1.0,0.0,18.0,0.0,57.0,0.0,34,86.988,80.18,0.4879999999999999,16.338,259.02,1.025
2010-09-30 18:15:00,0.0,-2.0,284.0,1.0,0.0,7.0,0.0,56.0,0.0,34,85.965,78.09,0.0,17.788,237.443,0.988
2010-09-30 18:30:00,0.0,-3.0,285.0,0.0,0.0,11.0,0.0,55.0,0.0,34,84.558,76.0,0.391,18.719,240.12,0.9
2010-09-30 18:45:00,0.0,-3.0,286.0,0.0,0.0,7.0,0.0,55.0,0.0,34,84.183,75.31999999999998,0.2929999999999999,18.806,285.435,1.637
2010-09-04 06:00:00,9.0,71.0,287.0,22.0,75.0,336.0,0.0,58.0,898.0,34,74.271,63.39,30.176,21.575,249.435,0.5939999999999999
2010-09-04 06:15:00,15.0,133.0,287.0,38.0,141.0,364.0,0.0,59.0,960.0,34,77.248,65.05,162.5,20.6,180.923,0.325
2010-09-04 06:30:00,24.0,216.0,286.0,57.0,224.0,385.0,0.0,60.0,993.0,34,78.949,69.59,226.855,16.594,275.085,2.087
2010-09-04 06:45:00,33.0,290.0,286.0,77.0,302.0,385.0,0.0,60.0,995.0,34,78.068,78.29999999999998,296.484,14.438,273.803,1.563
2010-09-04 07:00:00,42.0,367.0,284.0,99.0,383.0,381.0,0.0,59.0,996.0,34,78.402,85.48999999999998,366.797,14.7,264.803,1.175
2010-09-04 07:15:00,51.0,444.0,286.0,122.0,464.0,376.0,0.0,59.0,999.0,34,80.062,93.78,439.648,12.8,346.725,0.881
2010-09-04 07:30:00,61.0,522.0,284.0,149.0,546.0,364.0,0.0,58.0,999.0,34,81.875,100.43,514.746,10.556,309.42,1.856
2010-09-04 07:45:00,68.0,587.0,286.0,169.0,614.0,358.0,0.0,56.0,997.0,34,83.403,107.58,592.383,9.669,243.18,1.45
2010-09-04 08:00:00,76.0,648.0,284.0,191.0,680.0,350.0,0.0,61.0,-999.0,34,84.983,113.92,664.453,9.156,161.415,1.65
2010-09-04 08:15:00,81.0,702.0,288.0,211.0,734.0,343.0,0.0,61.0,999.0,34,86.411,117.01,733.105,9.425,75.87,1.194
2010-09-04 08:30:00,86.0,746.0,287.0,225.0,781.0,343.0,0.0,57.0,999.0,34,87.696,118.38,795.996,9.7,159.008,1.138
2010-09-04 08:45:00,92.0,796.0,286.0,250.0,834.0,330.0,0.0,61.0,998.0,34,88.851,116.14,857.422,8.931,128.318,1.756
2010-09-04 09:00:00,97.0,838.0,286.0,262.0,878.0,332.0,0.0,61.0,-999.0,34,89.884,116.78,916.211,8.319,124.763,1.825
2010-09-04 09:15:00,101.0,873.0,286.0,284.0,912.0,317.0,0.0,60.0,1000.0,34,90.704,113.29,970.215,8.256,151.875,1.681
2010-09-04 09:30:00,104.0,901.0,287.0,293.0,943.0,318.0,0.0,58.0,999.0,34,91.483,112.63,1018.75,8.269,150.66,1.637
2010-09-04 09:45:00,105.0,912.0,288.0,288.0,957.0,328.0,0.0,59.0,999.0,34,92.8,120.21,1063.867,8.131,151.043,1.613
2010-09-04 10:00:00,110.0,942.0,286.0,307.0,985.0,317.0,0.0,60.0,1000.0,34,94.227,123.33,1104.102,6.894,129.78,1.775
2010-09-04 10:15:00,111.0,957.0,287.0,312.0,1003.0,318.0,0.0,58.0,998.0,34,95.23,123.16,1137.5,6.625,129.33,1.863
2010-09-04 10:30:00,114.0,977.0,285.0,319.0,1023.0,317.0,0.0,62.0,999.0,34,96.404,126.42,1166.797,6.075,150.48,2.169
2010-09-04 10:45:00,115.0,989.0,286.0,323.0,1036.0,317.0,0.0,59.0,999.0,34,97.416,123.39,1188.77,6.144,159.165,2.869
2010-09-04 11:00:00,113.0,982.0,288.0,318.0,1028.0,319.0,0.0,59.0,-999.0,34,98.551,126.75,1206.738,5.875,131.827,2.931
2010-09-04 11:15:00,114.0,988.0,287.0,321.0,1034.0,318.0,0.0,62.0,-999.0,34,99.735,126.43,1217.285,5.45,118.935,2.525
2010-09-04 11:30:00,111.0,954.0,286.0,305.0,1000.0,324.0,0.0,61.0,-999.0,34,100.616,125.69,1224.219,5.4,167.175,2.094
2010-09-04 11:45:00,112.0,963.0,286.0,312.0,1009.0,320.0,0.0,60.0,1000.0,34,102.469,132.11,1226.855,4.606,133.718,2.369
2010-09-04 12:00:00,113.0,970.0,286.0,315.0,1017.0,318.0,0.0,60.0,999.0,34,103.957,132.32,1227.051,4.431,184.32,2.531
2010-09-04 12:15:00,111.0,957.0,286.0,312.0,1003.0,318.0,0.0,61.0,-999.0,34,105.02,137.19,1223.145,2.688,185.67,2.506
2010-09-04 12:30:00,119.0,1016.0,285.0,332.0,1066.0,317.0,0.0,60.0,999.0,34,106.043,139.22,1215.723,1.794,226.958,6.875
2010-09-04 12:45:00,118.0,1012.0,286.0,330.0,1062.0,318.0,0.0,60.0,998.0,34,105.932,133.9,1197.07,1.525,229.86,8.144
2010-09-04 13:00:00,116.0,997.0,285.0,318.0,1046.0,325.0,0.0,61.0,999.0,34,105.598,131.95,1175.684,1.438,225.405,8.461999999999998
2010-09-04 13:15:00,113.0,977.0,286.0,318.0,1023.0,318.0,0.0,60.0,1000.0,34,105.8,130.6,1146.094,1.338,222.255,7.461999999999998
2010-09-04 13:30:00,110.0,943.0,286.0,307.0,986.0,318.0,0.0,61.0,999.0,34,106.053,134.36,1113.77,1.369,217.778,5.794
2010-09-04 13:45:00,106.0,916.0,286.0,298.0,959.0,318.0,0.0,61.0,999.0,34,106.185,133.53,1073.438,1.338,208.013,5.775
2010-09-04 14:00:00,104.0,891.0,286.0,291.0,934.0,317.0,0.0,60.0,-999.0,34,106.792,131.17,1029.004,1.469,217.058,7.569
2010-09-04 14:15:00,98.0,843.0,285.0,276.0,885.0,316.0,0.0,59.0,999.0,34,106.468,126.71,979.102,1.375,233.213,8.519
2010-09-04 14:30:00,94.0,807.0,285.0,257.0,846.0,324.0,0.0,60.0,999.0,34,106.165,124.49,925.391,1.675,217.89,8.513
2010-09-04 14:45:00,88.0,760.0,284.0,238.0,796.0,329.0,0.0,61.0,999.0,34,106.144,123.2,868.359,1.656,224.685,7.625
2010-09-04 15:00:00,82.0,704.0,285.0,224.0,738.0,324.0,0.0,61.0,999.0,34,106.104,123.54,808.105,1.613,261.157,6.781
2010-09-04 15:15:00,76.0,654.0,285.0,200.0,684.0,338.0,0.0,60.0,999.0,34,105.537,120.86,743.75,1.8,216.0,7.694
2010-09-04 15:30:00,68.0,589.0,285.0,182.0,615.0,334.0,0.0,58.0,-999.0,34,105.243,118.51,675.684,1.925,216.765,7.244
2010-09-04 15:45:00,60.0,522.0,285.0,157.0,546.0,344.0,0.0,60.0,-999.0,34,104.99,116.33,606.445,1.975,226.755,7.836999999999998
2010-09-04 16:00:00,52.0,453.0,285.0,139.0,472.0,336.0,0.0,59.0,999.0,34,104.656,115.11,536.035,1.919,233.258,8.125
2010-09-04 16:15:00,43.0,379.0,286.0,110.0,398.0,358.0,0.0,60.0,996.0,34,104.413,112.69,463.086,2.231,216.585,7.163
2010-09-04 16:30:00,35.0,305.0,286.0,88.0,318.0,355.0,0.0,60.0,995.0,34,106.154,110.4,389.844,1.631,229.635,7.425
2010-09-04 16:45:00,26.0,225.0,286.0,67.0,236.0,348.0,0.0,60.0,-982.0,34,106.488,107.6,317.48,1.694,229.77,7.25
2010-09-04 17:00:00,17.0,145.0,285.0,45.0,153.0,337.0,0.0,59.0,-972.0,34,106.084,104.99,246.875,1.837,222.233,7.275
2010-09-04 17:15:00,9.0,81.0,286.0,25.0,87.0,339.0,0.0,59.0,908.0,34,105.0,102.81,182.324,2.019,225.81,7.437999999999999
2010-09-04 17:30:00,5.0,36.0,283.0,12.0,41.0,334.0,0.0,58.0,-729.0,34,103.846,100.86,111.426,2.281,222.12,6.544
2010-09-04 17:45:00,3.0,8.0,285.0,3.0,12.0,333.0,0.0,59.0,0.0,34,102.327,98.47,45.801,2.856,242.573,5.331
2010-09-04 18:00:00,0.0,-3.0,285.0,-2.0,-5.0,361.0,0.0,58.0,0.0,34,98.956,95.88,10.742,4.019,238.163,5.581
2010-09-04 18:15:00,3.0,-7.0,285.0,-1.0,-5.0,295.0,0.0,59.0,192.0,34,96.384,93.89,4.102,4.931,222.188,4.988
2010-09-04 18:30:00,0.0,-3.0,285.0,-2.0,-2.0,134.0,0.0,59.0,0.0,34,94.804,91.75,1.172,5.394,219.263,4.094
2010-09-04 18:45:00,0.0,-3.0,287.0,-1.0,-2.0,7.0,0.0,59.0,0.0,34,93.559,89.68,0.684,6.094,212.513,3.444
2010-09-05 06:00:00,8.0,64.0,285.0,22.0,70.0,312.0,0.0,58.0,-872.0,34,79.647,75.08,25.586,13.669,231.863,2.619
2010-09-05 06:15:00,14.0,126.0,284.0,38.0,132.0,335.0,0.0,58.0,968.0,34,80.63899999999998,74.33,163.672,13.994,312.75,1.95
2010-09-05 06:30:00,24.0,213.0,285.0,57.0,221.0,383.0,0.0,59.0,987.0,34,80.70999999999998,77.7,227.93,15.088,71.438,1.044
2010-09-05 06:45:00,33.0,291.0,287.0,78.0,303.0,381.0,0.0,59.0,990.0,34,78.766,82.73999999999998,299.121,16.219,264.69,1.45
2010-09-05 07:00:00,43.0,369.0,285.0,100.0,387.0,383.0,0.0,60.0,-996.0,34,79.961,88.58,370.898,16.656,132.3,1.131
2010-09-05 07:15:00,52.0,446.0,286.0,123.0,469.0,377.0,0.0,59.0,999.0,34,81.348,93.75,444.531,14.625,287.1,2.606
2010-09-05 07:30:00,61.0,525.0,285.0,150.0,549.0,362.0,0.0,60.0,1000.0,34,83.333,100.11,518.848,13.619,278.168,2.131
2010-09-05 07:45:00,68.0,585.0,285.0,173.0,611.0,349.0,0.0,57.0,-999.0,34,85.793,105.05,594.629,11.869,173.025,1.2
2010-09-05 08:00:00,75.0,650.0,286.0,194.0,680.0,346.0,0.0,61.0,999.0,34,87.474,113.88,665.918,11.381,237.398,1.869
2010-09-05 08:15:00,83.0,720.0,287.0,217.0,754.0,344.0,0.0,59.0,999.0,34,89.56999999999998,114.43,736.23,9.506,185.963,5.612
2010-09-05 08:30:00,90.0,776.0,286.0,234.0,812.0,343.0,0.0,60.0,-999.0,34,91.22,114.45,801.9529999999999,9.0,168.998,6.138
2010-09-05 08:45:00,96.0,826.0,286.0,249.0,866.0,344.0,0.0,59.0,-999.0,34,92.567,117.59,862.988,8.481,170.82,5.756
2010-09-05 09:00:00,100.0,865.0,287.0,268.0,907.0,334.0,0.0,61.0,999.0,34,93.934,115.88,917.969,8.131,168.548,6.181
2010-09-05 09:15:00,104.0,903.0,288.0,278.0,946.0,336.0,0.0,60.0,999.0,34,94.966,118.35,967.871,7.719,168.818,5.6
2010-09-05 09:30:00,108.0,939.0,287.0,292.0,984.0,333.0,0.0,58.0,999.0,34,95.635,122.68,1017.188,7.25,187.043,5.938
2010-09-05 09:45:00,114.0,980.0,286.0,305.0,1027.0,333.0,0.0,62.0,999.0,34,96.08,122.61,1065.137,6.456,195.773,7.806
2010-09-05 10:00:00,116.0,1001.0,286.0,324.0,1050.0,321.0,0.0,59.0,999.0,34,96.617,121.76,1103.613,6.094,224.91,8.537
2010-09-05 10:15:00,119.0,1027.0,286.0,327.0,1078.0,326.0,0.0,59.0,999.0,34,97.103,122.45,1138.477,5.925,226.62,8.669
2010-09-05 10:30:00,121.0,1046.0,287.0,339.0,1097.0,320.0,0.0,60.0,1000.0,34,97.639,121.9,1165.039,5.781,232.065,9.919
2010-09-05 10:45:00,122.0,1058.0,287.0,334.0,1111.0,328.0,0.0,59.0,-999.0,34,97.953,121.57,1186.914,5.688,232.56,10.713
2010-09-05 11:00:00,124.0,1069.0,287.0,344.0,1120.0,322.0,0.0,62.0,999.0,34,98.551,123.54,1203.809,5.444,234.81,9.394
2010-09-05 11:15:00,125.0,1074.0,286.0,347.0,1127.0,321.0,0.0,62.0,1000.0,34,98.925,125.28,1219.141,5.112,242.888,9.469
2010-09-05 11:30:00,126.0,1084.0,286.0,350.0,1138.0,321.0,0.0,60.0,-999.0,34,98.996,122.45,1226.465,4.906,236.565,11.581
2010-09-05 11:45:00,126.0,1086.0,287.0,352.0,1139.0,319.0,0.0,60.0,1000.0,34,99.28,122.19,1230.176,4.75,233.527,10.644
2010-09-05 12:00:00,125.0,1074.0,287.0,348.0,1130.0,320.0,0.0,61.0,-999.0,34,99.857,123.5,1229.199,4.425,237.443,10.681
2010-09-05 12:15:00,124.0,1065.0,286.0,346.0,1116.0,318.0,0.0,60.0,-1000.0,34,100.586,125.96,1220.996,4.156,235.935,9.575
2010-09-05 12:30:00,122.0,1051.0,286.0,333.0,1104.0,327.0,0.0,59.0,999.0,34,101.092,126.87,1211.23,3.863,249.84,9.475
2010-09-05 12:45:00,120.0,1034.0,286.0,336.0,1082.0,318.0,0.0,60.0,999.0,34,101.588,127.21,1198.242,3.369,244.373,9.125
2010-09-05 13:00:00,117.0,1005.0,286.0,315.0,1054.0,330.0,0.0,60.0,999.0,34,102.054,127.63,1175.391,3.113,246.623,8.788
2010-09-05 13:15:00,116.0,995.0,285.0,321.0,1042.0,320.0,0.0,59.0,1000.0,34,102.55,128.26,1148.828,2.969,252.518,7.849999999999999
2010-09-05 13:30:00,113.0,972.0,285.0,317.0,1016.0,316.0,0.0,61.0,999.0,34,102.965,127.76,1117.773,2.731,248.715,8.263
2010-09-05 13:45:00,110.0,947.0,285.0,304.0,992.0,322.0,0.0,61.0,999.0,34,102.682,124.75,1082.324,2.369,249.323,9.987
2010-09-05 14:00:00,106.0,914.0,285.0,286.0,959.0,332.0,0.0,59.0,999.0,34,102.489,121.46,1037.695,2.156,235.98,10.975
2010-09-05 14:15:00,102.0,876.0,284.0,276.0,918.0,328.0,0.0,61.0,999.0,34,102.216,119.73,984.277,2.119,238.613,10.737
2010-09-05 14:30:00,97.0,834.0,284.0,258.0,874.0,335.0,0.0,59.0,998.0,34,102.347,119.76,941.406,1.913,235.598,9.594
2010-09-05 14:45:00,90.0,783.0,286.0,241.0,819.0,335.0,0.0,61.0,999.0,34,102.327,118.61,881.6409999999998,1.881,222.683,9.137
2010-09-05 15:00:00,85.0,733.0,286.0,225.0,768.0,337.0,0.0,60.0,999.0,34,101.912,116.23,818.164,2.031,222.12,9.438
2010-09-05 15:15:00,77.0,669.0,287.0,207.0,698.0,333.0,0.0,59.0,999.0,34,101.709,115.18,755.176,1.919,214.38,8.313
2010-09-05 15:30:00,69.0,600.0,287.0,185.0,626.0,334.0,0.0,58.0,999.0,34,101.669,113.37,682.813,1.75,209.858,8.968999999999998
2010-09-05 15:45:00,61.0,533.0,287.0,157.0,557.0,350.0,0.0,60.0,999.0,34,101.375,112.33,608.496,1.781,216.743,7.238
2010-09-05 16:00:00,53.0,460.0,286.0,136.0,481.0,350.0,0.0,60.0,999.0,34,101.244,110.78,538.281,1.294,221.535,8.919
2010-09-05 16:15:00,44.0,382.0,285.0,108.0,399.0,364.0,0.0,60.0,-996.0,34,101.446,108.87,463.281,1.156,221.4,8.387
2010-09-05 16:30:00,35.0,307.0,285.0,88.0,321.0,357.0,0.0,59.0,995.0,34,102.833,106.18,392.188,0.95,219.105,8.156
2010-09-05 16:45:00,26.0,228.0,286.0,66.0,237.0,357.0,0.0,59.0,993.0,34,103.481,103.84,320.801,0.4939999999999999,221.018,8.919
2010-09-05 17:00:00,17.0,143.0,285.0,43.0,149.0,343.0,0.0,59.0,-963.0,34,103.279,102.26,250.488,0.319,227.768,8.056
2010-09-05 17:15:00,10.0,81.0,284.0,23.0,85.0,357.0,0.0,60.0,908.0,34,102.408,100.59,184.277,0.281,231.705,9.669
2010-09-05 17:30:00,5.0,36.0,285.0,11.0,39.0,343.0,0.0,59.0,710.0,34,101.203,98.66,111.035,0.2939999999999999,224.28,8.444
2010-09-05 17:45:00,3.0,6.0,286.0,3.0,9.0,306.0,0.0,59.0,199.0,34,99.583,96.59,43.555,0.388,218.363,7.238
2010-09-05 18:00:00,0.0,-3.0,284.0,-1.0,-3.0,359.0,0.0,59.0,0.0,34,96.11,94.41,9.961,0.388,225.023,7.3
2010-09-05 18:15:00,2.0,-9.0,285.0,-2.0,-5.0,293.0,0.0,59.0,0.0,34,93.934,92.13,3.613,0.4749999999999999,224.033,5.881
2010-09-05 18:30:00,0.0,-3.0,284.0,-2.0,-2.0,103.0,0.0,59.0,0.0,34,92.921,90.79,0.879,0.5809999999999998,225.585,6.794
2010-09-05 18:45:00,0.0,-2.0,285.0,-1.0,-2.0,5.0,0.0,59.0,0.0,34,92.253,89.54,0.5859999999999999,0.8379999999999999,218.925,5.219
2010-09-06 06:00:00,9.0,71.0,286.0,21.0,76.0,361.0,0.0,58.0,-883.0,34,73.12699999999998,63.44,25.293,10.856,293.288,1.687
2010-09-06 06:15:00,15.0,133.0,285.0,37.0,140.0,374.0,0.0,58.0,951.0,34,75.081,65.54,154.688,10.625,304.268,2.081
2010-09-06 06:30:00,24.0,211.0,285.0,54.0,220.0,397.0,0.0,60.0,987.0,34,74.534,70.64,222.363,11.9,217.305,0.981
2010-09-06 06:45:00,34.0,295.0,284.0,79.0,307.0,384.0,0.0,59.0,995.0,34,73.775,76.76,294.141,14.063,143.258,0.638
2010-09-06 07:00:00,43.0,372.0,284.0,102.0,387.0,375.0,0.0,60.0,996.0,34,75.34399999999998,83.15,366.504,11.906,152.28,0.781
2010-09-06 07:15:00,52.0,452.0,283.0,124.0,471.0,376.0,0.0,60.0,996.0,34,76.85299999999998,88.69,439.941,12.319,147.623,0.8559999999999999
2010-09-06 07:30:00,60.0,519.0,283.0,143.0,545.0,378.0,0.0,57.0,999.0,34,78.635,95.44,512.207,9.856000000000002,151.988,1.138
2010-09-06 07:45:00,69.0,595.0,284.0,171.0,622.0,359.0,0.0,60.0,999.0,34,79.941,96.3,588.965,10.962,180.788,1.906
2010-09-06 08:00:00,77.0,658.0,284.0,190.0,692.0,361.0,0.0,58.0,999.0,34,81.23699999999998,99.39,657.91,9.962,181.395,2.713
2010-09-06 08:15:00,83.0,714.0,286.0,211.0,747.0,350.0,0.0,60.0,-999.0,34,82.168,105.86,726.9529999999999,8.699999999999998,197.505,1.8
2010-09-06 08:30:00,88.0,766.0,286.0,229.0,801.0,345.0,0.0,57.0,-999.0,34,82.92799999999998,115.82,791.504,8.3,235.868,3.281
2010-09-06 08:45:00,93.0,808.0,286.0,244.0,847.0,343.0,0.0,59.0,-999.0,34,83.819,121.74,851.6599999999999,8.063,247.05,2.913
2010-09-06 09:00:00,98.0,846.0,286.0,265.0,887.0,331.0,0.0,59.0,-999.0,34,84.89199999999998,126.77,908.301,7.780999999999999,217.8,2.537
2010-09-06 09:15:00,103.0,885.0,286.0,279.0,927.0,328.0,0.0,58.0,998.0,34,85.87399999999998,130.36,964.0630000000002,7.038,208.013,2.25
2010-09-06 09:30:00,106.0,918.0,286.0,295.0,959.0,322.0,0.0,58.0,-1000.0,34,86.85599999999998,132.3,1012.598,6.65,226.665,2.319
2010-09-06 09:45:00,111.0,957.0,286.0,312.0,1003.0,318.0,0.0,62.0,-999.0,34,87.97,117.28,1054.98,6.281,94.523,3.375
2010-09-06 10:00:00,114.0,980.0,286.0,319.0,1027.0,318.0,0.0,58.0,-999.0,34,88.911,115.58,1093.359,5.931,160.538,3.469
2010-09-06 10:15:00,117.0,1004.0,285.0,324.0,1054.0,322.0,0.0,62.0,-999.0,34,89.58,120.57,1129.785,5.531,171.202,3.975
2010-09-06 10:30:00,121.0,1035.0,285.0,336.0,1085.0,320.0,0.0,59.0,-999.0,34,89.72199999999998,115.8,1158.301,5.438,107.528,4.8
2010-09-06 10:45:00,123.0,1057.0,286.0,336.0,1108.0,325.0,0.0,59.0,-1000.0,34,90.116,112.99,1180.273,5.362,114.885,4.337
2010-09-06 11:00:00,123.0,1061.0,286.0,346.0,1113.0,318.0,0.0,61.0,-1000.0,34,90.906,116.3,1199.023,5.131,100.598,4.006
2010-09-06 11:15:00,123.0,1055.0,286.0,344.0,1107.0,317.0,0.0,61.0,-1000.0,34,91.018,112.23,1210.547,5.325,109.845,3.456
2010-09-06 11:30:00,122.0,1040.0,285.0,341.0,1093.0,317.0,0.0,59.0,-999.0,34,91.595,114.1,1215.527,5.162,134.46,2.737
2010-09-06 11:45:00,121.0,1035.0,285.0,338.0,1084.0,317.0,0.0,59.0,-1000.0,34,92.465,111.9,1217.676,5.206,139.253,2.763
2010-09-06 12:00:00,121.0,1032.0,285.0,338.0,1084.0,316.0,0.0,61.0,-998.0,34,92.8,116.21,1214.941,4.263,123.233,3.181
2010-09-06 12:15:00,119.0,1026.0,286.0,334.0,1076.0,318.0,0.0,59.0,-999.0,34,93.599,118.85,1209.473,3.769,101.205,3.413
2010-09-06 12:30:00,120.0,1030.0,285.0,336.0,1078.0,317.0,0.0,62.0,-999.0,34,94.106,113.32,1195.02,4.306,123.93,3.475
2010-09-06 12:45:00,118.0,1011.0,285.0,329.0,1059.0,318.0,0.0,60.0,1000.0,34,94.268,116.0,1177.93,3.337,93.262,3.894
2010-09-06 13:00:00,116.0,989.0,284.0,324.0,1035.0,316.0,0.0,59.0,999.0,34,94.531,114.48,1156.055,3.913,119.925,2.737
2010-09-06 13:15:00,112.0,959.0,285.0,314.0,1005.0,317.0,0.0,61.0,-1000.0,34,94.389,111.91,1126.367,3.8,132.75,2.463
2010-09-06 13:30:00,108.0,926.0,284.0,304.0,972.0,316.0,0.0,59.0,999.0,34,94.906,114.64,1091.895,3.581,124.02,2.206
2010-09-06 13:45:00,103.0,891.0,286.0,285.0,932.0,324.0,0.0,60.0,999.0,34,95.675,117.5,1053.223,3.156,126.068,1.987
2010-09-06 14:00:00,100.0,861.0,285.0,280.0,900.0,317.0,0.0,61.0,-1000.0,34,96.637,121.11,1010.059,2.594,97.11,2.394
2010-09-06 14:15:00,97.0,833.0,286.0,273.0,873.0,316.0,0.0,61.0,999.0,34,97.012,117.69,961.719,2.613,97.965,2.869
2010-09-06 14:30:00,91.0,784.0,285.0,247.0,822.0,329.0,0.0,61.0,999.0,34,97.012,114.89,908.594,2.644,101.813,1.919
2010-09-06 14:45:00,86.0,742.0,285.0,234.0,776.0,328.0,0.0,61.0,999.0,34,97.133,114.77,850.586,2.763,99.99,2.956
2010-09-06 15:00:00,80.0,685.0,284.0,219.0,716.0,322.0,0.0,59.0,999.0,34,96.92,110.96,788.1839999999999,3.244,137.633,2.95
2010-09-06 15:15:00,74.0,630.0,285.0,193.0,660.0,337.0,0.0,58.0,999.0,34,97.761,113.48,722.852,2.813,149.558,1.906
2010-09-06 15:30:00,66.0,565.0,286.0,169.0,591.0,346.0,0.0,61.0,997.0,34,97.781,107.61,654.492,3.619,176.85,2.537
2010-09-06 15:45:00,58.0,500.0,285.0,154.0,519.0,332.0,0.0,61.0,999.0,34,97.67,107.33,584.668,3.506,171.495,1.506
2010-09-06 16:00:00,49.0,425.0,286.0,133.0,442.0,328.0,0.0,60.0,-996.0,34,96.748,105.28,512.891,3.463,227.498,1.819
2010-09-06 16:15:00,41.0,359.0,285.0,107.0,373.0,344.0,0.0,60.0,996.0,34,97.255,105.82,439.16,3.887,205.223,1.194
2010-09-06 16:30:00,33.0,284.0,285.0,83.0,295.0,350.0,0.0,60.0,-995.0,34,98.875,101.79,365.723,3.756,153.788,1.388
2010-09-06 16:45:00,23.0,205.0,285.0,61.0,214.0,346.0,0.0,59.0,-986.0,34,99.978,101.48,292.871,3.069,278.258,2.281
2010-09-06 17:00:00,15.0,129.0,285.0,39.0,136.0,343.0,0.0,59.0,969.0,34,100.515,99.88,223.145,3.475,76.59,0.638
2010-09-06 17:15:00,9.0,72.0,286.0,22.0,78.0,344.0,0.0,58.0,-899.0,34,99.138,96.46,159.766,4.194,116.033,1.388
2010-09-06 17:30:00,5.0,33.0,286.0,10.0,37.0,342.0,0.0,58.0,-714.0,34,97.751,93.37,91.699,3.95,73.665,0.538
2010-09-06 17:45:00,3.0,8.0,283.0,3.0,10.0,340.0,0.0,58.0,0.0,34,95.635,89.15,35.84,4.556,73.733,0.125
2010-09-06 18:00:00,0.0,-2.0,285.0,-1.0,-3.0,368.0,0.0,58.0,0.0,34,91.716,83.89,10.547,6.319,73.55299999999998,0.2999999999999999
2010-09-06 18:15:00,1.0,-3.0,285.0,-1.0,-5.0,307.0,0.0,58.0,0.0,34,89.063,81.04,3.027,7.163,65.227,0.438
2010-09-06 18:30:00,0.0,-2.0,285.0,-1.0,-2.0,90.0,0.0,59.0,0.0,34,86.37999999999998,76.12,0.5859999999999999,8.349999999999998,64.957,0.656
2010-09-06 18:45:00,0.0,-2.0,285.0,-2.0,-2.0,5.0,0.0,58.0,0.0,34,83.626,72.40999999999998,0.2929999999999999,9.644,64.957,0.063
2010-09-07 06:00:00,4.0,20.0,285.0,7.0,22.0,307.0,0.0,56.0,-499.0,34,73.046,69.65,21.289,19.175,323.82,1.925
2010-09-07 06:15:00,10.0,87.0,284.0,25.0,93.0,366.0,0.0,59.0,915.0,34,73.63299999999998,71.46,49.707,18.2,316.102,2.031
2010-09-07 06:30:00,11.0,90.0,284.0,25.0,95.0,381.0,0.0,59.0,-917.0,34,75.182,75.31,125.488,16.8,295.785,2.844
2010-09-07 06:45:00,7.0,51.0,284.0,15.0,55.0,358.0,0.0,59.0,808.0,34,75.59699999999998,77.14,55.469,17.981,299.363,3.688
2010-09-07 07:00:00,19.0,170.0,284.0,47.0,176.0,374.0,0.0,59.0,-984.0,34,75.79999999999998,75.92,134.863,18.019,295.875,2.719
2010-09-07 07:15:00,24.0,210.0,284.0,58.0,220.0,371.0,0.0,60.0,-980.0,34,77.521,83.4,259.277,19.513,276.75,1.056
2010-09-07 07:30:00,24.0,210.0,284.0,58.0,218.0,371.0,0.0,59.0,-987.0,34,79.495,87.54999999999998,192.48,17.612,200.858,0.656
2010-09-07 07:45:00,26.0,224.0,283.0,64.0,233.0,359.0,0.0,60.0,993.0,34,81.176,89.76999999999998,237.695,16.375,153.405,0.8249999999999998
2010-09-07 08:00:00,13.0,109.0,283.0,30.0,116.0,376.0,0.0,59.0,941.0,34,82.239,90.36,180.371,15.325,64.238,1.012
2010-09-07 08:15:00,4.0,25.0,284.0,8.0,27.0,344.0,0.0,59.0,593.0,34,82.016,88.64,64.941,15.981,185.513,2.919
2010-09-07 08:30:00,4.0,28.0,284.0,9.0,31.0,337.0,0.0,59.0,617.0,34,80.28499999999998,82.04999999999998,32.617,26.75,230.715,6.525
2010-09-07 08:45:00,7.0,48.0,287.0,15.0,54.0,351.0,0.0,59.0,765.0,34,76.549,73.08,32.031,47.819,280.26,4.725
2010-09-07 09:00:00,11.0,95.0,287.0,26.0,99.0,377.0,0.0,58.0,921.0,34,72.053,70.1,57.129,66.738,271.417,2.613
2010-09-07 09:15:00,10.0,78.0,286.0,22.0,82.0,365.0,0.0,59.0,892.0,34,70.616,69.68,66.406,70.719,261.9,2.131
2010-09-07 09:30:00,31.0,274.0,286.0,73.0,286.0,384.0,0.0,58.0,990.0,34,71.294,70.49,149.121,70.744,302.535,2.881
2010-09-07 09:45:00,30.0,264.0,285.0,74.0,274.0,368.0,0.0,58.0,989.0,34,72.256,73.36,225.0,68.488,282.443,4.256
2010-09-07 10:00:00,45.0,391.0,286.0,105.0,409.0,382.0,0.0,60.0,-996.0,34,72.641,75.29999999999998,314.648,65.119,288.9,5.169
2010-09-07 10:15:00,82.0,708.0,286.0,200.0,743.0,367.0,0.0,61.0,999.0,34,73.947,81.7,565.625,54.831,296.46,4.288
2010-09-07 10:30:00,155.0,1337.0,287.0,393.0,1408.0,354.0,0.0,58.0,1000.0,34,77.10599999999998,96.06,891.211,46.756,310.027,3.744
2010-09-07 10:45:00,57.0,487.0,285.0,154.0,506.0,324.0,0.0,58.0,999.0,34,80.315,110.47,878.711,39.881,214.875,3.019
2010-09-07 11:00:00,57.0,494.0,284.0,163.0,514.0,312.0,0.0,60.0,-997.0,34,83.596,116.07,1255.273,36.481,139.77,1.85
2010-09-07 11:15:00,103.0,885.0,286.0,281.0,927.0,326.0,0.0,60.0,999.0,34,84.76999999999998,105.22,929.6880000000002,35.669,169.38,1.975
2010-09-07 11:30:00,124.0,1059.0,285.0,345.0,1109.0,318.0,0.0,59.0,1000.0,34,85.327,114.88,1081.152,34.213,143.01,1.569
2010-09-07 11:45:00,119.0,1026.0,286.0,331.0,1074.0,321.0,0.0,61.0,-999.0,34,86.30899999999998,114.69,1168.262,34.906,131.625,2.944
2010-09-07 12:00:00,126.0,1078.0,286.0,352.0,1131.0,318.0,0.0,59.0,999.0,34,86.087,111.39,1151.563,34.062,112.68,4.137
2010-09-07 12:15:00,122.0,1043.0,286.0,341.0,1094.0,318.0,0.0,61.0,999.0,34,85.995,110.09,1181.445,35.506,105.232,4.163
2010-09-07 12:30:00,120.0,1032.0,286.0,336.0,1082.0,318.0,0.0,61.0,-1000.0,34,86.75499999999998,109.67,1146.582,36.944,124.313,4.113
2010-09-07 12:45:00,116.0,999.0,287.0,320.0,1047.0,323.0,0.0,59.0,-999.0,34,87.29099999999998,103.08,1072.656,38.25,113.333,3.513
2010-09-07 13:00:00,115.0,988.0,286.0,322.0,1036.0,318.0,0.0,60.0,-999.0,34,88.284,107.37,1095.703,36.262,100.013,4.631
2010-09-07 13:15:00,113.0,972.0,285.0,306.0,1019.0,329.0,0.0,61.0,-999.0,34,88.61799999999998,103.62,1067.676,35.531,106.943,5.306
2010-09-07 13:30:00,111.0,953.0,285.0,295.0,1001.0,336.0,0.0,59.0,999.0,34,88.992,105.99,1034.863,34.863,124.92,5.85
2010-09-07 13:45:00,107.0,916.0,284.0,284.0,962.0,334.0,0.0,60.0,998.0,34,89.296,107.97,1013.281,34.5,113.017,5.281
2010-09-07 14:00:00,103.0,887.0,284.0,277.0,928.0,330.0,0.0,60.0,1000.0,34,89.236,103.34,898.633,34.681,140.535,6.481
2010-09-07 14:15:00,99.0,853.0,286.0,259.0,895.0,341.0,0.0,61.0,999.0,34,89.357,103.76,907.52,33.85,129.645,5.888
2010-09-07 14:30:00,94.0,808.0,285.0,241.0,849.0,348.0,0.0,58.0,-1000.0,34,89.286,102.24,852.9299999999998,34.513,138.758,6.369
2010-09-07 14:45:00,88.0,758.0,285.0,223.0,797.0,353.0,0.0,59.0,-999.0,34,88.982,100.82,803.9059999999998,34.825,104.13,6.831
2010-09-07 15:00:00,82.0,703.0,285.0,211.0,738.0,346.0,0.0,58.0,999.0,34,89.02299999999998,100.3,745.508,34.206,103.77,6.813
2010-09-07 15:15:00,75.0,642.0,285.0,188.0,673.0,354.0,0.0,58.0,999.0,34,88.81,98.69,684.961,33.675,109.958,6.719
2010-09-07 15:30:00,68.0,580.0,285.0,167.0,608.0,359.0,0.0,61.0,-999.0,34,88.891,98.58,622.266,32.537,92.992,6.194
2010-09-07 15:45:00,60.0,515.0,285.0,150.0,537.0,355.0,0.0,60.0,999.0,34,88.90099999999998,97.53,558.203,31.506,135.022,6.381
2010-09-07 16:00:00,51.0,440.0,285.0,125.0,459.0,361.0,0.0,58.0,-999.0,34,88.90099999999998,96.51,491.895,30.9,105.525,5.262
2010-09-07 16:15:00,42.0,363.0,285.0,103.0,379.0,363.0,0.0,60.0,996.0,34,88.79,95.01,421.68,30.731,113.535,5.85
2010-09-07 16:30:00,33.0,286.0,285.0,81.0,298.0,363.0,0.0,60.0,995.0,34,89.924,93.21,349.414,29.156,122.76,5.744
2010-09-07 16:45:00,23.0,202.0,285.0,58.0,211.0,358.0,0.0,59.0,-986.0,34,90.501,90.93,279.98,29.169,136.8,5.619
2010-09-07 17:00:00,14.0,122.0,285.0,34.0,128.0,370.0,0.0,58.0,-957.0,34,89.742,89.01999999999998,213.281,29.263,131.603,5.631
2010-09-07 17:15:00,8.0,66.0,286.0,19.0,68.0,364.0,0.0,59.0,890.0,34,89.387,87.56999999999998,150.977,28.738,123.863,5.625
2010-09-07 17:30:00,4.0,27.0,285.0,9.0,31.0,348.0,0.0,59.0,625.0,34,88.577,85.79,83.203,28.95,118.913,4.506
2010-09-07 17:45:00,3.0,5.0,287.0,2.0,8.0,307.0,0.0,59.0,159.0,34,86.694,84.37,27.344,30.663,104.108,4.538
2010-09-07 18:00:00,3.0,-3.0,285.0,0.0,1.0,297.0,0.0,59.0,0.0,34,84.254,82.9,7.91,32.513,77.84999999999998,3.506
2010-09-07 18:15:00,0.0,-2.0,284.0,-1.0,-3.0,293.0,0.0,59.0,0.0,34,83.20099999999998,81.51999999999998,2.344,32.931,106.245,3.0
2010-09-07 18:30:00,0.0,-3.0,285.0,-1.0,-2.0,62.0,0.0,58.0,0.0,34,82.34999999999998,80.2,0.0,33.438,84.465,2.275
2010-09-07 18:45:00,0.0,-3.0,285.0,-2.0,-2.0,5.0,0.0,58.0,0.0,34,81.67199999999998,78.95999999999998,0.391,34.169,91.193,1.306
2010-09-08 06:00:00,9.0,68.0,286.0,21.0,72.0,335.0,0.0,59.0,-864.0,34,67.072,60.9,26.172,29.219,118.013,0.762
2010-09-08 06:15:00,15.0,129.0,285.0,38.0,135.0,349.0,0.0,59.0,-959.0,34,69.806,66.78,145.703,22.819,169.29,1.65
2010-09-08 06:30:00,24.0,211.0,285.0,57.0,221.0,383.0,0.0,59.0,987.0,34,70.373,72.14,224.023,20.181,169.628,2.037
2010-09-08 06:45:00,33.0,291.0,285.0,75.0,306.0,400.0,0.0,58.0,995.0,34,71.031,75.45999999999998,293.262,18.663,132.975,1.813
2010-09-08 07:00:00,43.0,373.0,285.0,98.0,392.0,394.0,0.0,60.0,996.0,34,72.307,78.65,366.016,17.219,133.785,1.681
2010-09-08 07:15:00,53.0,457.0,285.0,124.0,477.0,381.0,0.0,59.0,999.0,34,73.522,81.70999999999998,439.551,16.45,142.245,1.637
2010-09-08 07:30:00,62.0,535.0,285.0,145.0,562.0,382.0,0.0,55.0,-997.0,34,75.071,84.89,516.992,14.031,154.305,2.375
2010-09-08 07:45:00,71.0,611.0,285.0,173.0,641.0,366.0,0.0,58.0,999.0,34,76.64,86.2,594.434,12.725,140.265,3.006
2010-09-08 08:00:00,79.0,677.0,285.0,193.0,712.0,364.0,0.0,56.0,999.0,34,77.561,89.47,662.5,12.038,148.928,2.919
2010-09-08 08:15:00,86.0,742.0,286.0,213.0,780.0,361.0,0.0,57.0,999.0,34,78.39199999999998,92.71,735.645,11.106,121.028,3.456
2010-09-08 08:30:00,91.0,788.0,286.0,239.0,826.0,341.0,0.0,60.0,-999.0,34,79.283,95.45,801.27,10.013,115.29,3.431
2010-09-08 08:45:00,97.0,841.0,287.0,245.0,882.0,356.0,0.0,61.0,-999.0,34,80.599,97.15,859.1799999999998,10.175,142.155,3.6
2010-09-08 09:00:00,103.0,887.0,286.0,266.0,930.0,345.0,0.0,61.0,-999.0,34,81.81399999999998,96.85,917.383,10.181,154.26,4.019
2010-09-08 09:15:00,107.0,923.0,286.0,276.0,968.0,347.0,0.0,58.0,999.0,34,82.634,99.41,969.238,10.463,152.595,3.537
2010-09-08 09:30:00,109.0,953.0,289.0,295.0,999.0,335.0,0.0,58.0,1000.0,34,83.80899999999998,101.21,1018.359,10.938,172.957,3.394
2010-09-08 09:45:00,112.0,969.0,288.0,310.0,1013.0,323.0,0.0,61.0,999.0,34,84.53799999999998,102.73,1060.156,11.025,164.678,2.544
2010-09-08 10:00:00,115.0,993.0,287.0,314.0,1043.0,328.0,0.0,58.0,999.0,34,85.003,109.6,1097.461,10.775,158.13,3.25
2010-09-08 10:15:00,118.0,1023.0,288.0,325.0,1070.0,325.0,0.0,62.0,1000.0,34,87.33199999999998,109.52,1127.246,11.0,165.443,5.244
2010-09-08 10:30:00,122.0,1049.0,287.0,341.0,1100.0,319.0,0.0,58.0,999.0,34,88.992,111.12,1152.734,10.175,166.613,5.794
2010-09-08 10:45:00,124.0,1071.0,287.0,343.0,1125.0,323.0,0.0,62.0,1000.0,34,89.64,106.31,1174.805,9.487,164.655,6.088
2010-09-08 11:00:00,127.0,1093.0,287.0,355.0,1147.0,319.0,0.0,60.0,-1000.0,34,89.80299999999998,102.18,1194.141,9.244,159.345,7.325
2010-09-08 11:15:00,128.0,1104.0,287.0,352.0,1161.0,325.0,0.0,61.0,-999.0,34,90.815,105.7,1213.477,8.269,162.427,8.244
2010-09-08 11:30:00,128.0,1105.0,286.0,348.0,1162.0,330.0,0.0,62.0,1000.0,34,91.119,103.3,1210.449,8.681,156.285,7.375
2010-09-08 11:45:00,128.0,1100.0,286.0,351.0,1154.0,325.0,0.0,59.0,999.0,34,90.815,101.45,1212.695,8.913,152.55,6.225
2010-09-08 12:00:00,127.0,1093.0,286.0,349.0,1146.0,325.0,0.0,61.0,-1000.0,34,91.483,102.96,1209.766,7.55,161.73,6.8
2010-09-08 12:15:00,127.0,1092.0,286.0,342.0,1147.0,332.0,0.0,60.0,1000.0,34,92.577,103.22,1199.414,6.831,157.005,8.112
2010-09-08 12:30:00,125.0,1078.0,285.0,338.0,1134.0,331.0,0.0,62.0,-1000.0,34,92.749,103.49,1188.379,6.25,160.358,8.819
2010-09-08 12:45:00,123.0,1061.0,285.0,331.0,1115.0,333.0,0.0,59.0,-999.0,34,93.569,108.65,1168.262,5.825,169.628,8.256
2010-09-08 13:00:00,119.0,1028.0,286.0,331.0,1080.0,322.0,0.0,61.0,-999.0,34,94.48,113.16,1141.406,6.475,167.108,6.863
2010-09-08 13:15:00,117.0,1004.0,286.0,306.0,1055.0,340.0,0.0,59.0,-999.0,34,94.774,115.99,1115.918,6.65,174.443,7.4
2010-09-08 13:30:00,114.0,976.0,285.0,304.0,1023.0,333.0,0.0,62.0,999.0,34,95.351,113.43,1082.227,5.625,170.415,7.263
2010-09-08 13:45:00,110.0,942.0,284.0,287.0,990.0,341.0,0.0,61.0,-999.0,34,96.12,113.3,1038.672,7.181,172.35,7.612
2010-09-08 14:00:00,107.0,915.0,284.0,274.0,963.0,348.0,0.0,59.0,999.0,34,95.311,111.8,989.16,8.369,176.94,9.456
2010-09-08 14:15:00,101.0,865.0,285.0,266.0,911.0,338.0,0.0,59.0,999.0,34,94.916,106.94,941.504,7.038,171.023,8.593999999999998
2010-09-08 14:30:00,95.0,822.0,286.0,248.0,862.0,344.0,0.0,59.0,-1000.0,34,94.176,108.69,882.422,9.175,194.513,8.137
2010-09-08 14:45:00,88.0,761.0,286.0,231.0,799.0,341.0,0.0,58.0,999.0,34,94.156,108.46,829.883,9.394,185.265,7.481
2010-09-08 15:00:00,83.0,715.0,286.0,217.0,749.0,341.0,0.0,58.0,-999.0,34,94.207,108.48,771.777,9.35,210.96,8.718999999999998
2010-09-08 15:15:00,76.0,661.0,286.0,197.0,693.0,347.0,0.0,58.0,-1000.0,34,93.478,106.0,717.09,8.938,222.683,9.156
2010-09-08 15:30:00,68.0,591.0,286.0,176.0,616.0,346.0,0.0,61.0,-999.0,34,92.617,103.16,652.734,8.593999999999998,230.738,9.438
2010-09-08 15:45:00,60.0,519.0,286.0,152.0,541.0,351.0,0.0,59.0,-997.0,34,92.232,102.02,580.957,9.569,224.415,8.961999999999998
2010-09-08 16:00:00,52.0,446.0,286.0,127.0,468.0,362.0,0.0,60.0,-999.0,34,92.141,101.16,507.324,9.3,224.573,7.913
2010-09-08 16:15:00,42.0,365.0,287.0,105.0,382.0,356.0,0.0,60.0,-996.0,34,91.655,99.03,435.742,9.069,225.698,9.237
2010-09-08 16:30:00,33.0,286.0,285.0,83.0,298.0,355.0,0.0,59.0,990.0,34,92.152,96.54,359.766,9.4,217.89,8.830999999999998
2010-09-08 16:45:00,23.0,202.0,286.0,60.0,211.0,347.0,0.0,60.0,980.0,34,92.698,94.35,288.574,9.675,221.76,10.813
2010-09-08 17:00:00,14.0,122.0,286.0,35.0,129.0,361.0,0.0,60.0,957.0,34,92.303,92.46,218.652,10.344,223.313,8.663
2010-09-08 17:15:00,8.0,63.0,286.0,19.0,67.0,341.0,0.0,59.0,854.0,34,91.554,90.49,153.32,10.431,218.835,7.981
2010-09-08 17:30:00,4.0,25.0,288.0,8.0,29.0,337.0,0.0,58.0,593.0,34,90.238,88.15999999999998,75.19499999999998,10.563,221.558,8.938
2010-09-08 17:45:00,3.0,5.0,286.0,2.0,8.0,306.0,0.0,59.0,-159.0,34,87.95,85.69,0.0,11.631,230.828,7.211999999999998
2010-09-08 18:00:00,3.0,-6.0,287.0,0.0,-2.0,297.0,0.0,59.0,-159.0,34,85.702,84.45,7.715,12.481,224.213,7.687999999999999
2010-09-08 18:15:00,0.0,-2.0,286.0,-2.0,-2.0,270.0,0.0,59.0,0.0,34,84.507,83.2,1.953,13.206,217.688,6.881
2010-09-08 18:30:00,0.0,-2.0,286.0,-2.0,-2.0,45.0,0.0,58.0,0.0,34,83.869,82.76,0.4879999999999999,14.481,215.595,7.181
2010-09-08 18:45:00,0.0,-3.0,286.0,-1.0,-2.0,4.0,0.0,58.0,0.0,34,83.343,81.94,0.4879999999999999,15.594,215.258,6.556
2010-09-09 06:00:00,8.0,67.0,285.0,19.0,71.0,366.0,0.0,60.0,-861.0,34,64.561,62.75,21.387,42.575,210.78,6.025
2010-09-09 06:15:00,15.0,132.0,284.0,34.0,137.0,394.0,0.0,58.0,960.0,34,65.462,63.82,134.473,43.594,213.525,4.756
2010-09-09 06:30:00,23.0,206.0,285.0,54.0,214.0,391.0,0.0,58.0,987.0,34,64.885,66.36,213.477,43.844,215.347,4.831
2010-09-09 06:45:00,33.0,288.0,285.0,76.0,301.0,394.0,0.0,59.0,995.0,34,65.047,69.19,283.594,42.912,212.873,4.538
2010-09-09 07:00:00,43.0,373.0,287.0,98.0,388.0,392.0,0.0,59.0,996.0,34,65.827,72.37,357.227,41.712,209.52,5.081
2010-09-09 07:15:00,52.0,453.0,286.0,121.0,473.0,387.0,0.0,60.0,999.0,34,66.707,75.65999999999998,429.102,39.475,205.29,4.519
2010-09-09 07:30:00,62.0,537.0,286.0,144.0,564.0,385.0,0.0,55.0,-997.0,34,67.862,80.53,501.66,38.206,208.732,4.213
2010-09-09 07:45:00,70.0,606.0,286.0,170.0,633.0,369.0,0.0,56.0,999.0,34,68.651,85.73999999999998,580.176,36.981,210.938,3.7
2010-09-09 08:00:00,77.0,669.0,286.0,189.0,703.0,367.0,0.0,57.0,-999.0,34,70.099,94.64,644.531,32.725,189.45,2.006
2010-09-09 08:15:00,84.0,723.0,286.0,207.0,758.0,363.0,0.0,56.0,999.0,34,71.739,100.55,716.992,30.444,212.828,2.169
2010-09-09 08:30:00,90.0,777.0,286.0,225.0,815.0,358.0,0.0,59.0,999.0,34,72.42799999999998,107.05,779.98,29.6,215.528,1.869
2010-09-09 08:45:00,98.0,839.0,285.0,248.0,882.0,351.0,0.0,57.0,-999.0,34,73.78499999999998,108.81,844.5309999999998,26.056,274.253,4.812
2010-09-09 09:00:00,103.0,887.0,286.0,267.0,934.0,346.0,0.0,58.0,998.0,34,75.12099999999998,107.52,901.953,24.362,288.833,5.119
2010-09-09 09:15:00,107.0,922.0,286.0,279.0,968.0,343.0,0.0,61.0,-999.0,34,75.54699999999998,110.46,953.613,23.838,271.035,4.581
2010-09-09 09:30:00,110.0,943.0,286.0,282.0,990.0,347.0,0.0,60.0,-998.0,34,76.275,115.82,1000.684,23.506,293.467,3.925
2010-09-09 09:45:00,113.0,974.0,285.0,308.0,1023.0,328.0,0.0,58.0,998.0,34,77.349,117.26,1041.406,22.688,256.388,3.294
2010-09-09 10:00:00,116.0,997.0,285.0,312.0,1047.0,332.0,0.0,61.0,999.0,34,78.027,115.79,1079.59,21.619,239.31,3.825
2010-09-09 10:15:00,119.0,1022.0,285.0,321.0,1073.0,330.0,0.0,58.0,1000.0,34,78.64499999999998,108.09,1108.789,23.075,157.23,3.044
2010-09-09 10:30:00,120.0,1032.0,284.0,329.0,1082.0,325.0,0.0,61.0,-999.0,34,78.96899999999998,98.75,1137.891,22.525,150.435,2.231
2010-09-09 10:45:00,121.0,1044.0,286.0,327.0,1097.0,331.0,0.0,59.0,-1000.0,34,79.52599999999998,104.48,1163.379,21.831,128.745,3.106
2010-09-09 11:00:00,121.0,1040.0,285.0,341.0,1092.0,317.0,0.0,60.0,-999.0,34,80.589,109.73,1174.414,20.75,171.293,2.875
2010-09-09 11:15:00,122.0,1051.0,286.0,329.0,1104.0,331.0,0.0,61.0,-999.0,34,80.994,112.72,1181.738,20.8,162.72,2.813
2010-09-09 11:30:00,122.0,1053.0,286.0,343.0,1104.0,318.0,0.0,60.0,-1000.0,34,81.004,109.17,1187.207,21.244,112.433,3.225
2010-09-09 11:45:00,124.0,1065.0,285.0,348.0,1117.0,317.0,0.0,59.0,-999.0,34,81.125,103.55,1188.184,21.294,128.475,3.738
2010-09-09 12:00:00,122.0,1054.0,287.0,337.0,1107.0,325.0,0.0,60.0,999.0,34,81.551,101.67,1185.449,20.8,116.055,3.75
2010-09-09 12:15:00,121.0,1043.0,288.0,337.0,1093.0,321.0,0.0,62.0,-999.0,34,82.006,101.75,1174.414,20.244,154.755,2.656
2010-09-09 12:30:00,118.0,1023.0,288.0,331.0,1073.0,320.0,0.0,62.0,-999.0,34,82.958,103.02,1163.965,19.169,163.305,2.8
2010-09-09 12:45:00,119.0,1034.0,288.0,326.0,1084.0,329.0,0.0,59.0,-999.0,34,83.545,102.72,1145.215,18.894,158.962,4.694
2010-09-09 13:00:00,116.0,999.0,286.0,319.0,1049.0,324.0,0.0,60.0,-999.0,34,84.396,116.51,1122.07,17.781,235.575,3.738
2010-09-09 13:15:00,114.0,982.0,285.0,315.0,1031.0,323.0,0.0,62.0,999.0,34,84.821,118.47,1095.508,17.275,191.79,4.55
2010-09-09 13:30:00,110.0,946.0,285.0,297.0,992.0,330.0,0.0,61.0,-999.0,34,85.135,113.41,1062.891,16.994,203.378,2.625
2010-09-09 13:45:00,107.0,916.0,285.0,287.0,961.0,331.0,0.0,59.0,998.0,34,85.92499999999998,111.56,1025.293,15.969,190.508,3.363
2010-09-09 14:00:00,103.0,884.0,285.0,279.0,926.0,327.0,0.0,59.0,1000.0,34,86.30899999999998,109.88,984.57,15.688,183.758,3.644
2010-09-09 14:15:00,97.0,841.0,286.0,260.0,881.0,335.0,0.0,60.0,999.0,34,86.31999999999998,114.34,935.352,15.288,246.42,3.575
2010-09-09 14:30:00,92.0,795.0,286.0,247.0,833.0,333.0,0.0,60.0,-999.0,34,85.348,105.62,878.8089999999999,16.081,155.79,2.9
2010-09-09 14:45:00,85.0,738.0,286.0,219.0,774.0,349.0,0.0,60.0,-999.0,34,85.65099999999998,105.02,822.363,15.775,181.26,2.813
2010-09-09 15:00:00,80.0,688.0,286.0,203.0,722.0,351.0,0.0,60.0,999.0,34,86.583,110.38,763.379,14.981,237.668,3.219
2010-09-09 15:15:00,72.0,626.0,285.0,184.0,657.0,352.0,0.0,58.0,999.0,34,86.19799999999998,109.1,692.578,15.25,205.92,2.613
2010-09-09 15:30:00,65.0,564.0,285.0,170.0,589.0,343.0,0.0,61.0,-999.0,34,86.53199999999998,107.69,628.418,14.438,214.538,1.919
2010-09-09 15:45:00,57.0,496.0,286.0,146.0,521.0,351.0,0.0,60.0,-999.0,34,85.915,100.28,561.426,14.325,99.788,2.2
2010-09-09 16:00:00,49.0,425.0,286.0,123.0,444.0,358.0,0.0,57.0,996.0,34,85.631,95.61,490.332,13.744,168.345,2.531
2010-09-09 16:15:00,40.0,352.0,285.0,103.0,367.0,350.0,0.0,60.0,-996.0,34,84.86199999999998,90.86,417.871,13.319,149.085,2.169
2010-09-09 16:30:00,32.0,276.0,285.0,79.0,288.0,360.0,0.0,60.0,-990.0,34,86.471,92.26,349.805,11.012,188.82,2.431
2010-09-09 16:45:00,22.0,193.0,285.0,55.0,199.0,362.0,0.0,59.0,986.0,34,88.426,89.51,279.688,9.294,156.758,1.288
2010-09-09 17:00:00,13.0,116.0,286.0,34.0,122.0,350.0,0.0,59.0,-955.0,34,88.87099999999998,88.0,210.059,8.599999999999998,115.133,1.188
2010-09-09 17:15:00,8.0,59.0,286.0,17.0,64.0,367.0,0.0,59.0,862.0,34,88.031,84.45,145.41,8.031,181.508,2.719
2010-09-09 17:30:00,4.0,21.0,287.0,6.0,25.0,370.0,0.0,58.0,-551.0,34,85.884,81.72,69.336,8.699999999999998,190.26,2.987
2010-09-09 17:45:00,3.0,5.0,287.0,2.0,6.0,306.0,0.0,59.0,159.0,34,83.11,80.54,22.754,11.281,157.635,2.775
2010-09-09 18:00:00,0.0,-2.0,286.0,-1.0,-5.0,366.0,0.0,58.0,0.0,34,80.224,79.01999999999998,7.519999999999999,12.619,135.788,1.369
2010-09-09 18:15:00,0.0,-3.0,286.0,-1.0,-2.0,272.0,0.0,59.0,0.0,34,78.28,76.34,1.855,14.094,146.07,1.15
2010-09-09 18:30:00,0.0,-2.0,286.0,-2.0,-2.0,40.0,0.0,59.0,0.0,34,77.015,75.42,0.0,14.925,135.495,1.737
2010-09-09 18:45:00,0.0,-2.0,286.0,-1.0,-2.0,4.0,0.0,58.0,0.0,34,76.32599999999998,74.47,0.195,14.681,168.75,1.925
2010-10-01 06:00:00,3.0,0.0,285.0,1.0,5.0,306.0,0.0,43.0,0.0,34,77.592,75.23,6.055,27.425,287.82,2.444
2010-10-01 06:15:00,3.0,10.0,285.0,3.0,10.0,355.0,0.0,49.0,307.0,34,77.76399999999998,76.69,11.719,26.95,234.428,4.231
2010-10-01 06:30:00,8.0,63.0,285.0,18.0,63.0,340.0,0.0,55.0,854.0,34,78.26999999999998,77.36,39.453,26.013,255.128,2.15
2010-10-01 06:45:00,11.0,93.0,285.0,26.0,94.0,359.0,0.0,58.0,919.0,34,79.65699999999998,79.56,87.012,24.85,304.515,2.294
2010-10-01 07:00:00,8.0,60.0,285.0,16.0,59.0,359.0,0.0,58.0,848.0,34,80.65,81.31999999999998,73.242,24.775,283.68,1.794
2010-10-01 07:15:00,9.0,68.0,284.0,19.0,68.0,348.0,0.0,58.0,-864.0,34,80.558,81.65,69.141,25.163,257.648,1.9
2010-10-01 07:30:00,7.0,56.0,283.0,16.0,56.0,346.0,0.0,58.0,839.0,34,80.346,81.90999999999998,67.578,27.306,235.508,1.619
2010-10-01 07:45:00,3.0,14.0,283.0,4.0,14.0,337.0,0.0,57.0,407.0,34,80.295,81.78,35.449,27.963,174.308,1.694
2010-10-01 08:00:00,4.0,24.0,283.0,7.0,22.0,346.0,0.0,58.0,-580.0,34,79.89,79.42,21.973,33.144,141.367,1.631
2010-10-01 08:15:00,3.0,16.0,283.0,4.0,14.0,346.0,0.0,57.0,-444.0,34,78.89799999999998,76.39,23.926,42.019,171.202,2.744
2010-10-01 08:30:00,4.0,29.0,283.0,7.0,28.0,377.0,0.0,57.0,-687.0,34,78.23999999999998,75.98999999999998,23.535,45.037,169.088,4.05
2010-10-01 08:45:00,5.0,37.0,283.0,10.0,39.0,367.0,0.0,58.0,-736.0,34,76.357,72.76,34.57,52.619,137.093,2.763
2010-10-01 09:00:00,9.0,74.0,284.0,19.0,75.0,389.0,0.0,58.0,901.0,34,75.982,72.86,46.68,52.706,106.943,3.544
2010-10-01 09:15:00,22.0,195.0,284.0,51.0,201.0,391.0,0.0,59.0,986.0,34,75.607,72.5,108.691,54.4,182.228,3.669
2010-10-01 09:30:00,36.0,317.0,283.0,85.0,326.0,383.0,0.0,59.0,995.0,34,76.863,75.81999999999998,213.184,48.775,246.353,6.412
2010-10-01 09:45:00,32.0,275.0,283.0,75.0,284.0,376.0,0.0,58.0,990.0,34,78.311,80.5,275.293,47.575,296.055,4.256
2010-10-01 10:00:00,15.0,128.0,283.0,34.0,129.0,375.0,0.0,59.0,-969.0,34,79.485,83.34,167.578,44.537,296.033,3.094
2010-10-01 10:15:00,19.0,170.0,283.0,45.0,174.0,381.0,0.0,59.0,976.0,34,79.536,81.95999999999998,120.898,45.65,297.923,3.856
2010-10-01 10:30:00,30.0,263.0,283.0,73.0,271.0,367.0,0.0,59.0,-994.0,34,79.566,82.94,215.918,45.113,288.225,2.531
2010-10-01 10:45:00,24.0,209.0,283.0,59.0,214.0,361.0,0.0,58.0,987.0,34,80.57899999999998,85.26,189.16,42.95,295.2,3.519
2010-10-01 11:00:00,27.0,240.0,283.0,68.0,244.0,357.0,0.0,59.0,988.0,34,80.57899999999998,84.64,195.996,42.219,307.935,6.156
2010-10-01 11:15:00,61.0,523.0,283.0,146.0,545.0,370.0,0.0,59.0,999.0,34,81.004,86.87999999999998,359.961,39.925,310.41,4.15
2010-10-01 11:30:00,53.0,454.0,283.0,128.0,473.0,366.0,0.0,59.0,996.0,34,83.211,94.96,450.977,36.869,298.53,4.1
2010-10-01 11:45:00,58.0,498.0,283.0,141.0,519.0,366.0,0.0,60.0,997.0,34,85.287,98.7,443.262,33.675,302.287,4.256
2010-10-01 12:00:00,63.0,535.0,283.0,153.0,558.0,363.0,0.0,60.0,-997.0,34,86.27899999999998,100.11,483.594,31.7,304.538,3.887
2010-10-01 12:15:00,61.0,527.0,283.0,152.0,549.0,360.0,0.0,60.0,999.0,34,87.98,104.94,610.059,27.531,294.3,3.419
2010-10-01 12:30:00,49.0,430.0,286.0,133.0,446.0,333.0,0.0,59.0,-996.0,34,90.015,114.17,1018.359,23.35,273.488,3.469
2010-10-01 12:45:00,54.0,473.0,286.0,138.0,494.0,355.0,0.0,60.0,999.0,34,90.967,117.68,592.871,21.481,261.608,2.131
2010-10-01 13:00:00,48.0,418.0,286.0,121.0,434.0,355.0,0.0,60.0,996.0,34,91.524,115.5,450.977,21.375,183.105,1.969
2010-10-01 13:15:00,109.0,943.0,286.0,293.0,985.0,334.0,0.0,61.0,999.0,34,91.504,113.06,859.375,21.338,226.418,1.081
2010-10-01 13:30:00,106.0,912.0,284.0,299.0,951.0,317.0,0.0,61.0,-999.0,34,93.761,125.06,1063.867,19.538,140.58,1.525
2010-10-01 13:45:00,99.0,847.0,283.0,268.0,887.0,328.0,0.0,59.0,-999.0,34,93.893,124.36,917.578,19.294,165.87,2.063
2010-10-01 14:00:00,97.0,827.0,284.0,270.0,864.0,318.0,0.0,60.0,999.0,34,93.913,119.41,960.742,19.35,176.198,1.656
2010-10-01 14:15:00,84.0,723.0,284.0,233.0,754.0,322.0,0.0,59.0,-999.0,34,94.095,116.78,891.3089999999999,18.788,129.713,1.931
2010-10-01 14:30:00,75.0,649.0,285.0,205.0,673.0,326.0,0.0,61.0,-999.0,34,93.539,112.31,780.176,19.581,102.825,2.281
2010-10-01 14:45:00,70.0,596.0,284.0,180.0,622.0,344.0,0.0,60.0,-999.0,34,93.559,112.49,656.543,19.438,113.31,1.813
2010-10-01 15:00:00,63.0,544.0,284.0,164.0,565.0,343.0,0.0,60.0,-997.0,34,93.225,106.97,637.109,20.038,90.99,2.456
2010-10-01 15:15:00,57.0,487.0,284.0,148.0,504.0,339.0,0.0,60.0,-997.0,34,92.648,101.27,577.832,20.938,122.58,3.069
2010-10-01 15:30:00,54.0,465.0,283.0,135.0,484.0,356.0,0.0,60.0,-997.0,34,91.939,99.6,454.785,21.644,156.488,1.587
2010-10-01 15:45:00,42.0,365.0,284.0,105.0,379.0,356.0,0.0,60.0,-999.0,34,92.222,100.62,478.516,21.569,97.268,1.962
2010-10-01 16:00:00,32.0,282.0,284.0,79.0,290.0,362.0,0.0,59.0,-995.0,34,91.443,96.61,184.473,22.281,103.028,1.694
2010-10-01 16:15:00,5.0,32.0,284.0,9.0,32.0,345.0,0.0,59.0,-705.0,34,90.44,94.18,154.98,23.2,114.232,1.975
2010-10-01 16:30:00,5.0,39.0,285.0,11.0,39.0,347.0,0.0,59.0,-762.0,34,89.114,90.71,75.879,24.1,150.165,1.269
2010-10-01 16:45:00,5.0,33.0,285.0,10.0,33.0,320.0,0.0,58.0,694.0,34,88.415,88.78,62.5,24.556,72.697,0.944
2010-10-01 17:00:00,3.0,8.0,282.0,3.0,9.0,323.0,0.0,58.0,0.0,34,87.83799999999998,86.92,31.348,25.119,72.67499999999998,0.7379999999999999
2010-10-01 17:15:00,3.0,0.0,282.0,1.0,5.0,304.0,0.0,58.0,0.0,34,86.563,84.59,0.0,26.275,75.218,0.375
2010-10-01 17:30:00,0.0,-2.0,284.0,1.0,0.0,337.0,0.0,57.0,0.0,34,85.834,82.73999999999998,4.102,26.787,57.803,0.7119999999999999
2010-10-01 17:45:00,2.0,-9.0,283.0,1.0,4.0,293.0,0.0,57.0,0.0,34,84.99299999999998,82.72,0.781,28.031,66.51,0.462
2010-10-01 18:00:00,0.0,-2.0,285.0,1.0,0.0,12.0,0.0,57.0,0.0,34,84.659,82.12999999999998,0.2929999999999999,28.713,66.51,0.5809999999999998
2010-10-01 18:15:00,0.0,-3.0,286.0,1.0,0.0,2.0,0.0,56.0,0.0,34,82.391,76.59,0.2929999999999999,32.15,66.51,0.012
2010-10-01 18:30:00,0.0,-2.0,286.0,1.0,0.0,2.0,0.0,55.0,0.0,34,80.781,73.14,0.2929999999999999,34.594,107.708,0.5749999999999998
2010-10-01 18:45:00,0.0,-2.0,286.0,1.0,0.0,1.0,0.0,55.0,0.0,34,80.336,71.52,0.391,34.413,321.345,1.488
2010-10-10 06:00:00,3.0,-2.0,283.0,2.0,8.0,392.0,0.0,42.0,0.0,34,64.743,62.34,8.301,32.519,311.31,3.913
2010-10-10 06:15:00,6.0,44.0,284.0,12.0,45.0,372.0,0.0,51.0,-785.0,34,65.29,63.16,15.82,32.037,276.773,2.938
2010-10-10 06:30:00,10.0,89.0,283.0,28.0,90.0,327.0,0.0,58.0,929.0,34,65.462,63.17,48.34,32.556,294.188,3.194
2010-10-10 06:45:00,17.0,153.0,284.0,47.0,157.0,336.0,0.0,58.0,974.0,34,66.677,67.16,205.566,30.906,283.5,5.381
2010-10-10 07:00:00,27.0,230.0,283.0,72.0,236.0,325.0,0.0,59.0,988.0,34,67.082,70.8,258.691,30.394,279.585,6.162
2010-10-10 07:15:00,40.0,337.0,281.0,89.0,348.0,387.0,0.0,59.0,995.0,34,67.933,73.83,356.738,29.3,288.473,7.612
2010-10-10 07:30:00,48.0,411.0,283.0,110.0,426.0,384.0,0.0,59.0,996.0,34,69.188,77.47,416.309,28.55,269.933,5.912
2010-10-10 07:45:00,58.0,490.0,281.0,133.0,507.0,378.0,0.0,58.0,997.0,34,70.221,81.68,479.59,27.812,281.97,5.813
2010-10-10 08:00:00,65.0,558.0,283.0,154.0,583.0,376.0,0.0,59.0,-997.0,34,71.446,86.95999999999998,560.84,26.919,294.21,4.906
2010-10-10 08:15:00,73.0,623.0,282.0,174.0,652.0,371.0,0.0,60.0,999.0,34,72.80299999999998,93.05,626.074,25.675,288.653,5.275
2010-10-10 08:30:00,79.0,677.0,283.0,191.0,707.0,368.0,0.0,60.0,999.0,34,73.997,97.67,690.234,24.681,262.035,4.238
2010-10-10 08:45:00,85.0,727.0,283.0,209.0,761.0,361.0,0.0,60.0,999.0,34,75.12099999999998,102.07,748.438,23.487,206.978,4.225
2010-10-10 09:00:00,90.0,768.0,284.0,228.0,803.0,351.0,0.0,60.0,-999.0,34,76.083,103.51,801.27,22.075,237.308,3.956
2010-10-10 09:15:00,95.0,806.0,283.0,246.0,842.0,340.0,0.0,59.0,999.0,34,77.015,109.64,852.441,21.4,239.243,3.731
2010-10-10 09:30:00,98.0,833.0,282.0,246.0,872.0,352.0,0.0,61.0,-999.0,34,77.91599999999998,112.2,898.5349999999999,20.706,215.1,3.675
2010-10-10 09:45:00,103.0,877.0,283.0,263.0,918.0,347.0,0.0,61.0,-999.0,34,78.71599999999998,110.05,925.488,20.25,153.99,3.619
2010-10-10 10:00:00,105.0,895.0,282.0,283.0,935.0,329.0,0.0,58.0,999.0,34,79.333,107.15,975.098,19.831,123.863,3.656
2010-10-10 10:15:00,109.0,931.0,283.0,277.0,974.0,350.0,0.0,58.0,-999.0,34,80.042,103.16,984.18,19.175,122.49,5.675
2010-10-10 10:30:00,112.0,949.0,282.0,291.0,995.0,340.0,0.0,61.0,999.0,34,80.366,101.55,1015.234,19.194,125.505,4.613
2010-10-10 10:45:00,113.0,959.0,281.0,299.0,1005.0,335.0,0.0,59.0,999.0,34,81.328,102.04,1036.035,18.075,135.833,5.894
2010-10-10 11:00:00,115.0,981.0,284.0,304.0,1027.0,336.0,0.0,60.0,999.0,34,81.59099999999998,101.08,1057.227,18.019,128.858,5.888
2010-10-10 11:15:00,116.0,984.0,283.0,294.0,1032.0,349.0,0.0,60.0,-999.0,34,82.158,102.09,1071.289,17.681,131.895,5.669
2010-10-10 11:30:00,117.0,996.0,283.0,304.0,1044.0,342.0,0.0,59.0,-999.0,34,82.421,101.3,1073.438,17.606,142.043,5.9
2010-10-10 11:45:00,116.0,986.0,283.0,301.0,1035.0,342.0,0.0,61.0,-999.0,34,82.52299999999998,99.17,1070.898,17.619,136.148,6.5
2010-10-10 12:00:00,114.0,976.0,285.0,300.0,1022.0,338.0,0.0,59.0,-1000.0,34,83.09999999999998,100.55,1065.039,17.288,130.05,5.531
2010-10-10 12:15:00,113.0,959.0,282.0,293.0,1007.0,342.0,0.0,60.0,999.0,34,83.525,101.45,1053.125,16.913,124.943,5.794
2010-10-10 12:30:00,110.0,938.0,283.0,279.0,982.0,350.0,0.0,59.0,-999.0,34,83.768,101.05,1035.449,16.888,122.49,5.506
2010-10-10 12:45:00,109.0,924.0,282.0,284.0,970.0,340.0,0.0,60.0,999.0,34,84.102,101.01,1011.035,16.9,112.973,6.362
2010-10-10 13:00:00,105.0,891.0,281.0,271.0,934.0,342.0,0.0,61.0,999.0,34,84.01099999999998,100.74,983.691,17.131,98.663,5.2
2010-10-10 13:15:00,101.0,857.0,282.0,258.0,897.0,345.0,0.0,60.0,999.0,34,84.649,101.09,948.633,16.969,109.305,4.869
2010-10-10 13:30:00,97.0,820.0,281.0,252.0,858.0,338.0,0.0,60.0,999.0,34,84.953,100.9,909.57,17.05,110.948,4.675
2010-10-10 13:45:00,90.0,773.0,285.0,227.0,810.0,354.0,0.0,60.0,-999.0,34,85.378,100.13,864.551,17.038,109.373,4.281
2010-10-10 14:00:00,86.0,735.0,284.0,225.0,769.0,340.0,0.0,59.0,-999.0,34,85.17499999999998,96.92,818.75,16.763,112.095,4.731
2010-10-10 14:15:00,81.0,689.0,284.0,207.0,720.0,346.0,0.0,59.0,999.0,34,85.62099999999998,98.97,767.773,16.088,107.122,4.65
2010-10-10 14:30:00,75.0,638.0,284.0,190.0,666.0,349.0,0.0,60.0,999.0,34,85.671,97.66,712.988,16.081,98.348,5.156
2010-10-10 14:45:00,67.0,576.0,283.0,168.0,600.0,354.0,0.0,59.0,-999.0,34,85.712,95.82,651.855,16.4,113.333,4.013
2010-10-10 15:00:00,59.0,507.0,284.0,151.0,525.0,346.0,0.0,59.0,-999.0,34,85.87399999999998,95.86,589.16,16.144,110.565,3.625
2010-10-10 15:15:00,52.0,441.0,282.0,129.0,456.0,350.0,0.0,60.0,999.0,34,85.84399999999998,94.63,523.047,16.356,101.025,4.1
2010-10-10 15:30:00,43.0,373.0,283.0,105.0,386.0,364.0,0.0,60.0,996.0,34,85.793,93.87,455.566,16.338,99.18,4.313
2010-10-10 15:45:00,34.0,295.0,283.0,85.0,305.0,358.0,0.0,59.0,995.0,34,85.611,92.47,386.426,16.425,114.615,3.744
2010-10-10 16:00:00,24.0,213.0,283.0,61.0,218.0,356.0,0.0,59.0,-993.0,34,85.165,90.48,317.188,16.694,98.73,4.238
2010-10-10 16:15:00,15.0,130.0,284.0,38.0,133.0,354.0,0.0,59.0,960.0,34,84.70999999999998,89.54,248.145,16.944,142.043,2.463
2010-10-10 16:30:00,9.0,72.0,283.0,20.0,72.0,354.0,0.0,58.0,899.0,34,84.254,87.23,178.711,17.381,133.38,1.925
2010-10-10 16:45:00,4.0,29.0,283.0,8.0,29.0,356.0,0.0,58.0,687.0,34,83.35299999999998,83.78,28.516,17.888,264.488,3.525
2010-10-10 17:00:00,3.0,4.0,283.0,2.0,6.0,304.0,0.0,58.0,0.0,34,82.259,80.14,14.648,18.8,225.698,2.337
2010-10-10 17:15:00,3.0,-6.0,281.0,1.0,5.0,293.0,0.0,58.0,0.0,34,80.974,78.06999999999998,6.836,20.106,160.83,2.175
2010-10-10 17:30:00,2.0,-9.0,280.0,1.0,4.0,291.0,0.0,58.0,0.0,34,80.214,77.81999999999998,1.855,20.806,111.128,1.9
2010-10-10 17:45:00,0.0,-2.0,282.0,1.0,0.0,34.0,0.0,57.0,0.0,34,79.90999999999998,79.86,0.391,20.569,117.585,2.369
2010-10-10 18:00:00,0.0,-2.0,283.0,1.0,0.0,3.0,0.0,57.0,0.0,34,79.272,77.83,0.391,21.25,106.92,1.913
2010-10-10 18:15:00,0.0,-2.0,284.0,1.0,0.0,1.0,0.0,56.0,0.0,34,78.209,75.73999999999998,0.391,22.306,79.89799999999998,0.944
2010-10-10 18:30:00,0.0,-2.0,284.0,1.0,0.0,1.0,0.0,56.0,0.0,34,77.379,73.37,0.2929999999999999,22.825,161.618,1.363
2010-10-10 18:45:00,0.0,-3.0,284.0,1.0,0.0,1.0,0.0,55.0,0.0,34,76.40699999999998,70.25,0.0,24.044,295.02,0.5809999999999998
2010-10-11 06:00:00,3.0,12.0,282.0,2.0,10.0,365.0,0.0,44.0,-345.0,34,58.709,48.29,8.887,53.338,310.927,0.444
2010-10-11 06:15:00,5.0,39.0,282.0,9.0,39.0,414.0,0.0,53.0,783.0,34,58.243,48.22,15.625,55.263,303.953,0.8
2010-10-11 06:30:00,12.0,101.0,282.0,27.0,102.0,376.0,0.0,57.0,937.0,34,59.397,49.64,40.82,52.219,307.328,1.406
2010-10-11 06:45:00,20.0,171.0,282.0,43.0,175.0,401.0,0.0,59.0,984.0,34,61.22,56.35,200.391,47.969,303.93,1.063
2010-10-11 07:00:00,28.0,247.0,282.0,63.0,252.0,397.0,0.0,59.0,994.0,34,62.698,64.24,266.211,46.894,303.795,0.194
2010-10-11 07:15:00,37.0,319.0,283.0,82.0,334.0,405.0,0.0,59.0,995.0,34,64.5,71.88,341.504,44.181,274.725,0.781
2010-10-11 07:30:00,47.0,403.0,283.0,108.0,417.0,382.0,0.0,59.0,999.0,34,66.839,78.04999999999998,407.129,40.781,103.613,0.981
2010-10-11 07:45:00,55.0,472.0,283.0,128.0,492.0,381.0,0.0,59.0,999.0,34,68.489,83.64,468.066,38.113,78.97499999999998,1.712
2010-10-11 08:00:00,64.0,545.0,282.0,153.0,567.0,368.0,0.0,60.0,-999.0,34,69.725,89.47,548.145,34.05,135.742,2.056
2010-10-11 08:15:00,70.0,603.0,284.0,171.0,630.0,368.0,0.0,60.0,-999.0,34,70.707,98.37,614.941,31.994,271.665,1.256
2010-10-11 08:30:00,76.0,657.0,285.0,193.0,685.0,353.0,0.0,60.0,999.0,34,71.831,104.66,678.32,30.431,275.918,1.438
2010-10-11 08:45:00,82.0,703.0,284.0,211.0,733.0,345.0,0.0,59.0,999.0,34,72.75199999999998,111.85,736.23,29.469,227.678,1.6
2010-10-11 09:00:00,87.0,749.0,284.0,224.0,783.0,347.0,0.0,60.0,-999.0,34,73.754,115.76,791.3089999999999,28.856,226.755,1.794
2010-10-11 09:15:00,91.0,784.0,284.0,235.0,819.0,346.0,0.0,60.0,999.0,34,74.91899999999998,117.79,841.0159999999998,27.706,235.553,1.787
2010-10-11 09:30:00,95.0,816.0,285.0,253.0,854.0,335.0,0.0,61.0,-999.0,34,75.952,121.0,888.086,26.956,202.118,1.637
2010-10-11 09:45:00,99.0,837.0,282.0,268.0,876.0,325.0,0.0,61.0,-998.0,34,77.20699999999998,123.52,928.516,25.669,195.638,1.575
2010-10-11 10:00:00,101.0,862.0,283.0,264.0,900.0,339.0,0.0,59.0,999.0,34,78.25,124.96,965.43,24.45,251.123,1.569
2010-10-11 10:15:00,104.0,882.0,282.0,280.0,922.0,327.0,0.0,59.0,999.0,34,79.384,128.27,995.703,23.419,282.06,1.475
2010-10-11 10:30:00,105.0,892.0,282.0,284.0,931.0,326.0,0.0,59.0,999.0,34,80.68,120.95,1017.578,23.063,153.81,1.444
2010-10-11 10:45:00,106.0,901.0,282.0,293.0,942.0,320.0,0.0,61.0,998.0,34,81.08499999999998,111.96,1032.715,23.088,118.913,1.606
2010-10-11 11:00:00,106.0,904.0,283.0,298.0,943.0,315.0,0.0,59.0,999.0,34,81.86499999999998,115.87,1045.117,22.325,186.998,2.087
2010-10-11 11:15:00,107.0,914.0,283.0,291.0,954.0,326.0,0.0,59.0,-999.0,34,82.34,103.01,1051.855,22.669,169.29,1.875
2010-10-11 11:30:00,107.0,909.0,283.0,293.0,950.0,323.0,0.0,60.0,999.0,34,82.887,107.06,1055.957,21.981,156.263,2.012
2010-10-11 11:45:00,106.0,909.0,283.0,293.0,949.0,322.0,0.0,60.0,1000.0,34,83.677,102.9,1056.055,21.756,169.83,2.337
2010-10-11 12:00:00,106.0,903.0,283.0,286.0,945.0,327.0,0.0,59.0,998.0,34,85.074,114.25,1051.758,20.55,183.69,2.337
2010-10-11 12:15:00,103.0,885.0,284.0,286.0,926.0,321.0,0.0,59.0,1000.0,34,86.188,115.61,1037.5,19.975,226.08,1.6
2010-10-11 12:30:00,102.0,876.0,283.0,285.0,915.0,320.0,0.0,59.0,999.0,34,86.643,113.65,1021.68,19.85,137.655,1.819
2010-10-11 12:45:00,99.0,853.0,285.0,279.0,891.0,317.0,0.0,59.0,999.0,34,87.433,110.48,1000.098,19.394,160.403,1.656
2010-10-11 13:00:00,97.0,826.0,283.0,260.0,862.0,330.0,0.0,59.0,999.0,34,87.595,118.98,971.387,19.012,254.227,2.425
2010-10-11 13:15:00,93.0,797.0,283.0,262.0,834.0,316.0,0.0,61.0,-999.0,34,87.83799999999998,109.01,937.695,19.319,153.765,2.075
2010-10-11 13:30:00,90.0,765.0,283.0,251.0,797.0,316.0,0.0,59.0,999.0,34,88.29399999999998,113.06,898.34,18.644,137.925,2.531
2010-10-11 13:45:00,85.0,729.0,283.0,239.0,757.0,314.0,0.0,60.0,1000.0,34,89.09399999999998,104.93,856.836,18.512,185.715,2.025
2010-10-11 14:00:00,81.0,689.0,282.0,223.0,718.0,320.0,0.0,60.0,999.0,34,90.046,116.73,811.0349999999999,17.481,252.113,2.419
2010-10-11 14:15:00,76.0,643.0,282.0,206.0,669.0,322.0,0.0,61.0,997.0,34,90.349,116.44,758.789,17.538,174.555,2.094
2010-10-11 14:30:00,70.0,598.0,281.0,187.0,621.0,330.0,0.0,59.0,999.0,34,89.236,102.43,701.074,18.538,114.008,1.7
2010-10-11 14:45:00,63.0,540.0,281.0,168.0,558.0,331.0,0.0,60.0,997.0,34,89.074,103.65,642.969,18.15,181.125,1.644
2010-10-11 15:00:00,57.0,484.0,281.0,146.0,503.0,342.0,0.0,59.0,997.0,34,90.157,111.83,581.445,17.5,257.265,1.744
2010-10-11 15:15:00,49.0,415.0,281.0,127.0,429.0,334.0,0.0,59.0,999.0,34,90.00499999999998,104.29,514.844,17.844,209.318,1.844
2010-10-11 15:30:00,41.0,346.0,281.0,106.0,359.0,336.0,0.0,59.0,-996.0,34,89.884,105.48,447.461,17.713,281.205,2.413
2010-10-11 15:45:00,32.0,274.0,281.0,83.0,282.0,336.0,0.0,60.0,994.0,34,89.61,102.14,378.32,18.094,142.178,1.425
2010-10-11 16:00:00,23.0,195.0,281.0,59.0,201.0,338.0,0.0,59.0,-986.0,34,89.013,99.07,308.789,18.594,172.89,1.188
2010-10-11 16:15:00,14.0,121.0,282.0,36.0,125.0,346.0,0.0,59.0,-957.0,34,88.61799999999998,93.99,239.941,19.288,180.765,1.081
2010-10-11 16:30:00,8.0,66.0,282.0,19.0,66.0,350.0,0.0,59.0,-890.0,34,87.828,91.84,166.309,19.744,167.49,0.8
2010-10-11 16:45:00,4.0,22.0,283.0,6.0,22.0,353.0,0.0,59.0,585.0,34,86.724,87.75,22.07,20.844,180.202,0.669
2010-10-11 17:00:00,3.0,2.0,283.0,1.0,5.0,305.0,0.0,58.0,0.0,34,85.459,84.59999999999998,13.477,21.506,148.005,0.519
2010-10-11 17:15:00,0.0,-3.0,281.0,1.0,0.0,353.0,0.0,58.0,0.0,34,84.315,82.03,6.25,22.425,173.16,0.4689999999999999
2010-10-11 17:30:00,3.0,-9.0,283.0,1.0,4.0,292.0,0.0,58.0,0.0,34,83.626,81.42,1.66,23.044,122.76,0.4809999999999999
2010-10-11 17:45:00,0.0,-3.0,282.0,1.0,0.0,24.0,0.0,58.0,0.0,34,81.99599999999998,78.08,0.0,24.906,164.745,0.925
2010-10-11 18:00:00,0.0,-3.0,283.0,1.0,0.0,3.0,0.0,57.0,0.0,34,80.953,75.98,0.4879999999999999,25.719,202.838,1.494
2010-10-11 18:15:00,0.0,-2.0,284.0,1.0,0.0,3.0,0.0,56.0,0.0,34,80.174,73.87999999999998,0.391,26.55,207.337,1.025
2010-10-11 18:30:00,0.0,-2.0,285.0,1.0,0.0,3.0,0.0,56.0,0.0,34,79.18099999999998,71.7,0.4879999999999999,27.8,228.713,0.75
2010-10-11 18:45:00,0.0,-3.0,285.0,1.0,0.0,3.0,0.0,55.0,0.0,34,78.331,69.06,0.4879999999999999,29.344,251.775,0.775
2010-10-12 06:00:00,3.0,9.0,283.0,3.0,9.0,309.0,0.0,42.0,279.0,34,69.806,68.71,8.788999999999998,40.494,300.195,7.724999999999999
2010-10-12 06:15:00,6.0,39.0,283.0,12.0,39.0,322.0,0.0,50.0,743.0,34,69.806,68.87,15.039,40.3,251.865,5.194
2010-10-12 06:30:00,11.0,91.0,282.0,27.0,91.0,335.0,0.0,57.0,-931.0,34,70.089,69.17,34.375,39.8,273.555,5.588
2010-10-12 06:45:00,17.0,144.0,282.0,46.0,147.0,319.0,0.0,59.0,-972.0,34,70.869,72.04,200.977,38.55,304.448,7.869
2010-10-12 07:00:00,23.0,205.0,281.0,67.0,210.0,310.0,0.0,59.0,986.0,34,71.598,75.5,268.457,37.625,262.328,6.344
2010-10-12 07:15:00,34.0,290.0,281.0,87.0,298.0,337.0,0.0,59.0,995.0,34,72.19499999999998,78.14,338.965,36.762,186.368,4.6
2010-10-12 07:30:00,46.0,394.0,282.0,106.0,407.0,380.0,0.0,60.0,999.0,34,73.12699999999998,81.51999999999998,402.832,35.563,225.023,4.25
2010-10-12 07:45:00,54.0,463.0,282.0,124.0,483.0,386.0,0.0,59.0,-997.0,34,74.018,85.44,466.797,34.806,193.073,3.356
2010-10-12 08:00:00,62.0,535.0,284.0,149.0,557.0,371.0,0.0,59.0,997.0,34,74.83799999999998,91.67,543.555,33.619,212.175,2.875
2010-10-12 08:15:00,70.0,598.0,284.0,168.0,626.0,370.0,0.0,60.0,997.0,34,75.688,95.86,607.813,31.731,244.71,4.013
2010-10-12 08:30:00,76.0,652.0,283.0,180.0,683.0,378.0,0.0,60.0,-999.0,34,76.52899999999998,99.78,673.633,30.656,275.378,4.881
2010-10-12 08:45:00,82.0,703.0,284.0,206.0,734.0,354.0,0.0,60.0,-999.0,34,77.23699999999998,101.87,718.848,29.881,200.813,3.688
2010-10-12 09:00:00,88.0,747.0,283.0,225.0,780.0,345.0,0.0,60.0,999.0,34,77.936,104.49,790.918,29.056,135.833,1.5
2010-10-12 09:15:00,91.0,776.0,283.0,228.0,811.0,354.0,0.0,59.0,999.0,34,78.726,112.04,841.211,27.963,207.225,2.262
2010-10-12 09:30:00,95.0,811.0,283.0,252.0,847.0,335.0,0.0,59.0,-999.0,34,79.171,102.13,870.4099999999999,28.575,156.577,1.806
2010-10-12 09:45:00,99.0,845.0,283.0,253.0,884.0,347.0,0.0,61.0,-999.0,34,80.052,99.93,920.215,26.081,174.218,2.75
2010-10-12 10:00:00,101.0,869.0,285.0,269.0,908.0,335.0,0.0,60.0,-1000.0,34,80.518,105.67,947.168,25.85,201.217,1.919
2010-10-12 10:15:00,103.0,882.0,284.0,274.0,922.0,335.0,0.0,61.0,999.0,34,81.075,117.75,991.406,24.925,212.558,2.55
2010-10-12 10:30:00,105.0,896.0,284.0,280.0,936.0,332.0,0.0,61.0,-999.0,34,81.702,119.74,1017.09,24.344,226.26,2.237
2010-10-12 10:45:00,106.0,908.0,283.0,291.0,950.0,325.0,0.0,60.0,-999.0,34,82.55299999999998,121.16,1038.672,23.063,185.94,2.475
2010-10-12 11:00:00,106.0,909.0,284.0,299.0,951.0,316.0,0.0,60.0,-999.0,34,83.171,124.04,1054.98,22.325,287.663,2.613
2010-10-12 11:15:00,107.0,914.0,283.0,300.0,954.0,317.0,0.0,59.0,-999.0,34,83.778,124.22,1064.355,21.825,202.005,1.581
2010-10-12 11:30:00,108.0,920.0,282.0,299.0,962.0,320.0,0.0,59.0,999.0,34,84.659,122.44,1068.75,20.763,254.79,3.137
2010-10-12 11:45:00,108.0,920.0,283.0,302.0,961.0,316.0,0.0,59.0,1000.0,34,85.388,122.66,1067.48,19.612,244.665,3.769
2010-10-12 12:00:00,107.0,914.0,283.0,291.0,955.0,327.0,0.0,60.0,-999.0,34,85.87399999999998,123.08,1062.207,19.05,219.285,2.975
2010-10-12 12:15:00,107.0,905.0,282.0,287.0,947.0,328.0,0.0,61.0,999.0,34,86.289,117.73,1051.563,18.544,151.313,3.487
2010-10-12 12:30:00,104.0,882.0,282.0,290.0,923.0,317.0,0.0,61.0,999.0,34,86.471,112.84,1030.273,18.775,156.105,2.431
2010-10-12 12:45:00,103.0,876.0,282.0,277.0,916.0,329.0,0.0,60.0,-1000.0,34,86.36,106.0,1009.18,19.606,94.792,3.244
2010-10-12 13:00:00,100.0,845.0,282.0,272.0,882.0,322.0,0.0,59.0,-999.0,34,86.674,109.4,980.078,18.588,143.19,3.013
2010-10-12 13:15:00,98.0,834.0,282.0,254.0,873.0,341.0,0.0,59.0,999.0,34,87.53499999999998,106.9,944.531,16.531,115.088,4.413
2010-10-12 13:30:00,95.0,804.0,283.0,250.0,841.0,334.0,0.0,61.0,999.0,34,87.474,102.41,905.566,15.838,108.788,5.106
2010-10-12 13:45:00,90.0,765.0,282.0,238.0,799.0,334.0,0.0,59.0,999.0,34,87.656,104.08,865.1369999999998,15.656,125.348,4.387
2010-10-12 14:00:00,84.0,711.0,281.0,225.0,739.0,326.0,0.0,59.0,999.0,34,87.798,104.06,819.336,15.338,134.123,4.806
2010-10-12 14:15:00,79.0,670.0,281.0,205.0,698.0,339.0,0.0,60.0,999.0,34,87.696,102.35,766.797,15.244,94.68,3.7
2010-10-12 14:30:00,72.0,615.0,281.0,186.0,641.0,343.0,0.0,60.0,-999.0,34,88.01,106.05,710.84,14.8,166.455,2.944
2010-10-12 14:45:00,65.0,550.0,282.0,169.0,569.0,335.0,0.0,60.0,999.0,34,88.203,103.38,650.977,14.206,170.37,2.7
2010-10-12 15:00:00,56.0,481.0,282.0,150.0,498.0,329.0,0.0,60.0,-999.0,34,88.21299999999998,100.38,587.891,14.1,144.068,3.194
2010-10-12 15:15:00,48.0,407.0,282.0,129.0,422.0,325.0,0.0,59.0,996.0,34,88.09099999999998,98.44,521.777,13.087,105.435,3.556
2010-10-12 15:30:00,39.0,334.0,282.0,107.0,344.0,320.0,0.0,60.0,995.0,34,87.494,94.87,452.246,12.131,113.625,4.862
2010-10-12 15:45:00,30.0,264.0,282.0,84.0,272.0,322.0,0.0,59.0,994.0,34,86.897,93.07,382.227,11.994,94.658,4.063
2010-10-12 16:00:00,22.0,191.0,282.0,61.0,197.0,322.0,0.0,60.0,986.0,34,86.512,91.67,312.305,11.806,97.718,4.469
2010-10-12 16:15:00,13.0,117.0,281.0,37.0,120.0,324.0,0.0,59.0,955.0,34,85.80299999999998,89.48999999999998,242.188,10.4,94.838,5.294
2010-10-12 16:30:00,8.0,63.0,283.0,19.0,64.0,323.0,0.0,59.0,870.0,34,84.89199999999998,86.97,153.809,10.119,132.57,5.775
2010-10-12 16:45:00,4.0,25.0,283.0,7.0,24.0,323.0,0.0,58.0,612.0,34,83.839,84.28,24.902,9.288,134.145,4.656
2010-10-12 17:00:00,2.0,2.0,282.0,2.0,6.0,304.0,0.0,58.0,0.0,34,82.72499999999998,82.42,15.039,8.763,93.69,4.387
2010-10-12 17:15:00,0.0,-3.0,282.0,1.0,0.0,350.0,0.0,58.0,0.0,34,81.662,80.68,6.25,8.313,94.5,4.163
2010-10-12 17:30:00,0.0,-2.0,281.0,1.0,0.0,220.0,0.0,58.0,0.0,34,80.65999999999998,79.06,1.465,8.313,92.61,3.531
2010-10-12 17:45:00,0.0,-2.0,283.0,1.0,0.0,21.0,0.0,57.0,0.0,34,79.95099999999998,78.2,0.391,8.637,112.905,2.763
2010-10-12 18:00:00,0.0,-2.0,283.0,1.0,0.0,4.0,0.0,56.0,0.0,34,79.262,77.09999999999998,0.4879999999999999,9.063,106.38,2.944
2010-10-12 18:15:00,0.0,-3.0,284.0,1.0,0.0,3.0,0.0,56.0,0.0,34,78.685,75.93,0.391,9.344,103.545,1.994
2010-10-12 18:30:00,0.0,-2.0,285.0,1.0,0.0,3.0,0.0,55.0,0.0,34,78.16899999999998,75.44,0.2929999999999999,9.462,157.725,2.85
2010-10-12 18:45:00,0.0,-3.0,285.0,1.0,0.0,3.0,0.0,55.0,0.0,34,77.38899999999998,73.95,0.2929999999999999,10.388,125.573,1.956
2010-10-13 06:00:00,3.0,10.0,282.0,3.0,9.0,319.0,0.0,42.0,-307.0,34,60.956,54.48,9.18,18.369,288.27,1.138
2010-10-13 06:15:00,6.0,40.0,282.0,11.0,41.0,366.0,0.0,51.0,-749.0,34,60.217,53.6,16.797,21.731,246.915,1.475
2010-10-13 06:30:00,12.0,98.0,282.0,27.0,99.0,369.0,0.0,57.0,-923.0,34,60.815,54.43,28.613,19.5,305.325,1.863
2010-10-13 06:45:00,20.0,171.0,282.0,43.0,174.0,395.0,0.0,59.0,976.0,34,61.716,59.31,204.004,18.188,279.743,1.712
2010-10-13 07:00:00,28.0,244.0,281.0,66.0,251.0,376.0,0.0,59.0,-989.0,34,62.566,65.74,273.145,17.063,335.61,0.956
2010-10-13 07:15:00,38.0,332.0,283.0,86.0,342.0,395.0,0.0,58.0,995.0,34,63.427,71.82,346.777,17.831,280.17,1.231
2010-10-13 07:30:00,48.0,410.0,284.0,109.0,425.0,385.0,0.0,60.0,-996.0,34,64.581,77.29999999999998,418.75,16.894,280.755,2.187
2010-10-13 07:45:00,56.0,484.0,283.0,129.0,506.0,389.0,0.0,59.0,-997.0,34,66.272,82.31999999999998,487.598,14.787,288.518,3.438
2010-10-13 08:00:00,65.0,557.0,283.0,153.0,580.0,375.0,0.0,59.0,-997.0,34,67.862,85.75,560.547,11.919,301.388,4.225
2010-10-13 08:15:00,73.0,619.0,282.0,173.0,646.0,370.0,0.0,60.0,999.0,34,69.218,92.73,628.223,11.55,295.583,3.575
2010-10-13 08:30:00,79.0,673.0,283.0,192.0,704.0,363.0,0.0,60.0,-999.0,34,70.261,100.01,693.652,10.875,306.472,2.775
2010-10-13 08:45:00,84.0,723.0,285.0,209.0,757.0,361.0,0.0,60.0,-999.0,34,71.77,103.87,753.9059999999998,9.462,294.39,3.287
2010-10-13 09:00:00,89.0,762.0,283.0,225.0,796.0,352.0,0.0,60.0,999.0,34,72.97499999999998,109.56,806.9339999999999,9.494,291.375,2.625
2010-10-13 09:15:00,94.0,800.0,282.0,238.0,837.0,350.0,0.0,61.0,999.0,34,73.876,112.27,857.129,9.831,270.72,2.663
2010-10-13 09:30:00,98.0,828.0,282.0,251.0,866.0,344.0,0.0,59.0,999.0,34,74.64499999999998,117.3,902.832,9.75,239.873,1.769
2010-10-13 09:45:00,101.0,857.0,282.0,260.0,896.0,342.0,0.0,60.0,-999.0,34,75.739,115.22,942.578,9.137,177.165,2.45
2010-10-13 10:00:00,103.0,881.0,284.0,275.0,920.0,332.0,0.0,59.0,1000.0,34,76.691,116.47,976.953,8.65,111.15,2.137
2010-10-13 10:15:00,105.0,893.0,282.0,278.0,934.0,334.0,0.0,59.0,999.0,34,77.227,112.7,1006.543,8.394,217.868,2.113
2010-10-13 10:30:00,106.0,904.0,283.0,280.0,947.0,336.0,0.0,59.0,-999.0,34,77.885,120.3,1034.57,8.205999999999998,229.77,1.806
2010-10-13 10:45:00,107.0,914.0,284.0,300.0,954.0,317.0,0.0,61.0,-999.0,34,79.08,121.4,1057.324,7.881,132.57,1.512
2010-10-13 11:00:00,108.0,920.0,284.0,302.0,961.0,317.0,0.0,61.0,999.0,34,79.72799999999998,118.54,1072.07,7.731,230.828,2.037
2010-10-13 11:15:00,109.0,927.0,283.0,304.0,968.0,316.0,0.0,61.0,1000.0,34,81.075,121.24,1081.836,7.444,218.273,2.381
2010-10-13 11:30:00,109.0,930.0,283.0,305.0,972.0,316.0,0.0,60.0,-1000.0,34,82.199,114.58,1084.766,7.581,186.3,2.25
2010-10-13 11:45:00,109.0,927.0,282.0,305.0,969.0,315.0,0.0,61.0,999.0,34,83.20099999999998,116.26,1083.984,7.381,169.47,2.969
2010-10-13 12:00:00,107.0,912.0,282.0,301.0,951.0,315.0,0.0,61.0,999.0,34,83.93,116.15,1076.953,7.381,156.24,1.962
2010-10-13 12:15:00,107.0,901.0,282.0,291.0,942.0,322.0,0.0,59.0,999.0,34,84.193,119.63,1064.063,7.224999999999999,217.463,2.187
2010-10-13 12:30:00,104.0,881.0,281.0,291.0,919.0,314.0,0.0,60.0,-1000.0,34,85.388,125.67,1047.07,7.169,238.005,2.225
2010-10-13 12:45:00,100.0,864.0,285.0,282.0,900.0,318.0,0.0,61.0,999.0,34,86.30899999999998,118.47,1020.313,7.812999999999999,123.66,2.113
2010-10-13 13:00:00,98.0,834.0,281.0,274.0,872.0,316.0,0.0,61.0,999.0,34,86.613,114.04,988.867,7.812999999999999,136.327,1.706
2010-10-13 13:15:00,95.0,810.0,282.0,250.0,846.0,337.0,0.0,61.0,999.0,34,87.524,120.11,954.59,7.581,213.458,2.181
2010-10-13 13:30:00,92.0,783.0,281.0,245.0,818.0,332.0,0.0,60.0,-999.0,34,87.91899999999998,111.09,917.09,8.006,150.773,2.337
2010-10-13 13:45:00,88.0,742.0,281.0,238.0,773.0,323.0,0.0,59.0,999.0,34,87.929,112.29,873.5349999999999,7.937999999999999,112.86,2.763
2010-10-13 14:00:00,83.0,700.0,280.0,217.0,731.0,335.0,0.0,59.0,-999.0,34,88.49599999999998,114.22,825.3909999999998,7.65,187.358,1.363
2010-10-13 14:15:00,77.0,658.0,282.0,201.0,687.0,340.0,0.0,61.0,999.0,34,89.205,109.52,770.313,7.9,136.778,2.113
2010-10-13 14:30:00,71.0,606.0,282.0,184.0,631.0,340.0,0.0,60.0,-999.0,34,88.861,107.63,713.281,7.844,189.698,2.675
2010-10-13 14:45:00,64.0,545.0,281.0,168.0,565.0,334.0,0.0,60.0,999.0,34,88.54699999999998,104.52,652.93,8.169,155.318,2.656
2010-10-13 15:00:00,57.0,481.0,281.0,147.0,499.0,337.0,0.0,60.0,-997.0,34,88.891,107.42,589.355,8.063,204.728,1.212
2010-10-13 15:15:00,48.0,413.0,281.0,127.0,426.0,333.0,0.0,59.0,999.0,34,88.982,101.43,522.656,8.574999999999998,100.643,2.487
2010-10-13 15:30:00,40.0,341.0,281.0,105.0,352.0,332.0,0.0,59.0,999.0,34,88.051,97.56,452.539,8.987,95.108,2.15
2010-10-13 15:45:00,31.0,271.0,282.0,81.0,278.0,339.0,0.0,60.0,994.0,34,87.626,95.65,382.031,9.425,106.2,1.806
2010-10-13 16:00:00,22.0,189.0,281.0,57.0,194.0,337.0,0.0,59.0,-985.0,34,87.119,92.37,310.742,10.069,132.435,2.244
2010-10-13 16:15:00,13.0,113.0,282.0,33.0,114.0,339.0,0.0,58.0,-954.0,34,86.765,91.98,239.941,10.113,85.16299999999998,2.487
2010-10-13 16:30:00,7.0,59.0,283.0,18.0,59.0,330.0,0.0,58.0,862.0,34,86.107,89.48999999999998,135.254,10.538,97.403,2.25
2010-10-13 16:45:00,4.0,20.0,282.0,6.0,20.0,328.0,0.0,59.0,535.0,34,84.882,84.44,20.801,10.894,69.773,2.25
2010-10-13 17:00:00,3.0,1.0,282.0,1.0,5.0,303.0,0.0,58.0,0.0,34,83.82899999999998,82.23,12.598,10.6,83.295,3.031
2010-10-13 17:15:00,0.0,-2.0,280.0,1.0,0.0,344.0,0.0,58.0,0.0,34,82.604,80.01,5.078,10.962,67.477,2.113
2010-10-13 17:30:00,2.0,-9.0,282.0,1.0,4.0,292.0,0.0,58.0,0.0,34,81.26699999999998,76.59999999999998,0.977,11.644,40.86,1.088
2010-10-13 17:45:00,0.0,-2.0,281.0,1.0,0.0,17.0,0.0,58.0,0.0,34,79.516,72.28,0.391,12.581,49.995,0.4189999999999999
2010-10-13 18:00:00,0.0,-2.0,282.0,1.0,0.0,4.0,0.0,57.0,0.0,34,77.328,67.61,0.2929999999999999,13.95,83.43,0.5809999999999998
2010-10-13 18:15:00,0.0,-2.0,282.0,1.0,0.0,4.0,0.0,56.0,0.0,34,75.212,64.9,0.2929999999999999,16.038,83.452,0.444
2010-10-13 18:30:00,0.0,-2.0,283.0,1.0,0.0,4.0,0.0,56.0,0.0,34,74.149,63.1,0.195,17.975,247.388,0.875
2010-10-13 18:45:00,0.0,-2.0,282.0,1.0,0.0,4.0,0.0,55.0,0.0,34,73.724,62.75,0.0,18.85,232.515,0.512
2010-10-14 06:00:00,3.0,8.0,283.0,2.0,8.0,314.0,0.0,42.0,239.0,34,58.83,49.54,8.496,34.738,299.97,2.381
2010-10-14 06:15:00,5.0,33.0,283.0,10.0,33.0,312.0,0.0,50.0,-694.0,34,59.984,52.27,15.527,33.356,291.555,2.575
2010-10-14 06:30:00,10.0,82.0,283.0,26.0,82.0,318.0,0.0,57.0,-910.0,34,60.379,54.58,23.047,33.988,257.175,1.75
2010-10-14 06:45:00,15.0,133.0,283.0,44.0,137.0,310.0,0.0,59.0,960.0,34,60.906,58.75,191.309,31.519,301.68,2.387
2010-10-14 07:00:00,25.0,218.0,282.0,64.0,224.0,346.0,0.0,58.0,993.0,34,62.05,64.59,261.816,30.537,290.138,1.969
2010-10-14 07:15:00,36.0,315.0,283.0,82.0,326.0,395.0,0.0,59.0,995.0,34,63.255,70.08,331.738,29.713,262.058,0.813
2010-10-14 07:30:00,45.0,391.0,283.0,104.0,403.0,384.0,0.0,59.0,999.0,34,65.006,77.19,400.879,25.825,289.305,1.05
2010-10-14 07:45:00,54.0,465.0,283.0,127.0,481.0,376.0,0.0,59.0,999.0,34,67.507,84.04999999999998,470.41,20.369,308.025,2.613
2010-10-14 08:00:00,63.0,534.0,283.0,148.0,554.0,373.0,0.0,58.0,999.0,34,69.522,88.9,538.379,18.238,260.01,3.013
2010-10-14 08:15:00,70.0,598.0,282.0,167.0,625.0,372.0,0.0,61.0,999.0,34,70.97,92.66,606.445,16.819,269.46,4.025
2010-10-14 08:30:00,76.0,652.0,283.0,187.0,680.0,361.0,0.0,60.0,997.0,34,72.22499999999998,97.22,670.898,16.05,226.89,3.169
2010-10-14 08:45:00,82.0,700.0,283.0,205.0,731.0,355.0,0.0,60.0,-999.0,34,73.39,101.65,728.027,15.256,234.428,3.438
2010-10-14 09:00:00,87.0,743.0,283.0,218.0,776.0,353.0,0.0,60.0,-1000.0,34,74.534,103.87,781.836,14.525,205.74,3.025
2010-10-14 09:15:00,91.0,776.0,283.0,240.0,810.0,335.0,0.0,60.0,998.0,34,75.435,110.89,841.6989999999998,14.975,200.25,2.275
2010-10-14 09:30:00,94.0,803.0,282.0,244.0,838.0,342.0,0.0,61.0,999.0,34,76.427,115.17,878.613,14.844,223.425,2.019
2010-10-14 09:45:00,97.0,831.0,284.0,255.0,870.0,340.0,0.0,59.0,998.0,34,77.45999999999998,117.84,917.969,14.219,195.75,1.787
2010-10-14 10:00:00,99.0,850.0,285.0,267.0,889.0,332.0,0.0,60.0,-998.0,34,78.29,117.94,953.125,13.106,196.223,1.869
2010-10-14 10:15:00,102.0,868.0,284.0,271.0,907.0,333.0,0.0,61.0,999.0,34,79.202,121.77,975.098,12.6,199.395,1.256
2010-10-14 10:30:00,103.0,877.0,283.0,272.0,916.0,335.0,0.0,61.0,999.0,34,80.518,115.87,1004.98,11.819,155.565,1.406
2010-10-14 10:45:00,106.0,897.0,282.0,282.0,938.0,330.0,0.0,61.0,-999.0,34,81.13599999999998,107.05,1025.488,10.994,148.59,1.987
2010-10-14 11:00:00,106.0,900.0,283.0,294.0,941.0,318.0,0.0,59.0,-999.0,34,81.92499999999998,112.29,1039.844,9.825,188.573,1.5
2010-10-14 11:15:00,106.0,904.0,282.0,297.0,943.0,315.0,0.0,59.0,-999.0,34,82.87699999999998,109.56,1049.609,9.2,137.992,2.294
2010-10-14 11:30:00,107.0,907.0,282.0,291.0,949.0,324.0,0.0,61.0,-999.0,34,83.727,103.04,1049.414,9.688,165.555,2.094
2010-10-14 11:45:00,106.0,904.0,282.0,285.0,945.0,329.0,0.0,61.0,-1000.0,34,84.396,107.98,1046.777,8.944,153.54,2.4
2010-10-14 12:00:00,105.0,896.0,285.0,281.0,936.0,331.0,0.0,61.0,998.0,34,85.489,114.21,1042.578,9.0,126.428,2.231
2010-10-14 12:15:00,103.0,882.0,284.0,289.0,923.0,317.0,0.0,60.0,999.0,34,86.745,112.78,1028.516,9.194,111.443,2.731
2010-10-14 12:30:00,102.0,873.0,283.0,277.0,912.0,327.0,0.0,60.0,1000.0,34,87.12999999999998,108.22,1014.258,9.325,169.717,2.506
2010-10-14 12:45:00,100.0,854.0,283.0,271.0,891.0,326.0,0.0,60.0,1000.0,34,87.686,107.23,991.504,10.144,109.598,2.2
2010-10-14 13:00:00,96.0,820.0,283.0,254.0,857.0,336.0,0.0,59.0,-999.0,34,88.304,107.34,962.012,10.788,173.34,2.519
2010-10-14 13:15:00,92.0,788.0,284.0,240.0,822.0,341.0,0.0,59.0,-999.0,34,88.476,100.87,927.246,10.5,155.88,2.169
2010-10-14 13:30:00,89.0,766.0,284.0,241.0,800.0,329.0,0.0,61.0,-999.0,34,88.486,103.27,891.6989999999998,10.269,150.705,2.5
2010-10-14 13:45:00,89.0,761.0,283.0,235.0,795.0,336.0,0.0,60.0,999.0,34,89.24599999999998,103.16,857.422,9.769,136.462,1.956
2010-10-14 14:00:00,15.0,132.0,282.0,38.0,136.0,355.0,0.0,58.0,-960.0,34,88.79999999999998,99.37,192.188,10.6,167.738,2.637
2010-10-14 14:15:00,87.0,745.0,284.0,223.0,780.0,348.0,0.0,60.0,998.0,34,87.798,96.25,568.164,10.863,156.353,1.506
2010-10-14 14:30:00,80.0,687.0,282.0,202.0,716.0,353.0,0.0,59.0,1000.0,34,88.709,98.87,483.008,10.6,155.25,1.969
2010-10-14 14:45:00,23.0,202.0,281.0,59.0,207.0,350.0,0.0,59.0,986.0,34,89.134,98.81,617.578,10.4,175.658,1.906
2010-10-14 15:00:00,61.0,521.0,282.0,157.0,542.0,343.0,0.0,59.0,997.0,34,89.084,97.82,591.895,10.919,136.395,1.381
2010-10-14 15:15:00,53.0,453.0,282.0,135.0,469.0,344.0,0.0,60.0,999.0,34,90.167,100.62,546.875,10.65,144.27,1.425
2010-10-14 15:30:00,48.0,411.0,282.0,118.0,429.0,361.0,0.0,59.0,996.0,34,90.147,97.1,458.301,11.087,147.24,1.806
2010-10-14 15:45:00,24.0,209.0,283.0,63.0,214.0,335.0,0.0,59.0,-993.0,34,90.218,97.95,340.137,10.794,186.48,2.169
2010-10-14 16:00:00,12.0,99.0,283.0,30.0,103.0,335.0,0.0,59.0,-936.0,34,89.12399999999998,95.07,122.949,12.056,152.438,0.769
2010-10-14 16:15:00,15.0,126.0,284.0,39.0,129.0,324.0,0.0,58.0,958.0,34,87.76699999999998,90.76,157.422,12.344,180.113,0.6059999999999999
2010-10-14 16:30:00,6.0,44.0,282.0,13.0,45.0,328.0,0.0,58.0,785.0,34,87.53499999999998,89.87,101.074,12.313,197.258,1.0
2010-10-14 16:45:00,3.0,12.0,282.0,3.0,12.0,329.0,0.0,58.0,359.0,34,86.623,85.89,30.176,12.781,163.26,0.0749999999999999
2010-10-14 17:00:00,3.0,-2.0,283.0,1.0,5.0,299.0,0.0,58.0,0.0,34,85.378,82.33,13.379,14.131,190.957,0.8249999999999998
2010-10-14 17:15:00,0.0,-2.0,283.0,1.0,0.0,330.0,0.0,58.0,0.0,34,84.224,79.37999999999998,0.0,14.862,234.698,0.944
2010-10-14 17:30:00,0.0,-2.0,283.0,1.0,0.0,172.0,0.0,58.0,0.0,34,83.171,76.56,0.781,15.656,258.503,0.944
2010-10-14 17:45:00,0.0,-2.0,282.0,1.0,0.0,19.0,0.0,58.0,0.0,34,82.24899999999998,75.12,0.391,16.45,263.902,0.944
2010-10-14 18:00:00,0.0,-3.0,284.0,1.0,0.0,6.0,0.0,57.0,0.0,34,81.176,73.69,0.2929999999999999,17.9,248.467,1.156
2010-10-14 18:15:00,0.0,-3.0,284.0,1.0,0.0,4.0,0.0,56.0,0.0,34,80.32599999999998,71.82,0.391,18.063,286.448,1.488
2010-10-14 18:30:00,0.0,-2.0,285.0,1.0,0.0,4.0,0.0,55.0,0.0,34,79.586,70.4,0.2929999999999999,18.475,294.435,1.85
2010-10-14 18:45:00,0.0,-2.0,285.0,1.0,0.0,4.0,0.0,55.0,0.0,34,79.09999999999998,69.72,0.2929999999999999,18.769,294.075,1.706
2010-10-15 06:00:00,3.0,8.0,282.0,2.0,8.0,343.0,0.0,46.0,239.0,34,63.488,56.57,8.202999999999998,39.775,286.178,1.481
2010-10-15 06:15:00,6.0,39.0,282.0,11.0,39.0,339.0,0.0,52.0,724.0,34,63.052,57.01,21.191,42.825,227.318,0.819
2010-10-15 06:30:00,13.0,108.0,282.0,29.0,109.0,367.0,0.0,57.0,-941.0,34,62.88,57.93,42.48,44.106,186.998,0.681
2010-10-15 06:45:00,11.0,91.0,283.0,25.0,91.0,359.0,0.0,58.0,918.0,34,64.156,61.76,102.637,41.819,134.145,0.438
2010-10-15 07:00:00,12.0,105.0,282.0,27.0,105.0,384.0,0.0,58.0,939.0,34,65.27,64.67,157.617,40.662,173.138,0.8309999999999998
2010-10-15 07:15:00,13.0,112.0,281.0,30.0,114.0,374.0,0.0,58.0,-943.0,34,66.313,66.66,93.262,38.094,233.078,0.544
2010-10-15 07:30:00,12.0,101.0,281.0,26.0,102.0,383.0,0.0,58.0,-937.0,34,67.193,68.6,188.77,38.45,218.678,1.338
2010-10-15 07:45:00,14.0,117.0,281.0,30.0,118.0,385.0,0.0,58.0,966.0,34,67.821,70.24,96.777,37.887,226.193,0.894
2010-10-15 08:00:00,56.0,476.0,281.0,126.0,495.0,391.0,0.0,60.0,999.0,34,68.601,72.29,298.828,38.338,165.398,0.95
2010-10-15 08:15:00,69.0,583.0,282.0,158.0,608.0,381.0,0.0,59.0,-999.0,34,70.444,81.15999999999998,509.277,35.963,175.658,0.656
2010-10-15 08:30:00,74.0,634.0,284.0,180.0,662.0,365.0,0.0,59.0,-999.0,34,72.691,86.26,656.445,30.55,151.538,1.544
2010-10-15 08:45:00,79.0,679.0,283.0,199.0,708.0,354.0,0.0,60.0,999.0,34,74.382,94.92,710.84,26.55,155.43,1.106
2010-10-15 09:00:00,83.0,710.0,284.0,213.0,741.0,346.0,0.0,59.0,999.0,34,75.44499999999998,109.08,759.961,24.075,174.555,0.65
2010-10-15 09:15:00,88.0,749.0,283.0,228.0,780.0,340.0,0.0,60.0,999.0,34,76.994,109.6,808.008,22.25,117.315,1.469
2010-10-15 09:30:00,92.0,788.0,284.0,238.0,823.0,344.0,0.0,60.0,-1000.0,34,78.42199999999998,115.27,854.98,20.756,140.535,2.025
2010-10-15 09:45:00,95.0,818.0,284.0,256.0,854.0,332.0,0.0,59.0,999.0,34,79.40399999999998,111.21,895.4099999999999,19.694,104.31,2.3
2010-10-15 10:00:00,99.0,843.0,284.0,261.0,882.0,336.0,0.0,59.0,-999.0,34,80.03199999999998,116.34,936.816,19.15,164.903,1.575
2010-10-15 10:15:00,100.0,858.0,283.0,282.0,896.0,316.0,0.0,60.0,-999.0,34,80.801,110.8,980.078,18.831,92.767,2.187
2010-10-15 10:30:00,103.0,877.0,282.0,280.0,918.0,325.0,0.0,58.0,999.0,34,81.885,107.58,1000.879,18.381,126.27,2.313
2010-10-15 10:45:00,103.0,876.0,282.0,289.0,915.0,315.0,0.0,59.0,999.0,34,82.988,108.04,1012.988,17.694,115.92,1.969
2010-10-15 11:00:00,104.0,881.0,282.0,280.0,920.0,326.0,0.0,60.0,999.0,34,83.63599999999998,116.56,1027.246,16.931,183.015,1.519
2010-10-15 11:15:00,104.0,887.0,282.0,282.0,926.0,326.0,0.0,59.0,999.0,34,84.953,126.67,1037.891,16.394,237.668,1.4
2010-10-15 11:30:00,104.0,888.0,283.0,282.0,930.0,328.0,0.0,61.0,-999.0,34,86.37,121.31,1040.82,15.688,174.915,2.375
2010-10-15 11:45:00,103.0,876.0,282.0,281.0,915.0,323.0,0.0,59.0,-999.0,34,87.10899999999998,129.25,1039.551,15.219,236.205,1.575
2010-10-15 12:00:00,101.0,869.0,284.0,270.0,908.0,333.0,0.0,61.0,999.0,34,88.436,124.18,1033.301,14.631,159.03,2.531
2010-10-15 12:15:00,101.0,865.0,284.0,280.0,901.0,320.0,0.0,61.0,1000.0,34,88.537,115.22,1016.113,14.694,131.243,1.887
2010-10-15 12:30:00,99.0,846.0,283.0,273.0,882.0,321.0,0.0,59.0,999.0,34,88.79,117.51,1001.855,14.038,154.98,1.813
2010-10-15 12:45:00,96.0,823.0,283.0,271.0,860.0,315.0,0.0,61.0,999.0,34,89.519,113.73,978.906,13.906,146.34,1.775
2010-10-15 13:00:00,94.0,806.0,283.0,263.0,839.0,317.0,0.0,59.0,999.0,34,89.711,111.04,952.051,14.088,187.853,2.187
2010-10-15 13:15:00,91.0,776.0,282.0,252.0,810.0,319.0,0.0,60.0,-999.0,34,90.602,112.82,921.484,13.419,181.935,1.844
2010-10-15 13:30:00,85.0,723.0,282.0,226.0,756.0,333.0,0.0,60.0,999.0,34,91.271,116.65,873.73,12.694,196.313,1.506
2010-10-15 13:45:00,84.0,715.0,283.0,228.0,746.0,325.0,0.0,61.0,999.0,34,91.463,116.26,837.109,12.962,150.232,1.831
2010-10-15 14:00:00,68.0,581.0,283.0,181.0,606.0,332.0,0.0,59.0,999.0,34,91.22,103.52,791.895,13.444,170.707,2.237
2010-10-15 14:15:00,28.0,247.0,282.0,72.0,252.0,346.0,0.0,59.0,994.0,34,91.939,104.96,623.535,12.612,175.298,3.0
2010-10-15 14:30:00,30.0,260.0,283.0,75.0,267.0,352.0,0.0,60.0,994.0,34,91.919,102.65,253.906,12.756,187.425,1.394
2010-10-15 14:45:00,70.0,599.0,284.0,180.0,622.0,344.0,0.0,60.0,997.0,34,91.21,101.92,378.125,12.569,259.38,1.413
2010-10-15 15:00:00,16.0,144.0,284.0,42.0,148.0,350.0,0.0,60.0,-972.0,34,91.412,102.56,254.98,12.825,218.948,1.406
2010-10-15 15:15:00,14.0,121.0,281.0,35.0,124.0,349.0,0.0,58.0,967.0,34,90.268,98.24,133.496,13.519,231.188,1.931
2010-10-15 15:30:00,11.0,94.0,282.0,27.0,95.0,345.0,0.0,60.0,933.0,34,89.357,95.03,105.469,13.888,201.915,1.188
2010-10-15 15:45:00,10.0,89.0,283.0,26.0,90.0,343.0,0.0,59.0,929.0,34,88.891,92.5,92.383,14.15,188.73,1.475
2010-10-15 16:00:00,10.0,82.0,284.0,24.0,83.0,340.0,0.0,59.0,924.0,34,88.66899999999998,90.89,91.699,14.625,181.778,1.875
2010-10-15 16:15:00,8.0,68.0,283.0,20.0,70.0,342.0,0.0,59.0,-894.0,34,88.64799999999998,90.98,151.563,14.456,192.488,1.119
2010-10-15 16:30:00,5.0,36.0,281.0,11.0,37.0,331.0,0.0,59.0,-729.0,34,88.436,91.28,101.367,14.506,196.155,1.25
2010-10-15 16:45:00,4.0,20.0,282.0,6.0,21.0,330.0,0.0,59.0,-517.0,34,87.798,88.65,40.039,15.263,210.645,1.762
2010-10-15 17:00:00,3.0,-2.0,282.0,1.0,5.0,297.0,0.0,58.0,0.0,34,86.866,85.87999999999998,18.066,15.3,222.075,2.713
2010-10-15 17:15:00,0.0,-3.0,282.0,1.0,0.0,316.0,0.0,58.0,0.0,34,85.94499999999998,83.95999999999998,0.0,15.713,226.62,2.194
2010-10-15 17:30:00,0.0,-3.0,283.0,1.0,0.0,138.0,0.0,57.0,0.0,34,84.99299999999998,81.59999999999998,0.879,16.375,232.245,1.475
2010-10-15 17:45:00,0.0,-2.0,282.0,1.0,0.0,13.0,0.0,56.0,0.0,34,84.092,79.37999999999998,0.391,17.156,232.785,1.456
2010-10-15 18:00:00,0.0,-2.0,284.0,1.0,0.0,6.0,0.0,56.0,0.0,34,82.958,76.76999999999998,0.4879999999999999,18.356,233.933,1.219
2010-10-15 18:15:00,0.0,-2.0,284.0,1.0,0.0,5.0,0.0,55.0,0.0,34,81.67199999999998,75.19,0.4879999999999999,19.663,226.395,1.275
2010-10-15 18:30:00,0.0,-3.0,284.0,1.0,0.0,4.0,0.0,55.0,0.0,34,80.224,73.18,0.2929999999999999,20.975,223.853,0.944
2010-10-15 18:45:00,0.0,-2.0,285.0,1.0,0.0,4.0,0.0,54.0,0.0,34,78.736,70.67,0.0,22.619,230.625,1.163
2010-10-16 06:00:00,0.0,-2.0,283.0,1.0,0.0,421.0,0.0,42.0,0.0,34,62.819,55.8,8.496,40.569,251.595,0.538
2010-10-16 06:15:00,6.0,45.0,282.0,13.0,44.0,335.0,0.0,48.0,809.0,34,61.736,54.57,25.781,43.294,259.402,0.819
2010-10-16 06:30:00,12.0,102.0,283.0,28.0,103.0,370.0,0.0,57.0,-949.0,34,62.587,55.89,45.117,38.719,283.545,0.962
2010-10-16 06:45:00,19.0,163.0,282.0,43.0,167.0,389.0,0.0,59.0,-983.0,34,63.427,59.26,178.613,37.15,268.763,0.762
2010-10-16 07:00:00,27.0,229.0,281.0,60.0,237.0,392.0,0.0,59.0,988.0,34,64.571,65.58,225.977,35.456,240.998,1.244
2010-10-16 07:15:00,34.0,295.0,284.0,81.0,303.0,373.0,0.0,58.0,-995.0,34,65.948,72.23999999999998,314.648,33.256,299.88,1.138
2010-10-16 07:30:00,43.0,369.0,284.0,96.0,382.0,393.0,0.0,60.0,996.0,34,67.436,77.09999999999998,332.91,30.944,322.627,2.237
2010-10-16 07:45:00,52.0,442.0,283.0,120.0,459.0,380.0,0.0,59.0,999.0,34,68.915,83.14,448.633,28.681,285.323,1.538
2010-10-16 08:00:00,59.0,507.0,286.0,141.0,527.0,372.0,0.0,60.0,997.0,34,70.039,91.04,515.82,27.175,290.047,1.675
2010-10-16 08:15:00,66.0,565.0,284.0,158.0,589.0,370.0,0.0,59.0,999.0,34,70.899,98.22,584.277,26.856,291.915,1.456
2010-10-16 08:30:00,72.0,622.0,285.0,180.0,646.0,357.0,0.0,59.0,-999.0,34,72.084,104.19,647.949,26.344,303.862,1.125
2010-10-16 08:45:00,78.0,670.0,285.0,195.0,699.0,357.0,0.0,59.0,999.0,34,73.58199999999998,108.69,707.324,25.106,210.33,1.313
2010-10-16 09:00:00,83.0,711.0,286.0,206.0,743.0,358.0,0.0,60.0,999.0,34,74.98,109.34,760.547,24.4,186.3,1.563
2010-10-16 09:15:00,88.0,753.0,284.0,224.0,788.0,349.0,0.0,60.0,998.0,34,76.174,105.56,809.57,23.556,106.965,1.813
2010-10-16 09:30:00,92.0,784.0,283.0,233.0,819.0,349.0,0.0,60.0,-999.0,34,77.197,110.27,855.664,22.906,83.92499999999998,2.069
2010-10-16 09:45:00,94.0,808.0,286.0,256.0,842.0,327.0,0.0,61.0,-999.0,34,78.23999999999998,106.43,895.508,23.175,140.378,1.725
2010-10-16 10:00:00,98.0,841.0,285.0,260.0,877.0,335.0,0.0,60.0,-1000.0,34,79.52599999999998,104.49,931.445,22.794,113.895,2.262
2010-10-16 10:15:00,100.0,858.0,286.0,269.0,897.0,331.0,0.0,61.0,-999.0,34,80.629,103.68,962.598,22.031,121.455,2.081
2010-10-16 10:30:00,101.0,865.0,285.0,267.0,904.0,336.0,0.0,60.0,-999.0,34,81.611,107.55,988.379,20.956,119.61,2.631
2010-10-16 10:45:00,103.0,881.0,284.0,289.0,922.0,317.0,0.0,59.0,-998.0,34,82.28,103.89,1009.18,21.181,128.138,2.55
2010-10-16 11:00:00,104.0,893.0,285.0,287.0,934.0,323.0,0.0,61.0,-999.0,34,83.272,105.5,1024.414,20.194,160.155,2.469
2010-10-16 11:15:00,104.0,887.0,283.0,291.0,926.0,317.0,0.0,60.0,-999.0,34,84.143,107.31,1022.07,19.894,129.645,2.675
2010-10-16 11:30:00,105.0,899.0,284.0,288.0,941.0,325.0,0.0,60.0,-999.0,34,84.608,109.7,1040.43,19.325,134.505,2.281
2010-10-16 11:45:00,105.0,892.0,283.0,293.0,931.0,316.0,0.0,59.0,-999.0,34,85.59,109.4,1044.043,18.456,119.318,1.944
2010-10-16 12:00:00,105.0,899.0,283.0,289.0,939.0,323.0,0.0,59.0,-999.0,34,85.813,109.5,1038.965,18.919,120.263,2.725
2010-10-16 12:15:00,103.0,876.0,284.0,285.0,915.0,320.0,0.0,59.0,999.0,34,87.15,111.14,1023.438,17.588,169.267,2.081
2010-10-16 12:30:00,100.0,862.0,286.0,270.0,899.0,331.0,0.0,61.0,999.0,34,88.183,114.88,1016.602,17.181,107.798,1.987
2010-10-16 12:45:00,98.0,838.0,284.0,274.0,873.0,317.0,0.0,61.0,-999.0,34,88.355,112.72,986.719,17.156,136.687,1.675
2010-10-16 13:00:00,92.0,796.0,285.0,259.0,831.0,319.0,0.0,59.0,999.0,34,89.37699999999998,114.8,966.992,15.981,172.8,1.381
2010-10-16 13:15:00,29.0,249.0,283.0,74.0,256.0,342.0,0.0,59.0,994.0,34,90.258,116.54,468.848,15.194,127.103,2.156
2010-10-16 13:30:00,77.0,661.0,284.0,194.0,691.0,354.0,0.0,60.0,999.0,34,88.11199999999998,100.38,266.211,16.35,148.388,1.15
2010-10-16 13:45:00,30.0,256.0,282.0,73.0,263.0,358.0,0.0,59.0,994.0,34,88.476,100.75,389.355,15.681,148.725,1.05
2010-10-16 14:00:00,22.0,195.0,284.0,56.0,201.0,358.0,0.0,59.0,986.0,34,88.527,98.4,297.07,15.506,161.078,1.637
2010-10-16 14:15:00,54.0,467.0,283.0,130.0,487.0,372.0,0.0,60.0,997.0,34,88.152,97.1,203.418,15.831,237.015,2.137
2010-10-16 14:30:00,18.0,162.0,285.0,46.0,166.0,358.0,0.0,60.0,975.0,34,88.284,99.15,358.105,15.569,226.665,1.656
2010-10-16 14:45:00,15.0,132.0,284.0,38.0,135.0,348.0,0.0,59.0,970.0,34,88.183,97.16,143.262,15.85,252.225,2.206
2010-10-16 15:00:00,14.0,117.0,285.0,34.0,121.0,347.0,0.0,59.0,-955.0,34,87.717,93.75,113.086,16.219,292.23,2.012
2010-10-16 15:15:00,13.0,109.0,283.0,32.0,113.0,351.0,0.0,59.0,-941.0,34,87.494,92.42,123.34,16.256,268.717,1.731
2010-10-16 15:30:00,12.0,98.0,283.0,27.0,101.0,370.0,0.0,59.0,935.0,34,87.028,90.95,96.387,16.388,262.26,1.637
2010-10-16 15:45:00,9.0,75.0,284.0,20.0,76.0,367.0,0.0,58.0,903.0,34,86.63299999999998,89.12,84.375,16.706,225.945,2.294
2010-10-16 16:00:00,6.0,47.0,283.0,13.0,48.0,365.0,0.0,59.0,-813.0,34,86.188,87.39,64.941,17.069,196.268,1.575
2010-10-16 16:15:00,6.0,47.0,284.0,13.0,48.0,362.0,0.0,59.0,-795.0,34,85.641,85.87,95.996,17.856,187.92,1.837
2010-10-16 16:30:00,4.0,24.0,285.0,6.0,24.0,364.0,0.0,58.0,-599.0,34,85.601,86.28,48.34,17.181,170.438,2.644
2010-10-16 16:45:00,3.0,1.0,283.0,1.0,5.0,304.0,0.0,58.0,0.0,34,85.39799999999998,85.31,18.066,17.362,183.173,3.731
2010-10-16 17:00:00,0.0,-3.0,283.0,1.0,0.0,335.0,0.0,58.0,0.0,34,84.396,84.09,6.055,19.188,222.548,6.712
2010-10-16 17:15:00,2.0,-9.0,282.0,1.0,5.0,291.0,0.0,58.0,0.0,34,83.343,83.01999999999998,1.465,20.263,216.405,5.425
2010-10-16 17:30:00,0.0,-3.0,282.0,1.0,0.0,76.0,0.0,57.0,0.0,34,82.867,82.2,0.4879999999999999,20.425,220.23,4.994
2010-10-16 17:45:00,0.0,-3.0,283.0,1.0,0.0,17.0,0.0,56.0,0.0,34,82.381,81.12,0.391,20.806,231.345,3.219
2010-10-16 18:00:00,0.0,-2.0,282.0,1.0,0.0,12.0,0.0,55.0,0.0,34,82.06699999999998,80.20999999999998,0.2929999999999999,20.856,232.38,3.287
2010-10-16 18:15:00,0.0,-2.0,283.0,1.0,0.0,11.0,0.0,55.0,0.0,34,81.561,78.9,0.4879999999999999,21.263,221.895,2.219
2010-10-16 18:30:00,0.0,-3.0,282.0,1.0,0.0,9.0,0.0,54.0,0.0,34,81.04399999999998,77.64,0.391,21.794,230.918,2.219
2010-10-16 18:45:00,0.0,-2.0,284.0,2.0,0.0,7.0,0.0,54.0,0.0,34,80.45699999999998,76.29,0.391,22.394,236.25,2.45
2010-10-17 06:00:00,0.0,-2.0,284.0,1.0,0.0,409.0,0.0,42.0,0.0,34,64.601,56.72,8.691,40.525,299.925,2.012
2010-10-17 06:15:00,5.0,32.0,282.0,9.0,31.0,350.0,0.0,46.0,705.0,34,65.037,59.31,23.145,39.775,302.513,2.719
2010-10-17 06:30:00,8.0,67.0,282.0,21.0,68.0,318.0,0.0,55.0,876.0,34,65.239,61.54,54.395,38.613,312.278,2.231
2010-10-17 06:45:00,13.0,110.0,283.0,30.0,112.0,362.0,0.0,58.0,964.0,34,66.1,64.19,96.973,37.331,312.863,2.262
2010-10-17 07:00:00,15.0,132.0,282.0,37.0,133.0,358.0,0.0,58.0,970.0,34,67.426,67.16,124.902,36.475,303.75,2.725
2010-10-17 07:15:00,21.0,184.0,282.0,52.0,190.0,361.0,0.0,60.0,985.0,34,68.459,69.81,151.758,35.994,310.77,1.969
2010-10-17 07:30:00,50.0,425.0,283.0,112.0,442.0,390.0,0.0,60.0,999.0,34,69.897,74.04,266.602,34.706,312.638,1.006
2010-10-17 07:45:00,51.0,436.0,281.0,118.0,454.0,382.0,0.0,60.0,-999.0,34,71.881,82.54,432.813,32.631,272.948,1.525
2010-10-17 08:00:00,44.0,379.0,282.0,106.0,391.0,364.0,0.0,59.0,-999.0,34,73.83499999999998,88.87,448.828,30.206,129.645,1.894
2010-10-17 08:15:00,43.0,369.0,282.0,101.0,383.0,376.0,0.0,60.0,999.0,34,75.233,89.62,365.234,28.975,84.083,1.794
2010-10-17 08:30:00,38.0,328.0,281.0,90.0,340.0,375.0,0.0,60.0,995.0,34,76.07299999999998,89.56,363.77,28.181,73.89,1.256
2010-10-17 08:45:00,43.0,371.0,280.0,101.0,386.0,378.0,0.0,59.0,996.0,34,76.62999999999998,89.64,355.664,27.294,78.795,1.475
2010-10-17 09:00:00,40.0,348.0,284.0,96.0,360.0,370.0,0.0,59.0,996.0,34,77.379,90.92,409.375,26.794,100.417,1.494
2010-10-17 09:15:00,46.0,391.0,282.0,110.0,403.0,364.0,0.0,59.0,-996.0,34,77.328,86.90999999999998,329.98,26.531,103.68,1.8
2010-10-17 09:30:00,47.0,406.0,282.0,113.0,423.0,374.0,0.0,60.0,-996.0,34,77.54099999999998,87.12,448.34,26.225,112.522,1.613
2010-10-17 09:45:00,58.0,495.0,282.0,138.0,517.0,372.0,0.0,59.0,-999.0,34,78.351,87.19,402.246,25.844,132.638,2.025
2010-10-17 10:00:00,43.0,367.0,281.0,103.0,380.0,366.0,0.0,60.0,-992.0,34,79.202,88.89,412.109,26.138,137.903,1.719
2010-10-17 10:15:00,115.0,981.0,283.0,290.0,1030.0,353.0,0.0,60.0,-999.0,34,79.32299999999998,90.12,545.41,26.931,121.883,1.469
2010-10-17 10:30:00,83.0,702.0,281.0,210.0,734.0,347.0,0.0,59.0,-999.0,34,81.065,101.04,845.4099999999999,25.281,122.423,1.581
2010-10-17 10:45:00,94.0,795.0,282.0,246.0,831.0,335.0,0.0,60.0,999.0,34,82.057,105.87,895.508,24.656,79.83,2.05
2010-10-17 11:00:00,94.0,800.0,285.0,243.0,837.0,342.0,0.0,59.0,998.0,34,82.644,105.12,792.969,24.5,118.778,2.131
2010-10-17 11:15:00,48.0,414.0,284.0,123.0,430.0,349.0,0.0,59.0,-996.0,34,83.393,100.13,699.512,24.375,135.788,1.981
2010-10-17 11:30:00,70.0,595.0,283.0,175.0,621.0,352.0,0.0,60.0,999.0,34,83.049,96.49,582.129,24.919,137.205,2.244
2010-10-17 11:45:00,98.0,842.0,286.0,256.0,881.0,343.0,0.0,59.0,999.0,34,84.16299999999998,100.2,824.8049999999998,23.419,130.14,2.419
2010-10-17 12:00:00,64.0,548.0,282.0,163.0,572.0,347.0,0.0,60.0,999.0,34,85.003,103.46,769.727,22.931,136.193,1.906
2010-10-17 12:15:00,69.0,592.0,283.0,179.0,616.0,343.0,0.0,61.0,999.0,34,84.943,100.82,654.297,23.019,150.863,1.35
2010-10-17 12:30:00,60.0,508.0,282.0,151.0,529.0,349.0,0.0,59.0,-999.0,34,85.763,101.69,559.277,22.625,152.348,1.731
2010-10-17 12:45:00,81.0,689.0,283.0,202.0,720.0,354.0,0.0,60.0,999.0,34,85.92499999999998,99.1,531.543,23.331,131.31,2.4
2010-10-17 13:00:00,53.0,456.0,284.0,134.0,472.0,348.0,0.0,59.0,999.0,34,85.84399999999998,98.29,736.816,23.762,112.32,3.163
2010-10-17 13:15:00,93.0,796.0,284.0,234.0,834.0,354.0,0.0,59.0,-999.0,34,85.80299999999998,93.16,634.766,23.363,153.337,7.094
2010-10-17 13:30:00,96.0,823.0,284.0,238.0,864.0,361.0,0.0,60.0,-999.0,34,85.31699999999998,92.65,635.938,23.781,162.338,8.25
2010-10-17 13:45:00,32.0,275.0,284.0,79.0,284.0,356.0,0.0,59.0,-995.0,34,85.17499999999998,91.78,757.9099999999999,22.406,158.805,5.619
2010-10-17 14:00:00,88.0,752.0,284.0,212.0,788.0,369.0,0.0,59.0,1000.0,34,84.122,87.42,356.25,22.506,160.2,5.831
2010-10-17 14:15:00,22.0,191.0,285.0,53.0,195.0,363.0,0.0,60.0,-986.0,34,84.173,88.2,313.477,23.869,157.658,4.788
2010-10-17 14:30:00,7.0,52.0,284.0,15.0,54.0,361.0,0.0,58.0,-829.0,34,82.614,84.42,98.047,25.781,166.635,4.831
2010-10-17 14:45:00,4.0,28.0,283.0,8.0,28.0,365.0,0.0,58.0,-656.0,34,81.146,81.76,46.289,27.988,173.048,5.006
2010-10-17 15:00:00,3.0,9.0,281.0,3.0,10.0,370.0,0.0,58.0,0.0,34,78.908,78.01,25.586,34.144,201.375,5.512
2010-10-17 15:15:00,6.0,45.0,281.0,13.0,48.0,367.0,0.0,58.0,-829.0,34,75.83,73.23999999999998,25.098,45.156,188.595,8.981
2010-10-17 15:30:00,18.0,160.0,283.0,42.0,163.0,385.0,0.0,59.0,983.0,34,74.10899999999998,72.11,104.102,45.656,150.885,4.337
2010-10-17 15:45:00,10.0,85.0,282.0,22.0,86.0,378.0,0.0,58.0,926.0,34,74.554,71.58,112.891,45.144,160.987,1.956
2010-10-17 16:00:00,6.0,49.0,283.0,13.0,49.0,372.0,0.0,58.0,840.0,34,75.364,70.44,66.504,43.438,241.605,1.038
2010-10-17 16:15:00,5.0,36.0,280.0,9.0,36.0,371.0,0.0,58.0,771.0,34,75.152,69.52,33.301,46.494,269.325,1.581
2010-10-17 16:30:00,4.0,27.0,281.0,7.0,27.0,379.0,0.0,59.0,666.0,34,74.372,69.39,45.313,49.906,278.708,2.556
2010-10-17 16:45:00,3.0,9.0,281.0,2.0,9.0,350.0,0.0,58.0,0.0,34,73.562,69.69,28.906,50.925,278.055,2.237
2010-10-17 17:00:00,0.0,-2.0,281.0,1.0,1.0,341.0,0.0,57.0,0.0,34,73.218,68.95,6.445,50.963,186.525,1.4
2010-10-17 17:15:00,0.0,-2.0,281.0,1.0,0.0,196.0,0.0,56.0,0.0,34,73.05599999999998,69.88,0.5859999999999999,48.306,164.408,3.25
2010-10-17 17:30:00,0.0,-3.0,283.0,1.0,0.0,46.0,0.0,55.0,0.0,34,71.193,64.64,0.195,60.281,121.095,2.169
2010-10-17 17:45:00,0.0,-2.0,282.0,1.0,0.0,35.0,0.0,55.0,0.0,34,69.947,65.65,0.195,62.119,168.548,2.194
2010-10-17 18:00:00,0.0,-3.0,282.0,1.0,0.0,35.0,0.0,54.0,0.0,34,69.634,64.99,0.098,62.731,196.853,4.044
2010-10-17 18:15:00,0.0,-3.0,283.0,1.0,0.0,34.0,0.0,53.0,0.0,34,69.127,64.87,0.2929999999999999,61.75,219.443,5.888
2010-10-17 18:30:00,0.0,-2.0,284.0,1.0,0.0,34.0,0.0,53.0,0.0,34,68.499,64.29,0.195,65.331,227.835,3.806
2010-10-17 18:45:00,0.0,-3.0,284.0,1.0,0.0,28.0,0.0,53.0,0.0,34,67.902,63.22,0.195,67.731,269.167,1.856
2010-10-18 06:00:00,0.0,-2.0,283.0,1.0,0.0,417.0,0.0,41.0,0.0,34,59.832,55.59,6.152,92.325,238.163,1.262
2010-10-18 06:15:00,5.0,31.0,284.0,9.0,29.0,315.0,0.0,46.0,638.0,34,59.873,56.4,16.797,90.881,216.945,2.256
2010-10-18 06:30:00,11.0,87.0,282.0,23.0,87.0,373.0,0.0,55.0,915.0,34,59.863,57.39,21.094,89.813,213.39,2.644
2010-10-18 06:45:00,18.0,160.0,282.0,39.0,164.0,411.0,0.0,59.0,975.0,34,59.873,59.15,142.676,88.006,216.608,3.494
2010-10-18 07:00:00,27.0,232.0,282.0,59.0,237.0,396.0,0.0,59.0,988.0,34,60.379,62.38,231.641,85.46899999999998,215.303,2.75
2010-10-18 07:15:00,37.0,315.0,281.0,79.0,326.0,407.0,0.0,60.0,999.0,34,60.886,64.68,293.262,83.29999999999998,218.61,2.863
2010-10-18 07:30:00,46.0,391.0,281.0,100.0,403.0,399.0,0.0,59.0,996.0,34,61.635,66.6,360.156,80.93099999999998,206.392,2.381
2010-10-18 07:45:00,55.0,469.0,282.0,122.0,487.0,397.0,0.0,60.0,-999.0,34,62.333,70.51,433.789,78.58799999999998,204.728,2.631
2010-10-18 08:00:00,62.0,535.0,282.0,141.0,558.0,393.0,0.0,60.0,999.0,34,62.931,76.26,511.523,76.84999999999998,197.482,2.319
2010-10-18 08:15:00,69.0,596.0,283.0,160.0,625.0,387.0,0.0,61.0,999.0,34,,,,,,
2010-10-18 08:30:00,76.0,653.0,283.0,182.0,683.0,372.0,0.0,58.0,997.0,34,64.601,92.92,642.578,71.406,205.335,1.469
2010-10-18 08:45:00,81.0,695.0,283.0,199.0,726.0,363.0,0.0,60.0,999.0,34,65.746,98.28,693.848,66.675,184.275,1.394
2010-10-18 09:00:00,86.0,737.0,282.0,217.0,769.0,352.0,0.0,60.0,999.0,34,,,,,,
2010-10-18 09:15:00,91.0,776.0,283.0,227.0,811.0,354.0,0.0,59.0,1000.0,34,67.608,100.22,794.629,61.538,164.857,1.388
2010-10-18 09:30:00,95.0,811.0,282.0,248.0,847.0,339.0,0.0,59.0,999.0,34,67.872,100.22,844.8239999999998,59.456,113.513,1.869
2010-10-18 09:45:00,99.0,843.0,282.0,255.0,881.0,344.0,0.0,61.0,999.0,34,68.581,92.69,880.566,57.444,130.298,1.869
2010-10-18 10:00:00,101.0,866.0,283.0,265.0,905.0,340.0,0.0,61.0,999.0,34,68.905,91.57,915.0390000000002,56.975,124.987,1.669
2010-10-18 10:15:00,103.0,887.0,284.0,264.0,927.0,349.0,0.0,60.0,999.0,34,69.725,95.36,944.043,55.519,101.453,2.881
2010-10-18 10:30:00,107.0,908.0,283.0,285.0,950.0,332.0,0.0,59.0,999.0,34,70.19,102.51,973.4380000000002,54.131,158.827,2.431
2010-10-18 10:45:00,106.0,904.0,283.0,276.0,949.0,341.0,0.0,60.0,999.0,34,71.031,102.05,979.883,51.712,102.803,2.363
2010-10-18 11:00:00,107.0,911.0,283.0,277.0,955.0,342.0,0.0,61.0,998.0,34,71.638,102.72,963.184,49.825,147.69,2.237
2010-10-18 11:15:00,111.0,945.0,284.0,295.0,989.0,333.0,0.0,61.0,999.0,34,72.52899999999998,103.94,997.363,47.1,184.658,2.281
2010-10-18 11:30:00,110.0,939.0,284.0,291.0,981.0,335.0,0.0,61.0,1000.0,34,73.68399999999998,108.12,1027.832,44.175,234.833,3.581
2010-10-18 11:45:00,109.0,934.0,284.0,295.0,977.0,330.0,0.0,61.0,-999.0,34,74.251,103.77,1021.484,41.425,117.878,2.825
2010-10-18 12:00:00,108.0,926.0,284.0,287.0,969.0,335.0,0.0,61.0,-1000.0,34,75.182,102.95,1014.258,40.481,140.422,1.931
2010-10-18 12:15:00,108.0,924.0,284.0,286.0,966.0,336.0,0.0,60.0,999.0,34,75.921,99.73,1008.887,40.331,135.247,2.506
2010-10-18 12:30:00,87.0,747.0,283.0,221.0,781.0,351.0,0.0,59.0,999.0,34,75.992,98.1,978.223,40.406,97.74,2.825
2010-10-18 12:45:00,98.0,838.0,283.0,255.0,877.0,342.0,0.0,59.0,999.0,34,76.316,95.55,881.9339999999999,39.469,114.547,3.131
2010-10-18 13:00:00,86.0,738.0,283.0,218.0,772.0,352.0,0.0,61.0,998.0,34,76.336,93.07,755.176,39.375,130.388,2.844
2010-10-18 13:15:00,62.0,530.0,282.0,152.0,554.0,363.0,0.0,60.0,997.0,34,76.762,93.3,631.641,38.344,123.638,2.487
2010-10-18 13:30:00,89.0,760.0,282.0,223.0,796.0,354.0,0.0,60.0,999.0,34,76.235,87.75,724.121,38.2,112.163,3.106
2010-10-18 13:45:00,67.0,575.0,281.0,167.0,599.0,355.0,0.0,60.0,999.0,34,77.096,90.32,708.301,36.994,106.965,3.144
2010-10-18 14:00:00,89.0,756.0,282.0,226.0,789.0,347.0,0.0,60.0,999.0,34,77.45,91.15,792.969,36.344,111.533,2.987
2010-10-18 14:15:00,81.0,687.0,281.0,204.0,719.0,351.0,0.0,60.0,999.0,34,78.351,92.98,767.5779999999999,35.069,128.07,2.369
2010-10-18 14:30:00,76.0,643.0,281.0,187.0,675.0,358.0,0.0,60.0,-999.0,34,78.28,91.2,677.539,34.95,105.525,2.981
2010-10-18 14:45:00,64.0,545.0,281.0,157.0,565.0,358.0,0.0,59.0,-999.0,34,77.997,89.12999999999998,657.813,34.538,117.585,2.825
2010-10-18 15:00:00,46.0,392.0,281.0,108.0,407.0,373.0,0.0,60.0,-996.0,34,78.058,87.95,360.449,33.825,87.05299999999998,3.813
2010-10-18 15:15:00,39.0,336.0,281.0,95.0,346.0,363.0,0.0,59.0,-995.0,34,77.733,85.95999999999998,418.066,33.275,97.65,2.956
2010-10-18 15:30:00,31.0,265.0,282.0,74.0,275.0,367.0,0.0,59.0,-989.0,34,77.632,83.56,321.191,33.081,141.84,2.106
2010-10-18 15:45:00,20.0,175.0,282.0,51.0,179.0,348.0,0.0,59.0,977.0,34,77.268,80.61,188.379,33.556,144.563,1.594
2010-10-18 16:00:00,8.0,59.0,283.0,17.0,60.0,342.0,0.0,58.0,-845.0,34,76.367,78.29,113.281,34.125,97.11,2.925
2010-10-18 16:15:00,6.0,47.0,283.0,13.0,47.0,345.0,0.0,58.0,795.0,34,75.465,76.15999999999998,55.469,34.844,117.945,2.656
2010-10-18 16:30:00,5.0,31.0,283.0,9.0,31.0,338.0,0.0,58.0,656.0,34,74.807,74.93,43.75,35.394,90.765,3.081
2010-10-18 16:45:00,3.0,8.0,284.0,2.0,8.0,305.0,0.0,58.0,239.0,34,74.342,74.01999999999998,26.953,35.95,83.83499999999998,2.7
2010-10-18 17:00:00,3.0,-6.0,282.0,1.0,5.0,293.0,0.0,58.0,0.0,34,74.03799999999998,73.42,7.129,36.506,92.003,2.475
2010-10-18 17:15:00,3.0,-9.0,282.0,1.0,4.0,291.0,0.0,58.0,0.0,34,73.572,72.14,1.465,37.419,84.623,2.75
2010-10-18 17:30:00,0.0,-2.0,281.0,1.0,0.0,56.0,0.0,58.0,0.0,34,73.00499999999998,70.66,0.391,39.412,220.163,2.331
2010-10-18 17:45:00,0.0,-3.0,282.0,1.0,0.0,13.0,0.0,57.0,0.0,34,72.307,68.96,0.2929999999999999,43.544,308.138,2.819
2010-10-18 18:00:00,0.0,-2.0,282.0,1.0,0.0,11.0,0.0,56.0,0.0,34,71.81,67.62,0.2929999999999999,45.625,265.275,1.931
2010-10-18 18:15:00,0.0,-2.0,283.0,0.0,0.0,11.0,0.0,56.0,0.0,34,71.314,66.56,0.2929999999999999,46.506,302.985,1.406
2010-10-18 18:30:00,0.0,-3.0,283.0,1.0,0.0,15.0,0.0,55.0,0.0,34,70.95,65.12,0.2929999999999999,47.788,305.708,1.056
2010-10-18 18:45:00,0.0,-3.0,283.0,1.0,0.0,13.0,0.0,55.0,0.0,34,70.757,64.68,0.2929999999999999,48.05,243.428,1.388
2010-10-19 06:00:00,0.0,-2.0,282.0,1.0,0.0,408.0,0.0,41.0,0.0,34,62.394,60.14,5.566,55.656,155.565,1.506
2010-10-19 06:15:00,3.0,13.0,282.0,3.0,12.0,352.0,0.0,45.0,384.0,34,62.141,59.94,12.598,56.013,232.268,2.369
2010-10-19 06:30:00,5.0,33.0,282.0,8.0,32.0,374.0,0.0,52.0,-714.0,34,62.131,60.05,21.777,56.356,162.338,2.087
2010-10-19 06:45:00,17.0,147.0,282.0,42.0,151.0,356.0,0.0,59.0,973.0,34,62.546,61.43,132.129,55.281,197.055,1.744
2010-10-19 07:00:00,26.0,229.0,283.0,60.0,236.0,389.0,0.0,58.0,-988.0,34,63.295,66.01,255.371,52.712,200.88,1.994
2010-10-19 07:15:00,35.0,302.0,282.0,79.0,311.0,390.0,0.0,58.0,-995.0,34,64.571,71.27,316.699,49.956,280.508,2.794
2010-10-19 07:30:00,44.0,379.0,282.0,99.0,392.0,394.0,0.0,59.0,-996.0,34,65.513,75.01,384.18,47.944,300.15,4.513
2010-10-19 07:45:00,53.0,449.0,282.0,122.0,465.0,381.0,0.0,59.0,-996.0,34,66.282,79.18,447.852,46.994,237.735,2.625
2010-10-19 08:00:00,61.0,522.0,282.0,142.0,542.0,380.0,0.0,60.0,999.0,34,67.224,83.95999999999998,513.184,45.669,278.618,2.675
2010-10-19 08:15:00,69.0,591.0,283.0,163.0,614.0,373.0,0.0,60.0,-999.0,34,68.145,88.31,581.641,43.969,286.493,4.256
2010-10-19 08:30:00,75.0,642.0,283.0,178.0,672.0,376.0,0.0,60.0,-999.0,34,69.471,92.82,647.559,41.638,220.995,3.313
2010-10-19 08:45:00,82.0,695.0,282.0,201.0,727.0,359.0,0.0,60.0,999.0,34,70.798,97.77,706.641,39.712,278.55,4.125
2010-10-19 09:00:00,86.0,738.0,283.0,210.0,772.0,365.0,0.0,60.0,999.0,34,71.881,100.82,759.1799999999998,37.85,273.15,3.637
2010-10-19 09:15:00,90.0,774.0,283.0,228.0,808.0,352.0,0.0,59.0,999.0,34,72.539,106.59,804.4919999999998,36.569,260.73,2.7
2010-10-19 09:30:00,95.0,811.0,282.0,244.0,849.0,346.0,0.0,59.0,-999.0,34,73.238,106.11,845.605,36.025,155.385,2.8
2010-10-19 09:45:00,98.0,839.0,284.0,247.0,877.0,354.0,0.0,61.0,-999.0,34,74.058,107.29,888.379,34.669,207.473,3.831
2010-10-19 10:00:00,100.0,855.0,283.0,260.0,895.0,342.0,0.0,61.0,-999.0,34,74.676,105.76,920.215,34.081,139.432,2.287
2010-10-19 10:15:00,103.0,877.0,283.0,271.0,919.0,337.0,0.0,59.0,-999.0,34,75.516,108.72,949.023,32.894,114.57,1.969
2010-10-19 10:30:00,108.0,924.0,283.0,283.0,968.0,340.0,0.0,61.0,-999.0,34,76.44799999999998,112.87,989.258,31.731,187.988,2.363
2010-10-19 10:45:00,128.0,1089.0,283.0,350.0,1142.0,324.0,0.0,61.0,-999.0,34,77.54099999999998,115.58,1022.559,30.244,243.563,3.013
2010-10-19 11:00:00,73.0,619.0,281.0,191.0,646.0,336.0,0.0,58.0,997.0,34,79.485,115.9,1019.238,28.238,202.928,3.738
2010-10-19 11:15:00,33.0,287.0,281.0,83.0,298.0,355.0,0.0,60.0,-995.0,34,79.84,101.1,493.652,27.706,140.985,4.063
2010-10-19 11:30:00,126.0,1071.0,283.0,323.0,1125.0,346.0,0.0,61.0,-999.0,34,79.141,96.26,656.055,28.1,145.08,3.225
2010-10-19 11:45:00,51.0,440.0,282.0,130.0,456.0,348.0,0.0,60.0,-996.0,34,80.569,98.6,848.34,26.488,110.362,3.625
2010-10-19 12:00:00,89.0,756.0,282.0,213.0,792.0,369.0,0.0,60.0,-999.0,34,81.065,96.81,435.645,26.319,137.385,3.831
2010-10-19 12:15:00,136.0,1155.0,283.0,340.0,1215.0,355.0,0.0,58.0,-999.0,34,80.741,92.6,512.402,26.538,143.1,4.431
2010-10-19 12:30:00,38.0,330.0,281.0,96.0,341.0,351.0,0.0,60.0,-995.0,34,81.33799999999998,96.9,811.914,25.7,143.28,4.513
2010-10-19 12:45:00,29.0,255.0,281.0,74.0,263.0,353.0,0.0,59.0,-989.0,34,81.429,94.53,327.539,25.675,169.965,4.825
2010-10-19 13:00:00,109.0,927.0,281.0,265.0,976.0,366.0,0.0,61.0,-999.0,34,80.477,87.45999999999998,403.516,26.606,116.145,4.369
2010-10-19 13:15:00,121.0,1028.0,283.0,314.0,1080.0,342.0,0.0,59.0,999.0,34,81.176,92.19,773.633,25.663,123.525,5.294
2010-10-19 13:30:00,109.0,924.0,282.0,292.0,968.0,330.0,0.0,60.0,1000.0,34,82.958,102.03,1075.586,23.869,148.095,4.438
2010-10-19 13:45:00,51.0,436.0,281.0,125.0,453.0,358.0,0.0,60.0,-999.0,34,83.272,100.85,683.301,23.656,203.827,5.844
2010-10-19 14:00:00,85.0,720.0,281.0,210.0,756.0,357.0,0.0,59.0,-999.0,34,82.138,94.91,665.723,24.594,147.217,5.375
2010-10-19 14:15:00,85.0,722.0,281.0,209.0,757.0,359.0,0.0,61.0,-998.0,34,82.33,95.06,686.426,24.237,146.857,4.894
2010-10-19 14:30:00,23.0,201.0,281.0,57.0,205.0,357.0,0.0,59.0,986.0,34,82.462,95.97,606.055,23.862,159.39,5.806
2010-10-19 14:45:00,17.0,148.0,281.0,41.0,151.0,361.0,0.0,59.0,973.0,34,82.006,90.12,238.672,24.069,150.66,5.1
2010-10-19 15:00:00,56.0,484.0,282.0,133.0,503.0,375.0,0.0,60.0,-999.0,34,81.105,85.59,391.699,24.731,116.078,4.906
2010-10-19 15:15:00,34.0,298.0,282.0,84.0,307.0,364.0,0.0,59.0,995.0,34,81.399,88.25,480.859,24.5,144.225,5.65
2010-10-19 15:30:00,34.0,294.0,282.0,81.0,306.0,374.0,0.0,60.0,-990.0,34,81.69199999999998,89.75,448.633,24.056,154.642,4.931
2010-10-19 15:45:00,10.0,82.0,282.0,23.0,83.0,361.0,0.0,59.0,896.0,34,81.449,86.37,227.832,24.112,150.75,5.656
2010-10-19 16:00:00,9.0,74.0,282.0,21.0,76.0,362.0,0.0,59.0,872.0,34,80.25499999999998,82.69,72.55899999999998,24.794,165.577,4.444
2010-10-19 16:15:00,7.0,52.0,281.0,15.0,52.0,342.0,0.0,59.0,829.0,34,79.50499999999998,80.87999999999998,67.773,25.019,121.928,4.144
2010-10-19 16:30:00,5.0,29.0,282.0,9.0,31.0,346.0,0.0,58.0,646.0,34,79.111,79.94,45.02,25.6,142.92,5.112
2010-10-19 16:45:00,3.0,1.0,281.0,1.0,5.0,303.0,0.0,59.0,0.0,34,78.655,79.26999999999998,18.652,25.963,124.673,5.325
2010-10-19 17:00:00,0.0,-2.0,281.0,1.0,0.0,339.0,0.0,58.0,0.0,34,78.331,78.65999999999998,5.859,26.031,142.312,5.794
2010-10-19 17:15:00,3.0,-9.0,281.0,0.0,2.0,290.0,0.0,58.0,0.0,34,78.007,78.14,1.074,26.063,150.503,6.2
2010-10-19 17:30:00,0.0,-2.0,280.0,1.0,0.0,58.0,0.0,58.0,0.0,34,77.83499999999998,78.04,0.4879999999999999,26.131,164.948,6.488
2010-10-19 17:45:00,0.0,-2.0,282.0,1.0,0.0,41.0,0.0,57.0,0.0,34,77.64199999999998,77.79999999999998,0.2929999999999999,26.488,194.04,5.637
2010-10-19 18:00:00,0.0,-3.0,281.0,1.0,0.0,38.0,0.0,56.0,0.0,34,77.61199999999998,77.72,0.0,26.463,162.36,5.794
2010-10-19 18:15:00,0.0,-2.0,282.0,1.0,0.0,37.0,0.0,55.0,0.0,34,77.673,78.01999999999998,0.0,26.65,116.843,5.137
2010-10-19 18:30:00,0.0,-2.0,283.0,0.0,0.0,38.0,0.0,55.0,0.0,34,77.177,77.31,0.391,26.556,139.883,4.613
2010-10-19 18:45:00,0.0,-3.0,283.0,1.0,0.0,32.0,0.0,54.0,0.0,34,76.691,76.54,0.2929999999999999,26.313,112.253,3.494
2010-10-02 06:00:00,5.0,32.0,287.0,9.0,32.0,364.0,0.0,52.0,-705.0,34,73.63299999999998,68.68,18.262,41.6,240.863,0.669
2010-10-02 06:15:00,6.0,44.0,285.0,15.0,45.0,309.0,0.0,56.0,767.0,34,73.51099999999998,68.93,40.234,42.069,240.885,0.544
2010-10-02 06:30:00,7.0,52.0,285.0,17.0,54.0,314.0,0.0,56.0,812.0,34,74.2,69.47,52.539,38.588,240.885,0.5809999999999998
2010-10-02 06:45:00,24.0,214.0,285.0,57.0,220.0,386.0,0.0,58.0,987.0,34,74.41299999999998,71.07,199.512,37.5,243.18,0.8689999999999999
2010-10-02 07:00:00,17.0,151.0,283.0,39.0,153.0,387.0,0.0,58.0,973.0,34,75.668,78.12999999999998,193.066,35.262,288.675,1.163
2010-10-02 07:15:00,7.0,56.0,283.0,15.0,56.0,368.0,0.0,59.0,839.0,34,76.50799999999998,81.45,150.586,37.625,262.89,0.994
2010-10-02 07:30:00,44.0,379.0,284.0,99.0,392.0,393.0,0.0,59.0,996.0,34,76.296,79.15999999999998,133.691,40.806,252.135,0.4119999999999999
2010-10-02 07:45:00,61.0,527.0,286.0,146.0,549.0,373.0,0.0,61.0,999.0,34,77.16599999999998,87.19,498.926,39.375,279.585,1.413
2010-10-02 08:00:00,64.0,544.0,284.0,152.0,568.0,370.0,0.0,59.0,999.0,34,79.485,101.29,554.59,33.688,277.515,1.2
2010-10-02 08:15:00,73.0,630.0,285.0,184.0,658.0,356.0,0.0,60.0,999.0,34,81.11499999999998,111.34,657.031,33.256,242.145,0.762
2010-10-02 08:30:00,76.0,660.0,286.0,195.0,687.0,350.0,0.0,59.0,999.0,34,82.75499999999998,115.58,695.508,29.888,217.823,0.9
2010-10-02 08:45:00,81.0,695.0,285.0,207.0,726.0,348.0,0.0,60.0,999.0,34,84.102,114.31,749.8049999999998,27.325,125.325,1.35
2010-10-02 09:00:00,89.0,772.0,287.0,230.0,804.0,348.0,0.0,59.0,999.0,34,85.04399999999998,111.8,820.898,24.525,106.672,1.837
2010-10-02 09:15:00,95.0,819.0,285.0,256.0,855.0,332.0,0.0,60.0,998.0,34,85.87399999999998,112.37,895.508,22.594,109.508,1.956
2010-10-02 09:30:00,97.0,837.0,286.0,260.0,874.0,334.0,0.0,59.0,-999.0,34,86.724,117.95,942.578,21.863,94.432,1.637
2010-10-02 09:45:00,99.0,849.0,284.0,278.0,885.0,317.0,0.0,61.0,-999.0,34,87.95,124.88,970.3130000000002,20.581,188.843,1.413
2010-10-02 10:00:00,101.0,873.0,287.0,282.0,911.0,322.0,0.0,60.0,-999.0,34,88.506,120.02,998.047,20.112,100.102,1.825
2010-10-02 10:15:00,104.0,897.0,285.0,294.0,938.0,317.0,0.0,61.0,-999.0,34,89.296,121.3,1030.664,19.556,151.335,1.937
2010-10-02 10:30:00,105.0,905.0,286.0,295.0,945.0,319.0,0.0,59.0,-1000.0,34,90.41,125.9,1056.152,18.6,210.105,2.294
2010-10-02 10:45:00,108.0,935.0,286.0,304.0,976.0,319.0,0.0,59.0,999.0,34,92.06,126.58,1083.691,17.638,180.473,2.163
2010-10-02 11:00:00,107.0,927.0,286.0,302.0,968.0,319.0,0.0,60.0,-1000.0,34,92.891,124.52,1108.594,17.15,166.837,2.194
2010-10-02 11:15:00,96.0,828.0,285.0,271.0,865.0,318.0,0.0,61.0,999.0,34,93.61,129.81,912.793,16.675,199.373,1.937
2010-10-02 11:30:00,109.0,936.0,285.0,300.0,978.0,324.0,0.0,60.0,999.0,34,93.691,115.74,865.4299999999998,17.531,164.655,2.175
2010-10-02 11:45:00,116.0,1000.0,285.0,326.0,1046.0,318.0,0.0,60.0,999.0,34,94.268,116.74,1143.066,17.125,178.133,3.125
2010-10-02 12:00:00,108.0,928.0,284.0,304.0,968.0,317.0,0.0,61.0,-999.0,34,96.09,130.28,1098.145,16.169,198.135,3.269
2010-10-02 12:15:00,104.0,891.0,285.0,288.0,930.0,321.0,0.0,60.0,999.0,34,96.11,127.3,979.395,16.463,167.962,2.281
2010-10-02 12:30:00,77.0,657.0,284.0,216.0,684.0,315.0,0.0,61.0,999.0,34,96.89,131.7,1010.254,15.919,189.72,2.313
2010-10-02 12:45:00,57.0,484.0,283.0,149.0,503.0,336.0,0.0,59.0,997.0,34,96.465,120.63,546.875,16.638,198.675,1.831
2010-10-02 13:00:00,64.0,554.0,284.0,177.0,575.0,323.0,0.0,59.0,999.0,34,95.422,107.61,751.6599999999999,17.256,120.443,2.1
2010-10-02 13:15:00,78.0,673.0,284.0,208.0,702.0,335.0,0.0,60.0,999.0,34,96.839,115.36,705.859,16.05,191.363,2.506
2010-10-02 13:30:00,86.0,739.0,287.0,229.0,770.0,335.0,0.0,60.0,999.0,34,97.903,111.51,790.332,16.063,161.573,3.05
2010-10-02 13:45:00,10.0,89.0,285.0,27.0,90.0,333.0,0.0,60.0,929.0,34,98.52,110.39,530.957,15.863,160.65,3.031
2010-10-02 14:00:00,6.0,41.0,284.0,12.0,43.0,334.0,0.0,58.0,-774.0,34,94.551,95.15,55.664,21.663,157.005,9.731000000000002
2010-10-02 14:15:00,7.0,58.0,284.0,15.0,58.0,366.0,0.0,59.0,877.0,34,85.24599999999998,79.04999999999998,43.555,43.313,170.707,11.231
2010-10-02 14:30:00,15.0,135.0,285.0,39.0,139.0,350.0,0.0,58.0,-970.0,34,81.277,76.54,98.438,39.613,170.707,7.918999999999999
2010-10-02 14:45:00,8.0,62.0,284.0,17.0,63.0,378.0,0.0,59.0,-867.0,34,82.988,79.01,113.184,37.556,208.35,4.313
2010-10-02 15:00:00,10.0,83.0,283.0,22.0,85.0,381.0,0.0,59.0,-925.0,34,83.57599999999998,79.89,60.156,39.931,234.698,2.306
2010-10-02 15:15:00,17.0,148.0,283.0,41.0,152.0,363.0,0.0,60.0,973.0,34,83.667,80.34999999999998,111.328,40.869,254.52,2.313
2010-10-02 15:30:00,17.0,145.0,284.0,41.0,148.0,358.0,0.0,60.0,981.0,34,84.26399999999998,83.12,160.059,40.525,227.047,2.444
2010-10-02 15:45:00,10.0,85.0,284.0,23.0,86.0,364.0,0.0,59.0,-926.0,34,84.801,84.42,108.789,36.619,215.955,2.869
2010-10-02 16:00:00,30.0,257.0,285.0,71.0,265.0,373.0,0.0,59.0,-994.0,34,84.477,83.76,199.219,36.213,199.98,2.081
2010-10-02 16:15:00,13.0,109.0,284.0,31.0,112.0,357.0,0.0,59.0,-952.0,34,85.43899999999998,87.65999999999998,226.855,34.225,211.208,2.587
2010-10-02 16:30:00,9.0,74.0,284.0,20.0,74.0,368.0,0.0,58.0,-886.0,34,85.307,86.51999999999998,121.191,34.938,203.017,1.894
2010-10-02 16:45:00,4.0,27.0,285.0,7.0,27.0,360.0,0.0,59.0,-645.0,34,84.72,84.34999999999998,71.094,34.988,114.053,1.269
2010-10-02 17:00:00,4.0,21.0,285.0,6.0,21.0,352.0,0.0,58.0,-551.0,34,84.295,82.95999999999998,47.168,34.75,111.15,1.006
2010-10-02 17:15:00,3.0,1.0,284.0,1.0,5.0,306.0,0.0,58.0,0.0,34,83.82899999999998,81.79999999999998,17.383,33.825,91.687,1.519
2010-10-02 17:30:00,0.0,-3.0,283.0,1.0,0.0,331.0,0.0,58.0,0.0,34,83.20099999999998,80.97,5.273,32.95,107.078,1.575
2010-10-02 17:45:00,0.0,-3.0,284.0,1.0,0.0,165.0,0.0,57.0,0.0,34,82.604,80.15999999999998,0.781,32.5,92.385,1.894
2010-10-02 18:00:00,0.0,-2.0,284.0,1.0,0.0,11.0,0.0,57.0,0.0,34,82.31,80.26,0.2929999999999999,32.894,94.14,1.8
2010-10-02 18:15:00,0.0,-3.0,285.0,1.0,0.0,2.0,0.0,56.0,0.0,34,81.77299999999998,80.11,0.391,33.869,111.285,0.7439999999999999
2010-10-02 18:30:00,0.0,-3.0,285.0,1.0,0.0,1.0,0.0,55.0,0.0,34,80.923,78.59999999999998,0.391,35.4,104.648,1.031
2010-10-02 18:45:00,0.0,-3.0,285.0,1.0,0.0,2.0,0.0,55.0,0.0,34,80.943,79.56,0.2929999999999999,35.088,162.293,1.144
2010-10-20 06:00:00,0.0,-2.0,281.0,1.0,0.0,245.0,0.0,38.0,0.0,34,62.1,60.44,0.195,76.438,221.625,2.437
2010-10-20 06:15:00,3.0,-3.0,284.0,1.0,5.0,297.0,0.0,38.0,79.0,34,61.665,60.41,1.66,82.5,163.935,4.238
2010-10-20 06:30:00,0.0,-2.0,283.0,1.0,0.0,386.0,0.0,41.0,0.0,34,60.025,58.56,4.199,89.71899999999998,177.413,2.875
2010-10-20 06:45:00,4.0,16.0,284.0,5.0,16.0,305.0,0.0,45.0,399.0,34,59.873,58.26,8.397999999999998,88.15,236.295,2.494
2010-10-20 07:00:00,4.0,18.0,284.0,5.0,17.0,315.0,0.0,51.0,466.0,34,59.731,58.78,0.0,90.531,283.972,3.1
2010-10-20 07:15:00,3.0,13.0,283.0,3.0,12.0,323.0,0.0,54.0,-370.0,34,60.005,59.16,19.727,90.344,294.278,2.269
2010-10-20 07:30:00,3.0,10.0,283.0,2.0,9.0,339.0,0.0,55.0,-307.0,34,60.582,59.19,16.504,89.30599999999998,241.11,1.325
2010-10-20 07:45:00,19.0,163.0,283.0,42.0,167.0,397.0,0.0,57.0,-975.0,34,60.724,59.61,31.055,90.481,189.99,0.638
2010-10-20 08:00:00,43.0,369.0,283.0,95.0,380.0,397.0,0.0,60.0,996.0,34,61.463,63.84,300.391,88.825,225.045,1.825
2010-10-20 08:15:00,0.0,-2.0,282.0,1.0,0.0,468.0,0.0,57.0,0.0,34,63.062,68.19,523.145,84.84999999999998,225.315,3.75
2010-10-20 08:30:00,0.0,-2.0,282.0,1.0,0.0,445.0,0.0,53.0,0.0,34,64.358,79.84,374.512,79.031,284.153,2.688
2010-10-20 08:45:00,0.0,-2.0,282.0,1.0,0.0,458.0,0.0,50.0,0.0,34,64.369,73.79999999999998,214.258,76.019,289.193,3.05
2010-10-20 09:00:00,0.0,-2.0,282.0,1.0,0.0,460.0,0.0,46.0,0.0,34,65.219,73.78,361.523,72.59999999999998,219.848,2.319
2010-10-20 09:15:00,0.0,-2.0,284.0,1.0,0.0,450.0,0.0,44.0,0.0,34,66.687,79.94,386.719,66.425,267.75,2.756
2010-10-20 09:30:00,0.0,-2.0,284.0,1.0,0.0,456.0,0.0,43.0,0.0,34,67.669,80.64,376.074,62.094,293.693,4.181
2010-10-20 09:45:00,0.0,-3.0,283.0,1.0,0.0,440.0,0.0,42.0,0.0,34,68.975,86.67,765.918,57.3,299.453,4.019
2010-10-20 10:00:00,0.0,-3.0,283.0,1.0,0.0,447.0,0.0,41.0,0.0,34,70.656,93.54,457.129,50.5,288.495,4.125
2010-10-20 10:15:00,0.0,-2.0,283.0,1.0,0.0,451.0,0.0,40.0,0.0,34,71.021,89.58,402.93,50.475,291.487,4.681
2010-10-20 10:30:00,0.0,-2.0,282.0,1.0,0.0,436.0,0.0,40.0,0.0,34,71.446,92.95,966.309,51.388,297.518,5.775
2010-10-20 10:45:00,0.0,-2.0,282.0,1.0,0.0,431.0,0.0,39.0,0.0,34,72.205,100.58,1053.027,51.75,290.61,6.588
2010-10-20 11:00:00,0.0,-3.0,282.0,1.0,0.0,443.0,0.0,39.0,0.0,34,72.337,99.58,892.969,53.631,262.17,5.65
2010-10-20 11:15:00,0.0,-3.0,284.0,1.0,0.0,432.0,0.0,39.0,0.0,34,73.73399999999998,103.85,1027.148,49.9,271.193,5.056
2010-10-20 11:30:00,0.0,-2.0,283.0,1.0,0.0,423.0,0.0,39.0,0.0,34,75.061,102.19,833.398,45.344,245.048,4.625
2010-10-20 11:45:00,0.0,-3.0,284.0,1.0,0.0,438.0,0.0,38.0,0.0,34,75.162,97.78,371.387,43.912,223.133,4.394
2010-10-20 12:00:00,0.0,-2.0,284.0,1.0,0.0,435.0,0.0,38.0,0.0,34,74.17,90.77,346.289,45.019,268.133,4.163
2010-10-20 12:15:00,0.0,-3.0,283.0,1.0,0.0,442.0,0.0,38.0,0.0,34,73.754,85.19,240.234,45.313,252.203,3.663
2010-10-20 12:30:00,0.0,-3.0,283.0,1.0,0.0,445.0,0.0,38.0,0.0,34,73.592,83.31999999999998,237.402,43.425,131.355,2.85
2010-10-20 12:45:00,0.0,-3.0,282.0,1.0,0.0,466.0,0.0,38.0,0.0,34,73.187,83.33,431.055,43.919,210.285,3.894
2010-10-20 13:00:00,0.0,-2.0,282.0,1.0,0.0,439.0,0.0,37.0,0.0,34,72.85299999999998,89.7,916.309,47.094,199.508,6.194
2010-10-20 13:15:00,0.0,-2.0,282.0,1.0,0.0,447.0,0.0,37.0,0.0,34,71.507,86.72,332.52,48.575,217.508,6.994
2010-10-20 13:30:00,0.0,-2.0,282.0,1.0,0.0,438.0,0.0,37.0,0.0,34,69.684,78.43,221.289,50.756,216.383,5.488
2010-10-20 13:45:00,0.0,-2.0,283.0,1.0,0.0,441.0,0.0,37.0,0.0,34,68.844,74.26999999999998,119.922,52.25,215.505,4.85
2010-10-20 14:00:00,0.0,-2.0,283.0,1.0,0.0,452.0,0.0,37.0,0.0,34,68.024,71.99,151.465,55.656,204.907,4.519
2010-10-20 14:15:00,0.0,-3.0,283.0,1.0,0.0,450.0,0.0,37.0,0.0,34,67.862,72.43,204.199,57.619,208.215,5.444
2010-10-20 14:30:00,0.0,-2.0,283.0,1.0,0.0,445.0,0.0,36.0,0.0,34,67.791,71.97,158.789,59.844,210.217,5.169
2010-10-20 14:45:00,0.0,-3.0,283.0,1.0,0.0,435.0,0.0,36.0,0.0,34,67.325,70.02,100.098,60.331,213.705,6.431
2010-10-20 15:00:00,0.0,-3.0,283.0,1.0,0.0,418.0,0.0,36.0,0.0,34,66.95,68.29,43.75,56.463,190.71,4.712
2010-10-20 15:15:00,0.0,-3.0,283.0,1.0,0.0,409.0,0.0,36.0,0.0,34,66.961,67.49,21.094,56.988,172.395,4.887
2010-10-20 15:30:00,0.0,-2.0,283.0,1.0,0.0,404.0,0.0,36.0,0.0,34,66.9,66.82,11.426,58.644,166.298,6.188
2010-10-20 15:45:00,0.0,-2.0,285.0,1.0,0.0,403.0,0.0,36.0,0.0,34,65.067,64.07,11.133,70.831,172.305,5.925
2010-10-20 16:00:00,0.0,-3.0,284.0,1.0,0.0,380.0,0.0,36.0,0.0,34,63.862,62.83,6.836,73.55599999999998,178.56,5.919
2010-10-20 16:15:00,0.0,-2.0,284.0,1.0,0.0,304.0,0.0,36.0,0.0,34,63.204,62.67,1.563,74.9,155.723,6.088
2010-10-20 16:30:00,0.0,-3.0,286.0,1.0,0.0,308.0,0.0,36.0,0.0,34,60.936,59.55,0.391,86.994,187.538,3.663
2010-10-20 16:45:00,0.0,-3.0,284.0,0.0,0.0,285.0,0.0,35.0,0.0,34,57.99,57.52,0.391,93.581,269.91,3.325
2010-10-20 17:00:00,0.0,-2.0,285.0,1.0,0.0,185.0,0.0,35.0,0.0,34,57.878,57.11,0.391,91.006,224.865,3.85
2010-10-20 17:15:00,0.0,-2.0,285.0,1.0,0.0,68.0,0.0,35.0,0.0,34,58.01,57.46,0.195,91.725,211.928,4.825
2010-10-20 17:30:00,0.0,-2.0,285.0,1.0,0.0,44.0,0.0,35.0,0.0,34,56.977,57.54,0.195,95.244,206.483,4.663
2010-10-20 17:45:00,0.0,-2.0,283.0,1.0,0.0,43.0,0.0,35.0,0.0,34,56.937,57.12,0.098,94.681,292.658,5.338
2010-10-20 18:00:00,0.0,-2.0,285.0,0.0,0.0,39.0,0.0,35.0,0.0,34,55.651,56.2,0.195,92.875,306.743,7.825
2010-10-20 18:15:00,0.0,-2.0,285.0,1.0,0.0,30.0,0.0,35.0,0.0,34,55.165,55.56,0.195,92.475,294.683,7.474999999999999
2010-10-20 18:30:00,0.0,-2.0,285.0,1.0,0.0,12.0,0.0,34.0,0.0,34,56.339,55.97,0.195,89.313,182.092,5.031
2010-10-20 18:45:00,0.0,-2.0,286.0,1.0,0.0,11.0,0.0,34.0,0.0,34,57.038,54.59,0.195,85.312,204.592,1.781
2010-10-21 06:00:00,0.0,-2.0,284.0,1.0,0.0,406.0,0.0,32.0,0.0,34,57.129,56.24,3.809,94.331,140.445,0.4
2010-10-21 06:15:00,0.0,-3.0,284.0,1.0,0.0,435.0,0.0,32.0,0.0,34,57.119,56.35,19.727,94.475,162.518,0.325
2010-10-21 06:30:00,0.0,-3.0,286.0,1.0,0.0,446.0,0.0,31.0,0.0,34,57.554,56.81,47.656,94.138,108.473,1.038
2010-10-21 06:45:00,0.0,-2.0,284.0,1.0,0.0,449.0,0.0,32.0,0.0,34,57.868,57.45,58.789,93.563,203.827,1.637
2010-10-21 07:00:00,0.0,-3.0,285.0,1.0,0.0,456.0,0.0,32.0,0.0,34,57.848,57.76,80.566,93.525,194.805,0.906
2010-10-21 07:15:00,0.0,-2.0,285.0,1.0,0.0,446.0,0.0,31.0,0.0,34,57.868,58.64,75.879,92.7,7.245,0.112
2010-10-21 07:30:00,0.0,-2.0,284.0,1.0,0.0,466.0,0.0,31.0,0.0,34,57.909,57.87,81.152,92.45,7.605,0.281
2010-10-21 07:45:00,0.0,-3.0,284.0,1.0,0.0,470.0,0.0,31.0,0.0,34,58.425,64.76,416.504,89.944,306.698,1.262
2010-10-21 08:00:00,0.0,-3.0,283.0,1.0,0.0,468.0,0.0,31.0,0.0,34,59.154,70.18,422.852,86.381,214.155,1.125
2010-10-21 08:15:00,0.0,-2.0,283.0,1.0,0.0,458.0,0.0,31.0,0.0,34,59.853,71.29,447.168,84.194,192.488,1.169
2010-10-21 08:30:00,0.0,-3.0,282.0,1.0,0.0,459.0,0.0,31.0,0.0,34,60.288,76.31999999999998,584.961,83.125,81.405,0.762
2010-10-21 08:45:00,0.0,-2.0,284.0,1.0,0.0,452.0,0.0,31.0,0.0,34,61.685,84.31999999999998,759.863,79.91899999999998,137.363,1.462
2010-10-21 09:00:00,0.0,-3.0,284.0,1.0,0.0,449.0,0.0,31.0,0.0,34,62.941,90.65,504.199,74.92499999999998,154.305,1.675
2010-10-21 09:15:00,0.0,-3.0,283.0,1.0,0.0,453.0,0.0,31.0,0.0,34,62.84,74.37,446.582,74.46899999999998,134.483,2.913
2010-10-21 09:30:00,0.0,-2.0,283.0,1.0,0.0,439.0,0.0,31.0,0.0,34,62.637,74.37,713.379,73.0,131.715,2.287
2010-10-21 09:45:00,0.0,-3.0,283.0,1.0,0.0,440.0,0.0,31.0,0.0,34,63.376,88.95999999999998,718.066,69.938,136.957,1.531
2010-10-21 10:00:00,0.0,-2.0,283.0,1.0,0.0,452.0,0.0,31.0,0.0,34,63.781,88.79,298.828,68.406,101.542,1.462
2010-10-21 10:15:00,0.0,-2.0,284.0,1.0,0.0,443.0,0.0,31.0,0.0,34,64.085,87.29999999999998,814.063,66.138,177.93,1.663
2010-10-21 10:30:00,0.0,-3.0,283.0,1.0,0.0,434.0,0.0,31.0,0.0,34,65.027,94.84,965.625,64.781,105.3,1.694
2010-10-21 10:45:00,0.0,-3.0,283.0,1.0,0.0,432.0,0.0,31.0,0.0,34,66.009,97.27,989.16,61.275,150.255,1.944
2010-10-21 11:00:00,0.0,-2.0,284.0,1.0,0.0,430.0,0.0,31.0,0.0,34,67.224,99.61,964.746,58.288,178.11,1.806
2010-10-21 11:15:00,0.0,-3.0,284.0,1.0,0.0,428.0,0.0,31.0,0.0,34,68.206,111.89,1001.465,55.35,229.86,1.731
2010-10-21 11:30:00,0.0,-2.0,284.0,1.0,0.0,427.0,0.0,31.0,0.0,34,68.915,101.85,1014.16,53.569,179.145,1.769
2010-10-21 11:45:00,0.0,-2.0,284.0,1.0,0.0,427.0,0.0,31.0,0.0,34,69.897,109.62,1024.902,50.744,179.438,2.237
2010-10-21 12:00:00,0.0,-2.0,283.0,1.0,0.0,427.0,0.0,31.0,0.0,34,70.828,110.3,1017.383,48.481,219.668,1.987
2010-10-21 12:15:00,0.0,-2.0,283.0,1.0,0.0,424.0,0.0,31.0,0.0,34,71.213,103.7,1021.875,47.569,196.155,1.388
2010-10-21 12:30:00,0.0,-3.0,283.0,1.0,0.0,427.0,0.0,31.0,0.0,34,71.102,96.59,1000.781,48.975,129.713,2.6
2010-10-21 12:45:00,0.0,-2.0,283.0,1.0,0.0,426.0,0.0,31.0,0.0,34,71.527,103.12,1006.055,46.694,162.99,1.937
2010-10-21 13:00:00,0.0,-3.0,283.0,1.0,0.0,431.0,0.0,31.0,0.0,34,72.19499999999998,101.94,834.375,45.975,127.462,1.587
2010-10-21 13:15:00,0.0,-2.0,282.0,1.0,0.0,400.0,0.0,31.0,0.0,34,73.00499999999998,96.04,909.277,43.781,160.245,1.694
2010-10-21 13:30:00,0.0,-2.0,283.0,1.0,0.0,437.0,0.0,31.0,0.0,34,72.924,103.04,687.695,43.719,262.733,2.619
2010-10-21 13:45:00,0.0,-3.0,282.0,1.0,0.0,432.0,0.0,31.0,0.0,34,73.63299999999998,103.99,845.02,42.563,213.48,1.4
2010-10-21 14:00:00,0.0,-2.0,282.0,1.0,0.0,434.0,0.0,31.0,0.0,34,73.167,94.86,724.902,43.55,133.29,1.1
2010-10-21 14:15:00,0.0,-2.0,282.0,1.0,0.0,413.0,0.0,31.0,0.0,34,73.117,87.42,412.695,43.956,171.968,1.987
2010-10-21 14:30:00,0.0,-2.0,282.0,1.0,0.0,454.0,0.0,31.0,0.0,34,71.78,80.06999999999998,258.887,45.613,198.967,1.006
2010-10-21 14:45:00,0.0,-2.0,282.0,1.0,0.0,428.0,0.0,31.0,0.0,34,71.841,78.06999999999998,216.211,46.313,163.688,1.737
2010-10-21 15:00:00,0.0,-2.0,283.0,0.0,0.0,440.0,0.0,31.0,0.0,34,71.041,74.54999999999998,130.762,47.575,156.6,1.775
2010-10-21 15:15:00,0.0,-2.0,283.0,1.0,0.0,434.0,0.0,31.0,0.0,34,70.393,73.29999999999998,127.93,47.869,107.01,1.869
2010-10-21 15:30:00,0.0,-2.0,284.0,1.0,0.0,432.0,0.0,31.0,0.0,34,70.352,72.98,85.742,48.15,68.715,0.7059999999999998
2010-10-21 15:45:00,0.0,-3.0,285.0,1.0,0.0,433.0,0.0,31.0,0.0,34,70.393,72.76,81.543,47.994,37.688,0.462
2010-10-21 16:00:00,0.0,-2.0,284.0,1.0,0.0,425.0,0.0,31.0,0.0,34,70.454,72.37,72.852,47.719,262.53,1.637
2010-10-21 16:15:00,0.0,-2.0,285.0,1.0,0.0,430.0,0.0,31.0,0.0,34,69.917,70.78,67.188,48.787,191.363,1.431
2010-10-21 16:30:00,0.0,-2.0,285.0,1.0,0.0,429.0,0.0,31.0,0.0,34,69.431,69.47,56.641,49.231,153.405,1.694
2010-10-21 16:45:00,0.0,-3.0,285.0,1.0,0.0,397.0,0.0,31.0,0.0,34,68.996,67.48,26.855,50.438,285.255,1.7
2010-10-21 17:00:00,0.0,-2.0,284.0,1.0,0.0,359.0,0.0,31.0,0.0,34,68.024,65.95,5.078,51.481,231.773,2.306
2010-10-21 17:15:00,0.0,-2.0,284.0,1.0,0.0,244.0,0.0,31.0,0.0,34,67.274,63.69,0.977,52.181,208.62,0.694
2010-10-21 17:30:00,0.0,-3.0,283.0,1.0,0.0,28.0,0.0,31.0,0.0,34,66.535,61.21,0.098,55.056,215.595,0.662
2010-10-21 17:45:00,0.0,-2.0,285.0,1.0,0.0,9.0,0.0,31.0,0.0,34,65.908,60.12,0.195,53.581,230.535,2.031
2010-10-21 18:00:00,0.0,-3.0,284.0,1.0,0.0,9.0,0.0,31.0,0.0,34,65.087,59.1,0.098,55.656,239.94,0.988
2010-10-21 18:15:00,0.0,-2.0,285.0,1.0,0.0,10.0,0.0,31.0,0.0,34,64.308,57.01,0.098,59.306,244.418,0.3689999999999999
2010-10-21 18:30:00,0.0,-3.0,285.0,1.0,0.0,10.0,0.0,31.0,0.0,34,63.812,55.83,0.0,60.556,138.555,0.656
2010-10-21 18:45:00,0.0,-3.0,286.0,1.0,0.0,11.0,0.0,31.0,0.0,34,63.265,54.51,0.0,62.256,0.0,0.0749999999999999
2010-10-22 06:00:00,0.0,-2.0,283.0,1.0,0.0,410.0,0.0,30.0,0.0,34,58.202,54.38,4.98,80.75,82.688,0.375
2010-10-22 06:15:00,0.0,-2.0,283.0,1.0,0.0,444.0,0.0,30.0,0.0,34,58.466,53.86,23.535,80.05599999999998,196.2,0.8689999999999999
2010-10-22 06:30:00,0.0,-2.0,284.0,1.0,0.0,451.0,0.0,30.0,0.0,34,58.911,55.58,62.402,79.2,244.238,1.338
2010-10-22 06:45:00,0.0,-3.0,284.0,1.0,0.0,448.0,0.0,30.0,0.0,34,59.468,59.3,75.977,78.4,187.988,1.469
2010-10-22 07:00:00,0.0,-3.0,285.0,1.0,0.0,451.0,0.0,30.0,0.0,34,59.64,60.78,87.891,78.756,85.343,1.119
2010-10-22 07:15:00,0.0,-3.0,284.0,1.0,0.0,450.0,0.0,30.0,0.0,34,59.903,62.29,97.949,77.9,137.767,1.219
2010-10-22 07:30:03,,,,,,,139.0,,,34,60.642,63.9,142.188,76.58799999999998,83.61,1.413
2010-10-22 07:45:06,,,,,,,139.0,,,34,61.584,65.97,122.168,75.137,54.968,1.613
2010-10-22 08:00:06,,,,,,,139.0,,,34,62.03,66.66,141.406,73.91299999999998,93.623,1.631
2010-10-22 08:15:06,,,,,,,139.0,,,34,62.475,67.57,157.813,72.694,101.903,1.35
2010-10-22 08:30:06,,,,,,,139.0,,,34,63.062,68.65,219.531,71.031,95.85,1.475
2010-10-22 08:45:06,,,,,,,139.0,,,34,63.518,69.82,288.77,69.675,142.515,1.2
2010-10-22 09:00:06,,,,,,,139.0,,,34,64.338,71.85,252.246,67.956,101.903,1.731
2010-10-22 09:15:06,,,,,,,139.0,,,34,64.348,70.6,294.434,67.644,134.46,1.725
2010-10-22 09:30:06,,,,,,,139.0,,,34,65.037,72.64,236.133,65.431,170.483,1.488
2010-10-22 09:45:06,,,,,,,139.0,,,34,64.996,70.3,177.734,67.306,147.105,1.681
2010-10-22 10:00:06,,,,,,,139.0,,,34,65.077,71.56,348.242,68.644,192.06,2.056
2010-10-22 10:15:06,,,,,,,139.0,,,34,65.806,88.29,853.2229999999998,66.981,223.065,2.65
2010-10-22 10:30:06,,,,,,,139.0,,,34,66.424,97.52,554.004,64.581,201.488,2.731
2010-10-22 10:45:06,,,,,,,139.0,,,34,66.839,93.45,574.023,63.138,209.7,3.156
2010-10-22 11:00:06,,,,,,,139.0,,,34,68.115,98.39,755.273,57.669,202.793,3.494
2010-10-22 11:15:06,,,,,,,139.0,,,34,67.953,93.39,303.516,57.15,207.225,2.637
2010-10-22 11:30:06,,,,,,,139.0,,,34,68.277,86.51,502.832,54.063,220.208,2.363
2010-10-22 11:45:06,,,,,,,139.0,,,34,69.066,98.14,817.48,52.894,212.558,2.4
2010-10-22 12:00:06,,,,,,,139.0,,,34,70.444,91.98,980.957,50.969,170.415,2.663
2010-10-22 12:15:06,,,,,,,139.0,,,34,72.52899999999998,90.0,504.102,48.606,171.698,3.044
2010-10-22 12:30:06,,,,,,,139.0,,,34,71.334,85.26,268.652,51.525,175.95,3.813
2010-10-22 12:45:06,,,,,,,139.0,,,34,69.887,75.79999999999998,190.527,57.394,176.198,3.287
2010-10-22 13:00:06,,,,,,,139.0,,,34,68.692,70.53,187.598,62.913,173.61,2.506
2010-10-22 13:15:06,,,,,,,139.0,,,34,68.307,68.86,251.172,62.131,161.19,2.575
2010-10-22 13:30:06,,,,,,,139.0,,,34,68.358,71.03,262.891,60.856,184.523,2.85
2010-10-22 13:45:06,,,,,,,139.0,,,34,68.216,71.21,298.242,58.806,137.992,2.544
2010-10-22 14:00:06,,,,,,,139.0,,,34,68.327,71.2,239.551,57.138,145.35,2.8
2010-10-22 14:15:06,,,,,,,139.0,,,34,68.307,70.58,207.715,56.544,163.598,3.363
2010-10-22 14:30:06,,,,,,,139.0,,,34,68.834,72.65,366.211,53.325,170.258,2.787
2010-10-22 14:45:06,,,,,,,139.0,,,34,69.593,77.09,644.238,50.769,155.475,2.106
2010-10-22 15:00:06,,,,,,,139.0,,,34,69.826,77.37,413.477,50.725,177.727,1.887
2010-10-22 15:15:06,,,,,,,139.0,,,34,69.694,76.65999999999998,396.68,51.094,168.143,1.706
2010-10-22 15:30:06,,,,,,,139.0,,,34,68.975,73.87999999999998,112.012,50.769,111.488,1.831
2010-10-22 15:45:06,,,,,,,139.0,,,34,67.285,69.17,52.246,54.013,78.953,1.231
2010-10-22 16:00:06,,,,,,,139.0,,,34,66.788,66.67,29.883,55.463,53.685,0.338
2010-10-22 16:15:06,,,,,,,139.0,,,34,66.859,65.16,58.105,56.05,85.208,0.7059999999999998
2010-10-22 16:30:06,,,,,,,139.0,,,34,67.112,66.13,96.484,56.681,146.07,1.356
2010-10-22 16:45:06,,,,,,,139.0,,,34,66.515,66.16,29.004,61.613,121.117,2.156
2010-10-22 17:00:06,,,,,,,139.0,,,34,65.533,65.36,6.25,64.069,143.483,2.044
2010-10-22 17:15:06,,,,,,,139.0,,,34,64.703,64.31,0.781,65.681,117.427,2.363
2010-10-22 17:30:06,,,,,,,139.0,,,34,63.943,63.13,0.0,67.044,115.56,2.144
2010-10-22 17:45:06,,,,,,,139.0,,,34,63.255,62.72,0.0,68.963,119.835,1.95
2010-10-22 18:00:06,,,,,,,139.0,,,34,62.759,62.02,0.098,70.85,120.892,1.594
2010-10-22 18:15:06,,,,,,,139.0,,,34,62.344,60.71,0.098,72.41299999999998,92.723,1.156
2010-10-22 18:30:06,,,,,,,139.0,,,34,62.009,60.8,0.098,72.775,128.498,1.188
2010-10-22 18:45:06,,,,,,,139.0,,,34,61.655,59.52,0.098,73.756,81.18,1.069
2010-10-23 06:00:06,,,,,,,139.0,,,34,52.583,45.3,9.57,89.375,209.858,0.138
2010-10-23 06:15:06,,,,,,,139.0,,,34,52.33,47.04,22.461,89.96899999999998,164.97,0.894
2010-10-23 06:30:06,,,,,,,139.0,,,34,53.423,49.55,25.293,81.09999999999998,131.513,0.563
2010-10-23 06:45:06,,,,,,,139.0,,,34,54.476,51.86,48.047,75.363,113.827,1.613
2010-10-23 07:00:06,,,,,,,139.0,,,34,54.841,54.87,136.23,73.73099999999998,145.8,1.937
2010-10-23 07:15:06,,,,,,,139.0,,,34,55.722,59.09,292.871,72.494,136.868,1.631
2010-10-23 07:30:06,,,,,,,139.0,,,34,56.927,61.94,369.824,68.931,145.913,1.356
2010-10-23 07:45:06,,,,,,,139.0,,,34,57.494,66.41,428.711,68.575,154.057,1.338
2010-10-23 08:00:06,,,,,,,139.0,,,34,58.202,74.93,506.25,66.969,152.482,0.8629999999999999
2010-10-23 08:15:06,,,,,,,139.0,,,34,59.509,81.40999999999998,582.52,63.944,160.515,1.756
2010-10-23 08:30:06,,,,,,,139.0,,,34,61.118,80.18,661.133,59.063,179.1,2.637
2010-10-23 08:45:06,,,,,,,139.0,,,34,62.262,94.49,678.027,55.825,237.78,1.519
2010-10-23 09:00:06,,,,,,,139.0,,,34,63.508,92.77,545.703,53.569,187.38,1.319
2010-10-23 09:15:06,,,,,,,139.0,,,34,64.126,85.15999999999998,631.445,51.813,165.42,2.381
2010-10-23 09:30:06,,,,,,,139.0,,,34,65.452,94.11,897.6559999999998,48.887,171.81,3.156
2010-10-23 09:45:06,,,,,,,139.0,,,34,67.153,95.49,672.07,46.762,192.6,3.575
2010-10-23 10:00:06,,,,,,,139.0,,,34,68.054,82.59,699.414,43.744,157.635,4.231
2010-10-23 10:15:06,,,,,,,139.0,,,34,68.408,85.62999999999998,488.77,42.731,195.413,3.231
2010-10-23 10:30:06,,,,,,,139.0,,,34,69.32,89.59,467.188,41.519,193.297,2.45
2010-10-23 10:45:06,,,,,,,139.0,,,34,69.856,82.76999999999998,480.078,41.275,162.068,3.525
2010-10-23 11:00:06,,,,,,,139.0,,,34,69.684,87.86,820.996,40.231,195.998,5.3
2010-10-23 11:15:06,,,,,,,139.0,,,34,69.816,91.88,510.156,39.831,201.645,4.119
2010-10-23 11:30:06,,,,,,,139.0,,,34,70.595,96.17,875.3909999999998,38.181,207.923,3.313
2010-10-23 11:45:06,,,,,,,139.0,,,34,71.841,97.02,662.402,37.338,189.878,3.713
2010-10-23 12:00:06,,,,,,,139.0,,,34,71.972,89.65,734.668,37.85,180.09,3.663
2010-10-23 12:15:06,,,,,,,139.0,,,34,72.043,93.68,583.301,38.313,195.795,3.856
2010-10-23 12:30:06,,,,,,,139.0,,,34,71.902,87.06999999999998,758.594,38.544,172.845,4.219
2010-10-23 12:45:06,,,,,,,139.0,,,34,72.003,92.98,874.5119999999998,38.0,190.957,4.381
2010-10-23 13:00:06,,,,,,,139.0,,,34,72.387,92.56,880.859,36.581,184.163,5.15
2010-10-23 13:15:06,,,,,,,139.0,,,34,72.296,99.18,905.469,36.244,190.845,3.525
2010-10-23 13:30:06,,,,,,,139.0,,,34,72.489,94.0,808.398,36.069,172.328,3.763
2010-10-23 13:45:06,,,,,,,139.0,,,34,73.613,94.76,608.594,34.375,172.283,3.394
2010-10-23 14:00:06,,,,,,,139.0,,,34,74.382,91.15,631.543,33.662,180.855,3.863
2010-10-23 14:15:06,,,,,,,139.0,,,34,74.372,91.94,507.324,33.731,183.712,2.969
2010-10-23 14:30:06,,,,,,,139.0,,,34,74.23,94.33,576.855,33.725,221.715,2.375
2010-10-23 14:45:06,,,,,,,139.0,,,34,74.311,95.47,531.055,33.906,224.438,3.056
2010-10-23 15:00:06,,,,,,,139.0,,,34,74.068,93.03,490.918,33.919,209.003,3.037
2010-10-23 15:15:06,,,,,,,139.0,,,34,73.937,83.11,474.316,34.581,163.08,4.738
2010-10-23 15:30:06,,,,,,,139.0,,,34,72.661,78.39,278.613,36.044,164.948,5.387
2010-10-23 15:45:06,,,,,,,139.0,,,34,71.223,76.37,302.832,37.425,171.45,4.912
2010-10-23 16:00:06,,,,,,,139.0,,,34,71.152,76.01,237.891,38.194,170.19,4.837
2010-10-23 16:15:06,,,,,,,139.0,,,34,70.19,72.84999999999998,121.094,39.95,164.34,5.312
2010-10-23 16:30:06,,,,,,,139.0,,,34,69.158,70.24,64.746,41.8,164.138,4.363
2010-10-23 16:45:06,,,,,,,139.0,,,34,68.186,68.27,29.004,43.0,169.583,3.731
2010-10-23 17:00:06,,,,,,,139.0,,,34,67.325,66.42,5.176,44.337,165.645,2.894
2010-10-23 17:15:06,,,,,,,139.0,,,34,66.434,65.09,0.0,45.044,163.463,2.956
2010-10-23 17:30:06,,,,,,,139.0,,,34,66.059,64.13,0.195,45.163,172.733,2.6
2010-10-23 17:45:06,,,,,,,139.0,,,34,65.492,62.87,0.098,46.575,169.38,2.413
2010-10-23 18:00:06,,,,,,,139.0,,,34,65.209,62.91,0.098,47.05,184.815,3.344
2010-10-23 18:15:06,,,,,,,139.0,,,34,65.037,63.05,0.098,47.925,189.81,3.019
2010-10-23 18:30:06,,,,,,,139.0,,,34,64.814,63.0,0.195,48.844,192.758,3.119
2010-10-23 18:45:06,,,,,,,139.0,,,34,64.5,62.8,0.098,49.644,199.282,2.763
2010-10-24 06:00:06,,,,,,,139.0,,,34,57.868,55.76,2.051,68.1,68.265,2.063
2010-10-24 06:15:06,,,,,,,139.0,,,34,57.828,55.92,6.641,69.275,34.942,1.069
2010-10-24 06:30:06,,,,,,,139.0,,,34,57.929,56.67,18.262,69.244,88.065,1.169
2010-10-24 06:45:06,,,,,,,139.0,,,34,58.374,57.87,33.789,69.2,61.042,0.794
2010-10-24 07:00:06,,,,,,,139.0,,,34,58.85,59.12,64.551,68.438,69.637,1.238
2010-10-24 07:15:06,,,,,,,139.0,,,34,59.306,61.54,114.844,68.075,123.255,0.8499999999999999
2010-10-24 07:30:06,,,,,,,139.0,,,34,59.984,63.98,145.117,65.781,109.125,1.281
2010-10-24 07:45:06,,,,,,,139.0,,,34,60.875,66.1,205.371,62.587,95.85,1.669
2010-10-24 08:00:06,,,,,,,139.0,,,34,61.321,66.11,178.125,61.188,140.333,1.9
2010-10-24 08:15:06,,,,,,,139.0,,,34,61.696,65.63,196.68,58.288,131.4,2.287
2010-10-24 08:30:06,,,,,,,139.0,,,34,62.455,67.23,304.297,54.219,131.58,2.0
2010-10-24 08:45:06,,,,,,,139.0,,,34,63.589,72.59,286.816,51.781,95.333,1.675
2010-10-24 09:00:06,,,,,,,139.0,,,34,63.933,74.33,682.031,51.869,133.718,2.237
2010-10-24 09:15:06,,,,,,,139.0,,,34,65.634,83.15,649.902,49.263,130.658,2.225
2010-10-24 09:30:06,,,,,,,139.0,,,34,67.315,88.94,686.133,46.15,129.51,2.05
2010-10-24 09:45:06,,,,,,,139.0,,,34,68.348,86.58,547.07,43.15,123.547,1.744
2010-10-24 10:00:06,,,,,,,139.0,,,34,68.469,83.44,458.398,44.288,129.78,2.15
2010-10-24 10:15:06,,,,,,,139.0,,,34,69.026,81.03,476.172,43.912,120.555,1.994
2010-10-24 10:30:06,,,,,,,139.0,,,34,69.451,82.54,455.566,42.738,158.445,1.65
2010-10-24 10:45:06,,,,,,,139.0,,,34,70.251,85.47,487.891,40.906,153.248,2.256
2010-10-24 11:00:06,,,,,,,139.0,,,34,70.899,86.22,463.086,40.338,115.492,2.313
2010-10-24 11:15:06,,,,,,,139.0,,,34,70.666,82.01,495.703,41.525,111.6,3.056
2010-10-24 11:30:06,,,,,,,139.0,,,34,70.525,83.56,676.953,40.156,203.13,3.225
2010-10-24 11:45:06,,,,,,,139.0,,,34,71.628,96.46,477.637,37.15,272.565,2.5
2010-10-24 12:00:06,,,,,,,139.0,,,34,72.286,97.5,525.488,36.25,245.903,2.125
2010-10-24 12:15:06,,,,,,,139.0,,,34,73.086,93.29,404.199,36.356,166.073,3.125
2010-10-24 12:30:06,,,,,,,139.0,,,34,73.522,84.45,477.051,37.681,172.238,3.844
2010-10-24 12:45:06,,,,,,,139.0,,,34,72.843,86.04999999999998,304.199,39.044,187.155,3.313
2010-10-24 13:00:06,,,,,,,139.0,,,34,72.387,81.5,405.957,39.956,173.43,5.038
2010-10-24 13:15:06,,,,,,,139.0,,,34,72.884,84.97,451.367,39.356,176.355,5.55
2010-10-24 13:30:06,,,,,,,139.0,,,34,73.238,83.84999999999998,497.266,38.9,188.618,6.206
2010-10-24 13:45:06,,,,,,,139.0,,,34,73.572,86.29999999999998,558.301,38.469,181.53,5.331
2010-10-24 14:00:06,,,,,,,139.0,,,34,74.321,84.01999999999998,368.164,37.7,171.563,6.038
2010-10-24 14:15:06,,,,,,,139.0,,,34,73.51099999999998,80.33,179.688,39.106,196.087,5.162
2010-10-24 14:30:06,,,,,,,139.0,,,34,72.68099999999998,79.08,260.059,39.969,194.017,4.675
2010-10-24 14:45:06,,,,,,,139.0,,,34,73.36,80.95,255.859,39.2,178.853,5.012
2010-10-24 15:00:06,,,,,,,139.0,,,34,72.813,78.43,133.398,40.344,171.45,4.269
2010-10-24 15:15:06,,,,,,,139.0,,,34,71.993,75.17,100.684,41.538,171.293,4.719
2010-10-24 15:30:06,,,,,,,139.0,,,34,71.446,74.09999999999998,83.887,42.412,168.3,4.125
2010-10-24 15:45:06,,,,,,,139.0,,,34,70.919,72.69,52.246,43.031,166.185,4.694
2010-10-24 16:00:06,,,,,,,139.0,,,34,70.342,71.56,34.961,44.0,169.133,3.837
2010-10-24 16:15:06,,,,,,,139.0,,,34,69.816,70.48,17.285,44.356,173.498,5.387
2010-10-24 16:30:06,,,,,,,139.0,,,34,69.34,69.76,9.863,45.256,177.075,5.869
2010-10-24 16:45:06,,,,,,,139.0,,,34,68.996,69.12,4.59,45.988,176.355,5.15
2010-10-24 17:00:06,,,,,,,139.0,,,34,68.773,68.76,2.051,46.675,180.607,6.638
2010-10-24 17:15:06,,,,,,,139.0,,,34,68.419,68.33,0.391,47.288,184.207,5.756
2010-10-24 17:30:06,,,,,,,139.0,,,34,68.388,68.12,0.098,47.113,188.685,5.381
2010-10-24 17:45:06,,,,,,,139.0,,,34,68.743,68.64,0.195,46.238,183.42,6.606
2010-10-24 18:00:06,,,,,,,139.0,,,34,68.925,68.89,0.098,45.613,181.71,5.938
2010-10-24 18:15:06,,,,,,,139.0,,,34,69.046,68.87,0.195,45.856,177.705,5.581
2010-10-24 18:30:06,,,,,,,139.0,,,34,68.753,68.64,0.098,47.388,172.013,6.556
2010-10-24 18:45:06,,,,,,,139.0,,,34,68.327,68.47,0.195,47.838,166.253,5.619
2010-10-25 06:00:06,,,,,,,139.0,,,34,60.41,58.36,1.465,66.413,288.225,1.65
2010-10-25 06:15:06,,,,,,,139.0,,,34,59.934,56.71,12.305,68.469,251.213,0.8499999999999999
2010-10-25 06:30:06,,,,,,,139.0,,,34,60.359,58.13,28.418,66.538,306.023,3.181
2010-10-25 06:45:06,,,,,,,139.0,,,34,61.756,62.07,40.625,61.881,294.84,4.931
2010-10-25 07:00:06,,,,,,,139.0,,,34,63.002,64.2,40.234,59.113,285.953,3.325
2010-10-25 07:15:06,,,,,,,139.0,,,34,63.599,64.88,30.957,58.663,154.125,3.45
2010-10-25 07:30:06,,,,,,,139.0,,,34,63.913,65.66,92.09,58.444,170.258,2.794
2010-10-25 07:45:06,,,,,,,139.0,,,34,64.885,67.94,166.797,56.8,279.495,4.331
2010-10-25 08:00:06,,,,,,,139.0,,,34,66.404,70.88,216.211,50.556,296.438,8.455999999999998
2010-10-25 08:15:06,,,,,,,139.0,,,34,67.052,72.0,259.277,38.825,295.245,8.775
2010-10-25 08:30:06,,,,,,,139.0,,,34,67.588,74.23999999999998,347.852,27.931,297.923,11.006
2010-10-25 08:45:06,,,,,,,139.0,,,34,67.811,74.69,343.848,25.025,301.793,11.694
2010-10-25 09:00:06,,,,,,,139.0,,,34,67.548,74.61,374.219,22.888,295.763,12.587
2010-10-25 09:15:06,,,,,,,139.0,,,34,67.062,74.14,301.758,21.231,301.073,11.375
2010-10-25 09:30:06,,,,,,,139.0,,,34,66.748,73.95999999999998,371.094,19.988,303.727,12.994
2010-10-25 09:45:06,,,,,,,139.0,,,34,67.052,76.19,543.359,18.512,301.478,13.375
2010-10-25 10:00:06,,,,,,,139.0,,,34,67.76,79.93,712.793,16.981,298.395,12.688
2010-10-25 10:15:06,,,,,,,139.0,,,34,68.651,83.18,772.07,16.069,297.652,13.031
2010-10-25 10:30:06,,,,,,,139.0,,,34,68.996,83.45999999999998,783.691,15.656,302.445,13.244
2010-10-25 10:45:06,,,,,,,139.0,,,34,69.421,86.59,915.918,14.756,299.16,12.081
2010-10-25 11:00:06,,,,,,,139.0,,,34,70.028,88.26999999999998,990.332,13.5,303.323,13.169
2010-10-25 11:15:06,,,,,,,139.0,,,34,70.403,89.34999999999998,861.0349999999999,13.344,294.705,12.175
2010-10-25 11:30:06,,,,,,,139.0,,,34,70.302,87.59,1037.793,12.706,302.018,13.431
2010-10-25 11:45:06,,,,,,,139.0,,,34,70.869,90.51,1007.813,12.031,301.478,12.344
2010-10-25 12:00:06,,,,,,,139.0,,,34,71.466,89.72,1002.734,10.806,283.117,12.6
2010-10-25 12:15:06,,,,,,,139.0,,,34,71.648,90.64,1017.188,11.006,294.413,12.988
2010-10-25 12:30:06,,,,,,,139.0,,,34,71.78,90.14,941.699,11.1,284.355,12.1
2010-10-25 12:45:06,,,,,,,139.0,,,34,71.689,88.09,960.449,11.475,279.135,13.006
2010-10-25 13:00:06,,,,,,,139.0,,,34,71.861,89.79999999999998,940.723,11.581,294.683,12.019
2010-10-25 13:15:06,,,,,,,139.0,,,34,72.104,91.48,894.4339999999999,11.344,289.8,10.231
2010-10-25 13:30:06,,,,,,,139.0,,,34,72.013,90.43,886.426,10.819,291.758,10.075
2010-10-25 13:45:06,,,,,,,139.0,,,34,72.09399999999998,90.7,838.965,9.856000000000002,268.83,8.955999999999998
2010-10-25 14:00:06,,,,,,,139.0,,,34,72.205,89.72,754.004,9.375,292.68,9.263000000000002
2010-10-25 14:15:06,,,,,,,139.0,,,34,71.841,86.09,734.1799999999998,8.074999999999998,301.388,12.125
2010-10-25 14:30:06,,,,,,,139.0,,,34,71.466,85.15,685.156,9.8,299.633,9.5
2010-10-25 14:45:06,,,,,,,139.0,,,34,71.851,85.22,602.051,10.081,267.008,8.606
2010-10-25 15:00:06,,,,,,,139.0,,,34,71.365,82.79999999999998,543.359,10.369,295.515,9.344
2010-10-25 15:15:06,,,,,,,139.0,,,34,70.869,80.95,492.578,10.237,298.215,10.837
2010-10-25 15:30:06,,,,,,,139.0,,,34,70.393,79.12,405.469,10.263,303.727,8.544
2010-10-25 15:45:06,,,,,,,139.0,,,34,69.937,76.73,333.789,11.181,303.548,9.056
2010-10-25 16:00:06,,,,,,,139.0,,,34,69.269,75.01999999999998,262.695,12.038,303.638,8.269
2010-10-25 16:15:06,,,,,,,139.0,,,34,68.54,72.53,180.273,13.081,303.727,7.619
2010-10-25 16:30:06,,,,,,,139.0,,,34,67.841,69.85,101.074,13.063,303.458,7.655999999999999
2010-10-25 16:45:06,,,,,,,139.0,,,34,67.102,67.09,11.816,13.5,286.943,7.844
2010-10-25 17:00:06,,,,,,,139.0,,,34,66.393,65.95,5.176,11.656,294.683,8.606
2010-10-25 17:15:06,,,,,,,139.0,,,34,65.786,65.07,0.977,11.225,295.875,8.387
2010-10-25 17:30:06,,,,,,,139.0,,,34,65.189,64.05,0.098,10.95,304.808,7.088
2010-10-25 17:45:06,,,,,,,139.0,,,34,64.601,63.05,0.0,11.95,307.013,5.006
2010-10-25 18:00:06,,,,,,,139.0,,,34,63.913,62.24,0.0,13.225,302.737,4.331
2010-10-25 18:15:06,,,,,,,139.0,,,34,63.154,60.77,0.0,13.694,312.12,3.425
2010-10-25 18:30:06,,,,,,,139.0,,,34,62.526,59.07,0.0,14.287,308.25,3.2
2010-10-25 18:45:06,,,,,,,139.0,,,34,61.736,57.44,0.0,15.156,195.368,2.081
2010-10-26 06:00:06,,,,,,,139.0,,,34,47.966,40.85,3.32,31.375,248.22,1.469
2010-10-26 06:15:06,,,,,,,139.0,,,34,49.019,43.98,11.035,29.763,151.402,2.169
2010-10-26 06:30:06,,,,,,,139.0,,,34,48.786,44.08,18.457,31.213,175.118,1.1
2010-10-26 06:45:06,,,,,,,139.0,,,34,49.161,45.16,69.531,31.137,285.435,2.938
2010-10-26 07:00:06,,,,,,,139.0,,,34,50.183,51.18,235.449,30.9,192.488,3.875
2010-10-26 07:15:06,,,,,,,139.0,,,34,51.277,57.72,304.883,30.425,184.005,3.863
2010-10-26 07:30:06,,,,,,,139.0,,,34,52.137,63.54,384.18,29.95,232.853,1.837
2010-10-26 07:45:06,,,,,,,139.0,,,34,53.322,69.89,448.633,29.181,237.24,1.481
2010-10-26 08:00:06,,,,,,,139.0,,,34,54.264,74.93,509.18,29.088,85.61199999999998,1.169
2010-10-26 08:15:06,,,,,,,139.0,,,34,55.053,80.70999999999998,585.059,28.256,119.385,1.281
2010-10-26 08:30:06,,,,,,,139.0,,,34,55.772,86.68,646.094,27.825,74.048,1.15
2010-10-26 08:45:06,,,,,,,139.0,,,34,56.754,89.33,706.836,26.5,86.063,1.331
2010-10-26 09:00:06,,,,,,,139.0,,,34,57.959,94.45,760.645,24.119,165.87,2.369
2010-10-26 09:15:06,,,,,,,139.0,,,34,58.952,97.71,811.0349999999999,22.375,195.93,2.281
2010-10-26 09:30:06,,,,,,,139.0,,,34,59.711,101.16,857.0309999999998,21.019,270.608,2.4
2010-10-26 09:45:06,,,,,,,139.0,,,34,60.106,106.26,899.219,20.838,282.802,1.913
2010-10-26 10:00:06,,,,,,,139.0,,,34,60.693,109.98,934.375,21.119,256.208,2.213
2010-10-26 10:15:06,,,,,,,139.0,,,34,61.291,111.66,964.648,20.188,209.61,2.081
2010-10-26 10:30:06,,,,,,,139.0,,,34,62.06,105.58,988.965,19.325,190.912,1.869
2010-10-26 10:45:06,,,,,,,139.0,,,34,63.032,115.09,992.48,18.231,248.04,1.737
2010-10-26 11:00:06,,,,,,,139.0,,,34,63.326,112.15,1018.262,18.394,166.928,1.45
2010-10-26 11:15:06,,,,,,,139.0,,,34,64.237,106.19,1034.082,18.406,181.935,1.95
2010-10-26 11:30:06,,,,,,,139.0,,,34,65.796,108.7,1037.012,17.606,184.275,2.531
2010-10-26 11:45:06,,,,,,,139.0,,,34,66.272,111.95,1029.98,17.188,211.545,2.881
2010-10-26 12:00:06,,,,,,,139.0,,,34,66.495,103.97,1021.582,17.163,181.26,1.856
2010-10-26 12:15:06,,,,,,,139.0,,,34,67.335,107.57,1006.641,16.237,234.698,2.337
2010-10-26 12:30:06,,,,,,,139.0,,,34,67.922,103.43,986.328,16.038,140.535,1.844
2010-10-26 12:45:06,,,,,,,139.0,,,34,68.013,99.25,958.301,15.863,98.145,2.056
2010-10-26 13:00:06,,,,,,,139.0,,,34,68.095,98.29,929.6880000000002,15.637,105.548,2.025
2010-10-26 13:15:06,,,,,,,139.0,,,34,67.76,88.44,894.8239999999998,16.163,136.08,2.844
2010-10-26 13:30:06,,,,,,,139.0,,,34,68.054,92.48,855.273,15.338,176.693,1.65
2010-10-26 13:45:06,,,,,,,139.0,,,34,69.269,103.11,814.4529999999999,14.625,220.748,2.2
2010-10-26 14:00:06,,,,,,,139.0,,,34,69.998,95.19,764.648,14.55,166.05,2.262
2010-10-26 14:15:06,,,,,,,139.0,,,34,70.292,97.01,713.281,14.15,203.22,1.431
2010-10-26 14:30:06,,,,,,,139.0,,,34,70.018,91.19,655.664,14.694,160.853,2.175
2010-10-26 14:45:06,,,,,,,139.0,,,34,70.089,92.17,593.359,14.369,243.608,2.381
2010-10-26 15:00:06,,,,,,,139.0,,,34,70.028,93.59,529.102,14.2,224.685,1.719
2010-10-26 15:15:06,,,,,,,139.0,,,34,69.289,84.62999999999998,461.523,15.063,164.115,1.456
2010-10-26 15:30:06,,,,,,,139.0,,,34,69.117,82.31,391.699,15.444,176.153,1.887
2010-10-26 15:45:06,,,,,,,139.0,,,34,68.651,77.64,320.898,15.637,194.355,2.144
2010-10-26 16:00:06,,,,,,,139.0,,,34,68.013,75.47,249.414,16.1,160.74,2.725
2010-10-26 16:15:06,,,,,,,139.0,,,34,66.809,71.04,179.004,17.119,107.325,4.219
2010-10-26 16:30:06,,,,,,,139.0,,,34,65.533,67.24,86.23,17.869,114.84,3.931
2010-10-26 16:45:06,,,,,,,139.0,,,34,64.379,64.63,13.477,18.469,102.42,3.65
2010-10-26 17:00:06,,,,,,,139.0,,,34,63.528,63.08,4.98,19.281,105.93,2.881
2010-10-26 17:15:06,,,,,,,139.0,,,34,62.819,61.46,0.781,19.606,63.968,1.613
2010-10-26 17:30:06,,,,,,,139.0,,,34,61.858,58.89,0.195,21.306,118.958,2.156
2010-10-26 17:45:06,,,,,,,139.0,,,34,61.27,57.43,0.195,21.769,163.755,2.15
2010-10-26 18:00:06,,,,,,,139.0,,,34,60.754,56.46,0.195,22.344,183.352,2.05
2010-10-26 18:15:06,,,,,,,139.0,,,34,59.954,54.08,0.2929999999999999,23.313,99.743,1.225
2010-10-26 18:30:06,,,,,,,139.0,,,34,59.184,51.84,0.195,24.413,282.96,2.094
2010-10-26 18:45:06,,,,,,,139.0,,,34,59.033,51.54,0.098,24.131,291.915,3.05
2010-10-27 06:00:06,,,,,,,139.0,,,34,46.214,46.21,3.418,29.713,290.385,7.981
2010-10-27 06:15:06,,,,,,,139.0,,,34,45.85,45.66,13.281,30.594,291.87,7.275
2010-10-27 06:30:06,,,,,,,139.0,,,34,45.536,45.99,29.883,31.0,308.34,8.862999999999998
2010-10-27 06:45:06,,,,,,,139.0,,,34,45.809,46.53,67.871,31.381,284.018,7.112
2010-10-27 07:00:06,,,,,,,139.0,,,34,46.225,48.61,207.52,31.169,302.333,7.8
2010-10-27 07:15:06,,,,,,,139.0,,,34,46.66,51.14,254.004,31.1,297.923,7.819
2010-10-27 07:30:06,,,,,,,139.0,,,34,47.024,53.47,333.203,30.869,281.565,6.638
2010-10-27 07:45:06,,,,,,,139.0,,,34,47.905,58.76,472.656,29.806,300.443,6.781
2010-10-27 08:00:06,,,,,,,139.0,,,34,49.141,63.95,532.52,28.381,239.265,5.194
2010-10-27 08:15:06,,,,,,,139.0,,,34,50.082,67.5,545.117,27.431,281.745,4.894
2010-10-27 08:30:06,,,,,,,139.0,,,34,50.912,74.53,656.152,26.344,267.188,4.463
2010-10-27 08:45:06,,,,,,,139.0,,,34,52.036,79.90999999999998,709.863,24.694,255.938,3.913
2010-10-27 09:00:06,,,,,,,139.0,,,34,53.059,80.86,766.3089999999999,23.263,271.62,5.075
2010-10-27 09:15:06,,,,,,,139.0,,,34,53.909,84.04,789.941,21.938,267.75,4.375
2010-10-27 09:30:06,,,,,,,139.0,,,34,54.861,88.78,803.9059999999998,20.531,254.227,3.656
2010-10-27 09:45:06,,,,,,,139.0,,,34,55.61,90.62,891.113,19.663,264.78,4.475
2010-10-27 10:00:06,,,,,,,139.0,,,34,56.471,94.2,905.957,18.838,279.158,3.113
2010-10-27 10:15:06,,,,,,,139.0,,,34,57.382,100.49,982.422,17.656,301.23,3.656
2010-10-27 10:30:06,,,,,,,139.0,,,34,58.364,99.1,882.715,16.669,269.843,2.938
2010-10-27 10:45:06,,,,,,,139.0,,,34,59.012,95.24,907.227,15.956,227.813,3.65
2010-10-27 11:00:06,,,,,,,139.0,,,34,59.326,97.61,1017.285,15.394,238.973,2.6
2010-10-27 11:15:06,,,,,,,139.0,,,34,59.883,97.44,1013.184,14.456,259.425,3.525
2010-10-27 11:30:06,,,,,,,139.0,,,34,60.106,91.6,945.117,14.494,189.36,3.344
2010-10-27 11:45:06,,,,,,,139.0,,,34,60.693,81.73,981.543,14.006,128.228,4.269
2010-10-27 12:00:06,,,,,,,139.0,,,34,61.291,78.69,926.074,13.844,181.485,4.194
2010-10-27 12:15:06,,,,,,,139.0,,,34,62.141,92.46,1014.063,12.769,223.155,2.594
2010-10-27 12:30:06,,,,,,,139.0,,,34,62.87,99.9,1011.523,12.381,227.723,3.075
2010-10-27 12:45:06,,,,,,,139.0,,,34,63.184,99.29,972.656,12.181,265.342,3.7
2010-10-27 13:00:06,,,,,,,139.0,,,34,63.508,99.51,987.598,11.244,238.545,2.938
2010-10-27 13:15:06,,,,,,,139.0,,,34,64.105,100.17,894.727,11.381,253.777,2.725
2010-10-27 13:30:06,,,,,,,139.0,,,34,64.328,99.08,862.5,10.913,246.263,2.663
2010-10-27 13:45:06,,,,,,,139.0,,,34,64.338,93.56,797.2659999999998,10.863,154.17,2.856
2010-10-27 14:00:06,,,,,,,139.0,,,34,64.277,86.34999999999998,738.8669999999998,10.256,120.285,2.819
2010-10-27 14:15:06,,,,,,,139.0,,,34,64.328,82.45999999999998,761.133,9.781,130.725,3.5
2010-10-27 14:30:06,,,,,,,139.0,,,34,64.247,77.37999999999998,598.242,10.788,124.223,3.15
2010-10-27 14:45:06,,,,,,,139.0,,,34,63.69,74.7,573.535,11.056,118.575,2.119
2010-10-27 15:00:06,,,,,,,139.0,,,34,64.196,76.01,523.633,10.619,124.065,3.381
2010-10-27 15:15:06,,,,,,,139.0,,,34,63.68,70.72,487.012,11.9,117.495,3.45
2010-10-27 15:30:06,,,,,,,139.0,,,34,63.204,69.31,306.641,11.856,98.167,3.006
2010-10-27 15:45:06,,,,,,,139.0,,,34,62.657,67.55,247.07,12.012,104.378,3.594
2010-10-27 16:00:06,,,,,,,139.0,,,34,62.05,66.14,264.844,12.381,108.023,3.913
2010-10-27 16:15:06,,,,,,,139.0,,,34,61.675,65.22,143.848,12.625,126.608,4.206
2010-10-27 16:30:06,,,,,,,139.0,,,34,60.815,62.65,64.746,12.862,159.21,4.45
2010-10-27 16:45:06,,,,,,,139.0,,,34,60.086,60.29,15.82,13.194,174.758,3.463
2010-10-27 17:00:06,,,,,,,139.0,,,34,59.225,57.92,4.59,13.85,204.907,2.331
2010-10-27 17:15:06,,,,,,,139.0,,,34,58.486,55.9,0.879,14.419,161.775,2.481
2010-10-27 17:30:06,,,,,,,139.0,,,34,57.848,54.04,0.098,15.369,87.345,1.65
2010-10-27 17:45:06,,,,,,,139.0,,,34,56.998,51.3,0.195,16.381,47.79,1.256
2010-10-27 18:00:06,,,,,,,139.0,,,34,56.218,48.93,0.098,17.369,332.46,1.212
2010-10-27 18:15:06,,,,,,,139.0,,,34,54.598,45.62,0.098,19.881,351.383,0.0
2010-10-27 18:30:06,,,,,,,139.0,,,34,52.532,41.98,0.0,23.131,351.405,0.0
2010-10-27 18:45:06,,,,,,,139.0,,,34,51.216,39.03,0.2929999999999999,24.794,351.45,0.063
2010-10-28 06:00:06,,,,,,,139.0,,,34,40.028,30.7,5.859,53.3,215.055,1.156
2010-10-28 06:15:06,,,,,,,139.0,,,34,41.223,34.64,13.184,48.913,205.313,1.262
2010-10-28 06:30:06,,,,,,,139.0,,,34,42.498,37.82,39.16,45.606,224.753,1.331
2010-10-28 06:45:06,,,,,,,139.0,,,34,43.724,39.77,87.012,44.725,238.41,0.988
2010-10-28 07:00:06,,,,,,,139.0,,,34,45.354,44.98,177.344,42.194,245.07,1.181
2010-10-28 07:15:06,,,,,,,139.0,,,34,46.518,48.47,169.434,41.356,269.662,1.125
2010-10-28 07:30:06,,,,,,,139.0,,,34,47.51,52.14,250.391,40.825,282.42,1.937
2010-10-28 07:45:06,,,,,,,139.0,,,34,48.493,58.95,331.152,38.456,287.618,2.206
2010-10-28 08:00:06,,,,,,,139.0,,,34,49.576,65.18,381.25,35.306,285.143,2.187
2010-10-28 08:15:06,,,,,,,139.0,,,34,51.115,73.17,519.238,33.575,278.347,1.75
2010-10-28 08:30:06,,,,,,,139.0,,,34,52.634,81.34,494.141,32.281,276.773,1.756
2010-10-28 08:45:06,,,,,,,139.0,,,34,54.122,85.84,591.602,29.606,251.978,1.831
2010-10-28 09:00:06,,,,,,,139.0,,,34,55.833,92.6,685.156,25.938,215.82,2.0
2010-10-28 09:15:06,,,,,,,139.0,,,34,57.23,93.07,729.688,21.825,172.193,1.737
2010-10-28 09:30:06,,,,,,,139.0,,,34,58.051,92.5,773.438,20.044,101.272,0.888
2010-10-28 09:45:06,,,,,,,139.0,,,34,59.164,96.41,820.1169999999998,19.106,141.75,1.106
2010-10-28 10:00:06,,,,,,,139.0,,,34,60.167,101.75,940.527,18.438,146.97,1.319
2010-10-28 10:15:06,,,,,,,139.0,,,34,60.855,98.5,956.348,17.888,108.112,1.825
2010-10-28 10:30:06,,,,,,,139.0,,,34,61.635,92.0,1002.344,16.513,84.938,2.2
2010-10-28 10:45:06,,,,,,,139.0,,,34,62.556,95.52,1015.918,15.731,106.695,2.119
2010-10-28 11:00:06,,,,,,,139.0,,,34,63.457,96.13,1029.395,14.313,113.67,1.881
2010-10-28 11:15:06,,,,,,,139.0,,,34,64.601,93.64,991.211,13.738,156.173,2.294
2010-10-28 11:30:06,,,,,,,139.0,,,34,65.877,90.03,1049.316,11.431,113.625,3.387
2010-10-28 11:45:06,,,,,,,139.0,,,34,66.353,87.90999999999998,1027.441,10.344,110.228,4.081
2010-10-28 12:00:06,,,,,,,139.0,,,34,66.485,84.92,1004.395,11.3,116.798,4.475
2010-10-28 12:15:06,,,,,,,139.0,,,34,67.041,85.54,990.723,11.325,121.883,3.806
2010-10-28 12:30:06,,,,,,,139.0,,,34,67.234,82.73,964.844,11.4,125.91,3.744
2010-10-28 12:45:06,,,,,,,139.0,,,34,67.872,83.17,962.5,11.288,123.638,3.525
2010-10-28 13:00:06,,,,,,,139.0,,,34,68.338,87.62,942.48,10.994,120.375,2.819
2010-10-28 13:15:06,,,,,,,139.0,,,34,68.672,86.42,875.7809999999998,11.006,126.023,2.931
2010-10-28 13:30:06,,,,,,,139.0,,,34,69.431,88.26999999999998,833.2029999999999,10.956,115.2,3.494
2010-10-28 13:45:06,,,,,,,139.0,,,34,69.664,86.59,787.0119999999998,11.106,109.913,3.675
2010-10-28 14:00:06,,,,,,,139.0,,,34,69.725,81.54,746.484,11.3,118.845,3.863
2010-10-28 14:15:06,,,,,,,139.0,,,34,69.735,82.48999999999998,707.617,10.906,108.36,3.306
2010-10-28 14:30:06,,,,,,,139.0,,,34,70.119,82.78,643.262,10.95,118.575,2.825
2010-10-28 14:45:06,,,,,,,139.0,,,34,70.292,80.86,589.453,11.406,122.603,3.006
2010-10-28 15:00:06,,,,,,,139.0,,,34,70.069,78.28,490.137,11.688,104.602,3.337
2010-10-28 15:15:06,,,,,,,139.0,,,34,69.846,78.51999999999998,422.754,12.231,125.91,2.425
2010-10-28 15:30:06,,,,,,,139.0,,,34,69.603,76.34,337.109,12.731,133.178,2.337
2010-10-28 15:45:06,,,,,,,139.0,,,34,68.874,74.17,309.473,12.981,159.12,1.962
2010-10-28 16:00:06,,,,,,,139.0,,,34,68.429,73.61,271.484,13.175,181.913,1.931
2010-10-28 16:15:06,,,,,,,139.0,,,34,67.862,74.04,195.02,13.106,210.938,1.956
2010-10-28 16:30:06,,,,,,,139.0,,,34,66.748,69.95,77.051,13.869,201.488,2.012
2010-10-28 16:45:06,,,,,,,139.0,,,34,65.533,65.12,19.043,14.913,208.44,1.587
2010-10-28 17:00:06,,,,,,,139.0,,,34,64.369,61.68,7.129,16.05,224.955,1.406
2010-10-28 17:15:06,,,,,,,139.0,,,34,63.154,58.19,0.977,18.025,222.3,0.4939999999999999
2010-10-28 17:30:06,,,,,,,139.0,,,34,61.291,53.61,0.195,20.313,222.323,0.512
2010-10-28 17:45:06,,,,,,,139.0,,,34,60.45,50.09,0.195,21.325,222.345,0.519
2010-10-28 18:00:06,,,,,,,139.0,,,34,59.498,48.1,0.195,22.975,222.345,0.631
2010-10-28 18:15:06,,,,,,,139.0,,,34,58.314,46.62,0.195,25.106,222.368,0.512
2010-10-28 18:30:06,,,,,,,139.0,,,34,57.139,45.38,0.098,27.306,222.39,0.7189999999999999
2010-10-28 18:45:06,,,,,,,139.0,,,34,56.339,44.49,0.098,28.1,223.02,0.8
2010-10-29 06:00:06,,,,,,,139.0,,,34,47.227,39.99,2.246,45.188,288.698,1.925
2010-10-29 06:15:06,,,,,,,139.0,,,34,47.348,40.92,8.105,50.263,281.543,1.356
2010-10-29 06:30:06,,,,,,,139.0,,,34,46.65,40.28,19.336,53.644,269.055,0.2059999999999999
2010-10-29 06:45:06,,,,,,,139.0,,,34,46.336,39.46,35.449,55.819,269.123,0.4119999999999999
2010-10-29 07:00:06,,,,,,,139.0,,,34,46.842,40.89,82.715,53.825,305.685,1.063
2010-10-29 07:15:06,,,,,,,139.0,,,34,47.632,45.09,161.719,50.769,314.28,0.4879999999999999
2010-10-29 07:30:06,,,,,,,139.0,,,34,48.958,51.74,286.719,47.675,314.28,0.662
2010-10-29 07:45:06,,,,,,,139.0,,,34,50.133,60.91,304.004,47.331,314.258,0.194
2010-10-29 08:00:06,,,,,,,139.0,,,34,51.358,68.72,469.238,46.2,313.56,0.381
2010-10-29 08:15:06,,,,,,,139.0,,,34,53.059,80.01999999999998,556.445,43.619,311.333,0.375
2010-10-29 08:30:06,,,,,,,139.0,,,34,55.023,84.62,627.246,41.1,165.465,0.8629999999999999
2010-10-29 08:45:06,,,,,,,139.0,,,34,56.795,88.65999999999998,670.605,36.762,121.433,1.056
2010-10-29 09:00:06,,,,,,,139.0,,,34,58.314,87.25,761.523,34.506,145.935,1.35
2010-10-29 09:15:06,,,,,,,139.0,,,34,59.772,90.87,784.4729999999998,30.794,132.458,1.563
2010-10-29 09:30:06,,,,,,,139.0,,,34,61.007,92.91,778.125,28.412,113.063,1.294
2010-10-29 09:45:06,,,,,,,139.0,,,34,62.232,92.44,881.738,26.544,129.78,1.663
2010-10-29 10:00:06,,,,,,,139.0,,,34,63.427,93.09,877.051,24.581,138.308,1.881
2010-10-29 10:15:06,,,,,,,139.0,,,34,64.267,89.93,867.676,23.994,124.335,1.925
2010-10-29 10:30:06,,,,,,,139.0,,,34,65.118,89.76999999999998,796.6799999999998,22.875,110.655,1.944
2010-10-29 10:45:06,,,,,,,139.0,,,34,66.252,92.98,960.547,22.669,125.077,1.731
2010-10-29 11:00:06,,,,,,,139.0,,,34,67.831,96.15,1004.98,21.637,119.723,1.981
2010-10-29 11:15:06,,,,,,,139.0,,,34,68.915,94.23,1033.887,21.338,116.618,2.713
2010-10-29 11:30:06,,,,,,,139.0,,,34,69.603,92.65,892.969,21.025,103.635,2.856
2010-10-29 11:45:06,,,,,,,139.0,,,34,69.775,88.06,778.32,21.05,129.668,2.087
2010-10-29 12:00:06,,,,,,,139.0,,,34,71.031,90.56,876.3669999999998,20.131,131.94,2.306
2010-10-29 12:15:06,,,,,,,139.0,,,34,71.598,88.79,631.738,20.263,135.135,1.906
2010-10-29 12:30:06,,,,,,,139.0,,,34,72.165,91.2,740.82,19.681,139.028,1.375
2010-10-29 12:45:06,,,,,,,139.0,,,34,72.843,91.98,858.594,19.331,124.088,1.844
2010-10-29 13:00:06,,,,,,,139.0,,,34,73.754,99.47,881.9339999999999,18.463,140.872,1.469
2010-10-29 13:15:06,,,,,,,139.0,,,34,74.625,103.4,889.551,18.075,86.107,1.894
2010-10-29 13:30:06,,,,,,,139.0,,,34,74.46299999999998,95.87,844.5309999999998,18.725,94.95,1.925
2010-10-29 13:45:06,,,,,,,139.0,,,34,74.83799999999998,97.18,753.9059999999998,18.481,121.77,1.831
2010-10-29 14:00:06,,,,,,,139.0,,,34,74.10899999999998,88.53,400.098,19.169,114.547,2.069
2010-10-29 14:15:06,,,,,,,139.0,,,34,74.36199999999998,86.4,622.656,18.75,176.805,1.631
2010-10-29 14:30:06,,,,,,,139.0,,,34,75.455,91.16,514.941,18.119,168.998,1.625
2010-10-29 14:45:06,,,,,,,139.0,,,34,75.283,88.20999999999998,573.145,18.306,150.345,1.288
2010-10-29 15:00:06,,,,,,,139.0,,,34,75.759,90.08,560.449,18.125,131.85,2.125
2010-10-29 15:15:06,,,,,,,139.0,,,34,75.729,88.92,385.742,18.538,132.48,1.438
2010-10-29 15:30:06,,,,,,,139.0,,,34,74.91899999999998,83.84,258.008,19.194,122.423,1.144
2010-10-29 15:45:06,,,,,,,139.0,,,34,74.078,79.54999999999998,145.117,20.469,127.035,0.7379999999999999
2010-10-29 16:00:06,,,,,,,139.0,,,34,73.046,76.0,102.734,21.263,99.068,1.0
2010-10-29 16:15:06,,,,,,,139.0,,,34,72.09399999999998,73.58,70.703,22.281,149.04,0.3059999999999999
2010-10-29 16:30:06,,,,,,,139.0,,,34,71.223,71.12,36.816,23.319,145.125,0.0439999999999999
2010-10-29 16:45:06,,,,,,,139.0,,,34,70.16,67.55,17.773,24.225,144.203,0.275
2010-10-29 17:00:06,,,,,,,139.0,,,34,68.712,64.16,4.59,26.263,142.65,0.025
2010-10-29 17:15:06,,,,,,,139.0,,,34,67.781,61.4,0.2929999999999999,27.15,135.293,1.038
2010-10-29 17:30:06,,,,,,,139.0,,,34,67.011,59.86,0.098,28.931,336.128,0.6129999999999999
2010-10-29 17:45:06,,,,,,,139.0,,,34,65.492,57.43,0.098,30.738,334.868,0.4189999999999999
2010-10-29 18:00:06,,,,,,,139.0,,,34,64.936,55.68,0.098,31.388,325.688,1.012
2010-10-29 18:15:06,,,,,,,139.0,,,34,64.217,54.25,0.098,32.988,315.293,0.756
2010-10-29 18:30:06,,,,,,,139.0,,,34,63.548,53.5,0.0,34.688,312.728,0.525
2010-10-29 18:45:06,,,,,,,139.0,,,34,62.89,52.52,0.0,35.556,312.75,0.281
2010-10-03 06:00:00,3.0,6.0,285.0,2.0,8.0,309.0,0.0,46.0,-199.0,34,66.292,58.53,8.397999999999998,61.35,313.583,1.012
2010-10-03 06:15:00,7.0,58.0,285.0,16.0,58.0,359.0,0.0,54.0,843.0,34,65.948,58.09,15.234,63.194,305.752,1.231
2010-10-03 06:30:00,15.0,125.0,285.0,33.0,129.0,381.0,0.0,58.0,948.0,34,66.566,59.37,92.578,61.938,314.235,0.625
2010-10-03 06:45:00,22.0,195.0,284.0,52.0,199.0,384.0,0.0,60.0,986.0,34,67.082,64.3,223.73,62.063,308.835,0.556
2010-10-03 07:00:00,31.0,275.0,285.0,72.0,283.0,388.0,0.0,59.0,995.0,34,68.965,72.23999999999998,290.918,57.875,300.532,0.675
2010-10-03 07:15:00,41.0,356.0,283.0,95.0,368.0,383.0,0.0,59.0,996.0,34,70.595,80.18,344.434,55.731,282.735,0.8629999999999999
2010-10-03 07:30:00,17.0,144.0,282.0,41.0,148.0,353.0,0.0,58.0,963.0,34,71.75,83.33,188.574,53.463,269.213,0.794
2010-10-03 07:45:00,24.0,209.0,283.0,57.0,216.0,379.0,0.0,59.0,987.0,34,72.732,82.03,224.609,50.613,321.255,1.469
2010-10-03 08:00:00,44.0,378.0,283.0,102.0,391.0,380.0,0.0,58.0,-996.0,34,74.2,84.23999999999998,279.297,47.331,305.1,1.206
2010-10-03 08:15:00,30.0,261.0,285.0,75.0,268.0,355.0,0.0,60.0,-994.0,34,75.84999999999998,86.4,328.711,44.969,106.965,1.5
2010-10-03 08:30:00,29.0,257.0,285.0,71.0,265.0,371.0,0.0,59.0,989.0,34,76.336,81.61,223.633,44.725,142.65,3.119
2010-10-03 08:45:00,22.0,195.0,285.0,53.0,201.0,372.0,0.0,58.0,979.0,34,76.822,80.40999999999998,216.797,43.731,160.2,2.744
2010-10-03 09:00:00,33.0,284.0,285.0,79.0,291.0,364.0,0.0,59.0,995.0,34,77.004,80.43,224.609,42.956,143.663,3.025
2010-10-03 09:15:00,32.0,279.0,285.0,82.0,286.0,347.0,0.0,59.0,995.0,34,77.44,80.87,271.777,41.906,138.465,3.225
2010-10-03 09:30:00,27.0,237.0,286.0,69.0,243.0,347.0,0.0,59.0,988.0,34,77.744,80.93,242.871,40.444,143.82,3.406
2010-10-03 09:45:00,25.0,220.0,284.0,64.0,226.0,351.0,0.0,59.0,987.0,34,78.655,82.79,208.789,39.631,159.547,3.125
2010-10-03 10:00:00,32.0,280.0,286.0,78.0,288.0,365.0,0.0,58.0,-995.0,34,79.202,82.72,221.387,39.55,166.77,3.344
2010-10-03 10:15:00,40.0,348.0,284.0,94.0,360.0,379.0,0.0,60.0,996.0,34,79.313,82.12999999999998,275.195,40.181,151.988,4.219
2010-10-03 10:30:00,42.0,368.0,285.0,103.0,382.0,369.0,0.0,59.0,996.0,34,79.15099999999998,81.54999999999998,351.953,40.625,157.297,6.825
2010-10-03 10:45:00,57.0,490.0,284.0,134.0,508.0,376.0,0.0,59.0,999.0,34,79.647,83.17,437.988,37.713,151.65,5.356
2010-10-03 11:00:00,43.0,376.0,285.0,104.0,390.0,370.0,0.0,60.0,-996.0,34,79.65699999999998,83.01,429.297,38.181,147.577,5.825
2010-10-03 11:15:00,49.0,426.0,285.0,118.0,442.0,373.0,0.0,60.0,996.0,34,78.44199999999998,80.65,352.441,41.244,154.665,5.825
2010-10-03 11:30:00,45.0,388.0,285.0,109.0,402.0,364.0,0.0,60.0,999.0,34,78.361,80.84999999999998,366.113,40.969,143.258,4.931
2010-10-03 11:45:00,38.0,325.0,283.0,90.0,334.0,371.0,0.0,60.0,995.0,34,77.825,81.86,296.973,43.869,100.35,2.994
2010-10-03 12:00:00,154.0,1336.0,288.0,364.0,1410.0,385.0,0.0,60.0,-999.0,34,77.693,83.54999999999998,455.762,41.681,92.925,3.581
2010-10-03 12:15:00,120.0,1032.0,285.0,320.0,1081.0,336.0,0.0,59.0,999.0,34,80.042,94.68,1293.164,36.644,121.905,3.269
2010-10-03 12:30:00,111.0,950.0,285.0,293.0,995.0,338.0,0.0,60.0,-999.0,34,81.51,103.02,1094.824,37.306,114.952,3.231
2010-10-03 12:45:00,109.0,931.0,285.0,284.0,976.0,342.0,0.0,61.0,999.0,34,81.095,103.13,1036.426,39.206,108.562,4.144
2010-10-03 13:00:00,106.0,909.0,285.0,278.0,951.0,340.0,0.0,59.0,999.0,34,80.346,102.55,1009.277,38.463,119.993,4.381
2010-10-03 13:15:00,102.0,872.0,285.0,270.0,914.0,337.0,0.0,59.0,999.0,34,80.903,104.65,982.715,35.175,121.545,3.45
2010-10-03 13:30:00,98.0,839.0,285.0,262.0,877.0,332.0,0.0,60.0,999.0,34,81.976,106.84,940.332,32.831,174.375,3.456
2010-10-03 13:45:00,93.0,799.0,285.0,253.0,834.0,327.0,0.0,61.0,999.0,34,82.90699999999998,107.46,900.879,31.2,119.745,2.981
2010-10-03 14:00:00,89.0,762.0,285.0,233.0,797.0,340.0,0.0,60.0,999.0,34,83.687,106.19,851.465,30.55,144.09,2.181
2010-10-03 14:15:00,85.0,734.0,285.0,223.0,766.0,342.0,0.0,59.0,-999.0,34,84.04099999999998,107.11,804.7849999999999,30.35,150.908,2.475
2010-10-03 14:30:00,78.0,668.0,285.0,200.0,700.0,348.0,0.0,61.0,-999.0,34,84.122,102.42,726.855,30.194,128.633,2.675
2010-10-03 14:45:00,10.0,85.0,285.0,25.0,86.0,333.0,0.0,58.0,-912.0,34,83.50499999999998,97.28,272.168,30.375,146.43,3.556
2010-10-03 15:00:00,13.0,108.0,284.0,29.0,110.0,370.0,0.0,60.0,952.0,34,82.14799999999998,91.87,353.223,30.981,193.545,3.063
2010-10-03 15:15:00,17.0,147.0,286.0,41.0,152.0,367.0,0.0,59.0,964.0,34,82.016,91.06,434.277,30.369,155.678,3.237
2010-10-03 15:30:00,47.0,407.0,285.0,115.0,421.0,361.0,0.0,59.0,999.0,34,83.019,94.17,438.672,28.575,140.535,2.663
2010-10-03 15:45:00,11.0,87.0,285.0,25.0,90.0,361.0,0.0,59.0,915.0,34,83.161,91.99,256.445,27.669,133.29,2.863
2010-10-03 16:00:00,15.0,135.0,286.0,39.0,137.0,346.0,0.0,59.0,-961.0,34,81.86499999999998,85.93,92.188,28.594,125.437,2.487
2010-10-03 16:15:00,5.0,37.0,286.0,10.0,37.0,351.0,0.0,59.0,717.0,34,81.146,84.26999999999998,81.152,29.425,251.753,1.644
2010-10-03 16:30:00,4.0,21.0,284.0,6.0,21.0,339.0,0.0,59.0,-551.0,34,80.70999999999998,81.51999999999998,32.227,30.563,182.97,1.569
2010-10-03 16:45:00,6.0,43.0,285.0,11.0,43.0,361.0,0.0,58.0,-780.0,34,80.265,79.29,34.473,31.494,55.867,1.794
2010-10-03 17:00:00,5.0,32.0,286.0,9.0,31.0,336.0,0.0,58.0,-685.0,34,80.08199999999998,78.9,56.543,31.331,194.085,2.175
2010-10-03 17:15:00,3.0,-2.0,283.0,1.0,4.0,301.0,0.0,58.0,0.0,34,79.536,78.61,16.211,33.125,87.863,3.075
2010-10-03 17:30:00,0.0,-2.0,284.0,1.0,0.0,332.0,0.0,58.0,0.0,34,78.412,76.78,3.711,34.863,101.745,2.313
2010-10-03 17:45:00,0.0,-2.0,283.0,1.0,0.0,152.0,0.0,58.0,0.0,34,77.602,75.36,0.684,36.719,136.868,2.344
2010-10-03 18:00:00,0.0,-2.0,284.0,1.0,0.0,8.0,0.0,57.0,0.0,34,77.096,75.4,0.2929999999999999,38.931,86.76,2.969
2010-10-03 18:15:00,0.0,-3.0,284.0,0.0,0.0,1.0,0.0,56.0,0.0,34,76.64,75.03,0.2929999999999999,40.712,89.955,2.95
2010-10-03 18:30:00,0.0,-2.0,284.0,0.0,0.0,1.0,0.0,56.0,0.0,34,76.316,75.15999999999998,0.2929999999999999,41.369,115.628,3.631
2010-10-03 18:45:00,0.0,-2.0,286.0,1.0,0.0,5.0,0.0,55.0,0.0,34,76.134,74.62999999999998,0.2929999999999999,41.325,117.63,2.144
2010-10-30 06:00:06,,,,,,,139.0,,,34,50.578,43.72,2.441,60.188,263.745,1.019
2010-10-30 06:15:06,,,,,,,139.0,,,34,51.5,46.86,12.207,56.294,213.728,1.913
2010-10-30 06:30:06,,,,,,,139.0,,,34,51.044,45.59,23.828,59.763,256.027,1.044
2010-10-30 06:45:06,,,,,,,139.0,,,34,51.297,46.03,45.703,59.913,253.89,1.088
2010-10-30 07:00:06,,,,,,,139.0,,,34,52.947,51.46,253.418,54.931,277.492,2.85
2010-10-30 07:15:06,,,,,,,139.0,,,34,56.076,63.29,331.738,47.006,285.188,1.65
2010-10-30 07:30:06,,,,,,,139.0,,,34,57.97,70.56,329.785,44.525,266.4,0.8689999999999999
2010-10-30 07:45:06,,,,,,,139.0,,,34,59.367,70.81,242.48,40.481,211.928,2.556
2010-10-30 08:00:06,,,,,,,139.0,,,34,60.379,68.99,278.613,39.769,265.883,2.75
2010-10-30 08:15:06,,,,,,,139.0,,,34,61.361,76.09,540.527,35.531,229.275,6.769
2010-10-30 08:30:06,,,,,,,139.0,,,34,62.576,78.97,618.848,30.325,247.68,9.744
2010-10-30 08:45:06,,,,,,,139.0,,,34,62.587,76.98,658.984,31.213,251.505,10.513
2010-10-30 09:00:06,,,,,,,139.0,,,34,62.414,80.29,682.031,35.313,254.453,10.038
2010-10-30 09:15:06,,,,,,,139.0,,,34,61.351,73.47,236.621,38.6,225.293,8.4
2010-10-30 09:30:06,,,,,,,139.0,,,34,60.784,67.17,174.121,40.3,198.495,5.9
2010-10-30 09:45:06,,,,,,,139.0,,,34,60.713,67.05,251.074,40.831,219.083,7.5
2010-10-30 10:00:06,,,,,,,139.0,,,34,60.511,69.23,369.629,40.919,223.965,6.725
2010-10-30 10:15:06,,,,,,,139.0,,,34,61.189,79.7,941.113,39.388,219.285,6.888
2010-10-30 10:30:06,,,,,,,139.0,,,34,63.093,83.9,967.285,35.662,212.423,9.619
2010-10-30 10:45:06,,,,,,,139.0,,,34,63.862,82.26999999999998,992.773,34.656,193.297,10.0
2010-10-30 11:00:06,,,,,,,139.0,,,34,64.541,80.69,1006.348,32.619,208.193,12.181
2010-10-30 11:15:06,,,,,,,139.0,,,34,65.351,81.54999999999998,1013.574,30.044,210.532,12.488
2010-10-30 11:30:06,,,,,,,139.0,,,34,65.948,83.23,1014.063,29.281,204.48,10.275
2010-10-30 11:45:06,,,,,,,139.0,,,34,66.677,86.98999999999998,1007.617,28.031,220.41,9.05
2010-10-30 12:00:06,,,,,,,139.0,,,34,67.315,88.92,1003.223,25.913,215.415,8.205999999999998
2010-10-30 12:15:06,,,,,,,139.0,,,34,67.71,90.45,987.402,25.594,216.54,6.881
2010-10-30 12:30:06,,,,,,,139.0,,,34,68.408,95.71,972.363,25.113,216.225,6.956
2010-10-30 12:45:06,,,,,,,139.0,,,34,69.107,100.81,973.145,24.419,241.133,3.65
2010-10-30 13:00:06,,,,,,,139.0,,,34,69.927,97.37,920.703,23.319,205.133,7.8
2010-10-30 13:15:06,,,,,,,139.0,,,34,69.694,89.79999999999998,880.664,22.4,229.028,9.087
2010-10-30 13:30:06,,,,,,,139.0,,,34,69.735,87.56,844.4339999999999,22.263,232.763,10.225
2010-10-30 13:45:06,,,,,,,139.0,,,34,69.208,84.9,801.3669999999998,22.45,226.373,10.781
2010-10-30 14:00:06,,,,,,,139.0,,,34,69.259,84.87,750.293,22.844,229.59,9.406
2010-10-30 14:15:06,,,,,,,139.0,,,34,69.158,83.23,695.898,23.65,230.828,10.381
2010-10-30 14:30:06,,,,,,,139.0,,,34,69.077,82.79999999999998,638.965,24.194,227.318,9.294
2010-10-30 14:45:06,,,,,,,139.0,,,34,69.107,82.2,575.684,24.344,225.495,8.394
2010-10-30 15:00:06,,,,,,,139.0,,,34,68.894,79.70999999999998,511.719,24.269,220.928,8.431
2010-10-30 15:15:06,,,,,,,139.0,,,34,68.55,78.18,444.434,24.762,216.0,7.875
2010-10-30 15:30:06,,,,,,,139.0,,,34,68.064,75.94,375.488,25.9,213.008,6.938
2010-10-30 15:45:06,,,,,,,139.0,,,34,67.669,74.26999999999998,303.516,26.094,213.188,7.163
2010-10-30 16:00:06,,,,,,,139.0,,,34,67.041,71.69,232.617,26.4,209.205,7.069
2010-10-30 16:15:06,,,,,,,139.0,,,34,66.434,69.76,163.965,26.994,211.095,6.331
2010-10-30 16:30:06,,,,,,,139.0,,,34,65.847,66.99,40.234,28.288,199.125,5.825
2010-10-30 16:45:06,,,,,,,139.0,,,34,65.037,64.75,9.277,28.625,215.775,5.444
2010-10-30 17:00:06,,,,,,,139.0,,,34,64.581,63.85,3.027,28.4,215.528,5.606
2010-10-30 17:15:06,,,,,,,139.0,,,34,64.004,62.8,0.2929999999999999,29.844,214.47,5.275
2010-10-30 17:30:06,,,,,,,139.0,,,34,63.174,61.38,0.0,31.744,219.15,3.531
2010-10-30 17:45:06,,,,,,,139.0,,,34,62.587,60.07,0.098,32.4,224.685,3.506
2010-10-30 18:00:06,,,,,,,139.0,,,34,61.999,59.0,0.195,33.375,219.285,2.969
2010-10-30 18:15:06,,,,,,,139.0,,,34,61.027,57.86,0.098,35.388,216.518,3.3
2010-10-30 18:30:06,,,,,,,139.0,,,34,60.491,57.63,0.195,35.819,199.53,3.863
2010-10-30 18:45:06,,,,,,,139.0,,,34,60.592,58.96,0.098,34.975,212.603,4.812
2010-10-31 06:00:06,,,,,,,139.0,,,34,47.217,38.99,2.734,60.5,217.62,0.769
2010-10-31 06:15:06,,,,,,,139.0,,,34,46.822,38.89,10.156,61.744,25.942,0.188
2010-10-31 06:30:06,,,,,,,139.0,,,34,46.427,38.94,20.215,63.056,96.278,0.262
2010-10-31 06:45:06,,,,,,,139.0,,,34,46.802,40.9,44.922,63.381,230.895,0.45
2010-10-31 07:00:06,,,,,,,139.0,,,34,48.3,46.36,231.641,60.675,140.918,0.219
2010-10-31 07:15:06,,,,,,,139.0,,,34,50.447,57.81,361.133,56.738,149.94,0.462
2010-10-31 07:30:06,,,,,,,139.0,,,34,52.715,64.78,281.055,52.6,112.95,0.388
2010-10-31 07:45:06,,,,,,,139.0,,,34,54.719,68.31,432.031,49.019,122.378,0.969
2010-10-31 08:00:06,,,,,,,139.0,,,34,56.431,71.13,327.246,44.381,159.863,2.631
2010-10-31 08:15:06,,,,,,,139.0,,,34,57.048,69.07,249.707,40.9,284.895,2.6
2010-10-31 08:30:06,,,,,,,139.0,,,34,56.491,67.42,194.629,41.85,271.058,2.725
2010-10-31 08:45:06,,,,,,,139.0,,,34,56.491,69.9,531.738,41.95,311.377,3.494
2010-10-31 09:00:06,,,,,,,139.0,,,34,57.97,83.62999999999998,699.707,39.406,227.588,3.375
2010-10-31 09:15:06,,,,,,,139.0,,,34,59.245,93.2,779.1989999999998,37.569,307.845,2.763
2010-10-31 09:30:06,,,,,,,139.0,,,34,59.832,94.58,757.0309999999998,37.281,134.19,1.219
2010-10-31 09:45:06,,,,,,,139.0,,,34,60.531,101.4,871.094,35.856,181.215,1.3
2010-10-31 10:00:06,,,,,,,139.0,,,34,61.584,107.59,903.906,34.675,236.318,1.156
2010-10-31 10:15:06,,,,,,,139.0,,,34,62.637,103.1,935.84,34.306,164.993,1.413
2010-10-31 10:30:06,,,,,,,139.0,,,34,63.852,98.95,970.605,32.125,157.388,1.769
2010-10-31 10:45:06,,,,,,,139.0,,,34,65.614,92.3,1006.641,30.331,160.92,2.044
2010-10-31 11:00:06,,,,,,,139.0,,,34,65.867,88.95,805.469,30.944,114.413,2.713
2010-10-31 11:15:06,,,,,,,139.0,,,34,65.735,94.61,1005.957,30.631,125.955,1.831
2010-10-31 11:30:06,,,,,,,139.0,,,34,66.424,97.58,999.609,29.775,105.593,1.631
2010-10-31 11:45:06,,,,,,,139.0,,,34,67.153,100.27,996.191,28.594,120.24,2.119
2010-10-31 12:00:06,,,,,,,139.0,,,34,68.064,108.43,988.379,27.225,198.585,1.806
2010-10-31 12:15:06,,,,,,,139.0,,,34,68.854,106.34,974.609,26.838,189.113,1.406
2010-10-31 12:30:06,,,,,,,139.0,,,34,69.988,98.53,954.492,25.55,163.44,1.906
2010-10-31 12:45:06,,,,,,,139.0,,,34,70.636,108.44,928.516,24.362,203.22,1.637
2010-10-31 13:00:06,,,,,,,139.0,,,34,71.132,110.4,898.145,23.575,257.985,2.281
2010-10-31 13:15:06,,,,,,,139.0,,,34,71.871,101.9,863.379,23.506,171.675,2.563
2010-10-31 13:30:06,,,,,,,139.0,,,34,71.891,96.34,823.926,23.581,150.008,1.937
2010-10-31 13:45:06,,,,,,,139.0,,,34,71.507,94.68,778.5159999999998,23.438,127.035,2.069
2010-10-31 14:00:06,,,,,,,139.0,,,34,72.033,99.51,730.566,22.663,193.725,1.212
2010-10-31 14:15:06,,,,,,,139.0,,,34,72.387,93.27,677.344,22.894,149.783,1.894
2010-10-31 14:30:06,,,,,,,139.0,,,34,72.863,95.32,619.727,21.95,169.875,1.969
2010-10-31 14:45:06,,,,,,,139.0,,,34,72.54999999999998,93.52,559.961,22.156,164.587,1.344
2010-10-31 15:00:06,,,,,,,139.0,,,34,72.19499999999998,87.89,497.07,22.031,79.2,1.212
2010-10-31 15:15:06,,,,,,,139.0,,,34,71.821,84.34,430.273,23.006,163.935,1.425
2010-10-31 15:30:06,,,,,,,139.0,,,34,71.841,84.51999999999998,359.668,22.737,193.815,1.794
2010-10-31 15:45:06,,,,,,,139.0,,,34,71.122,83.33,286.133,23.025,230.22,1.256
2010-10-31 16:00:06,,,,,,,139.0,,,34,70.393,80.04,201.66,24.038,185.018,1.294
2010-10-31 16:15:06,,,,,,,139.0,,,34,69.553,75.23,144.531,24.675,194.445,0.888
2010-10-31 16:30:06,,,,,,,139.0,,,34,68.408,69.9,25.586,25.806,183.263,0.438
2010-10-31 16:45:06,,,,,,,139.0,,,34,67.315,64.83,11.328,27.15,214.088,0.25
2010-10-31 17:00:06,,,,,,,139.0,,,34,65.837,60.71,5.566,29.538,214.11,0.0
2010-10-31 17:15:06,,,,,,,139.0,,,34,63.964,56.71,0.391,32.244,214.11,0.1749999999999999
2010-10-31 17:30:06,,,,,,,139.0,,,34,63.397,53.98,0.098,32.838,214.133,0.331
2010-10-31 17:45:06,,,,,,,139.0,,,34,61.979,51.3,0.098,35.881,214.155,0.0
2010-10-31 18:00:06,,,,,,,139.0,,,34,60.926,49.01,0.195,37.45,214.155,0.0439999999999999
2010-10-31 18:15:06,,,,,,,139.0,,,34,60.4,47.66,0.195,39.306,214.223,0.638
2010-10-31 18:30:06,,,,,,,139.0,,,34,60.156,46.98,0.195,40.944,247.05,0.894
2010-10-31 18:45:06,,,,,,,139.0,,,34,59.519,46.61,0.195,42.906,254.52,0.6189999999999999
2010-10-04 06:00:00,6.0,43.0,285.0,10.0,43.0,390.0,0.0,53.0,761.0,34,67.133,62.26,25.098,65.831,317.34,0.7309999999999999
2010-10-04 06:15:00,10.0,83.0,285.0,22.0,83.0,375.0,0.0,57.0,-898.0,34,67.953,63.08,43.359,63.269,317.363,0.5
2010-10-04 06:30:00,20.0,172.0,284.0,46.0,176.0,383.0,0.0,58.0,977.0,34,68.986,65.4,140.234,58.313,333.833,1.406
2010-10-04 06:45:00,30.0,267.0,285.0,72.0,275.0,376.0,0.0,59.0,989.0,34,70.342,72.15999999999998,251.66,53.825,54.63,1.331
2010-10-04 07:00:00,13.0,106.0,284.0,28.0,108.0,377.0,0.0,59.0,929.0,34,71.648,77.42,245.801,51.169,212.13,1.931
2010-10-04 07:15:00,42.0,363.0,283.0,95.0,378.0,396.0,0.0,59.0,996.0,34,71.851,76.76999999999998,211.133,50.469,108.9,1.631
2010-10-04 07:30:00,50.0,432.0,284.0,114.0,452.0,391.0,0.0,60.0,-996.0,34,72.003,80.90999999999998,421.484,49.094,105.008,1.081
2010-10-04 07:45:00,61.0,530.0,285.0,150.0,549.0,363.0,0.0,59.0,-997.0,34,73.10599999999998,88.04999999999998,541.016,46.063,87.05299999999998,1.694
2010-10-04 08:00:00,65.0,565.0,285.0,160.0,589.0,365.0,0.0,59.0,-999.0,34,74.301,95.55,587.207,44.419,117.405,1.4
2010-10-04 08:15:00,73.0,627.0,285.0,183.0,656.0,356.0,0.0,60.0,-999.0,34,75.101,99.38,641.406,44.175,156.105,1.444
2010-10-04 08:30:00,77.0,658.0,284.0,191.0,688.0,358.0,0.0,60.0,997.0,34,75.84999999999998,100.69,696.875,44.138,116.707,1.825
2010-10-04 08:45:00,82.0,704.0,284.0,218.0,731.0,334.0,0.0,60.0,999.0,34,76.286,94.2,742.773,45.081,142.605,2.537
2010-10-04 09:00:00,87.0,749.0,284.0,222.0,781.0,350.0,0.0,61.0,1000.0,34,76.792,95.2,794.8239999999998,44.863,152.303,2.006
2010-10-04 09:15:00,91.0,783.0,285.0,240.0,818.0,338.0,0.0,60.0,999.0,34,77.379,102.43,841.895,44.231,124.155,1.55
2010-10-04 09:30:00,96.0,820.0,284.0,253.0,858.0,337.0,0.0,59.0,999.0,34,77.997,100.91,888.77,43.419,135.517,2.081
2010-10-04 09:45:00,101.0,860.0,284.0,264.0,899.0,338.0,0.0,59.0,-999.0,34,79.32299999999998,100.69,933.984,41.638,160.605,2.837
2010-10-04 10:00:00,102.0,868.0,283.0,285.0,905.0,316.0,0.0,60.0,-999.0,34,80.822,103.23,961.621,40.087,151.83,2.369
2010-10-04 10:15:00,30.0,263.0,284.0,83.0,270.0,324.0,0.0,59.0,989.0,34,81.38899999999998,101.87,1038.574,39.4,147.735,2.413
2010-10-04 10:30:00,21.0,183.0,283.0,53.0,187.0,349.0,0.0,59.0,978.0,34,82.796,103.17,580.859,36.525,198.81,2.975
2010-10-04 10:45:00,121.0,1039.0,284.0,313.0,1088.0,346.0,0.0,59.0,-1000.0,34,83.09,103.14,612.695,34.613,186.772,4.469
2010-10-04 11:00:00,53.0,457.0,284.0,139.0,475.0,338.0,0.0,60.0,999.0,34,84.58799999999998,108.79,1076.172,28.6,218.07,6.55
2010-10-04 11:15:00,89.0,766.0,286.0,248.0,797.0,320.0,0.0,60.0,-999.0,34,85.915,112.6,1096.973,24.975,214.583,7.5
2010-10-04 11:30:00,98.0,842.0,286.0,264.0,880.0,331.0,0.0,59.0,-999.0,34,87.73699999999998,111.31,914.355,23.719,187.515,6.275
2010-10-04 11:45:00,132.0,1134.0,285.0,350.0,1190.0,339.0,0.0,59.0,-999.0,34,86.623,100.63,852.051,35.219,156.307,3.287
2010-10-04 12:00:00,110.0,942.0,285.0,291.0,985.0,336.0,0.0,60.0,-999.0,34,86.846,108.18,1194.727,26.925,203.243,5.206
2010-10-04 12:15:00,117.0,997.0,284.0,310.0,1046.0,336.0,0.0,60.0,998.0,34,88.506,111.76,1173.047,16.675,212.4,8.55
2010-10-04 12:30:00,121.0,1032.0,284.0,317.0,1084.0,340.0,0.0,62.0,-999.0,34,88.638,110.09,932.8130000000002,17.45,219.195,8.15
2010-10-04 12:45:00,111.0,950.0,283.0,292.0,996.0,339.0,0.0,60.0,999.0,34,86.674,104.3,1076.465,31.037,183.082,7.256
2010-10-04 13:00:00,110.0,939.0,285.0,295.0,982.0,331.0,0.0,60.0,-1000.0,34,85.06399999999998,102.91,1021.387,31.019,149.22,5.394
2010-10-04 13:15:00,35.0,303.0,283.0,94.0,313.0,330.0,0.0,61.0,990.0,34,86.147,109.42,1017.773,27.781,207.045,3.837
2010-10-04 13:30:00,114.0,981.0,285.0,313.0,1027.0,327.0,0.0,61.0,-1000.0,34,87.73699999999998,107.4,1030.371,23.7,165.938,4.15
2010-10-04 13:45:00,46.0,392.0,283.0,118.0,407.0,342.0,0.0,60.0,-996.0,34,89.479,108.88,842.09,17.75,237.51,9.294
2010-10-04 14:00:00,44.0,383.0,284.0,109.0,398.0,361.0,0.0,60.0,-996.0,34,89.02299999999998,101.94,449.316,17.237,218.115,8.181
2010-10-04 14:15:00,112.0,954.0,284.0,282.0,1001.0,353.0,0.0,61.0,999.0,34,88.405,98.98,820.1169999999998,15.519,194.647,8.556
2010-10-04 14:30:00,105.0,897.0,285.0,276.0,941.0,339.0,0.0,59.0,-999.0,34,89.924,103.01,1006.348,14.263,188.348,8.513
2010-10-04 14:45:00,87.0,746.0,285.0,214.0,783.0,364.0,0.0,61.0,-999.0,34,89.418,101.9,653.125,16.094,197.685,10.431
2010-10-04 15:00:00,47.0,406.0,285.0,113.0,419.0,370.0,0.0,59.0,-999.0,34,87.342,94.21,272.266,19.919,189.45,9.731000000000002
2010-10-04 15:15:00,77.0,662.0,285.0,189.0,693.0,365.0,0.0,60.0,-999.0,34,86.512,93.21,671.875,18.262,193.185,10.763
2010-10-04 15:30:00,11.0,97.0,283.0,28.0,99.0,350.0,0.0,58.0,934.0,34,87.403,95.67,566.016,20.331,183.6,10.138
2010-10-04 15:45:00,7.0,54.0,285.0,14.0,54.0,378.0,0.0,58.0,833.0,34,85.358,89.31,100.391,22.594,180.202,8.994
2010-10-04 16:00:00,9.0,76.0,283.0,21.0,78.0,362.0,0.0,59.0,904.0,34,83.45399999999998,84.70999999999998,86.816,23.769,180.923,9.244
2010-10-04 16:15:00,4.0,32.0,284.0,8.0,32.0,372.0,0.0,58.0,705.0,34,83.069,83.93,54.785,25.025,167.603,7.631
2010-10-04 16:30:00,8.0,67.0,284.0,18.0,67.0,368.0,0.0,58.0,876.0,34,82.644,83.14,78.80899999999998,25.875,168.683,5.619
2010-10-04 16:45:00,3.0,9.0,283.0,3.0,9.0,307.0,0.0,58.0,279.0,34,82.968,83.61,35.84,23.581,167.625,7.006
2010-10-04 17:00:00,3.0,1.0,285.0,1.0,5.0,306.0,0.0,58.0,0.0,34,82.462,82.84999999999998,11.328,23.138,164.678,6.313
2010-10-04 17:15:00,0.0,-3.0,285.0,0.0,0.0,363.0,0.0,58.0,0.0,34,80.35599999999998,79.36,6.055,33.125,116.775,4.419
2010-10-04 17:30:00,3.0,-9.0,284.0,0.0,2.0,292.0,0.0,58.0,0.0,34,75.061,73.98,2.441,45.219,129.803,6.119
2010-10-04 17:45:00,0.0,-3.0,284.0,1.0,0.0,132.0,0.0,58.0,0.0,34,72.37699999999998,71.69,0.4879999999999999,50.081,127.957,5.906
2010-10-04 18:00:00,0.0,-2.0,284.0,1.0,0.0,9.0,0.0,58.0,0.0,34,71.142,70.58,0.195,51.775,101.43,4.938
2010-10-04 18:15:00,0.0,-2.0,284.0,1.0,0.0,3.0,0.0,57.0,0.0,34,70.454,69.37,0.0,54.05,103.275,5.506
2010-10-04 18:30:00,0.0,-2.0,284.0,1.0,0.0,3.0,0.0,56.0,0.0,34,69.229,67.9,0.195,57.6,109.013,6.313
2010-10-04 18:45:00,0.0,-3.0,285.0,1.0,0.0,3.0,0.0,56.0,0.0,34,68.044,67.26,0.195,60.575,111.915,7.325
2010-10-05 06:00:00,4.0,21.0,283.0,6.0,20.0,342.0,0.0,46.0,533.0,34,57.028,56.96,12.109,59.913,156.87,1.931
2010-10-05 06:15:00,8.0,60.0,283.0,15.0,60.0,386.0,0.0,55.0,848.0,34,57.058,56.99,19.043,60.819,171.023,1.75
2010-10-05 06:30:00,15.0,126.0,283.0,32.0,129.0,398.0,0.0,58.0,958.0,34,56.937,55.18,94.434,61.25,164.138,0.8559999999999999
2010-10-05 06:45:00,23.0,199.0,283.0,51.0,205.0,400.0,0.0,59.0,-979.0,34,57.413,59.01,218.945,59.531,186.3,1.156
2010-10-05 07:00:00,32.0,275.0,283.0,68.0,286.0,412.0,0.0,59.0,-990.0,34,58.425,64.48,292.773,56.856,220.41,0.662
2010-10-05 07:15:00,42.0,363.0,282.0,93.0,376.0,402.0,0.0,60.0,996.0,34,59.417,69.89,367.871,54.975,266.13,0.762
2010-10-05 07:30:00,52.0,445.0,282.0,117.0,461.0,393.0,0.0,61.0,-999.0,34,60.511,74.47,430.957,52.131,164.565,1.25
2010-10-05 07:45:00,61.0,522.0,282.0,141.0,544.0,383.0,0.0,59.0,-999.0,34,61.422,77.04,508.496,50.281,114.547,1.525
2010-10-05 08:00:00,70.0,595.0,282.0,162.0,621.0,380.0,0.0,59.0,-999.0,34,62.506,76.73999999999998,583.887,48.65,116.303,2.437
2010-10-05 08:15:00,77.0,654.0,282.0,181.0,685.0,377.0,0.0,60.0,-999.0,34,63.093,77.87,647.754,46.806,141.592,2.106
2010-10-05 08:30:00,84.0,716.0,282.0,200.0,750.0,372.0,0.0,60.0,999.0,34,64.115,80.79999999999998,711.621,44.337,146.363,3.144
2010-10-05 08:45:00,90.0,768.0,282.0,218.0,806.0,368.0,0.0,61.0,998.0,34,65.401,83.08,771.777,41.706,165.69,2.713
2010-10-05 09:00:00,95.0,811.0,284.0,229.0,849.0,368.0,0.0,59.0,999.0,34,66.242,85.54999999999998,828.9059999999998,40.494,152.145,2.737
2010-10-05 09:15:00,100.0,853.0,285.0,248.0,893.0,358.0,0.0,59.0,-999.0,34,66.707,84.72,879.883,39.9,163.867,2.681
2010-10-05 09:30:00,103.0,880.0,284.0,262.0,923.0,350.0,0.0,61.0,999.0,34,67.112,96.43,923.73,38.819,176.918,2.15
2010-10-05 09:45:00,106.0,911.0,284.0,271.0,954.0,350.0,0.0,60.0,-998.0,34,67.993,95.88,967.09,37.838,149.558,2.094
2010-10-05 10:00:00,108.0,932.0,285.0,282.0,976.0,344.0,0.0,61.0,999.0,34,68.398,97.77,1010.059,36.662,112.253,1.719
2010-10-05 10:15:00,111.0,953.0,285.0,292.0,997.0,339.0,0.0,60.0,999.0,34,69.563,102.94,1034.082,34.162,185.287,2.262
2010-10-05 10:30:00,112.0,963.0,284.0,295.0,1009.0,339.0,0.0,60.0,999.0,34,70.373,107.97,1063.77,32.631,190.8,1.969
2010-10-05 10:45:00,115.0,988.0,284.0,303.0,1034.0,339.0,0.0,58.0,-999.0,34,71.122,105.83,1074.805,30.719,194.108,3.106
2010-10-05 11:00:00,115.0,988.0,284.0,310.0,1034.0,331.0,0.0,59.0,-999.0,34,72.44799999999998,111.29,781.3479999999998,28.975,176.782,3.231
2010-10-05 11:15:00,116.0,992.0,284.0,315.0,1038.0,327.0,0.0,59.0,-999.0,34,73.653,103.53,928.027,28.312,141.255,2.194
2010-10-05 11:30:00,117.0,999.0,284.0,307.0,1047.0,338.0,0.0,59.0,999.0,34,73.268,98.43,1104.395,28.387,124.605,2.95
2010-10-05 11:45:00,115.0,981.0,284.0,304.0,1027.0,336.0,0.0,61.0,-999.0,34,73.10599999999998,98.47,1109.082,26.981,173.115,1.881
2010-10-05 12:00:00,115.0,978.0,282.0,304.0,1026.0,335.0,0.0,60.0,-999.0,34,74.18,102.37,1101.758,26.063,164.948,2.963
2010-10-05 12:15:00,114.0,970.0,284.0,301.0,1015.0,335.0,0.0,61.0,1000.0,34,74.807,108.43,1087.988,24.656,168.728,2.563
2010-10-05 12:30:00,110.0,939.0,284.0,308.0,981.0,317.0,0.0,59.0,-999.0,34,75.49599999999998,109.48,1072.07,23.131,223.043,2.294
2010-10-05 12:45:00,111.0,946.0,283.0,290.0,990.0,340.0,0.0,61.0,999.0,34,75.56699999999998,99.32,1051.172,23.431,119.475,3.369
2010-10-05 13:00:00,107.0,908.0,282.0,276.0,950.0,342.0,0.0,60.0,-999.0,34,75.506,91.81,1021.875,22.213,151.605,2.938
2010-10-05 13:15:00,104.0,885.0,283.0,274.0,927.0,336.0,0.0,60.0,-999.0,34,75.739,97.38,985.254,22.375,140.783,2.313
2010-10-05 13:30:00,101.0,862.0,283.0,266.0,901.0,337.0,0.0,60.0,999.0,34,76.367,93.68,948.047,22.594,138.51,3.325
2010-10-05 13:45:00,97.0,828.0,283.0,250.0,866.0,345.0,0.0,60.0,-999.0,34,76.22499999999998,93.85,907.617,21.981,111.33,4.294
2010-10-05 14:00:00,93.0,791.0,282.0,230.0,827.0,357.0,0.0,60.0,-999.0,34,76.286,91.34,857.6169999999998,21.781,117.023,4.094
2010-10-05 14:15:00,87.0,746.0,282.0,221.0,777.0,349.0,0.0,60.0,999.0,34,76.438,90.36,805.469,20.025,105.705,4.812
2010-10-05 14:30:00,81.0,688.0,282.0,204.0,719.0,351.0,0.0,59.0,999.0,34,76.397,87.70999999999998,750.7809999999998,18.625,122.827,4.344
2010-10-05 14:45:00,75.0,638.0,283.0,186.0,665.0,355.0,0.0,61.0,999.0,34,76.37699999999998,89.14,694.531,16.75,112.455,4.625
2010-10-05 15:00:00,70.0,598.0,283.0,166.0,623.0,374.0,0.0,60.0,999.0,34,76.468,84.23999999999998,509.375,16.513,135.967,3.55
2010-10-05 15:15:00,17.0,145.0,282.0,40.0,148.0,366.0,0.0,59.0,-964.0,34,76.043,82.2,480.273,16.137,120.015,3.113
2010-10-05 15:30:00,15.0,126.0,282.0,35.0,129.0,368.0,0.0,60.0,-958.0,34,75.405,80.22,163.574,16.363,95.603,4.375
2010-10-05 15:45:00,6.0,47.0,283.0,12.0,48.0,385.0,0.0,59.0,813.0,34,74.372,76.33,78.906,18.05,110.16,4.037
2010-10-05 16:00:00,10.0,78.0,283.0,21.0,81.0,370.0,0.0,59.0,-892.0,34,74.03799999999998,75.47,183.691,19.869,160.515,4.163
2010-10-05 16:15:00,5.0,33.0,284.0,9.0,33.0,365.0,0.0,59.0,714.0,34,73.896,75.73,184.082,19.531,156.623,3.669
2010-10-05 16:30:00,4.0,27.0,284.0,7.0,27.0,370.0,0.0,58.0,625.0,34,73.441,74.61,29.98,19.756,159.232,4.087
2010-10-05 16:45:00,3.0,16.0,285.0,4.0,14.0,368.0,0.0,59.0,428.0,34,72.367,73.19,24.609,20.531,164.183,3.719
2010-10-05 17:00:00,3.0,5.0,283.0,2.0,6.0,304.0,0.0,59.0,0.0,34,71.8,72.64,16.016,20.787,161.438,3.994
2010-10-05 17:15:00,3.0,-3.0,284.0,1.0,4.0,297.0,0.0,58.0,0.0,34,70.899,70.72,8.788999999999998,21.356,172.44,4.063
2010-10-05 17:30:00,0.0,-2.0,282.0,0.0,0.0,329.0,0.0,58.0,0.0,34,69.765,68.06,0.0,22.088,163.372,3.7
2010-10-05 17:45:00,0.0,-2.0,283.0,0.0,0.0,105.0,0.0,58.0,0.0,34,69.289,68.8,0.2929999999999999,22.3,164.318,4.631
2010-10-05 18:00:00,0.0,-3.0,285.0,0.0,0.0,8.0,0.0,57.0,0.0,34,69.087,68.84,0.195,23.069,164.745,3.694
2010-10-05 18:15:00,0.0,-3.0,285.0,0.0,0.0,3.0,0.0,57.0,0.0,34,68.469,67.71,0.195,24.569,162.45,3.269
2010-10-05 18:30:00,0.0,-2.0,285.0,1.0,0.0,3.0,0.0,56.0,0.0,34,68.206,67.42,0.195,25.569,160.875,1.944
2010-10-05 18:45:00,0.0,-3.0,285.0,1.0,0.0,3.0,0.0,56.0,0.0,34,67.517,65.73,0.195,26.494,130.612,1.656
2010-10-06 06:00:00,5.0,32.0,283.0,10.0,32.0,316.0,0.0,46.0,-666.0,34,50.234,37.61,19.238,51.138,203.31,0.4249999999999999
2010-10-06 06:15:00,10.0,83.0,282.0,25.0,85.0,343.0,0.0,55.0,-911.0,34,51.155,40.33,40.039,51.294,276.975,2.137
2010-10-06 06:30:00,17.0,144.0,282.0,35.0,148.0,419.0,0.0,59.0,972.0,34,54.071,46.66,119.336,46.556,332.213,1.512
2010-10-06 06:45:00,23.0,202.0,282.0,51.0,207.0,404.0,0.0,59.0,986.0,34,55.843,52.15,151.367,43.656,326.34,1.131
2010-10-06 07:00:00,27.0,236.0,282.0,59.0,243.0,408.0,0.0,58.0,-994.0,34,57.058,57.81,228.223,41.65,315.878,1.481
2010-10-06 07:15:00,44.0,375.0,282.0,95.0,390.0,409.0,0.0,59.0,996.0,34,58.415,63.71,289.941,37.769,159.885,1.663
2010-10-06 07:30:00,53.0,452.0,282.0,119.0,469.0,392.0,0.0,60.0,-996.0,34,59.924,69.46,453.125,33.219,109.778,1.55
2010-10-06 07:45:00,60.0,517.0,284.0,139.0,538.0,384.0,0.0,60.0,-999.0,34,61.28,76.68,503.32,31.606,74.22799999999998,1.256
2010-10-06 08:00:00,67.0,575.0,284.0,154.0,600.0,386.0,0.0,60.0,-999.0,34,62.151,84.58,577.734,29.419,272.678,1.175
2010-10-06 08:15:00,75.0,642.0,283.0,176.0,670.0,379.0,0.0,59.0,-999.0,34,62.87,92.91,641.309,28.188,292.342,1.188
2010-10-06 08:30:00,81.0,691.0,283.0,194.0,722.0,370.0,0.0,60.0,1000.0,34,64.085,94.49,706.445,25.769,112.703,1.531
2010-10-06 08:45:00,87.0,741.0,284.0,214.0,774.0,359.0,0.0,60.0,-999.0,34,64.804,99.79,760.1559999999998,25.763,237.465,1.094
2010-10-06 09:00:00,92.0,789.0,283.0,232.0,826.0,355.0,0.0,61.0,999.0,34,65.766,103.93,816.3089999999999,25.938,196.65,1.863
2010-10-06 09:15:00,98.0,831.0,283.0,247.0,870.0,350.0,0.0,61.0,999.0,34,66.758,99.89,868.75,25.444,145.598,1.744
2010-10-06 09:30:00,102.0,870.0,283.0,262.0,914.0,346.0,0.0,60.0,999.0,34,67.497,106.38,921.973,24.731,204.863,1.794
2010-10-06 09:45:00,103.0,885.0,285.0,257.0,927.0,358.0,0.0,60.0,999.0,34,68.338,99.22,962.598,24.019,164.768,2.256
2010-10-06 10:00:00,108.0,924.0,285.0,281.0,968.0,342.0,0.0,60.0,999.0,34,68.824,100.05,996.875,23.556,120.78,2.025
2010-10-06 10:15:00,109.0,931.0,285.0,274.0,973.0,353.0,0.0,62.0,-999.0,34,69.755,95.8,1025.879,22.044,153.945,2.287
2010-10-06 10:30:00,111.0,955.0,285.0,288.0,999.0,345.0,0.0,59.0,999.0,34,70.474,100.28,1052.441,21.419,148.905,2.275
2010-10-06 10:45:00,115.0,984.0,285.0,305.0,1031.0,336.0,0.0,59.0,-999.0,34,71.183,99.28,1074.707,20.188,170.505,2.906
2010-10-06 11:00:00,116.0,992.0,286.0,304.0,1039.0,340.0,0.0,61.0,-999.0,34,73.147,100.14,1092.188,18.512,174.758,3.963
2010-10-06 11:15:00,115.0,990.0,286.0,313.0,1038.0,329.0,0.0,59.0,999.0,34,73.187,90.2,1097.07,19.313,164.092,2.906
2010-10-06 11:30:00,118.0,1011.0,286.0,314.0,1058.0,336.0,0.0,60.0,-999.0,34,73.37,90.81,1096.289,19.531,146.093,3.781
2010-10-06 11:45:00,121.0,1043.0,286.0,320.0,1093.0,340.0,0.0,60.0,-1000.0,34,73.70399999999998,91.57,1123.828,19.275,136.193,3.006
2010-10-06 12:00:00,141.0,1205.0,285.0,356.0,1269.0,354.0,0.0,60.0,-999.0,34,73.825,92.66,566.309,19.469,168.795,2.688
2010-10-06 12:15:00,124.0,1063.0,285.0,321.0,1115.0,345.0,0.0,60.0,999.0,34,73.744,88.34999999999998,1034.473,19.4,181.823,3.481
2010-10-06 12:30:00,81.0,695.0,284.0,205.0,726.0,351.0,0.0,60.0,-999.0,34,75.263,90.83,1037.891,18.175,135.158,3.45
2010-10-06 12:45:00,41.0,351.0,284.0,102.0,364.0,355.0,0.0,60.0,-996.0,34,76.15399999999998,87.34,935.645,16.769,157.995,4.694
2010-10-06 13:00:00,88.0,750.0,283.0,224.0,785.0,348.0,0.0,59.0,999.0,34,76.67,94.62,865.7229999999998,16.137,176.782,2.813
2010-10-06 13:15:00,76.0,641.0,282.0,189.0,669.0,352.0,0.0,60.0,999.0,34,77.318,89.45,845.898,16.213,175.005,3.6
2010-10-06 13:30:00,97.0,828.0,283.0,243.0,869.0,355.0,0.0,61.0,999.0,34,76.873,89.9,732.813,16.137,137.363,2.9
2010-10-06 13:45:00,105.0,895.0,283.0,265.0,939.0,352.0,0.0,61.0,999.0,34,77.79399999999998,89.83,770.4099999999999,16.0,149.423,2.663
2010-10-06 14:00:00,71.0,602.0,282.0,176.0,629.0,354.0,0.0,59.0,999.0,34,77.693,90.83,809.863,16.025,115.335,2.725
2010-10-06 14:15:00,24.0,207.0,282.0,58.0,213.0,362.0,0.0,59.0,-987.0,34,77.855,90.15,524.316,15.956,129.083,2.525
2010-10-06 14:30:00,24.0,205.0,282.0,57.0,211.0,366.0,0.0,59.0,-986.0,34,77.187,85.26,570.898,16.763,112.32,2.813
2010-10-06 14:45:00,59.0,506.0,283.0,147.0,526.0,355.0,0.0,59.0,997.0,34,77.197,84.03,666.113,17.056,161.325,3.375
2010-10-06 15:00:00,18.0,156.0,282.0,43.0,160.0,366.0,0.0,59.0,-974.0,34,77.23699999999998,83.76,338.086,17.031,160.313,4.013
2010-10-06 15:15:00,13.0,114.0,282.0,31.0,117.0,374.0,0.0,59.0,954.0,34,75.992,79.17,141.992,17.5,170.1,3.225
2010-10-06 15:30:00,10.0,81.0,281.0,21.0,81.0,375.0,0.0,59.0,922.0,34,74.71599999999998,76.22,103.711,18.606,191.543,4.225
2010-10-06 15:45:00,7.0,54.0,282.0,13.0,54.0,388.0,0.0,58.0,-869.0,34,74.03799999999998,74.76,96.973,20.506,173.205,3.363
2010-10-06 16:00:00,6.0,40.0,282.0,11.0,41.0,355.0,0.0,58.0,-769.0,34,73.10599999999998,73.61,42.285,20.406,158.22,4.275
2010-10-06 16:15:00,6.0,40.0,283.0,11.0,41.0,350.0,0.0,58.0,-769.0,34,72.205,72.56999999999998,37.695,19.506,167.4,4.431
2010-10-06 16:30:00,5.0,31.0,283.0,9.0,32.0,354.0,0.0,58.0,-676.0,34,72.084,73.04,36.914,18.588,164.295,5.569
2010-10-06 16:45:00,3.0,14.0,283.0,4.0,16.0,356.0,0.0,58.0,-407.0,34,71.507,71.75,24.609,18.938,169.448,6.138
2010-10-06 17:00:00,2.0,4.0,283.0,1.0,5.0,304.0,0.0,58.0,0.0,34,70.98,71.72,14.746,18.313,161.775,5.875
2010-10-06 17:15:00,3.0,-5.0,283.0,0.0,2.0,296.0,0.0,58.0,0.0,34,70.231,70.91,6.836,18.213,166.522,4.7
2010-10-06 17:30:00,3.0,-9.0,282.0,0.0,2.0,292.0,0.0,58.0,0.0,34,69.775,70.34,2.246,19.15,158.49,4.213
2010-10-06 17:45:00,0.0,-2.0,284.0,1.0,0.0,85.0,0.0,58.0,0.0,34,69.492,70.18,0.0,19.556,160.155,5.225
2010-10-06 18:00:00,0.0,-2.0,284.0,1.0,0.0,7.0,0.0,57.0,0.0,34,68.975,69.23,0.195,20.35,163.215,4.163
2010-10-06 18:15:00,0.0,-2.0,285.0,1.0,0.0,4.0,0.0,56.0,0.0,34,68.287,67.91,0.098,21.081,169.538,4.762
2010-10-06 18:30:00,0.0,-3.0,285.0,0.0,0.0,3.0,0.0,56.0,0.0,34,67.851,66.99,0.195,22.819,171.81,5.288
2010-10-06 18:45:00,0.0,-3.0,285.0,0.0,0.0,3.0,0.0,55.0,0.0,34,67.335,65.97,0.195,23.756,174.128,4.337
2010-10-07 06:00:00,4.0,22.0,283.0,6.0,21.0,369.0,0.0,46.0,-566.0,34,56.319,54.38,14.453,48.444,84.89199999999998,0.456
2010-10-07 06:15:00,4.0,28.0,284.0,7.0,27.0,394.0,0.0,54.0,636.0,34,56.42,55.04,28.809,48.213,106.695,0.956
2010-10-07 06:30:00,7.0,56.0,283.0,14.0,56.0,389.0,0.0,57.0,823.0,34,57.119,56.95,40.82,46.3,92.97,0.819
2010-10-07 06:45:00,10.0,79.0,282.0,20.0,81.0,393.0,0.0,58.0,-893.0,34,57.726,58.62,62.793,45.644,119.723,0.7439999999999999
2010-10-07 07:00:00,9.0,74.0,283.0,19.0,75.0,380.0,0.0,58.0,872.0,34,57.949,59.24,78.31999999999998,45.35,95.693,0.525
2010-10-07 07:15:00,15.0,132.0,282.0,35.0,135.0,376.0,0.0,58.0,960.0,34,58.101,59.45,67.09,44.363,68.917,1.706
2010-10-07 07:30:00,64.0,546.0,282.0,140.0,572.0,406.0,0.0,58.0,-997.0,34,58.344,61.61,275.684,44.488,92.61,1.338
2010-10-07 07:45:00,67.0,576.0,284.0,152.0,602.0,392.0,0.0,59.0,-999.0,34,59.883,67.75,477.246,41.856,131.22,1.475
2010-10-07 08:00:00,69.0,588.0,283.0,160.0,614.0,382.0,0.0,59.0,999.0,34,61.432,74.65999999999998,562.793,38.844,113.445,1.744
2010-10-07 08:15:00,84.0,720.0,285.0,198.0,754.0,379.0,0.0,60.0,999.0,34,62.232,77.5,642.09,38.075,110.228,3.013
2010-10-07 08:30:00,54.0,469.0,283.0,127.0,486.0,381.0,0.0,60.0,999.0,34,62.556,75.93,403.32,39.863,119.857,2.913
2010-10-07 08:45:00,64.0,549.0,284.0,149.0,573.0,382.0,0.0,59.0,997.0,34,62.647,75.31,521.191,40.05,163.193,2.425
2010-10-07 09:00:00,96.0,822.0,283.0,237.0,860.0,360.0,0.0,61.0,999.0,34,63.66,84.78,687.793,39.412,181.665,2.369
2010-10-07 09:15:00,99.0,849.0,283.0,245.0,889.0,361.0,0.0,61.0,-1000.0,34,64.601,95.48,862.793,37.488,197.505,3.463
2010-10-07 09:30:00,105.0,892.0,283.0,257.0,936.0,361.0,0.0,59.0,999.0,34,66.535,83.89,909.473,35.469,158.827,4.188
2010-10-07 09:45:00,110.0,942.0,283.0,276.0,989.0,357.0,0.0,61.0,1000.0,34,67.295,83.26999999999998,954.395,34.288,155.25,4.1
2010-10-07 10:00:00,75.0,639.0,282.0,190.0,666.0,348.0,0.0,58.0,-999.0,34,68.661,94.16,999.512,31.813,175.455,2.95
2010-10-07 10:15:00,117.0,997.0,283.0,302.0,1047.0,345.0,0.0,61.0,-999.0,34,69.816,102.4,976.172,30.719,208.373,4.063
2010-10-07 10:30:00,110.0,938.0,283.0,277.0,984.0,353.0,0.0,58.0,-999.0,34,70.646,93.81,897.5589999999999,28.563,156.173,3.456
2010-10-07 10:45:00,124.0,1058.0,283.0,316.0,1112.0,350.0,0.0,60.0,-999.0,34,72.307,93.25,1105.273,24.775,168.885,6.125
2010-10-07 11:00:00,121.0,1035.0,284.0,307.0,1086.0,352.0,0.0,60.0,-999.0,34,72.742,99.11,1099.121,24.244,192.6,4.513
2010-10-07 11:15:00,123.0,1055.0,283.0,317.0,1107.0,347.0,0.0,61.0,-1000.0,34,73.248,99.16,1124.121,23.956,166.522,5.469
2010-10-07 11:30:00,109.0,934.0,284.0,276.0,980.0,353.0,0.0,60.0,-999.0,34,73.805,95.85,931.836,24.375,174.24,4.688
2010-10-07 11:45:00,126.0,1080.0,284.0,327.0,1134.0,344.0,0.0,59.0,999.0,34,73.947,96.01,1012.109,24.275,173.408,5.112
2010-10-07 12:00:00,125.0,1063.0,284.0,314.0,1117.0,354.0,0.0,59.0,-999.0,34,74.494,91.25,809.082,23.762,166.343,4.175
2010-10-07 12:15:00,117.0,996.0,283.0,307.0,1043.0,338.0,0.0,60.0,999.0,34,74.757,93.45,1102.832,22.475,172.642,4.812
2010-10-07 12:30:00,115.0,980.0,283.0,304.0,1028.0,336.0,0.0,59.0,-999.0,34,75.557,98.42,1060.254,21.688,182.88,4.256
2010-10-07 12:45:00,112.0,966.0,286.0,294.0,1011.0,342.0,0.0,60.0,999.0,34,76.18399999999998,103.51,1057.227,20.838,208.17,3.3
2010-10-07 13:00:00,108.0,922.0,284.0,291.0,965.0,330.0,0.0,60.0,999.0,34,76.265,107.34,1037.891,21.206,178.875,3.6
2010-10-07 13:15:00,105.0,904.0,285.0,277.0,946.0,339.0,0.0,60.0,999.0,34,76.346,99.61,1004.688,21.375,185.513,2.563
2010-10-07 13:30:00,102.0,873.0,285.0,267.0,914.0,340.0,0.0,60.0,999.0,34,76.873,91.48,974.316,20.506,147.24,3.881
2010-10-07 13:45:00,98.0,837.0,285.0,251.0,876.0,347.0,0.0,59.0,-999.0,34,76.50799999999998,96.22,885.1559999999998,20.088,187.898,4.313
2010-10-07 14:00:00,32.0,274.0,283.0,77.0,282.0,362.0,0.0,58.0,994.0,34,76.873,98.1,769.238,19.5,208.642,3.363
2010-10-07 14:15:00,85.0,730.0,284.0,212.0,764.0,357.0,0.0,60.0,999.0,34,75.44499999999998,90.51,536.328,20.706,150.255,3.131
2010-10-07 14:30:00,78.0,668.0,285.0,194.0,699.0,358.0,0.0,59.0,999.0,34,75.27299999999998,94.83,735.645,20.306,199.89,2.625
2010-10-07 14:45:00,71.0,611.0,285.0,177.0,637.0,358.0,0.0,60.0,-997.0,34,75.81999999999998,94.47,675.488,20.244,160.178,1.494
2010-10-07 15:00:00,63.0,544.0,285.0,156.0,567.0,360.0,0.0,60.0,997.0,34,76.64,98.24,575.879,19.656,261.473,2.15
2010-10-07 15:15:00,47.0,402.0,283.0,113.0,415.0,366.0,0.0,60.0,999.0,34,76.59999999999998,95.32,522.07,19.85,139.478,1.4
2010-10-07 15:30:00,47.0,402.0,283.0,114.0,415.0,362.0,0.0,60.0,996.0,34,76.15399999999998,87.19,399.609,20.369,187.2,2.537
2010-10-07 15:45:00,37.0,321.0,283.0,88.0,332.0,371.0,0.0,60.0,995.0,34,75.415,84.78,405.273,20.575,249.885,1.719
2010-10-07 16:00:00,27.0,236.0,283.0,66.0,245.0,371.0,0.0,60.0,988.0,34,75.263,85.76,330.078,20.537,280.845,1.863
2010-10-07 16:15:00,17.0,151.0,283.0,43.0,153.0,358.0,0.0,58.0,973.0,34,74.655,83.56999999999998,254.59,21.175,270.967,1.35
2010-10-07 16:30:00,11.0,87.0,283.0,23.0,87.0,369.0,0.0,59.0,915.0,34,73.83499999999998,78.89,160.449,21.95,205.38,3.631
2010-10-07 16:45:00,4.0,17.0,283.0,4.0,17.0,364.0,0.0,58.0,448.0,34,72.357,73.81999999999998,63.77,23.006,231.795,2.537
2010-10-07 17:00:00,3.0,6.0,284.0,2.0,8.0,305.0,0.0,58.0,-192.0,34,71.102,69.82,17.871,24.175,269.213,3.163
2010-10-07 17:15:00,3.0,-3.0,285.0,1.0,5.0,297.0,0.0,58.0,-79.0,34,70.119,67.03,9.473,25.063,291.353,2.0
2010-10-07 17:30:00,0.0,-2.0,283.0,1.0,0.0,322.0,0.0,58.0,0.0,34,69.239,65.13,2.93,26.038,266.513,2.525
2010-10-07 17:45:00,0.0,-2.0,284.0,0.0,0.0,80.0,0.0,58.0,0.0,34,68.631,64.69,0.2929999999999999,26.825,270.945,2.563
2010-10-07 18:00:00,0.0,-3.0,283.0,1.0,0.0,7.0,0.0,57.0,0.0,34,67.933,62.87,0.2929999999999999,27.887,300.51,1.756
2010-10-07 18:15:00,0.0,-3.0,285.0,1.0,0.0,4.0,0.0,57.0,0.0,34,67.335,61.33,0.195,28.531,301.23,1.75
2010-10-07 18:30:00,0.0,-2.0,285.0,1.0,0.0,4.0,0.0,56.0,0.0,34,66.576,59.82,0.195,30.012,316.193,0.65
2010-10-07 18:45:00,0.0,-2.0,285.0,1.0,0.0,5.0,0.0,56.0,0.0,34,65.999,62.04,0.098,31.306,138.353,0.919
2010-10-08 06:00:00,3.0,16.0,284.0,4.0,14.0,349.0,0.0,44.0,-428.0,34,58.051,57.11,11.035,36.8,287.865,4.225
2010-10-08 06:15:00,6.0,47.0,286.0,11.0,48.0,413.0,0.0,53.0,813.0,34,57.838,55.83,17.676,37.838,306.653,2.037
2010-10-08 06:30:00,14.0,116.0,286.0,30.0,118.0,390.0,0.0,58.0,944.0,34,57.656,55.11,69.629,38.831,261.45,2.056
2010-10-08 06:45:00,19.0,163.0,284.0,52.0,168.0,318.0,0.0,59.0,-967.0,34,58.688,60.5,214.844,37.25,262.193,4.075
2010-10-08 07:00:00,27.0,241.0,285.0,74.0,248.0,333.0,0.0,60.0,988.0,34,60.126,65.03,289.258,35.65,289.35,5.025
2010-10-08 07:15:00,41.0,355.0,283.0,92.0,367.0,395.0,0.0,60.0,996.0,34,61.523,68.56,364.258,34.588,248.107,4.125
2010-10-08 07:30:00,50.0,430.0,283.0,112.0,450.0,400.0,0.0,60.0,-996.0,34,62.789,72.48999999999998,427.93,33.225,242.663,4.825
2010-10-08 07:45:00,60.0,511.0,283.0,138.0,530.0,381.0,0.0,59.0,999.0,34,63.72,76.37,494.238,31.969,237.938,4.525
2010-10-08 08:00:00,68.0,583.0,283.0,159.0,607.0,379.0,0.0,59.0,999.0,34,64.571,81.09999999999998,572.852,31.269,213.75,4.1
2010-10-08 08:15:00,76.0,649.0,283.0,178.0,677.0,378.0,0.0,60.0,999.0,34,65.999,84.4,637.109,29.819,248.355,5.475
2010-10-08 08:30:00,82.0,703.0,285.0,197.0,737.0,372.0,0.0,60.0,-999.0,34,67.001,87.34,700.781,29.0,119.79,3.787
2010-10-08 08:45:00,87.0,750.0,284.0,217.0,785.0,360.0,0.0,60.0,-998.0,34,67.406,93.35,759.277,28.669,134.28,2.819
2010-10-08 09:00:00,92.0,789.0,285.0,235.0,824.0,349.0,0.0,59.0,999.0,34,68.084,99.84,814.746,28.063,181.575,2.456
2010-10-08 09:15:00,96.0,828.0,286.0,245.0,868.0,352.0,0.0,61.0,999.0,34,69.411,103.96,866.211,27.113,166.388,1.894
2010-10-08 09:30:00,99.0,857.0,286.0,252.0,896.0,354.0,0.0,59.0,-998.0,34,70.423,102.73,913.477,26.075,151.56,2.963
2010-10-08 09:45:00,102.0,878.0,286.0,261.0,918.0,349.0,0.0,59.0,999.0,34,71.426,109.12,951.367,25.688,150.03,1.2
2010-10-08 10:00:00,106.0,904.0,285.0,278.0,945.0,337.0,0.0,60.0,999.0,34,72.34699999999998,114.53,987.305,24.425,256.32,2.644
2010-10-08 10:15:00,108.0,928.0,285.0,284.0,972.0,340.0,0.0,62.0,-999.0,34,72.732,111.2,1017.09,24.506,166.815,2.356
2010-10-08 10:30:00,110.0,946.0,285.0,299.0,989.0,328.0,0.0,60.0,-999.0,34,73.43,100.94,1042.773,24.156,116.775,2.987
2010-10-08 10:45:00,112.0,961.0,285.0,299.0,1004.0,334.0,0.0,59.0,-1000.0,34,73.825,99.31,1063.477,23.413,103.185,2.569
2010-10-08 11:00:00,114.0,972.0,284.0,297.0,1016.0,340.0,0.0,59.0,-1000.0,34,74.342,97.22,1079.59,22.8,114.39,2.669
2010-10-08 11:15:00,114.0,972.0,284.0,305.0,1017.0,332.0,0.0,60.0,999.0,34,75.0,103.11,1090.625,22.069,171.157,2.413
2010-10-08 11:30:00,114.0,969.0,283.0,304.0,1013.0,331.0,0.0,59.0,998.0,34,75.516,103.81,1095.898,21.188,98.977,2.344
2010-10-08 11:45:00,112.0,961.0,284.0,314.0,1005.0,319.0,0.0,59.0,999.0,34,75.77899999999998,108.76,1096.68,20.438,147.33,2.075
2010-10-08 12:00:00,111.0,955.0,284.0,299.0,999.0,331.0,0.0,61.0,-1000.0,34,77.10599999999998,110.93,1087.793,19.531,200.408,2.019
2010-10-08 12:15:00,110.0,942.0,284.0,293.0,985.0,334.0,0.0,59.0,999.0,34,77.491,102.42,1074.609,19.525,120.87,2.6
2010-10-08 12:30:00,106.0,909.0,285.0,278.0,950.0,340.0,0.0,61.0,999.0,34,77.683,111.49,1058.398,18.925,216.495,1.906
2010-10-08 12:45:00,105.0,903.0,287.0,285.0,943.0,330.0,0.0,59.0,999.0,34,79.03,115.64,1037.891,18.463,185.625,2.025
2010-10-08 13:00:00,101.0,873.0,287.0,283.0,911.0,320.0,0.0,59.0,-998.0,34,79.364,100.99,1006.152,18.5,161.123,2.137
2010-10-08 13:15:00,99.0,857.0,286.0,263.0,897.0,339.0,0.0,60.0,999.0,34,79.495,102.55,971.094,18.006,145.373,3.55
2010-10-08 13:30:00,95.0,820.0,286.0,254.0,858.0,336.0,0.0,61.0,999.0,34,79.43399999999998,105.64,934.277,17.9,173.7,2.131
2010-10-08 13:45:00,91.0,785.0,286.0,235.0,820.0,346.0,0.0,60.0,999.0,34,80.65999999999998,112.26,891.113,16.981,244.823,3.225
2010-10-08 14:00:00,87.0,747.0,286.0,225.0,781.0,345.0,0.0,59.0,-998.0,34,80.852,112.55,843.652,17.019,261.585,3.031
2010-10-08 14:15:00,80.0,691.0,286.0,215.0,719.0,333.0,0.0,59.0,-998.0,34,81.125,112.81,791.895,16.875,263.588,2.394
2010-10-08 14:30:00,74.0,638.0,286.0,197.0,664.0,335.0,0.0,61.0,-999.0,34,81.682,110.54,734.375,16.644,254.25,1.95
2010-10-08 14:45:00,68.0,588.0,286.0,171.0,611.0,354.0,0.0,60.0,-999.0,34,81.33799999999998,103.45,672.461,16.781,207.45,2.494
2010-10-08 15:00:00,61.0,526.0,286.0,150.0,549.0,363.0,0.0,61.0,999.0,34,80.974,100.27,606.934,16.944,171.99,2.669
2010-10-08 15:15:00,53.0,461.0,286.0,134.0,479.0,354.0,0.0,59.0,996.0,34,80.406,94.3,539.746,17.487,130.253,2.719
2010-10-08 15:30:00,44.0,386.0,286.0,113.0,399.0,351.0,0.0,60.0,-996.0,34,80.194,92.91,471.484,17.431,97.02,2.213
2010-10-08 15:45:00,35.0,310.0,286.0,89.0,319.0,356.0,0.0,60.0,-995.0,34,79.748,91.08,400.391,17.544,207.292,1.956
2010-10-08 16:00:00,26.0,228.0,286.0,66.0,234.0,354.0,0.0,59.0,988.0,34,79.688,90.61,327.148,17.5,238.118,1.525
2010-10-08 16:15:00,16.0,141.0,285.0,39.0,144.0,361.0,0.0,59.0,-963.0,34,79.343,87.06999999999998,255.762,17.987,144.518,1.631
2010-10-08 16:30:00,10.0,81.0,282.0,22.0,82.0,366.0,0.0,59.0,-922.0,34,78.402,82.04,184.961,18.7,96.84,2.35
2010-10-08 16:45:00,5.0,35.0,284.0,9.0,36.0,357.0,0.0,58.0,702.0,34,77.349,78.81999999999998,73.242,19.431,139.545,1.363
2010-10-08 17:00:00,3.0,5.0,284.0,2.0,6.0,306.0,0.0,58.0,159.0,34,76.113,74.84999999999998,17.188,20.35,84.51,1.613
2010-10-08 17:15:00,3.0,-5.0,286.0,1.0,5.0,298.0,0.0,58.0,-119.0,34,75.162,72.62,7.129,21.131,76.16299999999998,1.575
2010-10-08 17:30:00,2.0,-9.0,281.0,0.0,2.0,292.0,0.0,59.0,0.0,34,74.22,70.61,1.953,22.113,69.413,0.8379999999999999
2010-10-08 17:45:00,0.0,-2.0,282.0,1.0,0.0,57.0,0.0,58.0,0.0,34,73.349,67.35,0.2929999999999999,22.931,79.01999999999998,1.081
2010-10-08 18:00:00,0.0,-3.0,284.0,1.0,0.0,6.0,0.0,57.0,0.0,34,72.408,64.72,0.195,24.031,69.457,0.788
2010-10-08 18:15:00,0.0,-2.0,284.0,1.0,0.0,3.0,0.0,56.0,0.0,34,71.314,62.27,0.195,25.581,90.765,0.4689999999999999
2010-10-08 18:30:00,0.0,-2.0,284.0,1.0,0.0,2.0,0.0,56.0,0.0,34,69.917,60.55,0.2929999999999999,27.563,91.462,0.2379999999999999
2010-10-08 18:45:00,0.0,-2.0,285.0,1.0,0.0,2.0,0.0,55.0,0.0,34,68.52,58.04,0.195,29.294,99.99,0.4119999999999999
2010-10-09 06:00:00,3.0,14.0,284.0,4.0,13.0,337.0,0.0,44.0,407.0,34,53.818,43.59,9.863,56.9,241.83,0.631
2010-10-09 06:15:00,7.0,49.0,283.0,13.0,51.0,372.0,0.0,53.0,804.0,34,54.082,44.24,15.332,55.4,278.978,1.569
2010-10-09 06:30:00,13.0,113.0,284.0,29.0,114.0,391.0,0.0,59.0,943.0,34,56.603,47.63,59.082,46.094,300.847,1.712
2010-10-09 06:45:00,21.0,182.0,284.0,47.0,186.0,387.0,0.0,58.0,-978.0,34,58.901,56.11,211.816,41.075,291.555,2.031
2010-10-09 07:00:00,30.0,265.0,284.0,68.0,274.0,400.0,0.0,59.0,-989.0,34,60.835,64.27,281.738,38.463,312.503,2.481
2010-10-09 07:15:00,40.0,346.0,283.0,88.0,359.0,402.0,0.0,59.0,999.0,34,62.354,70.72,359.473,37.45,293.378,1.813
2010-10-09 07:30:00,49.0,425.0,283.0,111.0,442.0,394.0,0.0,59.0,999.0,34,63.457,76.65,426.465,35.975,272.61,1.319
2010-10-09 07:45:00,58.0,500.0,282.0,135.0,521.0,381.0,0.0,59.0,997.0,34,64.733,83.03,491.113,33.581,274.253,1.813
2010-10-09 08:00:00,66.0,567.0,283.0,157.0,591.0,375.0,0.0,60.0,-999.0,34,65.786,91.42,572.363,32.356,300.375,1.169
2010-10-09 08:15:00,73.0,626.0,284.0,175.0,654.0,371.0,0.0,61.0,999.0,34,66.728,98.15,636.621,32.431,184.792,1.088
2010-10-09 08:30:00,80.0,681.0,283.0,198.0,712.0,357.0,0.0,61.0,-999.0,34,68.186,99.41,700.293,31.194,139.905,1.469
2010-10-09 08:45:00,84.0,725.0,284.0,216.0,756.0,348.0,0.0,60.0,999.0,34,69.492,99.7,756.3479999999998,29.412,178.448,1.075
2010-10-09 09:00:00,90.0,770.0,283.0,228.0,807.0,351.0,0.0,61.0,-998.0,34,,,,,,
2010-10-09 09:15:00,94.0,810.0,284.0,245.0,847.0,343.0,0.0,61.0,999.0,34,71.739,107.57,867.5779999999999,28.387,177.953,1.488
2010-10-09 09:30:00,98.0,839.0,283.0,251.0,880.0,348.0,0.0,59.0,999.0,34,72.85299999999998,106.28,907.715,27.319,156.623,1.687
2010-10-09 09:45:00,101.0,862.0,283.0,257.0,901.0,348.0,0.0,59.0,1000.0,34,73.461,103.91,947.656,26.569,84.555,1.844
2010-10-09 10:00:00,104.0,893.0,284.0,276.0,935.0,336.0,0.0,61.0,-998.0,34,74.818,106.42,983.398,25.413,127.957,2.187
2010-10-09 10:15:00,107.0,911.0,283.0,290.0,953.0,327.0,0.0,61.0,-999.0,34,75.79,107.83,1015.43,24.044,128.925,1.831
2010-10-09 10:30:00,109.0,924.0,282.0,291.0,968.0,331.0,0.0,59.0,999.0,34,76.944,111.25,1041.406,23.025,133.065,1.225
2010-10-09 10:45:00,109.0,936.0,284.0,295.0,980.0,331.0,0.0,61.0,-999.0,34,78.058,107.52,1060.645,22.369,158.85,2.019
2010-10-09 11:00:00,110.0,939.0,285.0,300.0,984.0,327.0,0.0,60.0,-998.0,34,78.62399999999998,106.1,1075.195,22.119,129.263,1.981
2010-10-09 11:15:00,110.0,939.0,284.0,307.0,982.0,318.0,0.0,60.0,-999.0,34,79.55599999999998,103.51,1082.91,21.806,142.582,2.05
2010-10-09 11:30:00,111.0,945.0,283.0,307.0,988.0,320.0,0.0,61.0,-999.0,34,80.477,106.81,1086.719,21.206,107.348,2.069
2010-10-09 11:45:00,111.0,946.0,284.0,304.0,988.0,323.0,0.0,59.0,-1000.0,34,81.075,110.38,1087.305,20.425,71.528,2.556
2010-10-09 12:00:00,110.0,942.0,284.0,302.0,985.0,325.0,0.0,61.0,999.0,34,82.06699999999998,112.07,1081.543,19.65,141.548,2.675
2010-10-09 12:15:00,108.0,928.0,285.0,302.0,968.0,319.0,0.0,59.0,1000.0,34,82.31999999999998,105.02,1069.434,19.594,122.648,3.15
2010-10-09 12:30:00,106.0,907.0,283.0,298.0,947.0,316.0,0.0,61.0,-999.0,34,82.59399999999998,103.7,1051.367,19.569,120.195,2.244
2010-10-09 12:45:00,105.0,897.0,283.0,284.0,938.0,328.0,0.0,60.0,999.0,34,83.555,101.64,1028.027,18.869,123.39,2.75
2010-10-09 13:00:00,103.0,877.0,284.0,276.0,916.0,330.0,0.0,59.0,-999.0,34,83.45399999999998,98.32,973.926,18.95,160.583,2.713
2010-10-09 13:15:00,97.0,828.0,282.0,271.0,864.0,317.0,0.0,60.0,-999.0,34,84.315,107.17,967.383,17.694,110.61,2.75
2010-10-09 13:30:00,92.0,781.0,283.0,250.0,818.0,325.0,0.0,60.0,-999.0,34,84.63899999999998,106.34,926.172,17.45,105.615,2.356
2010-10-09 13:45:00,88.0,749.0,282.0,230.0,783.0,338.0,0.0,61.0,999.0,34,85.11499999999998,106.5,854.688,16.919,145.418,3.294
2010-10-09 14:00:00,85.0,731.0,284.0,228.0,762.0,331.0,0.0,59.0,999.0,34,85.186,103.37,831.738,17.275,97.672,2.881
2010-10-09 14:15:00,79.0,685.0,286.0,209.0,715.0,340.0,0.0,59.0,1000.0,34,84.679,100.51,780.664,17.581,125.775,2.694
2010-10-09 14:30:00,74.0,631.0,284.0,193.0,656.0,337.0,0.0,61.0,999.0,34,84.79099999999998,97.07,722.9489999999998,17.369,119.655,3.231
2010-10-09 14:45:00,67.0,576.0,284.0,170.0,599.0,351.0,0.0,61.0,999.0,34,84.86199999999998,99.29,662.598,17.075,93.128,2.256
2010-10-09 15:00:00,59.0,514.0,285.0,150.0,535.0,355.0,0.0,61.0,999.0,34,84.68899999999998,94.7,599.902,17.213,145.98,2.113
2010-10-09 15:15:00,52.0,446.0,284.0,131.0,464.0,352.0,0.0,59.0,996.0,34,84.70999999999998,93.91,534.473,17.275,114.48,1.831
2010-10-09 15:30:00,43.0,378.0,285.0,110.0,388.0,350.0,0.0,60.0,-999.0,34,84.48699999999998,93.39,466.895,16.956,148.793,1.919
2010-10-09 15:45:00,37.0,318.0,284.0,90.0,329.0,363.0,0.0,59.0,-995.0,34,84.851,95.19,400.488,16.263,232.29,2.9
2010-10-09 16:00:00,28.0,240.0,284.0,68.0,248.0,362.0,0.0,60.0,-988.0,34,84.507,91.82,344.043,16.763,101.723,1.913
2010-10-09 16:15:00,16.0,139.0,284.0,38.0,141.0,362.0,0.0,59.0,971.0,34,83.626,87.84,261.426,17.512,117.202,2.475
2010-10-09 16:30:00,9.0,72.0,284.0,20.0,74.0,354.0,0.0,59.0,-899.0,34,83.019,85.42,188.867,17.412,96.637,2.794
2010-10-09 16:45:00,4.0,29.0,283.0,8.0,28.0,352.0,0.0,58.0,687.0,34,82.037,83.08,39.941,17.875,108.9,2.087
2010-10-09 17:00:00,3.0,1.0,283.0,1.0,5.0,304.0,0.0,58.0,0.0,34,80.903,80.7,13.867,18.813,118.598,2.069
2010-10-09 17:15:00,0.0,-2.0,282.0,1.0,0.0,357.0,0.0,58.0,0.0,34,79.516,78.2,5.371,21.0,141.57,1.587
2010-10-09 17:30:00,2.0,-9.0,282.0,1.0,4.0,292.0,0.0,58.0,0.0,34,78.432,77.39,1.66,21.981,140.063,1.069
2010-10-09 17:45:00,0.0,-2.0,281.0,1.0,0.0,49.0,0.0,58.0,0.0,34,76.91299999999998,74.34999999999998,0.391,23.469,172.013,1.231
2010-10-09 18:00:00,0.0,-2.0,281.0,1.0,0.0,3.0,0.0,57.0,0.0,34,76.083,72.76999999999998,0.391,23.706,179.145,1.219
2010-10-09 18:15:00,0.0,-3.0,282.0,1.0,0.0,1.0,0.0,56.0,0.0,34,75.283,72.76999999999998,0.195,24.425,173.565,1.544
2010-10-09 18:30:00,0.0,-3.0,283.0,1.0,0.0,1.0,0.0,56.0,0.0,34,74.676,71.05,0.0,24.988,170.1,1.581
2010-10-09 18:45:00,0.0,-3.0,285.0,1.0,0.0,1.0,0.0,55.0,0.0,34,73.673,67.22,0.195,26.3,217.62,0.6999999999999998
2010-11-01 06:00:06,,,,,,,139.0,,,34,48.513,39.16,1.563,57.25,248.513,0.7249999999999999
2010-11-01 06:15:06,,,,,,,139.0,,,34,48.017,39.04,6.836,60.462,248.602,0.7379999999999999
2010-11-01 06:30:06,,,,,,,139.0,,,34,48.594,40.64,12.695,60.975,273.172,1.194
2010-11-01 06:45:06,,,,,,,139.0,,,34,49.748,42.4,17.383,55.85,277.492,1.431
2010-11-01 07:00:06,,,,,,,139.0,,,34,52.856,49.11,194.629,46.144,214.11,1.756
2010-11-01 07:15:06,,,,,,,139.0,,,34,54.355,58.24,280.664,44.55,210.713,0.394
2010-11-01 07:30:06,,,,,,,139.0,,,34,55.357,65.35,351.367,43.156,3.938,0.262
2010-11-01 07:45:06,,,,,,,139.0,,,34,56.471,72.33,417.48,42.206,115.358,0.875
2010-11-01 08:00:06,,,,,,,139.0,,,34,58.182,78.72,483.594,38.544,246.488,1.381
2010-11-01 08:15:06,,,,,,,139.0,,,34,59.63,85.12,547.559,36.4,278.37,1.119
2010-11-01 08:30:06,,,,,,,139.0,,,34,61.007,92.14,613.77,34.863,245.385,1.225
2010-11-01 08:45:06,,,,,,,139.0,,,34,62.08,99.77,672.852,33.369,233.865,1.306
2010-11-01 09:00:06,,,,,,,139.0,,,34,63.862,100.46,721.777,30.994,142.02,2.15
2010-11-01 09:15:06,,,,,,,139.0,,,34,65.503,99.66,773.438,28.838,249.773,3.163
2010-11-01 09:30:06,,,,,,,139.0,,,34,66.495,102.83,818.359,27.938,232.02,3.419
2010-11-01 09:45:06,,,,,,,139.0,,,34,67.295,103.68,855.859,27.706,124.83,2.119
2010-11-01 10:00:06,,,,,,,139.0,,,34,67.892,103.76,891.6989999999998,27.456,94.658,2.181
2010-11-01 10:15:06,,,,,,,139.0,,,34,68.53,104.09,920.02,27.438,107.033,1.781
2010-11-01 10:30:06,,,,,,,139.0,,,34,69.249,103.62,945.3130000000002,26.488,129.353,1.675
2010-11-01 10:45:06,,,,,,,139.0,,,34,70.109,104.9,965.82,25.588,162.18,1.687
2010-11-01 11:00:06,,,,,,,139.0,,,34,71.284,110.12,981.934,24.275,117.248,2.106
2010-11-01 11:15:00,0.0,-2.0,283.0,-1.0,-2.0,428.0,0.0,25.0,0.0,34,72.185,107.02,991.016,23.075,115.448,1.644
2010-11-01 11:30:00,0.0,-2.0,283.0,-1.0,-2.0,426.0,0.0,25.0,0.0,34,72.65099999999998,107.9,994.824,22.1,161.528,1.719
2010-11-01 11:45:00,0.0,-2.0,284.0,-1.0,-2.0,426.0,0.0,25.0,0.0,34,73.775,114.74,991.797,21.194,229.23,1.925
2010-11-01 12:00:03,,,,,,,139.0,,,34,74.58499999999998,114.8,984.668,20.419,213.57,2.625
2010-11-01 12:15:06,,,,,,,139.0,,,34,75.223,112.79,969.824,19.825,187.898,2.713
2010-11-01 12:30:06,,,,,,,139.0,,,34,75.97199999999998,111.4,950.391,19.031,193.185,3.887
2010-11-01 12:45:00,0.0,-2.0,283.0,-1.0,-2.0,2.0,0.0,25.0,0.0,34,76.589,109.01,925.879,18.269,179.978,3.419
2010-11-01 13:00:03,,,,,,,139.0,,,34,77.10599999999998,108.92,895.996,17.819,228.375,3.85
2010-11-01 13:15:03,,,,,,,139.0,,,34,77.683,110.43,860.547,16.956,222.795,2.537
2010-11-01 13:30:06,,,,,,,139.0,,,34,78.138,107.29,819.727,16.5,191.16,2.837
2010-11-01 13:45:06,,,,,,,139.0,,,34,78.432,110.06,775.293,16.231,251.258,2.75
2010-11-01 14:00:06,,,,,,,139.0,,,34,78.837,104.37,726.6599999999999,15.419,176.805,2.9
2010-11-01 14:15:06,,,,,,,139.0,,,34,78.989,104.29,673.828,15.344,137.003,2.287
2010-11-01 14:30:06,,,,,,,139.0,,,34,78.959,100.97,617.578,15.294,181.08,1.625
2010-11-01 14:45:06,,,,,,,139.0,,,34,78.49299999999998,94.72,558.301,15.525,127.755,1.525
2010-11-01 15:00:06,,,,,,,139.0,,,34,78.39199999999998,97.69,495.508,15.044,196.763,1.7
2010-11-01 15:15:06,,,,,,,139.0,,,34,78.361,93.41,429.59,14.506,151.763,2.269
2010-11-01 15:30:06,,,,,,,139.0,,,34,77.723,85.70999999999998,361.133,16.35,106.853,2.944
2010-11-01 15:45:06,,,,,,,139.0,,,34,76.70099999999998,82.08,291.602,17.006,101.385,3.444
2010-11-01 16:00:06,,,,,,,139.0,,,34,75.77899999999998,79.7,223.145,17.869,102.173,2.744
2010-11-01 16:15:06,,,,,,,139.0,,,34,74.98999999999998,77.62,153.809,18.544,94.658,2.494
2010-11-01 16:30:06,,,,,,,139.0,,,34,74.20999999999998,75.01999999999998,17.578,19.2,129.42,1.906
2010-11-01 16:45:06,,,,,,,139.0,,,34,73.015,72.54999999999998,8.105,20.45,121.635,1.413
2010-11-01 17:00:06,,,,,,,139.0,,,34,71.891,70.42,2.734,21.487,141.098,0.512
2010-11-01 17:15:06,,,,,,,139.0,,,34,70.818,67.1,0.0,22.431,110.61,0.519
2010-11-01 17:30:06,,,,,,,139.0,,,34,69.532,63.0,0.195,23.956,109.733,0.0749999999999999
2010-11-01 17:45:06,,,,,,,139.0,,,34,67.76,58.95,0.098,25.613,109.755,0.019
2010-11-01 18:00:06,,,,,,,139.0,,,34,66.525,55.88,0.098,26.887,113.175,0.406
2010-11-01 18:15:06,,,,,,,139.0,,,34,65.432,54.84,0.098,29.931,277.695,1.319
2010-11-01 18:30:06,,,,,,,139.0,,,34,65.503,56.08,0.0,29.619,301.613,2.262
2010-11-01 18:45:06,,,,,,,139.0,,,34,65.351,56.98,0.0,29.581,293.535,2.2
2010-11-10 06:00:06,,,,,,,139.0,,,34,34.945,26.8,0.391,57.088,240.053,0.6129999999999999
2010-11-10 06:15:06,,,,,,,139.0,,,34,34.216,25.05,3.516,60.106,280.26,0.681
2010-11-10 06:30:06,,,,,,,139.0,,,34,34.581,24.43,10.938,58.494,294.818,0.8249999999999998
2010-11-10 06:45:06,,,,,,,139.0,,,34,35.715,27.1,18.066,53.463,288.698,1.587
2010-11-10 07:00:06,,,,,,,139.0,,,34,36.707,30.06,74.316,49.813,296.303,1.719
2010-11-10 07:15:06,,,,,,,139.0,,,34,37.952,37.48,245.117,45.537,169.897,1.206
2010-11-10 07:30:06,,,,,,,139.0,,,34,39.41,46.21,315.527,42.488,217.62,0.662
2010-11-10 07:45:06,,,,,,,139.0,,,34,40.595,53.06,391.211,41.2,234.967,1.837
2010-11-10 08:00:06,,,,,,,139.0,,,34,41.678,61.06,455.469,40.55,289.17,1.531
2010-11-10 08:15:06,,,,,,,139.0,,,34,43.136,65.08,510.742,41.813,302.737,2.837
2010-11-10 08:30:06,,,,,,,139.0,,,34,44.442,70.74,584.766,38.519,286.583,2.669
2010-11-10 08:45:06,,,,,,,139.0,,,34,46.103,75.56,643.262,34.506,298.643,2.819
2010-11-10 09:00:06,,,,,,,139.0,,,34,47.47,80.92,699.707,31.906,262.733,2.594
2010-11-10 09:15:06,,,,,,,139.0,,,34,48.634,80.51999999999998,749.8049999999998,29.875,179.46,1.919
2010-11-10 09:30:06,,,,,,,139.0,,,34,49.596,83.14,794.043,28.925,141.142,2.406
2010-11-10 09:45:06,,,,,,,139.0,,,34,50.649,80.76999999999998,830.957,27.425,114.008,3.469
2010-11-10 10:00:06,,,,,,,139.0,,,34,51.095,84.2,864.941,27.188,100.283,1.681
2010-11-10 10:15:06,,,,,,,139.0,,,34,51.601,86.9,895.215,26.725,154.98,1.606
2010-11-10 10:30:06,,,,,,,139.0,,,34,52.512,90.65,920.508,25.713,180.743,1.456
2010-11-10 10:45:06,,,,,,,139.0,,,34,53.434,93.43,939.355,24.688,237.15,2.431
2010-11-10 11:00:06,,,,,,,139.0,,,34,53.859,88.17,954.883,23.969,114.03,2.256
2010-11-10 11:15:06,,,,,,,139.0,,,34,54.476,88.62999999999998,962.793,23.594,142.312,1.181
2010-11-10 11:30:03,,,,,,,139.0,,,34,55.631,86.64,965.82,22.775,113.198,1.581
2010-11-10 11:45:00,0.0,-3.0,284.0,0.0,-2.0,2.0,0.0,21.0,0.0,34,56.208,81.58,962.988,21.819,136.845,2.531
2010-11-10 12:00:00,101.0,873.0,287.0,260.0,927.0,356.0,0.0,60.0,999.0,34,56.815,79.98999999999998,952.441,21.669,146.34,2.894
2010-11-10 12:15:00,100.0,869.0,287.0,256.0,924.0,360.0,0.0,59.0,999.0,34,57.048,75.78,937.305,21.919,124.133,2.456
2010-11-10 12:18:51,,,,,,,160.0,,,34,57.089,74.62999999999998,926.465,22.225,102.87,2.025
2010-11-10 12:19:00,100.0,864.0,287.0,256.0,918.0,358.0,0.0,61.0,-1000.0,34,,,,,,
2010-11-10 12:21:08,,,,,,,160.0,,,34,57.099,77.56999999999998,922.559,21.531,75.533,1.381
2010-11-10 12:21:17,100.0,862.0,287.0,255.0,916.0,358.0,0.0,61.0,-1000.0,34,,,,,,
2010-11-10 12:30:00,99.0,851.0,285.0,248.0,905.0,365.0,0.0,60.0,999.0,34,57.099,80.04999999999998,915.625,21.206,94.883,2.481
2010-11-10 12:45:00,95.0,823.0,288.0,247.0,870.0,351.0,0.0,59.0,-999.0,34,57.301,80.40999999999998,896.9729999999998,21.0,152.528,2.019
2010-11-10 13:00:00,92.0,796.0,287.0,228.0,847.0,370.0,0.0,59.0,-999.0,34,58.091,77.17,866.0159999999998,20.35,177.48,2.431
2010-11-10 13:15:00,88.0,764.0,285.0,220.0,812.0,368.0,0.0,60.0,999.0,34,58.618,77.37,828.8089999999999,19.975,150.952,2.287
2010-11-10 13:30:00,85.0,727.0,284.0,209.0,774.0,370.0,0.0,60.0,999.0,34,59.245,83.5,791.895,19.388,188.348,2.525
2010-11-10 13:45:00,79.0,679.0,285.0,191.0,722.0,377.0,0.0,59.0,999.0,34,59.66,82.23999999999998,748.8279999999999,18.994,172.778,2.425
2010-11-10 14:00:00,73.0,627.0,285.0,173.0,669.0,384.0,0.0,60.0,999.0,34,59.549,79.81999999999998,697.559,18.894,193.388,2.512
2010-11-10 14:15:00,67.0,577.0,284.0,162.0,614.0,378.0,0.0,60.0,997.0,34,59.883,79.12,645.898,18.813,180.675,2.269
2010-11-10 14:30:00,60.0,513.0,284.0,144.0,544.0,376.0,0.0,60.0,-999.0,34,60.298,80.90999999999998,587.207,18.7,189.09,1.819
2010-11-10 14:45:00,52.0,448.0,285.0,122.0,480.0,393.0,0.0,58.0,996.0,34,60.126,79.42,530.664,19.006,203.265,2.075
2010-11-10 15:00:00,44.0,380.0,284.0,105.0,405.0,384.0,0.0,60.0,999.0,34,60.005,74.15,467.188,19.438,167.445,1.681
2010-11-10 15:15:00,35.0,301.0,285.0,82.0,321.0,387.0,0.0,58.0,995.0,34,59.478,68.37,397.07,19.975,127.305,1.669
2010-11-10 15:30:00,23.0,197.0,284.0,55.0,214.0,388.0,0.0,59.0,979.0,34,58.992,65.31,326.465,20.494,152.842,2.05
2010-11-10 15:45:00,11.0,98.0,285.0,35.0,112.0,313.0,0.0,58.0,912.0,34,58.213,63.43,258.594,21.0,114.143,1.519
2010-11-10 16:00:00,7.0,52.0,283.0,18.0,63.0,347.0,0.0,58.0,812.0,34,57.605,61.78,188.965,21.794,120.307,1.656
2010-11-10 16:15:00,4.0,20.0,283.0,8.0,29.0,355.0,0.0,57.0,499.0,34,56.836,58.62,29.297,22.356,109.013,1.444
2010-11-10 16:30:00,3.0,1.0,283.0,3.0,9.0,331.0,0.0,57.0,39.0,34,56.066,56.31,11.914,23.025,125.033,1.45
2010-11-10 16:45:00,0.0,-3.0,282.0,0.0,-2.0,379.0,0.0,55.0,0.0,34,54.952,54.46,4.98,24.125,111.735,0.894
2010-11-10 17:00:00,3.0,-9.0,283.0,0.0,0.0,294.0,0.0,54.0,-239.0,34,53.93,50.96,0.879,25.706,152.73,1.194
2010-11-10 17:15:00,0.0,-3.0,283.0,0.0,-2.0,25.0,0.0,51.0,0.0,34,53.251,49.77,0.098,26.256,110.993,0.919
2010-11-10 17:30:00,0.0,-2.0,283.0,0.0,0.0,6.0,0.0,47.0,0.0,34,52.775,48.28,0.098,27.063,155.948,1.144
2010-11-10 17:45:00,0.0,-2.0,284.0,0.0,-2.0,5.0,0.0,45.0,0.0,34,52.563,47.4,0.195,27.025,89.235,0.769
2010-11-10 18:00:00,0.0,-2.0,284.0,0.0,0.0,7.0,0.0,43.0,0.0,34,52.664,47.76,0.098,27.094,148.928,2.938
2010-11-10 18:15:00,0.0,-3.0,285.0,0.0,-2.0,10.0,0.0,42.0,0.0,34,52.624,48.69,0.195,25.913,183.465,2.675
2010-11-10 18:30:00,0.0,-3.0,285.0,0.0,-2.0,7.0,0.0,41.0,0.0,34,52.077,47.14,0.098,26.344,283.073,1.781
2010-11-10 18:45:00,0.0,-2.0,286.0,0.0,-2.0,12.0,0.0,40.0,0.0,34,51.581,45.76,0.098,28.638,273.825,2.631
2010-11-11 06:00:00,0.0,-3.0,284.0,0.0,-2.0,361.0,0.0,26.0,0.0,34,46.346,46.74,0.2929999999999999,39.244,305.708,9.444
2010-11-11 06:15:00,0.0,-3.0,284.0,0.0,0.0,414.0,0.0,29.0,0.0,34,45.951,46.38,3.223,39.756,305.888,8.606
2010-11-11 06:30:00,3.0,13.0,284.0,7.0,24.0,322.0,0.0,30.0,370.0,34,45.88,46.21,9.473,39.65,306.72,9.131
2010-11-11 06:45:00,6.0,47.0,283.0,15.0,59.0,389.0,0.0,36.0,813.0,34,45.9,46.21,14.16,39.394,303.053,7.95
2010-11-11 07:00:00,11.0,97.0,284.0,28.0,112.0,395.0,0.0,45.0,934.0,34,46.113,46.42,56.348,38.913,305.01,7.788
2010-11-11 07:15:00,20.0,175.0,284.0,48.0,193.0,396.0,0.0,57.0,977.0,34,46.538,48.97,243.945,37.787,303.638,9.663
2010-11-11 07:30:00,31.0,272.0,285.0,71.0,294.0,413.0,0.0,58.0,989.0,34,47.227,51.92,313.184,37.213,298.777,9.894
2010-11-11 07:45:00,41.0,357.0,285.0,91.0,383.0,418.0,0.0,57.0,999.0,34,47.774,54.34,382.617,36.125,305.348,10.756
2010-11-11 08:00:00,51.0,441.0,283.0,114.0,472.0,412.0,0.0,58.0,-999.0,34,48.573,57.12,448.242,35.231,294.683,10.013
2010-11-11 08:15:00,60.0,517.0,284.0,136.0,552.0,404.0,0.0,58.0,997.0,34,49.465,59.68,506.836,33.95,285.975,10.281
2010-11-11 08:30:00,68.0,588.0,285.0,154.0,629.0,406.0,0.0,59.0,999.0,34,50.234,61.55,579.297,32.431,291.285,10.375
2010-11-11 08:45:00,76.0,652.0,285.0,173.0,698.0,400.0,0.0,60.0,999.0,34,50.852,63.92,637.695,31.375,291.848,10.7
2010-11-11 09:00:00,83.0,711.0,285.0,191.0,756.0,393.0,0.0,59.0,-999.0,34,51.5,65.43,694.727,30.369,299.858,11.481
2010-11-11 09:15:00,88.0,756.0,283.0,204.0,807.0,394.0,0.0,58.0,999.0,34,51.945,67.57,744.4339999999999,29.825,285.165,9.212
2010-11-11 09:30:00,93.0,801.0,285.0,215.0,855.0,396.0,0.0,60.0,-999.0,34,52.624,68.62,789.1599999999999,28.813,289.17,10.869
2010-11-11 09:45:00,98.0,843.0,286.0,230.0,899.0,389.0,0.0,59.0,-999.0,34,52.958,68.62,829.1989999999998,28.4,301.455,11.512
2010-11-11 10:00:00,102.0,877.0,286.0,241.0,935.0,387.0,0.0,59.0,-999.0,34,53.464,68.41,863.8669999999998,27.819,301.028,12.25
2010-11-11 10:15:00,105.0,903.0,286.0,251.0,963.0,382.0,0.0,59.0,998.0,34,53.808,68.76,893.652,27.263,298.013,12.069
2010-11-11 10:30:00,107.0,922.0,285.0,254.0,982.0,386.0,0.0,59.0,-999.0,34,54.375,69.85,918.457,26.519,300.78,11.512
2010-11-11 10:45:00,108.0,927.0,286.0,256.0,989.0,385.0,0.0,58.0,-999.0,34,55.145,72.61,939.941,25.644,302.872,9.275
2010-11-11 11:00:00,109.0,938.0,287.0,266.0,999.0,374.0,0.0,60.0,999.0,34,56.036,75.79,955.957,24.563,295.695,8.224999999999998
2010-11-11 11:15:00,109.0,936.0,285.0,265.0,999.0,376.0,0.0,61.0,999.0,34,56.704,78.09,965.527,23.538,298.935,7.581
2010-11-11 11:30:00,107.0,927.0,286.0,268.0,984.0,366.0,0.0,59.0,1000.0,34,57.352,80.14,966.797,22.713,282.083,6.462
2010-11-11 11:45:00,106.0,916.0,285.0,268.0,974.0,363.0,0.0,59.0,-999.0,34,58.456,81.51,962.402,21.813,243.27,5.694
2010-11-11 12:00:00,106.0,918.0,286.0,263.0,976.0,370.0,0.0,59.0,999.0,34,59.063,78.70999999999998,956.445,20.319,176.355,5.612
2010-11-11 12:15:00,105.0,900.0,285.0,257.0,961.0,373.0,0.0,61.0,-999.0,34,59.357,77.65,944.141,20.269,140.558,4.319
2010-11-11 12:30:00,102.0,874.0,286.0,249.0,931.0,372.0,0.0,60.0,-999.0,34,59.812,78.04999999999998,925.488,20.013,167.108,4.944
2010-11-11 12:45:00,99.0,849.0,286.0,241.0,903.0,373.0,0.0,59.0,-999.0,34,60.278,81.12999999999998,901.855,19.9,223.515,5.556
2010-11-11 13:00:00,95.0,816.0,284.0,229.0,869.0,377.0,0.0,61.0,999.0,34,60.562,82.56,872.5589999999999,19.825,289.418,5.831
2010-11-11 13:15:00,92.0,791.0,285.0,222.0,841.0,377.0,0.0,60.0,999.0,34,60.602,78.61,838.2809999999998,19.6,260.663,7.431
2010-11-11 13:30:00,87.0,747.0,285.0,212.0,795.0,374.0,0.0,60.0,999.0,34,60.551,78.20999999999998,799.5119999999998,19.238,290.768,6.838
2010-11-11 13:45:00,81.0,698.0,285.0,195.0,743.0,380.0,0.0,58.0,999.0,34,61.007,76.9,753.9059999999998,18.512,241.47,6.275
2010-11-11 14:00:00,75.0,648.0,285.0,176.0,691.0,391.0,0.0,58.0,999.0,34,61.392,75.59999999999998,704.59,18.025,263.79,7.806
2010-11-11 14:15:00,69.0,589.0,284.0,162.0,627.0,385.0,0.0,59.0,999.0,34,61.432,73.90999999999998,649.805,17.813,226.597,6.744
2010-11-11 14:30:00,60.0,521.0,285.0,142.0,557.0,391.0,0.0,60.0,997.0,34,61.645,73.67,593.359,17.388,187.133,4.481
2010-11-11 14:45:00,53.0,457.0,284.0,127.0,486.0,381.0,0.0,61.0,996.0,34,61.534,72.12999999999998,532.715,17.181,154.958,5.875
2010-11-11 15:00:00,45.0,387.0,284.0,106.0,411.0,387.0,0.0,59.0,999.0,34,61.068,68.72,468.652,17.269,169.538,5.288
2010-11-11 15:15:00,35.0,303.0,285.0,82.0,326.0,397.0,0.0,59.0,990.0,34,60.592,67.18,402.637,17.556,143.392,4.875
2010-11-11 15:30:00,23.0,198.0,285.0,54.0,214.0,395.0,0.0,59.0,-986.0,34,60.015,65.65,333.301,18.063,123.075,4.025
2010-11-11 15:45:00,12.0,108.0,285.0,32.0,122.0,382.0,0.0,59.0,952.0,34,59.671,64.95,264.941,17.794,114.143,4.044
2010-11-11 16:00:00,7.0,55.0,285.0,18.0,67.0,374.0,0.0,58.0,-854.0,34,59.093,63.36,192.969,17.325,131.535,3.719
2010-11-11 16:15:00,4.0,20.0,284.0,8.0,31.0,364.0,0.0,58.0,-517.0,34,58.456,59.86,19.824,17.713,204.84,3.194
2010-11-11 16:30:00,3.0,-2.0,283.0,2.0,10.0,364.0,0.0,57.0,0.0,34,57.453,56.13,11.328,18.681,249.165,3.644
2010-11-11 16:45:00,0.0,-3.0,282.0,0.0,-2.0,372.0,0.0,57.0,0.0,34,56.906,54.91,4.59,18.744,246.623,4.013
2010-11-11 17:00:00,3.0,-9.0,282.0,0.0,1.0,294.0,0.0,56.0,0.0,34,56.127,52.8,0.684,19.675,248.265,2.756
2010-11-11 17:15:00,0.0,-3.0,282.0,0.0,0.0,24.0,0.0,55.0,0.0,34,55.388,51.84,0.0,20.5,151.785,3.063
2010-11-11 17:30:00,0.0,-2.0,282.0,0.0,0.0,6.0,0.0,54.0,0.0,34,55.023,52.43,0.195,21.019,196.718,3.869
2010-11-11 17:45:00,0.0,-2.0,283.0,0.0,0.0,4.0,0.0,53.0,0.0,34,54.699,52.42,0.098,21.131,163.913,3.744
2010-11-11 18:00:00,0.0,-3.0,283.0,0.0,0.0,4.0,0.0,52.0,0.0,34,54.203,49.74,0.0,21.513,300.735,2.631
2010-11-11 18:15:00,0.0,-2.0,284.0,0.0,-2.0,4.0,0.0,51.0,0.0,34,53.757,48.82,0.098,21.506,309.96,3.775
2010-11-11 18:30:00,0.0,-2.0,284.0,0.0,0.0,4.0,0.0,50.0,0.0,34,53.17,48.04,0.098,22.319,313.853,1.887
2010-11-11 18:45:00,0.0,-2.0,283.0,0.0,0.0,4.0,0.0,49.0,0.0,34,52.462,47.76,0.098,24.575,164.138,0.981
2010-11-12 06:00:00,0.0,-3.0,282.0,0.0,-2.0,370.0,0.0,32.0,0.0,34,40.17,32.96,0.098,51.044,294.188,1.7
2010-11-12 06:15:00,0.0,-2.0,283.0,0.0,-2.0,427.0,0.0,35.0,0.0,34,38.833,30.8,2.637,54.256,298.823,0.3619999999999999
2010-11-12 06:30:00,3.0,13.0,282.0,7.0,21.0,322.0,0.0,37.0,384.0,34,37.365,29.47,9.082,58.925,242.91,0.6129999999999999
2010-11-12 06:45:00,6.0,45.0,283.0,14.0,58.0,391.0,0.0,43.0,809.0,34,38.631,32.51,13.965,51.794,172.98,1.65
2010-11-12 07:00:00,11.0,93.0,282.0,25.0,106.0,427.0,0.0,53.0,-932.0,34,41.294,37.22,44.434,44.588,281.948,2.594
2010-11-12 07:15:00,18.0,160.0,283.0,49.0,174.0,354.0,0.0,58.0,975.0,34,41.911,41.66,239.453,44.938,289.26,3.394
2010-11-12 07:30:00,31.0,267.0,283.0,69.0,290.0,420.0,0.0,59.0,989.0,34,42.428,47.86,309.766,44.537,282.825,2.375
2010-11-12 07:45:00,41.0,353.0,283.0,90.0,379.0,418.0,0.0,59.0,999.0,34,43.106,54.44,377.734,44.788,283.77,1.887
2010-11-12 08:00:00,50.0,433.0,283.0,114.0,461.0,403.0,0.0,60.0,996.0,34,44.301,61.81,445.41,40.6,284.603,1.756
2010-11-12 08:15:00,59.0,506.0,284.0,133.0,540.0,402.0,0.0,60.0,-997.0,34,45.394,66.85,504.492,38.063,265.883,1.856
2010-11-12 08:30:00,67.0,573.0,284.0,152.0,615.0,402.0,0.0,60.0,-999.0,34,46.913,69.83,578.516,35.625,231.12,2.594
2010-11-12 08:45:00,73.0,630.0,284.0,170.0,673.0,395.0,0.0,60.0,-999.0,34,47.966,73.29999999999998,634.375,34.575,195.435,2.063
2010-11-12 09:00:00,79.0,684.0,285.0,188.0,729.0,387.0,0.0,60.0,-999.0,34,48.249,81.15999999999998,690.82,35.075,254.633,2.063
2010-11-12 09:15:00,85.0,726.0,284.0,203.0,772.0,379.0,0.0,60.0,-999.0,34,49.019,84.01,740.332,34.956,237.6,2.363
2010-11-12 09:30:00,89.0,769.0,285.0,215.0,818.0,380.0,0.0,60.0,1000.0,34,49.91,85.62,784.7659999999998,34.144,244.193,2.913
2010-11-12 09:45:00,93.0,796.0,285.0,226.0,849.0,374.0,0.0,59.0,-999.0,34,50.69,88.53,825.488,32.6,209.61,1.894
2010-11-12 10:00:00,96.0,823.0,285.0,238.0,874.0,366.0,0.0,59.0,-1000.0,34,51.439,83.58,858.594,31.119,149.58,1.806
2010-11-12 10:15:00,98.0,839.0,285.0,242.0,893.0,368.0,0.0,60.0,999.0,34,52.249,82.31,886.816,29.975,139.59,1.488
2010-11-12 10:30:00,100.0,854.0,284.0,250.0,909.0,363.0,0.0,60.0,999.0,34,53.049,87.12999999999998,908.594,29.263,131.782,1.538
2010-11-12 10:45:00,101.0,874.0,285.0,257.0,928.0,360.0,0.0,60.0,1000.0,34,53.849,87.34999999999998,929.883,28.681,196.133,1.919
2010-11-12 11:00:00,103.0,882.0,285.0,255.0,939.0,368.0,0.0,59.0,-999.0,34,54.689,85.45,946.2890000000002,27.419,170.775,2.213
2010-11-12 11:15:00,104.0,891.0,285.0,264.0,949.0,359.0,0.0,59.0,-999.0,34,55.641,82.23,957.8130000000002,25.887,162.922,2.35
2010-11-12 11:30:00,103.0,888.0,285.0,266.0,943.0,354.0,0.0,61.0,-1000.0,34,56.137,85.51,960.254,24.819,159.143,1.531
2010-11-12 11:45:00,103.0,880.0,284.0,261.0,936.0,358.0,0.0,61.0,999.0,34,56.643,92.07,960.352,23.994,193.635,1.856
2010-11-12 12:00:00,101.0,870.0,285.0,262.0,922.0,351.0,0.0,61.0,999.0,34,57.413,93.3,952.637,23.269,184.32,1.375
2010-11-12 12:15:00,99.0,857.0,286.0,257.0,909.0,352.0,0.0,59.0,-999.0,34,58.364,86.36,940.723,22.487,153.383,1.813
2010-11-12 12:30:00,97.0,835.0,285.0,253.0,884.0,349.0,0.0,59.0,999.0,34,59.073,85.19,921.094,22.1,147.982,1.644
2010-11-12 12:45:00,94.0,814.0,286.0,239.0,862.0,360.0,0.0,58.0,1000.0,34,59.569,79.26,894.629,21.763,147.398,1.95
2010-11-12 13:00:00,91.0,783.0,284.0,231.0,831.0,358.0,0.0,59.0,-999.0,34,60.207,86.43,864.746,20.3,140.603,1.269
2010-11-12 13:15:00,87.0,749.0,285.0,221.0,796.0,358.0,0.0,60.0,999.0,34,60.298,85.26999999999998,829.004,20.787,109.305,1.712
2010-11-12 13:30:00,83.0,710.0,285.0,202.0,756.0,372.0,0.0,60.0,999.0,34,60.572,83.09999999999998,787.0119999999998,20.244,103.23,1.919
2010-11-12 13:45:00,77.0,665.0,285.0,190.0,708.0,372.0,0.0,60.0,999.0,34,60.946,85.81999999999998,744.629,19.425,169.538,1.244
2010-11-12 14:00:00,72.0,621.0,285.0,179.0,657.0,366.0,0.0,59.0,-999.0,34,61.665,76.14,694.531,19.781,150.93,2.487
2010-11-12 14:15:00,66.0,564.0,283.0,160.0,599.0,374.0,0.0,58.0,999.0,34,61.665,77.62,641.602,19.163,173.363,1.212
2010-11-12 14:30:00,58.0,502.0,285.0,141.0,535.0,377.0,0.0,60.0,997.0,34,61.574,80.29999999999998,583.398,19.038,73.102,1.106
2010-11-12 14:45:00,45.0,386.0,285.0,108.0,411.0,379.0,0.0,59.0,-999.0,34,61.392,79.28,498.633,19.112,114.232,1.15
2010-11-12 15:00:00,42.0,367.0,285.0,100.0,394.0,391.0,0.0,60.0,996.0,34,61.078,73.12,456.25,19.694,138.195,1.538
2010-11-12 15:15:00,33.0,288.0,285.0,81.0,310.0,382.0,0.0,59.0,990.0,34,60.724,72.45,389.941,19.7,182.25,1.169
2010-11-12 15:30:00,0.0,-3.0,284.0,0.0,1.0,454.0,0.0,58.0,0.0,34,60.379,73.26999999999998,323.047,19.294,228.352,1.119
2010-11-12 15:45:00,11.0,91.0,285.0,33.0,102.0,312.0,0.0,59.0,918.0,34,59.711,69.2,256.445,20.181,166.433,0.95
2010-11-12 16:00:00,6.0,44.0,284.0,17.0,54.0,307.0,0.0,58.0,-749.0,34,59.012,65.65,173.828,20.612,190.417,0.781
2010-11-12 16:15:00,3.0,16.0,282.0,8.0,25.0,311.0,0.0,58.0,428.0,34,58.253,60.88,17.09,21.306,241.11,0.281
2010-11-12 16:30:00,3.0,0.0,283.0,3.0,9.0,308.0,0.0,57.0,0.0,34,57.271,54.46,11.133,22.325,241.133,0.313
2010-11-12 16:45:00,0.0,-2.0,282.0,0.0,-2.0,374.0,0.0,57.0,0.0,34,56.208,49.35,4.688,24.044,241.133,0.2059999999999999
2010-11-12 17:00:00,3.0,-9.0,282.0,0.0,1.0,293.0,0.0,56.0,0.0,34,55.023,46.58,0.684,26.631,241.155,0.131
2010-11-12 17:15:00,0.0,-2.0,282.0,0.0,0.0,22.0,0.0,55.0,0.0,34,53.383,44.01,0.195,30.244,241.155,0.0
2010-11-12 17:30:00,0.0,-2.0,284.0,0.0,0.0,6.0,0.0,54.0,0.0,34,52.532,41.61,0.195,30.431,241.178,0.4249999999999999
2010-11-12 17:45:00,0.0,-2.0,284.0,0.0,-2.0,5.0,0.0,53.0,0.0,34,52.036,39.94,0.195,31.063,241.178,0.094
2010-11-12 18:00:00,0.0,-3.0,283.0,0.0,-2.0,5.0,0.0,52.0,0.0,34,51.135,38.44,0.195,33.469,268.717,0.962
2010-11-12 18:15:00,0.0,-2.0,284.0,0.0,-2.0,5.0,0.0,52.0,0.0,34,50.963,38.09,0.195,34.613,305.978,0.538
2010-11-12 18:30:00,0.0,-3.0,284.0,0.0,0.0,5.0,0.0,51.0,0.0,34,50.204,37.01,0.0,35.888,305.978,0.525
2010-11-12 18:45:00,0.0,-2.0,284.0,0.0,-2.0,5.0,0.0,50.0,0.0,34,49.667,36.09,0.0,36.606,301.703,0.531
2010-11-13 06:00:00,0.0,-2.0,283.0,0.0,-2.0,360.0,0.0,33.0,0.0,34,40.716,32.24,0.0,43.313,53.843,0.3499999999999999
2010-11-13 06:15:00,0.0,-2.0,282.0,0.0,1.0,421.0,0.0,36.0,0.0,34,39.633,31.65,2.051,46.45,152.078,0.8439999999999999
2010-11-13 06:30:15,3.0,12.0,282.0,6.0,22.0,347.0,0.0,37.0,359.0,34,,,,,,
2010-11-13 06:49:00,7.0,54.0,282.0,16.0,66.0,403.0,0.0,47.0,869.0,34,40.818,33.06,14.453,44.531,266.805,1.538
2010-11-13 07:00:00,10.0,89.0,283.0,26.0,102.0,389.0,0.0,54.0,929.0,34,41.314,34.11,36.621,43.75,251.663,1.194
2010-11-13 07:15:00,18.0,159.0,283.0,46.0,175.0,380.0,0.0,57.0,975.0,34,42.357,39.21,238.379,39.356,289.035,1.694
2010-11-13 07:30:00,29.0,255.0,283.0,65.0,278.0,425.0,0.0,58.0,989.0,34,44.999,48.5,306.836,35.713,288.068,2.512
2010-11-13 07:45:00,40.0,341.0,283.0,87.0,368.0,418.0,0.0,59.0,995.0,34,48.381,57.05,376.563,31.075,264.128,3.337
2010-11-13 08:00:00,50.0,427.0,284.0,112.0,457.0,407.0,0.0,59.0,996.0,34,49.394,61.52,443.066,29.575,289.035,4.0
2010-11-13 08:15:00,58.0,500.0,283.0,133.0,534.0,402.0,0.0,59.0,999.0,34,49.606,63.83,504.297,30.1,183.082,4.812
2010-11-13 08:30:00,66.0,568.0,285.0,151.0,604.0,399.0,0.0,58.0,-999.0,34,50.659,65.61,570.898,29.544,144.225,3.394
2010-11-13 08:45:00,73.0,626.0,283.0,169.0,666.0,392.0,0.0,57.0,997.0,34,51.469,69.12,630.371,28.9,95.31,2.65
2010-11-13 09:00:00,78.0,676.0,285.0,187.0,718.0,381.0,0.0,60.0,999.0,34,52.178,75.01,687.305,28.312,83.183,1.712
2010-11-13 09:15:00,83.0,718.0,285.0,200.0,765.0,382.0,0.0,59.0,-999.0,34,53.17,80.61,738.8669999999998,27.338,102.398,1.856
2010-11-13 09:30:00,88.0,760.0,285.0,215.0,810.0,376.0,0.0,59.0,-999.0,34,54.557,82.44,785.254,26.225,197.618,2.363
2010-11-13 09:45:00,93.0,800.0,285.0,223.0,853.0,381.0,0.0,58.0,999.0,34,56.37,82.65,826.0739999999998,24.012,239.625,5.05
2010-11-13 10:00:00,98.0,838.0,285.0,237.0,892.0,376.0,0.0,61.0,-999.0,34,57.767,79.29,860.4489999999998,22.638,171.878,6.281
2010-11-13 10:15:00,100.0,861.0,285.0,248.0,914.0,367.0,0.0,60.0,1000.0,34,58.536,79.42,892.2849999999999,21.744,237.555,6.031
2010-11-13 10:30:00,102.0,877.0,285.0,243.0,932.0,382.0,0.0,60.0,999.0,34,59.012,80.25,916.406,22.056,156.263,4.625
2010-11-13 10:45:00,104.0,899.0,286.0,257.0,957.0,371.0,0.0,60.0,999.0,34,58.931,79.31,934.375,22.15,103.23,4.637
2010-11-13 11:00:00,104.0,891.0,285.0,261.0,947.0,363.0,0.0,58.0,999.0,34,59.407,81.67,949.707,21.544,117.158,2.575
2010-11-13 11:15:00,104.0,899.0,287.0,258.0,957.0,370.0,0.0,61.0,-998.0,34,60.4,84.25,958.398,20.556,190.868,4.769
2010-11-13 11:30:00,106.0,915.0,286.0,260.0,972.0,372.0,0.0,61.0,-999.0,34,61.858,82.15,958.398,19.163,269.753,9.306
2010-11-13 11:45:00,104.0,896.0,286.0,264.0,950.0,360.0,0.0,61.0,-1000.0,34,62.566,82.54,954.102,19.094,167.67,4.744
2010-11-13 12:00:00,104.0,893.0,285.0,258.0,950.0,366.0,0.0,58.0,-999.0,34,62.779,83.94,948.34,18.806,251.37,6.813
2010-11-13 12:15:00,104.0,891.0,285.0,257.0,947.0,367.0,0.0,60.0,-999.0,34,63.265,82.98,935.059,17.694,295.043,9.313
2010-11-13 12:30:00,101.0,873.0,286.0,247.0,930.0,376.0,0.0,60.0,-999.0,34,63.184,80.98999999999998,915.527,17.7,295.695,9.975
2010-11-13 12:45:00,98.0,845.0,285.0,238.0,899.0,376.0,0.0,60.0,-999.0,34,63.437,80.12999999999998,891.895,17.563,296.303,9.675
2010-11-13 13:00:00,94.0,814.0,285.0,228.0,868.0,378.0,0.0,59.0,-999.0,34,63.65,79.26,861.133,17.438,268.92,9.9
2010-11-13 13:15:00,89.0,768.0,285.0,217.0,818.0,376.0,0.0,59.0,-999.0,34,64.318,82.23,825.977,16.987,252.09,5.431
2010-11-13 13:30:00,84.0,726.0,285.0,209.0,770.0,368.0,0.0,60.0,1000.0,34,64.703,82.54,787.988,16.744,222.48,6.138
2010-11-13 13:45:00,79.0,679.0,285.0,189.0,722.0,381.0,0.0,60.0,999.0,34,64.905,81.23999999999998,743.2619999999998,16.6,221.782,6.081
2010-11-13 14:00:00,74.0,635.0,285.0,175.0,677.0,385.0,0.0,59.0,1000.0,34,64.844,80.40999999999998,696.875,16.544,295.515,7.293999999999999
2010-11-13 14:15:00,67.0,577.0,285.0,161.0,612.0,380.0,0.0,59.0,-1000.0,34,64.45,78.31999999999998,643.066,16.638,303.075,7.961999999999998
2010-11-13 14:30:00,60.0,519.0,283.0,145.0,550.0,378.0,0.0,58.0,999.0,34,64.369,76.31,585.938,16.831,297.855,8.887
2010-11-13 14:45:00,43.0,376.0,284.0,105.0,400.0,378.0,0.0,60.0,996.0,34,64.308,74.84999999999998,541.602,16.781,300.893,7.681
2010-11-13 15:00:00,46.0,396.0,283.0,106.0,425.0,396.0,0.0,59.0,996.0,34,64.328,74.69,480.078,16.794,297.878,6.756
2010-11-13 15:15:00,43.0,371.0,284.0,104.0,396.0,382.0,0.0,59.0,996.0,34,64.541,73.47,414.258,16.719,294.367,7.25
2010-11-13 15:30:00,31.0,267.0,284.0,76.0,287.0,377.0,0.0,59.0,994.0,34,64.389,72.17,411.816,16.744,296.753,6.488
2010-11-13 15:45:00,17.0,149.0,284.0,42.0,166.0,389.0,0.0,59.0,982.0,34,64.075,70.61,233.008,17.213,307.125,6.656
2010-11-13 16:00:00,9.0,72.0,284.0,21.0,85.0,387.0,0.0,59.0,899.0,34,63.346,67.28,169.336,17.775,293.648,6.088
2010-11-13 16:15:00,6.0,43.0,284.0,14.0,54.0,372.0,0.0,59.0,780.0,34,62.84,64.52,43.652,18.05,296.91,5.838
2010-11-13 16:30:00,3.0,6.0,284.0,4.0,17.0,382.0,0.0,59.0,0.0,34,62.131,62.56,25.098,18.888,234.09,4.219
2010-11-13 16:45:00,3.0,-7.0,282.0,0.0,2.0,293.0,0.0,57.0,0.0,34,61.341,61.14,7.715,19.475,221.715,3.813
2010-11-13 17:00:00,0.0,-2.0,284.0,0.0,-2.0,196.0,0.0,56.0,0.0,34,60.663,59.38,0.4879999999999999,20.125,85.61199999999998,2.644
2010-11-13 17:15:00,0.0,-2.0,282.0,0.0,0.0,21.0,0.0,55.0,0.0,34,59.832,57.21,0.195,21.144,194.647,1.163
2010-11-13 17:30:00,0.0,-2.0,283.0,0.0,0.0,8.0,0.0,54.0,0.0,34,59.164,55.59,0.195,21.45,300.645,2.563
2010-11-13 17:45:00,0.0,-2.0,283.0,0.0,0.0,6.0,0.0,53.0,0.0,34,59.063,57.0,0.098,20.725,239.67,4.575
2010-11-13 18:00:00,0.0,-2.0,284.0,0.0,-2.0,5.0,0.0,53.0,0.0,34,59.063,58.07,0.195,20.669,122.94,4.387
2010-11-13 18:15:00,0.0,-3.0,284.0,0.0,0.0,5.0,0.0,52.0,0.0,34,58.962,56.87,0.098,20.481,272.993,2.494
2010-11-13 18:30:00,0.0,-3.0,284.0,0.0,0.0,5.0,0.0,51.0,0.0,34,58.253,53.18,0.195,21.363,309.037,2.55
2010-11-13 18:45:00,0.0,-2.0,285.0,0.0,0.0,6.0,0.0,51.0,0.0,34,57.595,52.18,0.098,21.756,307.057,3.125
2010-11-14 06:00:00,0.0,-3.0,284.0,0.0,-2.0,332.0,0.0,33.0,0.0,34,49.08,48.45,0.0,30.988,297.9,7.881
2010-11-14 06:15:00,2.0,-2.0,284.0,2.0,6.0,300.0,0.0,35.0,0.0,34,49.434,48.85,3.223,30.7,303.3,8.069
2010-11-14 06:30:00,3.0,16.0,285.0,8.0,25.0,313.0,0.0,36.0,444.0,34,49.434,48.95,10.938,31.006,307.08,6.975
2010-11-14 06:45:00,6.0,49.0,285.0,16.0,62.0,389.0,0.0,43.0,840.0,34,49.859,49.54,24.609,30.388,297.135,8.675
2010-11-14 07:00:00,10.0,87.0,285.0,24.0,101.0,412.0,0.0,53.0,-941.0,34,49.718,49.78,30.762,30.981,213.885,6.544
2010-11-14 07:15:00,18.0,163.0,284.0,47.0,179.0,380.0,0.0,58.0,975.0,34,50.396,52.57,244.629,30.525,303.975,8.775
2010-11-14 07:30:00,25.0,224.0,285.0,58.0,243.0,416.0,0.0,59.0,993.0,34,50.821,56.26,290.332,30.25,300.758,8.163
2010-11-14 07:45:00,38.0,326.0,285.0,85.0,349.0,406.0,0.0,58.0,995.0,34,51.196,58.72,359.277,29.856,218.34,5.575
2010-11-14 08:00:00,48.0,418.0,285.0,110.0,445.0,403.0,0.0,59.0,999.0,34,51.844,62.5,437.793,29.563,167.603,4.413
2010-11-14 08:15:00,46.0,400.0,284.0,109.0,427.0,391.0,0.0,59.0,999.0,34,52.846,66.33,458.105,28.912,241.537,3.113
2010-11-14 08:30:00,50.0,436.0,285.0,117.0,464.0,395.0,0.0,60.0,999.0,34,53.484,68.06,443.262,28.806,203.513,3.475
2010-11-14 08:45:00,68.0,591.0,285.0,158.0,630.0,398.0,0.0,59.0,999.0,34,53.95,68.1,463.477,29.288,119.745,2.031
2010-11-14 09:00:00,72.0,623.0,285.0,172.0,662.0,382.0,0.0,60.0,997.0,34,54.122,70.68,627.734,29.85,155.295,2.381
2010-11-14 09:15:00,83.0,710.0,285.0,199.0,758.0,381.0,0.0,61.0,999.0,34,55.145,78.40999999999998,696.094,28.963,181.688,1.338
2010-11-14 09:30:00,84.0,720.0,283.0,206.0,766.0,371.0,0.0,58.0,-999.0,34,56.38,77.7,758.8869999999998,28.75,120.105,2.206
2010-11-14 09:45:00,94.0,804.0,284.0,233.0,855.0,366.0,0.0,60.0,-999.0,34,57.038,77.68,761.133,28.231,98.91,2.213
2010-11-14 10:00:00,95.0,810.0,283.0,233.0,861.0,368.0,0.0,60.0,1000.0,34,57.818,83.73999999999998,866.0159999999998,27.731,105.435,1.694
2010-11-14 10:15:00,99.0,849.0,284.0,250.0,900.0,359.0,0.0,60.0,999.0,34,58.82,84.2,873.926,26.681,135.09,1.956
2010-11-14 10:30:00,97.0,830.0,283.0,240.0,882.0,366.0,0.0,60.0,999.0,34,59.276,84.59,889.648,26.475,168.57,2.106
2010-11-14 10:45:00,98.0,839.0,284.0,246.0,892.0,361.0,0.0,60.0,-999.0,34,59.974,88.48,903.418,25.975,203.017,1.538
2010-11-14 11:00:00,96.0,819.0,284.0,238.0,870.0,365.0,0.0,60.0,999.0,34,61.108,86.01,908.594,25.156,195.008,3.306
2010-11-14 11:15:00,103.0,880.0,284.0,258.0,935.0,361.0,0.0,58.0,-999.0,34,62.465,84.76999999999998,890.332,24.106,211.928,5.769
2010-11-14 11:30:00,101.0,865.0,284.0,257.0,920.0,357.0,0.0,61.0,-999.0,34,63.356,83.65,931.152,23.469,212.828,6.369
2010-11-14 11:45:00,88.0,749.0,283.0,217.0,797.0,367.0,0.0,60.0,999.0,34,64.126,83.58,902.5390000000002,22.769,248.063,6.519
2010-11-14 12:00:00,102.0,877.0,284.0,256.0,935.0,365.0,0.0,59.0,999.0,34,64.652,84.53,878.711,22.25,183.443,5.981
2010-11-14 12:15:00,100.0,854.0,283.0,248.0,908.0,365.0,0.0,60.0,999.0,34,65.31,84.4,915.0390000000002,21.994,193.68,5.169
2010-11-14 12:30:00,98.0,837.0,284.0,238.0,891.0,374.0,0.0,59.0,-999.0,34,65.999,83.40999999999998,884.863,21.719,231.188,7.55
2010-11-14 12:45:00,96.0,818.0,283.0,232.0,870.0,374.0,0.0,60.0,-999.0,34,66.333,81.45,862.5979999999998,21.363,260.123,9.406
2010-11-14 13:00:00,92.0,789.0,284.0,224.0,839.0,373.0,0.0,61.0,-998.0,34,66.667,81.18,833.594,21.331,251.168,9.256
2010-11-14 13:15:00,88.0,756.0,284.0,213.0,803.0,375.0,0.0,60.0,1000.0,34,67.112,80.23,798.926,21.363,260.01,10.869
2010-11-14 13:30:00,83.0,716.0,284.0,201.0,762.0,378.0,0.0,60.0,1000.0,34,67.153,79.19,760.547,22.144,286.717,11.481
2010-11-14 13:45:00,78.0,666.0,284.0,188.0,708.0,376.0,0.0,59.0,-999.0,34,67.285,80.08,717.188,22.263,291.803,10.0
2010-11-14 14:00:00,71.0,611.0,284.0,171.0,649.0,378.0,0.0,59.0,999.0,34,67.376,79.12,667.676,22.55,262.283,9.387
2010-11-14 14:15:00,65.0,553.0,283.0,152.0,588.0,384.0,0.0,60.0,-999.0,34,67.669,78.26999999999998,615.234,22.756,276.93,9.1
2010-11-14 14:30:00,58.0,500.0,283.0,137.0,534.0,387.0,0.0,58.0,-999.0,34,67.831,77.98,561.914,22.737,272.88,9.231000000000002
2010-11-14 14:45:00,50.0,429.0,283.0,119.0,459.0,385.0,0.0,59.0,996.0,34,67.801,76.31999999999998,469.141,23.044,216.608,7.543999999999999
2010-11-14 15:00:00,42.0,360.0,282.0,99.0,384.0,388.0,0.0,59.0,-999.0,34,67.771,75.22,442.09,22.463,224.618,6.512
2010-11-14 15:15:00,32.0,275.0,283.0,79.0,295.0,373.0,0.0,59.0,995.0,34,67.841,75.15,369.238,22.244,198.99,4.531
2010-11-14 15:30:00,15.0,132.0,282.0,38.0,145.0,380.0,0.0,58.0,979.0,34,67.659,73.14,179.199,22.5,195.142,4.269
2010-11-14 15:45:00,8.0,62.0,283.0,20.0,72.0,358.0,0.0,59.0,867.0,34,67.092,69.76,102.93,24.194,256.275,6.894
2010-11-14 16:00:00,4.0,31.0,282.0,11.0,40.0,361.0,0.0,58.0,718.0,34,66.383,67.43,71.875,24.556,238.095,6.05
2010-11-14 16:15:00,3.0,12.0,283.0,6.0,22.0,376.0,0.0,58.0,359.0,34,65.756,65.77,19.434,24.969,242.19,4.744
2010-11-14 16:30:00,2.0,0.0,283.0,2.0,8.0,306.0,0.0,58.0,0.0,34,64.925,63.99,10.352,24.931,214.313,3.287
2010-11-14 16:45:00,0.0,-3.0,282.0,0.0,-2.0,361.0,0.0,57.0,0.0,34,64.065,62.73,4.688,25.613,113.445,2.3
2010-11-14 17:00:00,3.0,-9.0,284.0,0.0,1.0,295.0,0.0,56.0,0.0,34,63.103,61.09,0.5859999999999999,27.475,81.518,2.494
2010-11-14 17:15:00,0.0,-3.0,283.0,0.0,0.0,19.0,0.0,55.0,0.0,34,63.072,61.25,0.098,28.163,175.388,3.037
2010-11-14 17:30:00,0.0,-2.0,284.0,0.0,0.0,7.0,0.0,54.0,0.0,34,63.265,61.08,0.098,27.894,290.475,4.675
2010-11-14 17:45:00,0.0,-2.0,283.0,0.0,0.0,5.0,0.0,53.0,0.0,34,63.538,61.57,0.098,27.694,303.84,5.206
2010-11-14 18:00:00,0.0,-2.0,285.0,0.0,0.0,6.0,0.0,52.0,0.0,34,63.417,60.49,0.0,28.244,292.612,3.175
2010-11-14 18:15:00,0.0,-3.0,285.0,0.0,0.0,6.0,0.0,52.0,0.0,34,62.597,58.01,0.098,29.481,292.658,2.213
2010-11-14 18:30:00,0.0,-2.0,285.0,0.0,-2.0,6.0,0.0,51.0,0.0,34,61.777,56.91,0.0,30.525,304.223,3.05
2010-11-14 18:45:00,0.0,-2.0,285.0,0.0,-2.0,6.0,0.0,50.0,0.0,34,61.291,57.24,0.098,31.1,301.815,2.775
2010-11-15 06:00:00,0.0,-2.0,282.0,0.0,-2.0,316.0,0.0,32.0,0.0,34,58.142,58.51,0.195,45.125,304.2,8.637
2010-11-15 06:15:00,3.0,-5.0,285.0,1.0,4.0,299.0,0.0,33.0,0.0,34,57.757,58.24,1.953,45.744,302.243,8.824999999999998
2010-11-15 06:30:04,3.0,8.0,285.0,5.0,17.0,308.0,0.0,34.0,239.0,34,,,,,,
2010-11-15 06:45:00,5.0,35.0,285.0,12.0,45.0,371.0,0.0,40.0,722.0,34,58.557,59.86,13.965,43.463,300.308,10.981
2010-11-15 07:00:00,9.0,75.0,284.0,24.0,87.0,362.0,0.0,48.0,903.0,34,58.81,60.01,16.211,43.519,303.818,10.837
2010-11-15 07:15:00,16.0,137.0,284.0,41.0,152.0,368.0,0.0,57.0,971.0,34,59.266,61.82,214.551,42.613,303.953,12.15
2010-11-15 07:30:00,26.0,225.0,283.0,59.0,247.0,413.0,0.0,58.0,993.0,34,60.156,64.65,289.941,41.275,302.22,11.419
2010-11-15 07:45:00,36.0,317.0,284.0,84.0,341.0,406.0,0.0,59.0,999.0,34,60.562,65.84,358.008,41.525,304.628,12.919
2010-11-15 08:00:00,46.0,398.0,283.0,107.0,425.0,394.0,0.0,58.0,999.0,34,61.209,67.6,423.438,39.556,301.14,12.919
2010-11-15 08:15:00,55.0,472.0,284.0,127.0,504.0,394.0,0.0,60.0,997.0,34,62.333,70.24,487.598,38.206,302.828,11.837
2010-11-15 08:30:00,63.0,538.0,284.0,145.0,575.0,395.0,0.0,59.0,997.0,34,63.022,72.34999999999998,547.656,36.994,301.005,12.65
2010-11-15 08:45:00,70.0,602.0,283.0,164.0,641.0,389.0,0.0,59.0,999.0,34,63.619,74.70999999999998,609.277,36.125,296.258,11.894
2010-11-15 09:00:00,76.0,654.0,284.0,180.0,698.0,386.0,0.0,61.0,-999.0,34,64.095,76.19,662.891,35.513,301.14,12.2
2010-11-15 09:15:00,82.0,704.0,284.0,194.0,752.0,386.0,0.0,59.0,-999.0,34,64.379,77.40999999999998,711.523,34.888,295.133,12.45
2010-11-15 09:30:00,88.0,746.0,282.0,208.0,795.0,381.0,0.0,61.0,999.0,34,65.027,78.95999999999998,755.7619999999998,33.406,286.943,12.425
2010-11-15 09:45:00,92.0,787.0,285.0,222.0,838.0,376.0,0.0,60.0,999.0,34,65.391,79.23999999999998,795.801,32.994,288.068,12.306
2010-11-15 10:00:00,95.0,815.0,284.0,226.0,870.0,383.0,0.0,60.0,999.0,34,66.039,80.97,831.25,31.531,294.818,12.313
2010-11-15 10:15:00,98.0,842.0,285.0,235.0,899.0,381.0,0.0,59.0,-998.0,34,66.728,81.67,861.719,30.081,294.998,12.975
2010-11-15 10:30:00,101.0,861.0,283.0,244.0,918.0,374.0,0.0,60.0,-999.0,34,67.224,81.48,884.4729999999998,29.231,276.277,11.95
2010-11-15 10:45:00,102.0,873.0,285.0,253.0,928.0,366.0,0.0,59.0,-1000.0,34,67.953,83.36,904.004,29.081,233.73,9.225
2010-11-15 11:00:00,102.0,881.0,286.0,253.0,938.0,369.0,0.0,60.0,-999.0,34,68.57,84.23,918.457,27.65,274.32,10.731
2010-11-15 11:15:00,104.0,889.0,285.0,254.0,947.0,372.0,0.0,59.0,999.0,34,69.087,85.23999999999998,928.418,26.456,285.165,11.012
2010-11-15 11:30:00,103.0,885.0,286.0,257.0,939.0,365.0,0.0,58.0,-999.0,34,69.623,85.62999999999998,930.469,25.588,262.62,9.625
2010-11-15 11:45:00,102.0,878.0,285.0,249.0,938.0,375.0,0.0,61.0,-999.0,34,70.211,86.62999999999998,929.785,24.631,280.058,10.25
2010-11-15 12:00:00,102.0,874.0,285.0,250.0,931.0,371.0,0.0,60.0,-999.0,34,70.474,85.83,922.949,24.106,285.862,11.106
2010-11-15 12:15:00,100.0,858.0,285.0,246.0,914.0,372.0,0.0,58.0,-1000.0,34,70.778,86.17,909.766,23.456,294.48,11.294
2010-11-15 12:30:00,98.0,838.0,285.0,239.0,895.0,374.0,0.0,59.0,-999.0,34,71.071,86.23999999999998,890.7229999999998,23.531,295.133,11.412
2010-11-15 12:45:00,95.0,816.0,286.0,236.0,866.0,366.0,0.0,61.0,-999.0,34,71.102,84.65,867.383,23.487,296.033,13.031
2010-11-15 13:00:00,92.0,788.0,284.0,223.0,838.0,374.0,0.0,58.0,-999.0,34,71.486,84.86,836.816,24.019,297.967,12.094
2010-11-15 13:15:00,87.0,750.0,285.0,212.0,797.0,376.0,0.0,60.0,-999.0,34,71.689,84.7,802.832,23.969,299.273,11.487
2010-11-15 13:30:00,82.0,704.0,284.0,198.0,750.0,378.0,0.0,60.0,-999.0,34,71.861,84.25,763.5739999999998,23.706,301.253,10.888
2010-11-15 13:45:00,77.0,661.0,284.0,186.0,704.0,377.0,0.0,60.0,-999.0,34,72.296,85.03,720.313,23.144,297.45,10.631
2010-11-15 14:00:00,71.0,608.0,283.0,171.0,646.0,378.0,0.0,60.0,-1000.0,34,72.367,83.62999999999998,672.949,22.844,298.755,10.344
2010-11-15 14:15:00,64.0,549.0,284.0,152.0,587.0,385.0,0.0,60.0,999.0,34,72.39799999999998,83.20999999999998,620.41,22.725,303.21,10.775
2010-11-15 14:30:00,57.0,490.0,284.0,138.0,521.0,375.0,0.0,60.0,-997.0,34,72.357,81.95,565.625,22.237,294.502,10.775
2010-11-15 14:45:00,48.0,421.0,285.0,116.0,448.0,385.0,0.0,60.0,-996.0,34,72.509,81.42,505.078,22.144,302.243,9.65
2010-11-15 15:00:00,40.0,349.0,284.0,95.0,373.0,391.0,0.0,58.0,-999.0,34,72.418,79.68,441.602,21.856,302.85,10.856
2010-11-15 15:15:00,30.0,263.0,284.0,72.0,283.0,388.0,0.0,59.0,994.0,34,72.24599999999998,79.01,376.074,22.0,307.44,8.281
2010-11-15 15:30:00,18.0,156.0,284.0,53.0,168.0,316.0,0.0,58.0,974.0,34,72.114,77.87,310.449,21.719,305.302,8.599999999999998
2010-11-15 15:45:00,10.0,82.0,284.0,28.0,91.0,318.0,0.0,59.0,896.0,34,71.861,76.53,243.75,21.306,306.428,8.544
2010-11-15 16:00:00,6.0,40.0,285.0,15.0,51.0,331.0,0.0,58.0,714.0,34,71.355,74.42,129.102,21.481,304.988,6.488
2010-11-15 16:15:00,3.0,14.0,285.0,7.0,24.0,323.0,0.0,58.0,407.0,34,70.778,70.54,15.82,21.588,308.948,5.1
2010-11-15 16:30:00,3.0,0.0,285.0,2.0,8.0,308.0,0.0,57.0,0.0,34,70.089,67.76,9.961,21.956,306.72,4.05
2010-11-15 16:45:00,0.0,-2.0,284.0,0.0,-2.0,346.0,0.0,56.0,0.0,34,69.107,66.02,0.0,22.663,311.153,3.119
2010-11-15 17:00:00,0.0,-3.0,282.0,0.0,-2.0,167.0,0.0,56.0,0.0,34,68.186,64.17,0.5859999999999999,23.325,308.025,3.456
2010-11-15 17:15:00,0.0,-2.0,283.0,0.0,0.0,17.0,0.0,55.0,0.0,34,67.568,63.78,0.098,23.862,309.533,3.513
2010-11-15 17:30:00,0.0,-3.0,282.0,0.0,0.0,9.0,0.0,54.0,0.0,34,66.586,61.97,0.0,25.069,310.298,2.25
2010-11-15 17:45:00,0.0,-2.0,284.0,0.0,0.0,9.0,0.0,53.0,0.0,34,66.1,62.27,0.0,25.194,308.723,3.969
2010-11-15 18:00:00,0.0,-2.0,284.0,0.0,-2.0,9.0,0.0,52.0,0.0,34,65.746,61.87,0.0,25.519,285.345,3.006
2010-11-15 18:15:00,0.0,-2.0,285.0,0.0,-2.0,9.0,0.0,51.0,0.0,34,65.766,63.22,0.0,24.956,307.89,7.05
2010-11-15 18:30:00,0.0,-3.0,285.0,0.0,-2.0,9.0,0.0,51.0,0.0,34,65.604,63.55,0.0,25.156,305.167,4.356
2010-11-15 18:45:00,0.0,-2.0,284.0,0.0,0.0,9.0,0.0,50.0,0.0,34,64.915,62.1,0.0,26.088,299.588,3.194
2010-11-16 06:00:00,0.0,-2.0,284.0,0.0,-2.0,331.0,0.0,34.0,0.0,34,46.376,39.78,0.0,60.213,213.48,0.688
2010-11-16 06:15:00,3.0,-5.0,284.0,1.0,4.0,297.0,0.0,36.0,0.0,34,45.506,37.22,1.465,61.819,212.625,0.531
2010-11-16 06:30:00,3.0,6.0,284.0,5.0,14.0,308.0,0.0,37.0,-199.0,34,45.425,35.77,6.641,62.769,235.8,1.144
2010-11-16 06:45:00,5.0,33.0,283.0,12.0,43.0,352.0,0.0,43.0,694.0,34,46.143,37.33,11.523,60.088,247.275,1.7
2010-11-16 07:00:00,9.0,74.0,283.0,22.0,87.0,395.0,0.0,52.0,901.0,34,46.66,39.2,13.867,58.9,241.133,1.519
2010-11-16 07:15:00,16.0,139.0,282.0,38.0,155.0,400.0,0.0,58.0,971.0,34,47.369,42.49,201.367,57.156,246.623,1.15
2010-11-16 07:30:00,22.0,191.0,283.0,65.0,206.0,318.0,0.0,57.0,979.0,34,48.493,50.58,290.43,54.544,237.24,1.138
2010-11-16 07:45:00,34.0,292.0,285.0,88.0,313.0,354.0,0.0,59.0,-995.0,34,49.697,59.58,361.035,51.569,296.415,1.531
2010-11-16 08:00:00,45.0,394.0,285.0,103.0,423.0,411.0,0.0,59.0,-996.0,34,51.439,65.38,423.535,47.475,312.097,2.825
2010-11-16 08:15:00,54.0,469.0,286.0,127.0,502.0,395.0,0.0,59.0,-997.0,34,52.694,71.28,486.816,45.6,319.005,1.575
2010-11-16 08:30:00,61.0,529.0,286.0,143.0,562.0,390.0,0.0,59.0,997.0,34,53.636,78.11,546.582,44.713,293.76,1.169
2010-11-16 08:45:00,68.0,587.0,284.0,162.0,626.0,383.0,0.0,59.0,-999.0,34,54.709,85.04999999999998,604.59,43.275,253.373,1.338
2010-11-16 09:00:00,74.0,637.0,285.0,179.0,677.0,377.0,0.0,59.0,999.0,34,55.985,88.65,660.938,40.981,119.025,1.006
2010-11-16 09:15:00,78.0,670.0,285.0,191.0,714.0,373.0,0.0,58.0,999.0,34,57.251,84.56,706.836,38.844,111.555,1.281
2010-11-16 09:30:00,83.0,714.0,286.0,205.0,758.0,369.0,0.0,60.0,998.0,34,58.081,83.86,750.488,38.194,163.238,1.294
2010-11-16 09:45:00,87.0,749.0,285.0,221.0,795.0,359.0,0.0,59.0,999.0,34,58.861,91.75,794.1409999999998,37.538,165.51,1.262
2010-11-16 10:00:00,90.0,774.0,284.0,227.0,824.0,362.0,0.0,60.0,998.0,34,60.015,92.58,828.125,35.938,166.883,1.756
2010-11-16 10:15:00,92.0,792.0,285.0,228.0,842.0,367.0,0.0,60.0,999.0,34,60.977,90.63,855.176,34.938,189.293,1.794
2010-11-16 10:30:00,94.0,810.0,284.0,238.0,860.0,361.0,0.0,58.0,-1000.0,34,62.161,98.64,880.371,33.431,234.653,1.194
2010-11-16 10:45:00,95.0,818.0,285.0,243.0,869.0,357.0,0.0,60.0,999.0,34,63.245,101.89,898.34,32.369,204.435,1.238
2010-11-16 11:00:00,96.0,826.0,285.0,249.0,877.0,352.0,0.0,60.0,-999.0,34,64.622,95.66,913.77,30.844,153.675,1.606
2010-11-16 11:15:00,96.0,826.0,284.0,254.0,874.0,344.0,0.0,60.0,999.0,34,65.249,95.36,920.605,29.9,157.522,1.581
2010-11-16 11:30:00,97.0,834.0,285.0,254.0,885.0,347.0,0.0,58.0,-999.0,34,66.201,88.51999999999998,923.047,29.25,165.285,1.881
2010-11-16 11:45:00,96.0,826.0,284.0,252.0,876.0,348.0,0.0,59.0,-999.0,34,67.669,99.12,928.125,27.075,199.327,2.037
2010-11-16 12:00:00,96.0,820.0,283.0,248.0,870.0,350.0,0.0,59.0,999.0,34,68.945,103.62,925.781,26.038,198.135,2.35
2010-11-16 12:15:00,96.0,824.0,283.0,245.0,876.0,356.0,0.0,59.0,-999.0,34,70.302,102.82,916.113,24.75,190.508,3.225
2010-11-16 12:30:00,94.0,814.0,285.0,244.0,861.0,352.0,0.0,60.0,1000.0,34,71.355,101.21,902.246,23.563,183.758,3.731
2010-11-16 12:45:00,92.0,792.0,284.0,233.0,842.0,361.0,0.0,61.0,-999.0,34,72.074,100.51,879.4919999999998,22.788,196.223,4.163
2010-11-16 13:00:00,88.0,756.0,284.0,231.0,799.0,345.0,0.0,61.0,-999.0,34,72.519,99.47,852.051,22.3,213.818,4.081
2010-11-16 13:15:00,84.0,722.0,284.0,208.0,766.0,368.0,0.0,60.0,999.0,34,73.349,99.89,820.605,21.4,224.123,3.994
2010-11-16 13:30:00,80.0,683.0,284.0,200.0,726.0,362.0,0.0,60.0,-999.0,34,73.896,101.69,777.9299999999998,21.169,219.532,3.037
2010-11-16 13:45:00,75.0,642.0,284.0,188.0,684.0,364.0,0.0,60.0,-999.0,34,74.534,102.27,738.77,19.269,256.905,2.95
2010-11-16 14:00:00,69.0,594.0,284.0,176.0,631.0,358.0,0.0,61.0,-997.0,34,75.34399999999998,100.77,693.555,16.756,274.455,3.481
2010-11-16 14:15:00,63.0,541.0,284.0,156.0,577.0,368.0,0.0,60.0,997.0,34,76.033,98.93,640.332,15.313,275.76,3.581
2010-11-16 14:30:00,56.0,480.0,284.0,139.0,511.0,366.0,0.0,59.0,997.0,34,75.84,96.93,583.398,16.413,252.698,3.594
2010-11-16 14:45:00,48.0,414.0,284.0,120.0,441.0,365.0,0.0,60.0,996.0,34,75.577,94.57,519.824,18.794,226.665,3.456
2010-11-16 15:00:00,40.0,349.0,283.0,99.0,371.0,372.0,0.0,59.0,-996.0,34,75.14199999999998,91.83,454.688,18.794,241.83,2.881
2010-11-16 15:15:00,30.0,265.0,283.0,77.0,287.0,371.0,0.0,60.0,989.0,34,75.0,87.81,388.184,15.881,240.413,3.65
2010-11-16 15:30:00,17.0,153.0,283.0,51.0,167.0,324.0,0.0,58.0,-974.0,34,74.2,84.58,319.238,18.588,261.9,3.5
2010-11-16 15:45:00,10.0,81.0,283.0,28.0,91.0,327.0,0.0,58.0,895.0,34,73.765,81.79999999999998,246.191,14.713,295.29,4.506
2010-11-16 16:00:00,6.0,37.0,284.0,15.0,47.0,319.0,0.0,59.0,-699.0,34,73.046,76.95999999999998,118.848,13.331,301.455,5.656
2010-11-16 16:15:00,3.0,13.0,284.0,6.0,21.0,326.0,0.0,58.0,370.0,34,72.22499999999998,72.67,15.234,13.413,302.513,7.244
2010-11-16 16:30:00,3.0,0.0,283.0,2.0,8.0,306.0,0.0,57.0,0.0,34,71.476,70.84,9.961,14.25,304.155,7.525
2010-11-16 16:45:00,0.0,-2.0,283.0,0.0,-2.0,339.0,0.0,56.0,0.0,34,70.636,69.05,3.613,15.069,308.948,6.488
2010-11-16 17:00:00,0.0,-3.0,282.0,0.0,0.0,154.0,0.0,56.0,0.0,34,69.765,67.63,0.4879999999999999,15.675,307.103,6.594
2010-11-16 17:15:00,0.0,-3.0,284.0,0.0,0.0,18.0,0.0,55.0,0.0,34,69.158,67.27,0.2929999999999999,16.194,304.605,6.181
2010-11-16 17:30:00,0.0,-2.0,285.0,0.0,0.0,9.0,0.0,54.0,0.0,34,68.358,65.75,0.2929999999999999,17.425,290.88,6.369
2010-11-16 17:45:00,0.0,-2.0,284.0,0.0,0.0,9.0,0.0,53.0,0.0,34,67.862,64.9,0.098,21.15,290.07,5.488
2010-11-16 18:00:00,0.0,-2.0,285.0,0.0,0.0,10.0,0.0,52.0,0.0,34,66.849,63.29,0.098,23.919,246.533,2.337
2010-11-16 18:15:00,0.0,-2.0,286.0,0.0,0.0,10.0,0.0,52.0,0.0,34,65.138,63.46,0.098,27.706,144.54,2.275
2010-11-16 18:30:00,0.0,-2.0,286.0,0.0,-2.0,10.0,0.0,51.0,0.0,34,65.199,64.52,0.098,23.969,187.02,2.956
2010-11-16 18:45:00,0.0,-2.0,286.0,0.0,0.0,10.0,0.0,51.0,0.0,34,65.968,64.03,0.098,19.1,212.22,2.938
2010-11-17 06:00:00,0.0,-3.0,285.0,0.0,-2.0,321.0,0.0,34.0,0.0,34,45.485,35.63,0.0,51.131,281.205,0.45
2010-11-17 06:15:00,3.0,-6.0,284.0,1.0,4.0,298.0,0.0,36.0,0.0,34,44.554,33.14,1.074,54.081,271.417,0.8379999999999999
2010-11-17 06:30:00,3.0,6.0,285.0,4.0,14.0,318.0,0.0,36.0,0.0,34,43.967,32.06,6.152,54.725,265.185,0.4
2010-11-17 06:45:00,5.0,29.0,285.0,11.0,39.0,333.0,0.0,42.0,646.0,34,43.086,31.87,12.988,57.525,241.223,0.8439999999999999
2010-11-17 07:00:00,9.0,72.0,285.0,22.0,83.0,369.0,0.0,51.0,915.0,34,43.754,33.32,17.48,56.206,247.68,1.044
2010-11-17 07:15:00,15.0,129.0,285.0,40.0,144.0,354.0,0.0,58.0,969.0,34,44.908,36.88,184.18,53.769,281.655,1.469
2010-11-17 07:30:00,25.0,224.0,285.0,58.0,243.0,417.0,0.0,59.0,993.0,34,46.538,46.78,282.715,50.456,257.378,1.344
2010-11-17 07:45:00,35.0,309.0,285.0,79.0,334.0,421.0,0.0,58.0,-995.0,34,47.591,55.55,351.367,49.188,195.728,0.894
2010-11-17 08:00:00,45.0,391.0,284.0,102.0,418.0,408.0,0.0,59.0,996.0,34,49.12,63.88,417.48,45.213,277.808,1.831
2010-11-17 08:15:00,53.0,464.0,286.0,123.0,498.0,404.0,0.0,59.0,-996.0,34,51.044,69.82,480.371,41.088,289.597,1.525
2010-11-17 08:30:00,61.0,527.0,285.0,142.0,564.0,396.0,0.0,59.0,-997.0,34,52.279,76.0,543.848,37.975,267.75,1.837
2010-11-17 08:45:00,68.0,585.0,285.0,159.0,626.0,392.0,0.0,59.0,-999.0,34,53.393,82.76999999999998,606.445,34.45,278.235,1.706
2010-11-17 09:00:00,74.0,642.0,287.0,181.0,680.0,374.0,0.0,59.0,-999.0,34,54.304,87.09,663.965,32.575,248.783,1.45
2010-11-17 09:15:00,80.0,685.0,285.0,191.0,731.0,381.0,0.0,58.0,997.0,34,54.962,90.43,719.043,31.869,248.648,1.125
2010-11-17 09:30:00,84.0,723.0,285.0,203.0,770.0,378.0,0.0,60.0,999.0,34,56.188,93.06,766.4059999999998,29.4,201.263,1.581
2010-11-17 09:45:00,88.0,761.0,286.0,219.0,808.0,367.0,0.0,61.0,1000.0,34,56.836,95.44,808.691,28.506,183.915,0.894
2010-11-17 10:00:00,92.0,787.0,284.0,228.0,837.0,365.0,0.0,60.0,999.0,34,57.929,94.8,837.109,26.725,216.36,1.25
2010-11-17 10:15:00,94.0,807.0,285.0,236.0,858.0,363.0,0.0,60.0,999.0,34,58.759,92.23,874.5119999999998,25.95,83.318,1.356
2010-11-17 10:30:00,95.0,822.0,285.0,243.0,873.0,358.0,0.0,60.0,-999.0,34,59.458,95.34,890.82,24.844,207.878,1.45
2010-11-17 10:45:00,97.0,834.0,284.0,245.0,884.0,360.0,0.0,60.0,1000.0,34,60.612,91.65,910.156,24.319,139.432,1.538
2010-11-17 11:00:00,98.0,847.0,286.0,250.0,900.0,359.0,0.0,60.0,-999.0,34,61.675,88.04999999999998,922.266,23.438,122.423,2.375
2010-11-17 11:15:00,99.0,849.0,284.0,259.0,901.0,346.0,0.0,59.0,999.0,34,62.09,82.81,930.957,23.169,140.693,2.081
2010-11-17 11:30:00,99.0,849.0,284.0,251.0,903.0,358.0,0.0,60.0,999.0,34,63.052,85.36,932.324,22.206,134.258,2.194
2010-11-17 11:45:00,98.0,843.0,285.0,259.0,893.0,344.0,0.0,59.0,999.0,34,63.569,81.95999999999998,932.715,20.9,130.702,2.406
2010-11-17 12:00:00,97.0,833.0,283.0,252.0,882.0,350.0,0.0,58.0,-999.0,34,63.903,93.09,926.465,19.581,227.385,2.094
2010-11-17 12:15:00,95.0,818.0,283.0,247.0,868.0,351.0,0.0,59.0,1000.0,34,64.47,95.17,911.523,18.762,155.857,1.413
2010-11-17 12:30:00,94.0,803.0,284.0,232.0,853.0,367.0,0.0,61.0,999.0,34,64.632,81.37,891.9919999999998,18.362,111.015,2.631
2010-11-17 12:45:00,91.0,780.0,284.0,232.0,828.0,356.0,0.0,60.0,-999.0,34,64.693,81.90999999999998,867.773,17.862,120.803,1.75
2010-11-17 13:00:00,87.0,747.0,285.0,215.0,795.0,368.0,0.0,60.0,999.0,34,65.371,86.67,839.1599999999999,16.975,140.872,1.913
2010-11-17 13:15:00,83.0,719.0,286.0,212.0,765.0,359.0,0.0,60.0,999.0,34,66.029,85.39,806.738,16.1,127.058,2.181
2010-11-17 13:30:00,79.0,680.0,283.0,196.0,725.0,369.0,0.0,60.0,999.0,34,66.333,86.29999999999998,768.2619999999998,15.875,134.46,2.019
2010-11-17 13:45:00,74.0,638.0,285.0,184.0,680.0,367.0,0.0,60.0,-1000.0,34,66.373,82.98,726.172,15.613,162.698,1.75
2010-11-17 14:00:00,69.0,594.0,284.0,170.0,630.0,370.0,0.0,59.0,-999.0,34,66.556,84.31999999999998,653.809,15.213,78.683,1.737
2010-11-17 14:15:00,61.0,526.0,285.0,148.0,562.0,378.0,0.0,59.0,999.0,34,66.677,83.93,620.41,14.813,140.76,1.762
2010-11-17 14:30:00,55.0,479.0,285.0,136.0,508.0,372.0,0.0,60.0,999.0,34,66.586,79.37999999999998,559.961,15.069,122.332,1.769
2010-11-17 14:45:00,47.0,405.0,285.0,114.0,430.0,376.0,0.0,60.0,999.0,34,66.323,77.72,499.902,15.281,176.58,1.406
2010-11-17 15:00:00,39.0,341.0,285.0,95.0,363.0,378.0,0.0,60.0,-999.0,34,65.958,74.81,437.012,15.106,170.145,1.8
2010-11-17 15:15:00,29.0,252.0,285.0,73.0,271.0,368.0,0.0,60.0,-994.0,34,65.816,74.48999999999998,370.215,15.619,122.603,1.275
2010-11-17 15:30:00,16.0,143.0,285.0,50.0,157.0,314.0,0.0,58.0,-954.0,34,65.3,72.48999999999998,302.344,15.631,165.915,1.381
2010-11-17 15:45:00,9.0,74.0,285.0,27.0,85.0,312.0,0.0,59.0,-872.0,34,64.51,69.64,232.617,15.963,145.327,1.462
2010-11-17 16:00:00,5.0,32.0,287.0,14.0,43.0,311.0,0.0,58.0,-631.0,34,64.034,66.93,101.855,16.65,125.303,1.169
2010-11-17 16:15:00,3.0,10.0,285.0,6.0,20.0,309.0,0.0,58.0,-296.0,34,63.255,63.86,17.676,17.044,156.082,0.9
2010-11-17 16:30:00,3.0,-3.0,285.0,2.0,6.0,300.0,0.0,57.0,0.0,34,62.364,61.88,9.863,17.606,111.375,0.6999999999999998
2010-11-17 16:45:00,0.0,-2.0,285.0,0.0,-2.0,353.0,0.0,57.0,0.0,34,61.463,58.54,3.418,18.406,88.583,0.45
2010-11-17 17:00:00,0.0,-2.0,284.0,0.0,-2.0,150.0,0.0,56.0,0.0,34,60.572,55.25,0.4879999999999999,19.163,85.703,0.5809999999999998
2010-11-17 17:15:00,0.0,-2.0,283.0,0.0,0.0,19.0,0.0,55.0,0.0,34,59.802,52.13,0.195,19.625,68.197,0.313
2010-11-17 17:30:00,0.0,-3.0,283.0,0.0,0.0,11.0,0.0,54.0,0.0,34,59.063,50.01,0.098,20.181,65.227,0.7119999999999999
2010-11-17 17:45:00,0.0,-3.0,284.0,0.0,-2.0,12.0,0.0,53.0,0.0,34,57.656,47.26,0.098,22.575,64.102,0.0
2010-11-17 18:00:00,0.0,-2.0,285.0,0.0,-2.0,12.0,0.0,52.0,0.0,34,56.066,44.37,0.195,24.125,64.125,0.0379999999999999
2010-11-17 18:15:00,0.0,-2.0,285.0,0.0,0.0,12.0,0.0,52.0,0.0,34,54.78,42.22,0.098,25.531,64.125,0.0
2010-11-17 18:30:00,0.0,-2.0,283.0,0.0,-2.0,12.0,0.0,51.0,0.0,34,53.515,40.32,0.2929999999999999,27.163,64.148,0.0
2010-11-17 18:45:00,0.0,-2.0,284.0,0.0,0.0,13.0,0.0,51.0,0.0,34,52.725,38.69,0.195,27.256,100.935,0.55
2010-11-18 06:00:00,0.0,-2.0,283.0,0.0,-2.0,316.0,0.0,34.0,0.0,34,40.484,32.69,0.0,51.681,279.135,0.95
2010-11-18 06:15:00,3.0,-3.0,282.0,1.0,5.0,297.0,0.0,36.0,0.0,34,39.532,31.05,1.855,55.475,256.118,0.55
2010-11-18 06:30:00,3.0,6.0,283.0,5.0,16.0,306.0,0.0,36.0,199.0,34,39.238,30.39,8.301,57.6,258.165,0.006
2010-11-18 06:45:00,5.0,33.0,283.0,13.0,44.0,335.0,0.0,42.0,714.0,34,38.853,29.7,16.895,59.244,258.188,0.081
2010-11-18 07:00:00,9.0,76.0,283.0,23.0,90.0,389.0,0.0,52.0,-904.0,34,39.471,30.09,23.535,58.2,315.09,1.55
2010-11-18 07:15:00,15.0,132.0,283.0,37.0,147.0,395.0,0.0,58.0,-970.0,34,40.889,34.78,169.043,54.013,343.08,1.313
2010-11-18 07:30:00,27.0,234.0,283.0,58.0,255.0,432.0,0.0,59.0,988.0,34,42.397,43.05,220.215,49.238,349.448,0.788
2010-11-18 07:45:00,37.0,322.0,282.0,84.0,345.0,410.0,0.0,59.0,-995.0,34,43.956,49.71,360.547,46.4,320.152,1.469
2010-11-18 08:00:00,48.0,413.0,283.0,107.0,444.0,413.0,0.0,58.0,-996.0,34,45.566,59.92,416.113,44.6,316.125,0.55
2010-11-18 08:15:00,59.0,508.0,284.0,132.0,545.0,411.0,0.0,60.0,-999.0,34,46.984,67.77,499.219,43.175,316.598,0.162
2010-11-18 08:30:00,61.0,523.0,282.0,140.0,560.0,398.0,0.0,59.0,-997.0,34,48.908,68.58,563.184,39.75,165.172,0.988
2010-11-18 08:45:00,66.0,567.0,282.0,155.0,604.0,389.0,0.0,58.0,-999.0,34,50.619,71.17,610.547,35.769,149.22,1.181
2010-11-18 09:00:00,78.0,670.0,283.0,186.0,715.0,384.0,0.0,61.0,-999.0,34,52.168,72.81999999999998,650.098,29.35,74.79,1.887
2010-11-18 09:15:00,80.0,680.0,283.0,190.0,725.0,379.0,0.0,59.0,-999.0,34,53.018,79.0,713.867,26.838,117.922,1.462
2010-11-18 09:30:00,85.0,726.0,282.0,204.0,773.0,377.0,0.0,60.0,-999.0,34,53.757,81.78,762.8909999999998,26.387,85.973,0.944
2010-11-18 09:45:00,89.0,758.0,282.0,219.0,808.0,368.0,0.0,60.0,-999.0,34,54.568,88.44,803.711,26.063,149.017,0.806
2010-11-18 10:00:00,92.0,785.0,283.0,230.0,834.0,362.0,0.0,60.0,1000.0,34,55.722,84.29,839.258,25.3,150.885,1.45
2010-11-18 10:15:00,93.0,793.0,282.0,230.0,845.0,365.0,0.0,60.0,999.0,34,57.018,80.72,873.2419999999998,23.494,158.58,2.45
2010-11-18 10:30:00,96.0,814.0,283.0,238.0,868.0,362.0,0.0,60.0,-998.0,34,58.01,79.98,860.938,22.85,125.955,1.319
2010-11-18 10:45:00,100.0,855.0,283.0,249.0,908.0,364.0,0.0,60.0,999.0,34,58.881,83.29,887.0119999999998,21.719,106.74,1.663
2010-11-18 11:00:00,102.0,874.0,285.0,260.0,928.0,356.0,0.0,60.0,999.0,34,59.873,82.51,939.258,21.188,132.503,2.181
2010-11-18 11:15:00,103.0,889.0,285.0,262.0,943.0,358.0,0.0,60.0,-1000.0,34,60.916,81.03,955.078,19.825,112.185,2.575
2010-11-18 11:30:00,99.0,851.0,285.0,252.0,905.0,358.0,0.0,61.0,-999.0,34,61.665,79.11,933.691,19.956,139.883,3.188
2010-11-18 11:45:00,98.0,847.0,285.0,251.0,900.0,357.0,0.0,59.0,-1000.0,34,62.627,76.44,932.422,19.3,133.403,2.737
2010-11-18 12:00:00,98.0,849.0,287.0,257.0,899.0,349.0,0.0,59.0,-999.0,34,63.204,80.06,923.535,19.188,137.992,2.481
2010-11-18 12:15:00,93.0,801.0,285.0,237.0,850.0,358.0,0.0,60.0,-999.0,34,64.126,81.94,913.574,18.506,140.31,1.85
2010-11-18 12:30:00,94.0,814.0,285.0,242.0,865.0,356.0,0.0,60.0,-999.0,34,64.855,87.84999999999998,883.301,17.981,144.878,1.975
2010-11-18 12:45:00,91.0,788.0,286.0,232.0,835.0,358.0,0.0,61.0,999.0,34,65.705,78.78,879.7849999999999,17.006,170.483,2.525
2010-11-18 13:00:00,91.0,787.0,285.0,235.0,838.0,356.0,0.0,60.0,998.0,34,66.181,86.64,838.77,16.525,170.528,2.194
2010-11-18 13:15:00,83.0,712.0,286.0,206.0,757.0,366.0,0.0,60.0,999.0,34,67.112,83.20999999999998,815.918,16.831,152.842,2.706
2010-11-18 13:30:00,80.0,691.0,285.0,201.0,733.0,363.0,0.0,60.0,1000.0,34,67.528,85.31999999999998,760.1559999999998,16.438,182.633,1.919
2010-11-18 13:45:00,70.0,604.0,285.0,175.0,643.0,366.0,0.0,60.0,999.0,34,67.224,87.19,714.258,16.763,84.23999999999998,1.281
2010-11-18 14:00:00,68.0,589.0,287.0,171.0,625.0,363.0,0.0,59.0,999.0,34,67.072,82.9,666.602,17.156,105.75,2.0
2010-11-18 14:15:00,56.0,486.0,285.0,139.0,515.0,370.0,0.0,59.0,999.0,34,67.052,83.34999999999998,604.199,16.95,167.445,1.406
2010-11-18 14:30:00,46.0,402.0,285.0,113.0,427.0,378.0,0.0,60.0,999.0,34,67.112,83.53,462.305,17.275,109.238,1.613
2010-11-18 14:45:00,43.0,372.0,285.0,104.0,398.0,382.0,0.0,59.0,996.0,34,66.444,74.78,394.238,17.869,100.508,1.6
2010-11-18 15:00:00,29.0,253.0,286.0,70.0,272.0,387.0,0.0,59.0,989.0,34,66.353,77.09999999999998,355.957,17.644,58.815,0.563
2010-11-18 15:15:00,28.0,243.0,285.0,68.0,263.0,381.0,0.0,59.0,994.0,34,66.292,75.72,297.656,17.819,70.493,0.7379999999999999
2010-11-18 15:30:00,17.0,152.0,286.0,53.0,167.0,314.0,0.0,59.0,957.0,34,66.13,73.08,256.836,18.894,115.673,1.131
2010-11-18 15:45:00,12.0,103.0,284.0,32.0,118.0,363.0,0.0,58.0,927.0,34,65.594,70.45,227.246,19.288,96.007,0.906
2010-11-18 16:00:00,7.0,56.0,285.0,19.0,68.0,366.0,0.0,58.0,839.0,34,65.158,67.71,109.18,19.588,70.538,1.681
2010-11-18 16:15:00,4.0,18.0,284.0,8.0,29.0,359.0,0.0,59.0,499.0,34,64.429,64.37,38.184,21.2,82.215,1.388
2010-11-18 16:30:00,3.0,0.0,283.0,3.0,9.0,306.0,0.0,58.0,0.0,34,63.376,61.26,17.969,23.281,24.097,0.8249999999999998
2010-11-18 16:45:00,0.0,-3.0,282.0,0.0,-2.0,326.0,0.0,57.0,0.0,34,62.182,58.31,4.004,24.719,60.593,0.794
2010-11-18 17:00:00,0.0,-3.0,284.0,0.0,-2.0,99.0,0.0,56.0,0.0,34,60.936,53.81,0.2929999999999999,25.781,79.47,0.5939999999999999
2010-11-18 17:15:00,0.0,-3.0,283.0,0.0,0.0,14.0,0.0,55.0,0.0,34,59.66,49.86,0.098,27.244,67.59,1.138
2010-11-18 17:30:00,0.0,-3.0,284.0,0.0,0.0,11.0,0.0,54.0,0.0,34,58.992,49.44,0.098,27.456,115.38,0.881
2010-11-18 17:45:00,0.0,-2.0,284.0,0.0,-2.0,11.0,0.0,53.0,0.0,34,58.547,49.21,0.098,27.238,3.555,0.644
2010-11-18 18:00:00,0.0,-2.0,283.0,0.0,0.0,11.0,0.0,52.0,0.0,34,57.139,46.62,0.098,29.075,229.298,0.5939999999999999
2010-11-18 18:15:00,0.0,-3.0,285.0,0.0,-2.0,12.0,0.0,52.0,0.0,34,56.096,45.1,0.0,30.419,314.325,0.325
2010-11-18 18:30:00,0.0,-2.0,285.0,0.0,-2.0,13.0,0.0,51.0,0.0,34,56.046,45.49,0.098,28.406,88.92,0.2999999999999999
2010-11-18 18:45:00,0.0,-2.0,285.0,0.0,0.0,14.0,0.0,51.0,0.0,34,56.096,45.89,0.098,28.038,83.858,0.5939999999999999
2010-11-19 06:00:00,0.0,-3.0,283.0,0.0,-2.0,265.0,0.0,34.0,0.0,34,46.022,38.05,0.0,47.906,307.53,1.175
2010-11-19 06:15:00,3.0,-5.0,283.0,1.0,5.0,297.0,0.0,34.0,0.0,34,45.647,37.37,2.832,49.3,297.203,0.906
2010-11-19 06:30:00,0.0,-2.0,283.0,0.0,-2.0,434.0,0.0,36.0,0.0,34,45.04,36.75,5.273,51.2,259.763,1.106
2010-11-19 06:45:00,6.0,44.0,282.0,14.0,56.0,391.0,0.0,42.0,824.0,34,44.675,37.14,27.637,52.825,263.745,0.819
2010-11-19 07:00:00,10.0,81.0,283.0,22.0,95.0,425.0,0.0,54.0,922.0,34,45.465,39.56,57.227,51.3,282.555,1.394
2010-11-19 07:15:00,13.0,109.0,282.0,30.0,122.0,398.0,0.0,58.0,952.0,34,47.348,43.52,109.766,47.175,298.013,1.725
2010-11-19 07:30:00,16.0,141.0,283.0,39.0,157.0,399.0,0.0,58.0,-963.0,34,48.685,47.43,112.695,45.425,303.053,1.488
2010-11-19 07:45:00,24.0,207.0,284.0,57.0,226.0,396.0,0.0,59.0,-987.0,34,49.94,49.71,167.383,44.106,323.573,0.519
2010-11-19 08:00:00,33.0,284.0,283.0,76.0,307.0,405.0,0.0,59.0,-990.0,34,51.459,55.05,201.563,43.719,329.85,0.156
2010-11-19 08:15:00,32.0,278.0,284.0,76.0,299.0,393.0,0.0,58.0,-995.0,34,52.988,60.58,262.305,42.331,259.717,0.512
2010-11-19 08:30:00,37.0,321.0,284.0,85.0,346.0,405.0,0.0,60.0,-999.0,34,54.193,64.54,291.992,39.431,245.993,0.319
2010-11-19 08:45:00,42.0,363.0,284.0,97.0,387.0,396.0,0.0,59.0,-996.0,34,55.752,67.9,304.883,36.881,258.57,0.662
2010-11-19 09:00:00,39.0,338.0,285.0,92.0,361.0,391.0,0.0,58.0,-995.0,34,56.957,71.16,359.277,34.094,318.893,0.2439999999999999
2010-11-19 09:15:00,44.0,386.0,285.0,105.0,413.0,389.0,0.0,59.0,996.0,34,58.192,72.42,357.715,31.375,270.248,0.444
2010-11-19 09:30:00,39.0,338.0,284.0,96.0,363.0,374.0,0.0,60.0,-995.0,34,59.114,71.77,313.867,31.325,109.193,0.65
2010-11-19 09:45:00,41.0,356.0,284.0,98.0,379.0,385.0,0.0,58.0,-999.0,34,59.397,67.43,313.867,30.869,105.84,1.587
2010-11-19 10:00:00,39.0,337.0,285.0,92.0,361.0,391.0,0.0,59.0,-995.0,34,59.63,67.57,318.262,30.25,111.015,0.8249999999999998
2010-11-19 10:15:00,41.0,351.0,284.0,95.0,373.0,389.0,0.0,59.0,-996.0,34,60.076,71.42,296.094,29.238,179.865,1.206
2010-11-19 10:30:00,32.0,279.0,284.0,78.0,301.0,383.0,0.0,58.0,-995.0,34,60.632,72.56999999999998,320.508,29.231,102.757,0.688
2010-11-19 10:45:00,41.0,360.0,284.0,97.0,387.0,398.0,0.0,59.0,-996.0,34,61.24,70.09,300.586,29.231,144.315,1.163
2010-11-19 11:00:00,52.0,450.0,283.0,123.0,480.0,390.0,0.0,59.0,-999.0,34,62.232,70.92,339.16,28.069,80.438,1.95
2010-11-19 11:15:00,49.0,422.0,284.0,118.0,448.0,378.0,0.0,59.0,-996.0,34,63.062,72.0,452.93,27.981,107.82,2.256
2010-11-19 11:30:00,65.0,560.0,284.0,155.0,596.0,384.0,0.0,59.0,-999.0,34,64.308,73.76999999999998,415.234,27.531,101.655,1.787
2010-11-19 11:45:00,54.0,467.0,283.0,131.0,498.0,379.0,0.0,59.0,-999.0,34,65.411,72.14,496.777,26.581,138.083,3.537
2010-11-19 12:00:00,48.0,419.0,285.0,116.0,446.0,383.0,0.0,59.0,-999.0,34,66.788,72.54,473.828,23.975,148.253,3.706
2010-11-19 12:15:00,105.0,896.0,284.0,251.0,954.0,379.0,0.0,59.0,999.0,34,67.416,73.31999999999998,506.836,23.388,137.835,3.731
2010-11-19 12:30:00,105.0,900.0,285.0,256.0,958.0,374.0,0.0,59.0,-999.0,34,68.267,74.5,712.988,22.556,142.807,4.538
2010-11-19 12:45:00,56.0,481.0,283.0,135.0,513.0,378.0,0.0,58.0,-999.0,34,68.246,74.37999999999998,600.977,22.669,141.458,4.556
2010-11-19 13:00:00,89.0,769.0,285.0,217.0,818.0,375.0,0.0,60.0,999.0,34,68.732,75.20999999999998,631.055,22.263,143.235,4.05
2010-11-19 13:15:00,66.0,562.0,283.0,157.0,603.0,383.0,0.0,60.0,-997.0,34,68.864,76.34999999999998,680.078,22.063,122.445,3.919
2010-11-19 13:30:00,41.0,351.0,283.0,98.0,373.0,378.0,0.0,59.0,-996.0,34,68.358,74.51,477.93,22.463,118.62,4.613
2010-11-19 13:45:00,85.0,730.0,285.0,205.0,776.0,378.0,0.0,60.0,999.0,34,68.297,73.81999999999998,605.078,22.313,124.2,5.169
2010-11-19 14:00:00,79.0,680.0,284.0,189.0,726.0,383.0,0.0,59.0,-997.0,34,69.036,76.53,702.93,21.881,124.065,4.275
2010-11-19 14:15:00,19.0,164.0,284.0,56.0,178.0,316.0,0.0,58.0,975.0,34,69.694,74.98999999999998,351.66,21.8,127.98,4.238
2010-11-19 14:30:00,23.0,205.0,283.0,68.0,221.0,322.0,0.0,59.0,-986.0,34,68.601,71.86,204.004,22.544,118.89,4.2
2010-11-19 14:45:00,30.0,260.0,283.0,72.0,280.0,386.0,0.0,60.0,-994.0,34,68.297,71.63,258.496,23.1,129.533,3.763
2010-11-19 15:00:00,22.0,191.0,284.0,55.0,207.0,378.0,0.0,58.0,986.0,34,69.259,73.15,322.754,21.331,160.853,3.569
2010-11-19 15:15:00,0.0,-2.0,284.0,0.0,-2.0,442.0,0.0,56.0,0.0,34,69.796,74.98,138.867,18.081,178.358,3.837
2010-11-19 15:30:00,0.0,-2.0,284.0,0.0,-2.0,438.0,0.0,55.0,0.0,34,69.745,73.03,103.32,18.25,175.365,3.575
2010-11-19 15:45:00,0.0,-3.0,285.0,0.0,-2.0,434.0,0.0,54.0,0.0,34,69.198,71.85,79.688,18.844,171.563,3.637
2010-11-19 16:00:00,0.0,-2.0,286.0,0.0,-2.0,420.0,0.0,53.0,0.0,34,68.854,70.66,52.344,18.819,181.013,4.075
2010-11-19 16:15:00,0.0,-3.0,285.0,0.0,-2.0,413.0,0.0,52.0,0.0,34,68.277,69.35,31.152,18.119,191.115,4.044
2010-11-19 16:30:00,0.0,-3.0,285.0,0.0,-2.0,369.0,0.0,51.0,0.0,34,67.426,67.87,11.035,18.975,167.467,4.525
2010-11-19 16:45:00,0.0,-3.0,284.0,0.0,-2.0,301.0,0.0,50.0,0.0,34,66.272,66.72,1.66,19.85,168.03,4.35
2010-11-19 17:00:00,0.0,-3.0,282.0,0.0,-2.0,73.0,0.0,49.0,0.0,34,64.915,65.09,0.2929999999999999,24.244,164.25,3.619
2010-11-19 17:15:00,0.0,-3.0,284.0,0.0,-2.0,13.0,0.0,48.0,0.0,34,64.379,66.12,0.195,24.544,151.448,5.488
2010-11-19 17:30:00,0.0,-2.0,283.0,0.0,0.0,7.0,0.0,47.0,0.0,34,63.903,65.81,0.0,25.262,153.878,4.669
2010-11-19 17:45:00,0.0,-2.0,284.0,0.0,0.0,13.0,0.0,46.0,0.0,34,63.508,65.32,0.098,25.362,149.94,4.163
2010-11-19 18:00:00,0.0,-2.0,284.0,0.0,0.0,16.0,0.0,46.0,0.0,34,62.9,64.52,0.098,25.85,155.025,2.981
2010-11-19 18:15:00,0.0,-3.0,285.0,0.0,-2.0,15.0,0.0,45.0,0.0,34,62.516,63.75,0.195,25.444,160.65,3.137
2010-11-19 18:30:00,0.0,-3.0,284.0,0.0,0.0,16.0,0.0,44.0,0.0,34,62.384,63.71,0.195,24.881,165.263,4.862
2010-11-19 18:45:00,0.0,-3.0,285.0,0.0,-2.0,19.0,0.0,44.0,0.0,34,62.313,63.33,0.195,25.875,168.233,5.162
2010-11-02 06:00:06,,,,,,,139.0,,,34,53.616,46.07,1.563,38.681,306.698,1.244
2010-11-02 06:15:06,,,,,,,139.0,,,34,54.041,46.26,6.543,38.05,200.408,1.225
2010-11-02 06:30:06,,,,,,,139.0,,,34,53.353,46.61,12.305,42.131,132.142,1.131
2010-11-02 06:45:06,,,,,,,139.0,,,34,53.018,46.7,16.797,43.144,243.203,1.094
2010-11-02 07:00:06,,,,,,,139.0,,,34,53.363,48.21,183.594,43.65,252.878,0.794
2010-11-02 07:15:06,,,,,,,139.0,,,34,54.932,57.59,280.859,40.888,278.595,2.044
2010-11-02 07:30:06,,,,,,,139.0,,,34,57.028,65.26,351.074,37.625,250.313,0.8689999999999999
2010-11-02 07:45:06,,,,,,,139.0,,,34,58.364,72.87,418.652,35.006,234.72,1.744
2010-11-02 08:00:06,,,,,,,139.0,,,34,60.825,80.65999999999998,483.496,30.894,103.477,1.131
2010-11-02 08:15:06,,,,,,,139.0,,,34,62.232,87.01999999999998,546.875,28.694,162.023,0.962
2010-11-02 08:30:06,,,,,,,139.0,,,34,63.71,94.41,611.719,26.775,194.602,1.425
2010-11-02 08:45:06,,,,,,,139.0,,,34,65.229,98.48,671.387,24.781,259.2,2.275
2010-11-02 09:00:06,,,,,,,139.0,,,34,65.968,105.39,725.0,24.162,293.062,2.494
2010-11-02 09:15:06,,,,,,,139.0,,,34,66.718,109.86,774.8049999999998,23.356,288.563,1.687
2010-11-02 09:30:06,,,,,,,139.0,,,34,67.73,115.04,819.922,22.475,278.46,1.613
2010-11-02 09:45:06,,,,,,,139.0,,,34,68.581,120.02,860.352,21.475,253.013,0.962
2010-11-02 10:00:06,,,,,,,139.0,,,34,69.735,110.4,893.75,20.663,158.085,1.238
2010-11-02 10:15:06,,,,,,,139.0,,,34,70.595,109.16,920.996,19.513,95.535,1.113
2010-11-02 10:30:06,,,,,,,139.0,,,34,71.628,113.93,946.777,19.531,152.348,1.294
2010-11-02 10:45:06,,,,,,,139.0,,,34,72.519,108.07,961.719,18.056,137.767,1.4
2010-11-02 11:00:06,,,,,,,139.0,,,34,73.015,104.87,974.121,18.225,136.732,1.288
2010-11-02 11:15:06,,,,,,,139.0,,,34,73.91599999999998,119.54,985.9380000000002,16.95,235.553,1.494
2010-11-02 11:30:06,,,,,,,139.0,,,34,74.96899999999998,119.93,989.0630000000002,16.275,218.498,1.844
2010-11-02 11:45:00,0.0,-2.0,283.0,0.0,-2.0,2.0,0.0,24.0,0.0,34,75.90099999999998,125.01,986.816,15.325,236.61,1.606
2010-11-02 12:00:03,,,,,,,139.0,,,34,77.096,126.66,977.832,14.737,286.268,2.581
2010-11-02 12:15:06,,,,,,,139.0,,,34,77.622,120.69,964.0630000000002,14.263,197.19,2.681
2010-11-02 12:30:06,,,,,,,139.0,,,34,78.37099999999998,120.58,944.727,13.794,250.493,1.563
2010-11-02 12:45:06,,,,,,,139.0,,,34,78.979,116.41,920.215,13.794,130.14,1.894
2010-11-02 13:00:06,,,,,,,139.0,,,34,79.232,117.75,890.918,13.4,242.46,1.563
2010-11-02 13:15:06,,,,,,,139.0,,,34,79.647,115.94,854.883,13.138,157.05,2.075
2010-11-02 13:30:06,,,,,,,139.0,,,34,80.10299999999998,110.79,814.063,13.056,219.6,2.037
2010-11-02 13:45:06,,,,,,,139.0,,,34,80.143,109.08,770.996,13.325,173.79,1.156
2010-11-02 14:00:06,,,,,,,139.0,,,34,80.548,107.23,722.168,12.988,163.508,1.794
2010-11-02 14:15:06,,,,,,,139.0,,,34,81.065,108.83,669.824,12.862,219.6,1.069
2010-11-02 14:30:06,,,,,,,139.0,,,34,81.33799999999998,104.56,611.816,12.837,106.538,1.456
2010-11-02 14:45:06,,,,,,,139.0,,,34,81.571,102.76,552.734,12.769,224.888,0.8629999999999999
2010-11-02 15:00:06,,,,,,,139.0,,,34,81.601,104.32,489.648,12.556,281.61,1.613
2010-11-02 15:15:06,,,,,,,139.0,,,34,81.247,101.69,423.34,12.862,249.053,1.556
2010-11-02 15:30:06,,,,,,,139.0,,,34,80.83199999999998,98.32,356.543,13.1,258.412,1.644
2010-11-02 15:45:06,,,,,,,139.0,,,34,80.224,94.78,288.379,13.45,278.1,2.012
2010-11-02 16:00:06,,,,,,,139.0,,,34,79.333,90.84,219.824,14.063,298.598,1.656
2010-11-02 16:15:06,,,,,,,139.0,,,34,78.452,85.26,142.09,14.831,295.83,2.694
2010-11-02 16:30:06,,,,,,,139.0,,,34,77.43,78.83,14.16,15.681,298.102,2.056
2010-11-02 16:45:06,,,,,,,139.0,,,34,76.265,73.54999999999998,7.715,16.725,291.128,1.631
2010-11-02 17:00:06,,,,,,,139.0,,,34,74.98,69.15,2.441,17.9,312.345,1.188
2010-11-02 17:15:06,,,,,,,139.0,,,34,74.018,66.46,0.391,18.875,295.043,1.731
2010-11-02 17:30:06,,,,,,,139.0,,,34,73.268,65.11,0.195,19.931,310.208,1.744
2010-11-02 17:45:06,,,,,,,139.0,,,34,72.286,64.08,0.195,21.494,295.268,1.313
2010-11-02 18:00:06,,,,,,,139.0,,,34,70.818,62.73,0.195,24.762,240.93,1.519
2010-11-02 18:15:06,,,,,,,139.0,,,34,70.352,62.29,0.195,25.4,277.583,1.781
2010-11-02 18:30:06,,,,,,,139.0,,,34,69.836,62.11,0.195,27.038,296.933,1.881
2010-11-02 18:45:06,,,,,,,139.0,,,34,69.026,61.41,0.2929999999999999,28.844,297.518,1.344
2010-11-20 06:00:00,0.0,-2.0,284.0,0.0,-2.0,181.0,0.0,32.0,0.0,34,55.074,55.29,0.2929999999999999,52.069,173.16,5.219
2010-11-20 06:15:00,0.0,-2.0,284.0,0.0,-2.0,362.0,0.0,32.0,0.0,34,54.719,55.55,0.684,53.231,164.543,5.819
2010-11-20 06:30:00,0.0,-2.0,284.0,0.0,-2.0,406.0,0.0,32.0,0.0,34,54.071,54.03,4.785,54.925,175.793,3.219
2010-11-20 06:45:00,0.0,-3.0,285.0,0.0,-2.0,426.0,0.0,32.0,0.0,34,53.636,53.22,13.574,54.25,191.272,4.438
2010-11-20 07:00:00,0.0,-2.0,285.0,0.0,-2.0,443.0,0.0,32.0,0.0,34,53.879,54.61,32.52,51.325,196.223,7.325
2010-11-20 07:15:00,0.0,-2.0,285.0,0.0,-2.0,453.0,0.0,32.0,0.0,34,54.102,55.61,66.309,50.675,196.673,7.288
2010-11-20 07:30:00,0.0,-3.0,285.0,0.0,-2.0,456.0,0.0,32.0,0.0,34,54.537,56.88,100.293,50.488,192.173,6.962
2010-11-20 07:45:00,0.0,-3.0,283.0,0.0,-2.0,458.0,0.0,32.0,0.0,34,54.881,57.89,96.875,49.381,186.368,5.656
2010-11-20 08:00:00,0.0,-2.0,285.0,0.0,-2.0,461.0,0.0,31.0,0.0,34,55.448,58.89,124.707,47.981,191.183,4.731
2010-11-20 08:15:00,0.0,-2.0,283.0,0.0,-2.0,464.0,0.0,31.0,0.0,34,56.117,60.24,160.645,46.438,199.395,6.744
2010-11-20 08:30:00,0.0,-2.0,284.0,0.0,-2.0,466.0,0.0,31.0,0.0,34,56.785,61.93,206.543,44.994,204.413,6.525
2010-11-20 08:45:00,0.0,-2.0,284.0,0.0,-2.0,466.0,0.0,31.0,0.0,34,57.504,63.9,300.684,44.081,201.69,6.15
2010-11-20 09:00:00,0.0,-3.0,283.0,0.0,-2.0,465.0,0.0,31.0,0.0,34,58.061,64.89,292.578,43.169,210.195,9.05
2010-11-20 09:15:00,0.0,-2.0,284.0,0.0,-2.0,466.0,0.0,31.0,0.0,34,58.557,64.6,263.672,42.412,204.233,7.969
2010-11-20 09:30:00,0.0,-2.0,283.0,0.0,-2.0,468.0,0.0,31.0,0.0,34,59.083,65.41,288.867,42.088,202.95,7.331
2010-11-20 09:45:00,0.0,-2.0,285.0,0.0,-2.0,466.0,0.0,31.0,0.0,34,59.407,66.24,339.844,41.813,201.038,7.806
2010-11-20 10:00:00,0.0,-3.0,284.0,0.0,-2.0,462.0,0.0,31.0,0.0,34,59.843,66.94,324.609,40.8,195.008,8.356
2010-11-20 10:15:00,0.0,-3.0,286.0,0.0,-2.0,463.0,0.0,30.0,0.0,34,59.812,65.39,228.027,41.131,202.14,9.462
2010-11-20 10:30:00,0.0,-3.0,286.0,0.0,-2.0,458.0,0.0,30.0,0.0,34,59.387,64.24,190.039,41.588,200.363,8.375
2010-11-20 10:45:00,0.0,-2.0,284.0,0.0,-2.0,461.0,0.0,30.0,0.0,34,59.104,63.61,153.809,41.681,180.202,6.881
2010-11-20 11:00:00,0.0,-3.0,284.0,0.0,-2.0,460.0,0.0,30.0,0.0,34,59.296,63.71,176.465,41.613,183.825,6.5
2010-11-20 11:15:00,0.0,-2.0,283.0,0.0,-2.0,460.0,0.0,30.0,0.0,34,59.316,63.95,170.898,41.369,180.428,6.012
2010-11-20 11:30:00,0.0,-2.0,285.0,0.0,-2.0,460.0,0.0,30.0,0.0,34,59.478,64.29,183.398,41.619,191.61,5.212
2010-11-20 11:45:00,0.0,-2.0,284.0,0.0,-2.0,460.0,0.0,30.0,0.0,34,59.711,64.4,175.488,41.888,200.655,6.9
2010-11-20 12:00:00,0.0,-2.0,285.0,0.0,-2.0,463.0,0.0,30.0,0.0,34,59.924,64.29,192.383,41.581,209.475,9.144
2010-11-20 12:15:00,0.0,-3.0,285.0,0.0,-2.0,465.0,0.0,30.0,0.0,34,60.491,65.04,238.281,41.025,218.385,10.538
2010-11-20 12:30:00,0.0,-2.0,285.0,0.0,-2.0,463.0,0.0,30.0,0.0,34,60.916,66.24,277.441,40.125,210.983,9.281
2010-11-20 12:45:00,0.0,-3.0,285.0,0.0,-2.0,461.0,0.0,30.0,0.0,34,61.382,66.94,242.773,39.381,198.765,6.456
2010-11-20 13:00:00,0.0,-3.0,285.0,0.0,-2.0,461.0,0.0,30.0,0.0,34,61.766,66.9,212.793,38.875,195.435,6.556
2010-11-20 13:15:00,0.0,-3.0,285.0,0.0,-2.0,466.0,0.0,30.0,0.0,34,62.06,68.29,369.531,38.181,208.935,6.538
2010-11-20 13:30:00,0.0,-3.0,284.0,0.0,-2.0,473.0,0.0,29.0,0.0,34,63.083,72.5,524.707,36.406,214.47,10.119
2010-11-20 13:45:00,0.0,-3.0,285.0,0.0,-2.0,445.0,0.0,29.0,0.0,34,62.83,71.53,369.531,37.663,223.673,9.769
2010-11-20 14:00:00,0.0,-2.0,284.0,0.0,-2.0,458.0,0.0,29.0,0.0,34,61.858,66.92,177.441,39.05,223.425,8.913
2010-11-20 14:15:00,0.0,-2.0,285.0,0.0,-2.0,456.0,0.0,29.0,0.0,34,61.777,66.39,140.234,38.481,217.98,7.881
2010-11-20 14:30:00,0.0,-2.0,285.0,0.0,-2.0,439.0,0.0,29.0,0.0,34,61.291,65.12,100.195,39.356,204.097,6.775
2010-11-20 14:45:00,0.0,-2.0,285.0,0.0,-2.0,440.0,0.0,29.0,0.0,34,61.058,64.19,63.672,40.338,186.323,6.25
2010-11-20 15:00:00,0.0,-3.0,284.0,0.0,-2.0,426.0,0.0,29.0,0.0,34,60.116,60.03,35.547,50.063,202.5,4.994
2010-11-20 15:15:00,0.0,-3.0,284.0,0.0,-2.0,439.0,0.0,29.0,0.0,34,58.567,56.91,24.121,54.738,193.793,5.731
2010-11-20 15:30:00,0.0,-2.0,285.0,0.0,-2.0,453.0,0.0,29.0,0.0,34,56.724,55.29,52.734,64.288,216.99,6.6
2010-11-20 15:45:00,0.0,-2.0,284.0,0.0,-2.0,452.0,0.0,29.0,0.0,34,55.752,54.58,52.441,70.844,225.9,2.081
2010-11-20 16:00:00,0.0,-3.0,285.0,0.0,-2.0,436.0,0.0,29.0,0.0,34,55.863,54.58,37.402,70.475,202.838,2.387
2010-11-20 16:15:00,0.0,-2.0,282.0,0.0,-2.0,413.0,0.0,29.0,0.0,34,55.884,54.07,19.043,71.144,218.7,4.181
2010-11-20 16:30:00,0.0,-2.0,284.0,0.0,-2.0,392.0,0.0,29.0,0.0,34,55.853,54.42,0.0,65.05,210.578,8.218999999999998
2010-11-20 16:45:00,0.0,-3.0,283.0,0.0,-2.0,336.0,0.0,29.0,0.0,34,54.892,52.99,2.051,67.963,212.49,7.812999999999999
2010-11-20 17:00:00,0.0,-2.0,281.0,0.0,-2.0,93.0,0.0,29.0,0.0,34,54.578,53.1,0.391,66.3,210.532,8.05
2010-11-20 17:15:00,0.0,-2.0,282.0,0.0,-2.0,11.0,0.0,29.0,0.0,34,54.851,53.47,0.195,63.694,198.337,6.756
2010-11-20 17:30:00,0.0,-2.0,281.0,0.0,-2.0,12.0,0.0,29.0,0.0,34,54.669,52.71,0.195,63.531,185.4,4.637
2010-11-20 17:45:00,0.0,-3.0,282.0,0.0,-2.0,19.0,0.0,29.0,0.0,34,54.993,53.88,0.195,64.238,112.838,2.775
2010-11-20 18:00:00,0.0,-2.0,282.0,0.0,-2.0,18.0,0.0,29.0,0.0,34,54.476,53.76,0.195,68.944,136.665,3.194
2010-11-20 18:15:00,0.0,-2.0,283.0,0.0,-2.0,19.0,0.0,29.0,0.0,34,54.142,54.44,0.098,68.963,143.258,3.931
2010-11-20 18:30:00,0.0,-2.0,282.0,0.0,-2.0,14.0,0.0,28.0,0.0,34,54.102,54.73,0.098,67.794,153.293,3.344
2010-11-20 18:45:00,0.0,-2.0,282.0,0.0,-2.0,14.0,0.0,28.0,0.0,34,53.585,53.29,0.098,68.85,157.995,3.35
2010-11-21 06:00:00,0.0,-3.0,285.0,0.0,-2.0,248.0,0.0,26.0,0.0,34,47.379,47.94,0.0,37.856,217.98,12.488
2010-11-21 06:15:00,0.0,-3.0,284.0,0.0,-2.0,380.0,0.0,26.0,0.0,34,47.186,47.96,0.684,39.456,215.55,13.2
2010-11-21 06:30:00,0.0,-3.0,284.0,0.0,-2.0,415.0,0.0,26.0,0.0,34,47.126,48.09,4.199,39.563,215.483,13.369
2010-11-21 06:45:00,0.0,-2.0,285.0,0.0,-2.0,446.0,0.0,26.0,0.0,34,47.065,47.93,10.742,40.588,214.38,11.194
2010-11-21 07:00:00,0.0,-3.0,285.0,0.0,-2.0,458.0,0.0,26.0,0.0,34,47.055,48.06,16.699,40.706,206.033,11.419
2010-11-21 07:15:00,0.0,-3.0,285.0,0.0,-2.0,470.0,0.0,26.0,0.0,34,47.45,48.77,135.938,40.575,212.67,10.663
2010-11-21 07:30:00,0.0,-2.0,285.0,0.0,-2.0,474.0,0.0,26.0,0.0,34,48.047,51.72,275.293,39.8,214.943,9.244
2010-11-21 07:45:00,0.0,-2.0,284.0,0.0,-2.0,477.0,0.0,26.0,0.0,34,49.059,54.71,348.242,38.525,217.238,10.575
2010-11-21 08:00:00,0.0,-3.0,285.0,0.0,-2.0,478.0,0.0,26.0,0.0,34,49.849,57.09,419.824,37.15,226.238,10.95
2010-11-21 08:15:00,0.0,-2.0,284.0,0.0,-2.0,476.0,0.0,26.0,0.0,34,50.74,60.43,507.91,37.538,243.63,11.081
2010-11-21 08:30:00,0.0,-2.0,284.0,0.0,-2.0,477.0,0.0,26.0,0.0,34,50.73,61.37,539.648,40.944,242.527,10.837
2010-11-21 08:45:00,0.0,-2.0,284.0,0.0,-2.0,467.0,0.0,26.0,0.0,34,50.416,62.98,510.449,43.269,236.34,9.994
2010-11-21 09:00:00,0.0,-3.0,285.0,0.0,-2.0,463.0,0.0,26.0,0.0,34,50.679,60.35,246.973,41.931,228.87,9.631
2010-11-21 09:15:00,0.0,-2.0,283.0,0.0,-2.0,468.0,0.0,26.0,0.0,34,50.345,55.52,160.352,43.313,231.21,10.194
2010-11-21 09:30:00,0.0,-2.0,284.0,0.0,-2.0,468.0,0.0,26.0,0.0,34,49.92,54.58,168.555,44.906,234.472,8.487
2010-11-21 09:45:00,0.0,-3.0,283.0,0.0,-2.0,470.0,0.0,26.0,0.0,34,50.366,55.74,203.027,44.906,223.875,7.849999999999999
2010-11-21 10:00:00,0.0,-2.0,284.0,0.0,-2.0,475.0,0.0,26.0,0.0,34,50.487,55.76,253.125,41.044,223.583,12.156
2010-11-21 10:15:00,0.0,-2.0,282.0,0.0,-2.0,472.0,0.0,26.0,0.0,34,50.497,55.71,246.289,38.387,228.758,13.281
2010-11-21 10:30:00,0.0,-3.0,283.0,0.0,-2.0,470.0,0.0,26.0,0.0,34,50.305,55.11,189.453,36.875,229.59,11.669
2010-11-21 10:45:00,0.0,-3.0,283.0,0.0,-2.0,473.0,0.0,26.0,0.0,34,49.89,54.2,214.551,36.775,227.7,11.837
2010-11-21 11:00:00,0.0,-2.0,283.0,0.0,-2.0,484.0,0.0,26.0,0.0,34,49.778,55.24,338.184,39.263,219.42,10.006
2010-11-21 11:15:00,0.0,-2.0,284.0,0.0,-2.0,478.0,0.0,26.0,0.0,34,49.525,61.36,837.5979999999998,42.6,213.705,10.681
2010-11-21 11:30:00,0.0,-2.0,284.0,0.0,-2.0,472.0,0.0,25.0,0.0,34,50.254,66.77,937.598,40.169,216.045,9.931
2010-11-21 11:45:00,0.0,-2.0,284.0,0.0,-2.0,472.0,0.0,25.0,0.0,34,51.358,68.18,931.641,39.431,212.04,9.656
2010-11-21 12:00:00,0.0,-3.0,284.0,0.0,-2.0,474.0,0.0,25.0,0.0,34,51.571,67.32,924.609,39.763,210.217,11.244
2010-11-21 12:15:00,0.0,-2.0,284.0,0.0,-2.0,474.0,0.0,25.0,0.0,34,51.793,67.62,904.492,39.075,212.873,10.606
2010-11-21 12:30:00,0.0,-3.0,284.0,0.0,-2.0,472.0,0.0,25.0,0.0,34,52.492,67.19,916.406,35.063,218.205,11.412
2010-11-21 12:45:00,0.0,-2.0,285.0,0.0,-2.0,472.0,0.0,25.0,0.0,34,53.292,68.77,872.07,32.494,226.058,12.063
2010-11-21 13:00:00,0.0,-3.0,284.0,0.0,-2.0,474.0,0.0,25.0,0.0,34,53.737,66.9,827.6369999999998,28.012,229.86,13.969
2010-11-21 13:15:00,0.0,-3.0,284.0,0.0,-2.0,472.0,0.0,25.0,0.0,34,53.96,67.68,796.875,27.088,235.89,11.938
2010-11-21 13:30:00,0.0,-3.0,283.0,0.0,-2.0,472.0,0.0,25.0,0.0,34,54.456,67.45,788.965,26.975,233.527,12.894
2010-11-21 13:45:00,0.0,-2.0,285.0,0.0,-2.0,480.0,0.0,25.0,0.0,34,54.8,66.29,496.094,26.525,229.545,12.075
2010-11-21 14:00:00,0.0,-3.0,283.0,0.0,-2.0,479.0,0.0,25.0,0.0,34,54.031,63.13,575.195,25.944,235.26,13.375
2010-11-21 14:15:00,0.0,-2.0,285.0,0.0,-2.0,474.0,0.0,25.0,0.0,34,53.899,63.73,620.41,24.725,240.413,13.25
2010-11-21 14:30:00,0.0,-2.0,283.0,0.0,-2.0,474.0,0.0,25.0,0.0,34,53.99,64.91,569.727,23.594,241.673,11.875
2010-11-21 14:45:00,0.0,-2.0,285.0,0.0,-2.0,473.0,0.0,25.0,0.0,34,53.778,63.22,508.887,24.237,239.468,12.419
2010-11-21 15:00:00,0.0,-2.0,285.0,0.0,-2.0,473.0,0.0,25.0,0.0,34,53.373,61.21,445.996,23.931,239.4,14.513
2010-11-21 15:15:00,0.0,-2.0,285.0,0.0,-2.0,471.0,0.0,25.0,0.0,34,52.725,59.74,381.25,25.825,233.348,13.087
2010-11-21 15:30:00,0.0,-2.0,285.0,0.0,-2.0,467.0,0.0,25.0,0.0,34,52.178,58.28,316.016,26.4,230.468,11.569
2010-11-21 15:45:00,0.0,-2.0,285.0,0.0,-2.0,460.0,0.0,25.0,0.0,34,51.773,56.53,247.363,26.1,236.97,12.512
2010-11-21 16:00:00,0.0,-3.0,285.0,0.0,-2.0,447.0,0.0,25.0,0.0,34,51.216,53.38,60.156,25.688,238.523,12.325
2010-11-21 16:15:00,0.0,-2.0,283.0,0.0,-2.0,426.0,0.0,25.0,0.0,34,50.639,51.09,15.625,26.163,236.498,11.931
2010-11-21 16:30:00,0.0,-3.0,283.0,0.0,-2.0,403.0,0.0,25.0,0.0,34,50.001,49.75,8.301,26.731,229.073,9.788
2010-11-21 16:45:00,0.0,-2.0,282.0,0.0,-2.0,346.0,0.0,25.0,0.0,34,49.313,49.08,2.637,27.588,227.295,10.225
2010-11-21 17:00:00,0.0,-3.0,283.0,0.0,-2.0,114.0,0.0,25.0,0.0,34,48.786,48.65,0.098,28.694,223.2,9.3
2010-11-21 17:15:00,0.0,-2.0,283.0,0.0,-2.0,11.0,0.0,25.0,0.0,34,48.543,48.19,0.0,29.35,218.565,8.656
2010-11-21 17:30:00,0.0,-2.0,283.0,0.0,-2.0,6.0,0.0,25.0,0.0,34,48.047,47.86,0.0,30.1,220.5,8.913
2010-11-21 17:45:00,0.0,-3.0,283.0,0.0,-2.0,7.0,0.0,25.0,0.0,34,47.966,47.81,0.0,30.019,222.593,8.349999999999998
2010-11-21 18:00:00,0.0,-2.0,283.0,0.0,-2.0,7.0,0.0,25.0,0.0,34,47.541,46.99,0.0,30.213,229.703,7.599999999999999
2010-11-21 18:15:00,0.0,-2.0,283.0,0.0,-2.0,8.0,0.0,25.0,0.0,34,47.399,46.78,0.0,30.494,241.943,8.775
2010-11-21 18:30:00,0.0,-2.0,283.0,0.0,0.0,9.0,0.0,25.0,0.0,34,47.257,46.79,0.0,30.369,240.66,9.231000000000002
2010-11-21 18:45:00,0.0,-3.0,283.0,0.0,-2.0,11.0,0.0,25.0,0.0,34,46.994,46.46,0.0,30.188,238.703,8.224999999999998
2010-11-22 06:00:00,0.0,-2.0,283.0,0.0,-2.0,251.0,0.0,25.0,0.0,34,34.955,28.35,0.0,51.25,290.25,1.681
2010-11-22 06:15:00,0.0,-2.0,282.0,0.0,-2.0,401.0,0.0,25.0,0.0,34,35.31,28.36,0.684,48.094,299.407,1.919
2010-11-22 06:30:00,0.0,-2.0,283.0,0.0,-2.0,440.0,0.0,25.0,0.0,34,35.047,27.83,4.395,48.675,303.233,1.375
2010-11-22 06:45:00,0.0,-3.0,283.0,0.0,-2.0,464.0,0.0,25.0,0.0,34,34.682,27.41,10.645,50.075,279.045,1.469
2010-11-22 07:00:00,0.0,-3.0,282.0,0.0,-2.0,477.0,0.0,25.0,0.0,34,34.874,28.69,16.016,48.019,287.01,1.844
2010-11-22 07:15:00,0.0,-2.0,283.0,0.0,-2.0,484.0,0.0,25.0,0.0,34,35.188,30.19,121.387,47.894,329.76,0.4879999999999999
2010-11-22 07:30:00,0.0,-3.0,282.0,0.0,-2.0,486.0,0.0,25.0,0.0,34,35.249,36.32,272.07,48.95,206.888,0.888
2010-11-22 07:45:00,0.0,-2.0,283.0,0.0,-2.0,484.0,0.0,24.0,0.0,34,,,,,,
2010-11-22 08:00:00,0.0,-3.0,282.0,0.0,-2.0,482.0,0.0,25.0,0.0,34,37.527,49.85,425.195,47.363,152.438,1.281
2010-11-22 08:15:00,0.0,-3.0,282.0,0.0,-2.0,477.0,0.0,25.0,0.0,34,38.56,56.97,471.094,47.981,154.463,0.5879999999999999
2010-11-22 08:30:00,0.0,-2.0,284.0,0.0,-2.0,474.0,0.0,24.0,0.0,34,39.775,64.71,535.059,46.813,195.188,1.306
2010-11-22 08:45:00,0.0,-3.0,284.0,0.0,-2.0,470.0,0.0,24.0,0.0,34,40.585,70.68,600.391,45.813,194.602,1.144
2010-11-22 09:00:00,0.0,-3.0,284.0,0.0,-2.0,467.0,0.0,24.0,0.0,34,41.709,76.09999999999998,656.934,42.063,263.79,1.319
2010-11-22 09:15:00,0.0,-3.0,285.0,0.0,-2.0,464.0,0.0,25.0,0.0,34,42.63,78.12999999999998,703.906,39.756,178.83,1.538
2010-11-22 09:30:00,0.0,-2.0,285.0,0.0,-2.0,460.0,0.0,25.0,0.0,34,43.795,79.29999999999998,749.316,36.594,196.605,0.912
2010-11-22 09:45:00,0.0,-2.0,285.0,0.0,-2.0,459.0,0.0,25.0,0.0,34,44.777,78.04,786.3279999999999,34.944,133.943,1.256
2010-11-22 10:00:00,0.0,-3.0,285.0,0.0,-2.0,459.0,0.0,25.0,0.0,34,45.728,77.67,823.438,33.488,174.082,2.637
2010-11-22 10:15:00,0.0,-2.0,285.0,0.0,-2.0,456.0,0.0,25.0,0.0,34,46.073,85.28,858.2029999999999,31.95,253.305,2.525
2010-11-22 10:30:00,0.0,-3.0,284.0,0.0,-2.0,454.0,0.0,25.0,0.0,34,46.903,87.45999999999998,884.4729999999998,31.069,205.402,2.219
2010-11-22 10:45:00,0.0,-2.0,285.0,0.0,-2.0,451.0,0.0,25.0,0.0,34,47.612,90.25,903.418,29.975,214.785,1.681
2010-11-22 11:00:00,0.0,-3.0,285.0,0.0,-2.0,450.0,0.0,25.0,0.0,34,48.503,83.48,918.457,29.3,175.86,1.606
2010-11-22 11:15:00,0.0,-2.0,286.0,0.0,-2.0,449.0,0.0,25.0,0.0,34,49.667,87.06999999999998,923.242,27.906,213.615,1.669
2010-11-22 11:30:00,0.0,-3.0,285.0,0.0,-2.0,447.0,0.0,25.0,0.0,34,50.7,90.82,927.5390000000002,26.656,219.87,1.469
2010-11-22 11:45:00,0.0,-2.0,284.0,0.0,-2.0,448.0,0.0,25.0,0.0,34,51.449,93.4,928.418,26.075,215.842,2.144
2010-11-22 12:00:00,0.0,-3.0,285.0,0.0,-2.0,452.0,0.0,25.0,0.0,34,52.077,91.63,917.48,25.244,208.62,2.919
2010-11-22 12:15:00,0.0,-3.0,285.0,0.0,-2.0,450.0,0.0,25.0,0.0,34,52.573,83.37999999999998,904.102,24.663,142.155,2.125
2010-11-22 12:30:00,0.0,-3.0,284.0,0.0,-2.0,454.0,0.0,25.0,0.0,34,53.383,81.48,886.523,24.413,165.51,3.05
2010-11-22 12:45:00,0.0,-2.0,285.0,0.0,-2.0,456.0,0.0,25.0,0.0,34,54.193,71.79,857.52,24.356,154.035,3.781
2010-11-22 13:00:00,0.0,-3.0,286.0,0.0,-2.0,459.0,0.0,25.0,0.0,34,54.112,72.62999999999998,830.859,24.694,164.812,4.137
2010-11-22 13:15:00,0.0,-2.0,285.0,0.0,-2.0,460.0,0.0,25.0,0.0,34,55.104,71.36,797.363,24.069,160.83,4.506
2010-11-22 13:30:00,0.0,-2.0,286.0,0.0,-2.0,461.0,0.0,25.0,0.0,34,55.793,71.15,761.523,22.831,167.288,4.35
2010-11-22 13:45:00,0.0,-3.0,286.0,0.0,-2.0,461.0,0.0,25.0,0.0,34,55.732,77.97,718.848,22.125,198.248,3.925
2010-11-22 14:00:00,0.0,-3.0,285.0,0.0,-2.0,460.0,0.0,25.0,0.0,34,55.428,75.2,666.504,21.619,177.998,3.056
2010-11-22 14:15:00,0.0,-3.0,285.0,0.0,-2.0,461.0,0.0,25.0,0.0,34,55.59,71.16,612.402,22.244,167.738,3.2
2010-11-22 14:30:00,0.0,-3.0,287.0,0.0,-2.0,461.0,0.0,25.0,0.0,34,55.985,71.5,557.813,22.563,169.83,2.75
2010-11-22 14:45:00,0.0,-2.0,284.0,0.0,-2.0,465.0,0.0,25.0,0.0,34,55.884,70.1,498.437,23.475,166.568,4.175
2010-11-22 15:00:00,0.0,-3.0,285.0,0.0,-2.0,466.0,0.0,25.0,0.0,34,55.347,63.13,436.426,23.3,165.758,4.925
2010-11-22 15:15:00,0.0,-2.0,285.0,0.0,-2.0,465.0,0.0,25.0,0.0,34,54.831,63.03,371.973,22.981,166.477,3.95
2010-11-22 15:30:00,0.0,-2.0,286.0,0.0,-2.0,462.0,0.0,25.0,0.0,34,54.314,61.63,305.273,22.938,164.925,3.875
2010-11-22 15:45:00,0.0,-3.0,285.0,0.0,-2.0,455.0,0.0,25.0,0.0,34,53.616,59.6,239.648,23.0,165.825,4.0
2010-11-22 16:00:00,0.0,-3.0,286.0,0.0,-2.0,443.0,0.0,25.0,0.0,34,52.998,55.94,47.168,23.231,165.803,3.519
2010-11-22 16:15:00,0.0,-3.0,285.0,0.0,-2.0,425.0,0.0,25.0,0.0,34,52.057,52.18,15.332,23.031,170.707,4.313
2010-11-22 16:30:00,0.0,-2.0,283.0,0.0,-2.0,403.0,0.0,25.0,0.0,34,51.226,50.25,8.301,24.95,164.16,3.381
2010-11-22 16:45:00,0.0,-3.0,283.0,0.0,-2.0,344.0,0.0,25.0,0.0,34,50.315,48.4,2.539,27.125,167.805,2.487
2010-11-22 17:00:00,0.0,-3.0,284.0,0.0,-2.0,104.0,0.0,25.0,0.0,34,49.556,47.66,0.098,28.663,165.082,2.8
2010-11-22 17:15:00,0.0,-2.0,283.0,0.0,-2.0,10.0,0.0,25.0,0.0,34,48.989,46.35,0.0,29.281,176.805,2.05
2010-11-22 17:30:00,0.0,-3.0,284.0,0.0,-2.0,5.0,0.0,25.0,0.0,34,48.695,45.06,0.0,30.6,202.027,2.85
2010-11-22 17:45:00,0.0,-2.0,283.0,0.0,-2.0,5.0,0.0,25.0,0.0,34,48.584,44.98,0.0,32.156,183.915,2.269
2010-11-22 18:00:00,0.0,-3.0,284.0,0.0,-2.0,5.0,0.0,25.0,0.0,34,48.037,44.39,0.0,32.925,188.82,2.2
2010-11-22 18:15:00,0.0,-2.0,284.0,0.0,-2.0,5.0,0.0,25.0,0.0,34,47.824,43.37,0.0,33.213,213.21,1.325
2010-11-22 18:30:00,0.0,-2.0,284.0,0.0,-2.0,6.0,0.0,25.0,0.0,34,46.802,43.18,0.0,35.731,177.12,1.144
2010-11-22 18:45:00,0.0,-2.0,284.0,0.0,-2.0,6.0,0.0,25.0,0.0,34,46.295,45.43,0.0,36.813,147.893,1.481
2010-11-23 06:00:00,0.0,-2.0,283.0,0.0,-2.0,228.0,0.0,25.0,0.0,34,38.853,39.73,0.0,61.863,162.63,3.137
2010-11-23 06:15:00,0.0,-2.0,283.0,0.0,-2.0,390.0,0.0,25.0,0.0,34,39.37,39.18,0.5859999999999999,60.875,164.768,2.15
2010-11-23 06:30:00,0.0,-3.0,283.0,0.0,-2.0,432.0,0.0,25.0,0.0,34,38.833,36.91,4.297,62.113,162.99,1.375
2010-11-23 06:45:00,0.0,-2.0,282.0,0.0,-2.0,458.0,0.0,25.0,0.0,34,37.811,34.65,11.523,63.144,114.39,1.175
2010-11-23 07:00:00,0.0,-3.0,284.0,0.0,-2.0,472.0,0.0,25.0,0.0,34,37.476,34.87,17.383,63.938,175.545,1.319
2010-11-23 07:15:00,0.0,-2.0,282.0,0.0,-2.0,477.0,0.0,25.0,0.0,34,37.851,37.43,91.895,63.375,143.46,1.569
2010-11-23 07:30:00,0.0,-2.0,283.0,0.0,-2.0,479.0,0.0,25.0,0.0,34,39.572,42.79,210.645,58.138,172.238,4.425
2010-11-23 07:45:00,0.0,-2.0,285.0,0.0,-2.0,484.0,0.0,25.0,0.0,34,39.441,45.78,248.633,59.844,304.065,3.406
2010-11-23 08:00:00,0.0,-3.0,285.0,0.0,-2.0,481.0,0.0,25.0,0.0,34,39.269,49.47,369.727,60.031,214.088,1.925
2010-11-23 08:15:00,0.0,-2.0,284.0,0.0,-2.0,478.0,0.0,25.0,0.0,34,40.666,55.48,395.117,56.231,155.453,2.163
2010-11-23 08:30:00,0.0,-3.0,285.0,0.0,-2.0,475.0,0.0,25.0,0.0,34,41.79,59.59,429.98,53.381,125.753,2.081
2010-11-23 08:45:00,0.0,-2.0,284.0,0.0,-2.0,464.0,0.0,25.0,0.0,34,42.721,63.38,531.836,51.8,90.203,1.438
2010-11-23 09:00:00,0.0,-2.0,285.0,0.0,-2.0,471.0,0.0,25.0,0.0,34,43.43,65.66,522.07,50.431,61.088,1.269
2010-11-23 09:15:00,0.0,-2.0,285.0,0.0,-2.0,465.0,0.0,25.0,0.0,34,44.412,74.17,668.359,48.869,222.345,1.375
2010-11-23 09:30:00,0.0,-2.0,284.0,0.0,-2.0,462.0,0.0,25.0,0.0,34,45.526,77.43,723.5349999999999,46.813,184.388,1.363
2010-11-23 09:45:00,0.0,-2.0,286.0,0.0,-2.0,469.0,0.0,25.0,0.0,34,47.49,73.72,770.313,42.238,187.515,5.194
2010-11-23 10:00:00,0.0,-2.0,285.0,0.0,-2.0,469.0,0.0,25.0,0.0,34,48.634,74.20999999999998,806.543,39.838,190.125,5.219
2010-11-23 10:15:00,0.0,-2.0,285.0,0.0,-2.0,468.0,0.0,25.0,0.0,34,49.647,73.59999999999998,838.8669999999998,38.081,169.11,5.744
2010-11-23 10:30:00,0.0,-3.0,285.0,0.0,-2.0,466.0,0.0,25.0,0.0,34,50.538,75.33,860.84,37.319,181.125,5.212
2010-11-23 10:45:00,0.0,-3.0,286.0,0.0,-2.0,466.0,0.0,25.0,0.0,34,51.125,77.45999999999998,880.859,35.425,177.12,5.594
2010-11-23 11:00:00,0.0,-2.0,284.0,0.0,-2.0,464.0,0.0,25.0,0.0,34,52.492,74.54999999999998,898.633,33.831,166.837,5.506
2010-11-23 11:15:00,0.0,-3.0,286.0,0.0,-2.0,465.0,0.0,25.0,0.0,34,52.634,76.98,909.57,33.688,186.615,5.594
2010-11-23 11:30:00,0.0,-3.0,286.0,0.0,-2.0,466.0,0.0,25.0,0.0,34,53.13,74.11,911.523,32.7,171.698,6.631
2010-11-23 11:45:00,103.0,893.0,286.0,249.0,954.0,381.0,0.0,60.0,-999.0,34,53.97,73.98999999999998,910.9380000000002,31.425,183.15,6.406
2010-11-23 12:00:00,103.0,892.0,287.0,242.0,951.0,391.0,0.0,59.0,-999.0,34,54.395,72.81,901.66,30.863,183.87,8.163
2010-11-23 12:15:00,101.0,876.0,287.0,237.0,935.0,393.0,0.0,60.0,999.0,34,54.203,69.78,885.547,32.169,179.618,8.362
2010-11-23 12:30:00,98.0,851.0,287.0,233.0,909.0,389.0,0.0,60.0,999.0,34,54.811,69.26,867.188,31.506,169.92,7.8
2010-11-23 12:45:00,96.0,830.0,286.0,229.0,884.0,384.0,0.0,60.0,-999.0,34,55.347,67.62,843.8479999999998,31.206,165.128,7.886999999999999
2010-11-23 13:00:00,92.0,799.0,288.0,218.0,849.0,388.0,0.0,59.0,999.0,34,55.934,65.49,815.918,30.356,163.372,7.731
2010-11-23 13:15:00,88.0,765.0,288.0,208.0,816.0,391.0,0.0,58.0,999.0,34,56.441,66.97,785.645,29.644,169.943,8.224999999999998
2010-11-23 13:30:00,83.0,716.0,286.0,193.0,764.0,395.0,0.0,60.0,999.0,34,56.532,68.55,748.73,28.85,181.778,7.538
2010-11-23 13:45:00,77.0,669.0,285.0,181.0,710.0,391.0,0.0,60.0,1000.0,34,56.39,68.48,704.297,27.563,207.315,8.606
2010-11-23 14:00:00,71.0,615.0,286.0,166.0,654.0,393.0,0.0,59.0,997.0,34,55.752,66.05,653.027,28.969,207.225,9.019
2010-11-23 14:15:00,64.0,554.0,286.0,147.0,591.0,400.0,0.0,61.0,999.0,34,55.783,66.07,602.637,30.119,201.285,8.231
2010-11-23 14:30:00,56.0,491.0,286.0,130.0,523.0,401.0,0.0,59.0,999.0,34,55.793,65.13,546.582,29.788,211.185,8.968999999999998
2010-11-23 14:45:00,49.0,421.0,285.0,114.0,449.0,393.0,0.0,58.0,996.0,34,55.61,64.09,487.5,30.55,210.015,9.038
2010-11-23 15:00:00,39.0,340.0,283.0,89.0,364.0,408.0,0.0,59.0,995.0,34,55.114,62.04,424.414,31.2,217.35,11.119
2010-11-23 15:15:00,0.0,-2.0,283.0,0.0,0.0,469.0,0.0,58.0,0.0,34,54.861,61.17,362.891,31.175,225.563,10.756
2010-11-23 15:30:00,0.0,-2.0,284.0,0.0,-2.0,462.0,0.0,55.0,0.0,34,54.922,61.11,292.188,31.744,216.225,7.775
2010-11-23 15:45:00,0.0,-3.0,284.0,0.0,-2.0,454.0,0.0,52.0,0.0,34,54.861,60.33,232.324,32.113,197.865,5.931
2010-11-23 16:00:00,0.0,-2.0,283.0,0.0,-2.0,428.0,0.0,50.0,0.0,34,54.75,57.52,42.188,32.456,204.975,7.206
2010-11-23 16:15:00,0.0,-2.0,284.0,0.0,-2.0,416.0,0.0,47.0,0.0,34,54.112,55.14,14.551,33.988,219.532,9.525
2010-11-23 16:30:00,0.0,-3.0,283.0,0.0,-2.0,393.0,0.0,45.0,0.0,34,53.555,54.2,7.227,34.744,223.245,9.737
2010-11-23 16:45:00,0.0,-2.0,282.0,0.0,-2.0,320.0,0.0,44.0,0.0,34,53.353,53.52,0.0,35.225,218.43,9.3
2010-11-23 17:00:00,0.0,-2.0,284.0,0.0,-2.0,75.0,0.0,42.0,0.0,34,53.12,53.44,0.391,36.044,216.36,10.487
2010-11-23 17:15:00,0.0,-2.0,284.0,0.0,0.0,9.0,0.0,41.0,0.0,34,52.694,53.02,0.195,36.644,219.735,10.544
2010-11-23 17:30:00,0.0,-2.0,284.0,0.0,-2.0,7.0,0.0,40.0,0.0,34,52.624,52.86,0.2929999999999999,36.95,218.52,10.813
2010-11-23 17:45:00,0.0,-3.0,284.0,0.0,-2.0,7.0,0.0,40.0,0.0,34,52.299,52.51,0.195,37.925,217.778,10.631
2010-11-23 18:00:00,0.0,-2.0,283.0,0.0,-2.0,6.0,0.0,39.0,0.0,34,51.925,51.93,0.098,38.794,218.092,9.375
2010-11-23 18:15:00,0.0,-3.0,284.0,0.0,0.0,6.0,0.0,38.0,0.0,34,51.783,51.64,0.098,39.938,219.037,9.863
2010-11-23 18:30:00,0.0,-3.0,285.0,0.0,-2.0,7.0,0.0,38.0,0.0,34,51.409,50.71,0.0,41.725,201.488,5.719
2010-11-23 18:45:00,0.0,-2.0,285.0,0.0,-2.0,6.0,0.0,37.0,0.0,34,50.69,49.45,0.0,44.069,191.25,4.225
2010-11-24 06:00:00,0.0,-2.0,283.0,0.0,-2.0,115.0,0.0,28.0,0.0,34,45.384,46.2,0.0,45.9,86.22,2.344
2010-11-24 06:15:00,0.0,-3.0,284.0,0.0,-2.0,340.0,0.0,28.0,0.0,34,45.374,45.83,0.0,37.769,177.12,2.55
2010-11-24 06:30:00,0.0,-3.0,284.0,0.0,-2.0,410.0,0.0,28.0,0.0,34,45.172,45.39,2.734,31.794,260.753,3.05
2010-11-24 06:45:00,0.0,-3.0,284.0,0.0,-2.0,431.0,0.0,28.0,0.0,34,44.888,45.07,10.938,30.931,287.775,2.113
2010-11-24 07:00:00,0.0,-2.0,284.0,0.0,-2.0,441.0,0.0,28.0,0.0,34,44.969,45.53,22.266,29.794,301.5,2.931
2010-11-24 07:15:00,0.0,-2.0,284.0,0.0,-2.0,447.0,0.0,28.0,0.0,34,45.121,46.44,34.766,28.488,224.662,3.881
2010-11-24 07:30:00,0.0,-3.0,284.0,0.0,-2.0,453.0,0.0,28.0,0.0,34,45.111,46.86,32.129,27.838,190.283,3.856
2010-11-24 07:45:00,0.0,-3.0,283.0,0.0,-2.0,465.0,0.0,28.0,0.0,34,45.334,47.42,74.902,27.387,141.75,2.463
2010-11-24 08:00:00,0.0,-2.0,284.0,0.0,-2.0,470.0,0.0,28.0,0.0,34,45.647,48.99,128.223,26.031,236.993,3.237
2010-11-24 08:15:00,0.0,-2.0,283.0,0.0,-2.0,472.0,0.0,28.0,0.0,34,45.88,49.9,162.793,23.662,288.518,6.612
2010-11-24 08:30:00,0.0,-2.0,283.0,0.0,-2.0,473.0,0.0,27.0,0.0,34,45.88,50.34,187.012,23.138,220.928,6.725
2010-11-24 08:45:00,0.0,-3.0,285.0,0.0,-2.0,475.0,0.0,27.0,0.0,34,46.255,51.67,225.586,27.325,190.8,5.456
2010-11-24 09:00:00,0.0,-3.0,285.0,0.0,-2.0,471.0,0.0,27.0,0.0,34,46.447,52.58,218.75,28.988,118.53,3.613
2010-11-24 09:15:00,0.0,-2.0,285.0,0.0,-2.0,470.0,0.0,27.0,0.0,34,46.629,52.63,205.762,27.725,90.99,3.475
2010-11-24 09:30:00,0.0,-3.0,286.0,0.0,-2.0,468.0,0.0,27.0,0.0,34,46.65,52.79,196.582,27.688,93.757,2.775
2010-11-24 09:45:00,0.0,-2.0,284.0,0.0,-2.0,468.0,0.0,27.0,0.0,34,47.146,53.66,181.25,26.038,161.303,2.95
2010-11-24 10:00:00,0.0,-3.0,283.0,0.0,-2.0,466.0,0.0,27.0,0.0,34,47.439,53.97,172.363,22.344,207.9,3.3
2010-11-24 10:15:00,0.0,-2.0,284.0,0.0,-2.0,467.0,0.0,27.0,0.0,34,47.49,52.95,156.836,15.081,266.198,5.862
2010-11-24 10:30:00,0.0,-3.0,283.0,0.0,-2.0,469.0,0.0,27.0,0.0,34,47.369,52.89,158.887,13.894,264.398,4.45
2010-11-24 10:45:00,0.0,-2.0,284.0,0.0,-2.0,473.0,0.0,27.0,0.0,34,47.389,52.93,191.113,17.994,156.307,4.794
2010-11-24 11:00:00,0.0,-3.0,283.0,0.0,-2.0,470.0,0.0,27.0,0.0,34,47.51,53.77,226.953,21.075,114.84,2.906
2010-11-24 11:15:00,0.0,-3.0,285.0,0.0,-2.0,473.0,0.0,27.0,0.0,34,47.885,53.72,215.234,21.256,112.253,2.863
2010-11-24 11:30:00,0.0,-2.0,285.0,0.0,-2.0,473.0,0.0,27.0,0.0,34,47.713,54.46,313.965,22.581,91.418,3.419
2010-11-24 11:45:00,0.0,-3.0,285.0,0.0,-2.0,467.0,0.0,27.0,0.0,34,47.652,56.85,263.477,22.225,77.89499999999998,2.525
2010-11-24 12:00:00,0.0,-2.0,284.0,0.0,-2.0,468.0,0.0,27.0,0.0,34,47.733,56.57,222.949,19.069,200.925,3.375
2010-11-24 12:15:00,0.0,-3.0,283.0,0.0,-2.0,482.0,0.0,27.0,0.0,34,47.834,55.72,320.703,12.225,256.523,4.613
2010-11-24 12:30:00,0.0,-2.0,284.0,0.0,-2.0,453.0,0.0,27.0,0.0,34,48.594,62.51,816.6989999999998,18.294,164.925,2.413
2010-11-24 12:45:00,0.0,-3.0,283.0,0.0,-2.0,465.0,0.0,27.0,0.0,34,50.396,72.28,691.406,13.55,228.015,4.037
2010-11-24 13:00:00,0.0,-2.0,284.0,0.0,-2.0,464.0,0.0,27.0,0.0,34,50.872,75.15999999999998,773.8279999999999,9.413,292.748,5.762
2010-11-24 13:15:00,0.0,-2.0,284.0,0.0,-2.0,464.0,0.0,26.0,0.0,34,50.669,73.95,813.8669999999998,8.987,272.925,5.512
2010-11-24 13:30:00,0.0,-2.0,285.0,0.0,-2.0,460.0,0.0,27.0,0.0,34,50.923,75.04,865.7229999999998,10.719,110.228,2.806
2010-11-24 13:45:00,0.0,-3.0,285.0,0.0,-2.0,458.0,0.0,26.0,0.0,34,51.287,75.98999999999998,848.047,12.75,150.548,2.875
2010-11-24 14:00:00,0.0,-3.0,285.0,0.0,-2.0,462.0,0.0,26.0,0.0,34,51.358,73.12999999999998,483.789,12.7,149.535,3.05
2010-11-24 14:15:00,0.0,-2.0,284.0,0.0,-2.0,453.0,0.0,26.0,0.0,34,49.323,61.77,331.445,14.431,134.213,3.537
2010-11-24 14:30:00,0.0,-3.0,284.0,0.0,-2.0,472.0,0.0,26.0,0.0,34,47.926,58.71,439.16,16.237,117.473,2.287
2010-11-24 14:45:00,47.0,411.0,285.0,116.0,437.0,374.0,0.0,58.0,-996.0,34,48.401,60.66,503.516,14.506,133.087,3.131
2010-11-24 15:00:00,39.0,341.0,285.0,91.0,365.0,399.0,0.0,58.0,-995.0,34,48.31,62.58,437.207,11.662,222.48,2.756
2010-11-24 15:15:00,27.0,241.0,285.0,65.0,263.0,401.0,0.0,58.0,-988.0,34,47.905,60.45,370.508,10.438,238.838,3.019
2010-11-24 15:30:00,16.0,139.0,283.0,38.0,155.0,405.0,0.0,58.0,-962.0,34,47.672,58.16,301.367,9.806,275.355,3.963
2010-11-24 15:45:00,10.0,76.0,284.0,22.0,89.0,393.0,0.0,56.0,890.0,34,46.903,53.75,201.367,13.581,158.827,2.663
2010-11-24 16:00:00,3.0,14.0,283.0,6.0,24.0,369.0,0.0,56.0,392.0,34,45.759,48.01,26.27,14.856,185.85,3.581
2010-11-24 16:15:00,3.0,5.0,284.0,4.0,16.0,353.0,0.0,56.0,153.0,34,44.716,45.52,13.672,15.35,133.493,5.188
2010-11-24 16:30:00,3.0,-3.0,282.0,1.0,5.0,296.0,0.0,55.0,0.0,34,43.764,44.0,7.227,15.05,108.0,3.356
2010-11-24 16:45:00,3.0,-7.0,283.0,0.0,0.0,295.0,0.0,48.0,199.0,34,42.802,42.95,1.953,14.369,124.223,3.481
2010-11-24 17:00:00,0.0,-3.0,284.0,0.0,-2.0,89.0,0.0,44.0,0.0,34,42.144,42.7,0.0,13.781,129.015,3.775
2010-11-24 17:15:00,0.0,-2.0,283.0,0.0,-2.0,9.0,0.0,39.0,0.0,34,41.435,41.03,0.0,14.75,169.043,2.819
2010-11-24 17:30:00,0.0,-2.0,282.0,0.0,0.0,5.0,0.0,37.0,0.0,34,40.747,39.65,0.0,15.181,176.67,3.006
2010-11-24 17:45:00,0.0,-3.0,283.0,0.0,-2.0,4.0,0.0,35.0,0.0,34,40.281,38.86,0.0,15.381,194.265,3.406
2010-11-24 18:00:00,0.0,-2.0,282.0,0.0,0.0,4.0,0.0,34.0,0.0,34,40.048,39.21,0.0,14.737,166.388,3.981
2010-11-24 18:15:00,0.0,-2.0,284.0,0.0,0.0,4.0,0.0,33.0,0.0,34,39.491,37.74,0.0,15.775,215.1,2.413
2010-11-24 18:30:00,0.0,-3.0,284.0,0.0,-2.0,4.0,0.0,32.0,0.0,34,38.418,33.01,0.0,17.406,318.893,1.506
2010-11-24 18:45:00,0.0,-3.0,284.0,0.0,-2.0,4.0,0.0,32.0,0.0,34,36.808,29.68,0.0,19.544,340.943,0.944
2010-11-25 06:00:00,0.0,-3.0,283.0,0.0,-2.0,180.0,0.0,24.0,0.0,34,29.609,29.88,0.0,12.419,259.605,7.506
2010-11-25 06:15:00,0.0,-3.0,283.0,0.0,-2.0,388.0,0.0,24.0,0.0,34,29.316,29.9,0.2929999999999999,12.494,296.64,10.6
2010-11-25 06:30:00,0.0,-3.0,285.0,0.0,-2.0,432.0,0.0,27.0,0.0,34,29.397,30.23,3.125,11.956,294.57,10.381
2010-11-25 06:45:00,4.0,18.0,285.0,8.0,29.0,370.0,0.0,29.0,499.0,34,29.457,30.25,9.277,11.737,300.69,9.719
2010-11-25 07:00:00,7.0,54.0,284.0,16.0,66.0,395.0,0.0,36.0,850.0,34,29.812,30.47,13.867,11.237,293.805,9.4
2010-11-25 07:15:00,12.0,102.0,285.0,29.0,117.0,391.0,0.0,45.0,949.0,34,30.298,31.02,70.215,10.8,294.57,9.65
2010-11-25 07:30:00,20.0,178.0,285.0,46.0,197.0,426.0,0.0,57.0,984.0,34,30.703,33.19,273.926,10.681,284.13,8.481
2010-11-25 07:45:00,32.0,275.0,285.0,68.0,298.0,436.0,0.0,59.0,995.0,34,31.148,37.57,344.434,9.987,250.425,7.112
2010-11-25 08:00:00,43.0,372.0,285.0,92.0,400.0,433.0,0.0,58.0,996.0,34,31.969,40.38,412.695,9.306,267.705,7.9
2010-11-25 08:15:00,53.0,461.0,285.0,114.0,494.0,429.0,0.0,58.0,996.0,34,32.961,43.24,477.539,8.556,280.148,8.131
2010-11-25 08:30:00,62.0,540.0,285.0,134.0,580.0,428.0,0.0,59.0,999.0,34,33.74,45.28,533.008,7.95,277.245,8.181
2010-11-25 08:45:00,71.0,615.0,285.0,156.0,656.0,419.0,0.0,60.0,999.0,34,34.49,47.7,603.027,7.163,280.89,7.719
2010-11-25 09:00:00,79.0,675.0,284.0,175.0,720.0,411.0,0.0,60.0,997.0,34,35.148,49.47,658.496,6.675,266.805,7.319
2010-11-25 09:15:00,85.0,731.0,286.0,190.0,781.0,410.0,0.0,60.0,999.0,34,35.846,51.5,710.547,6.325,299.813,8.961999999999998
2010-11-25 09:30:00,90.0,773.0,285.0,203.0,826.0,406.0,0.0,60.0,-999.0,34,36.525,56.86,757.129,6.319,281.723,6.569
2010-11-25 09:45:00,94.0,815.0,286.0,217.0,868.0,398.0,0.0,59.0,999.0,34,37.456,58.54,798.438,5.969,287.145,7.437999999999999
2010-11-25 10:00:00,98.0,846.0,285.0,228.0,901.0,395.0,0.0,59.0,-999.0,34,38.155,60.79,835.4489999999998,5.631,289.62,6.075
2010-11-25 10:15:00,101.0,869.0,286.0,236.0,927.0,393.0,0.0,59.0,999.0,34,38.985,62.42,868.652,5.294,240.413,5.106
2010-11-25 10:30:00,103.0,887.0,285.0,240.0,947.0,393.0,0.0,59.0,-999.0,34,39.795,65.95,895.605,4.938,269.258,4.994
2010-11-25 10:45:00,104.0,899.0,287.0,248.0,957.0,386.0,0.0,60.0,-999.0,34,40.21,67.52,916.016,4.825,206.033,3.719
2010-11-25 11:00:00,105.0,907.0,285.0,256.0,961.0,374.0,0.0,59.0,-1000.0,34,40.787,70.44,931.641,4.431,238.77,4.094
2010-11-25 11:15:00,106.0,911.0,286.0,256.0,968.0,378.0,0.0,59.0,999.0,34,41.688,72.31999999999998,942.09,4.337,167.513,2.8
2010-11-25 11:30:00,106.0,909.0,285.0,255.0,969.0,379.0,0.0,61.0,-999.0,34,42.498,70.89,945.117,4.175,144.112,2.844
2010-11-25 11:45:00,105.0,904.0,287.0,255.0,965.0,377.0,0.0,58.0,-999.0,34,43.045,69.15,942.676,3.887,175.477,3.4
2010-11-25 12:00:00,103.0,892.0,287.0,250.0,949.0,378.0,0.0,61.0,-999.0,34,43.562,69.3,934.961,3.594,201.78,3.544
2010-11-25 12:15:00,102.0,878.0,287.0,247.0,935.0,378.0,0.0,59.0,-999.0,34,43.946,71.77,922.559,3.15,253.395,3.575
2010-11-25 12:30:00,99.0,853.0,285.0,238.0,911.0,381.0,0.0,60.0,-999.0,34,44.817,73.89,905.469,3.019,284.513,2.706
2010-11-25 12:45:00,96.0,831.0,285.0,231.0,885.0,381.0,0.0,60.0,-1000.0,34,45.374,73.31,881.9339999999999,2.944,214.2,3.506
2010-11-25 13:00:00,92.0,797.0,286.0,220.0,849.0,384.0,0.0,60.0,-999.0,34,45.475,73.25,852.051,2.987,223.808,2.144
2010-11-25 13:15:00,88.0,757.0,284.0,208.0,808.0,388.0,0.0,60.0,-999.0,34,45.576,73.76,818.164,2.406,279.743,2.813
2010-11-25 13:30:00,84.0,719.0,284.0,201.0,766.0,379.0,0.0,60.0,-999.0,34,45.627,71.39,779.102,2.537,144.832,2.169
2010-11-25 13:45:00,79.0,679.0,283.0,186.0,722.0,387.0,0.0,61.0,-999.0,34,45.982,69.25,735.0589999999999,2.65,265.748,3.988
2010-11-25 14:00:00,73.0,627.0,284.0,166.0,673.0,405.0,0.0,59.0,997.0,34,45.911,60.52,683.691,3.813,124.763,4.844
2010-11-25 14:15:00,67.0,576.0,283.0,153.0,612.0,399.0,0.0,61.0,-999.0,34,45.84,59.02,631.055,4.294,96.885,3.969
2010-11-25 14:30:00,59.0,508.0,284.0,133.0,544.0,405.0,0.0,58.0,999.0,34,45.597,57.28,573.73,4.606,88.67199999999998,3.444
2010-11-25 14:45:00,50.0,433.0,283.0,112.0,464.0,414.0,0.0,59.0,-999.0,34,45.313,54.94,513.086,5.212,96.278,2.969
2010-11-25 15:00:00,41.0,351.0,284.0,91.0,376.0,410.0,0.0,58.0,996.0,34,45.303,54.59,448.828,4.781,70.357,2.95
2010-11-25 15:15:00,28.0,247.0,283.0,66.0,267.0,402.0,0.0,58.0,989.0,34,44.787,53.85,382.227,5.281,89.528,1.906
2010-11-25 15:30:00,16.0,141.0,284.0,41.0,156.0,379.0,0.0,58.0,972.0,34,44.564,51.05,314.453,5.981,90.18,2.275
2010-11-25 15:45:00,9.0,78.0,283.0,22.0,91.0,410.0,0.0,58.0,906.0,34,44.159,49.19,236.523,6.95,84.308,1.587
2010-11-25 16:00:00,4.0,25.0,283.0,9.0,35.0,376.0,0.0,57.0,633.0,34,43.572,45.82,18.75,7.913,117.023,2.394
2010-11-25 16:15:00,3.0,5.0,283.0,4.0,16.0,362.0,0.0,58.0,159.0,34,42.661,43.65,13.574,8.699999999999998,123.615,1.425
2010-11-25 16:30:00,3.0,-3.0,282.0,2.0,5.0,296.0,0.0,57.0,0.0,34,41.364,39.01,7.031,9.406,185.198,1.012
2010-11-25 16:45:00,3.0,-7.0,282.0,0.0,1.0,294.0,0.0,56.0,0.0,34,39.988,34.37,1.855,10.95,198.878,0.388
2010-11-25 17:00:00,0.0,-3.0,283.0,0.0,-2.0,100.0,0.0,56.0,0.0,34,38.56,30.05,0.0,12.819,198.855,0.094
2010-11-25 17:15:00,0.0,-3.0,283.0,0.0,0.0,9.0,0.0,54.0,0.0,34,37.558,26.35,0.0,15.25,198.878,0.131
2010-11-25 17:30:00,0.0,-3.0,283.0,0.0,-2.0,5.0,0.0,52.0,0.0,34,35.745,23.65,0.0,18.231,198.878,0.3559999999999999
2010-11-25 17:45:00,0.0,-3.0,283.0,0.0,0.0,4.0,0.0,51.0,0.0,34,34.955,22.71,0.0,19.438,198.878,0.156
2010-11-25 18:00:00,0.0,-3.0,284.0,0.0,0.0,4.0,0.0,50.0,0.0,34,34.54,20.74,0.098,20.2,198.878,0.262
2010-11-25 18:15:00,0.0,-2.0,284.0,0.0,0.0,4.0,0.0,49.0,0.0,34,33.872,20.06,0.0,23.181,260.145,0.7189999999999999
2010-11-25 18:30:00,0.0,-3.0,284.0,0.0,0.0,4.0,0.0,48.0,0.0,34,33.275,19.27,0.0,25.3,346.905,0.769
2010-11-25 18:45:00,0.0,-2.0,284.0,0.0,-2.0,4.0,0.0,47.0,0.0,34,32.606,19.2,0.0,26.538,338.625,0.813
2010-11-26 06:00:00,0.0,-2.0,283.0,0.0,-2.0,184.0,0.0,30.0,0.0,34,21.621,9.65,0.0,41.506,302.715,1.419
2010-11-26 06:15:00,0.0,-2.0,284.0,0.0,-2.0,398.0,0.0,30.0,0.0,34,23.575,11.05,0.0,31.881,307.71,1.481
2010-11-26 06:30:00,0.0,-2.0,285.0,0.0,-2.0,445.0,0.0,33.0,0.0,34,23.312,11.92,2.539,36.431,304.02,0.525
2010-11-26 06:45:00,3.0,14.0,285.0,7.0,22.0,322.0,0.0,35.0,407.0,34,22.238,10.58,8.008,40.906,304.56,0.894
2010-11-26 07:00:00,6.0,48.0,284.0,16.0,60.0,372.0,0.0,41.0,837.0,34,22.522,10.49,11.719,39.375,306.383,0.55
2010-11-26 07:15:00,11.0,91.0,283.0,29.0,103.0,348.0,0.0,51.0,-931.0,34,23.099,11.76,47.559,37.275,306.968,1.3
2010-11-26 07:30:00,17.0,149.0,283.0,52.0,163.0,312.0,0.0,57.0,973.0,34,24.658,18.36,260.059,37.575,276.48,1.106
2010-11-26 07:45:00,29.0,252.0,283.0,66.0,271.0,406.0,0.0,58.0,989.0,34,26.288,29.57,330.469,39.031,271.125,1.919
2010-11-26 08:00:00,41.0,356.0,284.0,88.0,383.0,431.0,0.0,59.0,-996.0,34,28.334,39.52,395.313,36.413,275.513,2.275
2010-11-26 08:15:00,51.0,437.0,284.0,109.0,471.0,428.0,0.0,58.0,996.0,34,30.156,48.09,458.691,33.319,257.445,1.113
2010-11-26 08:30:00,60.0,515.0,285.0,135.0,548.0,403.0,0.0,59.0,-999.0,34,31.189,57.46,515.625,28.119,240.053,0.788
2010-11-26 08:45:00,68.0,581.0,285.0,151.0,621.0,409.0,0.0,60.0,999.0,34,32.455,61.79,587.305,23.044,203.355,0.925
2010-11-26 09:00:00,75.0,637.0,282.0,169.0,677.0,400.0,0.0,57.0,999.0,34,33.528,64.47,639.648,21.744,211.77,1.113
2010-11-26 09:15:00,80.0,687.0,283.0,183.0,734.0,400.0,0.0,60.0,999.0,34,35.087,66.95,691.699,20.544,172.373,1.731
2010-11-26 09:30:00,86.0,730.0,282.0,199.0,779.0,390.0,0.0,59.0,999.0,34,36.15,67.91,736.523,20.387,149.265,1.75
2010-11-26 09:45:00,89.0,762.0,283.0,207.0,815.0,393.0,0.0,61.0,-999.0,34,37.568,67.72,775.195,19.213,206.978,1.775
2010-11-26 10:00:00,92.0,791.0,285.0,215.0,845.0,391.0,0.0,61.0,-999.0,34,38.236,71.48,812.8909999999998,18.969,187.02,1.281
2010-11-26 10:15:00,95.0,819.0,285.0,230.0,873.0,378.0,0.0,60.0,-999.0,34,39.096,71.54,843.457,18.394,211.613,1.663
2010-11-26 10:30:00,98.0,839.0,285.0,233.0,893.0,382.0,0.0,61.0,-1000.0,34,40.038,74.89,869.629,18.125,159.682,1.475
2010-11-26 10:45:00,99.0,853.0,285.0,240.0,908.0,377.0,0.0,61.0,-999.0,34,41.122,78.26999999999998,892.09,16.675,216.563,1.663
2010-11-26 11:00:00,100.0,865.0,285.0,246.0,922.0,374.0,0.0,60.0,-999.0,34,41.85,78.53,906.25,16.35,212.985,1.538
2010-11-26 11:15:00,101.0,866.0,286.0,248.0,923.0,370.0,0.0,61.0,-999.0,34,42.64,81.87,916.406,15.263,208.215,1.631
2010-11-26 11:30:00,100.0,864.0,286.0,245.0,918.0,374.0,0.0,58.0,999.0,34,43.217,80.56,920.02,14.663,200.318,1.163
2010-11-26 11:45:00,100.0,862.0,286.0,249.0,915.0,366.0,0.0,60.0,999.0,34,44.007,81.53,919.727,14.225,197.168,1.919
2010-11-26 12:00:00,99.0,850.0,285.0,246.0,904.0,366.0,0.0,60.0,-999.0,34,45.02,74.56,912.109,13.95,148.207,1.2
2010-11-26 12:15:00,98.0,841.0,284.0,242.0,895.0,369.0,0.0,60.0,999.0,34,45.728,71.58,900.3909999999998,13.331,123.165,1.625
2010-11-26 12:30:00,96.0,823.0,284.0,237.0,876.0,368.0,0.0,59.0,-999.0,34,46.559,70.88,884.961,12.712,137.52,1.75
2010-11-26 12:45:00,93.0,797.0,284.0,226.0,849.0,375.0,0.0,60.0,-999.0,34,47.389,67.42,858.496,12.044,124.875,1.813
2010-11-26 13:00:00,90.0,769.0,284.0,215.0,819.0,380.0,0.0,60.0,-999.0,34,47.915,76.26999999999998,834.4729999999998,11.131,200.633,1.756
2010-11-26 13:15:00,86.0,735.0,284.0,206.0,784.0,380.0,0.0,60.0,-999.0,34,48.381,74.31999999999998,800.195,11.031,159.728,1.65
2010-11-26 13:30:00,81.0,695.0,284.0,194.0,739.0,380.0,0.0,60.0,-999.0,34,48.655,69.13,762.3049999999998,10.487,136.62,1.125
2010-11-26 13:45:00,76.0,650.0,284.0,178.0,695.0,390.0,0.0,59.0,-999.0,34,49.171,72.45999999999998,721.094,9.725,181.553,2.037
2010-11-26 14:00:00,70.0,600.0,282.0,165.0,645.0,388.0,0.0,59.0,-997.0,34,49.262,72.9,675.098,9.256,162.72,1.313
2010-11-26 14:15:00,64.0,545.0,284.0,150.0,581.0,387.0,0.0,61.0,-999.0,34,49.049,68.76,620.605,9.694,182.273,1.956
2010-11-26 14:30:00,56.0,484.0,283.0,131.0,517.0,392.0,0.0,59.0,-999.0,34,49.009,66.88,565.039,9.519,120.465,1.05
2010-11-26 14:45:00,48.0,415.0,284.0,110.0,445.0,403.0,0.0,59.0,-999.0,34,49.009,61.64,505.078,10.35,145.08,2.006
2010-11-26 15:00:00,39.0,334.0,283.0,90.0,355.0,393.0,0.0,58.0,999.0,34,48.746,61.21,441.406,10.369,164.048,1.469
2010-11-26 15:15:00,27.0,234.0,283.0,65.0,251.0,383.0,0.0,60.0,994.0,34,48.128,58.92,375.488,10.688,126.517,1.344
2010-11-26 15:30:00,15.0,133.0,283.0,38.0,148.0,385.0,0.0,59.0,960.0,34,47.612,58.1,307.422,10.931,162.36,0.988
2010-11-26 15:45:00,9.0,76.0,282.0,22.0,89.0,394.0,0.0,58.0,904.0,34,46.974,55.92,222.852,11.031,121.343,1.181
2010-11-26 16:00:00,4.0,24.0,282.0,9.0,35.0,373.0,0.0,58.0,-599.0,34,46.225,48.96,16.797,11.731,16.425,0.531
2010-11-26 16:15:00,3.0,4.0,282.0,4.0,14.0,355.0,0.0,57.0,119.0,34,45.354,44.64,13.867,12.65,143.955,0.8559999999999999
2010-11-26 16:30:00,3.0,-3.0,284.0,1.0,5.0,298.0,0.0,57.0,0.0,34,44.372,39.41,6.934,13.194,144.563,0.0379999999999999
2010-11-26 16:45:00,3.0,-7.0,282.0,0.0,1.0,293.0,0.0,56.0,0.0,34,42.802,33.89,1.855,16.075,144.585,0.019
2010-11-26 17:00:00,0.0,-2.0,282.0,0.0,-2.0,95.0,0.0,55.0,0.0,34,41.01,30.32,0.0,18.688,144.563,0.05
2010-11-26 17:15:00,0.0,-3.0,283.0,0.0,-2.0,10.0,0.0,54.0,0.0,34,39.947,28.15,0.0,19.519,160.155,0.6059999999999999
2010-11-26 17:30:00,0.0,-2.0,283.0,0.0,0.0,4.0,0.0,53.0,0.0,34,39.653,27.31,0.0,20.2,271.845,0.7189999999999999
2010-11-26 17:45:00,0.0,-3.0,283.0,0.0,0.0,4.0,0.0,52.0,0.0,34,38.783,26.21,0.0,21.944,268.448,0.75
2010-11-26 18:00:00,0.0,-3.0,283.0,0.0,-2.0,4.0,0.0,51.0,0.0,34,38.054,25.33,0.0,23.038,266.873,0.4
2010-11-26 18:15:00,0.0,-2.0,283.0,0.0,0.0,4.0,0.0,50.0,0.0,34,36.646,23.0,0.0,25.563,266.94,0.0
2010-11-26 18:30:00,0.0,-2.0,283.0,0.0,0.0,4.0,0.0,48.0,0.0,34,35.472,21.05,0.0,27.481,266.94,0.3499999999999999
2010-11-26 18:45:00,0.0,-3.0,283.0,0.0,0.0,4.0,0.0,47.0,0.0,34,35.168,20.23,0.0,27.894,302.625,1.262
2010-11-27 06:00:00,0.0,-2.0,284.0,0.0,-2.0,155.0,0.0,31.0,0.0,34,25.033,17.45,0.0,39.688,296.415,1.512
2010-11-27 06:15:00,0.0,-3.0,284.0,0.0,-2.0,413.0,0.0,31.0,0.0,34,25.489,19.34,0.098,37.375,298.508,2.819
2010-11-27 06:30:00,3.0,2.0,285.0,3.0,10.0,335.0,0.0,35.0,0.0,34,25.458,18.82,7.715,38.719,301.41,0.9
2010-11-27 06:45:00,4.0,24.0,285.0,10.0,35.0,332.0,0.0,40.0,580.0,34,24.729,17.07,14.551,41.569,298.777,0.7309999999999999
2010-11-27 07:00:00,9.0,72.0,285.0,21.0,85.0,389.0,0.0,48.0,915.0,34,25.296,17.43,27.93,42.956,292.545,0.381
2010-11-27 07:15:00,14.0,120.0,284.0,38.0,132.0,348.0,0.0,56.0,956.0,34,25.519,18.28,53.418,43.731,292.5,0.2379999999999999
2010-11-27 07:30:00,26.0,230.0,283.0,59.0,251.0,423.0,0.0,58.0,994.0,34,27.189,23.0,292.969,38.163,292.725,1.1
2010-11-27 07:45:00,42.0,365.0,285.0,91.0,392.0,430.0,0.0,58.0,999.0,34,29.326,35.38,405.957,32.131,293.76,1.144
2010-11-27 08:00:00,53.0,463.0,285.0,116.0,499.0,429.0,0.0,59.0,997.0,34,31.523,47.87,499.121,27.525,244.305,0.7379999999999999
2010-11-27 08:15:00,47.0,405.0,285.0,104.0,433.0,415.0,0.0,59.0,996.0,34,33.538,56.9,471.973,24.219,273.128,0.6129999999999999
2010-11-27 08:30:00,46.0,395.0,284.0,102.0,423.0,412.0,0.0,60.0,996.0,34,34.804,58.48,442.773,23.263,183.33,0.806
2010-11-27 08:45:00,54.0,471.0,285.0,125.0,500.0,399.0,0.0,59.0,999.0,34,36.12,59.41,462.598,22.6,139.927,0.656
2010-11-27 09:00:00,54.0,471.0,284.0,123.0,502.0,406.0,0.0,58.0,999.0,34,37.173,59.99,477.441,22.775,180.338,0.688
2010-11-27 09:15:00,54.0,468.0,284.0,124.0,499.0,403.0,0.0,57.0,997.0,34,38.033,62.98,485.449,23.263,230.355,0.7439999999999999
2010-11-27 09:30:00,66.0,575.0,285.0,154.0,612.0,396.0,0.0,58.0,997.0,34,39.076,65.33,505.664,22.394,208.282,0.888
2010-11-27 09:45:00,95.0,823.0,285.0,225.0,878.0,389.0,0.0,58.0,-999.0,34,40.686,61.42,644.922,20.862,142.74,1.356
2010-11-27 10:00:00,64.0,548.0,284.0,151.0,583.0,385.0,0.0,57.0,-997.0,34,42.225,70.61,759.375,19.638,175.14,1.444
2010-11-27 10:15:00,88.0,758.0,285.0,214.0,807.0,376.0,0.0,60.0,-999.0,34,43.926,69.95,828.2229999999998,17.975,168.525,1.575
2010-11-27 10:30:00,69.0,595.0,285.0,164.0,635.0,385.0,0.0,58.0,-997.0,34,44.706,73.87999999999998,656.152,17.487,172.98,1.481
2010-11-27 10:45:00,97.0,835.0,285.0,235.0,889.0,378.0,0.0,60.0,-999.0,34,44.645,65.93,785.254,18.406,152.19,1.569
2010-11-27 11:00:00,101.0,870.0,285.0,249.0,926.0,370.0,0.0,60.0,-1000.0,34,45.283,69.23,905.957,17.906,125.865,1.669
2010-11-27 11:15:00,108.0,935.0,286.0,273.0,995.0,364.0,0.0,58.0,-999.0,34,46.214,65.06,941.016,17.119,116.168,2.181
2010-11-27 11:30:00,63.0,540.0,283.0,147.0,579.0,392.0,0.0,59.0,-999.0,34,48.006,66.68,770.508,16.131,118.328,2.506
2010-11-27 11:45:00,67.0,576.0,284.0,158.0,615.0,388.0,0.0,60.0,-999.0,34,49.232,64.53,521.094,15.219,89.438,1.925
2010-11-27 12:00:00,43.0,369.0,283.0,104.0,394.0,378.0,0.0,58.0,992.0,34,49.768,61.55,378.809,15.088,121.703,1.712
2010-11-27 12:15:00,36.0,313.0,283.0,86.0,336.0,389.0,0.0,59.0,-995.0,34,49.637,58.21,298.047,15.225,128.948,1.813
2010-11-27 12:30:00,34.0,291.0,283.0,79.0,314.0,395.0,0.0,58.0,-995.0,34,49.687,57.05,269.531,14.931,153.09,1.206
2010-11-27 12:45:00,33.0,284.0,283.0,77.0,306.0,395.0,0.0,59.0,-990.0,34,49.92,60.16,246.582,14.706,249.075,1.363
2010-11-27 13:00:00,33.0,284.0,283.0,76.0,307.0,398.0,0.0,59.0,-990.0,34,50.244,60.4,246.582,15.313,133.448,0.888
2010-11-27 13:15:00,41.0,356.0,283.0,95.0,379.0,397.0,0.0,58.0,-999.0,34,50.082,57.71,229.199,17.231,123.075,1.681
2010-11-27 13:30:00,101.0,866.0,285.0,231.0,923.0,397.0,0.0,59.0,-999.0,34,50.902,60.61,414.746,16.931,80.37,1.4
2010-11-27 13:45:00,58.0,500.0,285.0,138.0,533.0,385.0,0.0,60.0,-999.0,34,51.834,65.24,664.258,16.469,81.248,1.544
2010-11-27 14:00:00,29.0,249.0,284.0,69.0,270.0,386.0,0.0,59.0,989.0,34,52.401,67.82,382.617,16.137,55.463,1.3
2010-11-27 14:15:00,28.0,244.0,284.0,66.0,263.0,392.0,0.0,59.0,-989.0,34,51.722,61.54,209.766,16.831,126.923,1.325
2010-11-27 14:30:00,57.0,494.0,285.0,128.0,529.0,410.0,0.0,60.0,-999.0,34,51.236,58.77,243.457,17.381,82.102,0.813
2010-11-27 14:45:00,52.0,446.0,285.0,120.0,477.0,396.0,0.0,60.0,-996.0,34,51.287,60.35,462.207,16.65,121.095,0.9
2010-11-27 15:00:00,37.0,321.0,283.0,85.0,345.0,403.0,0.0,59.0,-995.0,34,51.105,62.76,435.84,17.231,116.348,1.2
2010-11-27 15:15:00,25.0,221.0,285.0,59.0,241.0,403.0,0.0,58.0,-987.0,34,50.467,60.71,359.668,17.225,83.272,1.819
2010-11-27 15:30:00,15.0,128.0,284.0,36.0,143.0,394.0,0.0,59.0,-959.0,34,49.93,59.06,291.406,17.862,107.64,1.388
2010-11-27 15:45:00,9.0,68.0,285.0,22.0,81.0,361.0,0.0,58.0,864.0,34,49.485,55.61,199.121,18.188,144.563,1.512
2010-11-27 16:00:00,4.0,24.0,283.0,9.0,33.0,371.0,0.0,57.0,-599.0,34,48.705,50.08,18.262,19.063,130.342,1.825
2010-11-27 16:15:00,3.0,5.0,284.0,4.0,14.0,362.0,0.0,58.0,-159.0,34,47.986,46.79,15.137,19.688,71.55,0.5749999999999998
2010-11-27 16:30:00,3.0,-5.0,283.0,1.0,5.0,296.0,0.0,56.0,0.0,34,46.964,43.24,7.227,22.219,135.653,0.438
2010-11-27 16:45:00,3.0,-7.0,283.0,0.0,1.0,293.0,0.0,55.0,0.0,34,45.445,40.27,1.758,23.644,306.315,0.5809999999999998
2010-11-27 17:00:00,0.0,-2.0,282.0,0.0,-2.0,82.0,0.0,54.0,0.0,34,44.432,37.77,0.0,24.019,284.378,0.888
2010-11-27 17:15:00,0.0,-2.0,283.0,0.0,0.0,8.0,0.0,52.0,0.0,34,44.21,37.29,0.0,21.494,208.935,1.762
2010-11-27 17:30:00,0.0,-2.0,283.0,0.0,-2.0,4.0,0.0,51.0,0.0,34,43.521,36.63,0.0,22.863,259.673,1.538
2010-11-27 17:45:00,0.0,-2.0,283.0,0.0,0.0,4.0,0.0,50.0,0.0,34,42.661,36.32,0.0,23.769,203.827,1.231
2010-11-27 18:00:00,0.0,-2.0,282.0,0.0,0.0,4.0,0.0,48.0,0.0,34,41.82,35.9,0.0,25.675,220.32,1.388
2010-11-27 18:15:00,0.0,-2.0,283.0,0.0,0.0,4.0,0.0,47.0,0.0,34,40.747,33.56,0.0,28.419,263.363,1.019
2010-11-27 18:30:00,0.0,-2.0,283.0,0.0,-2.0,4.0,0.0,46.0,0.0,34,40.767,32.61,0.0,28.144,310.41,1.762
2010-11-27 18:45:00,0.0,-3.0,283.0,0.0,0.0,4.0,0.0,45.0,0.0,34,41.0,33.06,0.0,25.881,241.83,2.219
2010-11-28 06:00:00,0.0,-2.0,285.0,0.0,-2.0,120.0,0.0,30.0,0.0,34,40.544,37.75,0.0,49.15,303.503,5.231
2010-11-28 06:15:00,0.0,-2.0,284.0,0.0,-2.0,352.0,0.0,30.0,0.0,34,41.324,40.75,0.098,40.625,300.645,9.569
2010-11-28 06:30:00,3.0,-3.0,285.0,1.0,5.0,298.0,0.0,33.0,0.0,34,42.104,42.13,2.051,38.488,301.208,9.106000000000002
2010-11-28 06:45:00,3.0,4.0,285.0,4.0,13.0,308.0,0.0,33.0,0.0,34,41.385,41.58,6.738,42.156,301.905,8.281
2010-11-28 07:00:00,6.0,44.0,286.0,13.0,56.0,410.0,0.0,39.0,804.0,34,41.142,41.33,12.988,40.888,307.215,8.631
2010-11-28 07:15:00,9.0,76.0,284.0,20.0,93.0,441.0,0.0,49.0,919.0,34,41.344,41.1,17.578,39.65,302.22,7.031
2010-11-28 07:30:00,17.0,147.0,286.0,44.0,163.0,372.0,0.0,58.0,964.0,34,41.668,42.99,243.457,36.675,305.393,8.181
2010-11-28 07:45:00,27.0,237.0,286.0,60.0,257.0,422.0,0.0,59.0,994.0,34,42.468,47.11,321.68,34.694,290.745,7.606
2010-11-28 08:00:00,38.0,330.0,285.0,83.0,356.0,424.0,0.0,60.0,991.0,34,42.984,49.37,385.547,33.881,204.547,7.224999999999999
2010-11-28 08:15:00,48.0,421.0,286.0,107.0,450.0,419.0,0.0,59.0,996.0,34,43.501,51.08,447.461,33.1,199.058,8.263
2010-11-28 08:30:00,57.0,498.0,286.0,127.0,534.0,419.0,0.0,59.0,997.0,34,43.936,53.0,504.59,33.075,250.673,9.319
2010-11-28 08:45:00,67.0,576.0,286.0,149.0,616.0,413.0,0.0,59.0,999.0,34,44.432,54.15,568.359,32.063,204.48,9.288
2010-11-28 09:00:00,74.0,639.0,286.0,167.0,681.0,407.0,0.0,60.0,1000.0,34,45.07,55.33,626.27,30.75,205.178,9.2
2010-11-28 09:15:00,81.0,702.0,286.0,185.0,747.0,404.0,0.0,59.0,999.0,34,45.506,57.9,680.957,29.819,267.21,9.494
2010-11-28 09:30:00,91.0,784.0,286.0,208.0,837.0,401.0,0.0,59.0,999.0,34,46.154,60.96,733.105,28.369,252.113,9.619
2010-11-28 09:45:00,98.0,849.0,285.0,228.0,903.0,395.0,0.0,59.0,-999.0,34,46.822,60.74,765.625,27.25,287.258,12.519
2010-11-28 10:00:00,96.0,830.0,286.0,221.0,884.0,398.0,0.0,61.0,-999.0,34,46.761,60.38,818.164,27.363,274.793,12.669
2010-11-28 10:15:00,77.0,664.0,285.0,174.0,710.0,407.0,0.0,59.0,-999.0,34,47.055,61.17,772.5589999999999,27.25,278.663,11.519
2010-11-28 10:30:00,106.0,916.0,286.0,247.0,978.0,395.0,0.0,60.0,-999.0,34,47.298,61.99,799.902,27.056,297.225,10.431
2010-11-28 10:45:00,25.0,224.0,284.0,61.0,243.0,398.0,0.0,60.0,988.0,34,47.824,61.37,579.004,26.313,252.63,9.181
2010-11-28 11:00:00,116.0,1000.0,285.0,267.0,1067.0,398.0,0.0,60.0,1000.0,34,47.571,56.02,509.766,26.5,266.873,10.65
2010-11-28 11:15:00,107.0,922.0,285.0,251.0,982.0,389.0,0.0,59.0,-999.0,34,48.098,61.62,934.082,25.575,276.66,10.306
2010-11-28 11:30:00,115.0,992.0,285.0,269.0,1058.0,392.0,0.0,60.0,1000.0,34,48.847,64.94,889.551,24.888,287.46,10.863
2010-11-28 11:45:00,114.0,974.0,284.0,273.0,1039.0,380.0,0.0,60.0,999.0,34,49.505,64.45,855.957,23.938,289.62,10.013
2010-11-28 12:00:00,22.0,191.0,284.0,53.0,207.0,392.0,0.0,58.0,-986.0,34,50.052,63.71,786.3279999999999,23.056,236.25,11.188
2010-11-28 12:15:00,34.0,295.0,283.0,81.0,317.0,389.0,0.0,61.0,995.0,34,49.778,60.96,751.855,23.45,262.125,10.331
2010-11-28 12:30:00,112.0,963.0,285.0,267.0,1026.0,384.0,0.0,59.0,1000.0,34,50.943,65.26,988.477,22.45,247.478,10.069
2010-11-28 12:45:00,121.0,1038.0,285.0,276.0,1108.0,401.0,0.0,61.0,999.0,34,51.652,65.26,663.965,21.444,256.32,10.388
2010-11-28 13:00:00,103.0,882.0,285.0,239.0,942.0,393.0,0.0,61.0,999.0,34,51.166,62.21,644.043,21.538,294.098,10.25
2010-11-28 13:15:00,65.0,560.0,285.0,145.0,600.0,412.0,0.0,58.0,999.0,34,51.044,61.66,584.473,21.637,287.46,11.775
2010-11-28 13:30:00,104.0,893.0,286.0,232.0,955.0,411.0,0.0,60.0,999.0,34,50.487,56.89,244.238,22.406,252.652,9.419
2010-11-28 13:45:00,82.0,707.0,286.0,190.0,752.0,393.0,0.0,60.0,-998.0,34,50.892,59.21,714.355,21.85,242.595,10.337
2010-11-28 14:00:00,80.0,685.0,285.0,184.0,730.0,395.0,0.0,59.0,999.0,34,52.067,64.19,710.742,20.019,298.62,8.525
2010-11-28 14:15:00,75.0,649.0,285.0,172.0,692.0,401.0,0.0,59.0,999.0,34,52.634,64.71,687.988,19.15,300.308,9.231000000000002
2010-11-28 14:30:00,66.0,565.0,284.0,150.0,600.0,398.0,0.0,61.0,999.0,34,52.755,64.8,651.367,19.381,296.168,9.031
2010-11-28 14:45:00,59.0,510.0,285.0,135.0,542.0,400.0,0.0,59.0,999.0,34,52.279,63.84,584.082,19.569,295.245,8.593999999999998
2010-11-28 15:00:00,45.0,388.0,285.0,101.0,418.0,411.0,0.0,59.0,-996.0,34,51.945,62.31,495.508,19.4,297.72,9.919
2010-11-28 15:15:00,30.0,261.0,285.0,72.0,283.0,393.0,0.0,59.0,989.0,34,51.601,60.41,419.434,19.1,297.225,7.481
2010-11-28 15:30:00,18.0,159.0,285.0,46.0,174.0,376.0,0.0,58.0,975.0,34,51.135,58.52,337.207,19.619,295.92,8.125
2010-11-28 15:45:00,8.0,66.0,284.0,20.0,78.0,379.0,0.0,58.0,874.0,34,50.153,54.76,172.266,20.688,296.483,8.519
2010-11-28 16:00:00,5.0,33.0,285.0,11.0,43.0,376.0,0.0,58.0,-714.0,34,49.08,49.62,25.781,22.438,304.875,8.099999999999998
2010-11-28 16:15:00,3.0,14.0,283.0,7.0,25.0,371.0,0.0,57.0,392.0,34,48.584,48.42,24.707,26.613,293.378,8.925
2010-11-28 16:30:00,3.0,-2.0,283.0,2.0,6.0,297.0,0.0,57.0,0.0,34,47.733,47.63,15.43,27.994,298.305,8.913
2010-11-28 16:45:00,0.0,-2.0,282.0,0.0,-2.0,329.0,0.0,56.0,0.0,34,47.308,47.31,2.051,27.938,301.703,8.281
2010-11-28 17:00:00,0.0,-3.0,283.0,0.0,-2.0,85.0,0.0,56.0,0.0,34,46.974,47.11,0.0,27.312,300.96,9.006
2010-11-28 17:15:00,0.0,-2.0,281.0,0.0,-2.0,11.0,0.0,54.0,0.0,34,46.488,46.69,0.0,27.675,304.29,10.65
2010-11-28 17:30:00,0.0,-3.0,282.0,0.0,0.0,5.0,0.0,53.0,0.0,34,46.012,46.22,0.0,28.113,304.92,9.0
2010-11-28 17:45:00,0.0,-2.0,281.0,0.0,0.0,5.0,0.0,51.0,0.0,34,45.455,45.09,0.0,28.844,305.235,6.488
2010-11-28 18:00:00,0.0,-2.0,282.0,0.0,-2.0,7.0,0.0,50.0,0.0,34,45.212,44.9,0.0,29.175,306.0,9.631
2010-11-28 18:15:00,0.0,-2.0,283.0,0.0,0.0,5.0,0.0,49.0,0.0,34,44.908,45.17,0.0,29.444,307.35,9.556
2010-11-28 18:30:00,0.0,-2.0,283.0,0.0,0.0,4.0,0.0,47.0,0.0,34,44.483,44.76,0.0,26.881,294.615,10.031
2010-11-28 18:45:00,0.0,-2.0,283.0,0.0,0.0,5.0,0.0,46.0,0.0,34,44.108,44.52,0.0,25.419,297.315,11.913
2010-11-29 06:00:00,0.0,-3.0,282.0,0.0,-2.0,108.0,0.0,28.0,0.0,34,34.641,35.21,0.0,28.294,307.62,11.144
2010-11-29 06:15:00,0.0,-3.0,283.0,0.0,-2.0,354.0,0.0,27.0,0.0,34,34.723,35.36,0.098,27.963,303.458,12.081
2010-11-29 06:30:00,3.0,-3.0,283.0,2.0,6.0,298.0,0.0,30.0,0.0,34,34.641,35.08,2.051,27.925,306.833,9.688
2010-11-29 06:45:00,3.0,9.0,285.0,5.0,17.0,320.0,0.0,31.0,269.0,34,34.692,34.98,7.91,27.769,303.705,10.05
2010-11-29 07:00:00,6.0,41.0,285.0,14.0,54.0,378.0,0.0,37.0,755.0,34,34.854,35.52,13.184,27.244,303.143,10.144
2010-11-29 07:15:00,10.0,85.0,285.0,24.0,98.0,401.0,0.0,45.0,899.0,34,34.915,35.46,0.0,27.156,281.16,8.125
2010-11-29 07:30:00,17.0,147.0,286.0,39.0,163.0,412.0,0.0,56.0,-973.0,34,35.33,36.88,225.0,26.756,282.375,7.931
2010-11-29 07:45:00,26.0,230.0,286.0,58.0,253.0,433.0,0.0,58.0,-982.0,34,35.775,41.03,315.82,26.225,296.415,8.537
2010-11-29 08:00:00,38.0,329.0,285.0,82.0,357.0,433.0,0.0,58.0,-995.0,34,36.545,43.54,384.277,25.313,295.065,9.519
2010-11-29 08:15:00,49.0,426.0,285.0,108.0,454.0,420.0,0.0,60.0,996.0,34,37.396,45.47,448.438,24.406,295.357,10.694
2010-11-29 08:30:00,58.0,504.0,285.0,127.0,542.0,424.0,0.0,60.0,997.0,34,38.297,46.96,509.375,23.425,292.748,11.837
2010-11-29 08:45:00,67.0,580.0,284.0,148.0,621.0,419.0,0.0,58.0,-999.0,34,38.793,48.38,569.922,23.15,297.54,11.388
2010-11-29 09:00:00,75.0,645.0,285.0,166.0,687.0,412.0,0.0,57.0,999.0,34,39.41,48.88,626.27,22.406,297.473,13.3
2010-11-29 09:15:00,82.0,702.0,284.0,181.0,750.0,414.0,0.0,59.0,999.0,34,39.967,49.56,679.59,21.913,297.135,13.7
2010-11-29 09:30:00,87.0,750.0,285.0,193.0,803.0,414.0,0.0,60.0,999.0,34,40.291,52.61,727.832,21.45,302.31,13.625
2010-11-29 09:45:00,92.0,796.0,286.0,207.0,849.0,409.0,0.0,57.0,-999.0,34,40.686,53.55,768.945,21.094,294.93,13.438
2010-11-29 10:00:00,97.0,834.0,286.0,219.0,892.0,406.0,0.0,60.0,999.0,34,41.142,54.59,806.738,20.75,299.43,13.425
2010-11-29 10:15:00,100.0,862.0,286.0,230.0,918.0,397.0,0.0,59.0,-999.0,34,41.506,55.59,835.1559999999998,20.413,299.835,12.675
2010-11-29 10:30:00,102.0,884.0,286.0,235.0,943.0,400.0,0.0,58.0,999.0,34,42.124,57.97,863.086,19.888,291.825,10.819
2010-11-29 10:45:00,104.0,903.0,287.0,242.0,963.0,397.0,0.0,61.0,999.0,34,42.772,59.28,886.621,19.275,301.748,11.638
2010-11-29 11:00:00,106.0,919.0,287.0,243.0,981.0,402.0,0.0,60.0,1000.0,34,43.055,58.45,900.488,19.056,302.22,13.413
2010-11-29 11:15:00,107.0,923.0,287.0,249.0,985.0,395.0,0.0,60.0,998.0,34,43.217,57.84,908.7890000000002,18.738,300.69,12.469
2010-11-29 11:30:00,106.0,920.0,287.0,252.0,980.0,387.0,0.0,60.0,-999.0,34,43.632,60.04,913.965,18.369,301.68,10.525
2010-11-29 11:45:00,106.0,920.0,287.0,249.0,982.0,393.0,0.0,60.0,999.0,34,44.26,60.08,915.0390000000002,17.65,302.175,11.444
2010-11-29 12:00:00,105.0,908.0,287.0,249.0,965.0,386.0,0.0,58.0,-999.0,34,44.777,60.59,908.496,17.181,298.395,11.188
2010-11-29 12:15:00,103.0,893.0,287.0,239.0,955.0,398.0,0.0,59.0,-999.0,34,45.232,60.62,897.461,16.788,304.92,11.469
2010-11-29 12:30:00,101.0,874.0,286.0,233.0,934.0,400.0,0.0,61.0,-1000.0,34,45.607,60.91,879.98,16.506,301.478,11.656
2010-11-29 12:45:00,98.0,847.0,287.0,229.0,903.0,392.0,0.0,60.0,999.0,34,45.759,60.19,857.6169999999998,16.269,304.29,11.462
2010-11-29 13:00:00,94.0,816.0,287.0,219.0,869.0,395.0,0.0,58.0,-999.0,34,46.174,60.86,829.395,15.85,302.22,10.719
2010-11-29 13:15:00,89.0,773.0,287.0,207.0,824.0,397.0,0.0,61.0,999.0,34,46.731,62.52,797.363,15.394,301.478,8.944
2010-11-29 13:30:00,84.0,731.0,287.0,195.0,780.0,398.0,0.0,58.0,999.0,34,47.176,62.08,759.082,15.2,299.7,9.55
2010-11-29 13:45:00,78.0,681.0,287.0,181.0,726.0,398.0,0.0,59.0,-997.0,34,47.318,61.78,716.895,15.069,307.305,8.875
2010-11-29 14:00:00,68.0,592.0,287.0,155.0,633.0,406.0,0.0,58.0,999.0,34,47.622,61.38,662.891,14.75,302.513,7.869
2010-11-29 14:15:00,63.0,544.0,286.0,143.0,577.0,403.0,0.0,59.0,997.0,34,47.521,59.73,577.051,14.65,300.735,9.569
2010-11-29 14:30:00,51.0,444.0,286.0,114.0,475.0,412.0,0.0,60.0,996.0,34,47.207,58.18,520.02,14.987,300.33,7.862
2010-11-29 14:45:00,44.0,387.0,286.0,99.0,417.0,419.0,0.0,59.0,996.0,34,47.176,57.16,469.336,14.887,297.967,7.331
2010-11-29 15:00:00,34.0,297.0,285.0,77.0,318.0,412.0,0.0,59.0,995.0,34,46.903,55.51,391.016,15.188,273.758,7.156
2010-11-29 15:15:00,23.0,203.0,286.0,54.0,221.0,406.0,0.0,60.0,980.0,34,46.64,54.29,357.129,15.5,304.312,7.405999999999999
2010-11-29 15:30:00,16.0,137.0,284.0,38.0,152.0,396.0,0.0,59.0,962.0,34,46.295,52.41,293.262,15.538,305.528,8.131
2010-11-29 15:45:00,10.0,75.0,283.0,22.0,87.0,384.0,0.0,58.0,888.0,34,45.809,49.96,198.047,15.65,305.55,8.656
2010-11-29 16:00:00,4.0,24.0,283.0,9.0,35.0,383.0,0.0,57.0,562.0,34,45.323,46.69,0.0,16.131,298.958,6.056
2010-11-29 16:15:00,3.0,5.0,283.0,4.0,16.0,369.0,0.0,57.0,147.0,34,44.908,44.97,15.625,16.719,303.21,7.119
2010-11-29 16:30:00,3.0,-3.0,285.0,1.0,4.0,298.0,0.0,57.0,76.0,34,44.21,43.53,7.227,17.213,307.35,6.075
2010-11-29 16:45:00,3.0,-7.0,283.0,0.0,1.0,293.0,0.0,56.0,199.0,34,43.46,42.48,2.539,17.463,298.125,5.381
2010-11-29 17:00:00,0.0,-2.0,283.0,0.0,-2.0,73.0,0.0,55.0,0.0,34,42.792,41.55,0.0,18.306,278.888,4.894
2010-11-29 17:15:00,0.0,-3.0,284.0,0.0,0.0,8.0,0.0,53.0,0.0,34,42.478,41.14,0.0,18.619,306.18,6.081
2010-11-29 17:30:00,0.0,-2.0,284.0,0.0,0.0,5.0,0.0,52.0,0.0,34,41.911,40.56,0.0,19.425,304.268,5.006
2010-11-29 17:45:00,0.0,-2.0,285.0,0.0,0.0,4.0,0.0,51.0,0.0,34,41.223,39.16,0.0,20.694,302.22,4.406
2010-11-29 18:00:00,0.0,-2.0,285.0,0.0,0.0,4.0,0.0,50.0,0.0,34,40.625,38.28,0.0,21.5,310.523,4.75
2010-11-29 18:15:00,0.0,-2.0,285.0,0.0,0.0,4.0,0.0,48.0,0.0,34,40.312,37.81,0.0,21.663,307.328,5.062
2010-11-29 18:30:00,0.0,-2.0,285.0,0.0,0.0,4.0,0.0,47.0,0.0,34,40.19,37.95,0.0,21.325,306.045,5.331
2010-11-29 18:45:00,0.0,-2.0,285.0,0.0,0.0,4.0,0.0,46.0,0.0,34,40.403,38.98,0.0,20.444,302.76,7.506
2010-11-03 06:00:06,,,,,,,139.0,,,34,59.093,52.72,1.465,40.775,292.883,2.756
2010-11-03 06:15:06,,,,,,,139.0,,,34,59.083,53.03,6.152,41.65,325.058,1.431
2010-11-03 06:30:06,,,,,,,139.0,,,34,58.769,53.65,12.012,41.063,313.425,2.606
2010-11-03 06:45:06,,,,,,,139.0,,,34,58.699,54.7,16.504,44.313,299.318,2.531
2010-11-03 07:00:06,,,,,,,139.0,,,34,58.658,56.61,167.676,44.825,303.233,1.906
2010-11-03 07:15:06,,,,,,,139.0,,,34,59.741,63.87,275.488,41.375,300.353,2.069
2010-11-03 07:30:06,,,,,,,139.0,,,34,61.706,70.09,345.313,35.863,305.64,2.919
2010-11-03 07:45:06,,,,,,,139.0,,,34,63.123,76.87999999999998,412.012,34.431,306.068,2.237
2010-11-03 08:00:06,,,,,,,139.0,,,34,64.045,83.45,477.734,33.356,293.13,1.906
2010-11-03 08:15:06,,,,,,,139.0,,,34,65.067,92.53,541.504,32.231,305.235,1.294
2010-11-03 08:30:06,,,,,,,139.0,,,34,66.94,98.1,605.664,28.956,309.015,2.894
2010-11-03 08:45:06,,,,,,,139.0,,,34,68.216,103.02,664.355,28.063,305.483,1.762
2010-11-03 09:00:06,,,,,,,139.0,,,34,68.388,110.77,717.871,28.619,289.868,1.625
2010-11-03 09:15:06,,,,,,,139.0,,,34,69.168,114.74,766.9919999999998,29.0,243.113,1.712
2010-11-03 09:30:06,,,,,,,139.0,,,34,70.089,112.11,810.645,27.444,155.003,1.206
2010-11-03 09:45:06,,,,,,,139.0,,,34,71.183,116.4,850.0,26.744,172.102,1.2
2010-11-03 10:00:06,,,,,,,139.0,,,34,72.286,116.54,885.4489999999998,26.031,206.955,1.556
2010-11-03 10:15:06,,,,,,,139.0,,,34,73.349,116.03,915.234,24.5,224.955,1.394
2010-11-03 10:30:06,,,,,,,139.0,,,34,74.301,111.84,939.258,23.612,165.6,1.119
2010-11-03 10:45:06,,,,,,,139.0,,,34,75.628,119.8,960.352,22.737,175.5,1.338
2010-11-03 11:00:06,,,,,,,139.0,,,34,76.67,115.82,972.168,21.231,183.555,1.375
2010-11-03 11:15:06,,,,,,,139.0,,,34,77.491,123.12,980.762,20.594,252.09,1.737
2010-11-03 11:30:06,,,,,,,139.0,,,34,78.584,128.15,983.691,19.619,250.178,1.706
2010-11-03 11:45:06,,,,,,,139.0,,,34,79.354,128.37,980.566,18.85,286.65,1.881
2010-11-03 12:00:06,,,,,,,139.0,,,34,80.427,125.53,972.363,18.119,280.148,1.669
2010-11-03 12:15:06,,,,,,,139.0,,,34,81.41899999999998,126.08,959.668,17.225,259.628,1.756
2010-11-03 12:30:06,,,,,,,139.0,,,34,81.79399999999998,126.5,940.723,16.938,230.67,1.481
2010-11-03 12:45:06,,,,,,,139.0,,,34,82.452,122.89,915.332,16.563,221.265,2.037
2010-11-03 13:00:06,,,,,,,139.0,,,34,83.292,125.17,885.7419999999998,16.05,226.125,1.875
2010-11-03 13:15:06,,,,,,,139.0,,,34,84.08199999999998,121.98,849.902,15.594,231.615,2.2
2010-11-03 13:30:06,,,,,,,139.0,,,34,84.33499999999998,121.57,811.426,15.338,206.347,1.881
2010-11-03 13:45:06,,,,,,,139.0,,,34,84.08199999999998,107.84,762.793,15.438,140.67,1.469
2010-11-03 14:00:06,,,,,,,139.0,,,34,84.507,110.65,714.844,15.05,206.73,1.544
2010-11-03 14:15:06,,,,,,,139.0,,,34,84.598,102.85,662.5,15.169,181.17,1.919
2010-11-03 14:30:06,,,,,,,139.0,,,34,84.75,108.36,607.227,14.806,199.238,1.837
2010-11-03 14:45:06,,,,,,,139.0,,,34,84.629,102.93,546.289,15.119,111.06,1.15
2010-11-03 15:00:06,,,,,,,139.0,,,34,84.33499999999998,101.67,484.082,15.181,203.985,1.069
2010-11-03 15:15:06,,,,,,,139.0,,,34,84.345,100.94,418.652,15.137,172.868,0.769
2010-11-03 15:30:06,,,,,,,139.0,,,34,84.01099999999998,96.96,350.195,15.938,91.687,0.881
2010-11-03 15:45:06,,,,,,,139.0,,,34,83.373,92.83,282.227,16.244,196.92,1.125
2010-11-03 16:00:06,,,,,,,139.0,,,34,82.563,87.83,205.566,16.775,171.832,0.9
2010-11-03 16:15:06,,,,,,,139.0,,,34,81.601,84.73,120.41,17.013,141.098,0.556
2010-11-03 16:30:06,,,,,,,139.0,,,34,80.548,79.72,13.77,18.575,96.952,0.631
2010-11-03 16:45:06,,,,,,,139.0,,,34,79.161,74.12999999999998,5.957,20.181,195.773,1.063
2010-11-03 17:00:06,,,,,,,139.0,,,34,77.54099999999998,70.33,1.66,22.525,254.227,0.5
2010-11-03 17:15:06,,,,,,,139.0,,,34,75.638,67.46,0.391,25.075,242.303,1.006
2010-11-03 17:30:06,,,,,,,139.0,,,34,74.372,65.63,0.2929999999999999,25.606,241.268,0.688
2010-11-03 17:45:06,,,,,,,139.0,,,34,73.91599999999998,63.87,0.195,25.656,243.27,0.638
2010-11-03 18:00:06,,,,,,,139.0,,,34,73.177,62.6,0.098,26.488,262.665,1.156
2010-11-03 18:15:06,,,,,,,139.0,,,34,73.00499999999998,62.85,0.195,26.975,268.695,1.606
2010-11-03 18:30:06,,,,,,,139.0,,,34,72.22499999999998,62.54,0.195,28.588,281.902,1.506
2010-11-03 18:45:06,,,,,,,139.0,,,34,70.899,61.42,0.195,30.425,286.92,1.712
2010-11-30 06:00:00,0.0,-2.0,284.0,0.0,-2.0,103.0,0.0,30.0,0.0,34,27.736,21.9,0.0,44.281,284.422,2.05
2010-11-30 06:15:00,0.0,-3.0,283.0,0.0,-2.0,369.0,0.0,30.0,0.0,34,27.726,21.14,0.0,44.431,329.963,0.4749999999999999
2010-11-30 06:30:00,0.0,-3.0,284.0,0.0,1.0,434.0,0.0,33.0,0.0,34,26.116,17.37,1.465,48.056,334.328,0.456
2010-11-30 06:45:00,3.0,9.0,284.0,5.0,16.0,311.0,0.0,34.0,269.0,34,25.691,15.47,7.031,46.944,327.645,1.244
2010-11-30 07:00:00,6.0,37.0,285.0,13.0,48.0,355.0,0.0,39.0,-717.0,34,26.977,19.05,11.719,43.731,299.79,2.475
2010-11-30 07:15:00,10.0,79.0,285.0,24.0,94.0,381.0,0.0,47.0,893.0,34,27.655,21.64,13.281,43.212,283.635,1.775
2010-11-30 07:30:00,15.0,135.0,285.0,41.0,148.0,359.0,0.0,57.0,961.0,34,28.506,23.89,198.34,43.069,276.705,1.256
2010-11-30 07:45:00,25.0,224.0,285.0,57.0,243.0,428.0,0.0,59.0,988.0,34,30.055,31.75,302.539,41.613,288.698,2.181
2010-11-30 08:00:00,37.0,321.0,285.0,80.0,345.0,429.0,0.0,59.0,995.0,34,31.31,41.12,372.461,37.894,291.893,2.244
2010-11-30 08:15:00,47.0,411.0,285.0,104.0,441.0,423.0,0.0,60.0,-996.0,34,31.938,48.78,436.719,35.931,255.24,0.994
2010-11-30 08:30:00,53.0,461.0,285.0,119.0,492.0,411.0,0.0,59.0,-996.0,34,32.566,56.76,499.512,34.231,245.273,1.15
2010-11-30 08:45:00,64.0,554.0,286.0,144.0,592.0,408.0,0.0,60.0,-997.0,34,33.67,60.96,543.75,31.925,252.405,0.894
2010-11-30 09:00:00,71.0,611.0,285.0,161.0,653.0,406.0,0.0,61.0,-997.0,34,34.723,58.56,611.035,31.375,142.605,1.356
2010-11-30 09:15:00,77.0,658.0,284.0,175.0,703.0,400.0,0.0,59.0,-999.0,34,35.857,57.17,656.836,29.744,106.515,1.906
2010-11-30 09:30:00,82.0,704.0,286.0,192.0,747.0,388.0,0.0,60.0,-999.0,34,36.95,60.8,701.758,28.563,97.425,1.75
2010-11-30 09:45:00,86.0,749.0,286.0,205.0,796.0,387.0,0.0,59.0,-1000.0,34,37.628,65.27,743.457,27.963,56.205,1.494
2010-11-30 10:00:00,85.0,733.0,286.0,199.0,783.0,393.0,0.0,60.0,999.0,34,38.418,62.87,773.2419999999998,27.831,113.355,1.719
2010-11-30 10:15:00,94.0,812.0,285.0,225.0,868.0,385.0,0.0,60.0,-998.0,34,39.086,67.66,801.563,26.488,178.83,1.519
2010-11-30 10:30:00,86.0,745.0,287.0,208.0,795.0,381.0,0.0,59.0,998.0,34,39.836,75.61,839.063,25.613,196.808,1.331
2010-11-30 10:45:00,93.0,808.0,287.0,225.0,861.0,382.0,0.0,60.0,-999.0,34,40.879,69.08,735.352,24.006,132.75,1.119
2010-11-30 11:00:00,80.0,691.0,287.0,191.0,737.0,384.0,0.0,58.0,-1000.0,34,42.185,64.17,736.23,22.119,141.278,1.7
2010-11-30 11:15:00,95.0,822.0,286.0,230.0,873.0,378.0,0.0,60.0,-999.0,34,42.964,66.22,805.273,21.175,131.58,1.156
2010-11-30 11:30:00,99.0,857.0,286.0,243.0,912.0,375.0,0.0,60.0,999.0,34,43.916,69.48,845.508,20.125,177.818,1.506
2010-11-30 11:45:00,94.0,811.0,287.0,225.0,864.0,383.0,0.0,60.0,999.0,34,44.503,75.56,833.2029999999999,19.575,185.355,1.419
2010-11-30 12:00:00,97.0,843.0,286.0,240.0,897.0,373.0,0.0,60.0,1000.0,34,44.787,75.34,880.371,19.069,146.318,1.35
2010-11-30 12:15:00,96.0,827.0,286.0,238.0,881.0,369.0,0.0,60.0,-999.0,34,45.344,74.84999999999998,861.719,18.85,180.157,0.906
2010-11-30 12:30:00,96.0,828.0,286.0,238.0,881.0,370.0,0.0,59.0,999.0,34,46.235,76.62999999999998,869.727,17.825,162.427,1.663
2010-11-30 12:45:00,79.0,685.0,286.0,195.0,727.0,372.0,0.0,60.0,-999.0,34,46.538,74.68,748.34,17.75,231.975,2.419
2010-11-30 13:00:00,89.0,772.0,286.0,223.0,818.0,366.0,0.0,60.0,-999.0,34,47.328,78.39,833.984,17.219,213.412,1.587
2010-11-30 13:15:00,84.0,729.0,285.0,205.0,774.0,376.0,0.0,60.0,1000.0,34,47.976,81.98999999999998,777.051,16.35,257.49,1.756
2010-11-30 13:30:00,77.0,661.0,284.0,183.0,704.0,383.0,0.0,59.0,999.0,34,48.563,72.31,724.707,15.956,179.798,2.481
2010-11-30 13:45:00,66.0,569.0,284.0,154.0,608.0,392.0,0.0,58.0,-999.0,34,48.371,72.25,646.973,15.469,231.12,2.025
2010-11-30 14:00:00,58.0,504.0,285.0,141.0,535.0,378.0,0.0,60.0,-997.0,34,48.776,73.70999999999998,593.555,15.775,235.958,1.594
2010-11-30 14:15:00,52.0,453.0,284.0,124.0,481.0,387.0,0.0,59.0,999.0,34,49.272,74.26,597.07,15.6,244.215,1.712
2010-11-30 14:30:00,49.0,422.0,285.0,114.0,449.0,390.0,0.0,59.0,-996.0,34,49.009,71.14,494.922,15.694,221.108,1.681
2010-11-30 14:45:00,39.0,337.0,285.0,91.0,360.0,393.0,0.0,59.0,-995.0,34,48.746,66.97,418.75,15.356,176.94,0.662
2010-11-30 15:00:00,28.0,243.0,284.0,65.0,261.0,403.0,0.0,60.0,994.0,34,48.503,62.95,322.363,15.55,130.253,0.881
2010-11-30 15:15:00,14.0,122.0,283.0,37.0,137.0,367.0,0.0,58.0,947.0,34,48.037,57.36,196.094,15.913,93.938,1.025
2010-11-30 15:30:00,11.0,94.0,283.0,28.0,109.0,382.0,0.0,59.0,920.0,34,47.521,52.28,168.75,16.219,83.452,0.994
2010-11-30 15:45:00,6.0,39.0,283.0,13.0,52.0,381.0,0.0,58.0,743.0,34,47.075,49.5,96.68,16.231,125.28,0.438
2010-11-30 16:00:00,4.0,18.0,283.0,8.0,32.0,397.0,0.0,58.0,-482.0,34,46.194,46.53,33.789,16.869,161.82,0.319
2010-11-30 16:15:00,3.0,4.0,283.0,4.0,13.0,357.0,0.0,57.0,-115.0,34,45.192,44.17,19.434,18.9,171.27,0.25
2010-11-30 16:30:00,0.0,-2.0,283.0,0.0,0.0,393.0,0.0,57.0,0.0,34,44.311,42.6,5.566,19.25,171.27,0.131
2010-11-30 16:45:00,3.0,-9.0,283.0,0.0,0.0,293.0,0.0,56.0,239.0,34,43.673,38.49,0.4879999999999999,19.981,171.27,0.063
2010-11-30 17:00:00,0.0,-3.0,282.0,0.0,-2.0,63.0,0.0,55.0,0.0,34,42.681,34.59,0.0,22.031,171.293,0.0379999999999999
2010-11-30 17:15:00,0.0,-2.0,286.0,0.0,0.0,9.0,0.0,53.0,0.0,34,42.478,35.56,0.0,21.806,171.293,0.262
2010-11-30 17:30:00,0.0,-2.0,286.0,0.0,0.0,8.0,0.0,52.0,0.0,34,41.952,33.31,0.0,22.244,171.27,0.05
2010-11-30 17:45:00,0.0,-2.0,284.0,0.0,0.0,7.0,0.0,51.0,0.0,34,40.949,31.08,0.0,24.175,171.27,0.019
2010-11-30 18:00:00,0.0,-3.0,286.0,0.0,0.0,9.0,0.0,51.0,0.0,34,40.23,29.69,0.0,25.175,171.27,0.0
2010-11-30 18:15:00,0.0,-3.0,286.0,0.0,0.0,12.0,0.0,49.0,0.0,34,39.906,28.61,0.0,25.825,171.27,0.0
2010-11-30 18:30:00,0.0,-3.0,286.0,0.0,0.0,14.0,0.0,48.0,0.0,34,39.552,28.4,0.0,26.044,171.27,0.188
2010-11-30 18:45:00,0.0,-3.0,286.0,0.0,0.0,14.0,0.0,47.0,0.0,34,39.836,28.85,0.0,26.406,171.27,0.2379999999999999
2010-11-04 06:00:06,,,,,,,139.0,,,34,54.679,45.01,1.465,61.394,266.063,0.888
2010-11-04 06:15:06,,,,,,,139.0,,,34,54.547,45.36,5.371,61.087,277.088,0.569
2010-11-04 06:30:06,,,,,,,139.0,,,34,54.831,45.81,11.133,59.838,288.338,0.569
2010-11-04 06:45:06,,,,,,,139.0,,,34,55.499,46.62,17.578,57.356,290.7,1.05
2010-11-04 07:00:06,,,,,,,139.0,,,34,56.582,49.08,150.098,53.769,293.175,1.762
2010-11-04 07:15:06,,,,,,,139.0,,,34,58.02,58.83,269.824,51.4,264.105,1.325
2010-11-04 07:30:06,,,,,,,139.0,,,34,58.941,66.96,347.656,53.031,235.508,1.238
2010-11-04 07:45:06,,,,,,,139.0,,,34,60.42,73.79999999999998,333.594,47.662,216.157,1.331
2010-11-04 08:00:06,,,,,,,139.0,,,34,61.706,78.17,357.422,43.531,323.91,0.644
2010-11-04 08:15:06,,,,,,,139.0,,,34,62.738,84.08,459.766,41.606,321.998,0.3619999999999999
2010-11-04 08:30:06,,,,,,,139.0,,,34,64.014,93.78,605.859,39.631,301.995,0.8439999999999999
2010-11-04 08:45:06,,,,,,,139.0,,,34,65.32,103.04,637.695,40.381,256.05,0.7059999999999998
2010-11-04 09:00:06,,,,,,,139.0,,,34,66.545,106.98,698.633,39.538,169.357,1.019
2010-11-04 09:15:06,,,,,,,139.0,,,34,68.145,102.37,758.301,35.363,178.335,1.212
2010-11-04 09:30:06,,,,,,,139.0,,,34,69.33,112.69,784.863,32.463,215.73,1.206
2010-11-04 09:45:06,,,,,,,139.0,,,34,70.464,107.13,811.621,32.013,170.573,1.031
2010-11-04 10:00:06,,,,,,,139.0,,,34,71.365,98.53,848.2419999999998,33.019,138.24,1.356
2010-11-04 10:15:06,,,,,,,139.0,,,34,72.24599999999998,97.4,863.1839999999999,31.913,127.17,1.581
2010-11-04 10:30:06,,,,,,,139.0,,,34,73.25799999999998,97.44,890.918,29.069,123.66,2.563
2010-11-04 10:45:06,,,,,,,139.0,,,34,74.089,98.5,970.703,26.1,130.635,2.381
2010-11-04 11:00:06,,,,,,,139.0,,,34,75.182,95.92,957.324,24.625,182.407,1.937
2010-11-04 11:15:06,,,,,,,139.0,,,34,76.033,95.9,970.801,24.038,152.258,1.587
2010-11-04 11:30:06,,,,,,,139.0,,,34,76.812,102.29,970.215,23.019,105.548,1.769
2010-11-04 11:45:06,,,,,,,139.0,,,34,77.58199999999998,99.28,963.184,22.9,141.66,2.325
2010-11-04 12:00:06,,,,,,,139.0,,,34,77.825,97.17,963.867,22.513,130.478,1.781
2010-11-04 12:15:06,,,,,,,139.0,,,34,78.331,96.1,871.777,22.106,145.575,2.231
2010-11-04 12:30:06,,,,,,,139.0,,,34,79.04999999999998,94.95,894.8239999999998,21.713,158.4,2.187
2010-11-04 12:45:06,,,,,,,139.0,,,34,79.343,95.04,862.695,21.281,126.968,2.187
2010-11-04 13:00:06,,,,,,,139.0,,,34,79.55599999999998,99.47,861.426,20.987,91.8,1.875
2010-11-04 13:15:06,,,,,,,139.0,,,34,80.427,99.49,820.4099999999999,20.438,163.935,1.225
2010-11-04 13:30:06,,,,,,,139.0,,,34,81.156,98.55,802.734,19.869,162.248,2.063
2010-11-04 13:45:06,,,,,,,139.0,,,34,81.824,99.7,731.25,19.225,118.688,1.694
2010-11-04 14:00:06,,,,,,,139.0,,,34,81.51,97.73,633.008,19.475,133.965,2.037
2010-11-04 14:15:06,,,,,,,139.0,,,34,81.69199999999998,96.15,641.602,19.513,140.13,1.725
2010-11-04 14:30:06,,,,,,,139.0,,,34,81.69199999999998,97.76,567.09,19.031,137.88,1.219
2010-11-04 14:45:06,,,,,,,139.0,,,34,81.854,100.07,526.172,18.65,208.17,1.269
2010-11-04 15:00:06,,,,,,,139.0,,,34,82.06699999999998,94.78,467.188,19.313,164.835,1.394
2010-11-04 15:15:06,,,,,,,139.0,,,34,81.36799999999998,91.5,311.035,19.362,60.547,1.0
2010-11-04 15:30:06,,,,,,,139.0,,,34,80.68,89.87,277.051,19.656,112.185,1.719
2010-11-04 15:45:06,,,,,,,139.0,,,34,80.072,88.12,217.285,20.275,90.607,0.5939999999999999
2010-11-04 16:00:06,,,,,,,139.0,,,34,79.212,83.53,157.129,21.075,117.99,0.456
2010-11-04 16:15:06,,,,,,,139.0,,,34,78.54399999999998,81.4,110.352,21.45,50.287,0.3059999999999999
2010-11-04 16:30:06,,,,,,,139.0,,,34,77.561,76.45999999999998,19.629,23.188,43.177,0.0
2010-11-04 16:45:06,,,,,,,139.0,,,34,76.12399999999998,71.24,8.202999999999998,25.3,43.177,0.0
2010-11-04 17:00:06,,,,,,,139.0,,,34,74.66599999999998,66.91,1.465,26.219,43.177,0.0
2010-11-04 17:15:06,,,,,,,139.0,,,34,73.22799999999998,64.06,0.2929999999999999,28.575,43.177,0.438
2010-11-04 17:30:06,,,,,,,139.0,,,34,72.307,62.59,0.2929999999999999,29.706,178.11,0.8309999999999998
2010-11-04 17:45:06,,,,,,,139.0,,,34,71.314,61.6,0.2929999999999999,32.338,266.58,0.3689999999999999
2010-11-04 18:00:06,,,,,,,139.0,,,34,70.261,60.47,0.2929999999999999,34.794,252.563,0.988
2010-11-04 18:15:06,,,,,,,139.0,,,34,69.431,59.44,0.195,36.506,252.945,0.794
2010-11-04 18:30:06,,,,,,,139.0,,,34,69.087,60.12,0.195,35.85,315.945,1.937
2010-11-04 18:45:06,,,,,,,139.0,,,34,68.905,59.3,0.195,33.819,311.175,1.425
2010-11-05 06:00:06,,,,,,,139.0,,,34,53.96,45.07,2.246,62.606,307.35,0.525
2010-11-05 06:15:06,,,,,,,139.0,,,34,53.332,44.09,6.445,65.15,314.303,1.138
2010-11-05 06:31:29,,,,,,,139.0,,,34,,,,,,
2010-11-05 06:45:06,,,,,,,139.0,,,34,53.839,45.97,24.121,61.931,297.428,0.65
2010-11-05 07:00:06,,,,,,,139.0,,,34,54.436,47.44,97.363,58.569,290.07,1.35
2010-11-05 07:15:06,,,,,,,139.0,,,34,55.469,54.92,233.984,57.556,294.683,0.931
2010-11-05 07:30:06,,,,,,,139.0,,,34,56.694,62.42,277.734,57.063,287.393,1.625
2010-11-05 07:45:06,,,,,,,139.0,,,34,57.959,67.77,318.945,54.475,297.9,1.4
2010-11-05 08:00:06,,,,,,,139.0,,,34,59.205,76.11,429.102,52.419,283.568,0.675
2010-11-05 08:16:36,,,,,,,139.0,,,34,,,,,,
2010-11-05 08:30:06,,,,,,,139.0,,,34,62.273,93.82,578.418,46.875,176.76,0.675
2010-11-05 08:45:06,,,,,,,139.0,,,34,64.085,93.94,641.309,42.263,118.867,1.056
2010-11-05 09:00:06,,,,,,,139.0,,,34,65.594,92.65,632.129,37.1,149.625,1.55
2010-11-05 09:15:06,,,,,,,139.0,,,34,66.93,93.91,759.1799999999998,33.675,89.528,2.387
2010-11-05 09:30:06,,,,,,,139.0,,,34,67.973,92.6,774.902,32.7,114.39,2.475
2010-11-05 09:45:06,,,,,,,139.0,,,34,68.844,96.94,832.227,31.925,95.558,2.775
2010-11-05 10:00:06,,,,,,,139.0,,,34,69.897,98.22,839.941,31.363,123.57,2.356
2010-11-05 10:15:06,,,,,,,139.0,,,34,70.838,96.74,834.375,30.15,110.453,2.425
2010-11-05 10:30:06,,,,,,,139.0,,,34,71.588,102.7,887.109,29.244,94.028,2.113
2010-11-05 10:45:06,,,,,,,139.0,,,34,72.56,97.69,908.008,29.256,140.108,1.756
2010-11-05 11:00:06,,,,,,,139.0,,,34,73.268,92.91,925.293,28.594,128.115,1.994
2010-11-05 11:15:06,,,,,,,139.0,,,34,74.311,98.65,900.586,27.563,161.19,1.831
2010-11-05 11:30:06,,,,,,,139.0,,,34,75.233,95.12,932.52,26.556,140.715,2.181
2010-11-05 11:45:06,,,,,,,139.0,,,34,75.42499999999998,91.53,918.848,26.344,129.06,2.575
2010-11-05 12:00:06,,,,,,,139.0,,,34,76.19499999999998,99.2,920.898,25.519,113.827,2.325
2010-11-05 12:15:06,,,,,,,139.0,,,34,77.03499999999998,95.26,898.926,25.213,161.663,2.275
2010-11-05 12:30:06,,,,,,,139.0,,,34,77.997,95.07,907.715,23.662,154.62,2.156
2010-11-05 12:45:06,,,,,,,139.0,,,34,78.26,96.05,890.4299999999998,23.331,133.178,1.775
2010-11-05 13:00:06,,,,,,,139.0,,,34,78.56399999999998,99.01,869.043,23.15,136.237,1.937
2010-11-05 13:15:06,,,,,,,139.0,,,34,78.888,97.82,835.7419999999998,22.419,123.66,1.95
2010-11-05 13:30:06,,,,,,,139.0,,,34,79.62699999999998,100.72,796.191,22.288,132.075,1.094
2010-11-05 13:45:06,,,,,,,139.0,,,34,79.971,102.04,755.469,21.725,181.102,1.644
2010-11-05 14:00:06,,,,,,,139.0,,,34,80.123,98.2,658.691,21.175,180.495,2.225
2010-11-05 14:15:06,,,,,,,139.0,,,34,81.034,97.42,617.48,19.988,175.253,1.787
2010-11-05 14:30:06,,,,,,,139.0,,,34,80.86199999999998,91.32,544.336,20.131,170.707,2.219
2010-11-05 14:45:06,,,,,,,139.0,,,34,80.72,89.84999999999998,546.68,20.563,140.603,1.894
2010-11-05 15:00:06,,,,,,,139.0,,,34,80.751,89.65,479.102,20.6,171.698,2.106
2010-11-05 15:15:06,,,,,,,139.0,,,34,80.427,86.62999999999998,400.684,21.206,150.615,2.087
2010-11-05 15:30:06,,,,,,,139.0,,,34,79.62699999999998,86.79999999999998,336.523,21.581,91.237,1.625
2010-11-05 15:45:06,,,,,,,139.0,,,34,79.09999999999998,85.34,263.965,22.163,95.603,1.737
2010-11-05 16:00:06,,,,,,,139.0,,,34,78.513,82.45999999999998,193.945,22.819,132.255,1.025
2010-11-05 16:15:06,,,,,,,139.0,,,34,77.703,79.42,91.602,22.963,122.243,0.894
2010-11-05 16:30:06,,,,,,,139.0,,,34,76.944,76.37999999999998,15.625,23.6,80.775,1.4
2010-11-05 16:45:06,,,,,,,139.0,,,34,76.12399999999998,74.26999999999998,6.25,24.188,81.9,1.4
2010-11-05 17:00:06,,,,,,,139.0,,,34,75.31399999999998,72.4,1.27,25.019,77.04,1.675
2010-11-05 17:15:06,,,,,,,139.0,,,34,73.95699999999998,68.4,0.391,26.85,66.488,0.275
2010-11-05 17:30:06,,,,,,,139.0,,,34,71.76,64.07,0.2929999999999999,29.463,66.488,0.8629999999999999
2010-11-05 17:45:06,,,,,,,139.0,,,34,70.717,61.05,0.2929999999999999,30.469,153.765,1.381
2010-11-05 18:00:06,,,,,,,139.0,,,34,69.745,59.4,0.2929999999999999,32.925,301.5,0.3619999999999999
2010-11-05 18:15:06,,,,,,,139.0,,,34,68.054,57.59,0.195,37.044,289.89,0.95
2010-11-05 18:30:06,,,,,,,139.0,,,34,67.659,57.01,0.195,37.319,290.813,0.675
2010-11-05 18:45:06,,,,,,,139.0,,,34,67.102,57.13,0.195,37.75,298.62,1.512
2010-11-06 06:00:06,,,,,,,139.0,,,34,52.796,45.23,1.758,60.575,291.487,0.8309999999999998
2010-11-06 06:15:06,,,,,,,139.0,,,34,52.522,44.46,5.176,61.2,289.958,0.563
2010-11-06 06:30:06,,,,,,,139.0,,,34,52.178,44.26,20.898,61.75,289.373,0.4939999999999999
2010-11-06 06:45:06,,,,,,,139.0,,,34,52.745,45.62,56.738,60.075,303.412,1.35
2010-11-06 07:00:06,,,,,,,139.0,,,34,54.446,48.88,107.813,55.175,307.148,0.4939999999999999
2010-11-06 07:15:06,,,,,,,139.0,,,34,55.762,53.9,214.648,53.238,312.232,0.8629999999999999
2010-11-06 07:30:06,,,,,,,139.0,,,34,57.696,63.0,294.238,48.631,201.51,1.088
2010-11-06 07:45:06,,,,,,,139.0,,,34,59.458,68.17,260.742,44.481,102.803,1.331
2010-11-06 08:00:06,,,,,,,139.0,,,34,60.602,71.82,338.574,42.844,174.555,1.163
2010-11-06 08:15:06,,,,,,,139.0,,,34,61.847,76.90999999999998,293.652,40.956,223.38,0.5749999999999998
2010-11-06 08:30:06,,,,,,,139.0,,,34,62.799,83.87,607.715,40.019,37.012,0.456
2010-11-06 08:45:06,,,,,,,139.0,,,34,64.034,96.57,511.621,38.519,218.138,0.769
2010-11-06 09:00:06,,,,,,,139.0,,,34,64.946,98.71,426.172,37.206,205.223,0.669
2010-11-06 09:15:06,,,,,,,139.0,,,34,65.614,95.23,663.281,35.938,147.96,0.9
2010-11-06 09:30:06,,,,,,,139.0,,,34,67.295,94.49,614.941,32.781,121.545,1.163
2010-11-06 09:45:06,,,,,,,139.0,,,34,69.239,98.08,897.363,30.95,149.85,1.306
2010-11-06 10:00:06,,,,,,,139.0,,,34,70.454,100.42,586.035,27.412,79.42499999999998,0.912
2010-11-06 10:15:06,,,,,,,139.0,,,34,70.575,101.55,790.7229999999998,27.181,135.405,1.531
2010-11-06 10:30:06,,,,,,,139.0,,,34,71.071,99.78,650.293,26.356,78.05299999999998,1.781
2010-11-06 10:45:06,,,,,,,139.0,,,34,72.023,102.89,976.758,24.975,115.56,1.369
2010-11-06 11:00:06,,,,,,,139.0,,,34,72.712,102.55,940.527,23.606,95.535,2.006
2010-11-06 11:15:06,,,,,,,139.0,,,34,73.42,103.23,842.871,22.631,107.078,2.206
2010-11-06 11:30:06,,,,,,,139.0,,,34,74.39199999999998,99.78,780.0779999999999,21.5,101.678,1.706
2010-11-06 11:45:06,,,,,,,139.0,,,34,75.233,97.82,569.922,20.5,104.985,1.656
2010-11-06 12:00:06,,,,,,,139.0,,,34,75.962,94.62,718.555,19.906,130.41,2.344
2010-11-06 12:15:06,,,,,,,139.0,,,34,76.235,94.84,526.563,20.175,95.715,1.937
2010-11-06 12:30:06,,,,,,,139.0,,,34,76.32599999999998,92.21,435.156,20.338,99.81,1.906
2010-11-06 12:45:06,,,,,,,139.0,,,34,76.427,85.53,433.398,19.938,155.025,1.575
2010-11-06 13:00:06,,,,,,,139.0,,,34,77.065,90.51,390.43,18.944,149.242,2.031
2010-11-06 13:15:06,,,,,,,139.0,,,34,77.369,91.75,697.852,18.994,114.952,2.387
2010-11-06 13:30:06,,,,,,,139.0,,,34,78.26999999999998,101.0,850.0979999999998,18.119,136.778,2.094
2010-11-06 13:45:06,,,,,,,139.0,,,34,78.59399999999998,102.04,749.5119999999998,18.194,74.61,2.194
2010-11-06 14:00:06,,,,,,,139.0,,,34,78.49299999999998,96.05,690.527,18.544,96.683,2.975
2010-11-06 14:15:06,,,,,,,139.0,,,34,78.39199999999998,93.29,634.18,18.156,116.28,3.713
2010-11-06 14:30:06,,,,,,,139.0,,,34,78.108,88.62999999999998,574.512,18.35,124.56,3.331
2010-11-06 14:45:06,,,,,,,139.0,,,34,78.138,85.79,509.668,17.512,122.4,2.587
2010-11-06 15:00:06,,,,,,,139.0,,,34,78.078,85.95,445.41,17.313,130.208,3.069
2010-11-06 15:15:06,,,,,,,139.0,,,34,77.81399999999998,83.56,388.281,17.094,123.323,2.969
2010-11-06 15:30:06,,,,,,,139.0,,,34,77.399,83.79999999999998,319.434,17.044,116.595,2.081
2010-11-06 15:45:06,,,,,,,139.0,,,34,77.086,81.78,252.539,17.631,132.615,2.606
2010-11-06 16:00:06,,,,,,,139.0,,,34,76.62999999999998,79.75,163.086,17.725,133.605,3.169
2010-11-06 16:15:06,,,,,,,139.0,,,34,75.759,77.14,20.41,18.206,163.913,3.944
2010-11-06 16:30:06,,,,,,,139.0,,,34,74.777,75.51,14.648,18.875,161.055,4.45
2010-11-06 16:45:06,,,,,,,139.0,,,34,74.26099999999998,75.34,4.98,18.856,165.263,5.612
2010-11-06 17:00:06,,,,,,,139.0,,,34,73.40999999999998,74.51999999999998,0.0,19.65,155.048,4.619
2010-11-06 17:15:06,,,,,,,139.0,,,34,72.59,72.95,0.2929999999999999,20.794,134.775,2.569
2010-11-06 17:30:06,,,,,,,139.0,,,34,71.112,71.31,0.2929999999999999,22.044,147.6,2.881
2010-11-06 17:45:06,,,,,,,139.0,,,34,71.193,71.67,0.098,21.65,136.17,2.763
2010-11-06 18:03:08,,,,,,,139.0,,,34,,,,,,
2010-11-06 18:19:06,,,,,,,139.0,,,34,68.682,66.8,0.098,24.688,99.788,1.106
2010-11-06 18:30:06,,,,,,,139.0,,,34,68.115,66.51,0.098,25.344,121.635,1.444
2010-11-06 18:45:06,,,,,,,139.0,,,34,67.841,66.13,0.098,25.65,137.295,0.8
2010-11-07 06:00:06,,,,,,,139.0,,,34,52.664,44.42,0.684,71.863,290.745,1.306
2010-11-07 06:15:06,,,,,,,139.0,,,34,52.259,43.99,4.688,71.594,292.95,1.35
2010-11-07 06:30:06,,,,,,,139.0,,,34,52.35,44.24,12.598,69.65,284.738,1.1
2010-11-07 06:45:06,,,,,,,139.0,,,34,52.553,44.55,20.898,68.075,305.798,1.319
2010-11-07 07:00:06,,,,,,,139.0,,,34,53.11,46.34,116.992,66.3,301.028,1.787
2010-11-07 07:15:06,,,,,,,139.0,,,34,54.314,53.76,275.879,64.256,306.428,1.075
2010-11-07 07:30:06,,,,,,,139.0,,,34,56.147,62.33,343.75,61.419,131.715,1.425
2010-11-07 07:45:06,,,,,,,139.0,,,34,57.534,69.11,428.125,60.419,79.98699999999998,0.7379999999999999
2010-11-07 08:00:06,,,,,,,139.0,,,34,58.618,73.31999999999998,300.293,59.256,138.128,0.694
2010-11-07 08:15:06,,,,,,,139.0,,,34,59.417,71.93,383.398,58.256,143.888,1.2
2010-11-07 08:30:06,,,,,,,139.0,,,34,59.853,71.8,359.473,56.594,149.625,1.294
2010-11-07 08:45:06,,,,,,,139.0,,,34,59.336,75.01,264.355,57.238,184.973,0.8559999999999999
2010-11-07 09:00:06,,,,,,,139.0,,,34,59.397,78.59999999999998,584.863,56.106,162.81,1.075
2010-11-07 09:15:06,,,,,,,139.0,,,34,60.612,87.61,701.172,53.944,128.588,1.056
2010-11-07 09:30:06,,,,,,,139.0,,,34,61.888,85.68,774.902,51.544,141.84,2.425
2010-11-07 09:45:06,,,,,,,139.0,,,34,62.759,81.34,816.797,49.887,141.188,2.863
2010-11-07 10:00:06,,,,,,,139.0,,,34,63.559,82.01999999999998,849.902,48.356,134.73,2.569
2010-11-07 10:15:06,,,,,,,139.0,,,34,64.328,86.9,881.6409999999998,47.138,133.29,1.937
2010-11-07 10:30:06,,,,,,,139.0,,,34,65.098,83.44,906.25,45.569,132.142,2.813
2010-11-07 10:45:06,,,,,,,139.0,,,34,66.009,83.0,924.219,43.7,133.087,3.381
2010-11-07 11:00:06,,,,,,,139.0,,,34,66.373,83.51,939.0630000000002,43.581,135.428,3.281
2010-11-07 11:15:06,,,,,,,139.0,,,34,67.517,85.58,910.059,41.3,125.64,3.037
2010-11-07 11:30:06,,,,,,,139.0,,,34,68.439,82.83,922.754,39.531,146.992,3.425
2010-11-07 11:45:06,,,,,,,139.0,,,34,70.555,85.48999999999998,1040.918,34.825,143.64,3.8
2010-11-07 12:00:06,,,,,,,139.0,,,34,72.489,84.62999999999998,962.207,31.669,149.468,4.125
2010-11-07 12:15:06,,,,,,,139.0,,,34,72.165,81.03,595.215,32.969,135.0,3.8
2010-11-07 12:30:06,,,,,,,139.0,,,34,71.962,79.79999999999998,619.824,32.175,135.495,4.325
2010-11-07 12:45:06,,,,,,,139.0,,,34,72.82299999999998,82.01,762.5979999999998,29.669,122.918,3.713
2010-11-07 13:00:06,,,,,,,139.0,,,34,74.251,86.2,903.223,28.3,123.458,3.55
2010-11-07 13:15:06,,,,,,,139.0,,,34,75.27299999999998,91.23,772.6559999999998,26.8,104.648,3.244
2010-11-07 13:30:06,,,,,,,139.0,,,34,74.423,82.72,249.902,26.544,161.528,3.231
2010-11-07 13:45:06,,,,,,,139.0,,,34,74.13899999999998,81.59999999999998,408.008,23.469,173.205,4.688
2010-11-07 14:00:06,,,,,,,139.0,,,34,75.354,84.29,508.887,18.238,171.788,5.306
2010-11-07 14:15:06,,,,,,,139.0,,,34,75.39499999999998,85.58,392.871,18.369,183.915,5.662
2010-11-07 14:30:06,,,,,,,139.0,,,34,74.078,81.40999999999998,224.316,19.575,185.445,5.269
2010-11-07 14:45:06,,,,,,,139.0,,,34,73.825,81.29,291.797,19.862,204.975,4.688
2010-11-07 15:00:06,,,,,,,139.0,,,34,73.53199999999998,80.06999999999998,202.832,20.625,193.95,4.444
2010-11-07 15:15:06,,,,,,,139.0,,,34,73.187,77.95,156.934,21.256,183.735,4.419
2010-11-07 15:30:06,,,,,,,139.0,,,34,72.671,75.73,75.0,22.188,187.785,4.825
2010-11-07 15:45:06,,,,,,,139.0,,,34,71.952,73.65999999999998,50.195,22.975,187.65,4.275
2010-11-07 16:00:06,,,,,,,139.0,,,34,71.466,72.31,35.84,22.406,193.883,3.894
2010-11-07 16:15:06,,,,,,,139.0,,,34,70.869,71.0,20.605,20.656,218.678,4.106
2010-11-07 16:30:06,,,,,,,139.0,,,34,70.119,69.59,0.0,19.681,232.29,5.175
2010-11-07 16:45:06,,,,,,,139.0,,,34,69.451,69.04,3.125,19.569,219.285,7.362
2010-11-07 17:00:06,,,,,,,139.0,,,34,68.935,68.81,0.5859999999999999,19.931,208.395,7.831
2010-11-07 17:15:06,,,,,,,139.0,,,34,68.338,67.97,0.098,21.319,199.823,6.262
2010-11-07 17:30:06,,,,,,,139.0,,,34,67.983,67.55,0.0,22.406,196.695,5.631
2010-11-07 17:45:06,,,,,,,139.0,,,34,67.953,67.67,0.098,23.319,197.663,6.95
2010-11-07 18:00:06,,,,,,,139.0,,,34,67.831,67.89,0.098,24.725,194.647,7.606
2010-11-07 18:15:06,,,,,,,139.0,,,34,67.619,67.62,0.098,25.356,180.81,5.5
2010-11-07 18:30:06,,,,,,,139.0,,,34,67.7,67.48,0.098,25.256,182.25,5.356
2010-11-07 18:45:06,,,,,,,139.0,,,34,67.447,67.2,0.098,25.831,177.345,5.531
2010-11-08 06:00:06,,,,,,,139.0,,,34,58.719,59.6,0.2929999999999999,51.819,197.19,7.231
2010-11-08 06:15:06,,,,,,,139.0,,,34,58.425,59.17,2.148,53.825,184.388,6.888
2010-11-08 06:30:06,,,,,,,139.0,,,34,57.97,58.42,8.984,55.1,178.47,5.106
2010-11-08 06:45:06,,,,,,,139.0,,,34,57.959,58.2,22.07,55.869,198.113,3.963
2010-11-08 07:00:06,,,,,,,139.0,,,34,57.848,58.1,17.285,56.275,211.027,4.775
2010-11-08 07:15:06,,,,,,,139.0,,,34,57.838,58.01,20.02,55.481,221.04,5.825
2010-11-08 07:30:06,,,,,,,139.0,,,34,57.888,58.29,51.562,53.819,224.213,6.888
2010-11-08 07:45:06,,,,,,,139.0,,,34,58.881,63.09,408.496,47.694,228.555,8.862999999999998
2010-11-08 08:00:06,,,,,,,139.0,,,34,60.268,68.6,480.078,40.775,230.063,11.125
2010-11-08 08:15:06,,,,,,,139.0,,,34,60.663,68.11,313.379,38.744,229.342,12.35
2010-11-08 08:30:06,,,,,,,139.0,,,34,60.46,66.65,318.945,36.194,234.967,12.706
2010-11-08 08:45:06,,,,,,,139.0,,,34,60.025,65.39,170.703,36.75,236.475,12.844
2010-11-08 09:00:06,,,,,,,139.0,,,34,59.205,64.55,360.059,36.913,237.87,11.506
2010-11-08 09:15:06,,,,,,,139.0,,,34,60.126,74.73999999999998,770.7029999999999,33.888,237.308,10.469
2010-11-08 09:30:06,,,,,,,139.0,,,34,61.149,79.12,873.145,32.975,233.055,11.175
2010-11-08 09:45:06,,,,,,,139.0,,,34,63.012,88.83,1064.746,31.169,266.603,7.556
2010-11-08 10:00:06,,,,,,,139.0,,,34,61.169,74.87999999999998,437.305,40.175,297.405,13.163
2010-11-08 10:15:06,,,,,,,139.0,,,34,58.607,71.45,911.328,42.131,297.09,14.394
2010-11-08 10:30:06,,,,,,,139.0,,,34,58.344,76.01999999999998,888.1839999999999,43.563,295.29,11.063
2010-11-08 10:45:06,,,,,,,139.0,,,34,57.757,74.48999999999998,939.16,44.994,290.565,13.906
2010-11-08 11:00:06,,,,,,,139.0,,,34,57.494,72.81999999999998,927.734,46.681,300.15,14.362
2010-11-08 11:15:06,,,,,,,139.0,,,34,56.582,67.55,531.738,46.706,298.283,16.137
2010-11-08 11:30:06,,,,,,,139.0,,,34,55.357,62.45,306.543,47.863,296.1,10.788
2010-11-08 11:45:06,,,,,,,139.0,,,34,55.985,63.85,431.055,45.031,297.9,11.8
2010-11-08 12:00:06,,,,,,,139.0,,,34,58.202,74.65,1191.504,38.438,298.102,10.65
2010-11-08 12:15:06,,,,,,,139.0,,,34,60.167,75.70999999999998,477.246,34.181,292.523,10.519
2010-11-08 12:30:06,,,,,,,139.0,,,34,59.063,66.83,293.457,35.356,297.315,11.094
2010-11-08 12:45:06,,,,,,,139.0,,,34,57.99,62.66,141.602,35.994,301.478,11.294
2010-11-08 13:00:06,,,,,,,139.0,,,34,55.58,58.97,125.0,45.713,304.605,11.425
2010-11-08 13:15:06,,,,,,,139.0,,,34,54.173,56.61,134.473,44.969,307.125,9.956
2010-11-08 13:30:06,,,,,,,139.0,,,34,56.005,57.72,153.223,40.5,301.208,8.688
2010-11-08 13:45:06,,,,,,,139.0,,,34,58.0,63.73,651.074,34.956,293.445,7.844
2010-11-08 14:00:06,,,,,,,139.0,,,34,60.298,73.9,584.375,32.281,298.17,9.144
2010-11-08 14:15:06,,,,,,,139.0,,,34,59.62,66.69,196.289,32.225,302.737,8.711999999999998
2010-11-08 14:30:06,,,,,,,139.0,,,34,59.174,63.99,175.391,31.825,301.253,8.537
2010-11-08 14:45:06,,,,,,,139.0,,,34,59.559,66.96,536.816,31.413,298.62,6.381
2010-11-08 15:00:06,,,,,,,139.0,,,34,60.126,70.04,498.437,30.606,301.703,9.65
2010-11-08 15:15:06,,,,,,,139.0,,,34,60.156,67.98,369.727,28.988,299.655,9.244
2010-11-08 15:30:06,,,,,,,139.0,,,34,59.863,66.4,356.152,27.444,302.085,9.263000000000002
2010-11-08 15:45:06,,,,,,,139.0,,,34,59.822,65.45,287.207,26.144,300.33,9.856000000000002
2010-11-08 16:00:06,,,,,,,139.0,,,34,59.357,63.92,211.328,22.244,290.047,9.794
2010-11-08 16:15:06,,,,,,,139.0,,,34,58.759,61.25,58.203,21.419,290.047,9.637
2010-11-08 16:30:06,,,,,,,139.0,,,34,57.919,59.11,11.914,20.994,296.078,11.244
2010-11-08 16:45:06,,,,,,,139.0,,,34,57.149,57.99,4.98,19.994,299.813,12.156
2010-11-08 17:00:06,,,,,,,139.0,,,34,56.643,57.33,0.977,20.575,304.538,11.487
2010-11-08 17:15:06,,,,,,,139.0,,,34,56.35,56.88,0.195,18.056,297.81,10.756
2010-11-08 17:30:06,,,,,,,139.0,,,34,56.015,56.57,0.0,18.031,301.275,10.819
2010-11-08 17:45:06,,,,,,,139.0,,,34,55.499,55.94,0.098,18.056,301.185,10.35
2010-11-08 18:00:06,,,,,,,139.0,,,34,55.043,55.12,0.098,18.85,295.785,8.531
2010-11-08 18:15:06,,,,,,,139.0,,,34,54.76,54.13,0.195,19.481,295.178,8.824999999999998
2010-11-08 18:30:06,,,,,,,139.0,,,34,54.537,54.17,0.195,20.925,304.852,9.169
2010-11-08 18:45:06,,,,,,,139.0,,,34,54.314,53.94,0.098,21.544,305.798,8.961999999999998
2010-11-09 06:00:06,,,,,,,139.0,,,34,44.119,43.51,0.2929999999999999,48.481,255.285,5.0
2010-11-09 06:15:06,,,,,,,139.0,,,34,44.22,43.55,3.809,47.788,267.3,4.856
2010-11-09 06:30:06,,,,,,,139.0,,,34,44.584,44.21,11.23,46.662,276.818,6.188
2010-11-09 06:45:06,,,,,,,139.0,,,34,45.131,45.01,18.457,45.681,283.275,6.063
2010-11-09 07:00:06,,,,,,,139.0,,,34,45.86,46.34,88.574,44.337,292.005,7.55
2010-11-09 07:15:06,,,,,,,139.0,,,34,46.629,49.43,252.148,43.594,305.415,8.531
2010-11-09 07:30:06,,,,,,,139.0,,,34,47.288,52.75,320.215,42.556,302.468,8.806
2010-11-09 07:45:06,,,,,,,139.0,,,34,47.683,56.33,398.242,41.894,298.62,6.181
2010-11-09 08:00:06,,,,,,,139.0,,,34,47.966,61.78,458.594,41.794,296.685,4.113
2010-11-09 08:15:06,,,,,,,139.0,,,34,48.695,63.62,518.066,40.525,305.213,6.044
2010-11-09 08:30:06,,,,,,,139.0,,,34,49.515,66.43,588.77,38.725,299.498,7.969
2010-11-09 08:45:06,,,,,,,139.0,,,34,50.386,66.83,647.363,35.356,294.683,9.212
2010-11-09 09:00:06,,,,,,,139.0,,,34,51.125,69.81,702.539,34.137,246.038,7.775
2010-11-09 09:15:06,,,,,,,139.0,,,34,51.824,75.26999999999998,751.172,32.381,235.823,4.488
2010-11-09 09:30:06,,,,,,,139.0,,,34,52.644,77.67,794.4339999999999,30.431,237.915,5.919
2010-11-09 09:45:06,,,,,,,139.0,,,34,53.616,80.09999999999998,835.84,28.656,243.855,4.769
2010-11-09 10:00:06,,,,,,,139.0,,,34,54.203,84.37999999999998,873.8279999999999,27.863,292.32,5.862
2010-11-09 10:15:06,,,,,,,139.0,,,34,54.669,84.65,906.348,26.812,296.303,6.869
2010-11-09 10:30:06,,,,,,,139.0,,,34,54.932,81.64,934.277,25.819,292.883,7.006
2010-11-09 10:45:06,,,,,,,139.0,,,34,55.914,83.14,955.273,24.3,272.43,6.925
2010-11-09 11:00:06,,,,,,,139.0,,,34,56.603,83.37,970.801,23.031,258.3,5.981
2010-11-09 11:15:06,,,,,,,139.0,,,34,56.957,87.83,978.906,23.044,276.3,4.969
2010-11-09 11:30:06,,,,,,,139.0,,,34,57.483,90.3,980.957,22.669,225.113,4.225
2010-11-09 11:45:06,,,,,,,139.0,,,34,57.939,90.67,978.809,22.088,249.188,4.625
2010-11-09 12:00:06,,,,,,,139.0,,,34,58.061,94.66,974.023,20.644,258.885,3.675
2010-11-09 12:15:06,,,,,,,139.0,,,34,58.749,90.03,959.961,19.112,243.045,5.562
2010-11-09 12:30:06,,,,,,,139.0,,,34,59.043,88.58,941.406,17.494,266.153,5.544
2010-11-09 12:45:06,,,,,,,139.0,,,34,59.357,88.93,914.0630000000002,18.544,256.23,4.681
2010-11-09 13:00:06,,,,,,,139.0,,,34,59.61,90.43,883.984,18.681,241.808,4.331
2010-11-09 13:15:06,,,,,,,139.0,,,34,59.66,88.20999999999998,848.73,17.856,179.055,2.969
2010-11-09 13:30:06,,,,,,,139.0,,,34,60.136,87.95,809.082,14.487,172.823,3.063
2010-11-09 13:45:06,,,,,,,139.0,,,34,60.258,89.93,767.09,14.263,227.16,2.688
2010-11-09 14:00:06,,,,,,,139.0,,,34,60.531,89.70999999999998,715.625,14.438,205.56,2.394
2010-11-09 14:15:06,,,,,,,139.0,,,34,60.663,86.31999999999998,658.984,14.887,211.793,2.581
2010-11-09 14:30:06,,,,,,,139.0,,,34,60.44,83.15999999999998,601.953,15.394,173.363,1.956
2010-11-09 14:45:06,,,,,,,139.0,,,34,60.126,77.9,541.016,15.981,104.085,1.569
2010-11-09 15:00:06,,,,,,,139.0,,,34,60.106,79.68,474.316,17.025,271.305,2.063
2010-11-09 15:15:06,,,,,,,139.0,,,34,59.711,76.43,405.078,17.275,285.975,3.156
2010-11-09 15:30:06,,,,,,,139.0,,,34,58.901,72.67,335.059,18.156,144.068,1.144
2010-11-09 15:45:06,,,,,,,139.0,,,34,58.233,68.92,265.625,17.113,177.03,1.094
2010-11-09 16:00:06,,,,,,,139.0,,,34,57.362,65.43,197.363,18.713,219.398,1.113
2010-11-09 16:15:06,,,,,,,139.0,,,34,56.724,59.78,45.215,21.106,126.27,1.281
2010-11-09 16:30:06,,,,,,,139.0,,,34,55.853,56.35,13.77,22.006,122.513,1.275
2010-11-09 16:45:06,,,,,,,139.0,,,34,55.003,54.81,5.762,22.838,159.165,1.1
2010-11-09 17:00:06,,,,,,,139.0,,,34,53.95,52.66,1.074,23.919,133.988,0.7189999999999999
2010-11-09 17:15:06,,,,,,,139.0,,,34,53.515,50.94,0.098,24.256,102.06,0.775
2010-11-09 17:30:06,,,,,,,139.0,,,34,53.201,49.29,0.2929999999999999,25.138,96.435,0.65
2010-11-09 17:45:06,,,,,,,139.0,,,34,52.269,48.47,0.2929999999999999,26.369,124.943,0.5749999999999998
2010-11-09 18:00:06,,,,,,,139.0,,,34,51.733,47.99,0.0,26.912,148.545,0.769
2010-11-09 18:15:06,,,,,,,139.0,,,34,50.953,46.58,0.195,27.675,145.463,0.9
2010-11-09 18:30:06,,,,,,,139.0,,,34,50.325,44.45,0.0,28.45,156.218,1.175
2010-11-09 18:45:06,,,,,,,139.0,,,34,49.9,45.16,0.0,27.956,170.797,0.8439999999999999
2010-12-01 06:00:00,0.0,-2.0,283.0,0.0,-2.0,88.0,0.0,31.0,0.0,34,30.551,24.73,0.0,48.031,295.515,0.531
2010-12-01 06:15:00,0.0,-2.0,284.0,0.0,-2.0,356.0,0.0,31.0,0.0,34,29.549,23.27,0.0,50.756,295.605,0.063
2010-12-01 06:30:00,3.0,-3.0,284.0,1.0,5.0,298.0,0.0,34.0,0.0,34,28.658,21.34,2.148,55.219,290.318,0.906
2010-12-01 06:45:00,3.0,13.0,285.0,7.0,22.0,308.0,0.0,34.0,356.0,34,29.204,22.07,10.645,54.2,324.203,0.669
2010-12-01 07:00:00,7.0,56.0,286.0,18.0,70.0,384.0,0.0,41.0,839.0,34,29.518,22.8,25.098,53.813,309.668,0.981
2010-12-01 07:15:00,13.0,113.0,286.0,32.0,128.0,395.0,0.0,53.0,933.0,34,31.027,26.45,40.723,49.325,307.238,1.075
2010-12-01 07:30:00,14.0,125.0,285.0,34.0,140.0,407.0,0.0,59.0,-958.0,34,32.566,29.9,202.344,45.662,275.175,0.625
2010-12-01 07:45:00,9.0,68.0,285.0,19.0,82.0,415.0,0.0,57.0,879.0,34,33.994,36.24,105.176,44.138,156.263,0.656
2010-12-01 08:00:00,36.0,313.0,286.0,78.0,341.0,436.0,0.0,59.0,-995.0,34,34.388,38.0,304.004,42.963,131.693,0.4
2010-12-01 08:15:00,45.0,395.0,287.0,100.0,423.0,422.0,0.0,58.0,996.0,34,36.191,48.88,425.098,32.281,275.423,1.188
2010-12-01 08:30:00,54.0,468.0,287.0,120.0,502.0,415.0,0.0,59.0,-997.0,34,37.77,57.17,486.523,29.45,287.842,2.063
2010-12-01 08:45:00,62.0,537.0,285.0,142.0,571.0,401.0,0.0,60.0,-999.0,34,38.762,63.95,545.41,28.45,270.427,1.138
2010-12-01 09:00:00,68.0,588.0,285.0,159.0,626.0,392.0,0.0,59.0,-999.0,34,39.552,67.09,599.023,31.294,269.145,0.881
2010-12-01 09:15:00,74.0,639.0,285.0,172.0,681.0,393.0,0.0,59.0,999.0,34,40.625,65.59,647.754,29.069,132.525,0.938
2010-12-01 09:30:00,79.0,681.0,286.0,186.0,727.0,389.0,0.0,59.0,999.0,34,41.516,63.8,692.578,26.969,126.653,1.219
2010-12-01 09:45:00,83.0,718.0,286.0,200.0,764.0,380.0,0.0,57.0,1000.0,34,42.357,70.48,733.398,25.225,85.95,1.169
2010-12-01 10:00:00,87.0,745.0,286.0,208.0,793.0,380.0,0.0,58.0,999.0,34,42.802,76.45,770.215,25.362,219.15,0.988
2010-12-01 10:15:00,89.0,770.0,286.0,218.0,819.0,375.0,0.0,59.0,999.0,34,44.038,77.0,799.609,24.944,156.825,1.331
2010-12-01 10:30:00,91.0,787.0,286.0,221.0,835.0,376.0,0.0,58.0,-999.0,34,45.222,81.69,827.441,23.662,203.738,1.406
2010-12-01 10:45:00,94.0,806.0,286.0,229.0,855.0,372.0,0.0,60.0,999.0,34,46.265,82.98,851.27,21.913,160.785,1.012
2010-12-01 11:00:00,94.0,808.0,285.0,227.0,861.0,378.0,0.0,59.0,999.0,34,47.156,85.03,868.2619999999998,21.006,223.11,1.212
2010-12-01 11:15:00,95.0,819.0,286.0,238.0,869.0,364.0,0.0,60.0,999.0,34,48.563,84.94,875.6839999999999,19.844,157.973,0.919
2010-12-01 11:30:00,95.0,820.0,286.0,237.0,870.0,366.0,0.0,60.0,999.0,34,49.789,83.89,883.496,18.006,131.94,1.231
2010-12-01 11:45:00,95.0,816.0,286.0,236.0,868.0,366.0,0.0,59.0,999.0,34,50.882,86.23999999999998,884.863,17.3,160.695,0.944
2010-12-01 12:00:00,93.0,806.0,286.0,238.0,855.0,358.0,0.0,60.0,999.0,34,51.743,90.23,879.004,15.613,250.673,1.094
2010-12-01 12:15:00,92.0,795.0,287.0,229.0,843.0,367.0,0.0,60.0,999.0,34,52.441,86.39,866.6989999999998,13.85,174.15,1.088
2010-12-01 12:30:00,88.0,765.0,287.0,215.0,815.0,378.0,0.0,60.0,-999.0,34,53.312,86.14,848.34,13.213,203.895,1.525
2010-12-01 12:45:00,86.0,745.0,287.0,213.0,792.0,370.0,0.0,59.0,-999.0,34,53.717,81.29,821.777,12.444,176.332,0.9
2010-12-01 13:00:00,83.0,716.0,288.0,205.0,764.0,371.0,0.0,61.0,-999.0,34,54.395,78.92,792.871,13.144,159.84,1.556
2010-12-01 13:15:00,79.0,684.0,286.0,192.0,729.0,378.0,0.0,59.0,-999.0,34,54.831,77.78,758.301,12.706,138.51,1.256
2010-12-01 13:30:00,75.0,649.0,286.0,182.0,692.0,379.0,0.0,58.0,-999.0,34,55.114,78.48,723.145,11.675,79.628,1.363
2010-12-01 13:45:00,70.0,607.0,285.0,170.0,646.0,379.0,0.0,59.0,999.0,34,55.256,75.95999999999998,680.762,10.706,109.642,1.406
2010-12-01 14:00:00,65.0,560.0,285.0,156.0,596.0,381.0,0.0,58.0,999.0,34,55.347,74.89,635.449,9.688,100.62,1.687
2010-12-01 14:15:00,58.0,502.0,285.0,138.0,534.0,385.0,0.0,60.0,999.0,34,55.357,77.0,582.227,9.387,190.485,1.294
2010-12-01 14:30:00,51.0,442.0,285.0,121.0,472.0,389.0,0.0,58.0,999.0,34,55.519,75.79,526.758,9.7,151.155,1.169
2010-12-01 14:45:00,44.0,378.0,285.0,103.0,403.0,390.0,0.0,60.0,999.0,34,55.215,69.66,468.555,9.725,111.15,1.094
2010-12-01 15:00:00,34.0,292.0,284.0,80.0,313.0,389.0,0.0,59.0,-995.0,34,55.043,67.47,406.641,9.85,119.295,0.938
2010-12-01 15:15:00,23.0,201.0,285.0,56.0,220.0,390.0,0.0,59.0,986.0,34,54.689,64.65,344.141,9.737,112.522,1.244
2010-12-01 15:30:00,13.0,114.0,285.0,33.0,129.0,382.0,0.0,59.0,954.0,34,54.355,65.05,278.418,9.556,75.08199999999998,0.569
2010-12-01 15:45:00,8.0,62.0,284.0,20.0,75.0,371.0,0.0,58.0,867.0,34,53.707,62.1,161.23,10.044,167.962,0.519
2010-12-01 16:00:00,4.0,17.0,285.0,7.0,29.0,387.0,0.0,58.0,-448.0,34,53.17,55.68,18.359,10.438,220.883,0.4119999999999999
2010-12-01 16:15:00,3.0,-2.0,285.0,2.0,10.0,398.0,0.0,58.0,0.0,34,52.401,49.51,13.77,11.212,220.86,0.3499999999999999
2010-12-01 16:30:00,3.0,-5.0,284.0,1.0,5.0,297.0,0.0,57.0,119.0,34,51.024,45.97,6.348,13.144,220.86,0.0
2010-12-01 16:45:00,3.0,-9.0,284.0,0.0,2.0,295.0,0.0,57.0,0.0,34,49.758,42.24,1.66,14.269,220.883,0.1809999999999999
2010-12-01 17:00:00,0.0,-2.0,283.0,0.0,-2.0,70.0,0.0,55.0,0.0,34,48.604,39.22,0.0,15.663,220.905,0.0
2010-12-01 17:15:00,0.0,-2.0,283.0,0.0,-2.0,8.0,0.0,53.0,0.0,34,47.359,36.47,0.0,17.463,220.905,0.0
2010-12-01 17:30:00,0.0,-2.0,283.0,0.0,0.0,5.0,0.0,52.0,0.0,34,46.427,34.3,0.0,18.856,220.905,0.506
2010-12-01 17:45:00,0.0,-3.0,283.0,0.0,-2.0,5.0,0.0,52.0,0.0,34,45.536,32.45,0.0,21.25,220.883,0.338
2010-12-01 18:00:00,0.0,-2.0,283.0,0.0,-2.0,7.0,0.0,51.0,0.0,34,44.655,31.31,0.0,23.6,220.883,0.3059999999999999
2010-12-01 18:15:00,0.0,-3.0,284.0,0.0,-2.0,7.0,0.0,50.0,0.0,34,43.673,30.62,0.0,25.25,223.943,0.406
2010-12-01 18:30:00,0.0,-3.0,284.0,0.0,0.0,7.0,0.0,48.0,0.0,34,43.177,30.09,0.0,25.35,273.533,1.044
2010-12-01 18:45:00,0.0,-2.0,283.0,0.0,0.0,7.0,0.0,48.0,0.0,34,43.207,30.66,0.0,24.388,301.748,1.919
2010-12-10 06:00:00,0.0,-3.0,283.0,0.0,-2.0,44.0,0.0,31.0,0.0,34,37.709,29.63,0.098,78.256,237.15,0.681
2010-12-10 06:15:00,0.0,-3.0,282.0,0.0,-2.0,296.0,0.0,31.0,0.0,34,38.054,30.07,0.0,76.68099999999998,318.443,1.069
2010-12-10 06:30:00,2.0,-2.0,282.0,2.0,6.0,298.0,0.0,32.0,0.0,34,38.286,30.29,2.832,75.73099999999998,297.428,1.288
2010-12-10 06:45:00,0.0,-2.0,282.0,0.0,-2.0,428.0,0.0,33.0,0.0,34,38.712,30.57,4.98,73.756,277.02,0.05
2010-12-10 07:00:00,4.0,24.0,282.0,9.0,35.0,355.0,0.0,38.0,-580.0,34,38.165,29.89,12.598,75.15,277.065,0.1439999999999999
2010-12-10 07:15:00,8.0,62.0,285.0,18.0,75.0,418.0,0.0,46.0,867.0,34,38.793,31.0,37.793,74.194,299.475,1.238
2010-12-10 07:30:00,12.0,101.0,285.0,28.0,114.0,396.0,0.0,55.0,925.0,34,39.988,33.85,67.578,71.413,299.903,0.063
2010-12-10 07:45:00,13.0,109.0,284.0,33.0,124.0,372.0,0.0,58.0,-941.0,34,40.605,36.74,92.383,70.281,283.208,0.375
2010-12-10 08:00:00,18.0,157.0,285.0,42.0,174.0,411.0,0.0,58.0,966.0,34,41.233,39.54,109.375,69.788,253.823,0.675
2010-12-10 08:15:00,20.0,180.0,285.0,47.0,197.0,413.0,0.0,59.0,978.0,34,42.286,42.25,142.871,67.081,246.375,1.031
2010-12-10 08:30:00,28.0,249.0,286.0,65.0,271.0,413.0,0.0,59.0,-989.0,34,43.632,44.89,161.816,62.531,273.96,1.787
2010-12-10 08:45:00,30.0,261.0,286.0,71.0,283.0,396.0,0.0,60.0,-989.0,34,45.091,48.78,218.066,58.281,252.923,2.163
2010-12-10 09:00:00,30.0,268.0,286.0,72.0,288.0,399.0,0.0,59.0,989.0,34,46.467,51.96,222.852,55.837,100.598,1.606
2010-12-10 09:15:00,33.0,294.0,286.0,78.0,317.0,404.0,0.0,57.0,990.0,34,46.822,53.83,230.371,57.863,59.468,0.775
2010-12-10 09:30:00,52.0,456.0,286.0,121.0,486.0,399.0,0.0,59.0,999.0,34,47.318,56.13,323.535,57.075,109.057,0.912
2010-12-10 09:45:00,57.0,491.0,285.0,131.0,526.0,400.0,0.0,57.0,997.0,34,48.158,61.2,472.559,54.313,56.633,0.775
2010-12-10 10:00:00,47.0,406.0,286.0,111.0,433.0,388.0,0.0,59.0,996.0,34,49.687,66.88,439.453,50.263,266.85,1.475
2010-12-10 10:15:00,51.0,446.0,286.0,120.0,475.0,393.0,0.0,60.0,999.0,34,51.206,68.23,342.285,46.369,240.278,1.175
2010-12-10 10:30:00,65.0,564.0,286.0,153.0,600.0,389.0,0.0,59.0,999.0,34,52.087,67.72,474.316,43.412,191.228,2.031
2010-12-10 10:45:00,51.0,442.0,286.0,121.0,471.0,389.0,0.0,59.0,999.0,34,52.968,71.27,464.453,41.625,156.802,1.319
2010-12-10 11:00:00,62.0,538.0,285.0,147.0,573.0,388.0,0.0,59.0,999.0,34,53.383,69.49,520.801,41.325,119.745,1.381
2010-12-10 11:15:00,65.0,561.0,287.0,154.0,599.0,388.0,0.0,58.0,999.0,34,54.497,72.98999999999998,577.832,39.313,138.78,1.438
2010-12-10 11:30:00,57.0,496.0,285.0,139.0,525.0,377.0,0.0,59.0,999.0,34,54.993,71.36,506.445,39.25,103.545,1.925
2010-12-10 11:45:00,82.0,710.0,287.0,198.0,756.0,380.0,0.0,59.0,-999.0,34,54.881,66.88,682.715,39.731,136.823,1.994
2010-12-10 12:00:00,53.0,463.0,287.0,127.0,492.0,385.0,0.0,60.0,999.0,34,55.205,71.84,584.082,38.531,102.173,1.331
2010-12-10 12:15:00,82.0,710.0,287.0,196.0,756.0,384.0,0.0,58.0,-999.0,34,55.053,67.96,462.402,39.162,131.243,1.806
2010-12-10 12:30:00,69.0,604.0,287.0,167.0,643.0,384.0,0.0,59.0,999.0,34,55.053,67.24,572.363,39.381,108.945,1.625
2010-12-10 12:45:00,86.0,745.0,286.0,211.0,792.0,373.0,0.0,60.0,999.0,34,55.752,69.64,712.207,38.294,122.58,1.813
2010-12-10 13:00:00,22.0,198.0,286.0,57.0,216.0,373.0,0.0,59.0,979.0,34,56.39,69.99,376.27,37.194,104.76,2.019
2010-12-10 13:15:00,23.0,202.0,286.0,57.0,221.0,387.0,0.0,59.0,-980.0,34,55.772,64.46,196.387,37.544,98.392,1.981
2010-12-10 13:30:00,20.0,178.0,286.0,49.0,193.0,388.0,0.0,59.0,977.0,34,55.448,62.54,175.098,37.975,121.365,1.494
2010-12-10 13:45:00,24.0,210.0,287.0,57.0,229.0,402.0,0.0,59.0,-980.0,34,55.266,60.7,165.82,39.869,149.242,1.613
2010-12-10 14:00:00,23.0,205.0,285.0,58.0,224.0,384.0,0.0,59.0,-980.0,34,55.388,61.6,173.926,39.569,156.78,1.031
2010-12-10 14:15:00,20.0,183.0,287.0,50.0,199.0,399.0,0.0,58.0,978.0,34,55.55,62.04,187.598,38.844,157.095,0.8
2010-12-10 14:30:00,52.0,453.0,287.0,123.0,483.0,390.0,0.0,59.0,-996.0,34,55.732,63.06,383.789,38.631,143.055,0.813
2010-12-10 14:45:00,42.0,364.0,287.0,98.0,388.0,393.0,0.0,59.0,-996.0,34,56.177,67.18,385.547,37.231,178.628,1.35
2010-12-10 15:00:00,29.0,257.0,287.0,70.0,278.0,395.0,0.0,59.0,989.0,34,56.582,68.32,377.734,36.294,152.798,0.75
2010-12-10 15:15:00,22.0,197.0,285.0,53.0,216.0,399.0,0.0,60.0,979.0,34,56.41,65.54,302.344,35.95,159.818,0.638
2010-12-10 15:30:00,15.0,128.0,285.0,37.0,143.0,384.0,0.0,58.0,959.0,34,56.37,66.43,270.898,35.55,193.59,0.4879999999999999
2010-12-10 15:45:00,9.0,70.0,285.0,21.0,82.0,376.0,0.0,58.0,881.0,34,56.218,64.48,134.473,36.287,160.223,0.556
2010-12-10 16:00:00,5.0,28.0,285.0,9.0,39.0,391.0,0.0,57.0,-617.0,34,55.681,58.92,40.625,36.95,140.895,0.975
2010-12-10 16:15:00,3.0,4.0,285.0,4.0,14.0,356.0,0.0,57.0,-106.0,34,54.922,54.68,22.168,38.606,126.9,0.506
2010-12-10 16:30:00,0.0,-3.0,285.0,0.0,-2.0,383.0,0.0,57.0,0.0,34,54.203,51.25,5.859,39.781,200.003,1.031
2010-12-10 16:45:00,3.0,-9.0,282.0,0.0,1.0,294.0,0.0,55.0,-239.0,34,53.059,48.22,2.246,42.275,345.083,0.2999999999999999
2010-12-10 17:00:00,0.0,-2.0,283.0,0.0,-2.0,101.0,0.0,54.0,0.0,34,51.834,45.73,0.195,45.181,313.83,0.0749999999999999
2010-12-10 17:15:00,0.0,-3.0,284.0,0.0,0.0,19.0,0.0,52.0,0.0,34,50.993,43.77,0.0,47.125,313.718,0.638
2010-12-10 17:30:00,0.0,-2.0,284.0,0.0,0.0,5.0,0.0,51.0,0.0,34,50.204,42.3,0.0,48.425,313.38,0.5
2010-12-10 17:45:00,0.0,-2.0,283.0,0.0,0.0,5.0,0.0,49.0,0.0,34,49.616,40.86,0.0,49.994,313.402,0.219
2010-12-10 18:00:00,0.0,-2.0,283.0,0.0,0.0,5.0,0.0,47.0,0.0,34,48.411,39.35,0.0,53.031,288.09,1.075
2010-12-10 18:15:00,0.0,-2.0,283.0,0.0,0.0,5.0,0.0,46.0,0.0,34,48.685,39.92,0.0,51.813,306.968,1.3
2010-12-10 18:30:00,0.0,-2.0,284.0,0.0,0.0,5.0,0.0,45.0,0.0,34,48.391,40.15,0.0,52.844,312.728,0.525
2010-12-10 18:45:00,0.0,-3.0,284.0,0.0,-2.0,5.0,0.0,44.0,0.0,34,47.683,38.87,0.0,55.406,299.07,0.644
2010-12-11 06:00:00,0.0,-3.0,285.0,0.0,-2.0,31.0,0.0,31.0,0.0,34,39.613,31.73,0.0,77.59399999999998,271.058,1.125
2010-12-11 06:15:00,0.0,-2.0,283.0,0.0,-2.0,245.0,0.0,31.0,0.0,34,39.623,32.08,0.0,77.16299999999998,324.968,0.688
2010-12-11 06:30:00,3.0,-6.0,285.0,0.0,2.0,299.0,0.0,31.0,0.0,34,39.107,31.25,1.367,79.16899999999998,182.97,0.7249999999999999
2010-12-11 06:45:00,0.0,-2.0,285.0,0.0,-2.0,430.0,0.0,33.0,0.0,34,38.965,31.45,3.906,78.863,265.883,0.769
2010-12-11 07:00:00,4.0,24.0,286.0,9.0,33.0,342.0,0.0,37.0,-580.0,34,38.965,32.12,11.816,79.17499999999998,307.103,0.756
2010-12-11 07:15:00,7.0,54.0,286.0,16.0,67.0,403.0,0.0,44.0,850.0,34,39.39,32.17,20.41,78.30599999999998,270.72,0.644
2010-12-11 07:30:00,11.0,95.0,286.0,26.0,112.0,424.0,0.0,54.0,934.0,34,39.795,33.27,28.906,78.337,247.32,0.881
2010-12-11 07:45:00,17.0,155.0,286.0,45.0,171.0,380.0,0.0,57.0,974.0,34,40.96,37.14,179.688,76.406,249.12,0.688
2010-12-11 08:00:00,26.0,232.0,286.0,62.0,251.0,404.0,0.0,59.0,994.0,34,42.418,44.87,280.078,73.644,227.475,0.981
2010-12-11 08:15:00,36.0,319.0,286.0,81.0,345.0,423.0,0.0,60.0,995.0,34,43.825,50.51,350.684,70.531,346.365,0.1189999999999999
2010-12-11 08:30:00,45.0,395.0,286.0,102.0,422.0,413.0,0.0,60.0,996.0,34,45.475,59.44,413.77,65.681,315.923,1.138
2010-12-11 08:45:00,54.0,465.0,286.0,122.0,496.0,407.0,0.0,59.0,997.0,34,47.409,66.06,468.164,60.656,286.695,2.063
2010-12-11 09:00:00,61.0,530.0,286.0,143.0,564.0,395.0,0.0,59.0,999.0,34,49.08,66.06,538.965,57.725,108.158,1.344
2010-12-11 09:15:00,66.0,575.0,286.0,155.0,610.0,393.0,0.0,59.0,999.0,34,49.738,66.85,573.438,55.913,90.315,1.9
2010-12-11 09:30:00,70.0,603.0,286.0,165.0,641.0,386.0,0.0,59.0,-999.0,34,49.758,66.7,620.313,54.925,117.608,1.863
2010-12-11 09:45:00,74.0,643.0,286.0,178.0,684.0,382.0,0.0,59.0,-999.0,34,50.133,69.59,650.391,53.644,120.915,1.65
2010-12-11 10:00:00,80.0,691.0,285.0,194.0,734.0,378.0,0.0,60.0,1000.0,34,51.297,72.5,699.414,51.587,111.15,1.494
2010-12-11 10:15:00,82.0,707.0,286.0,201.0,753.0,373.0,0.0,59.0,998.0,34,52.522,77.08,731.25,50.238,124.763,1.319
2010-12-11 10:30:00,84.0,726.0,286.0,210.0,770.0,366.0,0.0,61.0,999.0,34,53.292,85.81999999999998,761.133,49.775,191.025,0.544
2010-12-11 10:45:00,87.0,745.0,285.0,219.0,791.0,361.0,0.0,61.0,999.0,34,54.547,91.36,789.1599999999999,47.569,267.615,0.888
2010-12-11 11:00:00,88.0,758.0,286.0,219.0,806.0,366.0,0.0,61.0,999.0,34,55.995,93.9,811.621,45.075,197.415,1.294
2010-12-11 11:15:00,89.0,768.0,286.0,223.0,816.0,365.0,0.0,60.0,999.0,34,57.585,81.76999999999998,821.582,41.712,138.6,1.869
2010-12-11 11:30:00,89.0,766.0,286.0,221.0,812.0,366.0,0.0,60.0,999.0,34,58.638,82.48,829.297,39.556,139.163,1.45
2010-12-11 11:45:00,88.0,761.0,286.0,222.0,806.0,362.0,0.0,60.0,1000.0,34,59.63,88.95999999999998,825.3909999999998,37.913,149.085,1.344
2010-12-11 12:00:00,88.0,760.0,286.0,218.0,807.0,370.0,0.0,59.0,-999.0,34,60.531,88.95999999999998,823.047,36.963,177.142,1.937
2010-12-11 12:15:00,87.0,749.0,286.0,223.0,796.0,357.0,0.0,60.0,998.0,34,61.756,86.51,819.629,35.2,160.538,1.65
2010-12-11 12:30:00,87.0,753.0,286.0,223.0,799.0,357.0,0.0,59.0,999.0,34,62.678,96.27,811.3279999999999,33.625,230.94,1.444
2010-12-11 12:45:00,55.0,480.0,286.0,141.0,508.0,360.0,0.0,59.0,999.0,34,63.751,94.62,779.1989999999998,32.294,185.018,1.306
2010-12-11 13:00:00,73.0,629.0,286.0,180.0,668.0,370.0,0.0,59.0,999.0,34,64.156,90.21,537.402,32.163,182.003,1.444
2010-12-11 13:15:00,76.0,656.0,286.0,190.0,698.0,367.0,0.0,60.0,999.0,34,64.51,84.76999999999998,708.691,31.556,172.328,2.444
2010-12-11 13:30:00,73.0,626.0,285.0,180.0,666.0,370.0,0.0,59.0,-999.0,34,65.553,84.79,690.918,30.188,164.228,2.725
2010-12-11 13:45:00,67.0,580.0,286.0,163.0,618.0,376.0,0.0,61.0,-999.0,34,65.857,77.15,649.316,29.912,157.343,2.969
2010-12-11 14:00:00,61.0,533.0,287.0,153.0,565.0,368.0,0.0,59.0,997.0,34,65.948,79.36,603.613,29.544,157.613,2.037
2010-12-11 14:15:00,54.0,471.0,285.0,130.0,503.0,386.0,0.0,60.0,-999.0,34,65.988,76.75,544.629,29.4,126.81,1.65
2010-12-11 14:30:00,48.0,419.0,285.0,115.0,449.0,387.0,0.0,60.0,996.0,34,65.999,77.76999999999998,504.297,29.525,139.32,1.381
2010-12-11 14:45:00,43.0,371.0,285.0,102.0,398.0,390.0,0.0,60.0,999.0,34,66.292,74.56,462.109,29.181,132.66,2.75
2010-12-11 15:00:00,30.0,263.0,285.0,74.0,284.0,381.0,0.0,58.0,-989.0,34,66.252,73.86,415.332,28.919,152.438,2.056
2010-12-11 15:15:00,12.0,102.0,284.0,30.0,117.0,381.0,0.0,59.0,949.0,34,65.958,73.65999999999998,220.898,29.919,158.04,1.744
2010-12-11 15:30:00,7.0,58.0,285.0,19.0,70.0,372.0,0.0,58.0,859.0,34,65.037,69.6,112.109,30.713,118.035,0.881
2010-12-11 15:45:00,7.0,51.0,284.0,16.0,63.0,384.0,0.0,58.0,844.0,34,64.338,66.28,60.937,31.831,120.938,0.3499999999999999
2010-12-11 16:00:00,4.0,21.0,285.0,9.0,32.0,367.0,0.0,58.0,-533.0,34,63.65,64.22,35.938,32.325,107.617,0.975
2010-12-11 16:15:00,3.0,6.0,283.0,4.0,14.0,356.0,0.0,57.0,-199.0,34,62.738,61.9,21.289,33.1,104.085,0.2999999999999999
2010-12-11 16:30:00,0.0,-3.0,284.0,0.0,0.0,371.0,0.0,57.0,0.0,34,62.111,58.95,6.641,33.9,64.957,0.538
2010-12-11 16:45:00,3.0,-9.0,283.0,0.0,1.0,295.0,0.0,56.0,0.0,34,60.673,54.66,0.0,36.244,56.858,0.269
2010-12-11 17:00:00,0.0,-3.0,283.0,0.0,-2.0,137.0,0.0,55.0,0.0,34,59.266,50.92,0.2929999999999999,38.919,56.723,0.3559999999999999
2010-12-11 17:15:00,0.0,-3.0,283.0,0.0,0.0,21.0,0.0,53.0,0.0,34,57.828,49.01,0.098,42.175,81.83199999999998,0.55
2010-12-11 17:30:00,0.0,-3.0,283.0,0.0,-2.0,8.0,0.0,52.0,0.0,34,57.119,48.24,0.0,43.744,296.843,0.2059999999999999
2010-12-11 17:45:00,0.0,-3.0,284.0,0.0,-2.0,8.0,0.0,51.0,0.0,34,56.724,48.54,0.098,45.738,266.4,0.319
2010-12-11 18:00:00,0.0,-2.0,283.0,0.0,-2.0,10.0,0.0,50.0,0.0,34,56.238,47.45,0.098,45.65,256.163,0.125
2010-12-11 18:15:00,0.0,-3.0,284.0,0.0,0.0,8.0,0.0,49.0,0.0,34,55.833,46.68,0.195,46.75,283.995,0.25
2010-12-11 18:30:00,0.0,-3.0,284.0,0.0,-2.0,7.0,0.0,48.0,0.0,34,54.942,45.69,0.098,48.306,291.33,0.438
2010-12-11 18:45:00,0.0,-3.0,284.0,0.0,0.0,5.0,0.0,47.0,0.0,34,54.709,45.61,0.0,48.0,316.778,1.144
2010-12-12 06:00:00,0.0,-2.0,283.0,0.0,-2.0,21.0,0.0,32.0,0.0,34,44.959,38.58,0.0,71.219,280.912,0.438
2010-12-12 06:15:00,0.0,-2.0,283.0,0.0,-2.0,172.0,0.0,32.0,0.0,34,43.795,37.17,0.0,73.569,272.498,0.781
2010-12-12 06:30:00,0.0,-2.0,283.0,0.0,-2.0,385.0,0.0,31.0,0.0,34,43.815,38.28,0.0,73.34399999999998,158.265,0.6059999999999999
2010-12-12 06:45:00,0.0,-2.0,282.0,0.0,-2.0,426.0,0.0,34.0,0.0,34,42.914,36.8,2.832,73.819,178.38,0.7439999999999999
2010-12-12 07:00:00,4.0,25.0,284.0,10.0,35.0,318.0,0.0,36.0,-575.0,34,42.154,34.54,10.449,76.581,247.23,1.106
2010-12-12 07:15:00,9.0,72.0,283.0,20.0,86.0,427.0,0.0,45.0,915.0,34,42.883,34.99,19.141,75.2,285.008,1.438
2010-12-12 07:30:00,8.0,66.0,282.0,19.0,81.0,431.0,0.0,56.0,890.0,34,43.298,36.86,23.926,75.319,286.29,1.1
2010-12-12 07:45:00,14.0,125.0,283.0,37.0,141.0,382.0,0.0,57.0,968.0,34,44.108,38.47,110.645,74.075,310.253,0.569
2010-12-12 08:00:00,16.0,141.0,283.0,40.0,156.0,388.0,0.0,58.0,981.0,34,45.161,43.72,215.332,71.731,297.945,0.381
2010-12-12 08:15:00,38.0,325.0,283.0,84.0,351.0,414.0,0.0,59.0,995.0,34,46.012,48.46,285.547,71.569,279.315,0.462
2010-12-12 08:30:00,42.0,365.0,285.0,94.0,394.0,416.0,0.0,59.0,996.0,34,47.298,59.8,442.383,68.438,280.328,0.931
2010-12-12 08:45:00,53.0,460.0,285.0,121.0,494.0,406.0,0.0,58.0,999.0,34,48.978,68.68,490.82,63.925,263.7,0.888
2010-12-12 09:00:00,56.0,486.0,284.0,132.0,517.0,391.0,0.0,60.0,999.0,34,50.376,69.0,489.844,61.044,223.515,0.519
2010-12-12 09:15:00,69.0,596.0,286.0,161.0,637.0,393.0,0.0,59.0,999.0,34,51.925,74.0,592.285,57.938,229.545,0.969
2010-12-12 09:30:00,73.0,630.0,286.0,177.0,670.0,379.0,0.0,61.0,999.0,34,53.17,78.94,666.895,54.55,215.573,0.4689999999999999
2010-12-12 09:45:00,77.0,668.0,286.0,190.0,710.0,372.0,0.0,60.0,999.0,34,54.325,85.37,708.984,51.35,246.285,1.125
2010-12-12 10:00:00,81.0,699.0,285.0,197.0,745.0,376.0,0.0,61.0,999.0,34,55.904,90.84,743.8479999999998,48.587,292.14,1.156
2010-12-12 10:15:00,85.0,733.0,285.0,212.0,779.0,367.0,0.0,61.0,999.0,34,56.734,92.82,750.0,47.95,181.553,0.8249999999999998
2010-12-12 10:30:00,84.0,726.0,285.0,209.0,772.0,368.0,0.0,59.0,999.0,34,57.848,91.09,785.1559999999998,45.594,56.79,0.662
2010-12-12 10:45:00,88.0,756.0,285.0,219.0,804.0,365.0,0.0,58.0,998.0,34,58.81,94.03,825.0979999999998,44.469,73.44,0.819
2010-12-12 11:00:00,88.0,760.0,285.0,221.0,806.0,363.0,0.0,58.0,999.0,34,59.762,90.43,835.4489999999998,43.488,155.453,1.231
2010-12-12 11:15:00,91.0,780.0,285.0,230.0,827.0,359.0,0.0,59.0,-999.0,34,60.642,85.12999999999998,846.777,41.844,152.482,1.694
2010-12-12 11:30:00,90.0,774.0,285.0,227.0,823.0,362.0,0.0,59.0,-999.0,34,61.372,87.15,858.301,40.388,153.945,1.581
2010-12-12 11:45:00,90.0,769.0,284.0,226.0,816.0,360.0,0.0,59.0,-999.0,34,62.384,89.17,854.4919999999998,39.188,140.333,1.775
2010-12-12 12:00:00,88.0,761.0,287.0,223.0,807.0,361.0,0.0,60.0,999.0,34,63.093,84.18,845.801,37.863,168.84,1.756
2010-12-12 12:15:00,86.0,747.0,287.0,216.0,795.0,367.0,0.0,60.0,999.0,34,63.72,83.69,834.863,37.419,130.837,2.019
2010-12-12 12:30:00,85.0,737.0,286.0,215.0,783.0,363.0,0.0,60.0,999.0,34,64.217,80.53,822.461,36.513,143.213,2.406
2010-12-12 12:45:00,83.0,715.0,287.0,212.0,758.0,356.0,0.0,59.0,999.0,34,64.581,82.84999999999998,802.832,35.338,100.238,1.7
2010-12-12 13:00:00,79.0,687.0,287.0,198.0,729.0,366.0,0.0,59.0,999.0,34,65.239,86.34,777.734,34.831,86.738,1.656
2010-12-12 13:15:00,76.0,658.0,285.0,191.0,699.0,364.0,0.0,59.0,999.0,34,65.877,84.51,747.168,34.144,152.235,1.438
2010-12-12 13:30:00,72.0,621.0,285.0,181.0,662.0,363.0,0.0,60.0,-997.0,34,66.353,85.15,710.84,33.394,95.872,1.175
2010-12-12 13:45:00,67.0,577.0,285.0,171.0,612.0,357.0,0.0,60.0,-997.0,34,66.809,87.65,672.168,33.013,116.212,0.975
2010-12-12 14:00:00,61.0,530.0,285.0,151.0,567.0,375.0,0.0,59.0,997.0,34,67.112,88.09999999999998,626.563,32.556,108.878,1.194
2010-12-12 14:15:00,56.0,484.0,285.0,138.0,515.0,372.0,0.0,59.0,-999.0,34,67.578,86.43,577.637,32.544,163.08,0.969
2010-12-12 14:30:00,50.0,429.0,284.0,122.0,454.0,372.0,0.0,60.0,-999.0,34,67.608,83.48,525.488,32.744,112.005,0.912
2010-12-12 14:45:00,41.0,357.0,285.0,100.0,380.0,378.0,0.0,60.0,-996.0,34,67.193,81.25,468.555,32.813,153.72,1.1
2010-12-12 15:00:00,31.0,272.0,285.0,75.0,294.0,390.0,0.0,59.0,989.0,34,67.123,81.84999999999998,407.617,32.981,157.41,0.956
2010-12-12 15:15:00,21.0,184.0,284.0,51.0,199.0,387.0,0.0,60.0,-985.0,34,66.961,81.84,343.848,33.238,204.705,0.956
2010-12-12 15:30:00,13.0,108.0,285.0,32.0,121.0,373.0,0.0,59.0,-930.0,34,66.475,79.86,279.785,33.825,247.343,0.55
2010-12-12 15:45:00,8.0,59.0,285.0,19.0,71.0,359.0,0.0,58.0,830.0,34,66.009,74.01999999999998,127.637,34.906,159.547,0.4939999999999999
2010-12-12 16:00:00,3.0,16.0,285.0,7.0,27.0,352.0,0.0,58.0,-413.0,34,65.29,66.74,18.066,36.244,129.172,0.4249999999999999
2010-12-12 16:15:00,3.0,2.0,283.0,3.0,12.0,346.0,0.0,57.0,79.0,34,64.642,63.54,13.477,37.387,152.505,0.162
2010-12-12 16:30:00,3.0,-5.0,283.0,1.0,5.0,296.0,0.0,57.0,0.0,34,63.64,60.23,6.738,39.306,152.46,0.338
2010-12-12 16:45:00,3.0,-7.0,284.0,0.0,0.0,295.0,0.0,57.0,0.0,34,62.597,55.57,2.051,40.625,118.485,0.4249999999999999
2010-12-12 17:00:00,0.0,-2.0,283.0,0.0,-2.0,88.0,0.0,55.0,0.0,34,61.23,51.56,0.2929999999999999,43.188,105.165,0.269
2010-12-12 17:15:00,0.0,-2.0,282.0,0.0,0.0,10.0,0.0,53.0,0.0,34,59.671,48.87,0.195,46.381,105.165,0.069
2010-12-12 17:30:00,0.0,-3.0,283.0,0.0,-2.0,6.0,0.0,52.0,0.0,34,57.939,47.44,0.098,49.363,105.165,0.462
2010-12-12 17:45:00,0.0,-2.0,283.0,0.0,-2.0,5.0,0.0,51.0,0.0,34,57.109,46.23,0.098,50.75,120.128,0.569
2010-12-12 18:00:00,0.0,-3.0,282.0,0.0,0.0,5.0,0.0,51.0,0.0,34,56.522,45.3,0.098,52.919,280.193,0.888
2010-12-12 18:15:00,0.0,-3.0,283.0,0.0,-2.0,5.0,0.0,50.0,0.0,34,55.934,44.44,0.0,54.175,283.86,1.269
2010-12-12 18:30:00,0.0,-2.0,284.0,0.0,-2.0,5.0,0.0,48.0,0.0,34,55.904,45.1,0.0,53.181,287.1,1.006
2010-12-12 18:45:00,0.0,-3.0,284.0,0.0,0.0,5.0,0.0,47.0,0.0,34,55.104,45.25,0.0,54.894,310.275,1.787
2010-12-13 06:00:00,0.0,-3.0,284.0,0.0,-2.0,22.0,0.0,32.0,0.0,34,39.734,28.85,0.0,79.16299999999998,224.64,0.1499999999999999
2010-12-13 06:15:00,0.0,-2.0,284.0,0.0,-2.0,208.0,0.0,32.0,0.0,34,39.815,30.36,0.0,79.825,282.758,2.012
2010-12-13 06:30:00,0.0,-2.0,283.0,0.0,-2.0,393.0,0.0,32.0,0.0,34,40.554,30.78,0.391,76.93099999999998,291.487,0.694
2010-12-13 06:45:00,0.0,-2.0,283.0,0.0,-2.0,438.0,0.0,35.0,0.0,34,40.22,30.03,5.371,77.738,291.915,0.2059999999999999
2010-12-13 07:00:00,5.0,36.0,285.0,13.0,45.0,347.0,0.0,38.0,710.0,34,39.967,29.3,16.016,76.75,291.96,0.025
2010-12-13 07:15:00,10.0,81.0,284.0,24.0,93.0,384.0,0.0,48.0,908.0,34,40.514,30.45,26.758,79.04999999999998,267.233,0.944
2010-12-13 07:30:00,14.0,118.0,283.0,39.0,133.0,336.0,0.0,56.0,946.0,34,41.972,32.63,34.961,76.438,299.992,0.769
2010-12-13 07:45:00,22.0,191.0,285.0,54.0,211.0,391.0,0.0,58.0,-979.0,34,43.511,36.71,255.371,74.444,329.31,0.3689999999999999
2010-12-13 08:00:00,31.0,274.0,285.0,70.0,297.0,421.0,0.0,59.0,994.0,34,45.556,47.01,356.055,67.719,206.82,0.4309999999999999
2010-12-13 08:15:00,33.0,288.0,283.0,74.0,313.0,417.0,0.0,59.0,995.0,34,47.389,53.88,411.23,60.5,141.21,0.556
2010-12-13 08:30:00,47.0,409.0,284.0,105.0,438.0,417.0,0.0,58.0,996.0,34,48.553,61.35,416.309,57.938,335.205,0.944
2010-12-13 08:45:00,54.0,471.0,285.0,124.0,500.0,403.0,0.0,59.0,999.0,34,49.191,67.09,499.805,57.263,218.475,0.956
2010-12-13 09:00:00,61.0,527.0,285.0,143.0,561.0,391.0,0.0,61.0,-997.0,34,49.687,67.9,560.645,58.25,315.562,0.969
2010-12-13 09:15:00,67.0,580.0,285.0,159.0,619.0,388.0,0.0,60.0,-999.0,34,50.781,75.34999999999998,610.449,57.625,303.03,1.294
2010-12-13 09:30:00,72.0,621.0,283.0,170.0,662.0,389.0,0.0,58.0,999.0,34,51.874,79.98,658.789,56.144,265.77,0.8499999999999999
2010-12-13 09:45:00,76.0,657.0,285.0,184.0,699.0,378.0,0.0,57.0,-999.0,34,52.826,82.5,701.27,55.163,181.62,0.938
2010-12-13 10:00:00,80.0,688.0,285.0,196.0,731.0,372.0,0.0,58.0,-997.0,34,54.233,81.59999999999998,736.3279999999999,50.938,68.67,0.638
2010-12-13 10:15:00,83.0,716.0,285.0,204.0,760.0,371.0,0.0,59.0,999.0,34,55.357,85.01,766.211,47.4,105.75,1.075
2010-12-13 10:30:00,86.0,743.0,285.0,214.0,789.0,367.0,0.0,60.0,999.0,34,56.157,86.01,799.023,45.031,79.78499999999998,0.675
2010-12-13 10:45:00,88.0,756.0,284.0,222.0,800.0,359.0,0.0,60.0,999.0,34,57.089,87.03,824.902,43.144,89.325,0.756
2010-12-13 11:00:00,89.0,769.0,285.0,225.0,816.0,363.0,0.0,59.0,999.0,34,58.111,81.4,841.3089999999999,41.956,155.34,1.494
2010-12-13 11:15:00,90.0,776.0,286.0,226.0,824.0,365.0,0.0,60.0,999.0,34,58.931,88.26,858.789,40.325,131.827,0.525
2010-12-13 11:30:00,90.0,779.0,286.0,227.0,824.0,362.0,0.0,60.0,999.0,34,60.319,93.89,866.797,38.613,157.185,0.888
2010-12-13 11:45:00,90.0,779.0,287.0,231.0,827.0,357.0,0.0,60.0,-998.0,34,61.361,89.48999999999998,866.113,37.294,160.11,1.75
2010-12-13 12:00:00,88.0,762.0,287.0,228.0,808.0,355.0,0.0,60.0,1000.0,34,62.354,87.17,861.426,36.356,157.883,1.5
2010-12-13 12:15:00,87.0,757.0,287.0,225.0,803.0,356.0,0.0,59.0,999.0,34,62.698,85.42,844.5309999999998,36.381,134.663,1.563
2010-12-13 12:30:00,86.0,742.0,286.0,214.0,787.0,366.0,0.0,60.0,999.0,34,63.397,84.54,831.9339999999999,35.413,136.553,1.756
2010-12-13 12:45:00,83.0,723.0,287.0,209.0,768.0,365.0,0.0,60.0,999.0,34,63.66,85.19,804.395,34.713,124.515,1.394
2010-12-13 13:00:00,82.0,702.0,285.0,207.0,746.0,359.0,0.0,61.0,-999.0,34,64.136,87.51999999999998,783.594,34.044,150.075,1.663
2010-12-13 13:15:00,78.0,672.0,287.0,193.0,716.0,371.0,0.0,60.0,-999.0,34,64.348,83.06999999999998,755.664,33.938,121.253,1.475
2010-12-13 13:30:00,74.0,639.0,286.0,183.0,680.0,370.0,0.0,59.0,999.0,34,64.784,85.9,725.6839999999999,33.856,90.09,1.406
2010-12-13 13:45:00,69.0,603.0,286.0,170.0,642.0,376.0,0.0,60.0,999.0,34,65.037,83.01999999999998,692.578,33.7,92.295,1.794
2010-12-13 14:00:00,65.0,564.0,285.0,162.0,600.0,370.0,0.0,59.0,-999.0,34,65.482,86.45999999999998,652.441,33.0,94.95,1.262
2010-12-13 14:15:00,60.0,518.0,285.0,148.0,552.0,372.0,0.0,58.0,997.0,34,65.999,81.87,610.938,33.062,153.922,1.3
2010-12-13 14:30:00,53.0,460.0,285.0,131.0,491.0,375.0,0.0,58.0,997.0,34,65.847,81.45,555.469,32.981,164.925,1.306
2010-12-13 14:45:00,45.0,387.0,285.0,108.0,410.0,379.0,0.0,59.0,996.0,34,65.857,82.94,463.672,33.169,162.383,0.563
2010-12-13 15:00:00,35.0,303.0,285.0,86.0,325.0,376.0,0.0,59.0,-990.0,34,65.827,79.75,428.613,33.55,143.955,1.188
2010-12-13 15:15:00,22.0,197.0,284.0,56.0,216.0,380.0,0.0,58.0,979.0,34,65.32,78.47,346.68,33.913,170.392,0.8499999999999999
2010-12-13 15:30:00,15.0,129.0,284.0,38.0,143.0,373.0,0.0,58.0,959.0,34,64.895,75.81999999999998,277.148,34.619,154.913,0.781
2010-12-13 15:45:00,9.0,70.0,284.0,22.0,82.0,369.0,0.0,58.0,866.0,34,64.369,69.12,140.43,35.119,110.52,0.656
2010-12-13 16:00:00,5.0,35.0,285.0,12.0,44.0,363.0,0.0,58.0,-684.0,34,63.771,64.81,32.324,36.25,140.647,0.794
2010-12-13 16:15:00,3.0,9.0,283.0,6.0,21.0,371.0,0.0,58.0,249.0,34,63.265,62.34,28.125,37.413,142.628,0.3439999999999999
2010-12-13 16:30:00,3.0,-5.0,282.0,1.0,5.0,296.0,0.0,57.0,-115.0,34,62.374,60.21,9.18,38.881,142.65,0.219
2010-12-13 16:45:00,3.0,-9.0,283.0,0.0,1.0,294.0,0.0,56.0,0.0,34,61.027,55.66,4.004,41.625,142.65,0.031
2010-12-13 17:00:00,0.0,-2.0,283.0,0.0,-2.0,127.0,0.0,56.0,0.0,34,60.167,52.19,0.2929999999999999,43.663,142.65,0.031
2010-12-13 17:15:00,0.0,-2.0,283.0,0.0,-2.0,19.0,0.0,54.0,0.0,34,59.053,49.19,0.195,45.075,142.65,0.156
2010-12-13 17:30:00,0.0,-2.0,283.0,0.0,0.0,10.0,0.0,53.0,0.0,34,57.797,47.59,0.098,47.938,142.672,0.756
2010-12-13 17:45:00,0.0,-3.0,283.0,0.0,0.0,9.0,0.0,52.0,0.0,34,57.241,47.3,0.098,48.631,142.65,0.7059999999999998
2010-12-13 18:00:00,0.0,-2.0,283.0,0.0,0.0,10.0,0.0,51.0,0.0,34,56.127,45.8,0.098,51.194,142.672,0.2999999999999999
2010-12-13 18:15:00,0.0,-3.0,284.0,0.0,-2.0,10.0,0.0,51.0,0.0,34,55.165,44.2,0.098,52.544,142.672,0.45
2010-12-13 18:30:00,0.0,-2.0,284.0,0.0,-2.0,9.0,0.0,50.0,0.0,34,54.861,43.18,0.098,54.194,211.477,0.756
2010-12-13 18:45:00,0.0,-3.0,284.0,0.0,-2.0,9.0,0.0,48.0,0.0,34,55.124,43.89,0.0,53.194,285.885,1.281
2010-12-14 06:00:00,0.0,-3.0,284.0,0.0,-2.0,31.0,0.0,32.0,0.0,34,40.332,31.51,0.0,78.275,244.935,0.875
2010-12-14 06:15:00,0.0,-2.0,283.0,0.0,-2.0,185.0,0.0,32.0,0.0,34,40.16,30.93,0.0,80.23099999999998,289.778,1.519
2010-12-14 06:30:00,0.0,-3.0,285.0,0.0,-2.0,386.0,0.0,32.0,0.0,34,40.382,32.08,0.098,79.23099999999998,281.025,1.762
2010-12-14 06:45:00,3.0,2.0,285.0,3.0,12.0,343.0,0.0,36.0,76.0,34,40.291,32.94,6.738,79.438,303.773,2.05
2010-12-14 07:00:00,5.0,32.0,285.0,11.0,43.0,376.0,0.0,43.0,666.0,34,40.048,32.66,16.016,78.79399999999998,285.075,0.875
2010-12-14 07:15:00,11.0,93.0,285.0,25.0,108.0,425.0,0.0,53.0,907.0,34,40.747,34.64,33.203,75.863,302.85,2.444
2010-12-14 07:30:00,18.0,157.0,286.0,41.0,174.0,419.0,0.0,58.0,-966.0,34,41.678,37.38,54.492,73.54399999999998,315.293,1.406
2010-12-14 07:45:00,23.0,199.0,285.0,52.0,220.0,420.0,0.0,58.0,-979.0,34,42.772,40.25,237.5,71.631,231.683,1.419
2010-12-14 08:00:00,34.0,294.0,286.0,74.0,317.0,425.0,0.0,60.0,995.0,34,44.281,47.08,323.73,69.706,287.01,1.675
2010-12-14 08:15:00,33.0,292.0,285.0,75.0,314.0,418.0,0.0,58.0,995.0,34,46.103,50.39,310.059,64.875,257.58,2.563
2010-12-14 08:30:00,36.0,317.0,286.0,82.0,338.0,409.0,0.0,58.0,995.0,34,47.338,55.22,295.996,62.375,85.14,1.05
2010-12-14 08:45:00,39.0,338.0,285.0,88.0,364.0,409.0,0.0,60.0,995.0,34,48.806,58.95,307.813,60.663,122.243,0.5809999999999998
2010-12-14 09:00:00,45.0,390.0,285.0,104.0,414.0,395.0,0.0,59.0,996.0,34,50.123,61.01,340.332,57.463,137.7,1.131
2010-12-14 09:15:00,50.0,433.0,286.0,114.0,464.0,403.0,0.0,60.0,-996.0,34,51.004,61.49,350.586,55.938,191.183,0.988
2010-12-14 09:30:00,39.0,341.0,285.0,92.0,365.0,396.0,0.0,59.0,-991.0,34,51.469,61.79,357.715,54.994,100.643,1.35
2010-12-14 09:45:00,34.0,301.0,285.0,80.0,324.0,402.0,0.0,60.0,-990.0,34,51.672,60.32,256.641,53.969,89.66299999999998,1.469
2010-12-14 10:00:00,46.0,398.0,285.0,106.0,423.0,397.0,0.0,59.0,-996.0,34,51.925,61.27,319.141,52.956,89.572,1.025
2010-12-14 10:15:00,59.0,515.0,287.0,139.0,548.0,393.0,0.0,59.0,997.0,34,52.522,63.56,376.855,52.506,140.085,0.819
2010-12-14 10:30:00,71.0,614.0,287.0,168.0,656.0,389.0,0.0,59.0,-999.0,34,53.17,68.04,527.441,51.162,134.01,1.044
2010-12-14 10:45:00,56.0,487.0,287.0,133.0,521.0,388.0,0.0,58.0,-997.0,34,54.163,68.63,579.883,49.356,132.255,1.225
2010-12-14 11:00:00,81.0,703.0,287.0,198.0,747.0,378.0,0.0,59.0,-999.0,34,54.912,68.64,565.723,48.2,144.563,1.462
2010-12-14 11:15:00,88.0,765.0,287.0,213.0,815.0,381.0,0.0,58.0,998.0,34,55.975,73.09999999999998,686.426,46.013,117.652,1.406
2010-12-14 11:30:00,97.0,842.0,287.0,247.0,892.0,361.0,0.0,58.0,-999.0,34,56.998,79.62,810.254,43.6,136.395,2.481
2010-12-14 11:45:00,69.0,604.0,287.0,171.0,643.0,376.0,0.0,60.0,-999.0,34,58.273,80.53,754.395,41.787,114.705,2.187
2010-12-14 12:00:00,42.0,365.0,287.0,103.0,391.0,377.0,0.0,59.0,-992.0,34,59.063,74.70999999999998,431.543,40.644,111.533,2.994
2010-12-14 12:15:00,35.0,309.0,286.0,86.0,329.0,382.0,0.0,60.0,-995.0,34,58.638,69.63,289.941,41.538,160.56,2.769
2010-12-14 12:30:00,36.0,317.0,287.0,85.0,340.0,397.0,0.0,60.0,-991.0,34,58.01,66.78,270.605,42.506,175.95,3.094
2010-12-14 12:45:00,31.0,272.0,286.0,74.0,294.0,395.0,0.0,58.0,-994.0,34,57.878,66.2,294.531,42.863,228.218,3.144
2010-12-14 13:00:00,30.0,265.0,287.0,72.0,284.0,391.0,0.0,59.0,-989.0,34,57.878,66.77,300.684,42.575,282.173,3.656
2010-12-14 13:15:00,34.0,299.0,287.0,82.0,321.0,388.0,0.0,59.0,-990.0,34,58.466,70.97,451.563,41.375,300.33,2.113
2010-12-14 13:30:00,20.0,179.0,287.0,50.0,194.0,386.0,0.0,59.0,970.0,34,59.164,73.29999999999998,234.863,40.475,248.423,1.181
2010-12-14 13:45:00,87.0,754.0,287.0,201.0,803.0,398.0,0.0,60.0,999.0,34,59.124,67.78,217.578,40.712,223.358,2.2
2010-12-14 14:00:00,76.0,660.0,288.0,181.0,704.0,388.0,0.0,59.0,-999.0,34,59.934,70.75,701.367,38.069,139.725,3.263
2010-12-14 14:15:00,61.0,534.0,288.0,145.0,571.0,392.0,0.0,61.0,999.0,34,60.977,72.89,641.309,36.2,133.133,4.044
2010-12-14 14:30:00,55.0,480.0,287.0,131.0,511.0,389.0,0.0,59.0,-997.0,34,61.068,70.27,539.258,35.988,114.593,4.688
2010-12-14 14:45:00,45.0,394.0,287.0,106.0,419.0,393.0,0.0,59.0,-993.0,34,60.906,69.8,487.109,36.013,109.575,3.625
2010-12-14 15:00:00,31.0,274.0,287.0,74.0,292.0,393.0,0.0,59.0,-990.0,34,61.058,69.31,402.93,35.438,92.182,3.744
2010-12-14 15:15:00,17.0,149.0,287.0,41.0,166.0,394.0,0.0,59.0,-956.0,34,61.037,67.17,262.793,35.613,99.27,3.056
2010-12-14 15:30:00,11.0,85.0,287.0,26.0,97.0,374.0,0.0,59.0,-874.0,34,60.724,65.27,112.5,36.162,77.602,2.25
2010-12-14 15:45:00,7.0,48.0,287.0,16.0,60.0,379.0,0.0,58.0,-765.0,34,60.136,62.8,60.254,37.85,89.955,2.175
2010-12-14 16:00:00,5.0,31.0,287.0,11.0,43.0,383.0,0.0,58.0,-621.0,34,59.377,60.8,41.211,40.381,74.27299999999998,0.8629999999999999
2010-12-14 16:15:00,4.0,8.0,286.0,5.0,18.0,378.0,0.0,58.0,199.0,34,58.699,59.18,27.637,41.925,85.028,0.65
2010-12-14 16:30:00,3.0,1.0,285.0,3.0,9.0,307.0,0.0,57.0,36.0,34,57.716,56.32,8.887,43.65,65.34,0.388
2010-12-14 16:45:00,3.0,-7.0,283.0,0.0,1.0,293.0,0.0,57.0,192.0,34,56.775,53.43,7.812999999999999,45.906,94.5,0.381
2010-12-14 17:00:00,0.0,-3.0,284.0,0.0,-2.0,87.0,0.0,55.0,0.0,34,56.015,52.03,0.391,47.444,33.795,0.5939999999999999
2010-12-14 17:15:00,0.0,-3.0,284.0,0.0,-2.0,18.0,0.0,53.0,0.0,34,55.317,50.96,0.195,48.856,132.593,0.3499999999999999
2010-12-14 17:30:00,0.0,-2.0,284.0,0.0,-2.0,9.0,0.0,52.0,0.0,34,54.932,50.39,0.195,48.631,81.518,0.762
2010-12-14 17:45:00,0.0,-2.0,284.0,0.0,-2.0,9.0,0.0,51.0,0.0,34,54.152,48.5,0.195,50.538,88.043,0.4189999999999999
2010-12-14 18:00:00,0.0,-2.0,284.0,0.0,0.0,13.0,0.0,50.0,0.0,34,53.383,47.72,0.098,51.313,115.853,0.919
2010-12-14 18:15:00,0.0,-3.0,284.0,0.0,0.0,11.0,0.0,48.0,0.0,34,53.737,49.17,0.0,47.638,65.048,1.044
2010-12-14 18:30:00,0.0,-2.0,284.0,0.0,-2.0,16.0,0.0,47.0,0.0,34,53.606,49.22,0.098,46.781,53.438,1.469
2010-12-14 18:45:00,0.0,-3.0,285.0,0.0,0.0,20.0,0.0,47.0,0.0,34,53.14,49.14,0.098,48.5,96.66,0.462
2010-12-15 06:00:00,0.0,-3.0,283.0,0.0,-2.0,15.0,0.0,32.0,0.0,34,47.996,45.02,0.0,57.081,302.828,2.319
2010-12-15 06:15:00,0.0,-2.0,283.0,0.0,-2.0,58.0,0.0,32.0,0.0,34,47.946,45.32,0.0,56.469,308.453,2.369
2010-12-15 06:30:00,0.0,-2.0,283.0,0.0,-2.0,293.0,0.0,31.0,0.0,34,48.28,45.71,0.0,56.331,295.83,3.244
2010-12-15 06:45:00,3.0,-6.0,283.0,0.0,2.0,295.0,0.0,33.0,159.0,34,49.12,46.25,0.684,54.256,305.955,2.737
2010-12-15 07:00:00,0.0,-3.0,284.0,0.0,-2.0,416.0,0.0,34.0,0.0,34,49.414,46.64,3.906,53.513,301.972,2.281
2010-12-15 07:15:00,3.0,12.0,284.0,6.0,22.0,353.0,0.0,39.0,321.0,34,49.606,47.05,15.039,51.825,309.893,1.663
2010-12-15 07:30:00,6.0,39.0,284.0,13.0,49.0,381.0,0.0,45.0,762.0,34,50.183,48.06,28.223,50.231,314.73,1.031
2010-12-15 07:45:00,5.0,29.0,284.0,10.0,40.0,398.0,0.0,51.0,646.0,34,50.568,48.77,39.355,50.275,263.048,1.15
2010-12-15 08:00:00,6.0,44.0,284.0,13.0,56.0,413.0,0.0,54.0,-804.0,34,50.862,49.51,39.844,49.063,295.357,1.813
2010-12-15 08:15:00,15.0,128.0,284.0,37.0,143.0,382.0,0.0,57.0,-949.0,34,51.479,50.72,72.754,48.625,272.273,0.8559999999999999
2010-12-15 08:30:00,18.0,157.0,283.0,46.0,174.0,372.0,0.0,59.0,-966.0,34,52.33,54.29,129.785,47.325,253.913,0.938
2010-12-15 08:45:00,17.0,147.0,284.0,42.0,160.0,380.0,0.0,58.0,964.0,34,53.393,57.78,131.738,45.919,286.065,1.456
2010-12-15 09:00:00,35.0,303.0,283.0,85.0,325.0,380.0,0.0,59.0,-995.0,34,54.456,61.45,419.141,44.15,284.288,2.056
2010-12-15 09:15:00,32.0,278.0,284.0,74.0,299.0,402.0,0.0,59.0,995.0,34,56.117,68.09,247.852,42.706,242.82,1.731
2010-12-15 09:30:00,37.0,321.0,286.0,88.0,344.0,388.0,0.0,58.0,-991.0,34,57.149,67.28,260.156,42.55,221.04,2.663
2010-12-15 09:45:00,33.0,288.0,285.0,80.0,309.0,382.0,0.0,60.0,-990.0,34,58.334,68.91,257.129,42.225,222.66,2.394
2010-12-15 10:00:00,24.0,207.0,285.0,57.0,225.0,392.0,0.0,59.0,980.0,34,59.012,69.39,248.828,41.4,190.688,2.044
2010-12-15 10:15:00,25.0,222.0,284.0,62.0,240.0,382.0,0.0,58.0,-987.0,34,59.691,68.57,183.594,40.806,197.19,1.475
2010-12-15 10:30:00,42.0,364.0,285.0,97.0,390.0,400.0,0.0,59.0,-996.0,34,60.055,68.35,224.805,41.5,199.642,1.219
2010-12-15 10:45:00,49.0,422.0,284.0,116.0,450.0,386.0,0.0,59.0,-996.0,34,61.078,71.7,342.285,41.519,213.277,1.913
2010-12-15 11:00:00,40.0,353.0,286.0,96.0,376.0,390.0,0.0,59.0,-996.0,34,62.009,75.64,365.039,41.319,213.705,1.444
2010-12-15 11:15:00,45.0,396.0,286.0,106.0,425.0,398.0,0.0,58.0,-996.0,34,62.961,77.70999999999998,310.254,40.819,265.545,1.438
2010-12-15 11:30:00,57.0,499.0,286.0,139.0,533.0,383.0,0.0,60.0,997.0,34,63.629,79.31,472.949,38.781,278.978,1.106
2010-12-15 11:45:00,28.0,241.0,284.0,69.0,260.0,376.0,0.0,58.0,-983.0,34,64.541,81.11,273.047,37.269,180.788,1.419
2010-12-15 12:00:00,28.0,247.0,285.0,71.0,265.0,374.0,0.0,59.0,983.0,34,64.126,75.78,218.945,38.075,236.565,1.331
2010-12-15 12:15:00,29.0,253.0,284.0,70.0,272.0,385.0,0.0,59.0,989.0,34,64.055,73.79999999999998,235.938,35.25,225.203,3.787
2010-12-15 12:30:00,26.0,236.0,285.0,66.0,252.0,379.0,0.0,58.0,-988.0,34,63.437,71.07,217.383,34.169,284.693,4.719
2010-12-15 12:45:00,20.0,174.0,285.0,50.0,190.0,374.0,0.0,58.0,977.0,34,63.143,69.67,179.395,32.713,279.9,4.875
2010-12-15 13:00:00,17.0,147.0,285.0,41.0,163.0,389.0,0.0,59.0,-956.0,34,62.587,67.67,138.184,32.3,267.683,3.9
2010-12-15 13:15:00,18.0,159.0,285.0,45.0,175.0,387.0,0.0,58.0,-975.0,34,62.556,66.89,131.934,32.381,252.473,3.894
2010-12-15 13:30:00,22.0,191.0,285.0,53.0,209.0,393.0,0.0,58.0,-979.0,34,62.313,66.43,148.047,32.594,197.91,4.481
2010-12-15 13:45:00,17.0,148.0,285.0,43.0,163.0,379.0,0.0,59.0,956.0,34,62.08,66.28,158.301,33.169,189.068,4.213
2010-12-15 14:00:00,16.0,139.0,286.0,41.0,153.0,376.0,0.0,58.0,-953.0,34,62.182,66.58,112.5,32.85,224.55,3.45
2010-12-15 14:15:00,15.0,135.0,286.0,40.0,147.0,361.0,0.0,58.0,-961.0,34,62.07,65.86,112.109,33.988,186.008,2.781
2010-12-15 14:30:00,16.0,144.0,286.0,42.0,157.0,369.0,0.0,58.0,-963.0,34,62.141,66.06,126.855,36.606,142.357,1.138
2010-12-15 14:45:00,18.0,157.0,286.0,44.0,174.0,391.0,0.0,59.0,-966.0,34,62.202,66.33,133.691,36.125,58.882,1.344
2010-12-15 15:00:00,10.0,78.0,285.0,25.0,89.0,358.0,0.0,58.0,-892.0,34,62.182,66.04,109.766,36.731,81.045,0.7189999999999999
2010-12-15 15:15:00,9.0,67.0,286.0,21.0,79.0,364.0,0.0,59.0,847.0,34,61.736,64.8,73.34,38.731,81.72,0.65
2010-12-15 15:30:00,8.0,64.0,285.0,21.0,76.0,362.0,0.0,58.0,842.0,34,61.149,63.68,60.156,40.813,108.383,0.7439999999999999
2010-12-15 15:45:00,7.0,47.0,286.0,15.0,58.0,368.0,0.0,58.0,795.0,34,60.663,62.73,54.102,43.144,82.012,0.631
2010-12-15 16:00:00,4.0,12.0,286.0,5.0,21.0,388.0,0.0,57.0,-310.0,34,60.44,61.78,36.914,44.0,71.595,0.556
2010-12-15 16:15:00,3.0,0.0,285.0,2.0,8.0,307.0,0.0,57.0,0.0,34,59.863,60.56,16.309,45.131,71.213,0.2379999999999999
2010-12-15 16:30:00,0.0,-2.0,284.0,0.0,-2.0,349.0,0.0,55.0,0.0,34,59.326,59.56,2.832,46.325,71.235,0.081
2010-12-15 16:45:00,3.0,-7.0,283.0,0.0,1.0,293.0,0.0,54.0,199.0,34,59.083,57.49,0.4879999999999999,47.6,71.213,0.025
2010-12-15 17:00:00,0.0,-2.0,282.0,0.0,0.0,50.0,0.0,52.0,0.0,34,58.871,55.66,0.098,48.956,71.235,0.2879999999999999
2010-12-15 17:15:00,0.0,-2.0,283.0,0.0,-2.0,33.0,0.0,50.0,0.0,34,58.516,54.3,0.098,49.731,71.213,0.025
2010-12-15 17:30:00,0.0,-2.0,283.0,0.0,0.0,27.0,0.0,47.0,0.0,34,57.939,53.06,0.195,50.738,71.213,0.762
2010-12-15 17:45:00,0.0,-2.0,283.0,0.0,-2.0,28.0,0.0,46.0,0.0,34,57.686,52.28,0.098,50.519,244.553,1.025
2010-12-15 18:00:00,0.0,-3.0,283.0,0.0,0.0,28.0,0.0,45.0,0.0,34,57.068,51.4,0.195,49.856,287.775,0.675
2010-12-15 18:15:00,0.0,-3.0,283.0,0.0,0.0,27.0,0.0,44.0,0.0,34,56.38,49.93,0.098,51.025,287.933,0.2939999999999999
2010-12-15 18:30:00,0.0,-2.0,284.0,0.0,0.0,19.0,0.0,43.0,0.0,34,55.671,49.14,0.098,52.556,287.933,0.156
2010-12-15 18:45:00,0.0,-3.0,284.0,0.0,0.0,15.0,0.0,42.0,0.0,34,54.932,47.92,0.195,54.731,287.933,0.156
2010-12-16 06:00:00,0.0,-3.0,284.0,0.0,-2.0,39.0,0.0,31.0,0.0,34,50.659,49.31,0.0,44.488,101.318,0.456
2010-12-16 06:15:00,0.0,-2.0,285.0,0.0,-2.0,63.0,0.0,31.0,0.0,34,50.659,49.15,0.0,44.95,105.795,0.4119999999999999
2010-12-16 06:30:00,0.0,-3.0,285.0,0.0,-2.0,271.0,0.0,31.0,0.0,34,50.538,48.77,0.0,45.294,150.008,0.5809999999999998
2010-12-16 06:45:00,3.0,-7.0,283.0,0.0,1.0,295.0,0.0,31.0,0.0,34,50.447,48.67,0.391,45.713,232.65,0.7309999999999999
2010-12-16 07:00:00,0.0,-2.0,285.0,0.0,-2.0,404.0,0.0,33.0,0.0,34,50.406,48.44,4.004,46.013,245.993,0.188
2010-12-16 07:15:00,3.0,5.0,284.0,4.0,16.0,349.0,0.0,37.0,159.0,34,50.558,48.42,8.788999999999998,46.069,244.238,0.188
2010-12-16 07:30:00,4.0,18.0,285.0,8.0,29.0,375.0,0.0,42.0,482.0,34,50.669,48.87,20.02,47.138,286.56,0.638
2010-12-16 07:45:00,5.0,31.0,285.0,11.0,43.0,375.0,0.0,48.0,696.0,34,50.923,49.46,29.004,46.106,302.49,0.762
2010-12-16 08:00:00,5.0,37.0,284.0,13.0,49.0,381.0,0.0,52.0,756.0,34,51.317,50.39,37.598,45.075,290.025,0.881
2010-12-16 08:15:00,7.0,56.0,285.0,20.0,68.0,337.0,0.0,54.0,823.0,34,51.581,51.63,49.219,44.313,299.048,0.662
2010-12-16 08:30:00,7.0,62.0,285.0,23.0,72.0,312.0,0.0,56.0,836.0,34,52.046,53.29,63.086,44.006,281.295,0.188
2010-12-16 08:45:00,12.0,106.0,285.0,38.0,118.0,313.0,0.0,57.0,-929.0,34,52.593,55.21,89.453,43.025,281.295,0.325
2010-12-16 09:00:00,18.0,163.0,285.0,49.0,178.0,362.0,0.0,57.0,-975.0,34,53.16,57.05,128.223,42.337,268.898,0.406
2010-12-16 09:15:00,26.0,230.0,287.0,61.0,249.0,406.0,0.0,59.0,988.0,34,53.687,57.91,175.195,41.125,164.543,0.806
2010-12-16 09:30:00,49.0,426.0,287.0,114.0,454.0,396.0,0.0,58.0,996.0,34,53.828,59.36,262.793,40.856,131.85,0.919
2010-12-16 09:45:00,54.0,464.0,285.0,127.0,494.0,388.0,0.0,59.0,-996.0,34,55.145,63.82,391.992,37.5,114.008,1.488
2010-12-16 10:00:00,88.0,757.0,285.0,207.0,808.0,390.0,0.0,59.0,-999.0,34,55.894,65.59,485.742,36.662,125.348,1.581
2010-12-16 10:15:00,96.0,823.0,285.0,232.0,877.0,377.0,0.0,60.0,-999.0,34,56.552,68.4,756.25,34.631,136.755,2.237
2010-12-16 10:30:00,92.0,795.0,284.0,228.0,846.0,371.0,0.0,60.0,999.0,34,58.01,72.81,821.582,31.863,136.845,2.313
2010-12-16 10:45:00,48.0,417.0,285.0,115.0,444.0,385.0,0.0,59.0,999.0,34,58.233,70.08,533.301,32.45,129.915,2.994
2010-12-16 11:00:00,48.0,417.0,284.0,112.0,448.0,396.0,0.0,60.0,-996.0,34,57.403,65.5,360.84,33.85,106.313,3.106
2010-12-16 11:15:00,36.0,314.0,284.0,85.0,336.0,391.0,0.0,59.0,995.0,34,56.663,63.85,316.406,35.094,115.245,3.625
2010-12-16 11:30:00,41.0,359.0,284.0,98.0,383.0,391.0,0.0,59.0,996.0,34,56.603,63.04,284.277,34.525,103.523,3.569
2010-12-16 11:45:00,38.0,328.0,284.0,90.0,351.0,386.0,0.0,59.0,995.0,34,56.623,63.02,301.367,33.494,99.023,3.487
2010-12-16 12:00:00,35.0,305.0,285.0,81.0,328.0,401.0,0.0,58.0,-995.0,34,56.744,62.68,242.09,33.813,97.695,3.506
2010-12-16 12:15:00,26.0,232.0,283.0,65.0,248.0,378.0,0.0,57.0,994.0,34,56.441,61.97,224.023,34.619,95.715,3.206
2010-12-16 12:30:00,30.0,267.0,283.0,72.0,287.0,393.0,0.0,59.0,994.0,34,55.975,60.62,188.867,35.25,99.878,3.188
2010-12-16 12:45:00,54.0,460.0,283.0,124.0,492.0,397.0,0.0,60.0,997.0,34,55.904,60.76,398.047,35.513,105.075,3.775
2010-12-16 13:00:00,39.0,337.0,284.0,89.0,360.0,401.0,0.0,60.0,995.0,34,56.42,63.62,288.477,34.95,89.775,3.544
2010-12-16 13:15:00,23.0,203.0,284.0,55.0,220.0,400.0,0.0,58.0,-986.0,34,56.603,62.64,232.813,35.469,103.568,2.725
2010-12-16 13:30:00,25.0,221.0,283.0,59.0,240.0,400.0,0.0,59.0,-987.0,34,56.694,61.52,167.188,35.938,123.705,1.331
2010-12-16 13:45:00,26.0,225.0,285.0,62.0,244.0,393.0,0.0,59.0,988.0,34,57.109,62.42,205.078,35.119,106.335,1.663
2010-12-16 14:00:00,24.0,213.0,284.0,58.0,230.0,394.0,0.0,59.0,987.0,34,57.089,62.44,189.746,35.044,168.772,1.906
2010-12-16 14:15:00,16.0,140.0,283.0,38.0,155.0,411.0,0.0,59.0,971.0,34,56.886,62.82,229.98,35.825,152.258,1.363
2010-12-16 14:30:00,12.0,99.0,284.0,28.0,112.0,387.0,0.0,59.0,-936.0,34,55.793,61.65,174.805,37.381,122.22,1.131
2010-12-16 14:45:00,8.0,67.0,282.0,21.0,79.0,380.0,0.0,58.0,876.0,34,54.811,57.8,70.898,39.144,116.528,0.881
2010-12-16 15:00:00,26.0,225.0,283.0,59.0,243.0,407.0,0.0,60.0,-993.0,34,53.99,55.37,146.289,40.294,140.85,0.794
2010-12-16 15:15:00,8.0,67.0,281.0,20.0,82.0,399.0,0.0,58.0,-876.0,34,54.163,57.8,215.723,39.381,116.28,0.925
2010-12-16 15:30:00,10.0,79.0,282.0,23.0,91.0,387.0,0.0,58.0,907.0,34,54.314,57.01,71.582,38.756,112.613,0.95
2010-12-16 15:45:00,6.0,41.0,282.0,15.0,55.0,372.0,0.0,58.0,774.0,34,54.355,56.01,56.836,38.363,86.873,1.35
2010-12-16 16:00:00,4.0,28.0,281.0,10.0,37.0,358.0,0.0,58.0,-656.0,34,54.274,55.51,37.305,37.8,76.31999999999998,1.681
2010-12-16 16:15:00,3.0,6.0,283.0,4.0,16.0,362.0,0.0,57.0,192.0,34,53.768,54.5,23.633,38.3,88.943,2.244
2010-12-16 16:30:00,3.0,-5.0,283.0,1.0,2.0,296.0,0.0,57.0,0.0,34,52.907,52.22,9.082,39.863,72.51699999999998,2.194
2010-12-16 16:45:00,3.0,-9.0,281.0,0.0,1.0,293.0,0.0,55.0,0.0,34,51.975,49.79,0.0,41.975,69.323,2.075
2010-12-16 17:00:00,0.0,-2.0,282.0,0.0,-2.0,59.0,0.0,54.0,0.0,34,51.479,48.83,0.0,43.981,72.26999999999998,1.856
2010-12-16 17:15:00,0.0,-2.0,282.0,0.0,0.0,15.0,0.0,52.0,0.0,34,50.862,47.5,0.0,45.537,58.32,1.3
2010-12-16 17:30:00,0.0,-3.0,282.0,0.0,-2.0,15.0,0.0,50.0,0.0,34,50.528,46.67,0.0,46.944,67.208,1.769
2010-12-16 17:45:00,0.0,-2.0,283.0,0.0,0.0,11.0,0.0,48.0,0.0,34,50.011,46.64,0.0,47.913,67.613,1.769
2010-12-16 18:00:00,0.0,-3.0,283.0,0.0,-2.0,16.0,0.0,47.0,0.0,34,49.637,47.04,0.0,49.694,107.19,1.056
2010-12-16 18:15:00,0.0,-2.0,283.0,0.0,0.0,21.0,0.0,45.0,0.0,34,49.303,46.87,0.0,50.619,71.865,1.6
2010-12-16 18:30:00,0.0,-2.0,283.0,0.0,-2.0,23.0,0.0,45.0,0.0,34,49.343,47.07,0.0,51.275,73.688,1.2
2010-12-16 18:45:00,0.0,-2.0,283.0,0.0,-2.0,19.0,0.0,44.0,0.0,34,49.252,47.24,0.0,51.763,100.013,0.188
2010-12-17 06:00:00,0.0,-3.0,285.0,0.0,-2.0,28.0,0.0,31.0,0.0,34,42.357,41.58,0.0,69.5,95.175,0.281
2010-12-17 06:15:00,0.0,-3.0,284.0,0.0,-2.0,87.0,0.0,31.0,0.0,34,42.407,40.51,0.0,69.831,87.727,0.2939999999999999
2010-12-17 06:30:00,0.0,-3.0,282.0,0.0,-2.0,295.0,0.0,31.0,0.0,34,42.559,40.35,0.0,68.95,111.24,0.4689999999999999
2010-12-17 06:45:07,3.0,-5.0,282.0,1.0,4.0,295.0,0.0,32.0,0.0,34,,,,,,
2010-12-17 07:00:00,0.0,-3.0,284.0,0.0,-2.0,409.0,0.0,33.0,0.0,34,43.369,43.79,2.441,64.625,80.528,2.106
2010-12-17 07:15:00,3.0,5.0,282.0,4.0,13.0,316.0,0.0,37.0,0.0,34,43.612,44.52,8.788999999999998,65.538,112.5,1.538
2010-12-17 07:30:00,3.0,14.0,282.0,6.0,22.0,344.0,0.0,42.0,-422.0,34,43.764,44.83,15.43,65.794,116.235,1.012
2010-12-17 07:45:00,4.0,27.0,284.0,10.0,35.0,332.0,0.0,46.0,-625.0,34,44.119,45.3,25.488,64.413,144.743,1.256
2010-12-17 08:00:00,6.0,39.0,283.0,13.0,51.0,370.0,0.0,51.0,-762.0,34,44.108,45.48,32.227,63.631,103.297,1.925
2010-12-17 08:15:00,6.0,47.0,282.0,17.0,59.0,352.0,0.0,54.0,-795.0,34,44.119,45.15,40.43,67.35,105.593,1.819
2010-12-17 08:30:00,5.0,35.0,284.0,13.0,45.0,349.0,0.0,54.0,-702.0,34,44.108,44.75,40.723,69.163,122.04,1.025
2010-12-17 08:45:00,6.0,41.0,282.0,14.0,54.0,368.0,0.0,55.0,-774.0,34,43.997,44.29,32.715,69.825,75.848,1.781
2010-12-17 09:00:00,9.0,71.0,282.0,22.0,83.0,367.0,0.0,56.0,-898.0,34,43.643,44.03,46.582,72.09399999999998,50.468,1.388
2010-12-17 09:15:00,8.0,60.0,283.0,19.0,71.0,368.0,0.0,56.0,-848.0,34,43.734,44.45,54.395,73.656,65.79,1.038
2010-12-17 09:30:00,13.0,118.0,283.0,34.0,133.0,393.0,0.0,58.0,-966.0,34,44.119,44.75,60.547,73.256,108.068,1.156
2010-12-17 09:45:00,31.0,270.0,283.0,69.0,291.0,421.0,0.0,58.0,-994.0,34,44.351,45.53,140.234,69.6,86.17499999999998,2.275
2010-12-17 10:00:00,31.0,268.0,284.0,71.0,290.0,403.0,0.0,60.0,-989.0,34,44.959,47.03,195.41,66.7,97.582,2.537
2010-12-17 10:15:00,20.0,174.0,284.0,48.0,191.0,393.0,0.0,58.0,-984.0,34,45.627,48.13,188.379,65.794,111.668,2.194
2010-12-17 10:30:00,21.0,180.0,283.0,47.0,197.0,419.0,0.0,59.0,-992.0,34,45.769,47.54,137.207,65.506,106.493,2.431
2010-12-17 10:45:00,18.0,155.0,283.0,43.0,171.0,395.0,0.0,59.0,-974.0,34,45.394,47.08,105.078,67.5,113.67,1.594
2010-12-17 11:00:00,29.0,249.0,284.0,66.0,270.0,405.0,0.0,58.0,-994.0,34,45.394,47.34,179.98,68.038,107.46,2.425
2010-12-17 11:15:00,31.0,268.0,284.0,72.0,290.0,398.0,0.0,59.0,-994.0,34,45.809,48.73,200.195,67.813,88.223,2.956
2010-12-17 11:30:00,24.0,210.0,283.0,56.0,228.0,402.0,0.0,59.0,-987.0,34,46.073,49.01,192.188,68.694,88.65,3.05
2010-12-17 11:45:00,22.0,193.0,283.0,51.0,210.0,404.0,0.0,59.0,-986.0,34,46.154,48.98,163.086,69.056,96.3,2.944
2010-12-17 12:00:00,53.0,457.0,285.0,117.0,487.0,415.0,0.0,59.0,999.0,34,46.791,50.14,285.547,70.3,99.743,2.05
2010-12-17 12:15:00,43.0,373.0,285.0,100.0,399.0,398.0,0.0,60.0,996.0,34,47.804,51.51,316.016,69.094,117.045,1.956
2010-12-17 12:30:00,37.0,322.0,284.0,86.0,348.0,400.0,0.0,59.0,-995.0,34,48.28,53.16,294.141,67.263,105.548,2.625
2010-12-17 12:45:00,19.0,172.0,284.0,47.0,189.0,392.0,0.0,58.0,-984.0,34,48.381,52.04,167.773,66.413,121.208,2.356
2010-12-17 13:00:00,31.0,272.0,284.0,72.0,292.0,404.0,0.0,59.0,-994.0,34,47.956,50.52,189.453,67.038,116.955,2.281
2010-12-17 13:15:00,30.0,257.0,283.0,70.0,278.0,395.0,0.0,59.0,994.0,34,48.088,50.99,192.578,65.756,103.657,3.456
2010-12-17 13:30:00,31.0,272.0,285.0,71.0,294.0,408.0,0.0,59.0,-994.0,34,47.551,49.5,160.938,71.494,91.418,3.681
2010-12-17 13:45:00,22.0,195.0,284.0,52.0,214.0,412.0,0.0,58.0,986.0,34,46.761,48.43,200.0,76.04399999999998,104.197,3.55
2010-12-17 14:00:00,10.0,83.0,284.0,25.0,97.0,392.0,0.0,59.0,911.0,34,46.376,47.68,110.547,76.86199999999998,95.197,4.025
2010-12-17 14:15:00,5.0,39.0,283.0,13.0,49.0,383.0,0.0,57.0,762.0,34,45.546,46.29,45.02,77.744,83.813,3.994
2010-12-17 14:30:00,5.0,35.0,283.0,11.0,44.0,378.0,0.0,57.0,764.0,34,45.03,45.53,34.57,80.131,95.805,2.9
2010-12-17 14:45:00,5.0,32.0,284.0,12.0,43.0,338.0,0.0,57.0,666.0,34,44.858,45.35,35.938,80.644,83.205,2.7
2010-12-17 15:00:00,6.0,44.0,284.0,14.0,56.0,385.0,0.0,57.0,804.0,34,44.888,45.39,37.402,82.381,90.698,1.813
2010-12-17 15:15:00,5.0,37.0,284.0,12.0,48.0,382.0,0.0,57.0,777.0,34,44.665,45.21,37.598,84.66899999999998,83.385,2.4
2010-12-17 15:30:00,3.0,5.0,283.0,4.0,17.0,391.0,0.0,57.0,159.0,34,44.129,44.68,22.656,87.313,89.483,2.719
2010-12-17 15:45:00,3.0,1.0,283.0,3.0,9.0,307.0,0.0,57.0,39.0,34,43.754,44.24,8.397999999999998,89.46299999999998,84.262,1.831
2010-12-17 16:00:00,3.0,0.0,284.0,2.0,8.0,307.0,0.0,56.0,0.0,34,43.653,44.15,7.031,90.619,108.45,2.206
2010-12-17 16:15:00,3.0,-3.0,283.0,1.0,5.0,297.0,0.0,56.0,79.0,34,43.369,43.85,8.496,92.238,123.143,1.9
2010-12-17 16:30:00,0.0,-2.0,282.0,0.0,-2.0,313.0,0.0,54.0,0.0,34,43.288,43.7,1.074,92.738,101.655,1.925
2010-12-17 16:45:00,0.0,-3.0,281.0,0.0,-2.0,132.0,0.0,51.0,0.0,34,42.904,43.25,0.0,92.962,74.632,2.369
2010-12-17 17:00:00,0.0,-2.0,282.0,0.0,-2.0,58.0,0.0,48.0,0.0,34,42.62,43.07,0.0,93.044,80.30299999999998,2.775
2010-12-17 17:15:00,0.0,-2.0,282.0,0.0,-2.0,54.0,0.0,46.0,0.0,34,42.62,43.12,0.0,93.856,90.203,1.669
2010-12-17 17:30:00,0.0,-3.0,281.0,0.0,-2.0,54.0,0.0,45.0,0.0,34,42.62,43.11,0.0,92.813,85.635,2.581
2010-12-17 17:45:00,0.0,-2.0,282.0,0.0,0.0,53.0,0.0,44.0,0.0,34,42.62,43.05,0.0,92.913,92.227,2.75
2010-12-17 18:00:00,0.0,-2.0,282.0,0.0,-2.0,52.0,0.0,43.0,0.0,34,42.61,43.01,0.0,92.988,81.878,2.275
2010-12-17 18:15:00,0.0,-2.0,283.0,0.0,-2.0,52.0,0.0,42.0,0.0,34,42.62,42.98,0.0,92.675,91.957,2.131
2010-12-17 18:30:00,0.0,-3.0,283.0,0.0,-2.0,52.0,0.0,41.0,0.0,34,42.61,43.14,0.0,92.813,109.778,1.694
2010-12-17 18:45:00,0.0,-3.0,283.0,0.0,-2.0,52.0,0.0,41.0,0.0,34,42.671,43.1,0.0,92.95,129.42,1.044
2010-12-18 06:00:00,0.0,-3.0,284.0,0.0,-2.0,24.0,0.0,31.0,0.0,34,46.933,45.26,0.0,95.631,276.368,0.8439999999999999
2010-12-18 06:15:00,0.0,-2.0,283.0,0.0,0.0,56.0,0.0,30.0,0.0,34,46.741,45.0,0.0,95.85,292.77,1.175
2010-12-18 06:30:00,0.0,-2.0,284.0,0.0,-2.0,253.0,0.0,30.0,0.0,34,46.994,45.58,0.0,95.812,262.958,1.944
2010-12-18 06:45:00,0.0,-2.0,283.0,0.0,-2.0,332.0,0.0,30.0,0.0,34,47.571,46.08,0.098,94.35,266.603,1.45
2010-12-18 07:00:00,0.0,-2.0,284.0,0.0,-2.0,397.0,0.0,33.0,0.0,34,48.331,46.9,0.781,92.238,201.128,1.45
2010-12-18 07:15:00,3.0,5.0,283.0,4.0,13.0,334.0,0.0,36.0,0.0,34,48.968,47.76,5.273,90.712,261.338,0.956
2010-12-18 07:30:00,3.0,6.0,282.0,4.0,16.0,350.0,0.0,41.0,0.0,34,49.303,48.19,9.082,90.663,185.805,1.138
2010-12-18 07:45:00,3.0,10.0,285.0,5.0,20.0,356.0,0.0,45.0,307.0,34,49.88,48.98,13.477,89.125,110.97,1.262
2010-12-18 08:00:00,5.0,31.0,284.0,11.0,40.0,343.0,0.0,48.0,676.0,34,50.71,49.76,19.141,86.41899999999998,66.443,1.919
2010-12-18 08:15:00,21.0,187.0,284.0,55.0,203.0,367.0,0.0,56.0,985.0,34,51.378,51.3,56.641,84.875,197.055,1.787
2010-12-18 08:30:00,45.0,390.0,284.0,101.0,415.0,411.0,0.0,59.0,996.0,34,52.624,55.81,181.738,81.42499999999998,121.005,2.219
2010-12-18 08:45:00,12.0,101.0,282.0,29.0,114.0,392.0,0.0,58.0,949.0,34,54.365,60.34,203.516,75.438,163.958,3.581
2010-12-18 09:00:00,21.0,184.0,284.0,49.0,202.0,404.0,0.0,57.0,978.0,34,55.519,60.51,148.535,71.856,167.22,4.762
2010-12-18 09:15:00,17.0,145.0,283.0,40.0,162.0,400.0,0.0,58.0,972.0,34,56.188,60.41,88.965,69.35,175.095,4.531
2010-12-18 09:30:00,24.0,210.0,285.0,57.0,228.0,399.0,0.0,58.0,987.0,34,56.167,59.57,96.875,68.988,183.375,4.875
2010-12-18 09:45:00,33.0,288.0,285.0,77.0,309.0,400.0,0.0,59.0,995.0,34,56.906,61.67,212.5,66.25,174.037,5.206
2010-12-18 10:00:00,40.0,346.0,285.0,94.0,371.0,395.0,0.0,59.0,-996.0,34,58.364,63.81,231.641,63.275,163.665,4.794
2010-12-18 10:15:00,35.0,303.0,284.0,80.0,326.0,404.0,0.0,59.0,995.0,34,58.82,62.37,244.531,63.675,152.528,5.544
2010-12-18 10:30:00,36.0,309.0,283.0,83.0,332.0,400.0,0.0,58.0,-995.0,34,58.688,62.12,240.918,63.419,155.475,5.562
2010-12-18 10:45:00,32.0,283.0,284.0,77.0,305.0,392.0,0.0,60.0,995.0,34,59.306,64.11,229.297,60.025,184.005,6.044
2010-12-18 11:00:00,30.0,260.0,283.0,71.0,279.0,391.0,0.0,59.0,994.0,34,59.853,64.77,216.406,58.819,185.31,6.412
2010-12-18 11:15:00,34.0,298.0,285.0,83.0,321.0,386.0,0.0,59.0,-995.0,34,59.863,64.87,224.414,58.575,177.03,6.688
2010-12-18 11:30:00,27.0,237.0,285.0,63.0,256.0,404.0,0.0,58.0,-994.0,34,60.207,64.53,222.363,58.056,163.328,6.294
2010-12-18 11:45:00,20.0,182.0,285.0,49.0,199.0,400.0,0.0,58.0,-985.0,34,59.924,63.2,172.363,59.931,160.043,4.6
2010-12-18 12:00:00,23.0,206.0,285.0,57.0,225.0,389.0,0.0,58.0,-987.0,34,60.491,64.55,183.496,56.975,171.45,6.088
2010-12-18 12:15:00,23.0,203.0,285.0,57.0,221.0,383.0,0.0,59.0,-986.0,34,60.703,64.98,169.043,56.119,182.925,6.475
2010-12-18 12:30:00,49.0,422.0,285.0,112.0,449.0,400.0,0.0,59.0,-996.0,34,61.017,65.12,204.199,55.719,177.435,5.556
2010-12-18 12:45:00,36.0,310.0,284.0,83.0,334.0,400.0,0.0,60.0,-995.0,34,61.098,64.8,261.133,57.181,159.435,5.306
2010-12-18 13:00:00,75.0,645.0,286.0,175.0,689.0,392.0,0.0,60.0,-999.0,34,61.473,65.99,519.922,56.706,147.285,4.106
2010-12-18 13:15:00,101.0,873.0,285.0,248.0,928.0,373.0,0.0,59.0,-999.0,34,62.779,70.82,847.168,54.631,138.825,3.856
2010-12-18 13:30:00,82.0,710.0,287.0,198.0,754.0,380.0,0.0,58.0,-1000.0,34,64.885,75.48,874.902,50.294,152.55,4.169
2010-12-18 13:45:00,17.0,153.0,285.0,44.0,170.0,383.0,0.0,59.0,-974.0,34,64.439,72.98,435.84,52.006,153.63,3.981
2010-12-18 14:00:00,10.0,82.0,285.0,25.0,94.0,373.0,0.0,58.0,-924.0,34,63.184,69.95,101.66,53.288,199.53,2.419
2010-12-18 14:15:00,17.0,148.0,283.0,41.0,163.0,397.0,0.0,59.0,981.0,34,61.847,66.04,208.203,55.081,190.62,4.25
2010-12-18 14:30:00,19.0,171.0,285.0,48.0,189.0,393.0,0.0,58.0,984.0,34,62.09,69.23,402.539,53.875,178.245,3.037
2010-12-18 14:45:00,15.0,135.0,283.0,38.0,149.0,386.0,0.0,59.0,-961.0,34,62.597,70.79,185.84,53.012,174.24,3.694
2010-12-18 15:00:00,15.0,128.0,285.0,38.0,143.0,380.0,0.0,59.0,-969.0,34,62.131,65.4,147.461,55.375,157.5,5.212
2010-12-18 15:15:00,18.0,156.0,283.0,44.0,172.0,387.0,0.0,59.0,-982.0,34,61.179,63.93,117.48,56.975,160.267,4.675
2010-12-18 15:30:00,10.0,79.0,285.0,24.0,91.0,376.0,0.0,59.0,921.0,34,60.916,63.48,78.125,57.15,153.337,5.131
2010-12-18 15:45:00,6.0,47.0,283.0,16.0,59.0,374.0,0.0,57.0,795.0,34,60.4,62.58,50.781,58.169,137.318,5.131
2010-12-18 16:00:00,4.0,28.0,284.0,10.0,40.0,378.0,0.0,57.0,-656.0,34,60.541,62.86,47.266,57.844,166.883,3.944
2010-12-18 16:15:00,3.0,2.0,282.0,3.0,10.0,331.0,0.0,57.0,0.0,34,60.41,62.32,20.02,58.025,167.85,4.481
2010-12-18 16:30:00,0.0,-3.0,284.0,0.0,-2.0,364.0,0.0,56.0,0.0,34,60.43,61.66,5.762,58.35,179.798,3.931
2010-12-18 16:45:00,2.0,-9.0,281.0,0.0,0.0,293.0,0.0,55.0,0.0,34,59.924,61.32,0.781,59.663,174.78,3.769
2010-12-18 17:00:00,0.0,-3.0,282.0,0.0,-2.0,66.0,0.0,53.0,0.0,34,59.701,60.82,0.098,59.825,177.435,4.762
2010-12-18 17:15:00,0.0,-3.0,281.0,0.0,-2.0,18.0,0.0,51.0,0.0,34,59.407,60.51,0.098,59.925,179.685,4.806
2010-12-18 17:30:00,0.0,-3.0,282.0,0.0,-2.0,15.0,0.0,49.0,0.0,34,59.002,59.48,0.098,60.369,196.605,5.744
2010-12-18 17:45:00,0.0,-3.0,282.0,0.0,0.0,28.0,0.0,47.0,0.0,34,58.638,58.43,0.098,61.538,179.865,3.694
2010-12-18 18:00:00,0.0,-3.0,283.0,0.0,-2.0,29.0,0.0,46.0,0.0,34,58.688,58.77,0.0,61.281,182.318,3.706
2010-12-18 18:15:00,0.0,-3.0,283.0,0.0,-2.0,28.0,0.0,45.0,0.0,34,58.739,58.97,0.098,61.988,176.985,3.406
2010-12-18 18:30:00,0.0,-2.0,283.0,0.0,0.0,26.0,0.0,44.0,0.0,34,58.749,59.02,0.195,61.7,185.535,5.181
2010-12-18 18:45:00,0.0,-3.0,282.0,0.0,-2.0,33.0,0.0,44.0,0.0,34,58.476,58.89,0.098,63.425,171.473,5.125
2010-12-19 06:00:00,0.0,-3.0,284.0,0.0,-2.0,40.0,0.0,31.0,0.0,34,56.107,57.39,0.195,74.625,171.945,7.780999999999999
2010-12-19 06:15:00,0.0,-3.0,283.0,0.0,-2.0,53.0,0.0,31.0,0.0,34,56.127,57.61,0.2929999999999999,74.10599999999998,167.67,6.662
2010-12-19 06:30:00,0.0,-3.0,284.0,0.0,-2.0,166.0,0.0,31.0,0.0,34,56.319,57.62,0.2929999999999999,73.9,168.818,5.788
2010-12-19 06:45:00,0.0,-2.0,283.0,0.0,-2.0,322.0,0.0,31.0,0.0,34,56.319,57.68,0.391,71.944,166.298,6.769
2010-12-19 07:00:00,3.0,-6.0,283.0,0.0,2.0,296.0,0.0,33.0,0.0,34,56.188,57.41,1.563,72.006,167.917,7.119
2010-12-19 07:15:00,2.0,-5.0,284.0,1.0,5.0,298.0,0.0,34.0,0.0,34,55.884,56.53,2.539,73.97499999999998,168.593,6.481
2010-12-19 07:30:00,0.0,-3.0,283.0,0.0,-2.0,384.0,0.0,35.0,0.0,34,55.671,55.88,0.0,76.4,160.628,4.325
2010-12-19 07:45:00,0.0,-3.0,283.0,0.0,-2.0,400.0,0.0,37.0,0.0,34,55.357,55.5,4.297,76.9,157.522,3.9
2010-12-19 08:00:00,3.0,9.0,283.0,5.0,17.0,316.0,0.0,38.0,279.0,34,55.023,55.46,11.035,77.98099999999998,148.5,4.381
2010-12-19 08:15:00,3.0,17.0,283.0,8.0,28.0,339.0,0.0,42.0,464.0,34,55.135,55.4,17.188,77.813,137.678,3.219
2010-12-19 08:30:00,4.0,29.0,282.0,10.0,40.0,372.0,0.0,47.0,687.0,34,55.185,55.71,27.734,77.25,147.24,3.55
2010-12-19 08:45:00,5.0,33.0,283.0,12.0,47.0,372.0,0.0,51.0,714.0,34,55.307,55.87,30.469,77.79399999999998,140.76,3.481
2010-12-19 09:00:00,7.0,55.0,283.0,17.0,66.0,384.0,0.0,53.0,872.0,34,55.367,55.8,28.027,78.59399999999998,147.87,3.281
2010-12-19 09:15:00,6.0,43.0,285.0,14.0,56.0,397.0,0.0,54.0,-799.0,34,55.398,55.56,30.762,78.956,147.533,2.569
2010-12-19 09:30:00,5.0,37.0,285.0,13.0,49.0,371.0,0.0,57.0,-736.0,34,56.147,56.87,57.617,75.238,153.158,3.025
2010-12-19 09:45:00,13.0,110.0,285.0,32.0,125.0,383.0,0.0,57.0,-953.0,34,56.593,57.12,56.738,74.5,119.925,1.756
2010-12-19 10:00:00,12.0,102.0,285.0,30.0,118.0,394.0,0.0,58.0,-938.0,34,56.684,57.87,75.0,73.59999999999998,112.635,2.2
2010-12-19 10:15:15,8.0,60.0,283.0,18.0,72.0,398.0,0.0,57.0,882.0,34,,,,,,
2010-12-19 10:31:00,22.0,193.0,285.0,54.0,211.0,391.0,0.0,59.0,-979.0,34,57.089,58.91,117.871,72.45,87.863,2.737
2010-12-19 10:45:00,14.0,121.0,284.0,35.0,135.0,385.0,0.0,58.0,-957.0,34,57.767,60.95,132.715,71.019,80.775,3.025
2010-12-19 11:00:00,19.0,166.0,284.0,46.0,182.0,393.0,0.0,58.0,-976.0,34,58.04,60.72,123.535,72.081,93.938,3.2
2010-12-19 11:15:00,19.0,170.0,283.0,47.0,186.0,390.0,0.0,58.0,-976.0,34,58.223,59.96,137.402,72.97499999999998,88.37999999999998,2.844
2010-12-19 11:30:00,16.0,139.0,283.0,39.0,153.0,391.0,0.0,59.0,-980.0,34,58.526,60.25,155.469,72.156,90.63,2.3
2010-12-19 11:45:00,18.0,159.0,283.0,45.0,175.0,383.0,0.0,59.0,-983.0,34,58.992,60.76,99.805,71.275,148.973,3.013
2010-12-19 12:00:00,13.0,116.0,282.0,33.0,129.0,388.0,0.0,57.0,955.0,34,59.944,61.08,85.54699999999998,67.706,209.092,4.681
2010-12-19 12:15:00,57.0,486.0,283.0,126.0,519.0,408.0,0.0,60.0,-999.0,34,60.713,61.58,229.59,64.025,208.44,6.038
2010-12-19 12:30:00,31.0,270.0,283.0,73.0,291.0,399.0,0.0,60.0,-989.0,34,62.455,66.12,312.207,59.481,186.3,4.288
2010-12-19 12:45:00,10.0,86.0,283.0,27.0,99.0,371.0,0.0,57.0,-927.0,34,63.285,66.66,124.902,53.85,191.745,6.356
2010-12-19 13:00:00,23.0,197.0,282.0,56.0,213.0,382.0,0.0,58.0,-993.0,34,63.154,65.77,136.914,53.113,201.06,6.556
2010-12-19 13:15:00,15.0,135.0,282.0,40.0,149.0,374.0,0.0,58.0,-970.0,34,63.316,66.26,159.473,53.075,202.005,7.981
2010-12-19 13:30:00,19.0,164.0,282.0,47.0,180.0,385.0,0.0,58.0,-975.0,34,62.921,65.07,110.352,54.775,214.808,8.781
2010-12-19 13:45:00,20.0,176.0,283.0,49.0,194.0,391.0,0.0,58.0,-984.0,34,62.749,65.14,114.648,55.144,212.445,6.144
2010-12-19 14:00:00,12.0,101.0,282.0,30.0,114.0,379.0,0.0,58.0,-949.0,34,63.052,65.54,98.242,53.844,194.895,7.275
2010-12-19 14:15:00,6.0,45.0,283.0,16.0,58.0,365.0,0.0,57.0,-809.0,34,62.637,65.03,60.254,54.456,215.123,8.256
2010-12-19 14:30:00,7.0,54.0,282.0,18.0,64.0,361.0,0.0,57.0,-833.0,34,62.141,64.18,47.656,57.556,179.348,6.288
2010-12-19 14:45:00,21.0,183.0,284.0,50.0,201.0,396.0,0.0,59.0,985.0,34,61.402,63.46,94.141,60.706,168.683,6.369
2010-12-19 15:00:00,8.0,67.0,283.0,21.0,79.0,372.0,0.0,58.0,892.0,34,61.209,64.09,183.691,62.294,165.78,7.056
2010-12-19 15:15:00,11.0,90.0,284.0,27.0,103.0,376.0,0.0,57.0,930.0,34,60.713,63.07,73.53499999999998,64.469,168.975,5.919
2010-12-19 15:30:00,9.0,71.0,282.0,22.0,85.0,382.0,0.0,58.0,883.0,34,60.562,62.7,77.051,65.825,162.135,5.319
2010-12-19 15:45:00,7.0,47.0,283.0,16.0,59.0,369.0,0.0,57.0,795.0,34,60.45,62.33,52.441,66.963,158.175,4.637
2010-12-19 16:00:00,4.0,21.0,282.0,9.0,32.0,346.0,0.0,57.0,-551.0,34,59.964,61.62,36.035,68.381,163.913,4.506
2010-12-19 16:15:00,3.0,5.0,283.0,4.0,13.0,352.0,0.0,57.0,159.0,34,59.792,61.16,20.801,68.031,173.97,6.6
2010-12-19 16:30:00,0.0,-2.0,283.0,0.0,0.0,367.0,0.0,56.0,0.0,34,59.438,60.53,6.25,68.25,171.675,6.394
2010-12-19 16:45:00,3.0,-9.0,282.0,0.0,1.0,293.0,0.0,54.0,0.0,34,58.931,59.55,0.879,71.125,169.02,4.288
2010-12-19 17:00:00,0.0,-2.0,282.0,0.0,0.0,58.0,0.0,52.0,0.0,34,58.891,59.76,0.195,70.938,162.113,4.037
2010-12-19 17:15:00,0.0,-3.0,282.0,0.0,0.0,38.0,0.0,48.0,0.0,34,58.678,60.0,0.195,72.519,149.715,4.663
2010-12-19 17:30:00,0.0,-2.0,282.0,0.0,-2.0,31.0,0.0,46.0,0.0,34,58.628,60.21,0.098,70.719,155.475,3.819
2010-12-19 17:45:00,0.0,-2.0,282.0,0.0,0.0,28.0,0.0,44.0,0.0,34,58.962,60.02,0.195,68.119,186.975,5.581
2010-12-19 18:00:00,0.0,-2.0,283.0,0.0,0.0,27.0,0.0,43.0,0.0,34,59.225,59.86,0.098,68.588,177.255,6.306
2010-12-19 18:15:00,0.0,-2.0,283.0,0.0,0.0,24.0,0.0,42.0,0.0,34,58.861,58.96,0.195,70.506,181.913,6.769
2010-12-19 18:30:00,0.0,-2.0,283.0,0.0,-2.0,29.0,0.0,42.0,0.0,34,58.567,58.64,0.2929999999999999,70.444,202.657,6.806
2010-12-19 18:45:00,0.0,-2.0,283.0,0.0,-2.0,18.0,0.0,41.0,0.0,34,58.506,58.87,0.195,64.563,213.705,6.375
2010-12-02 06:00:00,0.0,-2.0,284.0,0.0,-2.0,78.0,0.0,31.0,0.0,34,33.356,26.85,0.0,38.544,293.558,1.625
2010-12-02 06:15:00,0.0,-2.0,283.0,0.0,-2.0,344.0,0.0,31.0,0.0,34,33.366,26.69,0.0,39.131,290.385,1.281
2010-12-02 06:30:00,3.0,-5.0,283.0,1.0,4.0,297.0,0.0,34.0,0.0,34,33.153,26.35,1.563,41.188,272.183,0.931
2010-12-02 06:45:00,3.0,8.0,283.0,5.0,16.0,320.0,0.0,34.0,239.0,34,32.566,25.54,6.836,44.7,260.865,0.781
2010-12-02 07:00:00,5.0,33.0,284.0,11.0,43.0,370.0,0.0,40.0,-714.0,34,32.333,25.1,13.672,46.419,272.363,0.4809999999999999
2010-12-02 07:15:00,8.0,66.0,283.0,19.0,79.0,412.0,0.0,50.0,-890.0,34,32.961,25.57,16.797,45.313,261.855,0.912
2010-12-02 07:30:00,14.0,128.0,284.0,33.0,145.0,428.0,0.0,57.0,-969.0,34,34.024,27.1,149.609,40.794,275.963,0.8559999999999999
2010-12-02 07:45:00,24.0,209.0,284.0,55.0,228.0,416.0,0.0,58.0,-987.0,34,35.755,34.46,226.758,35.713,303.03,0.975
2010-12-02 08:00:00,36.0,313.0,284.0,80.0,336.0,415.0,0.0,60.0,995.0,34,36.626,44.34,362.012,36.35,288.315,0.875
2010-12-02 08:15:00,29.0,256.0,283.0,66.0,278.0,417.0,0.0,59.0,-994.0,34,38.094,54.41,396.68,34.963,311.603,0.625
2010-12-02 08:30:00,38.0,326.0,284.0,86.0,352.0,404.0,0.0,58.0,995.0,34,39.593,60.73,443.652,31.219,297.967,1.106
2010-12-02 08:45:00,26.0,225.0,285.0,61.0,244.0,396.0,0.0,60.0,982.0,34,40.747,63.85,340.332,29.575,231.03,1.369
2010-12-02 09:00:00,62.0,538.0,285.0,143.0,573.0,400.0,0.0,61.0,997.0,34,41.506,62.29,504.492,29.044,213.953,0.631
2010-12-02 09:15:00,59.0,513.0,285.0,139.0,545.0,390.0,0.0,59.0,999.0,34,42.883,67.63,616.406,26.919,197.46,0.7119999999999999
2010-12-02 09:30:00,77.0,666.0,285.0,184.0,710.0,384.0,0.0,59.0,999.0,34,44.392,72.56999999999998,639.258,23.831,221.265,0.919
2010-12-02 09:45:00,81.0,699.0,285.0,198.0,739.0,374.0,0.0,59.0,-1000.0,34,45.475,77.09,717.676,22.106,216.585,0.875
2010-12-02 10:00:00,84.0,731.0,286.0,204.0,779.0,380.0,0.0,59.0,999.0,34,46.457,81.56999999999998,749.8049999999998,21.481,253.282,0.881
2010-12-02 10:15:00,88.0,761.0,287.0,216.0,808.0,373.0,0.0,59.0,999.0,34,47.642,81.12999999999998,776.465,21.425,166.207,1.269
2010-12-02 10:30:00,86.0,745.0,287.0,209.0,792.0,378.0,0.0,59.0,999.0,34,48.837,81.23999999999998,813.2809999999998,20.188,146.88,1.262
2010-12-02 10:45:00,91.0,787.0,287.0,225.0,837.0,371.0,0.0,58.0,-999.0,34,50.123,80.76,812.793,19.594,140.468,1.556
2010-12-02 11:00:00,92.0,796.0,287.0,229.0,847.0,369.0,0.0,59.0,999.0,34,51.004,79.09999999999998,839.551,18.931,112.883,1.288
2010-12-02 11:15:00,93.0,803.0,288.0,231.0,854.0,368.0,0.0,60.0,-999.0,34,52.117,76.06999999999998,845.215,18.194,138.69,1.762
2010-12-02 11:30:00,94.0,810.0,287.0,241.0,857.0,354.0,0.0,58.0,999.0,34,53.14,75.28,864.551,17.538,124.853,1.619
2010-12-02 11:45:00,93.0,807.0,288.0,236.0,857.0,363.0,0.0,60.0,999.0,34,54.193,80.31,876.855,16.931,111.69,1.338
2010-12-02 12:00:00,105.0,915.0,288.0,270.0,973.0,360.0,0.0,61.0,-999.0,34,55.357,79.79999999999998,926.27,16.306,107.955,1.962
2010-12-02 12:15:00,113.0,976.0,287.0,292.0,1036.0,354.0,0.0,59.0,999.0,34,56.815,80.2,1019.629,15.644,117.225,2.137
2010-12-02 12:30:00,92.0,800.0,287.0,237.0,850.0,357.0,0.0,60.0,999.0,34,57.909,82.34,949.512,15.019,114.098,2.181
2010-12-02 12:45:00,86.0,750.0,287.0,217.0,799.0,368.0,0.0,60.0,999.0,34,58.304,77.29999999999998,821.875,15.219,125.168,2.331
2010-12-02 13:00:00,82.0,714.0,287.0,209.0,757.0,362.0,0.0,59.0,999.0,34,58.091,77.9,772.2659999999998,15.419,110.565,1.7
2010-12-02 13:15:00,79.0,687.0,287.0,196.0,733.0,372.0,0.0,61.0,-999.0,34,58.061,75.5,762.109,15.506,113.467,1.894
2010-12-02 13:30:00,83.0,720.0,288.0,205.0,765.0,372.0,0.0,59.0,999.0,34,58.557,76.37,664.551,15.394,117.045,1.394
2010-12-02 13:45:00,73.0,638.0,287.0,182.0,677.0,371.0,0.0,60.0,-999.0,34,58.901,72.94,721.094,15.231,142.38,2.375
2010-12-02 14:00:00,71.0,618.0,287.0,176.0,656.0,371.0,0.0,60.0,-997.0,34,59.235,68.98,641.016,15.019,139.028,2.281
2010-12-02 14:15:00,72.0,627.0,287.0,176.0,669.0,378.0,0.0,58.0,999.0,34,59.61,70.36,700.488,15.125,142.83,2.025
2010-12-02 14:30:00,62.0,540.0,287.0,152.0,573.0,375.0,0.0,59.0,-999.0,34,60.369,72.89,634.57,14.763,148.838,1.631
2010-12-02 14:45:00,54.0,471.0,287.0,131.0,504.0,385.0,0.0,59.0,-997.0,34,60.784,72.45,579.883,14.387,125.707,1.813
2010-12-02 15:00:00,40.0,352.0,287.0,97.0,376.0,386.0,0.0,59.0,996.0,34,61.048,71.91,485.742,14.356,146.34,1.656
2010-12-02 15:15:00,27.0,236.0,286.0,66.0,255.0,382.0,0.0,59.0,994.0,34,60.602,68.7,402.441,14.819,162.54,1.756
2010-12-02 15:30:00,14.0,118.0,286.0,35.0,132.0,375.0,0.0,58.0,-956.0,34,59.519,66.12,253.516,15.406,144.158,1.406
2010-12-02 15:45:00,8.0,59.0,286.0,19.0,71.0,376.0,0.0,59.0,845.0,34,58.709,63.07,117.09,15.838,150.682,1.5
2010-12-02 16:00:00,6.0,41.0,285.0,13.0,52.0,389.0,0.0,58.0,774.0,34,58.233,60.61,47.656,16.038,169.538,1.469
2010-12-02 16:15:00,3.0,9.0,286.0,5.0,20.0,369.0,0.0,59.0,249.0,34,57.818,58.38,30.566,16.231,152.955,1.012
2010-12-02 16:30:00,3.0,-6.0,285.0,1.0,2.0,298.0,0.0,57.0,159.0,34,56.522,54.39,9.961,17.231,166.545,0.912
2010-12-02 16:45:00,0.0,-2.0,282.0,0.0,-2.0,264.0,0.0,55.0,0.0,34,54.892,49.41,1.172,19.331,164.993,0.162
2010-12-02 17:00:00,0.0,-2.0,283.0,0.0,-2.0,41.0,0.0,54.0,0.0,34,53.555,46.49,0.195,20.844,164.993,0.025
2010-12-02 17:15:00,0.0,-3.0,283.0,0.0,0.0,8.0,0.0,53.0,0.0,34,52.512,44.11,0.098,22.6,165.06,0.156
2010-12-02 17:30:00,0.0,-2.0,283.0,0.0,-2.0,8.0,0.0,52.0,0.0,34,51.449,42.47,0.098,23.925,165.33,0.519
2010-12-02 17:45:00,0.0,-2.0,283.0,0.0,-2.0,7.0,0.0,52.0,0.0,34,50.963,42.48,0.098,24.194,164.475,1.113
2010-12-02 18:00:00,0.0,-3.0,284.0,0.0,0.0,5.0,0.0,51.0,0.0,34,51.064,42.93,0.098,24.994,179.82,0.8249999999999998
2010-12-02 18:15:00,0.0,-2.0,284.0,0.0,0.0,9.0,0.0,50.0,0.0,34,50.487,42.59,0.098,25.588,213.638,0.8309999999999998
2010-12-02 18:30:00,0.0,-2.0,284.0,0.0,-2.0,7.0,0.0,49.0,0.0,34,50.062,42.45,0.0,25.894,215.37,0.969
2010-12-02 18:45:00,0.0,-2.0,284.0,0.0,-2.0,10.0,0.0,48.0,0.0,34,49.687,41.67,0.098,26.606,216.113,0.6059999999999999
2010-12-20 06:00:00,0.0,-2.0,281.0,0.0,0.0,9.0,0.0,31.0,0.0,34,52.411,53.01,0.098,69.725,169.043,8.711999999999998
2010-12-20 06:15:00,0.0,-3.0,283.0,0.0,-2.0,44.0,0.0,30.0,0.0,34,51.925,52.19,0.098,71.213,165.848,7.131
2010-12-20 06:30:00,0.0,-2.0,283.0,0.0,-2.0,256.0,0.0,30.0,0.0,34,51.864,52.2,0.098,72.044,170.1,8.086999999999998
2010-12-20 06:45:00,3.0,-7.0,283.0,1.0,4.0,297.0,0.0,31.0,0.0,34,51.874,52.51,0.684,72.313,165.577,7.663
2010-12-20 07:00:00,0.0,-3.0,283.0,0.0,-2.0,415.0,0.0,33.0,0.0,34,51.925,52.6,5.762,72.044,167.917,6.844
2010-12-20 07:15:00,4.0,24.0,283.0,9.0,35.0,354.0,0.0,37.0,580.0,34,51.965,52.58,16.895,71.469,172.102,7.131
2010-12-20 07:30:00,4.0,28.0,284.0,9.0,41.0,425.0,0.0,44.0,677.0,34,52.016,52.69,41.992,71.744,168.66,6.563
2010-12-20 07:45:00,5.0,29.0,284.0,9.0,43.0,426.0,0.0,51.0,687.0,34,52.583,54.07,49.609,71.325,170.37,6.638
2010-12-20 08:00:00,8.0,64.0,282.0,20.0,78.0,380.0,0.0,55.0,856.0,34,52.927,54.84,56.543,71.456,164.115,5.456
2010-12-20 08:15:00,6.0,45.0,282.0,16.0,58.0,370.0,0.0,55.0,790.0,34,53.403,55.14,45.313,71.569,167.063,6.069
2010-12-20 08:30:00,8.0,58.0,282.0,21.0,68.0,320.0,0.0,56.0,811.0,34,53.403,55.21,53.32,71.456,164.565,6.581
2010-12-20 08:45:00,13.0,109.0,283.0,38.0,122.0,322.0,0.0,57.0,941.0,34,53.636,55.75,86.03499999999998,70.806,164.7,6.944
2010-12-20 09:00:00,14.0,122.0,283.0,42.0,133.0,318.0,0.0,58.0,-957.0,34,54.142,56.65,124.512,70.163,164.092,6.662
2010-12-20 09:15:00,12.0,109.0,283.0,38.0,120.0,314.0,0.0,57.0,941.0,34,54.507,57.21,115.527,69.619,165.96,6.481
2010-12-20 09:30:00,11.0,97.0,283.0,34.0,109.0,321.0,0.0,57.0,922.0,34,54.78,57.61,95.898,68.044,166.568,6.625
2010-12-20 09:45:00,22.0,191.0,284.0,53.0,209.0,395.0,0.0,58.0,-986.0,34,55.013,58.36,141.406,66.438,169.717,6.275
2010-12-20 10:00:00,19.0,166.0,283.0,47.0,182.0,384.0,0.0,58.0,-976.0,34,55.742,59.5,147.656,64.481,168.503,6.844
2010-12-20 10:15:00,21.0,186.0,282.0,52.0,203.0,393.0,0.0,58.0,-985.0,34,56.117,59.91,159.473,63.713,172.665,5.769
2010-12-20 10:30:00,29.0,251.0,284.0,67.0,270.0,398.0,0.0,59.0,-994.0,34,56.37,60.18,170.801,64.419,171.068,7.306
2010-12-20 10:45:00,26.0,232.0,283.0,61.0,252.0,412.0,0.0,59.0,-994.0,34,56.4,60.31,176.953,65.988,168.075,6.6
2010-12-20 11:00:00,20.0,176.0,284.0,47.0,194.0,404.0,0.0,59.0,-977.0,34,56.582,60.98,145.898,65.281,172.35,5.3
2010-12-20 11:15:00,18.0,156.0,283.0,45.0,172.0,378.0,0.0,58.0,-966.0,34,57.018,61.31,162.598,63.769,172.305,5.5
2010-12-20 11:30:00,26.0,226.0,284.0,62.0,247.0,397.0,0.0,58.0,-993.0,34,57.271,60.45,152.344,62.988,164.723,6.494
2010-12-20 11:45:00,11.0,87.0,283.0,26.0,103.0,392.0,0.0,58.0,-915.0,34,57.362,59.4,105.762,65.256,164.273,5.569
2010-12-20 12:00:00,10.0,78.0,283.0,23.0,90.0,385.0,0.0,57.0,-906.0,34,56.562,57.37,66.406,72.2,163.8,3.738
2010-12-20 12:15:00,16.0,143.0,284.0,40.0,160.0,397.0,0.0,58.0,-972.0,34,56.036,56.41,81.543,74.68099999999998,164.678,3.025
2010-12-20 12:30:00,51.0,434.0,283.0,114.0,464.0,404.0,0.0,60.0,-996.0,34,56.461,58.36,245.605,75.019,180.022,2.512
2010-12-20 12:45:00,24.0,211.0,283.0,57.0,229.0,403.0,0.0,59.0,-987.0,34,57.403,62.41,244.922,73.59999999999998,185.603,2.325
2010-12-20 13:00:00,12.0,102.0,284.0,30.0,116.0,383.0,0.0,58.0,-938.0,34,57.372,61.74,106.641,74.131,211.433,1.3
2010-12-20 13:15:00,10.0,82.0,283.0,26.0,94.0,359.0,0.0,57.0,910.0,34,56.461,59.03,58.594,78.66299999999998,256.027,1.25
2010-12-20 13:30:00,24.0,209.0,283.0,57.0,226.0,396.0,0.0,59.0,993.0,34,55.286,57.26,81.44499999999998,84.519,233.393,0.625
2010-12-20 13:45:00,9.0,72.0,284.0,22.0,86.0,383.0,0.0,58.0,-885.0,34,55.6,58.66,97.07,83.98099999999998,250.47,0.675
2010-12-20 14:00:00,6.0,40.0,284.0,14.0,54.0,376.0,0.0,57.0,749.0,34,55.215,57.36,48.145,85.563,292.477,1.094
2010-12-20 14:15:00,8.0,62.0,284.0,20.0,72.0,362.0,0.0,58.0,851.0,34,54.385,55.24,31.641,89.881,297.428,1.181
2010-12-20 14:30:00,10.0,85.0,283.0,26.0,97.0,366.0,0.0,58.0,912.0,34,53.98,54.83,58.789,91.863,25.38,0.2999999999999999
2010-12-20 14:45:00,8.0,60.0,284.0,19.0,71.0,379.0,0.0,58.0,-865.0,34,54.031,54.72,61.719,92.313,112.297,1.2
2010-12-20 15:00:00,8.0,60.0,284.0,19.0,72.0,386.0,0.0,57.0,-848.0,34,53.909,54.71,59.082,91.794,81.765,1.6
2010-12-20 15:15:00,4.0,24.0,283.0,9.0,35.0,387.0,0.0,57.0,599.0,34,53.879,54.41,44.238,92.063,133.538,2.05
2010-12-20 15:30:00,4.0,25.0,284.0,9.0,36.0,383.0,0.0,57.0,-612.0,34,53.94,54.04,23.535,91.894,148.365,2.056
2010-12-20 15:45:00,4.0,20.0,284.0,8.0,31.0,378.0,0.0,57.0,499.0,34,53.616,53.63,32.91,94.15,161.078,1.288
2010-12-20 16:00:00,3.0,2.0,284.0,4.0,12.0,319.0,0.0,56.0,-79.0,34,53.565,53.4,15.234,94.338,120.398,0.65
2010-12-20 16:15:00,0.0,-3.0,282.0,0.0,-2.0,368.0,0.0,55.0,0.0,34,53.342,52.57,4.688,94.606,91.148,1.606
2010-12-20 16:30:00,3.0,-9.0,283.0,0.0,1.0,294.0,0.0,54.0,0.0,34,53.008,52.04,0.684,95.319,298.755,1.881
2010-12-20 16:45:00,0.0,-2.0,283.0,0.0,-2.0,146.0,0.0,51.0,0.0,34,52.411,51.8,0.2929999999999999,97.012,302.287,2.6
2010-12-20 17:00:00,0.0,-3.0,281.0,0.0,-2.0,57.0,0.0,48.0,0.0,34,51.358,51.04,0.098,95.263,305.393,5.813
2010-12-20 17:15:00,0.0,-2.0,281.0,0.0,-2.0,48.0,0.0,45.0,0.0,34,49.009,49.44,0.098,94.988,302.4,4.906
2010-12-20 17:30:00,0.0,-2.0,283.0,0.0,-2.0,45.0,0.0,44.0,0.0,34,48.736,48.99,0.098,95.863,297.743,2.425
2010-12-20 17:45:00,0.0,-2.0,283.0,0.0,0.0,45.0,0.0,43.0,0.0,34,49.1,48.74,0.0,95.569,302.76,1.575
2010-12-20 18:00:00,0.0,-3.0,283.0,0.0,-2.0,43.0,0.0,42.0,0.0,34,49.525,48.5,0.0,95.694,266.22,1.031
2010-12-20 18:15:00,0.0,-2.0,283.0,0.0,0.0,41.0,0.0,41.0,0.0,34,49.93,48.44,0.0,95.438,230.535,1.725
2010-12-20 18:30:00,0.0,-3.0,283.0,0.0,-2.0,37.0,0.0,41.0,0.0,34,49.94,48.43,0.0,95.694,222.435,1.481
2010-12-20 18:45:00,0.0,-2.0,284.0,0.0,-2.0,46.0,0.0,40.0,0.0,34,49.94,48.41,0.0,96.087,246.015,1.262
2010-12-21 06:00:00,0.0,-2.0,283.0,0.0,-2.0,22.0,0.0,31.0,0.0,34,49.93,48.46,0.0,88.781,127.845,1.294
2010-12-21 06:15:00,0.0,-2.0,282.0,0.0,-2.0,36.0,0.0,30.0,0.0,34,49.91,48.84,0.0,85.30599999999998,170.64,2.463
2010-12-21 06:30:00,0.0,-2.0,281.0,0.0,-2.0,204.0,0.0,30.0,0.0,34,50.436,48.88,0.0,80.369,177.503,3.306
2010-12-21 06:45:00,0.0,-2.0,282.0,0.0,-2.0,342.0,0.0,30.0,0.0,34,50.214,49.26,0.098,85.825,153.54,1.156
2010-12-21 07:00:00,0.0,-2.0,282.0,0.0,0.0,401.0,0.0,34.0,0.0,34,49.971,48.92,0.0,84.244,179.505,2.406
2010-12-21 07:15:00,3.0,-2.0,282.0,2.0,8.0,303.0,0.0,34.0,0.0,34,50.436,49.0,4.59,80.581,177.75,3.275
2010-12-21 07:30:00,3.0,10.0,283.0,6.0,20.0,306.0,0.0,34.0,307.0,34,50.669,49.43,9.473,79.694,166.95,3.169
2010-12-21 07:45:00,4.0,24.0,283.0,10.0,32.0,322.0,0.0,39.0,580.0,34,50.558,49.72,13.965,83.187,125.663,1.656
2010-12-21 08:00:00,4.0,21.0,282.0,9.0,32.0,351.0,0.0,44.0,551.0,34,50.649,49.76,20.898,80.96899999999998,151.38,1.769
2010-12-21 08:15:00,7.0,52.0,283.0,17.0,64.0,371.0,0.0,51.0,847.0,34,51.024,50.08,31.543,78.28799999999998,175.095,2.262
2010-12-21 08:30:00,6.0,47.0,282.0,16.0,58.0,365.0,0.0,53.0,813.0,34,51.439,50.8,35.449,77.0,169.583,3.306
2010-12-21 08:45:00,11.0,91.0,282.0,30.0,102.0,339.0,0.0,56.0,918.0,34,51.479,51.28,49.902,79.406,152.573,2.475
2010-12-21 09:00:00,9.0,74.0,282.0,24.0,87.0,359.0,0.0,57.0,886.0,34,51.449,51.7,72.363,82.656,141.592,2.837
2010-12-21 09:15:00,10.0,79.0,281.0,22.0,91.0,398.0,0.0,57.0,921.0,34,51.459,51.61,43.457,81.938,139.388,3.887
2010-12-21 09:30:00,14.0,122.0,283.0,38.0,135.0,349.0,0.0,57.0,-957.0,34,51.368,51.44,66.211,82.138,135.428,3.194
2010-12-21 09:45:00,18.0,153.0,283.0,42.0,168.0,401.0,0.0,58.0,974.0,34,51.105,51.56,77.051,82.569,133.695,2.737
2010-12-21 10:00:00,18.0,162.0,283.0,47.0,176.0,375.0,0.0,58.0,-975.0,34,51.429,52.04,97.363,82.275,134.775,3.506
2010-12-21 10:15:00,21.0,180.0,283.0,50.0,198.0,393.0,0.0,59.0,-978.0,34,51.975,52.98,119.238,81.53799999999998,154.755,4.069
2010-12-21 10:30:00,13.0,112.0,282.0,31.0,125.0,395.0,0.0,58.0,953.0,34,52.289,53.09,87.5,81.131,156.038,4.506
2010-12-21 10:45:00,19.0,164.0,281.0,46.0,179.0,391.0,0.0,59.0,-983.0,34,51.996,53.02,93.066,81.4,156.06,4.875
2010-12-21 11:00:00,13.0,110.0,282.0,30.0,125.0,405.0,0.0,58.0,-953.0,34,52.381,53.96,89.453,80.081,161.91,3.887
2010-12-21 11:15:00,10.0,82.0,282.0,25.0,95.0,380.0,0.0,58.0,-910.0,34,52.624,53.92,61.035,80.644,161.663,3.7
2010-12-21 11:30:00,10.0,86.0,283.0,27.0,98.0,361.0,0.0,57.0,-914.0,34,52.279,52.87,60.059,82.10599999999998,159.075,4.125
2010-12-21 11:45:00,16.0,137.0,283.0,39.0,152.0,389.0,0.0,59.0,-971.0,34,51.905,52.38,74.02299999999998,84.331,153.945,3.188
2010-12-21 12:00:00,16.0,143.0,284.0,38.0,156.0,404.0,0.0,58.0,972.0,34,52.229,53.03,87.20699999999998,84.54999999999998,164.385,3.231
2010-12-21 12:15:00,14.0,128.0,283.0,37.0,143.0,384.0,0.0,58.0,969.0,34,52.644,53.3,86.71899999999998,83.944,157.568,3.625
2010-12-21 12:30:00,18.0,157.0,283.0,44.0,174.0,397.0,0.0,59.0,-974.0,34,52.269,52.82,83.49599999999998,85.03799999999998,159.975,5.206
2010-12-21 12:45:00,25.0,218.0,283.0,59.0,237.0,397.0,0.0,59.0,987.0,34,52.219,53.07,115.918,87.33799999999998,144.158,3.194
2010-12-21 13:00:00,21.0,187.0,284.0,50.0,206.0,409.0,0.0,58.0,985.0,34,51.975,53.27,135.645,89.619,125.663,2.181
2010-12-21 13:15:00,18.0,163.0,284.0,46.0,179.0,388.0,0.0,59.0,975.0,34,51.945,53.39,112.012,89.59999999999998,133.965,2.206
2010-12-21 13:30:00,15.0,130.0,284.0,35.0,145.0,408.0,0.0,58.0,960.0,34,51.945,52.75,91.211,88.194,141.008,2.713
2010-12-21 13:45:00,12.0,105.0,284.0,31.0,120.0,383.0,0.0,58.0,939.0,34,51.844,52.26,71.289,89.831,139.725,2.769
2010-12-21 14:00:00,13.0,109.0,284.0,32.0,122.0,383.0,0.0,59.0,952.0,34,51.652,52.03,72.06999999999998,90.762,133.245,2.594
2010-12-21 14:15:00,11.0,95.0,283.0,29.0,109.0,372.0,0.0,58.0,-934.0,34,51.611,52.16,67.773,91.475,112.478,2.069
2010-12-21 14:30:00,8.0,60.0,283.0,19.0,72.0,385.0,0.0,58.0,-865.0,34,51.409,51.65,45.313,92.113,128.115,1.962
2010-12-21 14:45:00,7.0,51.0,284.0,17.0,60.0,358.0,0.0,57.0,-808.0,34,51.064,51.17,38.867,93.313,114.413,1.381
2010-12-21 15:00:00,6.0,40.0,285.0,14.0,52.0,373.0,0.0,57.0,-769.0,34,50.963,51.19,34.18,94.163,121.5,1.075
2010-12-21 15:15:00,5.0,29.0,285.0,11.0,40.0,344.0,0.0,57.0,646.0,34,51.024,50.95,24.902,94.219,120.038,1.65
2010-12-21 15:30:00,6.0,48.0,285.0,15.0,62.0,406.0,0.0,58.0,818.0,34,50.75,50.64,30.762,94.481,131.94,1.881
2010-12-21 15:45:00,7.0,55.0,284.0,18.0,66.0,355.0,0.0,57.0,819.0,34,50.852,50.92,39.551,94.844,112.86,1.225
2010-12-21 16:00:00,5.0,37.0,283.0,13.0,47.0,367.0,0.0,57.0,-736.0,34,51.024,51.03,37.012,94.206,82.17,1.55
2010-12-21 16:15:00,3.0,13.0,283.0,6.0,22.0,373.0,0.0,56.0,370.0,34,51.024,50.9,21.973,94.331,117.225,1.094
2010-12-21 16:30:00,2.0,-2.0,282.0,2.0,6.0,305.0,0.0,56.0,0.0,34,50.923,50.33,9.863,94.081,92.655,1.538
2010-12-21 16:45:00,0.0,-2.0,282.0,0.0,-2.0,254.0,0.0,54.0,0.0,34,50.781,49.81,1.563,93.781,52.357,1.438
2010-12-21 17:00:00,0.0,-2.0,283.0,0.0,-2.0,73.0,0.0,51.0,0.0,34,50.923,49.7,0.0,94.119,76.76999999999998,1.15
2010-12-21 17:15:00,0.0,-3.0,285.0,0.0,-2.0,23.0,0.0,47.0,0.0,34,51.024,49.55,0.0,94.256,53.753,1.15
2010-12-21 17:30:00,0.0,-2.0,285.0,0.0,-2.0,37.0,0.0,45.0,0.0,34,50.923,49.41,0.0,94.875,61.762,1.069
2010-12-21 17:45:00,0.0,-3.0,285.0,0.0,0.0,43.0,0.0,44.0,0.0,34,50.923,49.48,0.0,95.406,147.263,1.444
2010-12-21 18:00:00,0.0,-2.0,284.0,0.0,-2.0,41.0,0.0,43.0,0.0,34,50.71,49.49,0.0,95.612,204.728,1.956
2010-12-21 18:15:00,0.0,-3.0,285.0,0.0,0.0,44.0,0.0,42.0,0.0,34,50.507,49.53,0.098,96.6,96.098,2.025
2010-12-21 18:30:00,0.0,-3.0,285.0,0.0,-2.0,46.0,0.0,41.0,0.0,34,50.416,49.51,0.0,97.431,84.623,1.4
2010-12-21 18:45:00,0.0,-3.0,285.0,0.0,-2.0,41.0,0.0,40.0,0.0,34,50.426,49.55,0.0,97.375,92.295,1.462
2010-12-22 06:00:00,0.0,-2.0,284.0,0.0,-2.0,43.0,0.0,31.0,0.0,34,50.841,49.88,0.0,99.169,60.098,1.481
2010-12-22 06:15:00,0.0,-2.0,282.0,0.0,-2.0,44.0,0.0,30.0,0.0,34,50.841,49.85,0.0,99.456,64.935,1.25
2010-12-22 06:30:00,0.0,-2.0,281.0,0.0,-2.0,97.0,0.0,30.0,0.0,34,50.923,49.82,0.0,99.506,71.348,1.238
2010-12-22 06:45:00,0.0,-2.0,282.0,0.0,-2.0,275.0,0.0,30.0,0.0,34,50.912,49.87,0.0,99.531,76.253,1.587
2010-12-22 07:00:00,3.0,-7.0,282.0,0.0,2.0,295.0,0.0,30.0,0.0,34,50.7,49.9,0.5859999999999999,99.525,84.78,1.987
2010-12-22 07:15:00,0.0,-3.0,284.0,0.0,-2.0,399.0,0.0,33.0,0.0,34,50.659,49.9,2.539,99.525,113.58,2.075
2010-12-22 07:30:00,3.0,2.0,284.0,3.0,10.0,340.0,0.0,36.0,0.0,34,50.659,49.89,6.836,99.525,84.33,2.1
2010-12-22 07:45:00,3.0,9.0,285.0,5.0,18.0,367.0,0.0,42.0,269.0,34,50.568,49.98,12.988,99.525,82.53,2.431
2010-12-22 08:00:00,4.0,22.0,285.0,8.0,32.0,381.0,0.0,47.0,566.0,34,50.659,50.09,19.922,99.525,102.487,2.806
2010-12-22 08:15:00,4.0,22.0,285.0,9.0,33.0,362.0,0.0,51.0,585.0,34,50.659,50.35,29.883,99.525,81.81,2.737
2010-12-22 08:30:00,4.0,28.0,285.0,10.0,40.0,368.0,0.0,52.0,-656.0,34,50.69,50.74,26.563,99.531,91.575,1.575
2010-12-22 08:45:00,4.0,22.0,284.0,10.0,33.0,338.0,0.0,53.0,566.0,34,50.933,50.94,26.172,99.506,112.77,1.038
2010-12-22 09:00:00,4.0,27.0,283.0,10.0,35.0,327.0,0.0,53.0,605.0,34,50.902,50.94,22.559,99.5,133.065,1.219
2010-12-22 09:15:00,6.0,44.0,283.0,16.0,55.0,343.0,0.0,54.0,767.0,34,51.135,51.31,36.816,99.494,108.653,1.106
2010-12-22 09:30:00,5.0,33.0,283.0,13.0,43.0,318.0,0.0,55.0,675.0,34,51.54,51.75,40.332,99.106,84.128,1.194
2010-12-22 09:45:00,5.0,37.0,283.0,15.0,48.0,312.0,0.0,55.0,717.0,34,51.54,51.53,34.57,98.788,92.97,1.25
2010-12-22 10:00:00,5.0,39.0,284.0,15.0,48.0,312.0,0.0,55.0,724.0,34,51.53,51.6,34.18,98.931,119.52,1.369
2010-12-22 10:15:00,5.0,36.0,284.0,13.0,45.0,337.0,0.0,55.0,710.0,34,51.469,51.58,34.766,99.2,136.778,2.081
2010-12-22 10:30:00,7.0,56.0,284.0,20.0,67.0,325.0,0.0,56.0,-823.0,34,51.489,51.66,51.66,98.956,127.17,2.131
2010-12-22 10:45:00,8.0,68.0,282.0,25.0,79.0,318.0,0.0,56.0,879.0,34,51.54,51.73,56.836,98.456,128.452,3.094
2010-12-22 11:00:00,9.0,71.0,283.0,26.0,82.0,312.0,0.0,57.0,868.0,34,51.641,51.95,71.582,97.556,130.95,3.738
2010-12-22 11:15:00,9.0,74.0,283.0,26.0,85.0,330.0,0.0,56.0,886.0,34,51.905,52.09,57.91,95.831,137.992,3.975
2010-12-22 11:30:00,12.0,99.0,284.0,31.0,114.0,358.0,0.0,57.0,-924.0,34,51.925,52.07,72.06999999999998,95.975,130.298,3.537
2010-12-22 11:45:00,10.0,87.0,284.0,26.0,99.0,379.0,0.0,57.0,-915.0,34,51.925,52.35,72.852,95.7,121.635,2.175
2010-12-22 12:00:00,24.0,213.0,285.0,57.0,232.0,405.0,0.0,59.0,-987.0,34,51.925,52.48,91.309,94.663,103.59,3.413
2010-12-22 12:15:00,16.0,145.0,284.0,41.0,162.0,394.0,0.0,59.0,981.0,34,52.573,53.5,142.578,92.856,141.232,3.725
2010-12-22 12:30:00,10.0,86.0,285.0,25.0,101.0,396.0,0.0,58.0,-914.0,34,52.745,53.25,80.46899999999998,93.056,143.28,2.9
2010-12-22 12:45:00,14.0,118.0,283.0,34.0,133.0,385.0,0.0,58.0,-956.0,34,52.664,53.1,88.18399999999998,93.156,126.405,3.506
2010-12-22 13:00:00,19.0,166.0,283.0,47.0,180.0,384.0,0.0,59.0,-983.0,34,52.664,53.42,132.813,93.244,126.315,2.931
2010-12-22 13:15:00,21.0,184.0,284.0,52.0,201.0,385.0,0.0,58.0,-985.0,34,52.735,53.92,128.027,92.487,103.725,2.625
2010-12-22 13:30:00,16.0,139.0,285.0,38.0,153.0,396.0,0.0,58.0,-971.0,34,53.383,55.39,161.816,91.275,101.678,1.875
2010-12-22 13:45:00,15.0,129.0,285.0,36.0,144.0,397.0,0.0,58.0,-969.0,34,53.869,55.22,104.883,90.794,132.66,1.925
2010-12-22 14:00:00,9.0,68.0,285.0,21.0,82.0,379.0,0.0,58.0,879.0,34,53.606,54.34,71.387,90.369,136.237,2.931
2010-12-22 14:15:00,5.0,33.0,285.0,11.0,44.0,370.0,0.0,58.0,694.0,34,53.039,53.28,45.898,91.456,142.2,3.063
2010-12-22 14:30:00,4.0,16.0,283.0,7.0,28.0,387.0,0.0,57.0,-444.0,34,52.573,52.33,25.098,93.119,125.415,2.387
2010-12-22 14:45:00,3.0,8.0,285.0,5.0,20.0,363.0,0.0,57.0,230.0,34,51.996,51.55,18.457,94.994,139.883,1.388
2010-12-22 15:00:00,3.0,6.0,285.0,4.0,16.0,326.0,0.0,56.0,199.0,34,51.894,51.37,11.523,96.156,129.51,2.069
2010-12-22 15:15:00,3.0,8.0,284.0,5.0,17.0,336.0,0.0,56.0,-230.0,34,51.56,51.02,13.574,97.363,92.295,2.656
2010-12-22 15:30:00,4.0,20.0,285.0,8.0,29.0,351.0,0.0,56.0,517.0,34,51.449,50.75,19.141,97.744,70.403,2.006
2010-12-22 15:45:00,3.0,16.0,284.0,7.0,25.0,371.0,0.0,56.0,428.0,34,51.449,50.9,23.242,97.394,110.88,2.075
2010-12-22 16:00:00,3.0,9.0,284.0,5.0,20.0,360.0,0.0,56.0,-269.0,34,51.439,50.45,17.676,97.05,99.045,1.637
2010-12-22 16:15:00,3.0,-5.0,283.0,1.0,4.0,296.0,0.0,56.0,119.0,34,51.469,50.07,0.0,97.156,74.857,1.525
2010-12-22 16:30:01,0.0,-3.0,284.0,0.0,-2.0,340.0,0.0,53.0,0.0,34,,,,,,
2010-12-22 16:45:00,0.0,-2.0,284.0,0.0,-2.0,271.0,0.0,52.0,0.0,34,51.277,49.66,0.098,97.306,183.847,2.237
2010-12-22 17:00:00,0.0,-3.0,283.0,0.0,0.0,76.0,0.0,48.0,0.0,34,50.953,49.43,0.0,97.819,197.977,1.619
2010-12-22 17:15:00,0.0,-2.0,283.0,0.0,0.0,42.0,0.0,45.0,0.0,34,50.781,49.3,0.0,97.506,102.015,2.194
2010-12-22 17:30:00,0.0,-2.0,283.0,0.0,-2.0,44.0,0.0,43.0,0.0,34,50.588,49.48,0.0,97.975,127.17,3.094
2010-12-22 17:45:00,0.0,-2.0,283.0,0.0,0.0,46.0,0.0,42.0,0.0,34,50.031,49.73,0.0,98.519,113.175,3.131
2010-12-22 18:00:00,0.0,-3.0,284.0,0.0,-2.0,42.0,0.0,41.0,0.0,34,50.376,49.68,0.0,96.744,179.618,2.706
2010-12-22 18:15:00,0.0,-3.0,285.0,0.0,-2.0,42.0,0.0,40.0,0.0,34,50.517,49.54,0.0,93.994,168.728,3.725
2010-12-22 18:30:00,0.0,-3.0,284.0,0.0,-2.0,44.0,0.0,40.0,0.0,34,50.376,49.61,0.0,94.444,156.713,3.244
2010-12-22 18:45:00,0.0,-2.0,285.0,0.0,-2.0,43.0,0.0,39.0,0.0,34,50.204,49.51,0.0,93.45,123.863,1.9
2010-12-23 06:00:00,0.0,-3.0,283.0,0.0,-2.0,13.0,0.0,30.0,0.0,34,44.939,41.98,0.0,99.313,146.003,0.681
2010-12-23 06:15:00,0.0,-2.0,283.0,0.0,-2.0,71.0,0.0,30.0,0.0,34,44.858,44.25,0.0,99.5,113.873,1.256
2010-12-23 06:30:00,0.0,-3.0,283.0,0.0,-2.0,326.0,0.0,30.0,0.0,34,44.645,44.99,0.0,99.494,155.7,0.881
2010-12-23 06:45:00,3.0,-5.0,283.0,1.0,4.0,297.0,0.0,32.0,0.0,34,44.129,42.03,1.172,99.494,276.39,0.506
2010-12-23 07:00:00,3.0,5.0,283.0,4.0,13.0,316.0,0.0,33.0,0.0,34,43.744,40.28,6.25,99.494,286.717,1.256
2010-12-23 07:15:00,4.0,27.0,284.0,11.0,36.0,320.0,0.0,37.0,588.0,34,44.017,39.62,12.598,99.494,319.275,1.288
2010-12-23 07:30:00,9.0,72.0,284.0,23.0,85.0,365.0,0.0,45.0,885.0,34,44.291,39.57,18.066,99.5,333.113,0.9
2010-12-23 07:45:00,18.0,156.0,283.0,40.0,172.0,422.0,0.0,57.0,974.0,34,44.999,41.19,111.328,99.5,263.16,0.969
2010-12-23 08:00:00,24.0,211.0,283.0,56.0,230.0,412.0,0.0,59.0,-987.0,34,45.688,46.35,188.867,99.5,262.778,1.494
2010-12-23 08:15:00,25.0,216.0,284.0,55.0,236.0,426.0,0.0,58.0,987.0,34,46.214,50.5,322.266,99.506,152.392,1.231
2010-12-23 08:30:00,42.0,363.0,284.0,93.0,388.0,416.0,0.0,59.0,996.0,34,46.974,54.97,319.531,99.469,168.863,1.269
2010-12-23 08:45:00,51.0,438.0,284.0,113.0,469.0,413.0,0.0,60.0,-996.0,34,47.713,57.37,386.426,99.269,164.408,0.65
2010-12-23 09:00:00,52.0,446.0,283.0,116.0,477.0,409.0,0.0,59.0,996.0,34,48.644,57.25,449.512,98.756,87.12,0.656
2010-12-23 09:15:00,73.0,630.0,283.0,167.0,670.0,399.0,0.0,57.0,999.0,34,49.282,60.8,492.187,97.075,98.617,0.8559999999999999
2010-12-23 09:30:00,81.0,698.0,284.0,188.0,743.0,395.0,0.0,60.0,-999.0,34,49.829,66.32,487.305,95.156,148.343,0.688
2010-12-23 09:45:00,66.0,564.0,284.0,152.0,602.0,393.0,0.0,58.0,-997.0,34,50.791,69.21,587.109,90.813,211.95,1.35
2010-12-23 10:00:00,95.0,819.0,285.0,230.0,872.0,376.0,0.0,59.0,-999.0,34,51.763,75.06999999999998,692.578,84.29399999999998,304.268,1.731
2010-12-23 10:15:00,28.0,245.0,284.0,66.0,267.0,405.0,0.0,60.0,-994.0,34,52.603,75.48,363.77,81.18099999999998,221.018,1.613
2010-12-23 10:30:00,29.0,249.0,283.0,69.0,270.0,390.0,0.0,58.0,-989.0,34,52.37,67.52,221.289,80.72499999999998,286.83,1.444
2010-12-23 10:45:00,104.0,889.0,284.0,253.0,946.0,373.0,0.0,60.0,-999.0,34,52.998,67.98,587.891,79.66299999999998,311.535,0.813
2010-12-23 11:00:00,109.0,931.0,284.0,269.0,990.0,367.0,0.0,61.0,-999.0,34,54.142,81.17,840.1369999999998,73.92499999999998,293.625,1.687
2010-12-23 11:15:00,23.0,199.0,283.0,55.0,217.0,390.0,0.0,60.0,-993.0,34,55.124,84.42,453.223,70.919,242.573,1.481
2010-12-23 11:30:00,119.0,1019.0,285.0,293.0,1082.0,368.0,0.0,60.0,-1000.0,34,55.469,80.15999999999998,815.332,70.419,199.868,0.931
2010-12-23 11:45:00,120.0,1035.0,286.0,307.0,1101.0,358.0,0.0,59.0,-999.0,34,56.886,90.03,978.613,65.656,200.183,1.863
2010-12-23 12:00:00,93.0,796.0,285.0,229.0,846.0,367.0,0.0,59.0,-1000.0,34,57.868,93.04,727.539,63.513,280.058,1.919
2010-12-23 12:15:00,98.0,842.0,285.0,238.0,896.0,375.0,0.0,59.0,-1000.0,34,57.524,84.31999999999998,617.773,64.15,213.593,1.356
2010-12-23 12:30:00,90.0,768.0,284.0,226.0,815.0,359.0,0.0,58.0,-999.0,34,57.261,87.73999999999998,835.938,63.731,244.238,2.006
2010-12-23 12:45:00,89.0,764.0,284.0,220.0,811.0,367.0,0.0,60.0,-999.0,34,57.301,89.51,807.715,63.05,213.165,1.725
2010-12-23 13:00:00,99.0,850.0,286.0,246.0,904.0,368.0,0.0,60.0,-999.0,34,57.949,92.8,825.488,61.381,211.163,1.663
2010-12-23 13:15:00,36.0,317.0,285.0,90.0,337.0,372.0,0.0,60.0,995.0,34,58.739,91.41,500.488,58.944,265.523,2.031
2010-12-23 13:30:00,80.0,687.0,285.0,194.0,731.0,375.0,0.0,61.0,-999.0,34,57.99,81.36,625.293,59.6,200.925,1.831
2010-12-23 13:45:00,77.0,664.0,285.0,187.0,707.0,378.0,0.0,59.0,999.0,34,58.344,79.04999999999998,704.004,61.45,148.073,1.831
2010-12-23 14:00:00,72.0,616.0,284.0,174.0,658.0,376.0,0.0,59.0,-999.0,34,58.587,74.84999999999998,667.773,60.075,123.48,1.019
2010-12-23 14:15:00,66.0,565.0,284.0,158.0,603.0,381.0,0.0,58.0,997.0,34,58.658,69.94,645.02,60.794,113.715,2.4
2010-12-23 14:30:00,12.0,97.0,284.0,28.0,110.0,394.0,0.0,58.0,-922.0,34,58.253,68.12,199.512,60.944,82.102,1.475
2010-12-23 14:45:00,13.0,112.0,284.0,32.0,125.0,389.0,0.0,59.0,953.0,34,56.916,60.9,71.387,63.513,108.922,0.813
2010-12-23 15:00:00,9.0,70.0,285.0,21.0,82.0,382.0,0.0,58.0,-881.0,34,56.582,58.98,115.234,63.906,99.225,0.4809999999999999
2010-12-23 15:15:00,25.0,220.0,285.0,59.0,237.0,401.0,0.0,59.0,987.0,34,56.39,59.99,286.816,63.763,93.735,1.094
2010-12-23 15:30:00,15.0,133.0,284.0,38.0,148.0,391.0,0.0,59.0,970.0,34,56.481,62.97,281.055,63.394,74.51999999999998,0.569
2010-12-23 15:45:00,4.0,25.0,284.0,9.0,36.0,376.0,0.0,57.0,612.0,34,56.238,62.25,77.539,64.006,173.228,0.788
2010-12-23 16:00:00,6.0,43.0,285.0,15.0,52.0,353.0,0.0,57.0,780.0,34,55.783,57.02,30.273,67.319,157.433,0.656
2010-12-23 16:15:00,3.0,16.0,285.0,7.0,25.0,351.0,0.0,57.0,428.0,34,55.914,56.26,33.594,68.869,147.623,1.956
2010-12-23 16:30:00,3.0,-2.0,284.0,2.0,6.0,303.0,0.0,57.0,0.0,34,55.691,56.15,12.598,71.1,157.635,1.994
2010-12-23 16:45:00,0.0,-3.0,283.0,0.0,-2.0,360.0,0.0,56.0,0.0,34,54.952,55.18,4.395,73.95,157.68,0.981
2010-12-23 17:00:00,0.0,-3.0,284.0,0.0,-2.0,108.0,0.0,56.0,0.0,34,54.102,52.6,0.2929999999999999,76.194,177.165,0.2059999999999999
2010-12-23 17:15:00,0.0,-2.0,283.0,0.0,0.0,20.0,0.0,54.0,0.0,34,53.93,50.95,0.098,76.09999999999998,199.823,0.225
2010-12-23 17:30:00,0.0,-3.0,285.0,0.0,-2.0,12.0,0.0,52.0,0.0,34,53.656,49.27,0.098,77.194,211.86,0.3619999999999999
2010-12-23 17:45:00,0.0,-2.0,285.0,0.0,0.0,10.0,0.0,51.0,0.0,34,53.099,48.26,0.098,78.444,206.055,0.325
2010-12-23 18:00:00,0.0,-2.0,285.0,0.0,0.0,9.0,0.0,51.0,0.0,34,52.654,47.69,0.195,79.125,213.705,0.638
2010-12-23 18:15:00,0.0,-2.0,285.0,0.0,0.0,6.0,0.0,49.0,0.0,34,51.955,45.86,0.098,80.763,217.058,0.025
2010-12-23 18:30:00,0.0,-2.0,285.0,0.0,0.0,5.0,0.0,48.0,0.0,34,51.439,43.55,0.195,84.30599999999998,256.725,0.056
2010-12-23 18:45:00,0.0,-3.0,285.0,0.0,0.0,5.0,0.0,47.0,0.0,34,50.912,43.36,0.098,84.97499999999998,341.685,0.512
2010-12-24 06:00:00,0.0,-2.0,282.0,0.0,0.0,15.0,0.0,32.0,0.0,34,39.917,31.73,0.0,93.887,271.62,0.162
2010-12-24 06:15:00,0.0,-3.0,282.0,0.0,-2.0,89.0,0.0,32.0,0.0,34,39.046,30.44,0.0,94.181,271.598,0.188
2010-12-24 06:30:00,0.0,-3.0,282.0,0.0,-2.0,345.0,0.0,32.0,0.0,34,38.337,29.79,0.098,94.488,271.62,0.2059999999999999
2010-12-24 06:45:00,3.0,-3.0,283.0,1.0,5.0,298.0,0.0,34.0,0.0,34,37.558,28.88,1.563,95.144,271.62,0.4879999999999999
2010-12-24 07:00:00,3.0,10.0,282.0,6.0,18.0,306.0,0.0,35.0,307.0,34,37.831,29.07,7.519999999999999,96.775,273.96,0.7059999999999998
2010-12-24 07:15:00,6.0,45.0,283.0,14.0,55.0,383.0,0.0,41.0,829.0,34,38.347,29.94,13.867,96.606,279.585,0.2059999999999999
2010-12-24 07:30:00,11.0,89.0,284.0,25.0,103.0,413.0,0.0,52.0,929.0,34,38.692,30.21,0.0,96.406,292.838,0.219
2010-12-24 07:45:00,15.0,129.0,285.0,39.0,143.0,364.0,0.0,57.0,969.0,34,39.643,31.38,104.492,97.063,308.497,0.888
2010-12-24 08:00:00,22.0,190.0,283.0,48.0,209.0,434.0,0.0,58.0,-985.0,34,41.04,37.54,278.809,94.313,296.955,1.531
2010-12-24 08:15:00,33.0,284.0,285.0,71.0,307.0,430.0,0.0,59.0,995.0,34,41.952,46.34,335.547,92.544,196.965,0.512
2010-12-24 08:30:00,44.0,378.0,285.0,97.0,403.0,415.0,0.0,58.0,-999.0,34,43.339,52.97,397.656,88.512,282.69,1.706
2010-12-24 08:45:00,53.0,459.0,283.0,118.0,491.0,414.0,0.0,58.0,999.0,34,44.736,57.11,449.316,84.269,310.703,1.469
2010-12-24 09:00:00,60.0,517.0,283.0,134.0,553.0,411.0,0.0,60.0,999.0,34,45.637,58.15,502.734,82.131,289.958,0.8309999999999998
2010-12-24 09:15:00,68.0,584.0,283.0,155.0,622.0,399.0,0.0,59.0,999.0,34,46.346,61.22,565.723,81.519,282.42,0.319
2010-12-24 09:30:00,73.0,630.0,285.0,169.0,673.0,396.0,0.0,59.0,999.0,34,47.429,69.74,635.254,77.494,230.805,0.325
2010-12-24 09:45:00,78.0,675.0,285.0,185.0,716.0,386.0,0.0,60.0,999.0,34,48.179,69.57,681.641,74.125,169.897,1.038
2010-12-24 10:00:00,80.0,684.0,285.0,185.0,730.0,393.0,0.0,60.0,999.0,34,49.09,71.47,705.469,71.869,146.903,0.4749999999999999
2010-12-24 10:15:00,85.0,734.0,285.0,202.0,784.0,386.0,0.0,60.0,999.0,34,49.778,74.08,731.445,69.944,156.69,1.006
2010-12-24 10:30:00,85.0,733.0,285.0,206.0,781.0,378.0,0.0,59.0,999.0,34,50.467,75.65,779.688,65.963,139.77,0.806
2010-12-24 10:45:00,83.0,712.0,284.0,205.0,758.0,370.0,0.0,59.0,-999.0,34,51.115,74.92,784.7659999999998,63.975,120.983,1.019
2010-12-24 11:00:00,91.0,781.0,284.0,228.0,831.0,364.0,0.0,59.0,-999.0,34,52.057,75.39,809.57,61.631,141.503,1.294
2010-12-24 11:15:00,94.0,811.0,286.0,231.0,862.0,372.0,0.0,60.0,-1000.0,34,52.846,71.98,809.668,57.325,133.38,1.581
2010-12-24 11:30:00,87.0,753.0,286.0,216.0,800.0,370.0,0.0,60.0,-999.0,34,53.383,72.83,779.1989999999998,55.125,114.187,1.238
2010-12-24 11:45:00,95.0,818.0,286.0,236.0,869.0,368.0,0.0,60.0,-999.0,34,53.768,74.72,837.207,55.244,140.333,1.1
2010-12-24 12:00:00,95.0,814.0,285.0,237.0,865.0,365.0,0.0,60.0,-999.0,34,54.547,78.45,850.488,53.544,166.433,1.05
2010-12-24 12:15:00,93.0,793.0,284.0,228.0,843.0,369.0,0.0,60.0,999.0,34,54.831,81.40999999999998,834.1799999999998,52.231,208.913,1.65
2010-12-24 12:30:00,90.0,770.0,284.0,225.0,818.0,362.0,0.0,60.0,999.0,34,55.56,86.04999999999998,820.996,51.1,213.615,1.006
2010-12-24 12:45:00,86.0,742.0,284.0,216.0,787.0,363.0,0.0,60.0,999.0,34,56.096,84.29999999999998,803.418,50.15,142.448,0.638
2010-12-24 13:00:00,86.0,734.0,285.0,212.0,780.0,367.0,0.0,61.0,-999.0,34,56.765,80.22,769.727,49.587,150.39,1.294
2010-12-24 13:15:00,83.0,708.0,285.0,200.0,756.0,376.0,0.0,59.0,999.0,34,56.846,75.54999999999998,716.797,48.794,138.487,1.275
2010-12-24 13:30:00,75.0,648.0,285.0,185.0,688.0,370.0,0.0,61.0,-999.0,34,57.018,76.01999999999998,716.211,47.594,149.895,1.069
2010-12-24 13:45:00,68.0,588.0,284.0,164.0,627.0,380.0,0.0,60.0,-999.0,34,57.322,79.19,656.055,47.469,227.902,0.988
2010-12-24 14:00:00,55.0,471.0,283.0,131.0,502.0,383.0,0.0,59.0,999.0,34,58.0,75.61,555.273,47.088,213.66,1.438
2010-12-24 14:15:00,57.0,486.0,283.0,134.0,517.0,383.0,0.0,61.0,-997.0,34,57.787,67.53,539.844,47.713,131.355,1.644
2010-12-24 14:30:00,41.0,357.0,284.0,97.0,382.0,391.0,0.0,60.0,996.0,34,57.797,68.24,433.008,47.681,174.015,2.313
2010-12-24 14:45:00,27.0,238.0,284.0,65.0,257.0,396.0,0.0,59.0,994.0,34,57.666,65.81,370.703,47.644,118.215,1.144
2010-12-24 15:00:00,35.0,302.0,284.0,81.0,325.0,401.0,0.0,58.0,995.0,34,57.018,64.63,306.641,48.344,164.34,0.775
2010-12-24 15:15:00,21.0,186.0,284.0,51.0,203.0,393.0,0.0,59.0,985.0,34,56.775,64.17,322.754,49.194,140.175,0.694
2010-12-24 15:30:00,17.0,151.0,284.0,43.0,167.0,387.0,0.0,59.0,973.0,34,56.512,62.42,239.941,49.625,154.103,1.7
2010-12-24 15:45:00,11.0,97.0,284.0,29.0,110.0,374.0,0.0,58.0,934.0,34,56.208,61.59,167.285,49.275,172.058,0.8309999999999998
2010-12-24 16:00:00,7.0,52.0,284.0,17.0,64.0,364.0,0.0,58.0,-829.0,34,55.894,57.96,51.953,50.575,152.482,0.388
2010-12-24 16:15:00,4.0,21.0,285.0,8.0,31.0,364.0,0.0,58.0,551.0,34,55.722,54.71,36.719,51.75,70.155,1.2
2010-12-24 16:30:00,3.0,0.0,284.0,2.0,9.0,354.0,0.0,57.0,0.0,34,54.709,52.35,16.992,54.431,95.94,0.25
2010-12-24 16:45:00,0.0,-3.0,283.0,0.0,-2.0,369.0,0.0,57.0,0.0,34,53.363,48.59,6.348,58.956,113.378,0.188
2010-12-24 17:00:00,0.0,-3.0,284.0,0.0,0.0,138.0,0.0,56.0,0.0,34,52.057,45.4,0.0,63.025,113.49,0.2
2010-12-24 17:15:00,0.0,-3.0,284.0,0.0,0.0,14.0,0.0,55.0,0.0,34,51.105,43.02,0.0,64.675,121.523,0.3619999999999999
2010-12-24 17:30:00,0.0,-2.0,284.0,0.0,0.0,5.0,0.0,53.0,0.0,34,50.933,42.36,0.2929999999999999,64.263,225.675,0.956
2010-12-24 17:45:00,0.0,-3.0,285.0,0.0,0.0,5.0,0.0,52.0,0.0,34,50.872,42.99,0.195,63.713,223.628,0.956
2010-12-24 18:00:00,0.0,-2.0,285.0,0.0,-2.0,5.0,0.0,52.0,0.0,34,50.406,42.08,0.195,66.588,240.683,1.163
2010-12-24 18:15:00,0.0,-3.0,285.0,0.0,0.0,5.0,0.0,51.0,0.0,34,49.454,40.94,0.195,67.606,248.67,0.375
2010-12-24 18:30:00,0.0,-2.0,285.0,0.0,-2.0,4.0,0.0,50.0,0.0,34,49.019,39.15,0.098,69.094,268.313,0.3619999999999999
2010-12-24 18:45:00,0.0,-2.0,285.0,0.0,0.0,4.0,0.0,49.0,0.0,34,48.584,37.84,0.0,70.631,253.98,0.4189999999999999
2010-12-25 06:00:00,0.0,-2.0,282.0,0.0,-2.0,15.0,0.0,32.0,0.0,34,37.659,30.65,0.0,92.388,298.598,0.8499999999999999
2010-12-25 06:15:00,0.0,-2.0,283.0,0.0,-2.0,88.0,0.0,32.0,0.0,34,37.861,31.25,0.0,92.675,304.56,1.869
2010-12-25 06:30:00,0.0,-3.0,284.0,0.0,-2.0,335.0,0.0,32.0,0.0,34,38.145,31.19,0.098,91.081,296.01,1.019
2010-12-25 06:45:00,3.0,-3.0,284.0,1.0,5.0,299.0,0.0,34.0,0.0,34,38.266,30.83,1.855,90.956,314.82,1.294
2010-12-25 07:00:00,3.0,10.0,285.0,6.0,20.0,312.0,0.0,35.0,296.0,34,38.631,30.83,8.691,89.613,300.173,0.806
2010-12-25 07:15:00,6.0,48.0,285.0,16.0,60.0,366.0,0.0,42.0,818.0,34,38.165,30.13,18.066,90.512,298.305,0.444
2010-12-25 07:30:00,11.0,95.0,284.0,30.0,108.0,359.0,0.0,53.0,-934.0,34,38.59,31.64,29.102,90.55,296.505,1.681
2010-12-25 07:45:00,18.0,163.0,283.0,46.0,179.0,386.0,0.0,58.0,991.0,34,39.471,34.06,122.461,88.22499999999998,295.718,2.506
2010-12-25 08:00:00,30.0,261.0,283.0,67.0,284.0,423.0,0.0,58.0,-994.0,34,40.403,39.7,315.234,87.031,298.687,1.525
2010-12-25 08:15:00,28.0,241.0,282.0,62.0,261.0,419.0,0.0,59.0,994.0,34,41.608,48.54,364.355,85.619,255.668,0.788
2010-12-25 08:30:00,43.0,375.0,284.0,95.0,402.0,422.0,0.0,59.0,996.0,34,42.802,52.19,335.059,82.93099999999998,274.095,1.081
2010-12-25 08:45:00,54.0,465.0,283.0,119.0,496.0,416.0,0.0,60.0,999.0,34,44.038,57.51,458.008,80.43099999999998,276.052,0.819
2010-12-25 09:00:00,66.0,565.0,284.0,148.0,602.0,406.0,0.0,59.0,999.0,34,45.455,58.87,537.598,77.238,236.857,0.962
2010-12-25 09:15:00,76.0,652.0,283.0,175.0,695.0,396.0,0.0,60.0,999.0,34,46.842,63.28,605.371,74.013,231.323,1.025
2010-12-25 09:30:00,58.0,498.0,284.0,136.0,530.0,388.0,0.0,59.0,999.0,34,48.563,67.45,652.441,71.05,182.79,1.138
2010-12-25 09:45:00,81.0,699.0,284.0,192.0,745.0,386.0,0.0,59.0,999.0,34,49.9,70.43,600.0,68.494,169.267,1.206
2010-12-25 10:00:00,87.0,749.0,283.0,208.0,797.0,382.0,0.0,60.0,1000.0,34,51.105,74.26999999999998,765.918,66.256,161.46,1.425
2010-12-25 10:15:00,87.0,746.0,284.0,211.0,793.0,374.0,0.0,60.0,999.0,34,52.381,75.37999999999998,774.316,60.456,161.82,1.95
2010-12-25 10:30:00,90.0,769.0,283.0,218.0,819.0,375.0,0.0,60.0,-999.0,34,53.423,74.14,720.02,56.8,138.398,1.744
2010-12-25 10:45:00,66.0,565.0,284.0,156.0,602.0,384.0,0.0,59.0,-997.0,34,53.849,69.13,500.391,56.4,152.888,1.488
2010-12-25 11:00:00,72.0,618.0,284.0,173.0,658.0,379.0,0.0,60.0,-999.0,34,54.578,68.84,627.344,54.194,146.272,1.325
2010-12-25 11:15:00,79.0,680.0,284.0,189.0,723.0,382.0,0.0,58.0,-999.0,34,54.8,69.1,470.801,53.319,148.095,1.238
2010-12-25 11:30:00,60.0,517.0,284.0,143.0,550.0,385.0,0.0,59.0,-997.0,34,55.104,67.87,518.359,52.275,157.118,1.563
2010-12-25 11:45:00,46.0,394.0,283.0,110.0,419.0,379.0,0.0,58.0,-999.0,34,56.086,69.2,529.297,50.631,143.843,1.519
2010-12-25 12:00:00,58.0,496.0,285.0,138.0,530.0,383.0,0.0,58.0,-999.0,34,56.279,67.69,492.969,50.075,164.903,1.306
2010-12-25 12:15:00,64.0,552.0,283.0,156.0,584.0,373.0,0.0,60.0,-999.0,34,56.916,69.21,553.711,49.081,132.165,1.194
2010-12-25 12:30:00,64.0,553.0,285.0,150.0,592.0,393.0,0.0,59.0,-999.0,34,57.241,68.61,328.809,48.794,136.215,1.262
2010-12-25 12:45:00,88.0,758.0,285.0,209.0,808.0,385.0,0.0,59.0,-999.0,34,58.142,68.45,494.336,48.4,164.543,1.906
2010-12-25 13:00:00,59.0,506.0,284.0,142.0,537.0,377.0,0.0,59.0,997.0,34,59.012,72.22,634.277,47.356,160.538,1.587
2010-12-25 13:15:00,55.0,473.0,285.0,130.0,502.0,386.0,0.0,59.0,-999.0,34,58.891,70.41,357.617,47.037,118.665,1.219
2010-12-25 13:30:00,47.0,411.0,285.0,112.0,441.0,393.0,0.0,58.0,-999.0,34,59.012,66.35,454.492,46.4,128.835,2.731
2010-12-25 13:45:00,37.0,319.0,285.0,90.0,341.0,378.0,0.0,59.0,995.0,34,58.83,65.47,346.191,45.331,96.84,3.019
2010-12-25 14:00:00,39.0,341.0,285.0,91.0,367.0,401.0,0.0,59.0,995.0,34,58.162,63.97,306.152,46.694,109.755,2.731
2010-12-25 14:15:00,45.0,395.0,285.0,108.0,419.0,385.0,0.0,59.0,-999.0,34,57.97,63.12,356.445,46.575,109.26,3.025
2010-12-25 14:30:00,29.0,257.0,285.0,72.0,278.0,386.0,0.0,58.0,994.0,34,58.081,62.98,281.055,47.75,121.117,2.544
2010-12-25 14:45:00,33.0,290.0,285.0,78.0,311.0,396.0,0.0,59.0,-995.0,34,57.97,62.1,249.805,48.069,122.198,2.306
2010-12-25 15:00:00,23.0,203.0,283.0,56.0,221.0,394.0,0.0,59.0,986.0,34,57.858,62.11,239.355,47.325,118.778,2.287
2010-12-25 15:15:00,17.0,153.0,285.0,47.0,168.0,362.0,0.0,59.0,974.0,34,57.544,60.64,186.621,46.613,126.675,1.937
2010-12-25 15:30:00,11.0,98.0,283.0,29.0,112.0,374.0,0.0,58.0,947.0,34,57.099,59.77,119.238,47.863,129.825,1.663
2010-12-25 15:45:00,8.0,62.0,284.0,19.0,72.0,368.0,0.0,58.0,867.0,34,56.41,58.04,73.34,49.438,120.555,1.637
2010-12-25 16:00:00,5.0,36.0,283.0,12.0,47.0,369.0,0.0,58.0,-729.0,34,55.61,56.5,46.094,51.925,134.843,1.069
2010-12-25 16:15:00,3.0,12.0,284.0,6.0,22.0,364.0,0.0,57.0,-333.0,34,54.881,53.95,26.66,54.506,159.952,0.65
2010-12-25 16:30:00,3.0,-5.0,282.0,1.0,4.0,295.0,0.0,57.0,0.0,34,53.97,50.46,11.328,56.994,171.157,0.775
2010-12-25 16:45:00,0.0,-2.0,283.0,0.0,-2.0,325.0,0.0,55.0,0.0,34,53.008,48.25,2.051,59.681,181.62,0.5
2010-12-25 17:00:00,0.0,-2.0,282.0,0.0,-2.0,96.0,0.0,55.0,0.0,34,52.472,47.2,0.195,60.319,219.083,1.569
2010-12-25 17:15:00,0.0,-2.0,284.0,0.0,-2.0,17.0,0.0,53.0,0.0,34,52.208,46.85,0.0,60.45,222.255,1.375
2010-12-25 17:30:00,0.0,-2.0,284.0,0.0,-2.0,13.0,0.0,52.0,0.0,34,51.672,46.46,0.2929999999999999,62.713,206.64,0.4309999999999999
2010-12-25 17:45:00,0.0,-3.0,284.0,0.0,0.0,13.0,0.0,51.0,0.0,34,51.277,45.58,0.195,64.144,195.075,0.231
2010-12-25 18:00:00,0.0,-3.0,284.0,0.0,-2.0,12.0,0.0,50.0,0.0,34,50.872,44.79,0.098,64.981,210.42,0.325
2010-12-25 18:15:00,0.0,-3.0,283.0,0.0,0.0,11.0,0.0,48.0,0.0,34,50.173,44.74,0.098,66.15,202.478,0.994
2010-12-25 18:30:00,0.0,-3.0,284.0,0.0,-2.0,13.0,0.0,47.0,0.0,34,50.406,44.82,0.098,65.344,234.563,1.231
2010-12-25 18:45:00,0.0,-2.0,284.0,0.0,0.0,11.0,0.0,46.0,0.0,34,49.981,44.26,0.195,66.7,215.168,0.394
2010-12-26 06:00:00,0.0,-2.0,283.0,0.0,-2.0,11.0,0.0,32.0,0.0,34,47.51,45.5,0.0,75.438,192.6,3.988
2010-12-26 06:15:00,0.0,-2.0,283.0,0.0,-2.0,63.0,0.0,32.0,0.0,34,47.409,44.88,0.0,76.188,169.943,3.131
2010-12-26 06:30:00,0.0,-3.0,283.0,0.0,-2.0,308.0,0.0,32.0,0.0,34,46.225,44.75,0.0,82.54399999999998,171.495,3.85
2010-12-26 06:45:00,2.0,-5.0,283.0,1.0,4.0,297.0,0.0,33.0,0.0,34,46.589,45.03,2.246,74.95,199.215,4.206
2010-12-26 07:00:00,10.0,-7.0,284.0,0.0,2.0,430.0,0.0,34.0,74.0,34,46.71,45.15,5.859,73.34399999999998,177.953,4.756
2010-12-26 07:15:00,5.0,33.0,284.0,11.0,45.0,400.0,0.0,40.0,735.0,34,46.69,45.39,20.41,72.08799999999998,208.238,3.969
2010-12-26 07:30:00,8.0,63.0,284.0,18.0,78.0,434.0,0.0,49.0,903.0,34,46.66,45.05,36.621,72.488,210.038,3.044
2010-12-26 07:45:00,16.0,137.0,284.0,37.0,152.0,404.0,0.0,57.0,980.0,34,46.984,45.42,98.535,71.575,222.075,3.194
2010-12-26 08:00:00,24.0,213.0,284.0,55.0,233.0,419.0,0.0,59.0,-987.0,34,47.288,48.12,265.625,71.369,256.95,1.569
2010-12-26 08:15:00,31.0,275.0,284.0,73.0,297.0,404.0,0.0,59.0,995.0,34,47.662,54.91,342.969,70.888,231.975,1.887
2010-12-26 08:30:00,32.0,278.0,283.0,73.0,299.0,410.0,0.0,59.0,995.0,34,48.513,59.19,327.344,68.763,214.83,1.819
2010-12-26 08:45:00,47.0,402.0,284.0,104.0,432.0,414.0,0.0,59.0,996.0,34,49.1,60.49,365.918,71.75,273.172,3.006
2010-12-26 09:00:00,52.0,445.0,282.0,119.0,476.0,400.0,0.0,60.0,-996.0,34,49.232,61.72,464.355,73.59399999999998,295.515,2.713
2010-12-26 09:15:00,68.0,580.0,283.0,154.0,621.0,403.0,0.0,61.0,999.0,34,49.789,63.38,535.547,72.069,301.815,3.55
2010-12-26 09:30:00,78.0,668.0,283.0,180.0,714.0,395.0,0.0,58.0,-999.0,34,50.558,67.49,566.016,70.388,289.575,3.275
2010-12-26 09:45:00,74.0,629.0,282.0,172.0,669.0,386.0,0.0,58.0,-997.0,34,51.5,69.77,623.047,68.031,294.75,3.188
2010-12-26 10:00:00,75.0,641.0,284.0,175.0,684.0,389.0,0.0,60.0,999.0,34,52.249,72.42,624.707,65.675,147.465,1.494
2010-12-26 10:15:00,78.0,677.0,286.0,189.0,720.0,379.0,0.0,60.0,-999.0,34,52.755,75.62,629.395,64.419,215.055,1.106
2010-12-26 10:30:00,92.0,792.0,287.0,221.0,843.0,380.0,0.0,58.0,999.0,34,54.021,80.78,736.23,60.325,272.925,3.581
2010-12-26 10:45:00,87.0,756.0,286.0,209.0,804.0,384.0,0.0,59.0,999.0,34,55.074,73.94,795.801,51.975,301.905,8.481
2010-12-26 11:00:00,71.0,612.0,285.0,165.0,654.0,394.0,0.0,60.0,-999.0,34,55.266,71.5,642.676,50.019,302.805,8.0
2010-12-26 11:15:00,71.0,614.0,287.0,165.0,653.0,394.0,0.0,60.0,999.0,34,55.155,68.83,580.664,50.138,300.195,7.413
2010-12-26 11:30:00,94.0,811.0,286.0,222.0,862.0,387.0,0.0,59.0,-999.0,34,55.519,69.2,658.691,50.019,297.878,6.788
2010-12-26 11:45:00,90.0,781.0,287.0,214.0,833.0,388.0,0.0,60.0,-999.0,34,56.37,72.23,764.258,48.288,300.578,7.856
2010-12-26 12:00:00,99.0,855.0,286.0,238.0,911.0,382.0,0.0,59.0,-999.0,34,56.916,73.12999999999998,805.176,46.05,299.295,6.863
2010-12-26 12:15:00,87.0,752.0,286.0,207.0,803.0,387.0,0.0,59.0,-999.0,34,57.696,73.75,742.48,42.756,302.22,8.656
2010-12-26 12:30:00,94.0,810.0,286.0,222.0,864.0,387.0,0.0,60.0,-999.0,34,57.554,71.41,666.699,41.256,295.178,8.625
2010-12-26 12:45:00,93.0,806.0,286.0,216.0,860.0,397.0,0.0,59.0,-999.0,34,57.403,69.75,701.367,40.531,300.668,10.138
2010-12-26 13:00:00,78.0,675.0,286.0,184.0,719.0,389.0,0.0,60.0,-999.0,34,57.787,71.42,706.152,39.475,300.645,8.949999999999998
2010-12-26 13:15:00,69.0,599.0,285.0,161.0,638.0,395.0,0.0,60.0,999.0,34,57.656,68.39,588.184,39.363,299.813,10.663
2010-12-26 13:30:00,43.0,378.0,286.0,102.0,402.0,392.0,0.0,59.0,996.0,34,57.534,67.26,447.461,38.763,302.715,8.9
2010-12-26 13:45:00,56.0,486.0,285.0,128.0,517.0,403.0,0.0,59.0,997.0,34,57.2,65.45,327.539,39.794,296.258,6.381
2010-12-26 14:00:00,41.0,360.0,284.0,98.0,382.0,389.0,0.0,59.0,996.0,34,57.372,66.65,473.242,39.35,297.428,5.694
2010-12-26 14:15:00,39.0,340.0,284.0,89.0,365.0,406.0,0.0,60.0,995.0,34,57.22,65.11,357.031,38.794,300.308,8.269
2010-12-26 14:30:00,32.0,278.0,284.0,75.0,299.0,395.0,0.0,59.0,995.0,34,57.119,63.61,253.418,38.169,299.903,7.513
2010-12-26 14:45:00,20.0,175.0,283.0,48.0,191.0,395.0,0.0,59.0,984.0,34,56.734,61.07,168.945,38.313,303.435,10.263
2010-12-26 15:00:00,24.0,209.0,284.0,56.0,226.0,400.0,0.0,59.0,987.0,34,56.329,59.76,157.715,38.25,302.355,8.769
2010-12-26 15:15:00,30.0,263.0,284.0,67.0,283.0,418.0,0.0,59.0,-994.0,34,56.36,59.87,251.953,37.513,304.29,9.462
2010-12-26 15:30:00,13.0,109.0,284.0,31.0,124.0,396.0,0.0,58.0,941.0,34,56.613,60.84,170.703,36.256,303.773,10.231
2010-12-26 15:45:00,8.0,63.0,283.0,20.0,76.0,372.0,0.0,58.0,-870.0,34,56.309,58.7,78.027,36.787,305.617,9.9
2010-12-26 16:00:00,4.0,28.0,282.0,10.0,39.0,380.0,0.0,58.0,-656.0,34,55.813,57.0,44.238,38.519,298.755,6.831
2010-12-26 16:15:00,3.0,2.0,283.0,4.0,14.0,348.0,0.0,57.0,-79.0,34,55.215,55.53,20.996,39.931,270.203,4.456
2010-12-26 16:30:00,0.0,-2.0,281.0,0.0,-2.0,381.0,0.0,57.0,0.0,34,54.942,54.64,6.055,40.806,249.188,4.05
2010-12-26 16:45:00,3.0,-7.0,283.0,0.0,0.0,294.0,0.0,57.0,0.0,34,54.517,53.95,1.465,41.356,259.425,4.906
2010-12-26 17:00:00,0.0,-2.0,282.0,0.0,-2.0,141.0,0.0,55.0,0.0,34,53.768,52.89,0.2929999999999999,43.75,258.165,4.744
2010-12-26 17:15:00,0.0,-2.0,283.0,0.0,0.0,20.0,0.0,53.0,0.0,34,53.211,51.45,0.195,45.713,285.705,4.825
2010-12-26 17:30:00,0.0,-2.0,283.0,0.0,0.0,7.0,0.0,52.0,0.0,34,52.654,50.27,0.2929999999999999,46.925,307.71,5.656
2010-12-26 17:45:00,0.0,-2.0,283.0,0.0,0.0,5.0,0.0,51.0,0.0,34,51.955,49.4,0.2929999999999999,48.863,310.298,5.125
2010-12-26 18:00:00,0.0,-3.0,283.0,0.0,0.0,5.0,0.0,50.0,0.0,34,51.702,49.46,0.195,47.625,308.205,5.706
2010-12-26 18:15:00,0.0,-2.0,283.0,0.0,0.0,5.0,0.0,48.0,0.0,34,51.236,48.46,0.2929999999999999,48.456,309.195,4.288
2010-12-26 18:30:00,0.0,-3.0,283.0,0.0,0.0,4.0,0.0,47.0,0.0,34,50.659,47.89,0.195,48.363,309.285,5.494
2010-12-26 18:45:00,0.0,-3.0,283.0,0.0,0.0,4.0,0.0,46.0,0.0,34,50.599,47.96,0.195,48.95,278.19,3.956
2010-12-27 06:00:00,0.0,-3.0,284.0,0.0,-2.0,12.0,0.0,32.0,0.0,34,41.051,40.47,0.0,53.556,165.69,6.313
2010-12-27 06:15:00,0.0,-2.0,282.0,0.0,-2.0,52.0,0.0,32.0,0.0,34,42.914,43.58,0.0,48.925,230.378,6.275
2010-12-27 06:30:00,0.0,-3.0,282.0,0.0,-2.0,268.0,0.0,31.0,0.0,34,42.306,41.45,0.0,53.619,306.675,3.2
2010-12-27 06:45:00,3.0,-7.0,283.0,0.0,2.0,296.0,0.0,32.0,0.0,34,41.699,40.51,0.4879999999999999,55.844,264.195,3.481
2010-12-27 07:00:00,0.0,-2.0,285.0,0.0,-2.0,443.0,0.0,34.0,0.0,34,41.375,40.8,10.84,58.631,119.768,2.044
2010-12-27 07:15:00,6.0,48.0,283.0,17.0,60.0,356.0,0.0,39.0,818.0,34,41.0,41.05,26.66,60.1,224.303,2.012
2010-12-27 07:30:00,12.0,102.0,283.0,28.0,116.0,399.0,0.0,52.0,949.0,34,42.316,42.59,39.453,54.388,207.0,1.469
2010-12-27 07:45:00,8.0,62.0,282.0,19.0,76.0,413.0,0.0,56.0,884.0,34,44.169,44.88,49.609,49.688,150.593,2.106
2010-12-27 08:00:00,11.0,94.0,283.0,30.0,106.0,344.0,0.0,56.0,933.0,34,44.169,45.23,73.34,51.556,206.865,0.781
2010-12-27 08:15:00,16.0,137.0,282.0,39.0,151.0,381.0,0.0,57.0,971.0,34,44.524,46.2,101.953,49.781,308.183,3.75
2010-12-27 08:30:00,19.0,170.0,283.0,46.0,187.0,405.0,0.0,58.0,984.0,34,44.645,47.44,126.758,49.681,291.398,3.637
2010-12-27 08:45:00,21.0,189.0,283.0,53.0,205.0,386.0,0.0,58.0,985.0,34,44.736,48.28,148.73,49.794,291.69,3.45
2010-12-27 09:00:00,29.0,253.0,282.0,69.0,274.0,391.0,0.0,59.0,994.0,34,44.999,49.29,173.535,49.675,295.357,3.194
2010-12-27 09:15:00,42.0,361.0,282.0,94.0,386.0,410.0,0.0,58.0,999.0,34,45.425,52.4,260.156,49.587,296.033,2.15
2010-12-27 09:30:00,38.0,326.0,283.0,86.0,351.0,402.0,0.0,59.0,995.0,34,46.235,57.58,363.77,48.094,291.037,1.863
2010-12-27 09:45:00,47.0,405.0,284.0,106.0,432.0,403.0,0.0,58.0,996.0,34,47.257,60.79,404.199,45.631,248.243,2.656
2010-12-27 10:00:00,65.0,554.0,284.0,149.0,591.0,397.0,0.0,60.0,997.0,34,47.693,62.84,537.793,44.75,235.665,2.756
2010-12-27 10:15:00,89.0,766.0,284.0,211.0,815.0,385.0,0.0,61.0,999.0,34,48.209,67.88,735.4489999999998,43.844,303.008,3.869
2010-12-27 10:30:00,91.0,780.0,283.0,218.0,828.0,380.0,0.0,59.0,1000.0,34,49.13,75.87,800.488,42.669,284.49,3.631
2010-12-27 10:45:00,93.0,793.0,283.0,225.0,841.0,373.0,0.0,58.0,999.0,34,50.133,78.9,823.047,39.625,208.103,2.181
2010-12-27 11:00:00,94.0,806.0,283.0,228.0,857.0,375.0,0.0,60.0,999.0,34,50.69,77.29999999999998,840.234,39.456,135.63,1.563
2010-12-27 11:15:00,94.0,812.0,285.0,229.0,865.0,376.0,0.0,59.0,-999.0,34,51.145,70.84,853.9059999999998,39.681,108.922,2.094
2010-12-27 11:30:00,95.0,816.0,285.0,234.0,868.0,370.0,0.0,59.0,-999.0,34,51.773,75.65,864.648,36.675,59.535,1.262
2010-12-27 11:45:00,94.0,810.0,285.0,234.0,861.0,367.0,0.0,60.0,-999.0,34,52.917,80.39,869.8239999999998,34.744,77.715,1.169
2010-12-27 12:00:00,95.0,811.0,285.0,233.0,861.0,369.0,0.0,60.0,998.0,34,53.788,77.01,864.844,33.537,102.893,2.181
2010-12-27 12:15:00,93.0,800.0,285.0,235.0,849.0,361.0,0.0,60.0,999.0,34,54.102,75.64,858.691,32.969,99.968,2.213
2010-12-27 12:30:00,91.0,780.0,285.0,221.0,828.0,373.0,0.0,60.0,999.0,34,54.73,78.39,846.289,33.025,146.272,1.281
2010-12-27 12:45:00,88.0,764.0,285.0,217.0,812.0,373.0,0.0,59.0,-1000.0,34,55.367,82.44,828.8089999999999,32.181,86.4,1.369
2010-12-27 13:00:00,86.0,738.0,284.0,212.0,785.0,368.0,0.0,60.0,-999.0,34,56.339,83.97,806.3479999999998,28.644,178.695,2.431
2010-12-27 13:15:00,83.0,714.0,284.0,200.0,760.0,380.0,0.0,60.0,999.0,34,57.21,82.70999999999998,779.004,24.731,221.76,3.706
2010-12-27 13:30:00,80.0,687.0,285.0,193.0,730.0,376.0,0.0,61.0,999.0,34,57.737,78.68,745.4099999999999,23.706,220.815,4.794
2010-12-27 13:45:00,75.0,649.0,286.0,179.0,692.0,386.0,0.0,61.0,999.0,34,57.868,75.67,706.25,23.487,279.293,6.369
2010-12-27 14:00:00,70.0,603.0,284.0,167.0,642.0,384.0,0.0,59.0,-999.0,34,57.868,74.0,661.816,23.281,279.585,6.206
2010-12-27 14:15:00,64.0,548.0,284.0,147.0,584.0,395.0,0.0,59.0,999.0,34,58.061,73.65,614.258,23.213,267.053,5.9
2010-12-27 14:30:00,57.0,492.0,284.0,134.0,525.0,391.0,0.0,59.0,-999.0,34,58.01,71.56,562.598,23.138,288.203,6.381
2010-12-27 14:45:00,49.0,421.0,285.0,110.0,450.0,406.0,0.0,59.0,999.0,34,57.939,69.82,507.617,22.769,281.902,6.662
2010-12-27 15:00:00,39.0,338.0,285.0,91.0,360.0,394.0,0.0,59.0,999.0,34,57.666,67.79,448.633,22.85,251.775,5.275
2010-12-27 15:15:00,28.0,244.0,283.0,65.0,263.0,405.0,0.0,59.0,994.0,34,57.433,67.35,387.891,22.813,289.868,5.4
2010-12-27 15:30:00,17.0,149.0,283.0,42.0,166.0,390.0,0.0,58.0,-982.0,34,56.998,66.12,325.293,23.006,292.973,4.956
2010-12-27 15:45:00,11.0,87.0,283.0,26.0,99.0,382.0,0.0,59.0,915.0,34,56.501,63.9,243.848,24.088,285.008,5.194
2010-12-27 16:00:00,4.0,29.0,284.0,10.0,41.0,390.0,0.0,58.0,-666.0,34,55.934,58.87,17.578,26.006,152.933,3.475
2010-12-27 16:15:00,3.0,6.0,283.0,4.0,17.0,383.0,0.0,58.0,199.0,34,55.499,55.23,15.723,26.269,243.045,2.706
2010-12-27 16:30:00,3.0,-2.0,282.0,2.0,6.0,304.0,0.0,58.0,0.0,34,54.497,51.39,8.593999999999998,28.6,152.01,0.981
2010-12-27 16:45:00,0.0,-3.0,284.0,0.0,-2.0,363.0,0.0,56.0,0.0,34,53.17,49.04,3.809,30.925,203.918,1.038
2010-12-27 17:00:00,0.0,-2.0,282.0,0.0,-2.0,184.0,0.0,56.0,0.0,34,52.036,46.43,0.391,33.369,236.813,1.331
2010-12-27 17:15:00,0.0,-2.0,283.0,0.0,0.0,13.0,0.0,55.0,0.0,34,51.226,43.42,0.195,35.069,295.47,0.762
2010-12-27 17:30:00,0.0,-2.0,281.0,0.0,0.0,4.0,0.0,53.0,0.0,34,49.89,42.11,0.0,38.088,296.662,0.662
2010-12-27 17:45:48,0.0,-2.0,281.0,0.0,-2.0,4.0,0.0,52.0,0.0,34,,,,,,
2010-12-27 18:03:00,0.0,-2.0,283.0,0.0,0.0,4.0,0.0,51.0,0.0,34,49.687,40.21,0.0,34.775,302.22,0.819
2010-12-27 18:15:00,0.0,-3.0,283.0,0.0,-2.0,4.0,0.0,51.0,0.0,34,49.141,39.56,0.0,36.806,251.46,1.15
2010-12-27 18:30:00,0.0,-2.0,283.0,0.0,0.0,4.0,0.0,50.0,0.0,34,48.887,39.98,0.0,37.781,301.275,1.975
2010-12-27 18:45:00,0.0,-2.0,283.0,0.0,-2.0,4.0,0.0,48.0,0.0,34,48.037,39.76,0.0,42.113,302.198,1.962
2010-12-28 06:00:00,0.0,-3.0,284.0,0.0,-2.0,15.0,0.0,32.0,0.0,34,39.441,32.77,0.0,60.056,301.388,2.919
2010-12-28 06:15:00,0.0,-3.0,282.0,0.0,-2.0,65.0,0.0,32.0,0.0,34,40.079,35.7,0.0,60.038,310.005,2.575
2010-12-28 06:30:00,0.0,-2.0,281.0,0.0,-2.0,284.0,0.0,32.0,0.0,34,40.119,37.28,0.0,60.7,303.458,2.95
2010-12-28 06:45:00,3.0,-5.0,283.0,1.0,4.0,297.0,0.0,33.0,0.0,34,40.018,37.41,1.074,61.55,294.435,2.656
2010-12-28 07:00:00,0.0,-2.0,283.0,0.0,-2.0,441.0,0.0,34.0,0.0,34,39.38,36.29,7.129,64.288,280.8,1.719
2010-12-28 07:15:00,4.0,22.0,282.0,10.0,33.0,320.0,0.0,39.0,531.0,34,39.147,35.37,21.387,64.2,292.703,1.775
2010-12-28 07:30:00,13.0,117.0,284.0,34.0,132.0,382.0,0.0,49.0,966.0,34,38.995,35.0,49.902,64.638,302.985,0.7309999999999999
2010-12-28 07:45:00,17.0,145.0,284.0,38.0,163.0,427.0,0.0,57.0,972.0,34,39.4,36.81,108.105,64.306,313.672,1.094
2010-12-28 08:00:00,23.0,205.0,283.0,54.0,224.0,410.0,0.0,59.0,-986.0,34,40.21,41.76,232.324,63.406,332.145,1.05
2010-12-28 08:15:00,26.0,225.0,284.0,59.0,245.0,410.0,0.0,59.0,988.0,34,41.253,47.08,237.988,61.35,317.7,1.175
2010-12-28 08:30:00,33.0,290.0,284.0,74.0,311.0,418.0,0.0,57.0,995.0,34,42.235,49.72,254.004,59.825,236.655,1.656
2010-12-28 08:45:00,39.0,340.0,285.0,88.0,364.0,413.0,0.0,60.0,999.0,34,43.187,54.48,301.367,58.281,260.213,1.0
2010-12-28 09:00:00,51.0,440.0,285.0,118.0,468.0,396.0,0.0,59.0,996.0,34,44.442,58.47,401.465,53.363,287.595,0.8439999999999999
2010-12-28 09:15:00,53.0,456.0,285.0,121.0,483.0,397.0,0.0,59.0,-999.0,34,45.526,60.57,431.055,51.213,242.168,1.619
2010-12-28 09:30:00,66.0,571.0,286.0,152.0,610.0,400.0,0.0,60.0,999.0,34,46.143,64.64,497.949,49.95,135.967,0.644
2010-12-28 09:45:00,73.0,630.0,287.0,173.0,668.0,386.0,0.0,58.0,999.0,34,46.832,66.66,590.527,50.831,88.78499999999998,0.994
2010-12-28 10:00:00,78.0,675.0,285.0,187.0,716.0,381.0,0.0,59.0,-999.0,34,47.024,68.54,667.969,51.619,70.357,1.2
2010-12-28 10:15:00,84.0,729.0,286.0,203.0,779.0,383.0,0.0,59.0,-998.0,34,47.369,73.28,729.004,49.3,164.948,1.438
2010-12-28 10:30:00,84.0,733.0,287.0,206.0,780.0,378.0,0.0,58.0,1000.0,34,47.794,76.11,743.457,48.05,174.173,1.281
2010-12-28 10:45:00,86.0,745.0,287.0,211.0,792.0,373.0,0.0,58.0,999.0,34,48.239,77.15,773.047,47.413,108.765,1.506
2010-12-28 11:00:00,90.0,780.0,286.0,219.0,830.0,378.0,0.0,60.0,999.0,34,48.857,76.5,760.352,46.331,142.74,1.375
2010-12-28 11:15:00,92.0,797.0,286.0,227.0,847.0,373.0,0.0,58.0,1000.0,34,49.616,75.0,799.707,44.7,109.845,1.481
2010-12-28 11:30:00,92.0,796.0,286.0,229.0,845.0,368.0,0.0,58.0,999.0,34,50.183,77.03,794.922,42.619,96.21,1.113
2010-12-28 11:45:00,91.0,788.0,285.0,224.0,837.0,372.0,0.0,60.0,-1000.0,34,50.882,80.62999999999998,840.332,39.988,171.135,1.419
2010-12-28 12:00:00,89.0,762.0,284.0,217.0,812.0,373.0,0.0,60.0,-999.0,34,51.955,80.45,827.148,35.838,124.898,1.8
2010-12-28 12:15:00,93.0,793.0,284.0,225.0,845.0,374.0,0.0,60.0,1000.0,34,52.816,76.56,813.379,34.113,141.795,1.544
2010-12-28 12:30:00,82.0,710.0,285.0,204.0,754.0,368.0,0.0,59.0,-999.0,34,53.474,71.91,761.426,31.95,163.035,1.987
2010-12-28 12:45:00,81.0,695.0,285.0,200.0,739.0,368.0,0.0,59.0,-999.0,34,53.808,72.09,739.1599999999999,30.088,140.063,1.219
2010-12-28 13:00:00,85.0,737.0,285.0,207.0,784.0,377.0,0.0,60.0,-999.0,34,53.899,76.90999999999998,749.316,28.481,138.195,1.65
2010-12-28 13:15:00,56.0,486.0,285.0,137.0,518.0,377.0,0.0,59.0,-997.0,34,54.527,78.18,643.555,27.713,116.168,1.556
2010-12-28 13:30:00,61.0,526.0,284.0,146.0,560.0,382.0,0.0,59.0,999.0,34,54.679,72.02,479.395,28.481,83.51999999999998,1.637
2010-12-28 13:45:00,70.0,600.0,283.0,164.0,642.0,389.0,0.0,60.0,-999.0,34,54.871,67.06,580.664,28.506,124.38,1.987
2010-12-28 14:00:00,68.0,587.0,285.0,161.0,627.0,389.0,0.0,60.0,-999.0,34,54.557,65.44,610.059,28.238,113.873,1.906
2010-12-28 14:15:00,59.0,508.0,284.0,140.0,541.0,384.0,0.0,60.0,999.0,34,54.638,67.14,593.945,28.656,80.325,2.006
2010-12-28 14:30:00,54.0,467.0,285.0,128.0,495.0,386.0,0.0,60.0,999.0,34,54.628,66.52,515.527,28.344,107.415,1.744
2010-12-28 14:45:00,48.0,418.0,285.0,113.0,448.0,396.0,0.0,61.0,996.0,34,54.608,65.82,488.574,27.894,122.198,1.212
2010-12-28 15:00:00,40.0,344.0,284.0,94.0,367.0,388.0,0.0,59.0,996.0,34,54.405,66.1,442.969,28.569,108.225,1.369
2010-12-28 15:15:00,18.0,153.0,283.0,43.0,168.0,386.0,0.0,59.0,974.0,34,54.365,65.38,358.398,28.919,113.242,2.031
2010-12-28 15:30:00,6.0,45.0,283.0,14.0,58.0,390.0,0.0,57.0,809.0,34,53.768,63.27,285.352,29.675,62.933,1.913
2010-12-28 15:45:00,6.0,44.0,284.0,14.0,55.0,385.0,0.0,58.0,804.0,34,53.17,58.17,69.531,33.894,120.938,1.05
2010-12-28 16:00:00,6.0,44.0,284.0,14.0,56.0,403.0,0.0,58.0,-804.0,34,52.674,54.0,45.02,35.563,132.93,1.556
2010-12-28 16:15:00,4.0,16.0,284.0,7.0,28.0,381.0,0.0,58.0,399.0,34,52.553,52.62,33.203,36.813,145.013,1.475
2010-12-28 16:30:00,3.0,-3.0,283.0,2.0,6.0,296.0,0.0,57.0,79.0,34,51.803,51.57,12.695,39.431,149.13,1.569
2010-12-28 16:45:00,3.0,-7.0,283.0,0.0,2.0,294.0,0.0,56.0,0.0,34,50.902,49.97,2.441,41.269,152.798,1.331
2010-12-28 17:00:00,0.0,-2.0,283.0,0.0,-2.0,124.0,0.0,56.0,0.0,34,50.214,48.81,0.195,42.306,170.528,1.05
2010-12-28 17:15:00,0.0,-3.0,283.0,0.0,-2.0,17.0,0.0,54.0,0.0,34,49.971,48.98,0.098,42.656,155.768,1.113
2010-12-28 17:30:00,0.0,-3.0,284.0,0.0,-2.0,12.0,0.0,53.0,0.0,34,49.971,47.58,0.098,43.056,144.923,0.219
2010-12-28 17:45:00,0.0,-2.0,284.0,0.0,-2.0,19.0,0.0,52.0,0.0,34,49.535,45.34,0.098,45.438,145.08,0.525
2010-12-28 18:00:00,0.0,-3.0,284.0,0.0,0.0,13.0,0.0,51.0,0.0,34,49.404,45.06,0.0,46.194,159.098,0.456
2010-12-28 18:15:00,0.0,-3.0,284.0,0.0,0.0,23.0,0.0,51.0,0.0,34,49.525,45.94,0.0,43.794,108.54,0.4
2010-12-28 18:30:00,0.0,-3.0,284.0,0.0,-2.0,24.0,0.0,50.0,0.0,34,49.353,45.85,0.0,42.531,100.463,0.3439999999999999
2010-12-28 18:45:00,0.0,-2.0,284.0,0.0,0.0,23.0,0.0,48.0,0.0,34,49.454,46.85,0.0,41.219,98.37,0.438
2010-12-29 06:00:00,0.0,-3.0,283.0,0.0,-2.0,30.0,0.0,32.0,0.0,34,51.581,52.33,0.0,48.425,178.222,6.594
2010-12-29 06:15:00,0.0,-2.0,284.0,0.0,-2.0,32.0,0.0,32.0,0.0,34,51.419,52.25,0.0,49.381,211.275,9.387
2010-12-29 06:30:00,0.0,-2.0,283.0,0.0,-2.0,158.0,0.0,32.0,0.0,34,50.882,51.74,0.098,51.169,182.34,6.219
2010-12-29 06:45:00,0.0,-3.0,283.0,0.0,-2.0,327.0,0.0,32.0,0.0,34,50.74,51.26,0.195,52.244,172.553,5.2
2010-12-29 07:00:00,3.0,-7.0,284.0,0.0,2.0,297.0,0.0,35.0,-199.0,34,50.477,50.72,0.781,53.881,173.408,7.280999999999999
2010-12-29 07:15:00,3.0,-5.0,284.0,1.0,5.0,298.0,0.0,35.0,-119.0,34,50.396,50.92,3.027,54.6,174.037,8.336999999999998
2010-12-29 07:30:00,0.0,-2.0,284.0,0.0,-2.0,410.0,0.0,36.0,0.0,34,50.396,51.15,6.055,55.494,171.405,8.3
2010-12-29 07:45:00,3.0,6.0,285.0,5.0,14.0,308.0,0.0,40.0,199.0,34,50.517,51.74,12.207,56.144,164.25,7.961999999999998
2010-12-29 08:00:00,3.0,12.0,284.0,6.0,22.0,337.0,0.0,44.0,-333.0,34,50.649,51.72,17.871,57.038,165.33,7.569
2010-12-29 08:15:00,4.0,27.0,285.0,10.0,37.0,352.0,0.0,47.0,625.0,34,50.619,51.68,22.656,57.888,167.603,8.169
2010-12-29 08:30:00,11.0,91.0,284.0,31.0,103.0,333.0,0.0,54.0,918.0,34,50.659,51.84,54.687,58.55,167.243,8.425
2010-12-29 08:45:00,16.0,139.0,284.0,47.0,151.0,322.0,0.0,58.0,971.0,34,50.902,53.04,120.215,59.194,168.683,7.474999999999999
2010-12-29 09:00:00,12.0,105.0,284.0,37.0,117.0,320.0,0.0,57.0,928.0,34,51.459,53.96,128.223,59.669,164.34,6.919
2010-12-29 09:15:00,17.0,149.0,284.0,50.0,163.0,320.0,0.0,57.0,965.0,34,51.793,54.09,114.844,59.938,159.165,6.15
2010-12-29 09:30:00,29.0,248.0,284.0,66.0,271.0,410.0,0.0,58.0,989.0,34,52.178,55.4,191.016,59.538,169.448,8.544
2010-12-29 09:45:00,15.0,130.0,285.0,37.0,145.0,394.0,0.0,59.0,-960.0,34,52.664,55.9,120.801,59.556,166.32,7.138
2010-12-29 10:00:00,29.0,252.0,285.0,66.0,272.0,406.0,0.0,58.0,994.0,34,52.968,56.21,179.004,59.419,193.388,7.556
2010-12-29 10:15:00,25.0,220.0,284.0,60.0,238.0,397.0,0.0,59.0,-987.0,34,53.302,58.03,228.32,58.331,205.425,9.313
2010-12-29 10:30:00,21.0,182.0,285.0,49.0,199.0,404.0,0.0,59.0,985.0,34,53.393,57.29,130.078,57.975,204.57,9.356000000000002
2010-12-29 10:45:00,29.0,256.0,285.0,69.0,276.0,395.0,0.0,58.0,-989.0,34,53.363,56.63,138.77,58.475,205.29,9.681
2010-12-29 11:00:00,20.0,172.0,283.0,48.0,190.0,395.0,0.0,58.0,-977.0,34,53.798,58.09,193.652,57.638,183.803,7.138
2010-12-29 11:15:00,37.0,325.0,283.0,86.0,349.0,403.0,0.0,58.0,995.0,34,54.254,58.41,180.371,57.588,199.957,8.481
2010-12-29 11:30:00,24.0,210.0,283.0,57.0,230.0,404.0,0.0,58.0,-987.0,34,54.335,59.18,235.742,57.319,205.425,9.231000000000002
2010-12-29 11:45:00,23.0,199.0,285.0,54.0,218.0,404.0,0.0,58.0,-986.0,34,54.082,58.69,223.242,57.044,200.948,8.444
2010-12-29 12:00:00,83.0,711.0,285.0,178.0,758.0,425.0,0.0,60.0,999.0,34,54.476,59.39,263.867,55.231,215.505,9.875
2010-12-29 12:15:00,13.0,108.0,285.0,30.0,121.0,403.0,0.0,59.0,941.0,34,54.436,58.77,146.777,54.338,224.595,11.412
2010-12-29 12:30:00,111.0,957.0,287.0,254.0,1020.0,401.0,0.0,60.0,999.0,34,53.96,57.77,277.051,54.638,223.222,10.663
2010-12-29 12:45:00,112.0,969.0,287.0,262.0,1032.0,393.0,0.0,61.0,-999.0,34,55.124,64.71,644.434,51.506,221.828,8.593999999999998
2010-12-29 13:00:00,49.0,423.0,284.0,114.0,453.0,396.0,0.0,59.0,-999.0,34,56.856,72.18,602.246,48.756,209.61,4.7
2010-12-29 13:15:00,31.0,272.0,284.0,74.0,294.0,395.0,0.0,58.0,-989.0,34,57.605,67.89,393.652,47.313,189.9,7.219
2010-12-29 13:30:00,70.0,603.0,285.0,162.0,639.0,392.0,0.0,60.0,-999.0,34,57.939,66.97,419.824,45.856,188.077,5.387
2010-12-29 13:45:00,83.0,716.0,287.0,193.0,765.0,395.0,0.0,60.0,-999.0,34,58.496,69.7,447.949,43.825,206.078,5.75
2010-12-29 14:00:00,83.0,720.0,286.0,200.0,768.0,383.0,0.0,60.0,999.0,34,59.286,72.02,719.434,41.813,215.865,6.538
2010-12-29 14:15:00,11.0,94.0,284.0,28.0,109.0,379.0,0.0,59.0,908.0,34,59.903,74.61,552.148,39.45,227.61,7.444
2010-12-29 14:30:00,65.0,560.0,287.0,151.0,595.0,392.0,0.0,59.0,-999.0,34,58.719,68.71,483.105,41.256,222.48,5.994
2010-12-29 14:45:00,66.0,572.0,287.0,157.0,606.0,384.0,0.0,61.0,997.0,34,59.114,72.70999999999998,618.457,39.594,220.005,6.106
2010-12-29 15:00:00,14.0,118.0,285.0,32.0,132.0,403.0,0.0,60.0,956.0,34,59.59,70.17,512.988,39.775,198.428,7.961999999999998
2010-12-29 15:15:00,20.0,176.0,286.0,49.0,193.0,388.0,0.0,59.0,977.0,34,58.658,65.2,197.363,41.594,202.455,8.313
2010-12-29 15:30:00,16.0,137.0,286.0,39.0,153.0,389.0,0.0,59.0,-962.0,34,57.959,62.37,132.91,42.644,213.458,7.263
2010-12-29 15:45:00,12.0,98.0,285.0,29.0,112.0,374.0,0.0,58.0,-935.0,34,57.362,60.85,139.648,45.35,209.138,8.769
2010-12-29 16:00:00,9.0,67.0,285.0,21.0,81.0,376.0,0.0,58.0,-861.0,34,57.068,59.7,83.691,44.337,214.717,9.425
2010-12-29 16:15:00,7.0,54.0,285.0,18.0,66.0,361.0,0.0,58.0,-816.0,34,56.694,58.53,58.496,44.769,205.29,6.962
2010-12-29 16:30:00,3.0,10.0,285.0,5.0,20.0,371.0,0.0,57.0,285.0,34,55.813,57.29,39.844,47.338,202.32,7.169
2010-12-29 16:45:00,0.0,-2.0,285.0,0.0,0.0,363.0,0.0,56.0,0.0,34,54.851,55.77,0.0,49.037,205.425,9.256
2010-12-29 17:00:00,0.0,-3.0,284.0,0.0,-2.0,215.0,0.0,54.0,0.0,34,53.93,54.53,0.879,49.394,210.645,9.275
2010-12-29 17:15:00,0.0,-2.0,285.0,0.0,0.0,31.0,0.0,52.0,0.0,34,53.626,54.12,0.195,51.038,210.42,9.1
2010-12-29 17:30:00,0.0,-3.0,284.0,0.0,-2.0,12.0,0.0,51.0,0.0,34,53.241,53.5,0.195,50.975,210.128,9.119
2010-12-29 17:45:00,0.0,-2.0,283.0,0.0,-2.0,7.0,0.0,50.0,0.0,34,52.644,52.91,0.195,49.95,216.72,9.475
2010-12-29 18:00:00,0.0,-2.0,285.0,0.0,-2.0,9.0,0.0,48.0,0.0,34,52.522,52.66,0.195,37.131,228.533,10.781
2010-12-29 18:15:00,0.0,-3.0,285.0,0.0,-2.0,6.0,0.0,47.0,0.0,34,52.37,52.49,0.098,34.313,221.58,10.531
2010-12-29 18:30:00,0.0,-2.0,285.0,0.0,0.0,4.0,0.0,46.0,0.0,34,51.682,51.44,0.0,39.244,223.065,8.694
2010-12-29 18:45:00,0.0,-2.0,285.0,0.0,-2.0,5.0,0.0,45.0,0.0,34,50.912,50.32,0.0,36.819,230.535,9.906
2010-12-03 06:00:00,0.0,-2.0,283.0,0.0,-2.0,35.0,0.0,32.0,0.0,34,36.737,29.34,0.0,51.281,290.43,0.556
2010-12-03 06:15:00,0.0,-3.0,281.0,0.0,-2.0,265.0,0.0,32.0,0.0,34,36.424,28.62,0.0,52.156,271.552,0.5939999999999999
2010-12-03 06:30:00,3.0,-6.0,283.0,0.0,2.0,296.0,0.0,32.0,0.0,34,36.312,28.69,0.781,50.694,269.775,1.119
2010-12-03 06:45:00,0.0,-3.0,283.0,0.0,-2.0,440.0,0.0,34.0,0.0,34,36.636,29.34,6.738,51.094,255.308,1.25
2010-12-03 07:00:00,4.0,20.0,283.0,9.0,29.0,342.0,0.0,38.0,-517.0,34,36.272,29.78,16.992,54.669,231.57,1.138
2010-12-03 07:15:00,6.0,43.0,283.0,13.0,55.0,405.0,0.0,45.0,799.0,34,36.322,30.62,25.098,54.738,235.845,1.9
2010-12-03 07:30:00,15.0,129.0,283.0,39.0,143.0,366.0,0.0,56.0,-959.0,34,37.082,31.48,139.355,53.219,232.988,0.794
2010-12-03 07:45:00,19.0,167.0,284.0,44.0,186.0,420.0,0.0,59.0,-983.0,34,38.772,38.8,250.977,50.125,264.578,1.556
2010-12-03 08:00:00,20.0,179.0,283.0,48.0,197.0,404.0,0.0,58.0,977.0,34,40.463,46.9,273.34,44.469,233.843,0.881
2010-12-03 08:15:00,45.0,391.0,285.0,102.0,415.0,408.0,0.0,58.0,999.0,34,42.094,51.29,366.797,37.85,39.352,0.675
2010-12-03 08:30:00,48.0,422.0,285.0,110.0,450.0,408.0,0.0,60.0,-999.0,34,43.663,57.33,463.965,37.119,143.055,0.881
2010-12-03 08:45:00,77.0,669.0,286.0,180.0,714.0,396.0,0.0,60.0,-999.0,34,45.364,62.63,540.625,35.375,146.003,1.138
2010-12-03 09:00:00,53.0,464.0,286.0,124.0,498.0,400.0,0.0,59.0,999.0,34,47.45,67.8,520.312,32.431,84.39799999999998,0.7309999999999999
2010-12-03 09:15:00,73.0,629.0,286.0,173.0,670.0,387.0,0.0,61.0,999.0,34,49.647,67.39,545.313,29.788,151.672,1.156
2010-12-03 09:30:00,76.0,653.0,286.0,181.0,696.0,383.0,0.0,59.0,-999.0,34,51.479,70.46,596.875,27.919,112.185,0.8559999999999999
2010-12-03 09:45:00,80.0,689.0,286.0,189.0,735.0,389.0,0.0,59.0,-999.0,34,52.016,73.39,544.336,26.113,94.68,1.375
2010-12-03 10:00:00,88.0,757.0,287.0,214.0,807.0,376.0,0.0,60.0,-999.0,34,52.421,75.15999999999998,757.422,24.838,96.773,1.088
2010-12-03 10:15:00,86.0,749.0,286.0,215.0,795.0,369.0,0.0,59.0,-999.0,34,54.163,80.17,772.6559999999998,23.619,104.445,1.063
2010-12-03 10:30:00,71.0,614.0,286.0,180.0,652.0,362.0,0.0,59.0,999.0,34,55.843,85.70999999999998,920.703,21.869,135.967,2.094
2010-12-03 10:45:00,70.0,607.0,286.0,171.0,646.0,376.0,0.0,60.0,999.0,34,56.593,84.18,593.164,21.463,114.525,1.669
2010-12-03 11:00:00,117.0,1016.0,287.0,301.0,1078.0,357.0,0.0,59.0,-999.0,34,57.372,83.94,945.41,19.988,175.185,1.25
2010-12-03 11:15:00,100.0,861.0,287.0,251.0,914.0,362.0,0.0,61.0,-999.0,34,59.681,90.79,957.129,18.188,143.438,1.231
2010-12-03 11:30:00,106.0,918.0,287.0,273.0,973.0,355.0,0.0,61.0,-999.0,34,60.015,88.26999999999998,889.551,18.219,115.223,1.319
2010-12-03 11:45:00,107.0,926.0,287.0,285.0,981.0,343.0,0.0,61.0,999.0,34,61.473,83.61,1130.762,17.575,122.693,2.225
2010-12-03 12:00:00,122.0,1054.0,288.0,319.0,1117.0,350.0,0.0,59.0,-999.0,34,62.992,87.95999999999998,932.52,16.469,107.258,2.075
2010-12-03 12:15:00,81.0,700.0,287.0,211.0,742.0,350.0,0.0,60.0,999.0,34,63.953,85.81,1021.68,15.669,112.478,2.613
2010-12-03 12:30:00,77.0,668.0,287.0,202.0,708.0,350.0,0.0,60.0,-999.0,34,64.156,87.17,1026.27,16.019,127.373,2.387
2010-12-03 12:45:00,92.0,799.0,287.0,237.0,850.0,358.0,0.0,60.0,-999.0,34,64.763,88.43,894.8239999999998,15.375,134.73,2.525
2010-12-03 13:00:00,41.0,360.0,286.0,104.0,383.0,366.0,0.0,59.0,996.0,34,64.682,85.45,506.641,15.731,114.952,2.269
2010-12-03 13:15:00,72.0,625.0,286.0,178.0,665.0,372.0,0.0,59.0,-999.0,34,64.369,79.43,691.699,15.044,137.992,2.719
2010-12-03 13:30:00,51.0,444.0,286.0,126.0,473.0,372.0,0.0,59.0,-996.0,34,65.006,80.65999999999998,548.828,14.625,96.188,2.387
2010-12-03 13:45:00,59.0,511.0,286.0,143.0,544.0,380.0,0.0,60.0,-999.0,34,64.612,76.37999999999998,548.145,14.694,89.45999999999998,3.163
2010-12-03 14:00:00,46.0,400.0,287.0,108.0,430.0,395.0,0.0,59.0,-999.0,34,64.52,73.94,468.848,14.225,88.2,3.606
2010-12-03 14:15:00,37.0,319.0,286.0,86.0,345.0,397.0,0.0,59.0,-995.0,34,63.65,70.2,344.336,14.875,91.89,3.944
2010-12-03 14:30:00,30.0,260.0,286.0,69.0,282.0,406.0,0.0,59.0,-994.0,34,63.204,68.78,307.617,15.131,96.952,4.037
2010-12-03 14:45:00,23.0,199.0,286.0,57.0,217.0,378.0,0.0,58.0,-986.0,34,62.83,67.07,200.195,15.294,93.33,3.781
2010-12-03 15:00:00,17.0,153.0,286.0,44.0,171.0,389.0,0.0,58.0,-974.0,34,62.587,66.12,165.918,14.887,97.852,3.363
2010-12-03 15:15:00,9.0,71.0,286.0,23.0,86.0,368.0,0.0,58.0,883.0,34,62.313,65.06,93.066,15.094,100.958,2.737
2010-12-03 15:30:00,8.0,60.0,286.0,19.0,72.0,385.0,0.0,59.0,848.0,34,61.635,63.82,63.184,16.1,77.31,2.681
2010-12-03 15:45:00,5.0,33.0,286.0,11.0,44.0,375.0,0.0,58.0,694.0,34,61.037,62.86,52.441,17.056,81.54,2.344
2010-12-03 16:00:00,3.0,10.0,286.0,6.0,21.0,363.0,0.0,57.0,-285.0,34,60.572,61.7,23.438,17.994,91.058,1.756
2010-12-03 16:15:00,3.0,-3.0,285.0,2.0,6.0,300.0,0.0,57.0,76.0,34,59.802,60.35,13.965,19.025,81.98999999999998,1.25
2010-12-03 16:30:00,0.0,-2.0,285.0,0.0,-2.0,359.0,0.0,56.0,0.0,34,59.154,59.49,3.027,19.731,81.518,2.169
2010-12-03 16:45:00,0.0,-2.0,283.0,0.0,-2.0,233.0,0.0,56.0,0.0,34,58.385,58.15,0.5859999999999999,20.663,88.447,1.744
2010-12-03 17:00:00,0.0,-3.0,283.0,0.0,-2.0,33.0,0.0,54.0,0.0,34,57.625,57.19,0.098,21.688,104.535,1.306
2010-12-03 17:15:00,0.0,-2.0,283.0,0.0,-2.0,16.0,0.0,53.0,0.0,34,57.028,56.3,0.195,22.306,100.598,0.956
2010-12-03 17:30:00,0.0,-2.0,283.0,0.0,-2.0,20.0,0.0,52.0,0.0,34,56.653,56.06,0.195,22.538,104.67,1.113
2010-12-03 17:45:00,0.0,-3.0,283.0,0.0,0.0,24.0,0.0,51.0,0.0,34,56.552,56.13,0.098,22.794,109.125,0.8559999999999999
2010-12-03 18:00:00,0.0,-2.0,283.0,0.0,0.0,14.0,0.0,50.0,0.0,34,56.117,55.42,0.195,23.594,132.008,0.2879999999999999
2010-12-03 18:15:00,0.0,-2.0,283.0,0.0,-2.0,25.0,0.0,49.0,0.0,34,55.631,52.43,0.195,23.938,132.39,0.2439999999999999
2010-12-03 18:30:00,0.0,-2.0,283.0,0.0,0.0,24.0,0.0,48.0,0.0,34,55.185,51.18,0.195,24.413,132.39,0.225
2010-12-03 18:45:00,0.0,-3.0,284.0,0.0,-2.0,19.0,0.0,47.0,0.0,34,55.135,52.93,0.2929999999999999,23.825,77.018,0.788
2010-12-30 06:00:00,0.0,-2.0,281.0,0.0,-2.0,5.0,0.0,28.0,0.0,34,35.026,35.49,0.098,35.8,295.11,12.044
2010-12-30 06:15:00,0.0,-2.0,281.0,0.0,-2.0,34.0,0.0,28.0,0.0,34,34.733,35.16,0.0,35.925,293.94,13.069
2010-12-30 06:30:00,0.0,-3.0,285.0,0.0,-2.0,270.0,0.0,27.0,0.0,34,34.712,35.37,0.0,34.075,297.158,13.731
2010-12-30 06:45:00,3.0,-6.0,284.0,1.0,4.0,297.0,0.0,28.0,0.0,34,34.449,34.86,0.879,34.119,296.258,12.756
2010-12-30 07:00:00,0.0,-3.0,284.0,0.0,-2.0,432.0,0.0,30.0,0.0,34,34.216,34.55,4.883,31.788,297.315,12.056
2010-12-30 07:15:00,4.0,21.0,285.0,9.0,32.0,325.0,0.0,34.0,533.0,34,34.024,34.15,10.742,30.231,299.025,9.969
2010-12-30 07:30:00,9.0,71.0,285.0,21.0,85.0,398.0,0.0,40.0,883.0,34,33.68,34.07,14.648,28.938,296.64,9.675
2010-12-30 07:45:00,14.0,121.0,284.0,36.0,136.0,378.0,0.0,52.0,957.0,34,33.68,33.66,83.789,30.906,299.813,7.306
2010-12-30 08:00:00,22.0,194.0,285.0,49.0,214.0,430.0,0.0,58.0,986.0,34,33.983,36.38,297.07,30.919,296.438,7.644
2010-12-30 08:15:00,33.0,284.0,284.0,71.0,307.0,429.0,0.0,60.0,995.0,34,34.287,40.31,366.016,29.756,296.865,9.069
2010-12-30 08:30:00,45.0,383.0,283.0,95.0,411.0,428.0,0.0,59.0,-996.0,34,34.723,42.73,436.816,28.963,296.955,9.075
2010-12-30 08:45:00,56.0,477.0,282.0,120.0,510.0,423.0,0.0,60.0,-997.0,34,34.966,44.36,485.742,28.831,300.263,9.756
2010-12-30 09:00:00,64.0,553.0,283.0,140.0,592.0,422.0,0.0,59.0,-999.0,34,35.381,42.91,550.0,27.869,303.908,13.681
2010-12-30 09:15:00,74.0,629.0,282.0,161.0,669.0,416.0,0.0,57.0,-999.0,34,35.553,44.51,608.301,27.975,305.708,11.906
2010-12-30 09:30:00,80.0,683.0,283.0,173.0,730.0,419.0,0.0,59.0,999.0,34,36.008,46.37,662.109,28.556,300.915,11.481
2010-12-30 09:45:00,85.0,731.0,285.0,184.0,783.0,423.0,0.0,59.0,999.0,34,36.201,46.15,706.348,27.469,302.422,15.425
2010-12-30 10:00:00,91.0,787.0,285.0,203.0,842.0,413.0,0.0,59.0,999.0,34,36.363,46.74,749.316,27.775,300.353,14.838
2010-12-30 10:15:00,96.0,823.0,283.0,216.0,874.0,403.0,0.0,58.0,999.0,34,36.646,47.98,789.1599999999999,26.0,299.835,14.8
2010-12-30 10:30:00,100.0,854.0,284.0,222.0,911.0,409.0,0.0,58.0,1000.0,34,37.183,49.82,819.043,24.925,295.943,12.806
2010-12-30 10:45:00,102.0,876.0,284.0,232.0,932.0,400.0,0.0,60.0,-999.0,34,37.476,51.52,845.1169999999998,24.756,294.975,11.856
2010-12-30 11:00:00,105.0,896.0,283.0,237.0,955.0,402.0,0.0,59.0,-1000.0,34,37.942,52.37,866.895,23.975,297.608,11.675
2010-12-30 11:15:00,105.0,909.0,286.0,239.0,973.0,406.0,0.0,60.0,-999.0,34,38.226,52.35,882.3239999999998,22.975,298.26,12.006
2010-12-30 11:30:00,106.0,916.0,286.0,241.0,980.0,406.0,0.0,60.0,999.0,34,38.641,51.88,890.7229999999998,22.781,298.328,12.862
2010-12-30 11:45:00,106.0,912.0,285.0,245.0,972.0,396.0,0.0,60.0,-1000.0,34,38.874,53.88,894.043,22.263,296.527,10.863
2010-12-30 12:00:00,105.0,907.0,286.0,244.0,965.0,395.0,0.0,61.0,999.0,34,39.259,54.3,888.965,21.619,302.828,12.044
2010-12-30 12:15:00,104.0,901.0,286.0,240.0,958.0,397.0,0.0,60.0,-999.0,34,39.815,54.34,882.52,19.9,297.923,12.35
2010-12-30 12:30:00,104.0,901.0,287.0,237.0,962.0,404.0,0.0,59.0,1000.0,34,40.23,53.75,879.1989999999998,19.163,297.338,13.138
2010-12-30 12:45:00,13.0,117.0,284.0,32.0,130.0,403.0,0.0,58.0,955.0,34,40.99,56.22,720.508,18.456,298.777,10.744
2010-12-30 13:00:00,109.0,945.0,287.0,248.0,1009.0,406.0,0.0,59.0,1000.0,34,40.443,48.58,550.977,17.512,299.992,10.513
2010-12-30 13:15:00,106.0,915.0,286.0,245.0,976.0,398.0,0.0,59.0,-1000.0,34,41.537,56.1,866.504,17.519,302.333,10.169
2010-12-30 13:30:00,93.0,795.0,285.0,210.0,851.0,403.0,0.0,60.0,999.0,34,42.164,58.48,834.375,19.869,292.365,8.869
2010-12-30 13:45:00,91.0,780.0,285.0,207.0,831.0,400.0,0.0,60.0,999.0,34,42.367,57.97,778.32,20.444,296.033,9.294
2010-12-30 14:00:00,77.0,662.0,284.0,172.0,710.0,411.0,0.0,60.0,-999.0,34,42.559,56.43,739.4529999999999,18.975,297.9,9.506
2010-12-30 14:15:00,74.0,630.0,283.0,163.0,670.0,410.0,0.0,59.0,999.0,34,41.861,53.25,649.609,23.819,296.527,9.494
2010-12-30 14:30:00,70.0,599.0,283.0,153.0,642.0,417.0,0.0,60.0,999.0,34,40.98,50.87,613.086,25.669,299.723,9.944
2010-12-30 14:45:00,34.0,292.0,283.0,75.0,314.0,414.0,0.0,58.0,-995.0,34,41.344,52.61,446.973,26.5,290.588,7.206
2010-12-30 15:00:00,57.0,494.0,284.0,124.0,526.0,423.0,0.0,58.0,-999.0,34,40.828,49.45,473.73,25.313,296.46,7.825
2010-12-30 15:15:00,40.0,341.0,282.0,89.0,364.0,409.0,0.0,60.0,995.0,34,40.889,48.46,403.223,27.056,291.848,10.581
2010-12-30 15:30:00,5.0,41.0,282.0,13.0,54.0,415.0,0.0,58.0,815.0,34,39.056,45.84,271.289,29.488,299.475,9.006
2010-12-30 15:45:00,7.0,54.0,282.0,16.0,64.0,395.0,0.0,59.0,850.0,34,38.347,41.75,60.84,27.925,294.818,8.537
2010-12-30 16:00:00,4.0,24.0,283.0,9.0,35.0,387.0,0.0,57.0,-599.0,34,37.993,39.51,43.652,27.844,286.583,8.131
2010-12-30 16:15:00,3.0,6.0,281.0,4.0,17.0,404.0,0.0,57.0,0.0,34,37.466,38.21,17.09,30.531,306.068,8.093999999999998
2010-12-30 16:30:00,3.0,-2.0,282.0,2.0,8.0,304.0,0.0,57.0,0.0,34,37.487,37.89,9.668,30.169,301.275,9.669
2010-12-30 16:45:00,0.0,-3.0,282.0,0.0,-2.0,378.0,0.0,56.0,0.0,34,37.112,37.96,2.539,37.513,296.393,9.656
2010-12-30 17:00:00,0.0,-2.0,281.0,0.0,0.0,205.0,0.0,55.0,0.0,34,35.938,35.41,0.0,39.019,299.745,6.412
2010-12-30 17:15:00,0.0,-2.0,282.0,0.0,-2.0,27.0,0.0,53.0,0.0,34,35.938,33.9,0.0,35.275,302.175,5.75
2010-12-30 17:30:00,0.0,-3.0,283.0,0.0,0.0,26.0,0.0,52.0,0.0,34,36.15,35.12,0.0,33.444,307.485,7.275
2010-12-30 17:45:00,0.0,-2.0,282.0,0.0,0.0,19.0,0.0,51.0,0.0,34,36.292,35.79,0.0,35.413,299.97,5.244
2010-12-30 18:00:00,0.0,-2.0,282.0,0.0,0.0,9.0,0.0,50.0,0.0,34,36.241,34.74,0.0,36.856,296.483,4.875
2010-12-30 18:15:00,0.0,-3.0,283.0,0.0,-2.0,6.0,0.0,48.0,0.0,34,35.948,33.94,0.0,37.013,303.548,6.194
2010-12-30 18:30:00,0.0,-3.0,284.0,0.0,-2.0,5.0,0.0,47.0,0.0,34,35.482,34.04,0.0,37.187,305.415,7.731
2010-12-30 18:45:00,0.0,-2.0,284.0,0.0,0.0,5.0,0.0,46.0,0.0,34,35.381,33.94,0.0,37.538,305.032,5.994
2010-12-31 06:00:00,0.0,-3.0,284.0,0.0,-2.0,6.0,0.0,29.0,0.0,34,25.6,25.45,0.0,33.944,215.235,4.688
2010-12-31 06:15:00,0.0,-3.0,283.0,0.0,-2.0,46.0,0.0,29.0,0.0,34,25.195,25.08,0.0,35.025,256.185,5.769
2010-12-31 06:30:00,0.0,-2.0,282.0,0.0,-2.0,307.0,0.0,29.0,0.0,34,25.438,25.74,0.0,32.938,289.823,7.711999999999998
2010-12-31 06:45:00,2.0,-6.0,282.0,1.0,4.0,296.0,0.0,30.0,0.0,34,25.58,25.94,0.684,32.05,298.373,8.106
2010-12-31 07:00:00,0.0,-3.0,285.0,0.0,0.0,450.0,0.0,31.0,0.0,34,25.458,25.67,5.273,31.831,268.133,6.031
2010-12-31 07:15:00,4.0,29.0,283.0,10.0,40.0,395.0,0.0,37.0,-687.0,34,25.63,26.41,11.328,29.506,225.607,6.531
2010-12-31 07:30:00,8.0,68.0,283.0,19.0,85.0,445.0,0.0,45.0,910.0,34,26.136,27.13,0.0,27.963,255.465,7.194
2010-12-31 07:45:00,14.0,122.0,285.0,35.0,139.0,396.0,0.0,55.0,968.0,34,26.612,27.72,84.18,27.106,290.678,9.356000000000002
2010-12-31 08:00:00,22.0,198.0,285.0,50.0,217.0,431.0,0.0,58.0,-986.0,34,27.048,29.9,297.168,26.912,301.905,10.206
2010-12-31 08:15:00,33.0,290.0,284.0,72.0,313.0,432.0,0.0,59.0,995.0,34,27.372,32.5,368.75,26.712,295.628,9.481000000000002
2010-12-31 08:30:00,45.0,387.0,284.0,94.0,418.0,443.0,0.0,58.0,999.0,34,28.131,35.04,438.477,24.75,302.4,11.344
2010-12-31 08:45:00,56.0,486.0,285.0,121.0,517.0,425.0,0.0,58.0,997.0,34,28.84,36.74,488.184,22.881,306.788,12.45
2010-12-31 09:00:00,65.0,560.0,284.0,139.0,599.0,429.0,0.0,60.0,-999.0,34,29.316,37.39,552.441,21.5,303.885,11.712
2010-12-31 09:15:00,74.0,637.0,284.0,161.0,680.0,422.0,0.0,59.0,1000.0,34,29.893,39.68,611.523,20.35,306.045,11.144
2010-12-31 09:30:00,81.0,693.0,285.0,175.0,741.0,423.0,0.0,59.0,-999.0,34,30.247,41.02,663.672,19.675,306.0,12.612
2010-12-31 09:45:00,86.0,743.0,285.0,191.0,791.0,412.0,0.0,61.0,-999.0,34,30.754,43.09,709.375,19.431,299.498,11.175
2010-12-31 10:00:00,92.0,788.0,284.0,201.0,843.0,418.0,0.0,59.0,-999.0,34,31.229,44.87,749.609,19.081,296.933,11.237
2010-12-31 10:15:00,95.0,819.0,285.0,209.0,877.0,417.0,0.0,59.0,-999.0,34,31.412,46.18,784.7659999999998,19.688,298.08,10.625
2010-12-31 10:30:00,99.0,850.0,284.0,218.0,912.0,417.0,0.0,59.0,-999.0,34,31.827,47.34,816.211,18.838,290.318,10.844
2010-12-31 10:45:00,103.0,881.0,285.0,230.0,942.0,408.0,0.0,58.0,-998.0,34,32.07,47.44,842.383,18.969,298.598,11.469
2010-12-31 11:00:00,104.0,897.0,285.0,234.0,958.0,408.0,0.0,58.0,999.0,34,32.586,48.53,862.5979999999998,19.119,293.018,9.987
2010-12-31 11:15:00,106.0,908.0,285.0,240.0,968.0,400.0,0.0,59.0,-1000.0,34,32.981,48.96,877.539,19.35,276.638,9.344
2010-12-31 11:30:00,105.0,908.0,286.0,236.0,970.0,411.0,0.0,61.0,-999.0,34,33.437,51.02,887.988,19.194,290.97,8.419
2010-12-31 11:45:00,106.0,915.0,287.0,243.0,976.0,400.0,0.0,60.0,-999.0,34,33.882,53.6,893.8479999999998,18.931,289.238,8.256
2010-12-31 12:00:00,105.0,905.0,285.0,242.0,968.0,398.0,0.0,59.0,-1000.0,34,34.216,54.48,892.48,18.925,292.342,7.224999999999999
2010-12-31 12:15:00,104.0,895.0,287.0,238.0,955.0,401.0,0.0,59.0,1000.0,34,34.712,55.32,885.938,18.9,291.105,7.181
2010-12-31 12:30:00,100.0,866.0,287.0,235.0,924.0,393.0,0.0,59.0,-998.0,34,35.057,58.46,875.195,18.731,279.113,4.513
2010-12-31 12:45:00,98.0,846.0,286.0,228.0,903.0,394.0,0.0,60.0,-999.0,34,35.705,60.79,858.301,18.456,278.55,4.881
2010-12-31 13:00:00,95.0,818.0,287.0,217.0,872.0,401.0,0.0,60.0,999.0,34,35.988,59.8,835.645,18.512,228.758,4.556
2010-12-31 13:15:00,90.0,783.0,287.0,212.0,834.0,393.0,0.0,60.0,999.0,34,36.282,60.65,808.398,18.512,209.003,2.963
2010-12-31 13:30:00,87.0,745.0,284.0,201.0,793.0,394.0,0.0,59.0,999.0,34,36.484,61.82,775.7809999999998,18.313,243.563,3.344
2010-12-31 13:45:00,81.0,699.0,285.0,190.0,742.0,389.0,0.0,60.0,-999.0,34,36.555,62.42,737.988,18.525,230.58,2.356
2010-12-31 14:00:00,76.0,654.0,286.0,174.0,698.0,399.0,0.0,60.0,999.0,34,36.677,60.67,693.75,18.45,185.287,3.263
2010-12-31 14:15:00,70.0,599.0,284.0,156.0,642.0,410.0,0.0,60.0,999.0,34,36.555,57.89,646.387,18.669,184.118,2.981
2010-12-31 14:30:00,63.0,541.0,284.0,142.0,576.0,403.0,0.0,60.0,-997.0,34,36.788,55.96,593.164,18.719,187.313,2.306
2010-12-31 14:45:00,54.0,467.0,284.0,120.0,503.0,418.0,0.0,60.0,997.0,34,36.656,53.86,538.477,19.163,243.788,1.831
2010-12-31 15:00:00,44.0,383.0,283.0,100.0,407.0,406.0,0.0,60.0,999.0,34,36.494,54.83,477.93,19.075,233.168,1.631
2010-12-31 15:15:00,33.0,286.0,283.0,75.0,306.0,406.0,0.0,59.0,995.0,34,36.15,50.06,414.258,20.094,295.56,1.175
2010-12-31 15:30:00,20.0,179.0,283.0,48.0,195.0,399.0,0.0,58.0,985.0,34,35.806,48.62,348.633,20.413,97.898,0.8629999999999999
2010-12-31 15:45:00,12.0,105.0,281.0,30.0,118.0,388.0,0.0,59.0,951.0,34,35.431,47.23,281.348,20.2,236.948,2.269
2010-12-31 16:00:00,6.0,47.0,284.0,14.0,59.0,411.0,0.0,58.0,-833.0,34,34.864,39.97,54.102,21.294,41.085,1.725
2010-12-31 16:15:00,3.0,5.0,285.0,4.0,17.0,391.0,0.0,58.0,159.0,34,34.358,34.22,14.746,23.55,87.007,1.663
2010-12-31 16:30:00,2.0,-2.0,283.0,2.0,6.0,299.0,0.0,57.0,0.0,34,33.609,31.94,7.227,24.506,84.17199999999998,1.481
2010-12-31 16:45:00,2.0,-7.0,284.0,0.0,1.0,296.0,0.0,56.0,0.0,34,32.89,30.83,3.125,24.956,77.58,1.65
2010-12-31 17:00:00,0.0,-3.0,284.0,0.0,-2.0,205.0,0.0,56.0,0.0,34,32.181,29.05,0.391,25.95,68.648,1.131
2010-12-31 17:15:00,0.0,-2.0,284.0,0.0,0.0,16.0,0.0,54.0,0.0,34,31.483,26.03,0.0,26.869,62.978,1.175
2010-12-31 17:30:00,0.0,-3.0,283.0,0.0,0.0,5.0,0.0,53.0,0.0,34,30.845,23.78,0.0,28.6,23.963,0.7379999999999999
2010-12-31 17:45:00,0.0,-2.0,284.0,0.0,0.0,4.0,0.0,52.0,0.0,34,30.217,22.07,0.0,29.238,20.88,0.7309999999999999
2010-12-31 18:00:00,0.0,-2.0,284.0,0.0,0.0,4.0,0.0,51.0,0.0,34,29.65,20.97,0.0,29.606,19.328,0.769
2010-12-31 18:15:00,0.0,-2.0,285.0,0.0,0.0,4.0,0.0,51.0,0.0,34,28.617,17.26,0.0,32.588,19.238,0.0379999999999999
2010-12-31 18:30:00,0.0,-2.0,284.0,0.0,-2.0,5.0,0.0,50.0,0.0,34,28.05,14.88,0.0,33.406,38.767,0.55
2010-12-31 18:45:00,0.0,-3.0,284.0,0.0,-2.0,5.0,0.0,48.0,0.0,34,28.992,20.16,0.0,31.9,82.26,0.506
2010-12-04 06:00:00,0.0,-3.0,284.0,0.0,-2.0,33.0,0.0,32.0,0.0,34,38.823,31.56,0.0,47.313,307.26,2.194
2010-12-04 06:15:00,0.0,-2.0,284.0,0.0,-2.0,245.0,0.0,32.0,0.0,34,39.41,33.82,0.0,44.619,295.83,2.5
2010-12-04 06:30:00,3.0,-7.0,284.0,0.0,2.0,297.0,0.0,32.0,0.0,34,39.633,33.01,0.391,43.606,293.085,0.5879999999999999
2010-12-04 06:45:00,0.0,-2.0,285.0,0.0,-2.0,415.0,0.0,34.0,0.0,34,38.924,31.77,2.344,44.7,301.05,0.512
2010-12-04 07:00:00,3.0,13.0,283.0,7.0,25.0,378.0,0.0,38.0,384.0,34,39.532,33.13,9.668,42.956,300.06,1.206
2010-12-04 07:15:00,9.0,71.0,284.0,19.0,85.0,425.0,0.0,46.0,913.0,34,40.737,37.0,28.613,40.694,294.863,1.894
2010-12-04 07:30:00,9.0,71.0,284.0,21.0,85.0,398.0,0.0,55.0,898.0,34,41.85,40.43,58.887,39.113,308.61,1.869
2010-12-04 07:45:00,14.0,125.0,284.0,37.0,139.0,373.0,0.0,58.0,968.0,34,42.812,43.05,90.137,37.619,299.453,2.0
2010-12-04 08:00:00,36.0,315.0,284.0,80.0,341.0,422.0,0.0,58.0,995.0,34,43.946,47.95,346.582,35.35,303.255,2.481
2010-12-04 08:15:00,41.0,353.0,284.0,93.0,379.0,404.0,0.0,60.0,996.0,34,45.86,60.92,478.418,33.413,288.113,2.031
2010-12-04 08:30:00,79.0,681.0,285.0,186.0,726.0,389.0,0.0,59.0,999.0,34,48.31,68.56,572.07,29.819,295.043,1.319
2010-12-04 08:45:00,32.0,280.0,283.0,76.0,302.0,395.0,0.0,58.0,995.0,34,50.791,75.48,410.449,26.869,305.82,0.788
2010-12-04 09:00:00,32.0,282.0,284.0,75.0,305.0,406.0,0.0,60.0,995.0,34,51.834,69.25,220.313,26.063,294.03,1.462
2010-12-04 09:15:00,62.0,537.0,284.0,143.0,572.0,400.0,0.0,59.0,999.0,34,52.067,65.81,324.805,26.044,301.185,1.556
2010-12-04 09:30:00,45.0,390.0,285.0,106.0,415.0,389.0,0.0,59.0,996.0,34,53.099,68.27,362.305,24.644,291.69,1.9
2010-12-04 09:45:00,86.0,742.0,286.0,201.0,792.0,391.0,0.0,58.0,999.0,34,52.978,69.16,405.273,24.981,309.217,1.687
2010-12-04 10:00:00,94.0,806.0,286.0,228.0,855.0,374.0,0.0,59.0,999.0,34,54.183,79.48999999999998,786.23,23.6,288.72,1.069
2010-12-04 10:15:00,54.0,468.0,284.0,135.0,496.0,367.0,0.0,60.0,997.0,34,56.015,86.39,727.539,21.344,134.64,1.1
2010-12-04 10:30:00,34.0,292.0,284.0,80.0,314.0,388.0,0.0,59.0,999.0,34,56.947,77.79,295.41,20.881,73.75499999999998,0.781
2010-12-04 10:45:00,30.0,257.0,284.0,71.0,276.0,386.0,0.0,59.0,989.0,34,57.18,70.88,236.816,20.731,78.03,0.406
2010-12-04 11:00:00,34.0,294.0,285.0,80.0,315.0,392.0,0.0,59.0,995.0,34,57.909,69.24,260.84,20.106,120.443,0.3439999999999999
2010-12-04 11:15:00,35.0,303.0,284.0,83.0,326.0,393.0,0.0,59.0,990.0,34,58.607,69.02,259.57,19.525,325.418,0.525
2010-12-04 11:30:00,26.0,229.0,285.0,63.0,247.0,390.0,0.0,58.0,988.0,34,58.921,70.43,232.324,18.806,309.645,0.656
2010-12-04 11:45:00,49.0,423.0,285.0,114.0,453.0,393.0,0.0,58.0,-996.0,34,59.225,69.67,317.969,18.694,96.367,1.194
2010-12-04 12:00:00,31.0,274.0,285.0,74.0,292.0,392.0,0.0,59.0,-999.0,34,60.156,72.48999999999998,338.184,17.756,66.533,1.219
2010-12-04 12:15:00,18.0,160.0,285.0,46.0,176.0,380.0,0.0,59.0,-975.0,34,60.45,72.94,206.836,18.081,220.928,1.606
2010-12-04 12:30:00,19.0,167.0,285.0,47.0,183.0,387.0,0.0,58.0,-983.0,34,59.721,68.15,155.664,18.8,206.325,0.512
2010-12-04 12:45:00,18.0,163.0,285.0,46.0,179.0,389.0,0.0,59.0,-975.0,34,59.184,66.33,150.684,18.85,205.74,1.4
2010-12-04 13:00:00,24.0,210.0,285.0,58.0,226.0,388.0,0.0,58.0,993.0,34,59.205,65.15,140.234,19.088,81.72,1.413
2010-12-04 13:15:00,34.0,292.0,285.0,80.0,313.0,387.0,0.0,60.0,995.0,34,59.286,65.62,230.957,18.85,117.427,1.65
2010-12-04 13:30:00,32.0,280.0,286.0,77.0,302.0,391.0,0.0,58.0,995.0,34,59.984,67.6,267.578,18.275,113.67,1.587
2010-12-04 13:45:00,17.0,149.0,284.0,43.0,166.0,384.0,0.0,59.0,973.0,34,60.359,68.07,196.484,18.388,51.322,0.55
2010-12-04 14:00:00,15.0,129.0,285.0,37.0,144.0,389.0,0.0,58.0,969.0,34,60.167,66.31,118.75,19.206,105.773,0.625
2010-12-04 14:15:00,14.0,122.0,286.0,36.0,136.0,373.0,0.0,58.0,-957.0,34,59.863,64.86,113.672,19.625,172.508,1.094
2010-12-04 14:30:00,12.0,105.0,284.0,31.0,118.0,370.0,0.0,58.0,951.0,34,59.772,64.6,99.414,19.869,174.105,1.106
2010-12-04 14:45:00,28.0,244.0,285.0,66.0,264.0,399.0,0.0,57.0,-994.0,34,59.65,64.56,144.238,20.075,257.917,0.888
2010-12-04 15:00:00,23.0,206.0,285.0,56.0,224.0,398.0,0.0,58.0,987.0,34,60.076,67.42,292.285,19.531,325.89,0.7189999999999999
2010-12-04 15:15:00,16.0,144.0,284.0,43.0,157.0,366.0,0.0,58.0,981.0,34,60.238,67.98,177.441,19.9,256.027,0.8439999999999999
2010-12-04 15:30:00,5.0,36.0,284.0,11.0,45.0,390.0,0.0,57.0,749.0,34,59.579,65.94,77.73399999999998,20.956,222.39,0.956
2010-12-04 15:45:00,6.0,44.0,284.0,15.0,55.0,353.0,0.0,57.0,767.0,34,58.709,62.37,36.426,22.363,211.388,0.994
2010-12-04 16:00:00,9.0,74.0,284.0,22.0,86.0,378.0,0.0,58.0,901.0,34,58.587,60.93,75.098,22.375,300.578,1.269
2010-12-04 16:15:00,3.0,5.0,284.0,4.0,16.0,362.0,0.0,57.0,159.0,34,58.405,60.56,35.352,23.056,277.695,0.5939999999999999
2010-12-04 16:30:00,3.0,-6.0,283.0,0.0,2.0,295.0,0.0,57.0,0.0,34,57.818,58.75,11.523,25.119,282.532,0.1809999999999999
2010-12-04 16:45:00,0.0,-3.0,284.0,0.0,-2.0,249.0,0.0,54.0,0.0,34,56.532,56.51,0.0,26.95,187.717,0.6999999999999998
2010-12-04 17:00:00,0.0,-2.0,283.0,0.0,0.0,46.0,0.0,52.0,0.0,34,55.884,55.82,0.195,26.188,149.085,1.531
2010-12-04 17:15:00,0.0,-3.0,283.0,0.0,0.0,15.0,0.0,50.0,0.0,34,55.58,55.58,0.0,26.194,157.253,1.05
2010-12-04 17:30:00,0.0,-2.0,284.0,0.0,-2.0,12.0,0.0,48.0,0.0,34,54.73,54.35,0.195,27.806,140.108,0.75
2010-12-04 17:45:00,0.0,-3.0,284.0,0.0,-2.0,8.0,0.0,46.0,0.0,34,54.061,51.45,0.098,28.8,140.355,0.2939999999999999
2010-12-04 18:00:00,0.0,-2.0,284.0,0.0,0.0,14.0,0.0,45.0,0.0,34,52.958,48.82,0.0,30.725,285.57,0.8499999999999999
2010-12-04 18:15:00,0.0,-3.0,284.0,0.0,0.0,14.0,0.0,44.0,0.0,34,52.482,48.46,0.195,30.95,273.465,0.8629999999999999
2010-12-04 18:30:00,0.0,-2.0,283.0,0.0,-2.0,23.0,0.0,44.0,0.0,34,52.451,48.05,0.0,31.294,287.685,0.7439999999999999
2010-12-04 18:45:00,0.0,-2.0,284.0,0.0,-2.0,34.0,0.0,43.0,0.0,34,52.735,48.24,0.0,31.019,287.663,0.406
2010-12-05 06:00:00,0.0,-2.0,284.0,0.0,-2.0,41.0,0.0,31.0,0.0,34,36.18,28.12,0.0,58.363,249.458,0.05
2010-12-05 06:15:00,0.0,-2.0,283.0,0.0,-2.0,240.0,0.0,30.0,0.0,34,36.13,27.11,0.0,60.306,248.873,0.538
2010-12-05 06:30:00,3.0,-7.0,284.0,0.0,2.0,297.0,0.0,31.0,0.0,34,36.393,28.17,0.391,61.256,285.93,1.625
2010-12-05 06:45:00,0.0,-3.0,284.0,0.0,-2.0,429.0,0.0,33.0,0.0,34,37.173,30.42,3.027,58.75,306.743,2.262
2010-12-05 07:00:00,3.0,16.0,284.0,7.0,25.0,346.0,0.0,36.0,444.0,34,38.368,31.65,13.672,55.988,303.975,1.538
2010-12-05 07:15:00,7.0,54.0,284.0,17.0,67.0,382.0,0.0,43.0,833.0,34,39.005,34.05,35.742,52.994,306.405,2.456
2010-12-05 07:30:00,7.0,60.0,284.0,17.0,74.0,422.0,0.0,51.0,882.0,34,39.947,36.92,48.047,50.194,298.665,2.15
2010-12-05 07:45:00,11.0,91.0,283.0,26.0,106.0,412.0,0.0,56.0,931.0,34,40.382,38.61,64.648,47.913,294.953,2.244
2010-12-05 08:00:00,21.0,182.0,283.0,48.0,201.0,413.0,0.0,58.0,992.0,34,41.04,42.05,171.875,45.794,298.823,2.744
2010-12-05 08:15:00,40.0,345.0,285.0,88.0,372.0,422.0,0.0,60.0,996.0,34,42.013,47.21,248.047,43.881,292.455,1.956
2010-12-05 08:30:00,47.0,409.0,285.0,106.0,436.0,407.0,0.0,59.0,996.0,34,43.167,55.01,381.934,42.181,294.143,1.35
2010-12-05 08:45:00,53.0,454.0,285.0,119.0,486.0,407.0,0.0,59.0,999.0,34,44.341,61.97,367.285,41.969,299.745,0.4749999999999999
2010-12-05 09:00:00,48.0,414.0,284.0,111.0,442.0,396.0,0.0,59.0,999.0,34,45.627,62.12,457.324,39.081,249.39,0.788
2010-12-05 09:15:00,38.0,332.0,284.0,91.0,356.0,391.0,0.0,58.0,-995.0,34,46.974,64.89,538.867,36.956,25.38,0.4119999999999999
2010-12-05 09:30:00,50.0,429.0,285.0,118.0,460.0,388.0,0.0,59.0,-996.0,34,48.472,71.25,571.484,35.863,130.275,0.8629999999999999
2010-12-05 09:45:00,52.0,442.0,283.0,122.0,469.0,383.0,0.0,58.0,-996.0,34,49.485,71.07,506.836,33.956,145.53,0.919
2010-12-05 10:00:00,55.0,473.0,284.0,128.0,507.0,395.0,0.0,59.0,-999.0,34,50.021,73.29999999999998,502.637,33.3,150.818,0.775
2010-12-05 10:15:00,69.0,594.0,285.0,162.0,635.0,389.0,0.0,60.0,-999.0,34,50.801,68.79,503.906,33.525,138.15,0.775
2010-12-05 10:30:00,80.0,689.0,285.0,193.0,733.0,378.0,0.0,59.0,-999.0,34,52.006,76.51999999999998,660.645,31.419,168.053,1.044
2010-12-05 10:45:00,88.0,760.0,285.0,216.0,810.0,374.0,0.0,59.0,999.0,34,53.393,80.09,749.219,29.412,174.015,1.606
2010-12-05 11:00:00,51.0,440.0,285.0,122.0,468.0,384.0,0.0,60.0,-999.0,34,54.719,75.39,576.758,29.994,136.935,1.569
2010-12-05 11:15:00,74.0,638.0,286.0,181.0,677.0,374.0,0.0,60.0,999.0,34,55.256,73.94,595.605,30.144,155.385,1.5
2010-12-05 11:30:00,72.0,616.0,284.0,170.0,657.0,385.0,0.0,58.0,-999.0,34,56.268,75.06999999999998,512.793,28.706,131.715,1.156
2010-12-05 11:45:00,67.0,583.0,286.0,164.0,618.0,376.0,0.0,61.0,999.0,34,57.241,76.7,493.75,27.569,106.47,0.925
2010-12-05 12:00:00,58.0,503.0,286.0,142.0,535.0,376.0,0.0,59.0,-999.0,34,58.425,74.08,554.395,26.756,121.298,1.375
2010-12-05 12:15:00,55.0,472.0,284.0,131.0,503.0,383.0,0.0,59.0,-999.0,34,59.022,74.48,385.449,26.088,148.725,0.8249999999999998
2010-12-05 12:30:00,49.0,423.0,285.0,115.0,452.0,390.0,0.0,60.0,-999.0,34,59.63,70.44,405.859,25.8,138.173,1.456
2010-12-05 12:45:00,47.0,407.0,285.0,113.0,433.0,384.0,0.0,58.0,-996.0,34,60.491,72.73,384.766,25.063,143.775,0.55
2010-12-05 13:00:00,43.0,371.0,285.0,103.0,396.0,385.0,0.0,59.0,996.0,34,60.835,72.69,367.871,24.906,144.832,1.206
2010-12-05 13:15:00,50.0,429.0,285.0,119.0,456.0,381.0,0.0,59.0,-999.0,34,61.554,69.71,375.684,24.519,156.623,1.8
2010-12-05 13:30:00,46.0,396.0,285.0,112.0,422.0,376.0,0.0,60.0,-999.0,34,61.817,71.25,368.75,23.794,128.138,1.138
2010-12-05 13:45:00,28.0,248.0,285.0,69.0,267.0,381.0,0.0,59.0,-994.0,34,61.827,69.97,283.691,24.138,114.818,1.369
2010-12-05 14:00:00,22.0,193.0,285.0,55.0,211.0,381.0,0.0,58.0,-986.0,34,61.22,66.19,188.379,24.762,144.315,1.663
2010-12-05 14:15:00,15.0,135.0,285.0,39.0,149.0,381.0,0.0,58.0,-970.0,34,60.997,65.21,142.188,24.369,158.513,0.894
2010-12-05 14:30:00,19.0,172.0,285.0,48.0,189.0,386.0,0.0,59.0,992.0,34,60.875,64.64,130.859,24.862,145.643,0.962
2010-12-05 14:45:00,18.0,164.0,284.0,46.0,179.0,389.0,0.0,59.0,983.0,34,60.845,65.08,155.566,24.262,180.0,1.375
2010-12-05 15:00:00,12.0,102.0,285.0,29.0,114.0,384.0,0.0,58.0,-949.0,34,60.754,65.44,120.508,23.662,182.295,1.038
2010-12-05 15:15:00,10.0,83.0,284.0,26.0,94.0,364.0,0.0,58.0,-925.0,34,60.268,63.67,87.891,24.081,178.358,1.506
2010-12-05 15:30:00,12.0,99.0,285.0,29.0,113.0,379.0,0.0,58.0,-936.0,34,59.843,62.56,91.309,24.156,179.145,1.831
2010-12-05 15:45:00,8.0,62.0,284.0,19.0,76.0,403.0,0.0,59.0,884.0,34,59.144,61.65,86.426,25.706,218.003,2.844
2010-12-05 16:01:50,3.0,13.0,284.0,6.0,24.0,379.0,0.0,58.0,-370.0,34,,,,,,
2010-12-05 16:15:00,3.0,-2.0,284.0,2.0,8.0,303.0,0.0,57.0,0.0,34,56.825,56.22,12.305,29.056,213.345,1.212
2010-12-05 16:30:00,0.0,-2.0,283.0,0.0,-2.0,364.0,0.0,55.0,0.0,34,55.772,53.95,3.418,30.425,143.933,0.6189999999999999
2010-12-05 16:45:00,0.0,-3.0,284.0,0.0,-2.0,254.0,0.0,55.0,0.0,34,55.286,52.03,0.781,30.813,241.402,1.019
2010-12-05 17:00:00,0.0,-3.0,283.0,0.0,0.0,47.0,0.0,53.0,0.0,34,54.952,50.86,0.195,30.506,224.46,0.944
2010-12-05 17:15:00,0.0,-3.0,283.0,0.0,0.0,20.0,0.0,51.0,0.0,34,54.537,50.24,0.098,31.519,222.93,1.363
2010-12-05 17:30:00,0.0,-3.0,284.0,0.0,0.0,5.0,0.0,49.0,0.0,34,54.416,50.0,0.2929999999999999,31.219,224.167,0.894
2010-12-05 17:45:00,0.0,-3.0,283.0,0.0,-2.0,6.0,0.0,47.0,0.0,34,53.16,47.65,0.098,33.95,221.04,0.544
2010-12-05 18:00:00,0.0,-2.0,283.0,0.0,-2.0,13.0,0.0,46.0,0.0,34,51.955,45.75,0.0,35.969,232.898,1.188
2010-12-05 18:15:00,0.0,-2.0,283.0,0.0,-2.0,30.0,0.0,45.0,0.0,34,51.894,45.92,0.098,36.744,260.415,0.456
2010-12-05 18:30:00,0.0,-3.0,283.0,0.0,0.0,28.0,0.0,44.0,0.0,34,52.057,47.25,0.0,36.387,224.888,1.35
2010-12-05 18:45:00,0.0,-2.0,283.0,0.0,-2.0,24.0,0.0,44.0,0.0,34,52.654,49.09,0.0,35.388,245.813,1.388
2010-12-06 06:00:00,0.0,-2.0,283.0,0.0,-2.0,21.0,0.0,31.0,0.0,34,46.903,46.05,0.0,85.54399999999998,126.023,1.613
2010-12-06 06:15:00,0.0,-3.0,284.0,0.0,-2.0,199.0,0.0,31.0,0.0,34,46.376,45.58,0.0,85.875,114.143,0.512
2010-12-06 06:30:00,0.0,-3.0,285.0,0.0,-2.0,380.0,0.0,31.0,0.0,34,45.83,43.4,0.391,87.29399999999998,167.827,0.544
2010-12-06 06:45:00,0.0,-3.0,285.0,0.0,-2.0,416.0,0.0,34.0,0.0,34,45.354,41.75,0.0,88.5,149.94,1.119
2010-12-06 07:00:00,3.0,4.0,285.0,4.0,13.0,322.0,0.0,36.0,-119.0,34,45.394,42.5,6.543,87.33799999999998,62.28,0.762
2010-12-06 07:15:00,4.0,18.0,285.0,8.0,29.0,368.0,0.0,40.0,-466.0,34,45.03,40.61,11.328,88.125,244.373,0.8
2010-12-06 07:30:00,8.0,59.0,285.0,19.0,71.0,363.0,0.0,46.0,-830.0,34,44.341,38.56,33.105,90.075,265.658,0.525
2010-12-06 07:45:00,22.0,195.0,285.0,56.0,213.0,381.0,0.0,57.0,-986.0,34,44.149,40.53,170.117,93.169,244.373,1.381
2010-12-06 08:00:00,32.0,280.0,286.0,70.0,305.0,433.0,0.0,57.0,-995.0,34,44.655,48.64,334.277,92.712,212.693,0.756
2010-12-06 08:15:00,42.0,367.0,285.0,93.0,395.0,423.0,0.0,59.0,-996.0,34,45.809,55.19,393.945,90.65,183.645,0.819
2010-12-06 08:30:00,52.0,450.0,284.0,116.0,480.0,411.0,0.0,58.0,-999.0,34,46.903,59.62,441.699,86.144,225.99,2.144
2010-12-06 08:45:00,59.0,508.0,284.0,133.0,546.0,410.0,0.0,59.0,-997.0,34,47.956,63.63,498.73,82.73099999999998,179.978,0.956
2010-12-06 09:00:00,66.0,568.0,285.0,149.0,607.0,407.0,0.0,58.0,-999.0,34,48.999,67.0,549.512,80.613,173.025,1.488
2010-12-06 09:15:00,72.0,622.0,286.0,168.0,662.0,394.0,0.0,59.0,-999.0,34,49.9,70.16,599.023,77.03799999999998,186.39,1.181
2010-12-06 09:30:00,76.0,656.0,286.0,178.0,699.0,391.0,0.0,59.0,-999.0,34,50.75,72.75,645.605,75.10599999999998,162.202,1.219
2010-12-06 09:45:00,80.0,689.0,286.0,191.0,735.0,384.0,0.0,58.0,-999.0,34,51.55,79.92,709.18,72.944,225.045,1.038
2010-12-06 10:00:00,84.0,729.0,286.0,206.0,774.0,374.0,0.0,60.0,-1000.0,34,52.168,84.48999999999998,750.0979999999998,69.894,264.555,1.119
2010-12-06 10:15:00,87.0,752.0,286.0,214.0,801.0,373.0,0.0,60.0,-998.0,34,52.897,90.11,787.5,66.212,253.26,1.056
2010-12-06 10:30:00,89.0,768.0,286.0,223.0,815.0,364.0,0.0,60.0,-998.0,34,53.697,89.01,815.4299999999998,62.0,199.462,1.275
2010-12-06 10:45:00,90.0,781.0,286.0,222.0,830.0,373.0,0.0,60.0,-998.0,34,54.446,85.98999999999998,837.3049999999998,59.856,259.178,0.806
2010-12-06 11:00:00,91.0,792.0,286.0,227.0,841.0,370.0,0.0,61.0,-999.0,34,55.509,86.42,853.613,58.794,142.582,1.188
2010-12-06 11:15:00,93.0,801.0,286.0,231.0,851.0,368.0,0.0,59.0,999.0,34,56.38,85.84999999999998,863.086,56.6,166.388,1.6
2010-12-06 11:30:00,92.0,800.0,287.0,234.0,851.0,363.0,0.0,60.0,999.0,34,56.916,89.33,864.063,54.631,116.82,1.125
2010-12-06 11:45:00,93.0,800.0,286.0,239.0,847.0,353.0,0.0,60.0,-999.0,34,57.564,84.23,869.043,52.325,110.385,1.15
2010-12-06 12:00:00,91.0,793.0,286.0,234.0,842.0,359.0,0.0,60.0,-999.0,34,58.142,81.17,862.402,51.819,135.855,1.506
2010-12-06 12:15:00,89.0,770.0,287.0,227.0,818.0,361.0,0.0,60.0,-999.0,34,58.729,81.09999999999998,844.922,49.431,129.713,1.594
2010-12-06 12:30:00,88.0,768.0,287.0,224.0,814.0,363.0,0.0,59.0,-1000.0,34,59.357,82.23,832.422,47.188,124.83,1.256
2010-12-06 12:45:00,85.0,735.0,287.0,211.0,784.0,371.0,0.0,61.0,-999.0,34,59.822,78.76,811.914,47.138,145.395,1.587
2010-12-06 13:00:00,82.0,708.0,286.0,206.0,754.0,365.0,0.0,60.0,-999.0,34,60.217,81.11,782.9099999999999,46.931,162.36,1.438
2010-12-06 13:15:00,78.0,679.0,286.0,194.0,722.0,371.0,0.0,59.0,999.0,34,60.703,84.2,749.707,46.013,110.925,1.494
2010-12-06 13:30:00,74.0,641.0,285.0,184.0,681.0,369.0,0.0,58.0,997.0,34,60.936,83.08,711.914,45.55,122.648,1.531
2010-12-06 13:45:00,69.0,596.0,286.0,166.0,635.0,381.0,0.0,58.0,-999.0,34,61.058,80.56,667.48,46.113,168.885,2.344
2010-12-06 14:00:00,63.0,549.0,285.0,154.0,581.0,376.0,0.0,59.0,999.0,34,61.442,80.65999999999998,623.633,45.231,148.928,1.987
2010-12-06 14:15:00,57.0,492.0,286.0,138.0,527.0,381.0,0.0,60.0,-997.0,34,61.189,77.45999999999998,570.996,45.156,82.732,1.413
2010-12-06 14:30:00,50.0,436.0,285.0,119.0,467.0,389.0,0.0,59.0,-996.0,34,61.24,75.12,517.09,45.106,108.09,1.687
2010-12-06 14:45:00,42.0,365.0,286.0,101.0,388.0,384.0,0.0,59.0,-996.0,34,61.078,75.15,462.012,44.875,181.957,1.431
2010-12-06 15:00:00,32.0,278.0,285.0,77.0,299.0,387.0,0.0,59.0,-995.0,34,61.058,73.76,398.926,45.044,125.258,1.644
2010-12-06 15:15:00,21.0,186.0,286.0,51.0,203.0,396.0,0.0,59.0,985.0,34,60.673,70.64,332.715,45.619,189.743,1.5
2010-12-06 15:30:00,13.0,110.0,284.0,32.0,122.0,384.0,0.0,59.0,953.0,34,60.349,69.03,270.898,45.863,78.20999999999998,0.962
2010-12-06 15:45:00,8.0,59.0,286.0,19.0,71.0,356.0,0.0,59.0,814.0,34,59.873,66.37,132.031,46.831,160.65,0.569
2010-12-06 16:00:00,4.0,17.0,285.0,8.0,28.0,346.0,0.0,58.0,-448.0,34,59.397,60.82,19.434,48.319,131.4,0.4
2010-12-06 16:15:00,3.0,4.0,286.0,3.0,13.0,354.0,0.0,58.0,106.0,34,58.952,57.7,14.16,50.113,83.452,0.8249999999999998
2010-12-06 16:30:00,3.0,-5.0,285.0,1.0,5.0,298.0,0.0,57.0,115.0,34,58.01,55.67,6.543,52.594,105.908,0.319
2010-12-06 16:45:00,3.0,-9.0,283.0,0.0,1.0,294.0,0.0,56.0,239.0,34,56.714,52.71,1.855,56.463,117.743,0.081
2010-12-06 17:00:00,0.0,-2.0,283.0,0.0,-2.0,69.0,0.0,56.0,0.0,34,55.985,49.58,0.0,58.575,112.253,0.156
2010-12-06 17:15:00,0.0,-2.0,282.0,0.0,-2.0,8.0,0.0,54.0,0.0,34,55.884,49.21,0.195,58.344,94.095,0.569
2010-12-06 17:30:00,0.0,-3.0,284.0,0.0,0.0,5.0,0.0,53.0,0.0,34,55.256,49.84,0.098,59.556,118.395,0.313
2010-12-06 17:45:00,0.0,-3.0,285.0,0.0,0.0,5.0,0.0,52.0,0.0,34,54.041,46.76,0.195,62.55,120.195,0.0879999999999999
2010-12-06 18:00:00,0.0,-2.0,284.0,0.0,0.0,7.0,0.0,51.0,0.0,34,52.634,43.16,0.195,65.669,128.948,0.6059999999999999
2010-12-06 18:15:00,0.0,-3.0,285.0,0.0,0.0,7.0,0.0,50.0,0.0,34,52.077,41.23,0.098,67.2,153.36,0.331
2010-12-06 18:30:00,0.0,-3.0,285.0,0.0,0.0,7.0,0.0,49.0,0.0,34,51.692,40.09,0.195,69.069,153.63,0.138
2010-12-06 18:45:00,0.0,-2.0,285.0,0.0,0.0,7.0,0.0,48.0,0.0,34,51.439,39.22,0.195,68.95,153.63,0.3059999999999999
2010-12-07 06:00:00,0.0,-3.0,285.0,0.0,-2.0,38.0,0.0,32.0,0.0,34,40.919,34.32,0.0,84.581,238.883,1.388
2010-12-07 06:15:00,0.0,-2.0,284.0,0.0,-2.0,285.0,0.0,32.0,0.0,34,40.504,33.83,0.0,83.994,206.505,1.031
2010-12-07 06:30:00,3.0,-6.0,284.0,0.0,2.0,297.0,0.0,33.0,0.0,34,40.139,33.02,0.0,86.35599999999998,246.465,1.994
2010-12-07 06:45:00,0.0,-2.0,284.0,0.0,-2.0,437.0,0.0,34.0,0.0,34,40.777,34.18,4.785,84.363,252.945,1.975
2010-12-07 07:00:00,5.0,32.0,285.0,12.0,44.0,361.0,0.0,39.0,-685.0,34,41.314,34.52,10.254,83.656,263.003,1.644
2010-12-07 07:15:00,9.0,76.0,284.0,22.0,89.0,392.0,0.0,49.0,904.0,34,42.559,36.23,11.914,80.95,243.45,1.381
2010-12-07 07:30:00,14.0,124.0,284.0,37.0,137.0,368.0,0.0,57.0,958.0,34,43.106,36.87,64.355,80.71299999999998,255.532,1.45
2010-12-07 07:45:00,21.0,189.0,284.0,50.0,207.0,408.0,0.0,59.0,985.0,34,44.372,41.93,268.555,77.619,272.115,1.675
2010-12-07 08:00:00,31.0,271.0,285.0,69.0,297.0,428.0,0.0,58.0,-989.0,34,45.637,49.32,334.961,73.79399999999998,237.623,1.369
2010-12-07 08:15:00,42.0,363.0,285.0,92.0,388.0,419.0,0.0,58.0,996.0,34,46.467,56.52,403.32,72.45,274.433,0.544
2010-12-07 08:30:00,51.0,444.0,286.0,113.0,476.0,421.0,0.0,60.0,-996.0,34,47.429,59.48,454.199,69.925,241.83,1.913
2010-12-07 08:45:00,59.0,511.0,286.0,132.0,545.0,411.0,0.0,58.0,-999.0,34,48.705,62.52,518.164,65.625,284.378,2.975
2010-12-07 09:00:00,66.0,569.0,284.0,150.0,608.0,406.0,0.0,60.0,-999.0,34,49.839,67.59,576.758,63.338,276.368,2.381
2010-12-07 09:15:00,71.0,614.0,285.0,164.0,654.0,397.0,0.0,60.0,999.0,34,51.135,72.47,629.395,60.656,277.74,2.425
2010-12-07 09:30:00,76.0,654.0,285.0,179.0,696.0,388.0,0.0,59.0,1000.0,34,52.198,77.90999999999998,675.391,57.544,295.493,2.613
2010-12-07 09:45:00,79.0,688.0,286.0,194.0,731.0,376.0,0.0,60.0,999.0,34,52.877,83.4,717.969,55.294,210.217,0.944
2010-12-07 10:00:00,83.0,718.0,286.0,204.0,764.0,373.0,0.0,60.0,-998.0,34,53.595,89.03,756.152,52.388,271.148,1.175
2010-12-07 10:15:00,86.0,745.0,286.0,214.0,789.0,368.0,0.0,59.0,999.0,34,54.365,92.94,788.2809999999998,50.138,252.855,1.794
2010-12-07 10:30:00,88.0,764.0,286.0,221.0,811.0,366.0,0.0,59.0,998.0,34,55.043,89.87,814.941,49.006,184.433,1.319
2010-12-07 10:45:00,90.0,779.0,286.0,228.0,826.0,362.0,0.0,60.0,-999.0,34,56.248,86.04,835.1559999999998,45.456,141.413,1.388
2010-12-07 11:00:00,91.0,792.0,286.0,230.0,841.0,364.0,0.0,60.0,999.0,34,57.109,89.06999999999998,853.5159999999998,43.231,199.103,1.706
2010-12-07 11:15:00,92.0,796.0,285.0,232.0,846.0,364.0,0.0,60.0,999.0,34,58.142,94.63,864.551,40.212,191.52,1.894
2010-12-07 11:30:00,92.0,795.0,286.0,233.0,843.0,361.0,0.0,60.0,999.0,34,58.85,91.16,868.164,39.4,162.158,1.394
2010-12-07 11:45:00,91.0,793.0,287.0,232.0,842.0,361.0,0.0,60.0,-999.0,34,59.792,85.08,869.238,36.262,155.768,1.506
2010-12-07 12:00:00,90.0,785.0,287.0,233.0,834.0,357.0,0.0,60.0,999.0,34,60.602,90.52,866.211,34.169,182.565,1.344
2010-12-07 12:15:00,89.0,770.0,287.0,224.0,819.0,365.0,0.0,60.0,999.0,34,61.26,89.56,854.395,33.044,151.133,1.25
2010-12-07 12:30:00,88.0,757.0,285.0,224.0,801.0,358.0,0.0,58.0,999.0,34,61.888,88.56999999999998,836.3279999999999,30.519,90.653,1.925
2010-12-07 12:45:00,85.0,735.0,286.0,211.0,783.0,369.0,0.0,59.0,-998.0,34,62.384,81.81,812.695,28.863,93.195,2.125
2010-12-07 13:00:00,82.0,708.0,285.0,205.0,753.0,366.0,0.0,59.0,-999.0,34,63.083,85.73999999999998,786.0349999999999,27.944,106.965,2.0
2010-12-07 13:15:00,78.0,677.0,286.0,197.0,718.0,365.0,0.0,60.0,999.0,34,63.619,84.81,757.3239999999998,27.438,151.695,1.256
2010-12-07 13:30:00,75.0,650.0,285.0,183.0,693.0,376.0,0.0,59.0,-999.0,34,64.126,86.72,726.758,24.9,112.928,2.494
2010-12-07 13:45:00,69.0,602.0,287.0,175.0,637.0,363.0,0.0,60.0,-999.0,34,64.409,80.31,685.059,23.6,119.228,2.213
2010-12-07 14:00:00,64.0,553.0,285.0,157.0,588.0,374.0,0.0,60.0,-997.0,34,64.571,81.84999999999998,637.988,24.144,162.27,1.906
2010-12-07 14:15:00,58.0,502.0,286.0,142.0,533.0,374.0,0.0,59.0,999.0,34,64.784,82.73,587.695,24.106,108.248,2.012
2010-12-07 14:30:00,50.0,434.0,284.0,120.0,463.0,383.0,0.0,59.0,999.0,34,64.753,81.44,533.887,24.081,232.988,2.269
2010-12-07 14:45:00,42.0,367.0,285.0,99.0,392.0,395.0,0.0,59.0,996.0,34,64.328,80.81,475.781,24.531,137.295,1.338
2010-12-07 15:00:00,33.0,288.0,285.0,80.0,310.0,385.0,0.0,59.0,-990.0,34,64.115,77.62,416.406,24.819,113.513,1.238
2010-12-07 15:15:00,22.0,194.0,285.0,56.0,210.0,377.0,0.0,58.0,979.0,34,63.71,74.4,353.711,25.044,81.382,1.325
2010-12-07 15:30:00,13.0,112.0,285.0,33.0,125.0,378.0,0.0,58.0,932.0,34,63.235,73.51999999999998,287.891,25.919,88.447,0.938
2010-12-07 15:45:00,8.0,59.0,284.0,19.0,71.0,382.0,0.0,59.0,830.0,34,62.83,70.3,137.695,26.088,308.588,1.419
2010-12-07 16:00:00,4.0,16.0,283.0,7.0,28.0,374.0,0.0,59.0,399.0,34,62.242,63.68,17.09,26.887,229.185,1.075
2010-12-07 16:15:00,3.0,2.0,283.0,2.0,10.0,369.0,0.0,58.0,71.0,34,61.594,58.96,12.695,27.856,204.097,1.431
2010-12-07 16:30:00,3.0,-5.0,284.0,1.0,4.0,297.0,0.0,57.0,115.0,34,60.693,55.67,6.641,28.975,319.928,1.256
2010-12-07 16:45:00,3.0,-7.0,284.0,0.0,1.0,295.0,0.0,56.0,192.0,34,59.387,51.28,2.148,31.813,319.275,0.638
2010-12-07 17:00:00,0.0,-2.0,283.0,0.0,-2.0,79.0,0.0,56.0,0.0,34,58.01,48.52,0.098,35.9,319.297,0.0
2010-12-07 17:15:00,0.0,-2.0,283.0,0.0,0.0,8.0,0.0,54.0,0.0,34,56.512,46.45,0.0,39.287,316.125,0.25
2010-12-07 17:30:00,0.0,-2.0,283.0,0.0,0.0,4.0,0.0,53.0,0.0,34,55.266,44.73,0.098,41.781,312.525,0.3059999999999999
2010-12-07 17:45:00,0.0,-3.0,283.0,0.0,0.0,4.0,0.0,52.0,0.0,34,54.314,43.07,0.195,43.706,311.423,0.094
2010-12-07 18:00:00,0.0,-2.0,284.0,0.0,-2.0,4.0,0.0,51.0,0.0,34,53.403,41.75,0.195,46.575,307.665,1.3
2010-12-07 18:15:00,0.0,-2.0,284.0,0.0,0.0,4.0,0.0,51.0,0.0,34,53.839,44.0,0.2929999999999999,44.631,293.13,2.613
2010-12-07 18:30:00,0.0,-2.0,284.0,0.0,0.0,4.0,0.0,50.0,0.0,34,53.383,45.21,0.2929999999999999,46.15,306.72,2.113
2010-12-07 18:45:00,0.0,-3.0,284.0,0.0,0.0,4.0,0.0,48.0,0.0,34,52.431,45.08,0.195,48.169,303.503,2.044
2010-12-08 06:00:00,0.0,-3.0,284.0,0.0,-2.0,72.0,0.0,32.0,0.0,34,38.793,29.7,0.0,72.67499999999998,286.852,0.4
2010-12-08 06:15:00,0.0,-2.0,284.0,0.0,-2.0,301.0,0.0,32.0,0.0,34,38.702,29.9,0.0,73.138,267.075,0.325
2010-12-08 06:30:00,3.0,1.0,284.0,3.0,10.0,335.0,0.0,34.0,0.0,34,38.033,29.31,3.711,74.863,256.658,0.438
2010-12-08 06:45:00,3.0,8.0,284.0,5.0,17.0,333.0,0.0,40.0,230.0,34,38.388,29.44,9.766,75.019,263.138,0.444
2010-12-08 07:00:00,6.0,48.0,285.0,17.0,60.0,349.0,0.0,46.0,-782.0,34,39.107,30.15,21.387,73.887,261.63,0.519
2010-12-08 07:15:00,10.0,83.0,284.0,26.0,97.0,365.0,0.0,53.0,898.0,34,39.795,31.63,43.262,73.581,299.07,0.5809999999999998
2010-12-08 07:30:00,10.0,87.0,284.0,26.0,102.0,387.0,0.0,57.0,-915.0,34,40.686,33.99,64.746,71.956,310.545,0.331
2010-12-08 07:45:00,17.0,151.0,284.0,40.0,167.0,406.0,0.0,58.0,-982.0,34,42.174,37.74,113.574,68.881,304.965,0.55
2010-12-08 08:00:00,18.0,157.0,285.0,43.0,175.0,407.0,0.0,58.0,-974.0,34,43.876,42.38,114.453,64.925,304.943,0.7439999999999999
2010-12-08 08:15:00,20.0,175.0,284.0,47.0,191.0,402.0,0.0,58.0,-977.0,34,45.182,44.96,159.668,61.7,291.735,0.656
2010-12-08 08:30:00,32.0,278.0,284.0,74.0,298.0,402.0,0.0,59.0,-995.0,34,46.275,47.79,185.547,58.663,314.775,0.662
2010-12-08 08:45:00,31.0,271.0,285.0,73.0,292.0,398.0,0.0,57.0,994.0,34,47.338,52.26,221.484,56.137,309.128,1.3
2010-12-08 09:00:00,27.0,241.0,285.0,64.0,261.0,408.0,0.0,59.0,-994.0,34,48.067,56.44,258.105,52.888,318.983,0.506
2010-12-08 09:15:00,32.0,280.0,285.0,74.0,301.0,403.0,0.0,58.0,-995.0,34,48.908,58.27,215.234,50.662,318.735,1.031
2010-12-08 09:30:00,27.0,238.0,285.0,65.0,259.0,393.0,0.0,59.0,988.0,34,49.728,59.71,216.699,49.213,309.848,0.6059999999999999
2010-12-08 09:45:00,26.0,233.0,285.0,64.0,252.0,395.0,0.0,58.0,-994.0,34,50.619,60.41,204.98,48.925,316.125,0.156
2010-12-08 10:00:00,23.0,207.0,284.0,57.0,225.0,391.0,0.0,58.0,987.0,34,51.388,61.36,183.984,47.619,275.287,0.512
2010-12-08 10:15:00,24.0,214.0,285.0,58.0,232.0,398.0,0.0,59.0,-981.0,34,51.975,61.27,181.445,46.625,248.085,0.1439999999999999
2010-12-08 10:30:00,25.0,221.0,284.0,61.0,240.0,393.0,0.0,58.0,-987.0,34,52.644,60.3,187.5,45.869,106.335,0.506
2010-12-08 10:45:00,31.0,275.0,285.0,75.0,295.0,395.0,0.0,60.0,-990.0,34,53.029,61.42,195.703,44.8,27.158,0.256
2010-12-08 11:00:00,30.0,267.0,285.0,71.0,288.0,404.0,0.0,59.0,994.0,34,53.687,63.1,226.172,43.719,183.915,0.25
2010-12-08 11:15:00,24.0,216.0,285.0,61.0,234.0,383.0,0.0,57.0,987.0,34,54.304,64.81,217.48,42.688,253.913,0.375
2010-12-08 11:30:00,21.0,189.0,285.0,52.0,205.0,388.0,0.0,58.0,992.0,34,54.669,63.52,178.125,42.475,200.498,0.2999999999999999
2010-12-08 11:45:00,31.0,271.0,285.0,74.0,290.0,389.0,0.0,58.0,-994.0,34,54.689,62.3,187.891,41.369,82.14799999999998,0.912
2010-12-08 12:00:00,29.0,256.0,285.0,70.0,276.0,394.0,0.0,59.0,-994.0,34,54.699,61.73,216.602,40.544,66.42,1.025
2010-12-08 12:15:00,25.0,217.0,285.0,59.0,237.0,398.0,0.0,58.0,987.0,34,54.75,62.05,200.488,39.981,90.923,1.063
2010-12-08 12:30:00,21.0,186.0,284.0,51.0,202.0,389.0,0.0,59.0,-978.0,34,54.618,62.61,162.988,39.694,64.755,1.256
2010-12-08 12:45:00,16.0,139.0,285.0,38.0,153.0,394.0,0.0,59.0,-971.0,34,53.98,61.45,128.613,40.294,79.065,1.75
2010-12-08 13:00:00,16.0,140.0,285.0,38.0,155.0,397.0,0.0,58.0,971.0,34,53.737,59.63,109.082,41.438,144.788,0.769
2010-12-08 13:15:00,17.0,155.0,285.0,44.0,170.0,383.0,0.0,58.0,974.0,34,54.001,58.89,125.781,41.375,68.31,0.5999999999999999
2010-12-08 13:30:00,22.0,193.0,286.0,53.0,210.0,395.0,0.0,59.0,986.0,34,54.233,59.04,146.387,41.081,70.65,1.206
2010-12-08 13:45:00,20.0,175.0,286.0,49.0,191.0,390.0,0.0,59.0,-977.0,34,54.375,59.79,155.371,41.181,134.438,1.569
2010-12-08 14:00:00,20.0,179.0,286.0,50.0,197.0,389.0,0.0,59.0,977.0,34,54.638,60.23,150.195,40.675,186.795,1.581
2010-12-08 14:15:00,20.0,176.0,286.0,50.0,194.0,383.0,0.0,59.0,-977.0,34,54.649,60.33,154.102,40.056,183.668,1.538
2010-12-08 14:30:00,42.0,363.0,285.0,96.0,391.0,405.0,0.0,59.0,-996.0,34,54.669,60.84,285.742,40.594,226.935,1.575
2010-12-08 14:45:00,55.0,476.0,287.0,127.0,507.0,399.0,0.0,59.0,-997.0,34,55.236,66.58,516.309,38.563,299.092,2.113
2010-12-08 15:00:00,40.0,348.0,287.0,93.0,375.0,402.0,0.0,58.0,-996.0,34,55.853,71.01,478.516,37.594,135.18,1.119
2010-12-08 15:15:00,30.0,259.0,285.0,71.0,278.0,387.0,0.0,58.0,-989.0,34,55.874,70.89,406.543,37.381,128.408,0.8249999999999998
2010-12-08 15:30:00,17.0,153.0,286.0,44.0,168.0,384.0,0.0,58.0,974.0,34,55.823,70.03,335.352,37.163,141.728,1.05
2010-12-08 15:45:00,12.0,105.0,286.0,30.0,117.0,382.0,0.0,59.0,939.0,34,55.297,65.54,172.363,37.144,78.56999999999998,1.787
2010-12-08 16:00:00,6.0,45.0,286.0,15.0,56.0,378.0,0.0,58.0,-772.0,34,54.973,59.92,51.562,37.444,65.07,0.9
2010-12-08 16:15:00,4.0,16.0,285.0,7.0,25.0,355.0,0.0,57.0,413.0,34,54.628,56.47,33.887,38.1,310.703,0.688
2010-12-08 16:30:00,3.0,-2.0,284.0,2.0,6.0,301.0,0.0,57.0,39.0,34,53.515,52.57,12.988,40.456,310.95,0.0
2010-12-08 16:45:00,0.0,-3.0,283.0,0.0,-2.0,305.0,0.0,55.0,0.0,34,52.299,48.77,1.953,43.963,310.973,0.0
2010-12-08 17:00:00,0.0,-2.0,283.0,0.0,-2.0,155.0,0.0,53.0,0.0,34,51.662,46.79,0.098,44.875,310.995,0.006
2010-12-08 17:15:00,0.0,-2.0,283.0,0.0,-2.0,20.0,0.0,51.0,0.0,34,51.135,45.9,0.0,46.825,310.995,0.0
2010-12-08 17:30:00,0.0,-2.0,283.0,0.0,-2.0,11.0,0.0,49.0,0.0,34,50.538,44.55,0.0,48.138,310.973,0.194
2010-12-08 17:45:00,0.0,-2.0,283.0,0.0,-2.0,10.0,0.0,47.0,0.0,34,49.687,42.97,0.0,51.106,312.232,0.675
2010-12-08 18:00:00,0.0,-2.0,284.0,0.0,-2.0,11.0,0.0,46.0,0.0,34,49.789,42.45,0.0,50.969,316.282,0.919
2010-12-08 18:15:00,0.0,-2.0,284.0,0.0,0.0,13.0,0.0,45.0,0.0,34,48.887,41.52,0.0,53.906,316.305,0.225
2010-12-08 18:30:00,0.0,-3.0,284.0,0.0,0.0,15.0,0.0,44.0,0.0,34,47.946,40.47,0.0,56.625,316.305,0.4119999999999999
2010-12-08 18:45:00,0.0,-3.0,284.0,0.0,0.0,15.0,0.0,44.0,0.0,34,47.632,39.92,0.0,57.944,316.305,0.319
2010-12-09 06:00:00,0.0,-3.0,284.0,0.0,-2.0,46.0,0.0,31.0,0.0,34,42.64,39.53,0.0,65.388,238.545,0.394
2010-12-09 06:15:00,0.0,-2.0,282.0,0.0,-2.0,200.0,0.0,31.0,0.0,34,41.709,38.05,0.0,68.656,237.645,0.4749999999999999
2010-12-09 06:30:00,0.0,-2.0,284.0,0.0,-2.0,408.0,0.0,30.0,0.0,34,41.395,36.49,0.684,69.425,236.205,0.2
2010-12-09 06:45:00,0.0,-2.0,283.0,0.0,-2.0,408.0,0.0,33.0,0.0,34,41.122,35.13,4.102,70.544,236.25,0.6129999999999999
2010-12-09 07:00:00,3.0,8.0,283.0,5.0,16.0,312.0,0.0,35.0,230.0,34,41.192,34.73,8.301,71.381,236.25,0.4119999999999999
2010-12-09 07:15:00,4.0,27.0,283.0,9.0,37.0,396.0,0.0,41.0,645.0,34,41.395,35.29,23.535,71.225,236.25,0.188
2010-12-09 07:30:00,5.0,43.0,283.0,12.0,55.0,435.0,0.0,48.0,820.0,34,42.033,37.95,40.43,70.563,224.888,0.319
2010-12-09 07:45:00,10.0,81.0,284.0,22.0,94.0,415.0,0.0,54.0,-908.0,34,42.65,39.35,60.059,69.356,222.143,0.0379999999999999
2010-12-09 08:00:00,12.0,105.0,282.0,30.0,121.0,401.0,0.0,57.0,-939.0,34,43.825,41.68,78.418,64.844,222.12,0.275
2010-12-09 08:15:00,17.0,148.0,283.0,42.0,166.0,386.0,0.0,58.0,-973.0,34,44.726,44.32,106.445,63.525,221.67,0.281
2010-12-09 08:30:00,18.0,157.0,283.0,44.0,174.0,391.0,0.0,59.0,-966.0,34,45.404,47.15,131.738,63.513,216.923,0.2999999999999999
2010-12-09 08:45:00,21.0,186.0,282.0,51.0,205.0,397.0,0.0,58.0,-985.0,34,46.346,48.78,142.578,61.044,203.67,0.3559999999999999
2010-12-09 09:00:00,25.0,221.0,283.0,60.0,241.0,401.0,0.0,59.0,-987.0,34,47.166,50.82,175.391,57.556,197.123,0.225
2010-12-09 09:15:00,51.0,442.0,283.0,114.0,475.0,414.0,0.0,60.0,996.0,34,48.098,53.24,233.398,55.231,94.545,0.694
2010-12-09 09:30:00,46.0,400.0,284.0,108.0,427.0,393.0,0.0,58.0,996.0,34,49.1,59.91,489.941,51.712,69.998,0.563
2010-12-09 09:45:00,41.0,353.0,284.0,95.0,378.0,395.0,0.0,60.0,-996.0,34,50.315,66.78,335.254,49.225,314.438,0.7439999999999999
2010-12-09 10:00:00,61.0,529.0,284.0,142.0,565.0,397.0,0.0,60.0,-997.0,34,51.631,67.04,413.379,47.238,279.495,0.4249999999999999
2010-12-09 10:15:00,60.0,523.0,284.0,146.0,558.0,381.0,0.0,60.0,999.0,34,52.958,72.15,683.984,44.844,192.758,0.675
2010-12-09 10:30:00,94.0,812.0,285.0,226.0,868.0,382.0,0.0,59.0,-999.0,34,54.416,75.23,553.516,42.475,166.05,1.038
2010-12-09 10:45:00,91.0,781.0,285.0,219.0,833.0,379.0,0.0,60.0,-999.0,34,55.165,71.1,615.82,41.844,154.013,1.475
2010-12-09 11:00:00,47.0,406.0,284.0,114.0,433.0,378.0,0.0,59.0,-996.0,34,55.631,68.98,594.336,40.763,132.548,1.413
2010-12-09 11:15:00,56.0,487.0,283.0,133.0,521.0,389.0,0.0,58.0,999.0,34,56.086,67.59,359.473,39.106,131.715,1.8
2010-12-09 11:30:00,60.0,518.0,285.0,142.0,553.0,389.0,0.0,59.0,-997.0,34,56.39,66.98,468.066,38.519,151.83,1.2
2010-12-09 11:45:00,102.0,880.0,286.0,251.0,935.0,372.0,0.0,60.0,-999.0,34,57.392,69.54,749.707,37.169,121.568,1.425
2010-12-09 12:00:00,60.0,523.0,286.0,145.0,557.0,381.0,0.0,60.0,-999.0,34,58.213,69.73,459.863,35.575,131.557,1.262
2010-12-09 12:15:00,55.0,475.0,285.0,133.0,506.0,381.0,0.0,58.0,999.0,34,58.253,68.45,462.109,35.25,116.235,1.388
2010-12-09 12:30:00,98.0,842.0,285.0,238.0,897.0,376.0,0.0,59.0,-999.0,34,59.104,74.12,694.336,33.275,119.34,0.813
2010-12-09 12:45:00,53.0,459.0,286.0,131.0,490.0,374.0,0.0,59.0,999.0,34,60.248,77.5,746.484,31.738,121.343,1.344
2010-12-09 13:00:00,40.0,352.0,285.0,98.0,376.0,383.0,0.0,60.0,996.0,34,60.845,79.62,373.633,30.581,107.978,1.006
2010-12-09 13:15:00,36.0,317.0,285.0,87.0,340.0,387.0,0.0,59.0,995.0,34,60.632,74.79,322.656,30.488,176.827,1.113
2010-12-09 13:30:00,31.0,276.0,285.0,76.0,298.0,390.0,0.0,58.0,-994.0,34,60.4,72.7,262.012,30.375,53.91,0.7309999999999999
2010-12-09 13:45:00,36.0,313.0,285.0,85.0,337.0,393.0,0.0,60.0,-995.0,34,60.329,70.85,280.664,30.031,175.635,0.994
2010-12-09 14:00:00,34.0,301.0,285.0,83.0,322.0,387.0,0.0,60.0,995.0,34,60.521,71.82,339.355,29.8,150.075,0.5999999999999999
2010-12-09 14:15:00,23.0,199.0,285.0,58.0,216.0,368.0,0.0,60.0,986.0,34,60.47,71.75,205.078,29.756,172.147,0.888
2010-12-09 14:30:00,18.0,159.0,284.0,48.0,175.0,361.0,0.0,59.0,975.0,34,59.924,67.91,158.789,30.613,122.963,0.788
2010-12-09 14:45:00,24.0,213.0,285.0,59.0,232.0,386.0,0.0,59.0,987.0,34,59.458,65.74,147.754,30.95,111.915,1.119
2010-12-09 15:00:00,17.0,151.0,286.0,45.0,164.0,366.0,0.0,59.0,-973.0,34,59.346,65.47,201.465,31.4,213.57,1.475
2010-12-09 15:15:00,12.0,106.0,285.0,30.0,118.0,387.0,0.0,59.0,-940.0,34,59.104,64.89,122.656,32.188,107.595,0.8499999999999999
2010-12-09 15:30:00,9.0,74.0,286.0,22.0,87.0,385.0,0.0,58.0,-886.0,34,58.78,63.26,83.789,33.056,256.748,0.4809999999999999
2010-12-09 15:45:00,14.0,118.0,284.0,34.0,132.0,392.0,0.0,59.0,956.0,34,58.567,61.36,70.313,33.819,62.055,0.75
2010-12-09 16:00:00,6.0,45.0,286.0,15.0,58.0,390.0,0.0,58.0,772.0,34,58.567,60.54,71.094,33.219,85.16299999999998,1.563
2010-12-09 16:15:00,3.0,4.0,286.0,4.0,16.0,378.0,0.0,57.0,-111.0,34,57.98,58.62,26.855,33.719,98.775,1.119
2010-12-09 16:30:00,3.0,-5.0,284.0,1.0,5.0,298.0,0.0,57.0,115.0,34,56.461,55.13,8.105,35.819,53.955,0.688
2010-12-09 16:45:00,3.0,-9.0,283.0,0.0,0.0,294.0,0.0,55.0,-239.0,34,55.084,50.99,2.051,38.444,141.053,0.55
2010-12-09 17:00:00,0.0,-2.0,282.0,0.0,-2.0,76.0,0.0,54.0,0.0,34,53.768,49.26,0.195,41.631,67.928,0.3689999999999999
2010-12-09 17:15:00,0.0,-3.0,283.0,0.0,-2.0,9.0,0.0,52.0,0.0,34,53.008,50.21,0.0,41.825,101.79,0.662
2010-12-09 17:30:00,0.0,-2.0,282.0,0.0,0.0,4.0,0.0,51.0,0.0,34,52.229,50.14,0.0,44.125,127.8,1.106
2010-12-09 17:45:00,0.0,-3.0,283.0,0.0,0.0,4.0,0.0,49.0,0.0,34,51.652,50.04,0.0,45.044,121.05,0.925
2010-12-09 18:00:00,0.0,-3.0,283.0,0.0,-2.0,4.0,0.0,47.0,0.0,34,51.135,48.01,0.0,45.6,93.87,0.5749999999999998
2010-12-09 18:15:00,0.0,-3.0,284.0,0.0,-2.0,4.0,0.0,46.0,0.0,34,50.517,45.68,0.0,46.875,19.98,0.9
2010-12-09 18:30:00,0.0,-3.0,284.0,0.0,-2.0,4.0,0.0,45.0,0.0,34,49.586,43.03,0.0,49.3,343.26,1.063
2010-12-09 18:45:00,0.0,-2.0,284.0,0.0,0.0,4.0,0.0,45.0,0.0,34,48.786,40.93,0.0,51.3,303.345,1.075
