measured_on,ac_current__2685,ac_power_hw__2695,ac_voltage__2684,ambient_temp_f__2688,dc_current__2683,dc_power_hw__2694,dc_voltage__2682,inverter_error_code__2690,inverter_temp__2686,module_temp_f__2689,poa_irradiance__2679,power_factor_1000__2693,relative_humidity__2687,wind_direction__2692,wind_speed_mph__2691,system_id
2010-10-01 06:00:00,3.0,0.0,285.0,77.592,1.0,5.0,306.0,0.0,43.0,75.23,6.055,0.0,27.425,287.82,2.444,34
2010-10-01 06:15:00,3.0,10.0,285.0,77.76399999999998,3.0,10.0,355.0,0.0,49.0,76.69,11.719,307.0,26.95,234.428,4.231,34
2010-10-01 06:30:00,8.0,63.0,285.0,78.26999999999998,18.0,63.0,340.0,0.0,55.0,77.36,39.453,854.0,26.013,255.128,2.15,34
2010-10-01 06:45:00,11.0,93.0,285.0,79.65699999999998,26.0,94.0,359.0,0.0,58.0,79.56,87.012,919.0,24.85,304.515,2.294,34
2010-10-01 07:00:00,8.0,60.0,285.0,80.65,16.0,59.0,359.0,0.0,58.0,81.31999999999998,73.242,848.0,24.775,283.68,1.794,34
2010-10-01 07:15:00,9.0,68.0,284.0,80.558,19.0,68.0,348.0,0.0,58.0,81.65,69.141,-864.0,25.163,257.648,1.9,34
2010-10-01 07:30:00,7.0,56.0,283.0,80.346,16.0,56.0,346.0,0.0,58.0,81.90999999999998,67.578,839.0,27.306,235.508,1.619,34
2010-10-01 07:45:00,3.0,14.0,283.0,80.295,4.0,14.0,337.0,0.0,57.0,81.78,35.449,407.0,27.963,174.308,1.694,34
2010-10-01 08:00:00,4.0,24.0,283.0,79.89,7.0,22.0,346.0,0.0,58.0,79.42,21.973,-580.0,33.144,141.367,1.631,34
2010-10-01 08:15:00,3.0,16.0,283.0,78.89799999999998,4.0,14.0,346.0,0.0,57.0,76.39,23.926,-444.0,42.019,171.202,2.744,34
2010-10-01 08:30:00,4.0,29.0,283.0,78.23999999999998,7.0,28.0,377.0,0.0,57.0,75.98999999999998,23.535,-687.0,45.037,169.088,4.05,34
2010-10-01 08:45:00,5.0,37.0,283.0,76.357,10.0,39.0,367.0,0.0,58.0,72.76,34.57,-736.0,52.619,137.093,2.763,34
2010-10-01 09:00:00,9.0,74.0,284.0,75.982,19.0,75.0,389.0,0.0,58.0,72.86,46.68,901.0,52.706,106.943,3.544,34
2010-10-01 09:15:00,22.0,195.0,284.0,75.607,51.0,201.0,391.0,0.0,59.0,72.5,108.691,986.0,54.4,182.228,3.669,34
2010-10-01 09:30:00,36.0,317.0,283.0,76.863,85.0,326.0,383.0,0.0,59.0,75.81999999999998,213.184,995.0,48.775,246.353,6.412,34
2010-10-01 09:45:00,32.0,275.0,283.0,78.311,75.0,284.0,376.0,0.0,58.0,80.5,275.293,990.0,47.575,296.055,4.256,34
2010-10-01 10:00:00,15.0,128.0,283.0,79.485,34.0,129.0,375.0,0.0,59.0,83.34,167.578,-969.0,44.537,296.033,3.094,34
2010-10-01 10:15:00,19.0,170.0,283.0,79.536,45.0,174.0,381.0,0.0,59.0,81.95999999999998,120.898,976.0,45.65,297.923,3.856,34
2010-10-01 10:30:00,30.0,263.0,283.0,79.566,73.0,271.0,367.0,0.0,59.0,82.94,215.918,-994.0,45.113,288.225,2.531,34
2010-10-01 10:45:00,24.0,209.0,283.0,80.57899999999998,59.0,214.0,361.0,0.0,58.0,85.26,189.16,987.0,42.95,295.2,3.519,34
2010-10-01 11:00:00,27.0,240.0,283.0,80.57899999999998,68.0,244.0,357.0,0.0,59.0,84.64,195.996,988.0,42.219,307.935,6.156,34
2010-10-01 11:15:00,61.0,523.0,283.0,81.004,146.0,545.0,370.0,0.0,59.0,86.87999999999998,359.961,999.0,39.925,310.41,4.15,34
2010-10-01 11:30:00,53.0,454.0,283.0,83.211,128.0,473.0,366.0,0.0,59.0,94.96,450.977,996.0,36.869,298.53,4.1,34
2010-10-01 11:45:00,58.0,498.0,283.0,85.287,141.0,519.0,366.0,0.0,60.0,98.7,443.262,997.0,33.675,302.287,4.256,34
2010-10-01 12:00:00,63.0,535.0,283.0,86.27899999999998,153.0,558.0,363.0,0.0,60.0,100.11,483.594,-997.0,31.7,304.538,3.887,34
2010-10-01 12:15:00,61.0,527.0,283.0,87.98,152.0,549.0,360.0,0.0,60.0,104.94,610.059,999.0,27.531,294.3,3.419,34
2010-10-01 12:30:00,49.0,430.0,286.0,90.015,133.0,446.0,333.0,0.0,59.0,114.17,1018.359,-996.0,23.35,273.488,3.469,34
2010-10-01 12:45:00,54.0,473.0,286.0,90.967,138.0,494.0,355.0,0.0,60.0,117.68,592.871,999.0,21.481,261.608,2.131,34
2010-10-01 13:00:00,48.0,418.0,286.0,91.524,121.0,434.0,355.0,0.0,60.0,115.5,450.977,996.0,21.375,183.105,1.969,34
2010-10-01 13:15:00,109.0,943.0,286.0,91.504,293.0,985.0,334.0,0.0,61.0,113.06,859.375,999.0,21.338,226.418,1.081,34
2010-10-01 13:30:00,106.0,912.0,284.0,93.761,299.0,951.0,317.0,0.0,61.0,125.06,1063.867,-999.0,19.538,140.58,1.525,34
2010-10-01 13:45:00,99.0,847.0,283.0,93.893,268.0,887.0,328.0,0.0,59.0,124.36,917.578,-999.0,19.294,165.87,2.063,34
2010-10-01 14:00:00,97.0,827.0,284.0,93.913,270.0,864.0,318.0,0.0,60.0,119.41,960.742,999.0,19.35,176.198,1.656,34
2010-10-01 14:15:00,84.0,723.0,284.0,94.095,233.0,754.0,322.0,0.0,59.0,116.78,891.3089999999999,-999.0,18.788,129.713,1.931,34
2010-10-01 14:30:00,75.0,649.0,285.0,93.539,205.0,673.0,326.0,0.0,61.0,112.31,780.176,-999.0,19.581,102.825,2.281,34
2010-10-01 14:45:00,70.0,596.0,284.0,93.559,180.0,622.0,344.0,0.0,60.0,112.49,656.543,-999.0,19.438,113.31,1.813,34
2010-10-01 15:00:00,63.0,544.0,284.0,93.225,164.0,565.0,343.0,0.0,60.0,106.97,637.109,-997.0,20.038,90.99,2.456,34
2010-10-01 15:15:00,57.0,487.0,284.0,92.648,148.0,504.0,339.0,0.0,60.0,101.27,577.832,-997.0,20.938,122.58,3.069,34
2010-10-01 15:30:00,54.0,465.0,283.0,91.939,135.0,484.0,356.0,0.0,60.0,99.6,454.785,-997.0,21.644,156.488,1.587,34
2010-10-01 15:45:00,42.0,365.0,284.0,92.222,105.0,379.0,356.0,0.0,60.0,100.62,478.516,-999.0,21.569,97.268,1.962,34
2010-10-01 16:00:00,32.0,282.0,284.0,91.443,79.0,290.0,362.0,0.0,59.0,96.61,184.473,-995.0,22.281,103.028,1.694,34
2010-10-01 16:15:00,5.0,32.0,284.0,90.44,9.0,32.0,345.0,0.0,59.0,94.18,154.98,-705.0,23.2,114.232,1.975,34
2010-10-01 16:30:00,5.0,39.0,285.0,89.114,11.0,39.0,347.0,0.0,59.0,90.71,75.879,-762.0,24.1,150.165,1.269,34
2010-10-01 16:45:00,5.0,33.0,285.0,88.415,10.0,33.0,320.0,0.0,58.0,88.78,62.5,694.0,24.556,72.697,0.944,34
2010-10-01 17:00:00,3.0,8.0,282.0,87.83799999999998,3.0,9.0,323.0,0.0,58.0,86.92,31.348,0.0,25.119,72.67499999999998,0.7379999999999999,34
2010-10-01 17:15:00,3.0,0.0,282.0,86.563,1.0,5.0,304.0,0.0,58.0,84.59,0.0,0.0,26.275,75.218,0.375,34
2010-10-01 17:30:00,0.0,-2.0,284.0,85.834,1.0,0.0,337.0,0.0,57.0,82.73999999999998,4.102,0.0,26.787,57.803,0.7119999999999999,34
2010-10-01 17:45:00,2.0,-9.0,283.0,84.99299999999998,1.0,4.0,293.0,0.0,57.0,82.72,0.781,0.0,28.031,66.51,0.462,34
2010-10-01 18:00:00,0.0,-2.0,285.0,84.659,1.0,0.0,12.0,0.0,57.0,82.12999999999998,0.2929999999999999,0.0,28.713,66.51,0.5809999999999998,34
2010-10-01 18:15:00,0.0,-3.0,286.0,82.391,1.0,0.0,2.0,0.0,56.0,76.59,0.2929999999999999,0.0,32.15,66.51,0.012,34
2010-10-01 18:30:00,0.0,-2.0,286.0,80.781,1.0,0.0,2.0,0.0,55.0,73.14,0.2929999999999999,0.0,34.594,107.708,0.5749999999999998,34
2010-10-01 18:45:00,0.0,-2.0,286.0,80.336,1.0,0.0,1.0,0.0,55.0,71.52,0.391,0.0,34.413,321.345,1.488,34
2010-10-10 06:00:00,3.0,-2.0,283.0,64.743,2.0,8.0,392.0,0.0,42.0,62.34,8.301,0.0,32.519,311.31,3.913,34
2010-10-10 06:15:00,6.0,44.0,284.0,65.29,12.0,45.0,372.0,0.0,51.0,63.16,15.82,-785.0,32.037,276.773,2.938,34
2010-10-10 06:30:00,10.0,89.0,283.0,65.462,28.0,90.0,327.0,0.0,58.0,63.17,48.34,929.0,32.556,294.188,3.194,34
2010-10-10 06:45:00,17.0,153.0,284.0,66.677,47.0,157.0,336.0,0.0,58.0,67.16,205.566,974.0,30.906,283.5,5.381,34
2010-10-10 07:00:00,27.0,230.0,283.0,67.082,72.0,236.0,325.0,0.0,59.0,70.8,258.691,988.0,30.394,279.585,6.162,34
2010-10-10 07:15:00,40.0,337.0,281.0,67.933,89.0,348.0,387.0,0.0,59.0,73.83,356.738,995.0,29.3,288.473,7.612,34
2010-10-10 07:30:00,48.0,411.0,283.0,69.188,110.0,426.0,384.0,0.0,59.0,77.47,416.309,996.0,28.55,269.933,5.912,34
2010-10-10 07:45:00,58.0,490.0,281.0,70.221,133.0,507.0,378.0,0.0,58.0,81.68,479.59,997.0,27.812,281.97,5.813,34
2010-10-10 08:00:00,65.0,558.0,283.0,71.446,154.0,583.0,376.0,0.0,59.0,86.95999999999998,560.84,-997.0,26.919,294.21,4.906,34
2010-10-10 08:15:00,73.0,623.0,282.0,72.80299999999998,174.0,652.0,371.0,0.0,60.0,93.05,626.074,999.0,25.675,288.653,5.275,34
2010-10-10 08:30:00,79.0,677.0,283.0,73.997,191.0,707.0,368.0,0.0,60.0,97.67,690.234,999.0,24.681,262.035,4.238,34
2010-10-10 08:45:00,85.0,727.0,283.0,75.12099999999998,209.0,761.0,361.0,0.0,60.0,102.07,748.438,999.0,23.487,206.978,4.225,34
2010-10-10 09:00:00,90.0,768.0,284.0,76.083,228.0,803.0,351.0,0.0,60.0,103.51,801.27,-999.0,22.075,237.308,3.956,34
2010-10-10 09:15:00,95.0,806.0,283.0,77.015,246.0,842.0,340.0,0.0,59.0,109.64,852.441,999.0,21.4,239.243,3.731,34
2010-10-10 09:30:00,98.0,833.0,282.0,77.91599999999998,246.0,872.0,352.0,0.0,61.0,112.2,898.5349999999999,-999.0,20.706,215.1,3.675,34
2010-10-10 09:45:00,103.0,877.0,283.0,78.71599999999998,263.0,918.0,347.0,0.0,61.0,110.05,925.488,-999.0,20.25,153.99,3.619,34
2010-10-10 10:00:00,105.0,895.0,282.0,79.333,283.0,935.0,329.0,0.0,58.0,107.15,975.098,999.0,19.831,123.863,3.656,34
2010-10-10 10:15:00,109.0,931.0,283.0,80.042,277.0,974.0,350.0,0.0,58.0,103.16,984.18,-999.0,19.175,122.49,5.675,34
2010-10-10 10:30:00,112.0,949.0,282.0,80.366,291.0,995.0,340.0,0.0,61.0,101.55,1015.234,999.0,19.194,125.505,4.613,34
2010-10-10 10:45:00,113.0,959.0,281.0,81.328,299.0,1005.0,335.0,0.0,59.0,102.04,1036.035,999.0,18.075,135.833,5.894,34
2010-10-10 11:00:00,115.0,981.0,284.0,81.59099999999998,304.0,1027.0,336.0,0.0,60.0,101.08,1057.227,999.0,18.019,128.858,5.888,34
2010-10-10 11:15:00,116.0,984.0,283.0,82.158,294.0,1032.0,349.0,0.0,60.0,102.09,1071.289,-999.0,17.681,131.895,5.669,34
2010-10-10 11:30:00,117.0,996.0,283.0,82.421,304.0,1044.0,342.0,0.0,59.0,101.3,1073.438,-999.0,17.606,142.043,5.9,34
2010-10-10 11:45:00,116.0,986.0,283.0,82.52299999999998,301.0,1035.0,342.0,0.0,61.0,99.17,1070.898,-999.0,17.619,136.148,6.5,34
2010-10-10 12:00:00,114.0,976.0,285.0,83.09999999999998,300.0,1022.0,338.0,0.0,59.0,100.55,1065.039,-1000.0,17.288,130.05,5.531,34
2010-10-10 12:15:00,113.0,959.0,282.0,83.525,293.0,1007.0,342.0,0.0,60.0,101.45,1053.125,999.0,16.913,124.943,5.794,34
2010-10-10 12:30:00,110.0,938.0,283.0,83.768,279.0,982.0,350.0,0.0,59.0,101.05,1035.449,-999.0,16.888,122.49,5.506,34
2010-10-10 12:45:00,109.0,924.0,282.0,84.102,284.0,970.0,340.0,0.0,60.0,101.01,1011.035,999.0,16.9,112.973,6.362,34
2010-10-10 13:00:00,105.0,891.0,281.0,84.01099999999998,271.0,934.0,342.0,0.0,61.0,100.74,983.691,999.0,17.131,98.663,5.2,34
2010-10-10 13:15:00,101.0,857.0,282.0,84.649,258.0,897.0,345.0,0.0,60.0,101.09,948.633,999.0,16.969,109.305,4.869,34
2010-10-10 13:30:00,97.0,820.0,281.0,84.953,252.0,858.0,338.0,0.0,60.0,100.9,909.57,999.0,17.05,110.948,4.675,34
2010-10-10 13:45:00,90.0,773.0,285.0,85.378,227.0,810.0,354.0,0.0,60.0,100.13,864.551,-999.0,17.038,109.373,4.281,34
2010-10-10 14:00:00,86.0,735.0,284.0,85.17499999999998,225.0,769.0,340.0,0.0,59.0,96.92,818.75,-999.0,16.763,112.095,4.731,34
2010-10-10 14:15:00,81.0,689.0,284.0,85.62099999999998,207.0,720.0,346.0,0.0,59.0,98.97,767.773,999.0,16.088,107.122,4.65,34
2010-10-10 14:30:00,75.0,638.0,284.0,85.671,190.0,666.0,349.0,0.0,60.0,97.66,712.988,999.0,16.081,98.348,5.156,34
2010-10-10 14:45:00,67.0,576.0,283.0,85.712,168.0,600.0,354.0,0.0,59.0,95.82,651.855,-999.0,16.4,113.333,4.013,34
2010-10-10 15:00:00,59.0,507.0,284.0,85.87399999999998,151.0,525.0,346.0,0.0,59.0,95.86,589.16,-999.0,16.144,110.565,3.625,34
2010-10-10 15:15:00,52.0,441.0,282.0,85.84399999999998,129.0,456.0,350.0,0.0,60.0,94.63,523.047,999.0,16.356,101.025,4.1,34
2010-10-10 15:30:00,43.0,373.0,283.0,85.793,105.0,386.0,364.0,0.0,60.0,93.87,455.566,996.0,16.338,99.18,4.313,34
2010-10-10 15:45:00,34.0,295.0,283.0,85.611,85.0,305.0,358.0,0.0,59.0,92.47,386.426,995.0,16.425,114.615,3.744,34
2010-10-10 16:00:00,24.0,213.0,283.0,85.165,61.0,218.0,356.0,0.0,59.0,90.48,317.188,-993.0,16.694,98.73,4.238,34
2010-10-10 16:15:00,15.0,130.0,284.0,84.70999999999998,38.0,133.0,354.0,0.0,59.0,89.54,248.145,960.0,16.944,142.043,2.463,34
2010-10-10 16:30:00,9.0,72.0,283.0,84.254,20.0,72.0,354.0,0.0,58.0,87.23,178.711,899.0,17.381,133.38,1.925,34
2010-10-10 16:45:00,4.0,29.0,283.0,83.35299999999998,8.0,29.0,356.0,0.0,58.0,83.78,28.516,687.0,17.888,264.488,3.525,34
2010-10-10 17:00:00,3.0,4.0,283.0,82.259,2.0,6.0,304.0,0.0,58.0,80.14,14.648,0.0,18.8,225.698,2.337,34
2010-10-10 17:15:00,3.0,-6.0,281.0,80.974,1.0,5.0,293.0,0.0,58.0,78.06999999999998,6.836,0.0,20.106,160.83,2.175,34
2010-10-10 17:30:00,2.0,-9.0,280.0,80.214,1.0,4.0,291.0,0.0,58.0,77.81999999999998,1.855,0.0,20.806,111.128,1.9,34
2010-10-10 17:45:00,0.0,-2.0,282.0,79.90999999999998,1.0,0.0,34.0,0.0,57.0,79.86,0.391,0.0,20.569,117.585,2.369,34
2010-10-10 18:00:00,0.0,-2.0,283.0,79.272,1.0,0.0,3.0,0.0,57.0,77.83,0.391,0.0,21.25,106.92,1.913,34
2010-10-10 18:15:00,0.0,-2.0,284.0,78.209,1.0,0.0,1.0,0.0,56.0,75.73999999999998,0.391,0.0,22.306,79.89799999999998,0.944,34
2010-10-10 18:30:00,0.0,-2.0,284.0,77.379,1.0,0.0,1.0,0.0,56.0,73.37,0.2929999999999999,0.0,22.825,161.618,1.363,34
2010-10-10 18:45:00,0.0,-3.0,284.0,76.40699999999998,1.0,0.0,1.0,0.0,55.0,70.25,0.0,0.0,24.044,295.02,0.5809999999999998,34
2010-10-11 06:00:00,3.0,12.0,282.0,58.709,2.0,10.0,365.0,0.0,44.0,48.29,8.887,-345.0,53.338,310.927,0.444,34
2010-10-11 06:15:00,5.0,39.0,282.0,58.243,9.0,39.0,414.0,0.0,53.0,48.22,15.625,783.0,55.263,303.953,0.8,34
2010-10-11 06:30:00,12.0,101.0,282.0,59.397,27.0,102.0,376.0,0.0,57.0,49.64,40.82,937.0,52.219,307.328,1.406,34
2010-10-11 06:45:00,20.0,171.0,282.0,61.22,43.0,175.0,401.0,0.0,59.0,56.35,200.391,984.0,47.969,303.93,1.063,34
2010-10-11 07:00:00,28.0,247.0,282.0,62.698,63.0,252.0,397.0,0.0,59.0,64.24,266.211,994.0,46.894,303.795,0.194,34
2010-10-11 07:15:00,37.0,319.0,283.0,64.5,82.0,334.0,405.0,0.0,59.0,71.88,341.504,995.0,44.181,274.725,0.781,34
2010-10-11 07:30:00,47.0,403.0,283.0,66.839,108.0,417.0,382.0,0.0,59.0,78.04999999999998,407.129,999.0,40.781,103.613,0.981,34
2010-10-11 07:45:00,55.0,472.0,283.0,68.489,128.0,492.0,381.0,0.0,59.0,83.64,468.066,999.0,38.113,78.97499999999998,1.712,34
2010-10-11 08:00:00,64.0,545.0,282.0,69.725,153.0,567.0,368.0,0.0,60.0,89.47,548.145,-999.0,34.05,135.742,2.056,34
2010-10-11 08:15:00,70.0,603.0,284.0,70.707,171.0,630.0,368.0,0.0,60.0,98.37,614.941,-999.0,31.994,271.665,1.256,34
2010-10-11 08:30:00,76.0,657.0,285.0,71.831,193.0,685.0,353.0,0.0,60.0,104.66,678.32,999.0,30.431,275.918,1.438,34
2010-10-11 08:45:00,82.0,703.0,284.0,72.75199999999998,211.0,733.0,345.0,0.0,59.0,111.85,736.23,999.0,29.469,227.678,1.6,34
2010-10-11 09:00:00,87.0,749.0,284.0,73.754,224.0,783.0,347.0,0.0,60.0,115.76,791.3089999999999,-999.0,28.856,226.755,1.794,34
2010-10-11 09:15:00,91.0,784.0,284.0,74.91899999999998,235.0,819.0,346.0,0.0,60.0,117.79,841.0159999999998,999.0,27.706,235.553,1.787,34
2010-10-11 09:30:00,95.0,816.0,285.0,75.952,253.0,854.0,335.0,0.0,61.0,121.0,888.086,-999.0,26.956,202.118,1.637,34
2010-10-11 09:45:00,99.0,837.0,282.0,77.20699999999998,268.0,876.0,325.0,0.0,61.0,123.52,928.516,-998.0,25.669,195.638,1.575,34
2010-10-11 10:00:00,101.0,862.0,283.0,78.25,264.0,900.0,339.0,0.0,59.0,124.96,965.43,999.0,24.45,251.123,1.569,34
2010-10-11 10:15:00,104.0,882.0,282.0,79.384,280.0,922.0,327.0,0.0,59.0,128.27,995.703,999.0,23.419,282.06,1.475,34
2010-10-11 10:30:00,105.0,892.0,282.0,80.68,284.0,931.0,326.0,0.0,59.0,120.95,1017.578,999.0,23.063,153.81,1.444,34
2010-10-11 10:45:00,106.0,901.0,282.0,81.08499999999998,293.0,942.0,320.0,0.0,61.0,111.96,1032.715,998.0,23.088,118.913,1.606,34
2010-10-11 11:00:00,106.0,904.0,283.0,81.86499999999998,298.0,943.0,315.0,0.0,59.0,115.87,1045.117,999.0,22.325,186.998,2.087,34
2010-10-11 11:15:00,107.0,914.0,283.0,82.34,291.0,954.0,326.0,0.0,59.0,103.01,1051.855,-999.0,22.669,169.29,1.875,34
2010-10-11 11:30:00,107.0,909.0,283.0,82.887,293.0,950.0,323.0,0.0,60.0,107.06,1055.957,999.0,21.981,156.263,2.012,34
2010-10-11 11:45:00,106.0,909.0,283.0,83.677,293.0,949.0,322.0,0.0,60.0,102.9,1056.055,1000.0,21.756,169.83,2.337,34
2010-10-11 12:00:00,106.0,903.0,283.0,85.074,286.0,945.0,327.0,0.0,59.0,114.25,1051.758,998.0,20.55,183.69,2.337,34
2010-10-11 12:15:00,103.0,885.0,284.0,86.188,286.0,926.0,321.0,0.0,59.0,115.61,1037.5,1000.0,19.975,226.08,1.6,34
2010-10-11 12:30:00,102.0,876.0,283.0,86.643,285.0,915.0,320.0,0.0,59.0,113.65,1021.68,999.0,19.85,137.655,1.819,34
2010-10-11 12:45:00,99.0,853.0,285.0,87.433,279.0,891.0,317.0,0.0,59.0,110.48,1000.098,999.0,19.394,160.403,1.656,34
2010-10-11 13:00:00,97.0,826.0,283.0,87.595,260.0,862.0,330.0,0.0,59.0,118.98,971.387,999.0,19.012,254.227,2.425,34
2010-10-11 13:15:00,93.0,797.0,283.0,87.83799999999998,262.0,834.0,316.0,0.0,61.0,109.01,937.695,-999.0,19.319,153.765,2.075,34
2010-10-11 13:30:00,90.0,765.0,283.0,88.29399999999998,251.0,797.0,316.0,0.0,59.0,113.06,898.34,999.0,18.644,137.925,2.531,34
2010-10-11 13:45:00,85.0,729.0,283.0,89.09399999999998,239.0,757.0,314.0,0.0,60.0,104.93,856.836,1000.0,18.512,185.715,2.025,34
2010-10-11 14:00:00,81.0,689.0,282.0,90.046,223.0,718.0,320.0,0.0,60.0,116.73,811.0349999999999,999.0,17.481,252.113,2.419,34
2010-10-11 14:15:00,76.0,643.0,282.0,90.349,206.0,669.0,322.0,0.0,61.0,116.44,758.789,997.0,17.538,174.555,2.094,34
2010-10-11 14:30:00,70.0,598.0,281.0,89.236,187.0,621.0,330.0,0.0,59.0,102.43,701.074,999.0,18.538,114.008,1.7,34
2010-10-11 14:45:00,63.0,540.0,281.0,89.074,168.0,558.0,331.0,0.0,60.0,103.65,642.969,997.0,18.15,181.125,1.644,34
2010-10-11 15:00:00,57.0,484.0,281.0,90.157,146.0,503.0,342.0,0.0,59.0,111.83,581.445,997.0,17.5,257.265,1.744,34
2010-10-11 15:15:00,49.0,415.0,281.0,90.00499999999998,127.0,429.0,334.0,0.0,59.0,104.29,514.844,999.0,17.844,209.318,1.844,34
2010-10-11 15:30:00,41.0,346.0,281.0,89.884,106.0,359.0,336.0,0.0,59.0,105.48,447.461,-996.0,17.713,281.205,2.413,34
2010-10-11 15:45:00,32.0,274.0,281.0,89.61,83.0,282.0,336.0,0.0,60.0,102.14,378.32,994.0,18.094,142.178,1.425,34
2010-10-11 16:00:00,23.0,195.0,281.0,89.013,59.0,201.0,338.0,0.0,59.0,99.07,308.789,-986.0,18.594,172.89,1.188,34
2010-10-11 16:15:00,14.0,121.0,282.0,88.61799999999998,36.0,125.0,346.0,0.0,59.0,93.99,239.941,-957.0,19.288,180.765,1.081,34
2010-10-11 16:30:00,8.0,66.0,282.0,87.828,19.0,66.0,350.0,0.0,59.0,91.84,166.309,-890.0,19.744,167.49,0.8,34
2010-10-11 16:45:00,4.0,22.0,283.0,86.724,6.0,22.0,353.0,0.0,59.0,87.75,22.07,585.0,20.844,180.202,0.669,34
2010-10-11 17:00:00,3.0,2.0,283.0,85.459,1.0,5.0,305.0,0.0,58.0,84.59999999999998,13.477,0.0,21.506,148.005,0.519,34
2010-10-11 17:15:00,0.0,-3.0,281.0,84.315,1.0,0.0,353.0,0.0,58.0,82.03,6.25,0.0,22.425,173.16,0.4689999999999999,34
2010-10-11 17:30:00,3.0,-9.0,283.0,83.626,1.0,4.0,292.0,0.0,58.0,81.42,1.66,0.0,23.044,122.76,0.4809999999999999,34
2010-10-11 17:45:00,0.0,-3.0,282.0,81.99599999999998,1.0,0.0,24.0,0.0,58.0,78.08,0.0,0.0,24.906,164.745,0.925,34
2010-10-11 18:00:00,0.0,-3.0,283.0,80.953,1.0,0.0,3.0,0.0,57.0,75.98,0.4879999999999999,0.0,25.719,202.838,1.494,34
2010-10-11 18:15:00,0.0,-2.0,284.0,80.174,1.0,0.0,3.0,0.0,56.0,73.87999999999998,0.391,0.0,26.55,207.337,1.025,34
2010-10-11 18:30:00,0.0,-2.0,285.0,79.18099999999998,1.0,0.0,3.0,0.0,56.0,71.7,0.4879999999999999,0.0,27.8,228.713,0.75,34
2010-10-11 18:45:00,0.0,-3.0,285.0,78.331,1.0,0.0,3.0,0.0,55.0,69.06,0.4879999999999999,0.0,29.344,251.775,0.775,34
2010-10-12 06:00:00,3.0,9.0,283.0,69.806,3.0,9.0,309.0,0.0,42.0,68.71,8.788999999999998,279.0,40.494,300.195,7.724999999999999,34
2010-10-12 06:15:00,6.0,39.0,283.0,69.806,12.0,39.0,322.0,0.0,50.0,68.87,15.039,743.0,40.3,251.865,5.194,34
2010-10-12 06:30:00,11.0,91.0,282.0,70.089,27.0,91.0,335.0,0.0,57.0,69.17,34.375,-931.0,39.8,273.555,5.588,34
2010-10-12 06:45:00,17.0,144.0,282.0,70.869,46.0,147.0,319.0,0.0,59.0,72.04,200.977,-972.0,38.55,304.448,7.869,34
2010-10-12 07:00:00,23.0,205.0,281.0,71.598,67.0,210.0,310.0,0.0,59.0,75.5,268.457,986.0,37.625,262.328,6.344,34
2010-10-12 07:15:00,34.0,290.0,281.0,72.19499999999998,87.0,298.0,337.0,0.0,59.0,78.14,338.965,995.0,36.762,186.368,4.6,34
2010-10-12 07:30:00,46.0,394.0,282.0,73.12699999999998,106.0,407.0,380.0,0.0,60.0,81.51999999999998,402.832,999.0,35.563,225.023,4.25,34
2010-10-12 07:45:00,54.0,463.0,282.0,74.018,124.0,483.0,386.0,0.0,59.0,85.44,466.797,-997.0,34.806,193.073,3.356,34
2010-10-12 08:00:00,62.0,535.0,284.0,74.83799999999998,149.0,557.0,371.0,0.0,59.0,91.67,543.555,997.0,33.619,212.175,2.875,34
2010-10-12 08:15:00,70.0,598.0,284.0,75.688,168.0,626.0,370.0,0.0,60.0,95.86,607.813,997.0,31.731,244.71,4.013,34
2010-10-12 08:30:00,76.0,652.0,283.0,76.52899999999998,180.0,683.0,378.0,0.0,60.0,99.78,673.633,-999.0,30.656,275.378,4.881,34
2010-10-12 08:45:00,82.0,703.0,284.0,77.23699999999998,206.0,734.0,354.0,0.0,60.0,101.87,718.848,-999.0,29.881,200.813,3.688,34
2010-10-12 09:00:00,88.0,747.0,283.0,77.936,225.0,780.0,345.0,0.0,60.0,104.49,790.918,999.0,29.056,135.833,1.5,34
2010-10-12 09:15:00,91.0,776.0,283.0,78.726,228.0,811.0,354.0,0.0,59.0,112.04,841.211,999.0,27.963,207.225,2.262,34
2010-10-12 09:30:00,95.0,811.0,283.0,79.171,252.0,847.0,335.0,0.0,59.0,102.13,870.4099999999999,-999.0,28.575,156.577,1.806,34
2010-10-12 09:45:00,99.0,845.0,283.0,80.052,253.0,884.0,347.0,0.0,61.0,99.93,920.215,-999.0,26.081,174.218,2.75,34
2010-10-12 10:00:00,101.0,869.0,285.0,80.518,269.0,908.0,335.0,0.0,60.0,105.67,947.168,-1000.0,25.85,201.217,1.919,34
2010-10-12 10:15:00,103.0,882.0,284.0,81.075,274.0,922.0,335.0,0.0,61.0,117.75,991.406,999.0,24.925,212.558,2.55,34
2010-10-12 10:30:00,105.0,896.0,284.0,81.702,280.0,936.0,332.0,0.0,61.0,119.74,1017.09,-999.0,24.344,226.26,2.237,34
2010-10-12 10:45:00,106.0,908.0,283.0,82.55299999999998,291.0,950.0,325.0,0.0,60.0,121.16,1038.672,-999.0,23.063,185.94,2.475,34
2010-10-12 11:00:00,106.0,909.0,284.0,83.171,299.0,951.0,316.0,0.0,60.0,124.04,1054.98,-999.0,22.325,287.663,2.613,34
2010-10-12 11:15:00,107.0,914.0,283.0,83.778,300.0,954.0,317.0,0.0,59.0,124.22,1064.355,-999.0,21.825,202.005,1.581,34
2010-10-12 11:30:00,108.0,920.0,282.0,84.659,299.0,962.0,320.0,0.0,59.0,122.44,1068.75,999.0,20.763,254.79,3.137,34
2010-10-12 11:45:00,108.0,920.0,283.0,85.388,302.0,961.0,316.0,0.0,59.0,122.66,1067.48,1000.0,19.612,244.665,3.769,34
2010-10-12 12:00:00,107.0,914.0,283.0,85.87399999999998,291.0,955.0,327.0,0.0,60.0,123.08,1062.207,-999.0,19.05,219.285,2.975,34
2010-10-12 12:15:00,107.0,905.0,282.0,86.289,287.0,947.0,328.0,0.0,61.0,117.73,1051.563,999.0,18.544,151.313,3.487,34
2010-10-12 12:30:00,104.0,882.0,282.0,86.471,290.0,923.0,317.0,0.0,61.0,112.84,1030.273,999.0,18.775,156.105,2.431,34
2010-10-12 12:45:00,103.0,876.0,282.0,86.36,277.0,916.0,329.0,0.0,60.0,106.0,1009.18,-1000.0,19.606,94.792,3.244,34
2010-10-12 13:00:00,100.0,845.0,282.0,86.674,272.0,882.0,322.0,0.0,59.0,109.4,980.078,-999.0,18.588,143.19,3.013,34
2010-10-12 13:15:00,98.0,834.0,282.0,87.53499999999998,254.0,873.0,341.0,0.0,59.0,106.9,944.531,999.0,16.531,115.088,4.413,34
2010-10-12 13:30:00,95.0,804.0,283.0,87.474,250.0,841.0,334.0,0.0,61.0,102.41,905.566,999.0,15.838,108.788,5.106,34
2010-10-12 13:45:00,90.0,765.0,282.0,87.656,238.0,799.0,334.0,0.0,59.0,104.08,865.1369999999998,999.0,15.656,125.348,4.387,34
2010-10-12 14:00:00,84.0,711.0,281.0,87.798,225.0,739.0,326.0,0.0,59.0,104.06,819.336,999.0,15.338,134.123,4.806,34
2010-10-12 14:15:00,79.0,670.0,281.0,87.696,205.0,698.0,339.0,0.0,60.0,102.35,766.797,999.0,15.244,94.68,3.7,34
2010-10-12 14:30:00,72.0,615.0,281.0,88.01,186.0,641.0,343.0,0.0,60.0,106.05,710.84,-999.0,14.8,166.455,2.944,34
2010-10-12 14:45:00,65.0,550.0,282.0,88.203,169.0,569.0,335.0,0.0,60.0,103.38,650.977,999.0,14.206,170.37,2.7,34
2010-10-12 15:00:00,56.0,481.0,282.0,88.21299999999998,150.0,498.0,329.0,0.0,60.0,100.38,587.891,-999.0,14.1,144.068,3.194,34
2010-10-12 15:15:00,48.0,407.0,282.0,88.09099999999998,129.0,422.0,325.0,0.0,59.0,98.44,521.777,996.0,13.087,105.435,3.556,34
2010-10-12 15:30:00,39.0,334.0,282.0,87.494,107.0,344.0,320.0,0.0,60.0,94.87,452.246,995.0,12.131,113.625,4.862,34
2010-10-12 15:45:00,30.0,264.0,282.0,86.897,84.0,272.0,322.0,0.0,59.0,93.07,382.227,994.0,11.994,94.658,4.063,34
2010-10-12 16:00:00,22.0,191.0,282.0,86.512,61.0,197.0,322.0,0.0,60.0,91.67,312.305,986.0,11.806,97.718,4.469,34
2010-10-12 16:15:00,13.0,117.0,281.0,85.80299999999998,37.0,120.0,324.0,0.0,59.0,89.48999999999998,242.188,955.0,10.4,94.838,5.294,34
2010-10-12 16:30:00,8.0,63.0,283.0,84.89199999999998,19.0,64.0,323.0,0.0,59.0,86.97,153.809,870.0,10.119,132.57,5.775,34
2010-10-12 16:45:00,4.0,25.0,283.0,83.839,7.0,24.0,323.0,0.0,58.0,84.28,24.902,612.0,9.288,134.145,4.656,34
2010-10-12 17:00:00,2.0,2.0,282.0,82.72499999999998,2.0,6.0,304.0,0.0,58.0,82.42,15.039,0.0,8.763,93.69,4.387,34
2010-10-12 17:15:00,0.0,-3.0,282.0,81.662,1.0,0.0,350.0,0.0,58.0,80.68,6.25,0.0,8.313,94.5,4.163,34
2010-10-12 17:30:00,0.0,-2.0,281.0,80.65999999999998,1.0,0.0,220.0,0.0,58.0,79.06,1.465,0.0,8.313,92.61,3.531,34
2010-10-12 17:45:00,0.0,-2.0,283.0,79.95099999999998,1.0,0.0,21.0,0.0,57.0,78.2,0.391,0.0,8.637,112.905,2.763,34
2010-10-12 18:00:00,0.0,-2.0,283.0,79.262,1.0,0.0,4.0,0.0,56.0,77.09999999999998,0.4879999999999999,0.0,9.063,106.38,2.944,34
2010-10-12 18:15:00,0.0,-3.0,284.0,78.685,1.0,0.0,3.0,0.0,56.0,75.93,0.391,0.0,9.344,103.545,1.994,34
2010-10-12 18:30:00,0.0,-2.0,285.0,78.16899999999998,1.0,0.0,3.0,0.0,55.0,75.44,0.2929999999999999,0.0,9.462,157.725,2.85,34
2010-10-12 18:45:00,0.0,-3.0,285.0,77.38899999999998,1.0,0.0,3.0,0.0,55.0,73.95,0.2929999999999999,0.0,10.388,125.573,1.956,34
2010-10-13 06:00:00,3.0,10.0,282.0,60.956,3.0,9.0,319.0,0.0,42.0,54.48,9.18,-307.0,18.369,288.27,1.138,34
2010-10-13 06:15:00,6.0,40.0,282.0,60.217,11.0,41.0,366.0,0.0,51.0,53.6,16.797,-749.0,21.731,246.915,1.475,34
2010-10-13 06:30:00,12.0,98.0,282.0,60.815,27.0,99.0,369.0,0.0,57.0,54.43,28.613,-923.0,19.5,305.325,1.863,34
2010-10-13 06:45:00,20.0,171.0,282.0,61.716,43.0,174.0,395.0,0.0,59.0,59.31,204.004,976.0,18.188,279.743,1.712,34
2010-10-13 07:00:00,28.0,244.0,281.0,62.566,66.0,251.0,376.0,0.0,59.0,65.74,273.145,-989.0,17.063,335.61,0.956,34
2010-10-13 07:15:00,38.0,332.0,283.0,63.427,86.0,342.0,395.0,0.0,58.0,71.82,346.777,995.0,17.831,280.17,1.231,34
2010-10-13 07:30:00,48.0,410.0,284.0,64.581,109.0,425.0,385.0,0.0,60.0,77.29999999999998,418.75,-996.0,16.894,280.755,2.187,34
2010-10-13 07:45:00,56.0,484.0,283.0,66.272,129.0,506.0,389.0,0.0,59.0,82.31999999999998,487.598,-997.0,14.787,288.518,3.438,34
2010-10-13 08:00:00,65.0,557.0,283.0,67.862,153.0,580.0,375.0,0.0,59.0,85.75,560.547,-997.0,11.919,301.388,4.225,34
2010-10-13 08:15:00,73.0,619.0,282.0,69.218,173.0,646.0,370.0,0.0,60.0,92.73,628.223,999.0,11.55,295.583,3.575,34
2010-10-13 08:30:00,79.0,673.0,283.0,70.261,192.0,704.0,363.0,0.0,60.0,100.01,693.652,-999.0,10.875,306.472,2.775,34
2010-10-13 08:45:00,84.0,723.0,285.0,71.77,209.0,757.0,361.0,0.0,60.0,103.87,753.9059999999998,-999.0,9.462,294.39,3.287,34
2010-10-13 09:00:00,89.0,762.0,283.0,72.97499999999998,225.0,796.0,352.0,0.0,60.0,109.56,806.9339999999999,999.0,9.494,291.375,2.625,34
2010-10-13 09:15:00,94.0,800.0,282.0,73.876,238.0,837.0,350.0,0.0,61.0,112.27,857.129,999.0,9.831,270.72,2.663,34
2010-10-13 09:30:00,98.0,828.0,282.0,74.64499999999998,251.0,866.0,344.0,0.0,59.0,117.3,902.832,999.0,9.75,239.873,1.769,34
2010-10-13 09:45:00,101.0,857.0,282.0,75.739,260.0,896.0,342.0,0.0,60.0,115.22,942.578,-999.0,9.137,177.165,2.45,34
2010-10-13 10:00:00,103.0,881.0,284.0,76.691,275.0,920.0,332.0,0.0,59.0,116.47,976.953,1000.0,8.65,111.15,2.137,34
2010-10-13 10:15:00,105.0,893.0,282.0,77.227,278.0,934.0,334.0,0.0,59.0,112.7,1006.543,999.0,8.394,217.868,2.113,34
2010-10-13 10:30:00,106.0,904.0,283.0,77.885,280.0,947.0,336.0,0.0,59.0,120.3,1034.57,-999.0,8.205999999999998,229.77,1.806,34
2010-10-13 10:45:00,107.0,914.0,284.0,79.08,300.0,954.0,317.0,0.0,61.0,121.4,1057.324,-999.0,7.881,132.57,1.512,34
2010-10-13 11:00:00,108.0,920.0,284.0,79.72799999999998,302.0,961.0,317.0,0.0,61.0,118.54,1072.07,999.0,7.731,230.828,2.037,34
2010-10-13 11:15:00,109.0,927.0,283.0,81.075,304.0,968.0,316.0,0.0,61.0,121.24,1081.836,1000.0,7.444,218.273,2.381,34
2010-10-13 11:30:00,109.0,930.0,283.0,82.199,305.0,972.0,316.0,0.0,60.0,114.58,1084.766,-1000.0,7.581,186.3,2.25,34
2010-10-13 11:45:00,109.0,927.0,282.0,83.20099999999998,305.0,969.0,315.0,0.0,61.0,116.26,1083.984,999.0,7.381,169.47,2.969,34
2010-10-13 12:00:00,107.0,912.0,282.0,83.93,301.0,951.0,315.0,0.0,61.0,116.15,1076.953,999.0,7.381,156.24,1.962,34
2010-10-13 12:15:00,107.0,901.0,282.0,84.193,291.0,942.0,322.0,0.0,59.0,119.63,1064.063,999.0,7.224999999999999,217.463,2.187,34
2010-10-13 12:30:00,104.0,881.0,281.0,85.388,291.0,919.0,314.0,0.0,60.0,125.67,1047.07,-1000.0,7.169,238.005,2.225,34
2010-10-13 12:45:00,100.0,864.0,285.0,86.30899999999998,282.0,900.0,318.0,0.0,61.0,118.47,1020.313,999.0,7.812999999999999,123.66,2.113,34
2010-10-13 13:00:00,98.0,834.0,281.0,86.613,274.0,872.0,316.0,0.0,61.0,114.04,988.867,999.0,7.812999999999999,136.327,1.706,34
2010-10-13 13:15:00,95.0,810.0,282.0,87.524,250.0,846.0,337.0,0.0,61.0,120.11,954.59,999.0,7.581,213.458,2.181,34
2010-10-13 13:30:00,92.0,783.0,281.0,87.91899999999998,245.0,818.0,332.0,0.0,60.0,111.09,917.09,-999.0,8.006,150.773,2.337,34
2010-10-13 13:45:00,88.0,742.0,281.0,87.929,238.0,773.0,323.0,0.0,59.0,112.29,873.5349999999999,999.0,7.937999999999999,112.86,2.763,34
2010-10-13 14:00:00,83.0,700.0,280.0,88.49599999999998,217.0,731.0,335.0,0.0,59.0,114.22,825.3909999999998,-999.0,7.65,187.358,1.363,34
2010-10-13 14:15:00,77.0,658.0,282.0,89.205,201.0,687.0,340.0,0.0,61.0,109.52,770.313,999.0,7.9,136.778,2.113,34
2010-10-13 14:30:00,71.0,606.0,282.0,88.861,184.0,631.0,340.0,0.0,60.0,107.63,713.281,-999.0,7.844,189.698,2.675,34
2010-10-13 14:45:00,64.0,545.0,281.0,88.54699999999998,168.0,565.0,334.0,0.0,60.0,104.52,652.93,999.0,8.169,155.318,2.656,34
2010-10-13 15:00:00,57.0,481.0,281.0,88.891,147.0,499.0,337.0,0.0,60.0,107.42,589.355,-997.0,8.063,204.728,1.212,34
2010-10-13 15:15:00,48.0,413.0,281.0,88.982,127.0,426.0,333.0,0.0,59.0,101.43,522.656,999.0,8.574999999999998,100.643,2.487,34
2010-10-13 15:30:00,40.0,341.0,281.0,88.051,105.0,352.0,332.0,0.0,59.0,97.56,452.539,999.0,8.987,95.108,2.15,34
2010-10-13 15:45:00,31.0,271.0,282.0,87.626,81.0,278.0,339.0,0.0,60.0,95.65,382.031,994.0,9.425,106.2,1.806,34
2010-10-13 16:00:00,22.0,189.0,281.0,87.119,57.0,194.0,337.0,0.0,59.0,92.37,310.742,-985.0,10.069,132.435,2.244,34
2010-10-13 16:15:00,13.0,113.0,282.0,86.765,33.0,114.0,339.0,0.0,58.0,91.98,239.941,-954.0,10.113,85.16299999999998,2.487,34
2010-10-13 16:30:00,7.0,59.0,283.0,86.107,18.0,59.0,330.0,0.0,58.0,89.48999999999998,135.254,862.0,10.538,97.403,2.25,34
2010-10-13 16:45:00,4.0,20.0,282.0,84.882,6.0,20.0,328.0,0.0,59.0,84.44,20.801,535.0,10.894,69.773,2.25,34
2010-10-13 17:00:00,3.0,1.0,282.0,83.82899999999998,1.0,5.0,303.0,0.0,58.0,82.23,12.598,0.0,10.6,83.295,3.031,34
2010-10-13 17:15:00,0.0,-2.0,280.0,82.604,1.0,0.0,344.0,0.0,58.0,80.01,5.078,0.0,10.962,67.477,2.113,34
2010-10-13 17:30:00,2.0,-9.0,282.0,81.26699999999998,1.0,4.0,292.0,0.0,58.0,76.59999999999998,0.977,0.0,11.644,40.86,1.088,34
2010-10-13 17:45:00,0.0,-2.0,281.0,79.516,1.0,0.0,17.0,0.0,58.0,72.28,0.391,0.0,12.581,49.995,0.4189999999999999,34
2010-10-13 18:00:00,0.0,-2.0,282.0,77.328,1.0,0.0,4.0,0.0,57.0,67.61,0.2929999999999999,0.0,13.95,83.43,0.5809999999999998,34
2010-10-13 18:15:00,0.0,-2.0,282.0,75.212,1.0,0.0,4.0,0.0,56.0,64.9,0.2929999999999999,0.0,16.038,83.452,0.444,34
2010-10-13 18:30:00,0.0,-2.0,283.0,74.149,1.0,0.0,4.0,0.0,56.0,63.1,0.195,0.0,17.975,247.388,0.875,34
2010-10-13 18:45:00,0.0,-2.0,282.0,73.724,1.0,0.0,4.0,0.0,55.0,62.75,0.0,0.0,18.85,232.515,0.512,34
2010-10-14 06:00:00,3.0,8.0,283.0,58.83,2.0,8.0,314.0,0.0,42.0,49.54,8.496,239.0,34.738,299.97,2.381,34
2010-10-14 06:15:00,5.0,33.0,283.0,59.984,10.0,33.0,312.0,0.0,50.0,52.27,15.527,-694.0,33.356,291.555,2.575,34
2010-10-14 06:30:00,10.0,82.0,283.0,60.379,26.0,82.0,318.0,0.0,57.0,54.58,23.047,-910.0,33.988,257.175,1.75,34
2010-10-14 06:45:00,15.0,133.0,283.0,60.906,44.0,137.0,310.0,0.0,59.0,58.75,191.309,960.0,31.519,301.68,2.387,34
2010-10-14 07:00:00,25.0,218.0,282.0,62.05,64.0,224.0,346.0,0.0,58.0,64.59,261.816,993.0,30.537,290.138,1.969,34
2010-10-14 07:15:00,36.0,315.0,283.0,63.255,82.0,326.0,395.0,0.0,59.0,70.08,331.738,995.0,29.713,262.058,0.813,34
2010-10-14 07:30:00,45.0,391.0,283.0,65.006,104.0,403.0,384.0,0.0,59.0,77.19,400.879,999.0,25.825,289.305,1.05,34
2010-10-14 07:45:00,54.0,465.0,283.0,67.507,127.0,481.0,376.0,0.0,59.0,84.04999999999998,470.41,999.0,20.369,308.025,2.613,34
2010-10-14 08:00:00,63.0,534.0,283.0,69.522,148.0,554.0,373.0,0.0,58.0,88.9,538.379,999.0,18.238,260.01,3.013,34
2010-10-14 08:15:00,70.0,598.0,282.0,70.97,167.0,625.0,372.0,0.0,61.0,92.66,606.445,999.0,16.819,269.46,4.025,34
2010-10-14 08:30:00,76.0,652.0,283.0,72.22499999999998,187.0,680.0,361.0,0.0,60.0,97.22,670.898,997.0,16.05,226.89,3.169,34
2010-10-14 08:45:00,82.0,700.0,283.0,73.39,205.0,731.0,355.0,0.0,60.0,101.65,728.027,-999.0,15.256,234.428,3.438,34
2010-10-14 09:00:00,87.0,743.0,283.0,74.534,218.0,776.0,353.0,0.0,60.0,103.87,781.836,-1000.0,14.525,205.74,3.025,34
2010-10-14 09:15:00,91.0,776.0,283.0,75.435,240.0,810.0,335.0,0.0,60.0,110.89,841.6989999999998,998.0,14.975,200.25,2.275,34
2010-10-14 09:30:00,94.0,803.0,282.0,76.427,244.0,838.0,342.0,0.0,61.0,115.17,878.613,999.0,14.844,223.425,2.019,34
2010-10-14 09:45:00,97.0,831.0,284.0,77.45999999999998,255.0,870.0,340.0,0.0,59.0,117.84,917.969,998.0,14.219,195.75,1.787,34
2010-10-14 10:00:00,99.0,850.0,285.0,78.29,267.0,889.0,332.0,0.0,60.0,117.94,953.125,-998.0,13.106,196.223,1.869,34
2010-10-14 10:15:00,102.0,868.0,284.0,79.202,271.0,907.0,333.0,0.0,61.0,121.77,975.098,999.0,12.6,199.395,1.256,34
2010-10-14 10:30:00,103.0,877.0,283.0,80.518,272.0,916.0,335.0,0.0,61.0,115.87,1004.98,999.0,11.819,155.565,1.406,34
2010-10-14 10:45:00,106.0,897.0,282.0,81.13599999999998,282.0,938.0,330.0,0.0,61.0,107.05,1025.488,-999.0,10.994,148.59,1.987,34
2010-10-14 11:00:00,106.0,900.0,283.0,81.92499999999998,294.0,941.0,318.0,0.0,59.0,112.29,1039.844,-999.0,9.825,188.573,1.5,34
2010-10-14 11:15:00,106.0,904.0,282.0,82.87699999999998,297.0,943.0,315.0,0.0,59.0,109.56,1049.609,-999.0,9.2,137.992,2.294,34
2010-10-14 11:30:00,107.0,907.0,282.0,83.727,291.0,949.0,324.0,0.0,61.0,103.04,1049.414,-999.0,9.688,165.555,2.094,34
2010-10-14 11:45:00,106.0,904.0,282.0,84.396,285.0,945.0,329.0,0.0,61.0,107.98,1046.777,-1000.0,8.944,153.54,2.4,34
2010-10-14 12:00:00,105.0,896.0,285.0,85.489,281.0,936.0,331.0,0.0,61.0,114.21,1042.578,998.0,9.0,126.428,2.231,34
2010-10-14 12:15:00,103.0,882.0,284.0,86.745,289.0,923.0,317.0,0.0,60.0,112.78,1028.516,999.0,9.194,111.443,2.731,34
2010-10-14 12:30:00,102.0,873.0,283.0,87.12999999999998,277.0,912.0,327.0,0.0,60.0,108.22,1014.258,1000.0,9.325,169.717,2.506,34
2010-10-14 12:45:00,100.0,854.0,283.0,87.686,271.0,891.0,326.0,0.0,60.0,107.23,991.504,1000.0,10.144,109.598,2.2,34
2010-10-14 13:00:00,96.0,820.0,283.0,88.304,254.0,857.0,336.0,0.0,59.0,107.34,962.012,-999.0,10.788,173.34,2.519,34
2010-10-14 13:15:00,92.0,788.0,284.0,88.476,240.0,822.0,341.0,0.0,59.0,100.87,927.246,-999.0,10.5,155.88,2.169,34
2010-10-14 13:30:00,89.0,766.0,284.0,88.486,241.0,800.0,329.0,0.0,61.0,103.27,891.6989999999998,-999.0,10.269,150.705,2.5,34
2010-10-14 13:45:00,89.0,761.0,283.0,89.24599999999998,235.0,795.0,336.0,0.0,60.0,103.16,857.422,999.0,9.769,136.462,1.956,34
2010-10-14 14:00:00,15.0,132.0,282.0,88.79999999999998,38.0,136.0,355.0,0.0,58.0,99.37,192.188,-960.0,10.6,167.738,2.637,34
2010-10-14 14:15:00,87.0,745.0,284.0,87.798,223.0,780.0,348.0,0.0,60.0,96.25,568.164,998.0,10.863,156.353,1.506,34
2010-10-14 14:30:00,80.0,687.0,282.0,88.709,202.0,716.0,353.0,0.0,59.0,98.87,483.008,1000.0,10.6,155.25,1.969,34
2010-10-14 14:45:00,23.0,202.0,281.0,89.134,59.0,207.0,350.0,0.0,59.0,98.81,617.578,986.0,10.4,175.658,1.906,34
2010-10-14 15:00:00,61.0,521.0,282.0,89.084,157.0,542.0,343.0,0.0,59.0,97.82,591.895,997.0,10.919,136.395,1.381,34
2010-10-14 15:15:00,53.0,453.0,282.0,90.167,135.0,469.0,344.0,0.0,60.0,100.62,546.875,999.0,10.65,144.27,1.425,34
2010-10-14 15:30:00,48.0,411.0,282.0,90.147,118.0,429.0,361.0,0.0,59.0,97.1,458.301,996.0,11.087,147.24,1.806,34
2010-10-14 15:45:00,24.0,209.0,283.0,90.218,63.0,214.0,335.0,0.0,59.0,97.95,340.137,-993.0,10.794,186.48,2.169,34
2010-10-14 16:00:00,12.0,99.0,283.0,89.12399999999998,30.0,103.0,335.0,0.0,59.0,95.07,122.949,-936.0,12.056,152.438,0.769,34
2010-10-14 16:15:00,15.0,126.0,284.0,87.76699999999998,39.0,129.0,324.0,0.0,58.0,90.76,157.422,958.0,12.344,180.113,0.6059999999999999,34
2010-10-14 16:30:00,6.0,44.0,282.0,87.53499999999998,13.0,45.0,328.0,0.0,58.0,89.87,101.074,785.0,12.313,197.258,1.0,34
2010-10-14 16:45:00,3.0,12.0,282.0,86.623,3.0,12.0,329.0,0.0,58.0,85.89,30.176,359.0,12.781,163.26,0.0749999999999999,34
2010-10-14 17:00:00,3.0,-2.0,283.0,85.378,1.0,5.0,299.0,0.0,58.0,82.33,13.379,0.0,14.131,190.957,0.8249999999999998,34
2010-10-14 17:15:00,0.0,-2.0,283.0,84.224,1.0,0.0,330.0,0.0,58.0,79.37999999999998,0.0,0.0,14.862,234.698,0.944,34
2010-10-14 17:30:00,0.0,-2.0,283.0,83.171,1.0,0.0,172.0,0.0,58.0,76.56,0.781,0.0,15.656,258.503,0.944,34
2010-10-14 17:45:00,0.0,-2.0,282.0,82.24899999999998,1.0,0.0,19.0,0.0,58.0,75.12,0.391,0.0,16.45,263.902,0.944,34
2010-10-14 18:00:00,0.0,-3.0,284.0,81.176,1.0,0.0,6.0,0.0,57.0,73.69,0.2929999999999999,0.0,17.9,248.467,1.156,34
2010-10-14 18:15:00,0.0,-3.0,284.0,80.32599999999998,1.0,0.0,4.0,0.0,56.0,71.82,0.391,0.0,18.063,286.448,1.488,34
2010-10-14 18:30:00,0.0,-2.0,285.0,79.586,1.0,0.0,4.0,0.0,55.0,70.4,0.2929999999999999,0.0,18.475,294.435,1.85,34
2010-10-14 18:45:00,0.0,-2.0,285.0,79.09999999999998,1.0,0.0,4.0,0.0,55.0,69.72,0.2929999999999999,0.0,18.769,294.075,1.706,34
2010-10-15 06:00:00,3.0,8.0,282.0,63.488,2.0,8.0,343.0,0.0,46.0,56.57,8.202999999999998,239.0,39.775,286.178,1.481,34
2010-10-15 06:15:00,6.0,39.0,282.0,63.052,11.0,39.0,339.0,0.0,52.0,57.01,21.191,724.0,42.825,227.318,0.819,34
2010-10-15 06:30:00,13.0,108.0,282.0,62.88,29.0,109.0,367.0,0.0,57.0,57.93,42.48,-941.0,44.106,186.998,0.681,34
2010-10-15 06:45:00,11.0,91.0,283.0,64.156,25.0,91.0,359.0,0.0,58.0,61.76,102.637,918.0,41.819,134.145,0.438,34
2010-10-15 07:00:00,12.0,105.0,282.0,65.27,27.0,105.0,384.0,0.0,58.0,64.67,157.617,939.0,40.662,173.138,0.8309999999999998,34
2010-10-15 07:15:00,13.0,112.0,281.0,66.313,30.0,114.0,374.0,0.0,58.0,66.66,93.262,-943.0,38.094,233.078,0.544,34
2010-10-15 07:30:00,12.0,101.0,281.0,67.193,26.0,102.0,383.0,0.0,58.0,68.6,188.77,-937.0,38.45,218.678,1.338,34
2010-10-15 07:45:00,14.0,117.0,281.0,67.821,30.0,118.0,385.0,0.0,58.0,70.24,96.777,966.0,37.887,226.193,0.894,34
2010-10-15 08:00:00,56.0,476.0,281.0,68.601,126.0,495.0,391.0,0.0,60.0,72.29,298.828,999.0,38.338,165.398,0.95,34
2010-10-15 08:15:00,69.0,583.0,282.0,70.444,158.0,608.0,381.0,0.0,59.0,81.15999999999998,509.277,-999.0,35.963,175.658,0.656,34
2010-10-15 08:30:00,74.0,634.0,284.0,72.691,180.0,662.0,365.0,0.0,59.0,86.26,656.445,-999.0,30.55,151.538,1.544,34
2010-10-15 08:45:00,79.0,679.0,283.0,74.382,199.0,708.0,354.0,0.0,60.0,94.92,710.84,999.0,26.55,155.43,1.106,34
2010-10-15 09:00:00,83.0,710.0,284.0,75.44499999999998,213.0,741.0,346.0,0.0,59.0,109.08,759.961,999.0,24.075,174.555,0.65,34
2010-10-15 09:15:00,88.0,749.0,283.0,76.994,228.0,780.0,340.0,0.0,60.0,109.6,808.008,999.0,22.25,117.315,1.469,34
2010-10-15 09:30:00,92.0,788.0,284.0,78.42199999999998,238.0,823.0,344.0,0.0,60.0,115.27,854.98,-1000.0,20.756,140.535,2.025,34
2010-10-15 09:45:00,95.0,818.0,284.0,79.40399999999998,256.0,854.0,332.0,0.0,59.0,111.21,895.4099999999999,999.0,19.694,104.31,2.3,34
2010-10-15 10:00:00,99.0,843.0,284.0,80.03199999999998,261.0,882.0,336.0,0.0,59.0,116.34,936.816,-999.0,19.15,164.903,1.575,34
2010-10-15 10:15:00,100.0,858.0,283.0,80.801,282.0,896.0,316.0,0.0,60.0,110.8,980.078,-999.0,18.831,92.767,2.187,34
2010-10-15 10:30:00,103.0,877.0,282.0,81.885,280.0,918.0,325.0,0.0,58.0,107.58,1000.879,999.0,18.381,126.27,2.313,34
2010-10-15 10:45:00,103.0,876.0,282.0,82.988,289.0,915.0,315.0,0.0,59.0,108.04,1012.988,999.0,17.694,115.92,1.969,34
2010-10-15 11:00:00,104.0,881.0,282.0,83.63599999999998,280.0,920.0,326.0,0.0,60.0,116.56,1027.246,999.0,16.931,183.015,1.519,34
2010-10-15 11:15:00,104.0,887.0,282.0,84.953,282.0,926.0,326.0,0.0,59.0,126.67,1037.891,999.0,16.394,237.668,1.4,34
2010-10-15 11:30:00,104.0,888.0,283.0,86.37,282.0,930.0,328.0,0.0,61.0,121.31,1040.82,-999.0,15.688,174.915,2.375,34
2010-10-15 11:45:00,103.0,876.0,282.0,87.10899999999998,281.0,915.0,323.0,0.0,59.0,129.25,1039.551,-999.0,15.219,236.205,1.575,34
2010-10-15 12:00:00,101.0,869.0,284.0,88.436,270.0,908.0,333.0,0.0,61.0,124.18,1033.301,999.0,14.631,159.03,2.531,34
2010-10-15 12:15:00,101.0,865.0,284.0,88.537,280.0,901.0,320.0,0.0,61.0,115.22,1016.113,1000.0,14.694,131.243,1.887,34
2010-10-15 12:30:00,99.0,846.0,283.0,88.79,273.0,882.0,321.0,0.0,59.0,117.51,1001.855,999.0,14.038,154.98,1.813,34
2010-10-15 12:45:00,96.0,823.0,283.0,89.519,271.0,860.0,315.0,0.0,61.0,113.73,978.906,999.0,13.906,146.34,1.775,34
2010-10-15 13:00:00,94.0,806.0,283.0,89.711,263.0,839.0,317.0,0.0,59.0,111.04,952.051,999.0,14.088,187.853,2.187,34
2010-10-15 13:15:00,91.0,776.0,282.0,90.602,252.0,810.0,319.0,0.0,60.0,112.82,921.484,-999.0,13.419,181.935,1.844,34
2010-10-15 13:30:00,85.0,723.0,282.0,91.271,226.0,756.0,333.0,0.0,60.0,116.65,873.73,999.0,12.694,196.313,1.506,34
2010-10-15 13:45:00,84.0,715.0,283.0,91.463,228.0,746.0,325.0,0.0,61.0,116.26,837.109,999.0,12.962,150.232,1.831,34
2010-10-15 14:00:00,68.0,581.0,283.0,91.22,181.0,606.0,332.0,0.0,59.0,103.52,791.895,999.0,13.444,170.707,2.237,34
2010-10-15 14:15:00,28.0,247.0,282.0,91.939,72.0,252.0,346.0,0.0,59.0,104.96,623.535,994.0,12.612,175.298,3.0,34
2010-10-15 14:30:00,30.0,260.0,283.0,91.919,75.0,267.0,352.0,0.0,60.0,102.65,253.906,994.0,12.756,187.425,1.394,34
2010-10-15 14:45:00,70.0,599.0,284.0,91.21,180.0,622.0,344.0,0.0,60.0,101.92,378.125,997.0,12.569,259.38,1.413,34
2010-10-15 15:00:00,16.0,144.0,284.0,91.412,42.0,148.0,350.0,0.0,60.0,102.56,254.98,-972.0,12.825,218.948,1.406,34
2010-10-15 15:15:00,14.0,121.0,281.0,90.268,35.0,124.0,349.0,0.0,58.0,98.24,133.496,967.0,13.519,231.188,1.931,34
2010-10-15 15:30:00,11.0,94.0,282.0,89.357,27.0,95.0,345.0,0.0,60.0,95.03,105.469,933.0,13.888,201.915,1.188,34
2010-10-15 15:45:00,10.0,89.0,283.0,88.891,26.0,90.0,343.0,0.0,59.0,92.5,92.383,929.0,14.15,188.73,1.475,34
2010-10-15 16:00:00,10.0,82.0,284.0,88.66899999999998,24.0,83.0,340.0,0.0,59.0,90.89,91.699,924.0,14.625,181.778,1.875,34
2010-10-15 16:15:00,8.0,68.0,283.0,88.64799999999998,20.0,70.0,342.0,0.0,59.0,90.98,151.563,-894.0,14.456,192.488,1.119,34
2010-10-15 16:30:00,5.0,36.0,281.0,88.436,11.0,37.0,331.0,0.0,59.0,91.28,101.367,-729.0,14.506,196.155,1.25,34
2010-10-15 16:45:00,4.0,20.0,282.0,87.798,6.0,21.0,330.0,0.0,59.0,88.65,40.039,-517.0,15.263,210.645,1.762,34
2010-10-15 17:00:00,3.0,-2.0,282.0,86.866,1.0,5.0,297.0,0.0,58.0,85.87999999999998,18.066,0.0,15.3,222.075,2.713,34
2010-10-15 17:15:00,0.0,-3.0,282.0,85.94499999999998,1.0,0.0,316.0,0.0,58.0,83.95999999999998,0.0,0.0,15.713,226.62,2.194,34
2010-10-15 17:30:00,0.0,-3.0,283.0,84.99299999999998,1.0,0.0,138.0,0.0,57.0,81.59999999999998,0.879,0.0,16.375,232.245,1.475,34
2010-10-15 17:45:00,0.0,-2.0,282.0,84.092,1.0,0.0,13.0,0.0,56.0,79.37999999999998,0.391,0.0,17.156,232.785,1.456,34
2010-10-15 18:00:00,0.0,-2.0,284.0,82.958,1.0,0.0,6.0,0.0,56.0,76.76999999999998,0.4879999999999999,0.0,18.356,233.933,1.219,34
2010-10-15 18:15:00,0.0,-2.0,284.0,81.67199999999998,1.0,0.0,5.0,0.0,55.0,75.19,0.4879999999999999,0.0,19.663,226.395,1.275,34
2010-10-15 18:30:00,0.0,-3.0,284.0,80.224,1.0,0.0,4.0,0.0,55.0,73.18,0.2929999999999999,0.0,20.975,223.853,0.944,34
2010-10-15 18:45:00,0.0,-2.0,285.0,78.736,1.0,0.0,4.0,0.0,54.0,70.67,0.0,0.0,22.619,230.625,1.163,34
2010-10-16 06:00:00,0.0,-2.0,283.0,62.819,1.0,0.0,421.0,0.0,42.0,55.8,8.496,0.0,40.569,251.595,0.538,34
2010-10-16 06:15:00,6.0,45.0,282.0,61.736,13.0,44.0,335.0,0.0,48.0,54.57,25.781,809.0,43.294,259.402,0.819,34
2010-10-16 06:30:00,12.0,102.0,283.0,62.587,28.0,103.0,370.0,0.0,57.0,55.89,45.117,-949.0,38.719,283.545,0.962,34
2010-10-16 06:45:00,19.0,163.0,282.0,63.427,43.0,167.0,389.0,0.0,59.0,59.26,178.613,-983.0,37.15,268.763,0.762,34
2010-10-16 07:00:00,27.0,229.0,281.0,64.571,60.0,237.0,392.0,0.0,59.0,65.58,225.977,988.0,35.456,240.998,1.244,34
2010-10-16 07:15:00,34.0,295.0,284.0,65.948,81.0,303.0,373.0,0.0,58.0,72.23999999999998,314.648,-995.0,33.256,299.88,1.138,34
2010-10-16 07:30:00,43.0,369.0,284.0,67.436,96.0,382.0,393.0,0.0,60.0,77.09999999999998,332.91,996.0,30.944,322.627,2.237,34
2010-10-16 07:45:00,52.0,442.0,283.0,68.915,120.0,459.0,380.0,0.0,59.0,83.14,448.633,999.0,28.681,285.323,1.538,34
2010-10-16 08:00:00,59.0,507.0,286.0,70.039,141.0,527.0,372.0,0.0,60.0,91.04,515.82,997.0,27.175,290.047,1.675,34
2010-10-16 08:15:00,66.0,565.0,284.0,70.899,158.0,589.0,370.0,0.0,59.0,98.22,584.277,999.0,26.856,291.915,1.456,34
2010-10-16 08:30:00,72.0,622.0,285.0,72.084,180.0,646.0,357.0,0.0,59.0,104.19,647.949,-999.0,26.344,303.862,1.125,34
2010-10-16 08:45:00,78.0,670.0,285.0,73.58199999999998,195.0,699.0,357.0,0.0,59.0,108.69,707.324,999.0,25.106,210.33,1.313,34
2010-10-16 09:00:00,83.0,711.0,286.0,74.98,206.0,743.0,358.0,0.0,60.0,109.34,760.547,999.0,24.4,186.3,1.563,34
2010-10-16 09:15:00,88.0,753.0,284.0,76.174,224.0,788.0,349.0,0.0,60.0,105.56,809.57,998.0,23.556,106.965,1.813,34
2010-10-16 09:30:00,92.0,784.0,283.0,77.197,233.0,819.0,349.0,0.0,60.0,110.27,855.664,-999.0,22.906,83.92499999999998,2.069,34
2010-10-16 09:45:00,94.0,808.0,286.0,78.23999999999998,256.0,842.0,327.0,0.0,61.0,106.43,895.508,-999.0,23.175,140.378,1.725,34
2010-10-16 10:00:00,98.0,841.0,285.0,79.52599999999998,260.0,877.0,335.0,0.0,60.0,104.49,931.445,-1000.0,22.794,113.895,2.262,34
2010-10-16 10:15:00,100.0,858.0,286.0,80.629,269.0,897.0,331.0,0.0,61.0,103.68,962.598,-999.0,22.031,121.455,2.081,34
2010-10-16 10:30:00,101.0,865.0,285.0,81.611,267.0,904.0,336.0,0.0,60.0,107.55,988.379,-999.0,20.956,119.61,2.631,34
2010-10-16 10:45:00,103.0,881.0,284.0,82.28,289.0,922.0,317.0,0.0,59.0,103.89,1009.18,-998.0,21.181,128.138,2.55,34
2010-10-16 11:00:00,104.0,893.0,285.0,83.272,287.0,934.0,323.0,0.0,61.0,105.5,1024.414,-999.0,20.194,160.155,2.469,34
2010-10-16 11:15:00,104.0,887.0,283.0,84.143,291.0,926.0,317.0,0.0,60.0,107.31,1022.07,-999.0,19.894,129.645,2.675,34
2010-10-16 11:30:00,105.0,899.0,284.0,84.608,288.0,941.0,325.0,0.0,60.0,109.7,1040.43,-999.0,19.325,134.505,2.281,34
2010-10-16 11:45:00,105.0,892.0,283.0,85.59,293.0,931.0,316.0,0.0,59.0,109.4,1044.043,-999.0,18.456,119.318,1.944,34
2010-10-16 12:00:00,105.0,899.0,283.0,85.813,289.0,939.0,323.0,0.0,59.0,109.5,1038.965,-999.0,18.919,120.263,2.725,34
2010-10-16 12:15:00,103.0,876.0,284.0,87.15,285.0,915.0,320.0,0.0,59.0,111.14,1023.438,999.0,17.588,169.267,2.081,34
2010-10-16 12:30:00,100.0,862.0,286.0,88.183,270.0,899.0,331.0,0.0,61.0,114.88,1016.602,999.0,17.181,107.798,1.987,34
2010-10-16 12:45:00,98.0,838.0,284.0,88.355,274.0,873.0,317.0,0.0,61.0,112.72,986.719,-999.0,17.156,136.687,1.675,34
2010-10-16 13:00:00,92.0,796.0,285.0,89.37699999999998,259.0,831.0,319.0,0.0,59.0,114.8,966.992,999.0,15.981,172.8,1.381,34
2010-10-16 13:15:00,29.0,249.0,283.0,90.258,74.0,256.0,342.0,0.0,59.0,116.54,468.848,994.0,15.194,127.103,2.156,34
2010-10-16 13:30:00,77.0,661.0,284.0,88.11199999999998,194.0,691.0,354.0,0.0,60.0,100.38,266.211,999.0,16.35,148.388,1.15,34
2010-10-16 13:45:00,30.0,256.0,282.0,88.476,73.0,263.0,358.0,0.0,59.0,100.75,389.355,994.0,15.681,148.725,1.05,34
2010-10-16 14:00:00,22.0,195.0,284.0,88.527,56.0,201.0,358.0,0.0,59.0,98.4,297.07,986.0,15.506,161.078,1.637,34
2010-10-16 14:15:00,54.0,467.0,283.0,88.152,130.0,487.0,372.0,0.0,60.0,97.1,203.418,997.0,15.831,237.015,2.137,34
2010-10-16 14:30:00,18.0,162.0,285.0,88.284,46.0,166.0,358.0,0.0,60.0,99.15,358.105,975.0,15.569,226.665,1.656,34
2010-10-16 14:45:00,15.0,132.0,284.0,88.183,38.0,135.0,348.0,0.0,59.0,97.16,143.262,970.0,15.85,252.225,2.206,34
2010-10-16 15:00:00,14.0,117.0,285.0,87.717,34.0,121.0,347.0,0.0,59.0,93.75,113.086,-955.0,16.219,292.23,2.012,34
2010-10-16 15:15:00,13.0,109.0,283.0,87.494,32.0,113.0,351.0,0.0,59.0,92.42,123.34,-941.0,16.256,268.717,1.731,34
2010-10-16 15:30:00,12.0,98.0,283.0,87.028,27.0,101.0,370.0,0.0,59.0,90.95,96.387,935.0,16.388,262.26,1.637,34
2010-10-16 15:45:00,9.0,75.0,284.0,86.63299999999998,20.0,76.0,367.0,0.0,58.0,89.12,84.375,903.0,16.706,225.945,2.294,34
2010-10-16 16:00:00,6.0,47.0,283.0,86.188,13.0,48.0,365.0,0.0,59.0,87.39,64.941,-813.0,17.069,196.268,1.575,34
2010-10-16 16:15:00,6.0,47.0,284.0,85.641,13.0,48.0,362.0,0.0,59.0,85.87,95.996,-795.0,17.856,187.92,1.837,34
2010-10-16 16:30:00,4.0,24.0,285.0,85.601,6.0,24.0,364.0,0.0,58.0,86.28,48.34,-599.0,17.181,170.438,2.644,34
2010-10-16 16:45:00,3.0,1.0,283.0,85.39799999999998,1.0,5.0,304.0,0.0,58.0,85.31,18.066,0.0,17.362,183.173,3.731,34
2010-10-16 17:00:00,0.0,-3.0,283.0,84.396,1.0,0.0,335.0,0.0,58.0,84.09,6.055,0.0,19.188,222.548,6.712,34
2010-10-16 17:15:00,2.0,-9.0,282.0,83.343,1.0,5.0,291.0,0.0,58.0,83.01999999999998,1.465,0.0,20.263,216.405,5.425,34
2010-10-16 17:30:00,0.0,-3.0,282.0,82.867,1.0,0.0,76.0,0.0,57.0,82.2,0.4879999999999999,0.0,20.425,220.23,4.994,34
2010-10-16 17:45:00,0.0,-3.0,283.0,82.381,1.0,0.0,17.0,0.0,56.0,81.12,0.391,0.0,20.806,231.345,3.219,34
2010-10-16 18:00:00,0.0,-2.0,282.0,82.06699999999998,1.0,0.0,12.0,0.0,55.0,80.20999999999998,0.2929999999999999,0.0,20.856,232.38,3.287,34
2010-10-16 18:15:00,0.0,-2.0,283.0,81.561,1.0,0.0,11.0,0.0,55.0,78.9,0.4879999999999999,0.0,21.263,221.895,2.219,34
2010-10-16 18:30:00,0.0,-3.0,282.0,81.04399999999998,1.0,0.0,9.0,0.0,54.0,77.64,0.391,0.0,21.794,230.918,2.219,34
2010-10-16 18:45:00,0.0,-2.0,284.0,80.45699999999998,2.0,0.0,7.0,0.0,54.0,76.29,0.391,0.0,22.394,236.25,2.45,34
2010-10-17 06:00:00,0.0,-2.0,284.0,64.601,1.0,0.0,409.0,0.0,42.0,56.72,8.691,0.0,40.525,299.925,2.012,34
2010-10-17 06:15:00,5.0,32.0,282.0,65.037,9.0,31.0,350.0,0.0,46.0,59.31,23.145,705.0,39.775,302.513,2.719,34
2010-10-17 06:30:00,8.0,67.0,282.0,65.239,21.0,68.0,318.0,0.0,55.0,61.54,54.395,876.0,38.613,312.278,2.231,34
2010-10-17 06:45:00,13.0,110.0,283.0,66.1,30.0,112.0,362.0,0.0,58.0,64.19,96.973,964.0,37.331,312.863,2.262,34
2010-10-17 07:00:00,15.0,132.0,282.0,67.426,37.0,133.0,358.0,0.0,58.0,67.16,124.902,970.0,36.475,303.75,2.725,34
2010-10-17 07:15:00,21.0,184.0,282.0,68.459,52.0,190.0,361.0,0.0,60.0,69.81,151.758,985.0,35.994,310.77,1.969,34
2010-10-17 07:30:00,50.0,425.0,283.0,69.897,112.0,442.0,390.0,0.0,60.0,74.04,266.602,999.0,34.706,312.638,1.006,34
2010-10-17 07:45:00,51.0,436.0,281.0,71.881,118.0,454.0,382.0,0.0,60.0,82.54,432.813,-999.0,32.631,272.948,1.525,34
2010-10-17 08:00:00,44.0,379.0,282.0,73.83499999999998,106.0,391.0,364.0,0.0,59.0,88.87,448.828,-999.0,30.206,129.645,1.894,34
2010-10-17 08:15:00,43.0,369.0,282.0,75.233,101.0,383.0,376.0,0.0,60.0,89.62,365.234,999.0,28.975,84.083,1.794,34
2010-10-17 08:30:00,38.0,328.0,281.0,76.07299999999998,90.0,340.0,375.0,0.0,60.0,89.56,363.77,995.0,28.181,73.89,1.256,34
2010-10-17 08:45:00,43.0,371.0,280.0,76.62999999999998,101.0,386.0,378.0,0.0,59.0,89.64,355.664,996.0,27.294,78.795,1.475,34
2010-10-17 09:00:00,40.0,348.0,284.0,77.379,96.0,360.0,370.0,0.0,59.0,90.92,409.375,996.0,26.794,100.417,1.494,34
2010-10-17 09:15:00,46.0,391.0,282.0,77.328,110.0,403.0,364.0,0.0,59.0,86.90999999999998,329.98,-996.0,26.531,103.68,1.8,34
2010-10-17 09:30:00,47.0,406.0,282.0,77.54099999999998,113.0,423.0,374.0,0.0,60.0,87.12,448.34,-996.0,26.225,112.522,1.613,34
2010-10-17 09:45:00,58.0,495.0,282.0,78.351,138.0,517.0,372.0,0.0,59.0,87.19,402.246,-999.0,25.844,132.638,2.025,34
2010-10-17 10:00:00,43.0,367.0,281.0,79.202,103.0,380.0,366.0,0.0,60.0,88.89,412.109,-992.0,26.138,137.903,1.719,34
2010-10-17 10:15:00,115.0,981.0,283.0,79.32299999999998,290.0,1030.0,353.0,0.0,60.0,90.12,545.41,-999.0,26.931,121.883,1.469,34
2010-10-17 10:30:00,83.0,702.0,281.0,81.065,210.0,734.0,347.0,0.0,59.0,101.04,845.4099999999999,-999.0,25.281,122.423,1.581,34
2010-10-17 10:45:00,94.0,795.0,282.0,82.057,246.0,831.0,335.0,0.0,60.0,105.87,895.508,999.0,24.656,79.83,2.05,34
2010-10-17 11:00:00,94.0,800.0,285.0,82.644,243.0,837.0,342.0,0.0,59.0,105.12,792.969,998.0,24.5,118.778,2.131,34
2010-10-17 11:15:00,48.0,414.0,284.0,83.393,123.0,430.0,349.0,0.0,59.0,100.13,699.512,-996.0,24.375,135.788,1.981,34
2010-10-17 11:30:00,70.0,595.0,283.0,83.049,175.0,621.0,352.0,0.0,60.0,96.49,582.129,999.0,24.919,137.205,2.244,34
2010-10-17 11:45:00,98.0,842.0,286.0,84.16299999999998,256.0,881.0,343.0,0.0,59.0,100.2,824.8049999999998,999.0,23.419,130.14,2.419,34
2010-10-17 12:00:00,64.0,548.0,282.0,85.003,163.0,572.0,347.0,0.0,60.0,103.46,769.727,999.0,22.931,136.193,1.906,34
2010-10-17 12:15:00,69.0,592.0,283.0,84.943,179.0,616.0,343.0,0.0,61.0,100.82,654.297,999.0,23.019,150.863,1.35,34
2010-10-17 12:30:00,60.0,508.0,282.0,85.763,151.0,529.0,349.0,0.0,59.0,101.69,559.277,-999.0,22.625,152.348,1.731,34
2010-10-17 12:45:00,81.0,689.0,283.0,85.92499999999998,202.0,720.0,354.0,0.0,60.0,99.1,531.543,999.0,23.331,131.31,2.4,34
2010-10-17 13:00:00,53.0,456.0,284.0,85.84399999999998,134.0,472.0,348.0,0.0,59.0,98.29,736.816,999.0,23.762,112.32,3.163,34
2010-10-17 13:15:00,93.0,796.0,284.0,85.80299999999998,234.0,834.0,354.0,0.0,59.0,93.16,634.766,-999.0,23.363,153.337,7.094,34
2010-10-17 13:30:00,96.0,823.0,284.0,85.31699999999998,238.0,864.0,361.0,0.0,60.0,92.65,635.938,-999.0,23.781,162.338,8.25,34
2010-10-17 13:45:00,32.0,275.0,284.0,85.17499999999998,79.0,284.0,356.0,0.0,59.0,91.78,757.9099999999999,-995.0,22.406,158.805,5.619,34
2010-10-17 14:00:00,88.0,752.0,284.0,84.122,212.0,788.0,369.0,0.0,59.0,87.42,356.25,1000.0,22.506,160.2,5.831,34
2010-10-17 14:15:00,22.0,191.0,285.0,84.173,53.0,195.0,363.0,0.0,60.0,88.2,313.477,-986.0,23.869,157.658,4.788,34
2010-10-17 14:30:00,7.0,52.0,284.0,82.614,15.0,54.0,361.0,0.0,58.0,84.42,98.047,-829.0,25.781,166.635,4.831,34
2010-10-17 14:45:00,4.0,28.0,283.0,81.146,8.0,28.0,365.0,0.0,58.0,81.76,46.289,-656.0,27.988,173.048,5.006,34
2010-10-17 15:00:00,3.0,9.0,281.0,78.908,3.0,10.0,370.0,0.0,58.0,78.01,25.586,0.0,34.144,201.375,5.512,34
2010-10-17 15:15:00,6.0,45.0,281.0,75.83,13.0,48.0,367.0,0.0,58.0,73.23999999999998,25.098,-829.0,45.156,188.595,8.981,34
2010-10-17 15:30:00,18.0,160.0,283.0,74.10899999999998,42.0,163.0,385.0,0.0,59.0,72.11,104.102,983.0,45.656,150.885,4.337,34
2010-10-17 15:45:00,10.0,85.0,282.0,74.554,22.0,86.0,378.0,0.0,58.0,71.58,112.891,926.0,45.144,160.987,1.956,34
2010-10-17 16:00:00,6.0,49.0,283.0,75.364,13.0,49.0,372.0,0.0,58.0,70.44,66.504,840.0,43.438,241.605,1.038,34
2010-10-17 16:15:00,5.0,36.0,280.0,75.152,9.0,36.0,371.0,0.0,58.0,69.52,33.301,771.0,46.494,269.325,1.581,34
2010-10-17 16:30:00,4.0,27.0,281.0,74.372,7.0,27.0,379.0,0.0,59.0,69.39,45.313,666.0,49.906,278.708,2.556,34
2010-10-17 16:45:00,3.0,9.0,281.0,73.562,2.0,9.0,350.0,0.0,58.0,69.69,28.906,0.0,50.925,278.055,2.237,34
2010-10-17 17:00:00,0.0,-2.0,281.0,73.218,1.0,1.0,341.0,0.0,57.0,68.95,6.445,0.0,50.963,186.525,1.4,34
2010-10-17 17:15:00,0.0,-2.0,281.0,73.05599999999998,1.0,0.0,196.0,0.0,56.0,69.88,0.5859999999999999,0.0,48.306,164.408,3.25,34
2010-10-17 17:30:00,0.0,-3.0,283.0,71.193,1.0,0.0,46.0,0.0,55.0,64.64,0.195,0.0,60.281,121.095,2.169,34
2010-10-17 17:45:00,0.0,-2.0,282.0,69.947,1.0,0.0,35.0,0.0,55.0,65.65,0.195,0.0,62.119,168.548,2.194,34
2010-10-17 18:00:00,0.0,-3.0,282.0,69.634,1.0,0.0,35.0,0.0,54.0,64.99,0.098,0.0,62.731,196.853,4.044,34
2010-10-17 18:15:00,0.0,-3.0,283.0,69.127,1.0,0.0,34.0,0.0,53.0,64.87,0.2929999999999999,0.0,61.75,219.443,5.888,34
2010-10-17 18:30:00,0.0,-2.0,284.0,68.499,1.0,0.0,34.0,0.0,53.0,64.29,0.195,0.0,65.331,227.835,3.806,34
2010-10-17 18:45:00,0.0,-3.0,284.0,67.902,1.0,0.0,28.0,0.0,53.0,63.22,0.195,0.0,67.731,269.167,1.856,34
2010-10-18 06:00:00,0.0,-2.0,283.0,59.832,1.0,0.0,417.0,0.0,41.0,55.59,6.152,0.0,92.325,238.163,1.262,34
2010-10-18 06:15:00,5.0,31.0,284.0,59.873,9.0,29.0,315.0,0.0,46.0,56.4,16.797,638.0,90.881,216.945,2.256,34
2010-10-18 06:30:00,11.0,87.0,282.0,59.863,23.0,87.0,373.0,0.0,55.0,57.39,21.094,915.0,89.813,213.39,2.644,34
2010-10-18 06:45:00,18.0,160.0,282.0,59.873,39.0,164.0,411.0,0.0,59.0,59.15,142.676,975.0,88.006,216.608,3.494,34
2010-10-18 07:00:00,27.0,232.0,282.0,60.379,59.0,237.0,396.0,0.0,59.0,62.38,231.641,988.0,85.46899999999998,215.303,2.75,34
2010-10-18 07:15:00,37.0,315.0,281.0,60.886,79.0,326.0,407.0,0.0,60.0,64.68,293.262,999.0,83.29999999999998,218.61,2.863,34
2010-10-18 07:30:00,46.0,391.0,281.0,61.635,100.0,403.0,399.0,0.0,59.0,66.6,360.156,996.0,80.93099999999998,206.392,2.381,34
2010-10-18 07:45:00,55.0,469.0,282.0,62.333,122.0,487.0,397.0,0.0,60.0,70.51,433.789,-999.0,78.58799999999998,204.728,2.631,34
2010-10-18 08:00:00,62.0,535.0,282.0,62.931,141.0,558.0,393.0,0.0,60.0,76.26,511.523,999.0,76.84999999999998,197.482,2.319,34
2010-10-18 08:15:00,69.0,596.0,283.0,,160.0,625.0,387.0,0.0,61.0,,,999.0,,,,34
2010-10-18 08:30:00,76.0,653.0,283.0,64.601,182.0,683.0,372.0,0.0,58.0,92.92,642.578,997.0,71.406,205.335,1.469,34
2010-10-18 08:45:00,81.0,695.0,283.0,65.746,199.0,726.0,363.0,0.0,60.0,98.28,693.848,999.0,66.675,184.275,1.394,34
2010-10-18 09:00:00,86.0,737.0,282.0,,217.0,769.0,352.0,0.0,60.0,,,999.0,,,,34
2010-10-18 09:15:00,91.0,776.0,283.0,67.608,227.0,811.0,354.0,0.0,59.0,100.22,794.629,1000.0,61.538,164.857,1.388,34
2010-10-18 09:30:00,95.0,811.0,282.0,67.872,248.0,847.0,339.0,0.0,59.0,100.22,844.8239999999998,999.0,59.456,113.513,1.869,34
2010-10-18 09:45:00,99.0,843.0,282.0,68.581,255.0,881.0,344.0,0.0,61.0,92.69,880.566,999.0,57.444,130.298,1.869,34
2010-10-18 10:00:00,101.0,866.0,283.0,68.905,265.0,905.0,340.0,0.0,61.0,91.57,915.0390000000002,999.0,56.975,124.987,1.669,34
2010-10-18 10:15:00,103.0,887.0,284.0,69.725,264.0,927.0,349.0,0.0,60.0,95.36,944.043,999.0,55.519,101.453,2.881,34
2010-10-18 10:30:00,107.0,908.0,283.0,70.19,285.0,950.0,332.0,0.0,59.0,102.51,973.4380000000002,999.0,54.131,158.827,2.431,34
2010-10-18 10:45:00,106.0,904.0,283.0,71.031,276.0,949.0,341.0,0.0,60.0,102.05,979.883,999.0,51.712,102.803,2.363,34
2010-10-18 11:00:00,107.0,911.0,283.0,71.638,277.0,955.0,342.0,0.0,61.0,102.72,963.184,998.0,49.825,147.69,2.237,34
2010-10-18 11:15:00,111.0,945.0,284.0,72.52899999999998,295.0,989.0,333.0,0.0,61.0,103.94,997.363,999.0,47.1,184.658,2.281,34
2010-10-18 11:30:00,110.0,939.0,284.0,73.68399999999998,291.0,981.0,335.0,0.0,61.0,108.12,1027.832,1000.0,44.175,234.833,3.581,34
2010-10-18 11:45:00,109.0,934.0,284.0,74.251,295.0,977.0,330.0,0.0,61.0,103.77,1021.484,-999.0,41.425,117.878,2.825,34
2010-10-18 12:00:00,108.0,926.0,284.0,75.182,287.0,969.0,335.0,0.0,61.0,102.95,1014.258,-1000.0,40.481,140.422,1.931,34
2010-10-18 12:15:00,108.0,924.0,284.0,75.921,286.0,966.0,336.0,0.0,60.0,99.73,1008.887,999.0,40.331,135.247,2.506,34
2010-10-18 12:30:00,87.0,747.0,283.0,75.992,221.0,781.0,351.0,0.0,59.0,98.1,978.223,999.0,40.406,97.74,2.825,34
2010-10-18 12:45:00,98.0,838.0,283.0,76.316,255.0,877.0,342.0,0.0,59.0,95.55,881.9339999999999,999.0,39.469,114.547,3.131,34
2010-10-18 13:00:00,86.0,738.0,283.0,76.336,218.0,772.0,352.0,0.0,61.0,93.07,755.176,998.0,39.375,130.388,2.844,34
2010-10-18 13:15:00,62.0,530.0,282.0,76.762,152.0,554.0,363.0,0.0,60.0,93.3,631.641,997.0,38.344,123.638,2.487,34
2010-10-18 13:30:00,89.0,760.0,282.0,76.235,223.0,796.0,354.0,0.0,60.0,87.75,724.121,999.0,38.2,112.163,3.106,34
2010-10-18 13:45:00,67.0,575.0,281.0,77.096,167.0,599.0,355.0,0.0,60.0,90.32,708.301,999.0,36.994,106.965,3.144,34
2010-10-18 14:00:00,89.0,756.0,282.0,77.45,226.0,789.0,347.0,0.0,60.0,91.15,792.969,999.0,36.344,111.533,2.987,34
2010-10-18 14:15:00,81.0,687.0,281.0,78.351,204.0,719.0,351.0,0.0,60.0,92.98,767.5779999999999,999.0,35.069,128.07,2.369,34
2010-10-18 14:30:00,76.0,643.0,281.0,78.28,187.0,675.0,358.0,0.0,60.0,91.2,677.539,-999.0,34.95,105.525,2.981,34
2010-10-18 14:45:00,64.0,545.0,281.0,77.997,157.0,565.0,358.0,0.0,59.0,89.12999999999998,657.813,-999.0,34.538,117.585,2.825,34
2010-10-18 15:00:00,46.0,392.0,281.0,78.058,108.0,407.0,373.0,0.0,60.0,87.95,360.449,-996.0,33.825,87.05299999999998,3.813,34
2010-10-18 15:15:00,39.0,336.0,281.0,77.733,95.0,346.0,363.0,0.0,59.0,85.95999999999998,418.066,-995.0,33.275,97.65,2.956,34
2010-10-18 15:30:00,31.0,265.0,282.0,77.632,74.0,275.0,367.0,0.0,59.0,83.56,321.191,-989.0,33.081,141.84,2.106,34
2010-10-18 15:45:00,20.0,175.0,282.0,77.268,51.0,179.0,348.0,0.0,59.0,80.61,188.379,977.0,33.556,144.563,1.594,34
2010-10-18 16:00:00,8.0,59.0,283.0,76.367,17.0,60.0,342.0,0.0,58.0,78.29,113.281,-845.0,34.125,97.11,2.925,34
2010-10-18 16:15:00,6.0,47.0,283.0,75.465,13.0,47.0,345.0,0.0,58.0,76.15999999999998,55.469,795.0,34.844,117.945,2.656,34
2010-10-18 16:30:00,5.0,31.0,283.0,74.807,9.0,31.0,338.0,0.0,58.0,74.93,43.75,656.0,35.394,90.765,3.081,34
2010-10-18 16:45:00,3.0,8.0,284.0,74.342,2.0,8.0,305.0,0.0,58.0,74.01999999999998,26.953,239.0,35.95,83.83499999999998,2.7,34
2010-10-18 17:00:00,3.0,-6.0,282.0,74.03799999999998,1.0,5.0,293.0,0.0,58.0,73.42,7.129,0.0,36.506,92.003,2.475,34
2010-10-18 17:15:00,3.0,-9.0,282.0,73.572,1.0,4.0,291.0,0.0,58.0,72.14,1.465,0.0,37.419,84.623,2.75,34
2010-10-18 17:30:00,0.0,-2.0,281.0,73.00499999999998,1.0,0.0,56.0,0.0,58.0,70.66,0.391,0.0,39.412,220.163,2.331,34
2010-10-18 17:45:00,0.0,-3.0,282.0,72.307,1.0,0.0,13.0,0.0,57.0,68.96,0.2929999999999999,0.0,43.544,308.138,2.819,34
2010-10-18 18:00:00,0.0,-2.0,282.0,71.81,1.0,0.0,11.0,0.0,56.0,67.62,0.2929999999999999,0.0,45.625,265.275,1.931,34
2010-10-18 18:15:00,0.0,-2.0,283.0,71.314,0.0,0.0,11.0,0.0,56.0,66.56,0.2929999999999999,0.0,46.506,302.985,1.406,34
2010-10-18 18:30:00,0.0,-3.0,283.0,70.95,1.0,0.0,15.0,0.0,55.0,65.12,0.2929999999999999,0.0,47.788,305.708,1.056,34
2010-10-18 18:45:00,0.0,-3.0,283.0,70.757,1.0,0.0,13.0,0.0,55.0,64.68,0.2929999999999999,0.0,48.05,243.428,1.388,34
2010-10-19 06:00:00,0.0,-2.0,282.0,62.394,1.0,0.0,408.0,0.0,41.0,60.14,5.566,0.0,55.656,155.565,1.506,34
2010-10-19 06:15:00,3.0,13.0,282.0,62.141,3.0,12.0,352.0,0.0,45.0,59.94,12.598,384.0,56.013,232.268,2.369,34
2010-10-19 06:30:00,5.0,33.0,282.0,62.131,8.0,32.0,374.0,0.0,52.0,60.05,21.777,-714.0,56.356,162.338,2.087,34
2010-10-19 06:45:00,17.0,147.0,282.0,62.546,42.0,151.0,356.0,0.0,59.0,61.43,132.129,973.0,55.281,197.055,1.744,34
2010-10-19 07:00:00,26.0,229.0,283.0,63.295,60.0,236.0,389.0,0.0,58.0,66.01,255.371,-988.0,52.712,200.88,1.994,34
2010-10-19 07:15:00,35.0,302.0,282.0,64.571,79.0,311.0,390.0,0.0,58.0,71.27,316.699,-995.0,49.956,280.508,2.794,34
2010-10-19 07:30:00,44.0,379.0,282.0,65.513,99.0,392.0,394.0,0.0,59.0,75.01,384.18,-996.0,47.944,300.15,4.513,34
2010-10-19 07:45:00,53.0,449.0,282.0,66.282,122.0,465.0,381.0,0.0,59.0,79.18,447.852,-996.0,46.994,237.735,2.625,34
2010-10-19 08:00:00,61.0,522.0,282.0,67.224,142.0,542.0,380.0,0.0,60.0,83.95999999999998,513.184,999.0,45.669,278.618,2.675,34
2010-10-19 08:15:00,69.0,591.0,283.0,68.145,163.0,614.0,373.0,0.0,60.0,88.31,581.641,-999.0,43.969,286.493,4.256,34
2010-10-19 08:30:00,75.0,642.0,283.0,69.471,178.0,672.0,376.0,0.0,60.0,92.82,647.559,-999.0,41.638,220.995,3.313,34
2010-10-19 08:45:00,82.0,695.0,282.0,70.798,201.0,727.0,359.0,0.0,60.0,97.77,706.641,999.0,39.712,278.55,4.125,34
2010-10-19 09:00:00,86.0,738.0,283.0,71.881,210.0,772.0,365.0,0.0,60.0,100.82,759.1799999999998,999.0,37.85,273.15,3.637,34
2010-10-19 09:15:00,90.0,774.0,283.0,72.539,228.0,808.0,352.0,0.0,59.0,106.59,804.4919999999998,999.0,36.569,260.73,2.7,34
2010-10-19 09:30:00,95.0,811.0,282.0,73.238,244.0,849.0,346.0,0.0,59.0,106.11,845.605,-999.0,36.025,155.385,2.8,34
2010-10-19 09:45:00,98.0,839.0,284.0,74.058,247.0,877.0,354.0,0.0,61.0,107.29,888.379,-999.0,34.669,207.473,3.831,34
2010-10-19 10:00:00,100.0,855.0,283.0,74.676,260.0,895.0,342.0,0.0,61.0,105.76,920.215,-999.0,34.081,139.432,2.287,34
2010-10-19 10:15:00,103.0,877.0,283.0,75.516,271.0,919.0,337.0,0.0,59.0,108.72,949.023,-999.0,32.894,114.57,1.969,34
2010-10-19 10:30:00,108.0,924.0,283.0,76.44799999999998,283.0,968.0,340.0,0.0,61.0,112.87,989.258,-999.0,31.731,187.988,2.363,34
2010-10-19 10:45:00,128.0,1089.0,283.0,77.54099999999998,350.0,1142.0,324.0,0.0,61.0,115.58,1022.559,-999.0,30.244,243.563,3.013,34
2010-10-19 11:00:00,73.0,619.0,281.0,79.485,191.0,646.0,336.0,0.0,58.0,115.9,1019.238,997.0,28.238,202.928,3.738,34
2010-10-19 11:15:00,33.0,287.0,281.0,79.84,83.0,298.0,355.0,0.0,60.0,101.1,493.652,-995.0,27.706,140.985,4.063,34
2010-10-19 11:30:00,126.0,1071.0,283.0,79.141,323.0,1125.0,346.0,0.0,61.0,96.26,656.055,-999.0,28.1,145.08,3.225,34
2010-10-19 11:45:00,51.0,440.0,282.0,80.569,130.0,456.0,348.0,0.0,60.0,98.6,848.34,-996.0,26.488,110.362,3.625,34
2010-10-19 12:00:00,89.0,756.0,282.0,81.065,213.0,792.0,369.0,0.0,60.0,96.81,435.645,-999.0,26.319,137.385,3.831,34
2010-10-19 12:15:00,136.0,1155.0,283.0,80.741,340.0,1215.0,355.0,0.0,58.0,92.6,512.402,-999.0,26.538,143.1,4.431,34
2010-10-19 12:30:00,38.0,330.0,281.0,81.33799999999998,96.0,341.0,351.0,0.0,60.0,96.9,811.914,-995.0,25.7,143.28,4.513,34
2010-10-19 12:45:00,29.0,255.0,281.0,81.429,74.0,263.0,353.0,0.0,59.0,94.53,327.539,-989.0,25.675,169.965,4.825,34
2010-10-19 13:00:00,109.0,927.0,281.0,80.477,265.0,976.0,366.0,0.0,61.0,87.45999999999998,403.516,-999.0,26.606,116.145,4.369,34
2010-10-19 13:15:00,121.0,1028.0,283.0,81.176,314.0,1080.0,342.0,0.0,59.0,92.19,773.633,999.0,25.663,123.525,5.294,34
2010-10-19 13:30:00,109.0,924.0,282.0,82.958,292.0,968.0,330.0,0.0,60.0,102.03,1075.586,1000.0,23.869,148.095,4.438,34
2010-10-19 13:45:00,51.0,436.0,281.0,83.272,125.0,453.0,358.0,0.0,60.0,100.85,683.301,-999.0,23.656,203.827,5.844,34
2010-10-19 14:00:00,85.0,720.0,281.0,82.138,210.0,756.0,357.0,0.0,59.0,94.91,665.723,-999.0,24.594,147.217,5.375,34
2010-10-19 14:15:00,85.0,722.0,281.0,82.33,209.0,757.0,359.0,0.0,61.0,95.06,686.426,-998.0,24.237,146.857,4.894,34
2010-10-19 14:30:00,23.0,201.0,281.0,82.462,57.0,205.0,357.0,0.0,59.0,95.97,606.055,986.0,23.862,159.39,5.806,34
2010-10-19 14:45:00,17.0,148.0,281.0,82.006,41.0,151.0,361.0,0.0,59.0,90.12,238.672,973.0,24.069,150.66,5.1,34
2010-10-19 15:00:00,56.0,484.0,282.0,81.105,133.0,503.0,375.0,0.0,60.0,85.59,391.699,-999.0,24.731,116.078,4.906,34
2010-10-19 15:15:00,34.0,298.0,282.0,81.399,84.0,307.0,364.0,0.0,59.0,88.25,480.859,995.0,24.5,144.225,5.65,34
2010-10-19 15:30:00,34.0,294.0,282.0,81.69199999999998,81.0,306.0,374.0,0.0,60.0,89.75,448.633,-990.0,24.056,154.642,4.931,34
2010-10-19 15:45:00,10.0,82.0,282.0,81.449,23.0,83.0,361.0,0.0,59.0,86.37,227.832,896.0,24.112,150.75,5.656,34
2010-10-19 16:00:00,9.0,74.0,282.0,80.25499999999998,21.0,76.0,362.0,0.0,59.0,82.69,72.55899999999998,872.0,24.794,165.577,4.444,34
2010-10-19 16:15:00,7.0,52.0,281.0,79.50499999999998,15.0,52.0,342.0,0.0,59.0,80.87999999999998,67.773,829.0,25.019,121.928,4.144,34
2010-10-19 16:30:00,5.0,29.0,282.0,79.111,9.0,31.0,346.0,0.0,58.0,79.94,45.02,646.0,25.6,142.92,5.112,34
2010-10-19 16:45:00,3.0,1.0,281.0,78.655,1.0,5.0,303.0,0.0,59.0,79.26999999999998,18.652,0.0,25.963,124.673,5.325,34
2010-10-19 17:00:00,0.0,-2.0,281.0,78.331,1.0,0.0,339.0,0.0,58.0,78.65999999999998,5.859,0.0,26.031,142.312,5.794,34
2010-10-19 17:15:00,3.0,-9.0,281.0,78.007,0.0,2.0,290.0,0.0,58.0,78.14,1.074,0.0,26.063,150.503,6.2,34
2010-10-19 17:30:00,0.0,-2.0,280.0,77.83499999999998,1.0,0.0,58.0,0.0,58.0,78.04,0.4879999999999999,0.0,26.131,164.948,6.488,34
2010-10-19 17:45:00,0.0,-2.0,282.0,77.64199999999998,1.0,0.0,41.0,0.0,57.0,77.79999999999998,0.2929999999999999,0.0,26.488,194.04,5.637,34
2010-10-19 18:00:00,0.0,-3.0,281.0,77.61199999999998,1.0,0.0,38.0,0.0,56.0,77.72,0.0,0.0,26.463,162.36,5.794,34
2010-10-19 18:15:00,0.0,-2.0,282.0,77.673,1.0,0.0,37.0,0.0,55.0,78.01999999999998,0.0,0.0,26.65,116.843,5.137,34
2010-10-19 18:30:00,0.0,-2.0,283.0,77.177,0.0,0.0,38.0,0.0,55.0,77.31,0.391,0.0,26.556,139.883,4.613,34
2010-10-19 18:45:00,0.0,-3.0,283.0,76.691,1.0,0.0,32.0,0.0,54.0,76.54,0.2929999999999999,0.0,26.313,112.253,3.494,34
2010-10-02 06:00:00,5.0,32.0,287.0,73.63299999999998,9.0,32.0,364.0,0.0,52.0,68.68,18.262,-705.0,41.6,240.863,0.669,34
2010-10-02 06:15:00,6.0,44.0,285.0,73.51099999999998,15.0,45.0,309.0,0.0,56.0,68.93,40.234,767.0,42.069,240.885,0.544,34
2010-10-02 06:30:00,7.0,52.0,285.0,74.2,17.0,54.0,314.0,0.0,56.0,69.47,52.539,812.0,38.588,240.885,0.5809999999999998,34
2010-10-02 06:45:00,24.0,214.0,285.0,74.41299999999998,57.0,220.0,386.0,0.0,58.0,71.07,199.512,987.0,37.5,243.18,0.8689999999999999,34
2010-10-02 07:00:00,17.0,151.0,283.0,75.668,39.0,153.0,387.0,0.0,58.0,78.12999999999998,193.066,973.0,35.262,288.675,1.163,34
2010-10-02 07:15:00,7.0,56.0,283.0,76.50799999999998,15.0,56.0,368.0,0.0,59.0,81.45,150.586,839.0,37.625,262.89,0.994,34
2010-10-02 07:30:00,44.0,379.0,284.0,76.296,99.0,392.0,393.0,0.0,59.0,79.15999999999998,133.691,996.0,40.806,252.135,0.4119999999999999,34
2010-10-02 07:45:00,61.0,527.0,286.0,77.16599999999998,146.0,549.0,373.0,0.0,61.0,87.19,498.926,999.0,39.375,279.585,1.413,34
2010-10-02 08:00:00,64.0,544.0,284.0,79.485,152.0,568.0,370.0,0.0,59.0,101.29,554.59,999.0,33.688,277.515,1.2,34
2010-10-02 08:15:00,73.0,630.0,285.0,81.11499999999998,184.0,658.0,356.0,0.0,60.0,111.34,657.031,999.0,33.256,242.145,0.762,34
2010-10-02 08:30:00,76.0,660.0,286.0,82.75499999999998,195.0,687.0,350.0,0.0,59.0,115.58,695.508,999.0,29.888,217.823,0.9,34
2010-10-02 08:45:00,81.0,695.0,285.0,84.102,207.0,726.0,348.0,0.0,60.0,114.31,749.8049999999998,999.0,27.325,125.325,1.35,34
2010-10-02 09:00:00,89.0,772.0,287.0,85.04399999999998,230.0,804.0,348.0,0.0,59.0,111.8,820.898,999.0,24.525,106.672,1.837,34
2010-10-02 09:15:00,95.0,819.0,285.0,85.87399999999998,256.0,855.0,332.0,0.0,60.0,112.37,895.508,998.0,22.594,109.508,1.956,34
2010-10-02 09:30:00,97.0,837.0,286.0,86.724,260.0,874.0,334.0,0.0,59.0,117.95,942.578,-999.0,21.863,94.432,1.637,34
2010-10-02 09:45:00,99.0,849.0,284.0,87.95,278.0,885.0,317.0,0.0,61.0,124.88,970.3130000000002,-999.0,20.581,188.843,1.413,34
2010-10-02 10:00:00,101.0,873.0,287.0,88.506,282.0,911.0,322.0,0.0,60.0,120.02,998.047,-999.0,20.112,100.102,1.825,34
2010-10-02 10:15:00,104.0,897.0,285.0,89.296,294.0,938.0,317.0,0.0,61.0,121.3,1030.664,-999.0,19.556,151.335,1.937,34
2010-10-02 10:30:00,105.0,905.0,286.0,90.41,295.0,945.0,319.0,0.0,59.0,125.9,1056.152,-1000.0,18.6,210.105,2.294,34
2010-10-02 10:45:00,108.0,935.0,286.0,92.06,304.0,976.0,319.0,0.0,59.0,126.58,1083.691,999.0,17.638,180.473,2.163,34
2010-10-02 11:00:00,107.0,927.0,286.0,92.891,302.0,968.0,319.0,0.0,60.0,124.52,1108.594,-1000.0,17.15,166.837,2.194,34
2010-10-02 11:15:00,96.0,828.0,285.0,93.61,271.0,865.0,318.0,0.0,61.0,129.81,912.793,999.0,16.675,199.373,1.937,34
2010-10-02 11:30:00,109.0,936.0,285.0,93.691,300.0,978.0,324.0,0.0,60.0,115.74,865.4299999999998,999.0,17.531,164.655,2.175,34
2010-10-02 11:45:00,116.0,1000.0,285.0,94.268,326.0,1046.0,318.0,0.0,60.0,116.74,1143.066,999.0,17.125,178.133,3.125,34
2010-10-02 12:00:00,108.0,928.0,284.0,96.09,304.0,968.0,317.0,0.0,61.0,130.28,1098.145,-999.0,16.169,198.135,3.269,34
2010-10-02 12:15:00,104.0,891.0,285.0,96.11,288.0,930.0,321.0,0.0,60.0,127.3,979.395,999.0,16.463,167.962,2.281,34
2010-10-02 12:30:00,77.0,657.0,284.0,96.89,216.0,684.0,315.0,0.0,61.0,131.7,1010.254,999.0,15.919,189.72,2.313,34
2010-10-02 12:45:00,57.0,484.0,283.0,96.465,149.0,503.0,336.0,0.0,59.0,120.63,546.875,997.0,16.638,198.675,1.831,34
2010-10-02 13:00:00,64.0,554.0,284.0,95.422,177.0,575.0,323.0,0.0,59.0,107.61,751.6599999999999,999.0,17.256,120.443,2.1,34
2010-10-02 13:15:00,78.0,673.0,284.0,96.839,208.0,702.0,335.0,0.0,60.0,115.36,705.859,999.0,16.05,191.363,2.506,34
2010-10-02 13:30:00,86.0,739.0,287.0,97.903,229.0,770.0,335.0,0.0,60.0,111.51,790.332,999.0,16.063,161.573,3.05,34
2010-10-02 13:45:00,10.0,89.0,285.0,98.52,27.0,90.0,333.0,0.0,60.0,110.39,530.957,929.0,15.863,160.65,3.031,34
2010-10-02 14:00:00,6.0,41.0,284.0,94.551,12.0,43.0,334.0,0.0,58.0,95.15,55.664,-774.0,21.663,157.005,9.731000000000002,34
2010-10-02 14:15:00,7.0,58.0,284.0,85.24599999999998,15.0,58.0,366.0,0.0,59.0,79.04999999999998,43.555,877.0,43.313,170.707,11.231,34
2010-10-02 14:30:00,15.0,135.0,285.0,81.277,39.0,139.0,350.0,0.0,58.0,76.54,98.438,-970.0,39.613,170.707,7.918999999999999,34
2010-10-02 14:45:00,8.0,62.0,284.0,82.988,17.0,63.0,378.0,0.0,59.0,79.01,113.184,-867.0,37.556,208.35,4.313,34
2010-10-02 15:00:00,10.0,83.0,283.0,83.57599999999998,22.0,85.0,381.0,0.0,59.0,79.89,60.156,-925.0,39.931,234.698,2.306,34
2010-10-02 15:15:00,17.0,148.0,283.0,83.667,41.0,152.0,363.0,0.0,60.0,80.34999999999998,111.328,973.0,40.869,254.52,2.313,34
2010-10-02 15:30:00,17.0,145.0,284.0,84.26399999999998,41.0,148.0,358.0,0.0,60.0,83.12,160.059,981.0,40.525,227.047,2.444,34
2010-10-02 15:45:00,10.0,85.0,284.0,84.801,23.0,86.0,364.0,0.0,59.0,84.42,108.789,-926.0,36.619,215.955,2.869,34
2010-10-02 16:00:00,30.0,257.0,285.0,84.477,71.0,265.0,373.0,0.0,59.0,83.76,199.219,-994.0,36.213,199.98,2.081,34
2010-10-02 16:15:00,13.0,109.0,284.0,85.43899999999998,31.0,112.0,357.0,0.0,59.0,87.65999999999998,226.855,-952.0,34.225,211.208,2.587,34
2010-10-02 16:30:00,9.0,74.0,284.0,85.307,20.0,74.0,368.0,0.0,58.0,86.51999999999998,121.191,-886.0,34.938,203.017,1.894,34
2010-10-02 16:45:00,4.0,27.0,285.0,84.72,7.0,27.0,360.0,0.0,59.0,84.34999999999998,71.094,-645.0,34.988,114.053,1.269,34
2010-10-02 17:00:00,4.0,21.0,285.0,84.295,6.0,21.0,352.0,0.0,58.0,82.95999999999998,47.168,-551.0,34.75,111.15,1.006,34
2010-10-02 17:15:00,3.0,1.0,284.0,83.82899999999998,1.0,5.0,306.0,0.0,58.0,81.79999999999998,17.383,0.0,33.825,91.687,1.519,34
2010-10-02 17:30:00,0.0,-3.0,283.0,83.20099999999998,1.0,0.0,331.0,0.0,58.0,80.97,5.273,0.0,32.95,107.078,1.575,34
2010-10-02 17:45:00,0.0,-3.0,284.0,82.604,1.0,0.0,165.0,0.0,57.0,80.15999999999998,0.781,0.0,32.5,92.385,1.894,34
2010-10-02 18:00:00,0.0,-2.0,284.0,82.31,1.0,0.0,11.0,0.0,57.0,80.26,0.2929999999999999,0.0,32.894,94.14,1.8,34
2010-10-02 18:15:00,0.0,-3.0,285.0,81.77299999999998,1.0,0.0,2.0,0.0,56.0,80.11,0.391,0.0,33.869,111.285,0.7439999999999999,34
2010-10-02 18:30:00,0.0,-3.0,285.0,80.923,1.0,0.0,1.0,0.0,55.0,78.59999999999998,0.391,0.0,35.4,104.648,1.031,34
2010-10-02 18:45:00,0.0,-3.0,285.0,80.943,1.0,0.0,2.0,0.0,55.0,79.56,0.2929999999999999,0.0,35.088,162.293,1.144,34
2010-10-20 06:00:00,0.0,-2.0,281.0,62.1,1.0,0.0,245.0,0.0,38.0,60.44,0.195,0.0,76.438,221.625,2.437,34
2010-10-20 06:15:00,3.0,-3.0,284.0,61.665,1.0,5.0,297.0,0.0,38.0,60.41,1.66,79.0,82.5,163.935,4.238,34
2010-10-20 06:30:00,0.0,-2.0,283.0,60.025,1.0,0.0,386.0,0.0,41.0,58.56,4.199,0.0,89.71899999999998,177.413,2.875,34
2010-10-20 06:45:00,4.0,16.0,284.0,59.873,5.0,16.0,305.0,0.0,45.0,58.26,8.397999999999998,399.0,88.15,236.295,2.494,34
2010-10-20 07:00:00,4.0,18.0,284.0,59.731,5.0,17.0,315.0,0.0,51.0,58.78,0.0,466.0,90.531,283.972,3.1,34
2010-10-20 07:15:00,3.0,13.0,283.0,60.005,3.0,12.0,323.0,0.0,54.0,59.16,19.727,-370.0,90.344,294.278,2.269,34
2010-10-20 07:30:00,3.0,10.0,283.0,60.582,2.0,9.0,339.0,0.0,55.0,59.19,16.504,-307.0,89.30599999999998,241.11,1.325,34
2010-10-20 07:45:00,19.0,163.0,283.0,60.724,42.0,167.0,397.0,0.0,57.0,59.61,31.055,-975.0,90.481,189.99,0.638,34
2010-10-20 08:00:00,43.0,369.0,283.0,61.463,95.0,380.0,397.0,0.0,60.0,63.84,300.391,996.0,88.825,225.045,1.825,34
2010-10-20 08:15:00,0.0,-2.0,282.0,63.062,1.0,0.0,468.0,0.0,57.0,68.19,523.145,0.0,84.84999999999998,225.315,3.75,34
2010-10-20 08:30:00,0.0,-2.0,282.0,64.358,1.0,0.0,445.0,0.0,53.0,79.84,374.512,0.0,79.031,284.153,2.688,34
2010-10-20 08:45:00,0.0,-2.0,282.0,64.369,1.0,0.0,458.0,0.0,50.0,73.79999999999998,214.258,0.0,76.019,289.193,3.05,34
2010-10-20 09:00:00,0.0,-2.0,282.0,65.219,1.0,0.0,460.0,0.0,46.0,73.78,361.523,0.0,72.59999999999998,219.848,2.319,34
2010-10-20 09:15:00,0.0,-2.0,284.0,66.687,1.0,0.0,450.0,0.0,44.0,79.94,386.719,0.0,66.425,267.75,2.756,34
2010-10-20 09:30:00,0.0,-2.0,284.0,67.669,1.0,0.0,456.0,0.0,43.0,80.64,376.074,0.0,62.094,293.693,4.181,34
2010-10-20 09:45:00,0.0,-3.0,283.0,68.975,1.0,0.0,440.0,0.0,42.0,86.67,765.918,0.0,57.3,299.453,4.019,34
2010-10-20 10:00:00,0.0,-3.0,283.0,70.656,1.0,0.0,447.0,0.0,41.0,93.54,457.129,0.0,50.5,288.495,4.125,34
2010-10-20 10:15:00,0.0,-2.0,283.0,71.021,1.0,0.0,451.0,0.0,40.0,89.58,402.93,0.0,50.475,291.487,4.681,34
2010-10-20 10:30:00,0.0,-2.0,282.0,71.446,1.0,0.0,436.0,0.0,40.0,92.95,966.309,0.0,51.388,297.518,5.775,34
2010-10-20 10:45:00,0.0,-2.0,282.0,72.205,1.0,0.0,431.0,0.0,39.0,100.58,1053.027,0.0,51.75,290.61,6.588,34
2010-10-20 11:00:00,0.0,-3.0,282.0,72.337,1.0,0.0,443.0,0.0,39.0,99.58,892.969,0.0,53.631,262.17,5.65,34
2010-10-20 11:15:00,0.0,-3.0,284.0,73.73399999999998,1.0,0.0,432.0,0.0,39.0,103.85,1027.148,0.0,49.9,271.193,5.056,34
2010-10-20 11:30:00,0.0,-2.0,283.0,75.061,1.0,0.0,423.0,0.0,39.0,102.19,833.398,0.0,45.344,245.048,4.625,34
2010-10-20 11:45:00,0.0,-3.0,284.0,75.162,1.0,0.0,438.0,0.0,38.0,97.78,371.387,0.0,43.912,223.133,4.394,34
2010-10-20 12:00:00,0.0,-2.0,284.0,74.17,1.0,0.0,435.0,0.0,38.0,90.77,346.289,0.0,45.019,268.133,4.163,34
2010-10-20 12:15:00,0.0,-3.0,283.0,73.754,1.0,0.0,442.0,0.0,38.0,85.19,240.234,0.0,45.313,252.203,3.663,34
2010-10-20 12:30:00,0.0,-3.0,283.0,73.592,1.0,0.0,445.0,0.0,38.0,83.31999999999998,237.402,0.0,43.425,131.355,2.85,34
2010-10-20 12:45:00,0.0,-3.0,282.0,73.187,1.0,0.0,466.0,0.0,38.0,83.33,431.055,0.0,43.919,210.285,3.894,34
2010-10-20 13:00:00,0.0,-2.0,282.0,72.85299999999998,1.0,0.0,439.0,0.0,37.0,89.7,916.309,0.0,47.094,199.508,6.194,34
2010-10-20 13:15:00,0.0,-2.0,282.0,71.507,1.0,0.0,447.0,0.0,37.0,86.72,332.52,0.0,48.575,217.508,6.994,34
2010-10-20 13:30:00,0.0,-2.0,282.0,69.684,1.0,0.0,438.0,0.0,37.0,78.43,221.289,0.0,50.756,216.383,5.488,34
2010-10-20 13:45:00,0.0,-2.0,283.0,68.844,1.0,0.0,441.0,0.0,37.0,74.26999999999998,119.922,0.0,52.25,215.505,4.85,34
2010-10-20 14:00:00,0.0,-2.0,283.0,68.024,1.0,0.0,452.0,0.0,37.0,71.99,151.465,0.0,55.656,204.907,4.519,34
2010-10-20 14:15:00,0.0,-3.0,283.0,67.862,1.0,0.0,450.0,0.0,37.0,72.43,204.199,0.0,57.619,208.215,5.444,34
2010-10-20 14:30:00,0.0,-2.0,283.0,67.791,1.0,0.0,445.0,0.0,36.0,71.97,158.789,0.0,59.844,210.217,5.169,34
2010-10-20 14:45:00,0.0,-3.0,283.0,67.325,1.0,0.0,435.0,0.0,36.0,70.02,100.098,0.0,60.331,213.705,6.431,34
2010-10-20 15:00:00,0.0,-3.0,283.0,66.95,1.0,0.0,418.0,0.0,36.0,68.29,43.75,0.0,56.463,190.71,4.712,34
2010-10-20 15:15:00,0.0,-3.0,283.0,66.961,1.0,0.0,409.0,0.0,36.0,67.49,21.094,0.0,56.988,172.395,4.887,34
2010-10-20 15:30:00,0.0,-2.0,283.0,66.9,1.0,0.0,404.0,0.0,36.0,66.82,11.426,0.0,58.644,166.298,6.188,34
2010-10-20 15:45:00,0.0,-2.0,285.0,65.067,1.0,0.0,403.0,0.0,36.0,64.07,11.133,0.0,70.831,172.305,5.925,34
2010-10-20 16:00:00,0.0,-3.0,284.0,63.862,1.0,0.0,380.0,0.0,36.0,62.83,6.836,0.0,73.55599999999998,178.56,5.919,34
2010-10-20 16:15:00,0.0,-2.0,284.0,63.204,1.0,0.0,304.0,0.0,36.0,62.67,1.563,0.0,74.9,155.723,6.088,34
2010-10-20 16:30:00,0.0,-3.0,286.0,60.936,1.0,0.0,308.0,0.0,36.0,59.55,0.391,0.0,86.994,187.538,3.663,34
2010-10-20 16:45:00,0.0,-3.0,284.0,57.99,0.0,0.0,285.0,0.0,35.0,57.52,0.391,0.0,93.581,269.91,3.325,34
2010-10-20 17:00:00,0.0,-2.0,285.0,57.878,1.0,0.0,185.0,0.0,35.0,57.11,0.391,0.0,91.006,224.865,3.85,34
2010-10-20 17:15:00,0.0,-2.0,285.0,58.01,1.0,0.0,68.0,0.0,35.0,57.46,0.195,0.0,91.725,211.928,4.825,34
2010-10-20 17:30:00,0.0,-2.0,285.0,56.977,1.0,0.0,44.0,0.0,35.0,57.54,0.195,0.0,95.244,206.483,4.663,34
2010-10-20 17:45:00,0.0,-2.0,283.0,56.937,1.0,0.0,43.0,0.0,35.0,57.12,0.098,0.0,94.681,292.658,5.338,34
2010-10-20 18:00:00,0.0,-2.0,285.0,55.651,0.0,0.0,39.0,0.0,35.0,56.2,0.195,0.0,92.875,306.743,7.825,34
2010-10-20 18:15:00,0.0,-2.0,285.0,55.165,1.0,0.0,30.0,0.0,35.0,55.56,0.195,0.0,92.475,294.683,7.474999999999999,34
2010-10-20 18:30:00,0.0,-2.0,285.0,56.339,1.0,0.0,12.0,0.0,34.0,55.97,0.195,0.0,89.313,182.092,5.031,34
2010-10-20 18:45:00,0.0,-2.0,286.0,57.038,1.0,0.0,11.0,0.0,34.0,54.59,0.195,0.0,85.312,204.592,1.781,34
2010-10-21 06:00:00,0.0,-2.0,284.0,57.129,1.0,0.0,406.0,0.0,32.0,56.24,3.809,0.0,94.331,140.445,0.4,34
2010-10-21 06:15:00,0.0,-3.0,284.0,57.119,1.0,0.0,435.0,0.0,32.0,56.35,19.727,0.0,94.475,162.518,0.325,34
2010-10-21 06:30:00,0.0,-3.0,286.0,57.554,1.0,0.0,446.0,0.0,31.0,56.81,47.656,0.0,94.138,108.473,1.038,34
2010-10-21 06:45:00,0.0,-2.0,284.0,57.868,1.0,0.0,449.0,0.0,32.0,57.45,58.789,0.0,93.563,203.827,1.637,34
2010-10-21 07:00:00,0.0,-3.0,285.0,57.848,1.0,0.0,456.0,0.0,32.0,57.76,80.566,0.0,93.525,194.805,0.906,34
2010-10-21 07:15:00,0.0,-2.0,285.0,57.868,1.0,0.0,446.0,0.0,31.0,58.64,75.879,0.0,92.7,7.245,0.112,34
2010-10-21 07:30:00,0.0,-2.0,284.0,57.909,1.0,0.0,466.0,0.0,31.0,57.87,81.152,0.0,92.45,7.605,0.281,34
2010-10-21 07:45:00,0.0,-3.0,284.0,58.425,1.0,0.0,470.0,0.0,31.0,64.76,416.504,0.0,89.944,306.698,1.262,34
2010-10-21 08:00:00,0.0,-3.0,283.0,59.154,1.0,0.0,468.0,0.0,31.0,70.18,422.852,0.0,86.381,214.155,1.125,34
2010-10-21 08:15:00,0.0,-2.0,283.0,59.853,1.0,0.0,458.0,0.0,31.0,71.29,447.168,0.0,84.194,192.488,1.169,34
2010-10-21 08:30:00,0.0,-3.0,282.0,60.288,1.0,0.0,459.0,0.0,31.0,76.31999999999998,584.961,0.0,83.125,81.405,0.762,34
2010-10-21 08:45:00,0.0,-2.0,284.0,61.685,1.0,0.0,452.0,0.0,31.0,84.31999999999998,759.863,0.0,79.91899999999998,137.363,1.462,34
2010-10-21 09:00:00,0.0,-3.0,284.0,62.941,1.0,0.0,449.0,0.0,31.0,90.65,504.199,0.0,74.92499999999998,154.305,1.675,34
2010-10-21 09:15:00,0.0,-3.0,283.0,62.84,1.0,0.0,453.0,0.0,31.0,74.37,446.582,0.0,74.46899999999998,134.483,2.913,34
2010-10-21 09:30:00,0.0,-2.0,283.0,62.637,1.0,0.0,439.0,0.0,31.0,74.37,713.379,0.0,73.0,131.715,2.287,34
2010-10-21 09:45:00,0.0,-3.0,283.0,63.376,1.0,0.0,440.0,0.0,31.0,88.95999999999998,718.066,0.0,69.938,136.957,1.531,34
2010-10-21 10:00:00,0.0,-2.0,283.0,63.781,1.0,0.0,452.0,0.0,31.0,88.79,298.828,0.0,68.406,101.542,1.462,34
2010-10-21 10:15:00,0.0,-2.0,284.0,64.085,1.0,0.0,443.0,0.0,31.0,87.29999999999998,814.063,0.0,66.138,177.93,1.663,34
2010-10-21 10:30:00,0.0,-3.0,283.0,65.027,1.0,0.0,434.0,0.0,31.0,94.84,965.625,0.0,64.781,105.3,1.694,34
2010-10-21 10:45:00,0.0,-3.0,283.0,66.009,1.0,0.0,432.0,0.0,31.0,97.27,989.16,0.0,61.275,150.255,1.944,34
2010-10-21 11:00:00,0.0,-2.0,284.0,67.224,1.0,0.0,430.0,0.0,31.0,99.61,964.746,0.0,58.288,178.11,1.806,34
2010-10-21 11:15:00,0.0,-3.0,284.0,68.206,1.0,0.0,428.0,0.0,31.0,111.89,1001.465,0.0,55.35,229.86,1.731,34
2010-10-21 11:30:00,0.0,-2.0,284.0,68.915,1.0,0.0,427.0,0.0,31.0,101.85,1014.16,0.0,53.569,179.145,1.769,34
2010-10-21 11:45:00,0.0,-2.0,284.0,69.897,1.0,0.0,427.0,0.0,31.0,109.62,1024.902,0.0,50.744,179.438,2.237,34
2010-10-21 12:00:00,0.0,-2.0,283.0,70.828,1.0,0.0,427.0,0.0,31.0,110.3,1017.383,0.0,48.481,219.668,1.987,34
2010-10-21 12:15:00,0.0,-2.0,283.0,71.213,1.0,0.0,424.0,0.0,31.0,103.7,1021.875,0.0,47.569,196.155,1.388,34
2010-10-21 12:30:00,0.0,-3.0,283.0,71.102,1.0,0.0,427.0,0.0,31.0,96.59,1000.781,0.0,48.975,129.713,2.6,34
2010-10-21 12:45:00,0.0,-2.0,283.0,71.527,1.0,0.0,426.0,0.0,31.0,103.12,1006.055,0.0,46.694,162.99,1.937,34
2010-10-21 13:00:00,0.0,-3.0,283.0,72.19499999999998,1.0,0.0,431.0,0.0,31.0,101.94,834.375,0.0,45.975,127.462,1.587,34
2010-10-21 13:15:00,0.0,-2.0,282.0,73.00499999999998,1.0,0.0,400.0,0.0,31.0,96.04,909.277,0.0,43.781,160.245,1.694,34
2010-10-21 13:30:00,0.0,-2.0,283.0,72.924,1.0,0.0,437.0,0.0,31.0,103.04,687.695,0.0,43.719,262.733,2.619,34
2010-10-21 13:45:00,0.0,-3.0,282.0,73.63299999999998,1.0,0.0,432.0,0.0,31.0,103.99,845.02,0.0,42.563,213.48,1.4,34
2010-10-21 14:00:00,0.0,-2.0,282.0,73.167,1.0,0.0,434.0,0.0,31.0,94.86,724.902,0.0,43.55,133.29,1.1,34
2010-10-21 14:15:00,0.0,-2.0,282.0,73.117,1.0,0.0,413.0,0.0,31.0,87.42,412.695,0.0,43.956,171.968,1.987,34
2010-10-21 14:30:00,0.0,-2.0,282.0,71.78,1.0,0.0,454.0,0.0,31.0,80.06999999999998,258.887,0.0,45.613,198.967,1.006,34
2010-10-21 14:45:00,0.0,-2.0,282.0,71.841,1.0,0.0,428.0,0.0,31.0,78.06999999999998,216.211,0.0,46.313,163.688,1.737,34
2010-10-21 15:00:00,0.0,-2.0,283.0,71.041,0.0,0.0,440.0,0.0,31.0,74.54999999999998,130.762,0.0,47.575,156.6,1.775,34
2010-10-21 15:15:00,0.0,-2.0,283.0,70.393,1.0,0.0,434.0,0.0,31.0,73.29999999999998,127.93,0.0,47.869,107.01,1.869,34
2010-10-21 15:30:00,0.0,-2.0,284.0,70.352,1.0,0.0,432.0,0.0,31.0,72.98,85.742,0.0,48.15,68.715,0.7059999999999998,34
2010-10-21 15:45:00,0.0,-3.0,285.0,70.393,1.0,0.0,433.0,0.0,31.0,72.76,81.543,0.0,47.994,37.688,0.462,34
2010-10-21 16:00:00,0.0,-2.0,284.0,70.454,1.0,0.0,425.0,0.0,31.0,72.37,72.852,0.0,47.719,262.53,1.637,34
2010-10-21 16:15:00,0.0,-2.0,285.0,69.917,1.0,0.0,430.0,0.0,31.0,70.78,67.188,0.0,48.787,191.363,1.431,34
2010-10-21 16:30:00,0.0,-2.0,285.0,69.431,1.0,0.0,429.0,0.0,31.0,69.47,56.641,0.0,49.231,153.405,1.694,34
2010-10-21 16:45:00,0.0,-3.0,285.0,68.996,1.0,0.0,397.0,0.0,31.0,67.48,26.855,0.0,50.438,285.255,1.7,34
2010-10-21 17:00:00,0.0,-2.0,284.0,68.024,1.0,0.0,359.0,0.0,31.0,65.95,5.078,0.0,51.481,231.773,2.306,34
2010-10-21 17:15:00,0.0,-2.0,284.0,67.274,1.0,0.0,244.0,0.0,31.0,63.69,0.977,0.0,52.181,208.62,0.694,34
2010-10-21 17:30:00,0.0,-3.0,283.0,66.535,1.0,0.0,28.0,0.0,31.0,61.21,0.098,0.0,55.056,215.595,0.662,34
2010-10-21 17:45:00,0.0,-2.0,285.0,65.908,1.0,0.0,9.0,0.0,31.0,60.12,0.195,0.0,53.581,230.535,2.031,34
2010-10-21 18:00:00,0.0,-3.0,284.0,65.087,1.0,0.0,9.0,0.0,31.0,59.1,0.098,0.0,55.656,239.94,0.988,34
2010-10-21 18:15:00,0.0,-2.0,285.0,64.308,1.0,0.0,10.0,0.0,31.0,57.01,0.098,0.0,59.306,244.418,0.3689999999999999,34
2010-10-21 18:30:00,0.0,-3.0,285.0,63.812,1.0,0.0,10.0,0.0,31.0,55.83,0.0,0.0,60.556,138.555,0.656,34
2010-10-21 18:45:00,0.0,-3.0,286.0,63.265,1.0,0.0,11.0,0.0,31.0,54.51,0.0,0.0,62.256,0.0,0.0749999999999999,34
2010-10-22 06:00:00,0.0,-2.0,283.0,58.202,1.0,0.0,410.0,0.0,30.0,54.38,4.98,0.0,80.75,82.688,0.375,34
2010-10-22 06:15:00,0.0,-2.0,283.0,58.466,1.0,0.0,444.0,0.0,30.0,53.86,23.535,0.0,80.05599999999998,196.2,0.8689999999999999,34
2010-10-22 06:30:00,0.0,-2.0,284.0,58.911,1.0,0.0,451.0,0.0,30.0,55.58,62.402,0.0,79.2,244.238,1.338,34
2010-10-22 06:45:00,0.0,-3.0,284.0,59.468,1.0,0.0,448.0,0.0,30.0,59.3,75.977,0.0,78.4,187.988,1.469,34
2010-10-22 07:00:00,0.0,-3.0,285.0,59.64,1.0,0.0,451.0,0.0,30.0,60.78,87.891,0.0,78.756,85.343,1.119,34
2010-10-22 07:15:00,0.0,-3.0,284.0,59.903,1.0,0.0,450.0,0.0,30.0,62.29,97.949,0.0,77.9,137.767,1.219,34
2010-10-22 07:30:03,,,,60.642,,,,139.0,,63.9,142.188,,76.58799999999998,83.61,1.413,34
2010-10-22 07:45:06,,,,61.584,,,,139.0,,65.97,122.168,,75.137,54.968,1.613,34
2010-10-22 08:00:06,,,,62.03,,,,139.0,,66.66,141.406,,73.91299999999998,93.623,1.631,34
2010-10-22 08:15:06,,,,62.475,,,,139.0,,67.57,157.813,,72.694,101.903,1.35,34
2010-10-22 08:30:06,,,,63.062,,,,139.0,,68.65,219.531,,71.031,95.85,1.475,34
2010-10-22 08:45:06,,,,63.518,,,,139.0,,69.82,288.77,,69.675,142.515,1.2,34
2010-10-22 09:00:06,,,,64.338,,,,139.0,,71.85,252.246,,67.956,101.903,1.731,34
2010-10-22 09:15:06,,,,64.348,,,,139.0,,70.6,294.434,,67.644,134.46,1.725,34
2010-10-22 09:30:06,,,,65.037,,,,139.0,,72.64,236.133,,65.431,170.483,1.488,34
2010-10-22 09:45:06,,,,64.996,,,,139.0,,70.3,177.734,,67.306,147.105,1.681,34
2010-10-22 10:00:06,,,,65.077,,,,139.0,,71.56,348.242,,68.644,192.06,2.056,34
2010-10-22 10:15:06,,,,65.806,,,,139.0,,88.29,853.2229999999998,,66.981,223.065,2.65,34
2010-10-22 10:30:06,,,,66.424,,,,139.0,,97.52,554.004,,64.581,201.488,2.731,34
2010-10-22 10:45:06,,,,66.839,,,,139.0,,93.45,574.023,,63.138,209.7,3.156,34
2010-10-22 11:00:06,,,,68.115,,,,139.0,,98.39,755.273,,57.669,202.793,3.494,34
2010-10-22 11:15:06,,,,67.953,,,,139.0,,93.39,303.516,,57.15,207.225,2.637,34
2010-10-22 11:30:06,,,,68.277,,,,139.0,,86.51,502.832,,54.063,220.208,2.363,34
2010-10-22 11:45:06,,,,69.066,,,,139.0,,98.14,817.48,,52.894,212.558,2.4,34
2010-10-22 12:00:06,,,,70.444,,,,139.0,,91.98,980.957,,50.969,170.415,2.663,34
2010-10-22 12:15:06,,,,72.52899999999998,,,,139.0,,90.0,504.102,,48.606,171.698,3.044,34
2010-10-22 12:30:06,,,,71.334,,,,139.0,,85.26,268.652,,51.525,175.95,3.813,34
2010-10-22 12:45:06,,,,69.887,,,,139.0,,75.79999999999998,190.527,,57.394,176.198,3.287,34
2010-10-22 13:00:06,,,,68.692,,,,139.0,,70.53,187.598,,62.913,173.61,2.506,34
2010-10-22 13:15:06,,,,68.307,,,,139.0,,68.86,251.172,,62.131,161.19,2.575,34
2010-10-22 13:30:06,,,,68.358,,,,139.0,,71.03,262.891,,60.856,184.523,2.85,34
2010-10-22 13:45:06,,,,68.216,,,,139.0,,71.21,298.242,,58.806,137.992,2.544,34
2010-10-22 14:00:06,,,,68.327,,,,139.0,,71.2,239.551,,57.138,145.35,2.8,34
2010-10-22 14:15:06,,,,68.307,,,,139.0,,70.58,207.715,,56.544,163.598,3.363,34
2010-10-22 14:30:06,,,,68.834,,,,139.0,,72.65,366.211,,53.325,170.258,2.787,34
2010-10-22 14:45:06,,,,69.593,,,,139.0,,77.09,644.238,,50.769,155.475,2.106,34
2010-10-22 15:00:06,,,,69.826,,,,139.0,,77.37,413.477,,50.725,177.727,1.887,34
2010-10-22 15:15:06,,,,69.694,,,,139.0,,76.65999999999998,396.68,,51.094,168.143,1.706,34
2010-10-22 15:30:06,,,,68.975,,,,139.0,,73.87999999999998,112.012,,50.769,111.488,1.831,34
2010-10-22 15:45:06,,,,67.285,,,,139.0,,69.17,52.246,,54.013,78.953,1.231,34
2010-10-22 16:00:06,,,,66.788,,,,139.0,,66.67,29.883,,55.463,53.685,0.338,34
2010-10-22 16:15:06,,,,66.859,,,,139.0,,65.16,58.105,,56.05,85.208,0.7059999999999998,34
2010-10-22 16:30:06,,,,67.112,,,,139.0,,66.13,96.484,,56.681,146.07,1.356,34
2010-10-22 16:45:06,,,,66.515,,,,139.0,,66.16,29.004,,61.613,121.117,2.156,34
2010-10-22 17:00:06,,,,65.533,,,,139.0,,65.36,6.25,,64.069,143.483,2.044,34
2010-10-22 17:15:06,,,,64.703,,,,139.0,,64.31,0.781,,65.681,117.427,2.363,34
2010-10-22 17:30:06,,,,63.943,,,,139.0,,63.13,0.0,,67.044,115.56,2.144,34
2010-10-22 17:45:06,,,,63.255,,,,139.0,,62.72,0.0,,68.963,119.835,1.95,34
2010-10-22 18:00:06,,,,62.759,,,,139.0,,62.02,0.098,,70.85,120.892,1.594,34
2010-10-22 18:15:06,,,,62.344,,,,139.0,,60.71,0.098,,72.41299999999998,92.723,1.156,34
2010-10-22 18:30:06,,,,62.009,,,,139.0,,60.8,0.098,,72.775,128.498,1.188,34
2010-10-22 18:45:06,,,,61.655,,,,139.0,,59.52,0.098,,73.756,81.18,1.069,34
2010-10-23 06:00:06,,,,52.583,,,,139.0,,45.3,9.57,,89.375,209.858,0.138,34
2010-10-23 06:15:06,,,,52.33,,,,139.0,,47.04,22.461,,89.96899999999998,164.97,0.894,34
2010-10-23 06:30:06,,,,53.423,,,,139.0,,49.55,25.293,,81.09999999999998,131.513,0.563,34
2010-10-23 06:45:06,,,,54.476,,,,139.0,,51.86,48.047,,75.363,113.827,1.613,34
2010-10-23 07:00:06,,,,54.841,,,,139.0,,54.87,136.23,,73.73099999999998,145.8,1.937,34
2010-10-23 07:15:06,,,,55.722,,,,139.0,,59.09,292.871,,72.494,136.868,1.631,34
2010-10-23 07:30:06,,,,56.927,,,,139.0,,61.94,369.824,,68.931,145.913,1.356,34
2010-10-23 07:45:06,,,,57.494,,,,139.0,,66.41,428.711,,68.575,154.057,1.338,34
2010-10-23 08:00:06,,,,58.202,,,,139.0,,74.93,506.25,,66.969,152.482,0.8629999999999999,34
2010-10-23 08:15:06,,,,59.509,,,,139.0,,81.40999999999998,582.52,,63.944,160.515,1.756,34
2010-10-23 08:30:06,,,,61.118,,,,139.0,,80.18,661.133,,59.063,179.1,2.637,34
2010-10-23 08:45:06,,,,62.262,,,,139.0,,94.49,678.027,,55.825,237.78,1.519,34
2010-10-23 09:00:06,,,,63.508,,,,139.0,,92.77,545.703,,53.569,187.38,1.319,34
2010-10-23 09:15:06,,,,64.126,,,,139.0,,85.15999999999998,631.445,,51.813,165.42,2.381,34
2010-10-23 09:30:06,,,,65.452,,,,139.0,,94.11,897.6559999999998,,48.887,171.81,3.156,34
2010-10-23 09:45:06,,,,67.153,,,,139.0,,95.49,672.07,,46.762,192.6,3.575,34
2010-10-23 10:00:06,,,,68.054,,,,139.0,,82.59,699.414,,43.744,157.635,4.231,34
2010-10-23 10:15:06,,,,68.408,,,,139.0,,85.62999999999998,488.77,,42.731,195.413,3.231,34
2010-10-23 10:30:06,,,,69.32,,,,139.0,,89.59,467.188,,41.519,193.297,2.45,34
2010-10-23 10:45:06,,,,69.856,,,,139.0,,82.76999999999998,480.078,,41.275,162.068,3.525,34
2010-10-23 11:00:06,,,,69.684,,,,139.0,,87.86,820.996,,40.231,195.998,5.3,34
2010-10-23 11:15:06,,,,69.816,,,,139.0,,91.88,510.156,,39.831,201.645,4.119,34
2010-10-23 11:30:06,,,,70.595,,,,139.0,,96.17,875.3909999999998,,38.181,207.923,3.313,34
2010-10-23 11:45:06,,,,71.841,,,,139.0,,97.02,662.402,,37.338,189.878,3.713,34
2010-10-23 12:00:06,,,,71.972,,,,139.0,,89.65,734.668,,37.85,180.09,3.663,34
2010-10-23 12:15:06,,,,72.043,,,,139.0,,93.68,583.301,,38.313,195.795,3.856,34
2010-10-23 12:30:06,,,,71.902,,,,139.0,,87.06999999999998,758.594,,38.544,172.845,4.219,34
2010-10-23 12:45:06,,,,72.003,,,,139.0,,92.98,874.5119999999998,,38.0,190.957,4.381,34
2010-10-23 13:00:06,,,,72.387,,,,139.0,,92.56,880.859,,36.581,184.163,5.15,34
2010-10-23 13:15:06,,,,72.296,,,,139.0,,99.18,905.469,,36.244,190.845,3.525,34
2010-10-23 13:30:06,,,,72.489,,,,139.0,,94.0,808.398,,36.069,172.328,3.763,34
2010-10-23 13:45:06,,,,73.613,,,,139.0,,94.76,608.594,,34.375,172.283,3.394,34
2010-10-23 14:00:06,,,,74.382,,,,139.0,,91.15,631.543,,33.662,180.855,3.863,34
2010-10-23 14:15:06,,,,74.372,,,,139.0,,91.94,507.324,,33.731,183.712,2.969,34
2010-10-23 14:30:06,,,,74.23,,,,139.0,,94.33,576.855,,33.725,221.715,2.375,34
2010-10-23 14:45:06,,,,74.311,,,,139.0,,95.47,531.055,,33.906,224.438,3.056,34
2010-10-23 15:00:06,,,,74.068,,,,139.0,,93.03,490.918,,33.919,209.003,3.037,34
2010-10-23 15:15:06,,,,73.937,,,,139.0,,83.11,474.316,,34.581,163.08,4.738,34
2010-10-23 15:30:06,,,,72.661,,,,139.0,,78.39,278.613,,36.044,164.948,5.387,34
2010-10-23 15:45:06,,,,71.223,,,,139.0,,76.37,302.832,,37.425,171.45,4.912,34
2010-10-23 16:00:06,,,,71.152,,,,139.0,,76.01,237.891,,38.194,170.19,4.837,34
2010-10-23 16:15:06,,,,70.19,,,,139.0,,72.84999999999998,121.094,,39.95,164.34,5.312,34
2010-10-23 16:30:06,,,,69.158,,,,139.0,,70.24,64.746,,41.8,164.138,4.363,34
2010-10-23 16:45:06,,,,68.186,,,,139.0,,68.27,29.004,,43.0,169.583,3.731,34
2010-10-23 17:00:06,,,,67.325,,,,139.0,,66.42,5.176,,44.337,165.645,2.894,34
2010-10-23 17:15:06,,,,66.434,,,,139.0,,65.09,0.0,,45.044,163.463,2.956,34
2010-10-23 17:30:06,,,,66.059,,,,139.0,,64.13,0.195,,45.163,172.733,2.6,34
2010-10-23 17:45:06,,,,65.492,,,,139.0,,62.87,0.098,,46.575,169.38,2.413,34
2010-10-23 18:00:06,,,,65.209,,,,139.0,,62.91,0.098,,47.05,184.815,3.344,34
2010-10-23 18:15:06,,,,65.037,,,,139.0,,63.05,0.098,,47.925,189.81,3.019,34
2010-10-23 18:30:06,,,,64.814,,,,139.0,,63.0,0.195,,48.844,192.758,3.119,34
2010-10-23 18:45:06,,,,64.5,,,,139.0,,62.8,0.098,,49.644,199.282,2.763,34
2010-10-24 06:00:06,,,,57.868,,,,139.0,,55.76,2.051,,68.1,68.265,2.063,34
2010-10-24 06:15:06,,,,57.828,,,,139.0,,55.92,6.641,,69.275,34.942,1.069,34
2010-10-24 06:30:06,,,,57.929,,,,139.0,,56.67,18.262,,69.244,88.065,1.169,34
2010-10-24 06:45:06,,,,58.374,,,,139.0,,57.87,33.789,,69.2,61.042,0.794,34
2010-10-24 07:00:06,,,,58.85,,,,139.0,,59.12,64.551,,68.438,69.637,1.238,34
2010-10-24 07:15:06,,,,59.306,,,,139.0,,61.54,114.844,,68.075,123.255,0.8499999999999999,34
2010-10-24 07:30:06,,,,59.984,,,,139.0,,63.98,145.117,,65.781,109.125,1.281,34
2010-10-24 07:45:06,,,,60.875,,,,139.0,,66.1,205.371,,62.587,95.85,1.669,34
2010-10-24 08:00:06,,,,61.321,,,,139.0,,66.11,178.125,,61.188,140.333,1.9,34
2010-10-24 08:15:06,,,,61.696,,,,139.0,,65.63,196.68,,58.288,131.4,2.287,34
2010-10-24 08:30:06,,,,62.455,,,,139.0,,67.23,304.297,,54.219,131.58,2.0,34
2010-10-24 08:45:06,,,,63.589,,,,139.0,,72.59,286.816,,51.781,95.333,1.675,34
2010-10-24 09:00:06,,,,63.933,,,,139.0,,74.33,682.031,,51.869,133.718,2.237,34
2010-10-24 09:15:06,,,,65.634,,,,139.0,,83.15,649.902,,49.263,130.658,2.225,34
2010-10-24 09:30:06,,,,67.315,,,,139.0,,88.94,686.133,,46.15,129.51,2.05,34
2010-10-24 09:45:06,,,,68.348,,,,139.0,,86.58,547.07,,43.15,123.547,1.744,34
2010-10-24 10:00:06,,,,68.469,,,,139.0,,83.44,458.398,,44.288,129.78,2.15,34
2010-10-24 10:15:06,,,,69.026,,,,139.0,,81.03,476.172,,43.912,120.555,1.994,34
2010-10-24 10:30:06,,,,69.451,,,,139.0,,82.54,455.566,,42.738,158.445,1.65,34
2010-10-24 10:45:06,,,,70.251,,,,139.0,,85.47,487.891,,40.906,153.248,2.256,34
2010-10-24 11:00:06,,,,70.899,,,,139.0,,86.22,463.086,,40.338,115.492,2.313,34
2010-10-24 11:15:06,,,,70.666,,,,139.0,,82.01,495.703,,41.525,111.6,3.056,34
2010-10-24 11:30:06,,,,70.525,,,,139.0,,83.56,676.953,,40.156,203.13,3.225,34
2010-10-24 11:45:06,,,,71.628,,,,139.0,,96.46,477.637,,37.15,272.565,2.5,34
2010-10-24 12:00:06,,,,72.286,,,,139.0,,97.5,525.488,,36.25,245.903,2.125,34
2010-10-24 12:15:06,,,,73.086,,,,139.0,,93.29,404.199,,36.356,166.073,3.125,34
2010-10-24 12:30:06,,,,73.522,,,,139.0,,84.45,477.051,,37.681,172.238,3.844,34
2010-10-24 12:45:06,,,,72.843,,,,139.0,,86.04999999999998,304.199,,39.044,187.155,3.313,34
2010-10-24 13:00:06,,,,72.387,,,,139.0,,81.5,405.957,,39.956,173.43,5.038,34
2010-10-24 13:15:06,,,,72.884,,,,139.0,,84.97,451.367,,39.356,176.355,5.55,34
2010-10-24 13:30:06,,,,73.238,,,,139.0,,83.84999999999998,497.266,,38.9,188.618,6.206,34
2010-10-24 13:45:06,,,,73.572,,,,139.0,,86.29999999999998,558.301,,38.469,181.53,5.331,34
2010-10-24 14:00:06,,,,74.321,,,,139.0,,84.01999999999998,368.164,,37.7,171.563,6.038,34
2010-10-24 14:15:06,,,,73.51099999999998,,,,139.0,,80.33,179.688,,39.106,196.087,5.162,34
2010-10-24 14:30:06,,,,72.68099999999998,,,,139.0,,79.08,260.059,,39.969,194.017,4.675,34
2010-10-24 14:45:06,,,,73.36,,,,139.0,,80.95,255.859,,39.2,178.853,5.012,34
2010-10-24 15:00:06,,,,72.813,,,,139.0,,78.43,133.398,,40.344,171.45,4.269,34
2010-10-24 15:15:06,,,,71.993,,,,139.0,,75.17,100.684,,41.538,171.293,4.719,34
2010-10-24 15:30:06,,,,71.446,,,,139.0,,74.09999999999998,83.887,,42.412,168.3,4.125,34
2010-10-24 15:45:06,,,,70.919,,,,139.0,,72.69,52.246,,43.031,166.185,4.694,34
2010-10-24 16:00:06,,,,70.342,,,,139.0,,71.56,34.961,,44.0,169.133,3.837,34
2010-10-24 16:15:06,,,,69.816,,,,139.0,,70.48,17.285,,44.356,173.498,5.387,34
2010-10-24 16:30:06,,,,69.34,,,,139.0,,69.76,9.863,,45.256,177.075,5.869,34
2010-10-24 16:45:06,,,,68.996,,,,139.0,,69.12,4.59,,45.988,176.355,5.15,34
2010-10-24 17:00:06,,,,68.773,,,,139.0,,68.76,2.051,,46.675,180.607,6.638,34
2010-10-24 17:15:06,,,,68.419,,,,139.0,,68.33,0.391,,47.288,184.207,5.756,34
2010-10-24 17:30:06,,,,68.388,,,,139.0,,68.12,0.098,,47.113,188.685,5.381,34
2010-10-24 17:45:06,,,,68.743,,,,139.0,,68.64,0.195,,46.238,183.42,6.606,34
2010-10-24 18:00:06,,,,68.925,,,,139.0,,68.89,0.098,,45.613,181.71,5.938,34
2010-10-24 18:15:06,,,,69.046,,,,139.0,,68.87,0.195,,45.856,177.705,5.581,34
2010-10-24 18:30:06,,,,68.753,,,,139.0,,68.64,0.098,,47.388,172.013,6.556,34
2010-10-24 18:45:06,,,,68.327,,,,139.0,,68.47,0.195,,47.838,166.253,5.619,34
2010-10-25 06:00:06,,,,60.41,,,,139.0,,58.36,1.465,,66.413,288.225,1.65,34
2010-10-25 06:15:06,,,,59.934,,,,139.0,,56.71,12.305,,68.469,251.213,0.8499999999999999,34
2010-10-25 06:30:06,,,,60.359,,,,139.0,,58.13,28.418,,66.538,306.023,3.181,34
2010-10-25 06:45:06,,,,61.756,,,,139.0,,62.07,40.625,,61.881,294.84,4.931,34
2010-10-25 07:00:06,,,,63.002,,,,139.0,,64.2,40.234,,59.113,285.953,3.325,34
2010-10-25 07:15:06,,,,63.599,,,,139.0,,64.88,30.957,,58.663,154.125,3.45,34
2010-10-25 07:30:06,,,,63.913,,,,139.0,,65.66,92.09,,58.444,170.258,2.794,34
2010-10-25 07:45:06,,,,64.885,,,,139.0,,67.94,166.797,,56.8,279.495,4.331,34
2010-10-25 08:00:06,,,,66.404,,,,139.0,,70.88,216.211,,50.556,296.438,8.455999999999998,34
2010-10-25 08:15:06,,,,67.052,,,,139.0,,72.0,259.277,,38.825,295.245,8.775,34
2010-10-25 08:30:06,,,,67.588,,,,139.0,,74.23999999999998,347.852,,27.931,297.923,11.006,34
2010-10-25 08:45:06,,,,67.811,,,,139.0,,74.69,343.848,,25.025,301.793,11.694,34
2010-10-25 09:00:06,,,,67.548,,,,139.0,,74.61,374.219,,22.888,295.763,12.587,34
2010-10-25 09:15:06,,,,67.062,,,,139.0,,74.14,301.758,,21.231,301.073,11.375,34
2010-10-25 09:30:06,,,,66.748,,,,139.0,,73.95999999999998,371.094,,19.988,303.727,12.994,34
2010-10-25 09:45:06,,,,67.052,,,,139.0,,76.19,543.359,,18.512,301.478,13.375,34
2010-10-25 10:00:06,,,,67.76,,,,139.0,,79.93,712.793,,16.981,298.395,12.688,34
2010-10-25 10:15:06,,,,68.651,,,,139.0,,83.18,772.07,,16.069,297.652,13.031,34
2010-10-25 10:30:06,,,,68.996,,,,139.0,,83.45999999999998,783.691,,15.656,302.445,13.244,34
2010-10-25 10:45:06,,,,69.421,,,,139.0,,86.59,915.918,,14.756,299.16,12.081,34
2010-10-25 11:00:06,,,,70.028,,,,139.0,,88.26999999999998,990.332,,13.5,303.323,13.169,34
2010-10-25 11:15:06,,,,70.403,,,,139.0,,89.34999999999998,861.0349999999999,,13.344,294.705,12.175,34
2010-10-25 11:30:06,,,,70.302,,,,139.0,,87.59,1037.793,,12.706,302.018,13.431,34
2010-10-25 11:45:06,,,,70.869,,,,139.0,,90.51,1007.813,,12.031,301.478,12.344,34
2010-10-25 12:00:06,,,,71.466,,,,139.0,,89.72,1002.734,,10.806,283.117,12.6,34
2010-10-25 12:15:06,,,,71.648,,,,139.0,,90.64,1017.188,,11.006,294.413,12.988,34
2010-10-25 12:30:06,,,,71.78,,,,139.0,,90.14,941.699,,11.1,284.355,12.1,34
2010-10-25 12:45:06,,,,71.689,,,,139.0,,88.09,960.449,,11.475,279.135,13.006,34
2010-10-25 13:00:06,,,,71.861,,,,139.0,,89.79999999999998,940.723,,11.581,294.683,12.019,34
2010-10-25 13:15:06,,,,72.104,,,,139.0,,91.48,894.4339999999999,,11.344,289.8,10.231,34
2010-10-25 13:30:06,,,,72.013,,,,139.0,,90.43,886.426,,10.819,291.758,10.075,34
2010-10-25 13:45:06,,,,72.09399999999998,,,,139.0,,90.7,838.965,,9.856000000000002,268.83,8.955999999999998,34
2010-10-25 14:00:06,,,,72.205,,,,139.0,,89.72,754.004,,9.375,292.68,9.263000000000002,34
2010-10-25 14:15:06,,,,71.841,,,,139.0,,86.09,734.1799999999998,,8.074999999999998,301.388,12.125,34
2010-10-25 14:30:06,,,,71.466,,,,139.0,,85.15,685.156,,9.8,299.633,9.5,34
2010-10-25 14:45:06,,,,71.851,,,,139.0,,85.22,602.051,,10.081,267.008,8.606,34
2010-10-25 15:00:06,,,,71.365,,,,139.0,,82.79999999999998,543.359,,10.369,295.515,9.344,34
2010-10-25 15:15:06,,,,70.869,,,,139.0,,80.95,492.578,,10.237,298.215,10.837,34
2010-10-25 15:30:06,,,,70.393,,,,139.0,,79.12,405.469,,10.263,303.727,8.544,34
2010-10-25 15:45:06,,,,69.937,,,,139.0,,76.73,333.789,,11.181,303.548,9.056,34
2010-10-25 16:00:06,,,,69.269,,,,139.0,,75.01999999999998,262.695,,12.038,303.638,8.269,34
2010-10-25 16:15:06,,,,68.54,,,,139.0,,72.53,180.273,,13.081,303.727,7.619,34
2010-10-25 16:30:06,,,,67.841,,,,139.0,,69.85,101.074,,13.063,303.458,7.655999999999999,34
2010-10-25 16:45:06,,,,67.102,,,,139.0,,67.09,11.816,,13.5,286.943,7.844,34
2010-10-25 17:00:06,,,,66.393,,,,139.0,,65.95,5.176,,11.656,294.683,8.606,34
2010-10-25 17:15:06,,,,65.786,,,,139.0,,65.07,0.977,,11.225,295.875,8.387,34
2010-10-25 17:30:06,,,,65.189,,,,139.0,,64.05,0.098,,10.95,304.808,7.088,34
2010-10-25 17:45:06,,,,64.601,,,,139.0,,63.05,0.0,,11.95,307.013,5.006,34
2010-10-25 18:00:06,,,,63.913,,,,139.0,,62.24,0.0,,13.225,302.737,4.331,34
2010-10-25 18:15:06,,,,63.154,,,,139.0,,60.77,0.0,,13.694,312.12,3.425,34
2010-10-25 18:30:06,,,,62.526,,,,139.0,,59.07,0.0,,14.287,308.25,3.2,34
2010-10-25 18:45:06,,,,61.736,,,,139.0,,57.44,0.0,,15.156,195.368,2.081,34
2010-10-26 06:00:06,,,,47.966,,,,139.0,,40.85,3.32,,31.375,248.22,1.469,34
2010-10-26 06:15:06,,,,49.019,,,,139.0,,43.98,11.035,,29.763,151.402,2.169,34
2010-10-26 06:30:06,,,,48.786,,,,139.0,,44.08,18.457,,31.213,175.118,1.1,34
2010-10-26 06:45:06,,,,49.161,,,,139.0,,45.16,69.531,,31.137,285.435,2.938,34
2010-10-26 07:00:06,,,,50.183,,,,139.0,,51.18,235.449,,30.9,192.488,3.875,34
2010-10-26 07:15:06,,,,51.277,,,,139.0,,57.72,304.883,,30.425,184.005,3.863,34
2010-10-26 07:30:06,,,,52.137,,,,139.0,,63.54,384.18,,29.95,232.853,1.837,34
2010-10-26 07:45:06,,,,53.322,,,,139.0,,69.89,448.633,,29.181,237.24,1.481,34
2010-10-26 08:00:06,,,,54.264,,,,139.0,,74.93,509.18,,29.088,85.61199999999998,1.169,34
2010-10-26 08:15:06,,,,55.053,,,,139.0,,80.70999999999998,585.059,,28.256,119.385,1.281,34
2010-10-26 08:30:06,,,,55.772,,,,139.0,,86.68,646.094,,27.825,74.048,1.15,34
2010-10-26 08:45:06,,,,56.754,,,,139.0,,89.33,706.836,,26.5,86.063,1.331,34
2010-10-26 09:00:06,,,,57.959,,,,139.0,,94.45,760.645,,24.119,165.87,2.369,34
2010-10-26 09:15:06,,,,58.952,,,,139.0,,97.71,811.0349999999999,,22.375,195.93,2.281,34
2010-10-26 09:30:06,,,,59.711,,,,139.0,,101.16,857.0309999999998,,21.019,270.608,2.4,34
2010-10-26 09:45:06,,,,60.106,,,,139.0,,106.26,899.219,,20.838,282.802,1.913,34
2010-10-26 10:00:06,,,,60.693,,,,139.0,,109.98,934.375,,21.119,256.208,2.213,34
2010-10-26 10:15:06,,,,61.291,,,,139.0,,111.66,964.648,,20.188,209.61,2.081,34
2010-10-26 10:30:06,,,,62.06,,,,139.0,,105.58,988.965,,19.325,190.912,1.869,34
2010-10-26 10:45:06,,,,63.032,,,,139.0,,115.09,992.48,,18.231,248.04,1.737,34
2010-10-26 11:00:06,,,,63.326,,,,139.0,,112.15,1018.262,,18.394,166.928,1.45,34
2010-10-26 11:15:06,,,,64.237,,,,139.0,,106.19,1034.082,,18.406,181.935,1.95,34
2010-10-26 11:30:06,,,,65.796,,,,139.0,,108.7,1037.012,,17.606,184.275,2.531,34
2010-10-26 11:45:06,,,,66.272,,,,139.0,,111.95,1029.98,,17.188,211.545,2.881,34
2010-10-26 12:00:06,,,,66.495,,,,139.0,,103.97,1021.582,,17.163,181.26,1.856,34
2010-10-26 12:15:06,,,,67.335,,,,139.0,,107.57,1006.641,,16.237,234.698,2.337,34
2010-10-26 12:30:06,,,,67.922,,,,139.0,,103.43,986.328,,16.038,140.535,1.844,34
2010-10-26 12:45:06,,,,68.013,,,,139.0,,99.25,958.301,,15.863,98.145,2.056,34
2010-10-26 13:00:06,,,,68.095,,,,139.0,,98.29,929.6880000000002,,15.637,105.548,2.025,34
2010-10-26 13:15:06,,,,67.76,,,,139.0,,88.44,894.8239999999998,,16.163,136.08,2.844,34
2010-10-26 13:30:06,,,,68.054,,,,139.0,,92.48,855.273,,15.338,176.693,1.65,34
2010-10-26 13:45:06,,,,69.269,,,,139.0,,103.11,814.4529999999999,,14.625,220.748,2.2,34
2010-10-26 14:00:06,,,,69.998,,,,139.0,,95.19,764.648,,14.55,166.05,2.262,34
2010-10-26 14:15:06,,,,70.292,,,,139.0,,97.01,713.281,,14.15,203.22,1.431,34
2010-10-26 14:30:06,,,,70.018,,,,139.0,,91.19,655.664,,14.694,160.853,2.175,34
2010-10-26 14:45:06,,,,70.089,,,,139.0,,92.17,593.359,,14.369,243.608,2.381,34
2010-10-26 15:00:06,,,,70.028,,,,139.0,,93.59,529.102,,14.2,224.685,1.719,34
2010-10-26 15:15:06,,,,69.289,,,,139.0,,84.62999999999998,461.523,,15.063,164.115,1.456,34
2010-10-26 15:30:06,,,,69.117,,,,139.0,,82.31,391.699,,15.444,176.153,1.887,34
2010-10-26 15:45:06,,,,68.651,,,,139.0,,77.64,320.898,,15.637,194.355,2.144,34
2010-10-26 16:00:06,,,,68.013,,,,139.0,,75.47,249.414,,16.1,160.74,2.725,34
2010-10-26 16:15:06,,,,66.809,,,,139.0,,71.04,179.004,,17.119,107.325,4.219,34
2010-10-26 16:30:06,,,,65.533,,,,139.0,,67.24,86.23,,17.869,114.84,3.931,34
2010-10-26 16:45:06,,,,64.379,,,,139.0,,64.63,13.477,,18.469,102.42,3.65,34
2010-10-26 17:00:06,,,,63.528,,,,139.0,,63.08,4.98,,19.281,105.93,2.881,34
2010-10-26 17:15:06,,,,62.819,,,,139.0,,61.46,0.781,,19.606,63.968,1.613,34
2010-10-26 17:30:06,,,,61.858,,,,139.0,,58.89,0.195,,21.306,118.958,2.156,34
2010-10-26 17:45:06,,,,61.27,,,,139.0,,57.43,0.195,,21.769,163.755,2.15,34
2010-10-26 18:00:06,,,,60.754,,,,139.0,,56.46,0.195,,22.344,183.352,2.05,34
2010-10-26 18:15:06,,,,59.954,,,,139.0,,54.08,0.2929999999999999,,23.313,99.743,1.225,34
2010-10-26 18:30:06,,,,59.184,,,,139.0,,51.84,0.195,,24.413,282.96,2.094,34
2010-10-26 18:45:06,,,,59.033,,,,139.0,,51.54,0.098,,24.131,291.915,3.05,34
2010-10-27 06:00:06,,,,46.214,,,,139.0,,46.21,3.418,,29.713,290.385,7.981,34
2010-10-27 06:15:06,,,,45.85,,,,139.0,,45.66,13.281,,30.594,291.87,7.275,34
2010-10-27 06:30:06,,,,45.536,,,,139.0,,45.99,29.883,,31.0,308.34,8.862999999999998,34
2010-10-27 06:45:06,,,,45.809,,,,139.0,,46.53,67.871,,31.381,284.018,7.112,34
2010-10-27 07:00:06,,,,46.225,,,,139.0,,48.61,207.52,,31.169,302.333,7.8,34
2010-10-27 07:15:06,,,,46.66,,,,139.0,,51.14,254.004,,31.1,297.923,7.819,34
2010-10-27 07:30:06,,,,47.024,,,,139.0,,53.47,333.203,,30.869,281.565,6.638,34
2010-10-27 07:45:06,,,,47.905,,,,139.0,,58.76,472.656,,29.806,300.443,6.781,34
2010-10-27 08:00:06,,,,49.141,,,,139.0,,63.95,532.52,,28.381,239.265,5.194,34
2010-10-27 08:15:06,,,,50.082,,,,139.0,,67.5,545.117,,27.431,281.745,4.894,34
2010-10-27 08:30:06,,,,50.912,,,,139.0,,74.53,656.152,,26.344,267.188,4.463,34
2010-10-27 08:45:06,,,,52.036,,,,139.0,,79.90999999999998,709.863,,24.694,255.938,3.913,34
2010-10-27 09:00:06,,,,53.059,,,,139.0,,80.86,766.3089999999999,,23.263,271.62,5.075,34
2010-10-27 09:15:06,,,,53.909,,,,139.0,,84.04,789.941,,21.938,267.75,4.375,34
2010-10-27 09:30:06,,,,54.861,,,,139.0,,88.78,803.9059999999998,,20.531,254.227,3.656,34
2010-10-27 09:45:06,,,,55.61,,,,139.0,,90.62,891.113,,19.663,264.78,4.475,34
2010-10-27 10:00:06,,,,56.471,,,,139.0,,94.2,905.957,,18.838,279.158,3.113,34
2010-10-27 10:15:06,,,,57.382,,,,139.0,,100.49,982.422,,17.656,301.23,3.656,34
2010-10-27 10:30:06,,,,58.364,,,,139.0,,99.1,882.715,,16.669,269.843,2.938,34
2010-10-27 10:45:06,,,,59.012,,,,139.0,,95.24,907.227,,15.956,227.813,3.65,34
2010-10-27 11:00:06,,,,59.326,,,,139.0,,97.61,1017.285,,15.394,238.973,2.6,34
2010-10-27 11:15:06,,,,59.883,,,,139.0,,97.44,1013.184,,14.456,259.425,3.525,34
2010-10-27 11:30:06,,,,60.106,,,,139.0,,91.6,945.117,,14.494,189.36,3.344,34
2010-10-27 11:45:06,,,,60.693,,,,139.0,,81.73,981.543,,14.006,128.228,4.269,34
2010-10-27 12:00:06,,,,61.291,,,,139.0,,78.69,926.074,,13.844,181.485,4.194,34
2010-10-27 12:15:06,,,,62.141,,,,139.0,,92.46,1014.063,,12.769,223.155,2.594,34
2010-10-27 12:30:06,,,,62.87,,,,139.0,,99.9,1011.523,,12.381,227.723,3.075,34
2010-10-27 12:45:06,,,,63.184,,,,139.0,,99.29,972.656,,12.181,265.342,3.7,34
2010-10-27 13:00:06,,,,63.508,,,,139.0,,99.51,987.598,,11.244,238.545,2.938,34
2010-10-27 13:15:06,,,,64.105,,,,139.0,,100.17,894.727,,11.381,253.777,2.725,34
2010-10-27 13:30:06,,,,64.328,,,,139.0,,99.08,862.5,,10.913,246.263,2.663,34
2010-10-27 13:45:06,,,,64.338,,,,139.0,,93.56,797.2659999999998,,10.863,154.17,2.856,34
2010-10-27 14:00:06,,,,64.277,,,,139.0,,86.34999999999998,738.8669999999998,,10.256,120.285,2.819,34
2010-10-27 14:15:06,,,,64.328,,,,139.0,,82.45999999999998,761.133,,9.781,130.725,3.5,34
2010-10-27 14:30:06,,,,64.247,,,,139.0,,77.37999999999998,598.242,,10.788,124.223,3.15,34
2010-10-27 14:45:06,,,,63.69,,,,139.0,,74.7,573.535,,11.056,118.575,2.119,34
2010-10-27 15:00:06,,,,64.196,,,,139.0,,76.01,523.633,,10.619,124.065,3.381,34
2010-10-27 15:15:06,,,,63.68,,,,139.0,,70.72,487.012,,11.9,117.495,3.45,34
2010-10-27 15:30:06,,,,63.204,,,,139.0,,69.31,306.641,,11.856,98.167,3.006,34
2010-10-27 15:45:06,,,,62.657,,,,139.0,,67.55,247.07,,12.012,104.378,3.594,34
2010-10-27 16:00:06,,,,62.05,,,,139.0,,66.14,264.844,,12.381,108.023,3.913,34
2010-10-27 16:15:06,,,,61.675,,,,139.0,,65.22,143.848,,12.625,126.608,4.206,34
2010-10-27 16:30:06,,,,60.815,,,,139.0,,62.65,64.746,,12.862,159.21,4.45,34
2010-10-27 16:45:06,,,,60.086,,,,139.0,,60.29,15.82,,13.194,174.758,3.463,34
2010-10-27 17:00:06,,,,59.225,,,,139.0,,57.92,4.59,,13.85,204.907,2.331,34
2010-10-27 17:15:06,,,,58.486,,,,139.0,,55.9,0.879,,14.419,161.775,2.481,34
2010-10-27 17:30:06,,,,57.848,,,,139.0,,54.04,0.098,,15.369,87.345,1.65,34
2010-10-27 17:45:06,,,,56.998,,,,139.0,,51.3,0.195,,16.381,47.79,1.256,34
2010-10-27 18:00:06,,,,56.218,,,,139.0,,48.93,0.098,,17.369,332.46,1.212,34
2010-10-27 18:15:06,,,,54.598,,,,139.0,,45.62,0.098,,19.881,351.383,0.0,34
2010-10-27 18:30:06,,,,52.532,,,,139.0,,41.98,0.0,,23.131,351.405,0.0,34
2010-10-27 18:45:06,,,,51.216,,,,139.0,,39.03,0.2929999999999999,,24.794,351.45,0.063,34
2010-10-28 06:00:06,,,,40.028,,,,139.0,,30.7,5.859,,53.3,215.055,1.156,34
2010-10-28 06:15:06,,,,41.223,,,,139.0,,34.64,13.184,,48.913,205.313,1.262,34
2010-10-28 06:30:06,,,,42.498,,,,139.0,,37.82,39.16,,45.606,224.753,1.331,34
2010-10-28 06:45:06,,,,43.724,,,,139.0,,39.77,87.012,,44.725,238.41,0.988,34
2010-10-28 07:00:06,,,,45.354,,,,139.0,,44.98,177.344,,42.194,245.07,1.181,34
2010-10-28 07:15:06,,,,46.518,,,,139.0,,48.47,169.434,,41.356,269.662,1.125,34
2010-10-28 07:30:06,,,,47.51,,,,139.0,,52.14,250.391,,40.825,282.42,1.937,34
2010-10-28 07:45:06,,,,48.493,,,,139.0,,58.95,331.152,,38.456,287.618,2.206,34
2010-10-28 08:00:06,,,,49.576,,,,139.0,,65.18,381.25,,35.306,285.143,2.187,34
2010-10-28 08:15:06,,,,51.115,,,,139.0,,73.17,519.238,,33.575,278.347,1.75,34
2010-10-28 08:30:06,,,,52.634,,,,139.0,,81.34,494.141,,32.281,276.773,1.756,34
2010-10-28 08:45:06,,,,54.122,,,,139.0,,85.84,591.602,,29.606,251.978,1.831,34
2010-10-28 09:00:06,,,,55.833,,,,139.0,,92.6,685.156,,25.938,215.82,2.0,34
2010-10-28 09:15:06,,,,57.23,,,,139.0,,93.07,729.688,,21.825,172.193,1.737,34
2010-10-28 09:30:06,,,,58.051,,,,139.0,,92.5,773.438,,20.044,101.272,0.888,34
2010-10-28 09:45:06,,,,59.164,,,,139.0,,96.41,820.1169999999998,,19.106,141.75,1.106,34
2010-10-28 10:00:06,,,,60.167,,,,139.0,,101.75,940.527,,18.438,146.97,1.319,34
2010-10-28 10:15:06,,,,60.855,,,,139.0,,98.5,956.348,,17.888,108.112,1.825,34
2010-10-28 10:30:06,,,,61.635,,,,139.0,,92.0,1002.344,,16.513,84.938,2.2,34
2010-10-28 10:45:06,,,,62.556,,,,139.0,,95.52,1015.918,,15.731,106.695,2.119,34
2010-10-28 11:00:06,,,,63.457,,,,139.0,,96.13,1029.395,,14.313,113.67,1.881,34
2010-10-28 11:15:06,,,,64.601,,,,139.0,,93.64,991.211,,13.738,156.173,2.294,34
2010-10-28 11:30:06,,,,65.877,,,,139.0,,90.03,1049.316,,11.431,113.625,3.387,34
2010-10-28 11:45:06,,,,66.353,,,,139.0,,87.90999999999998,1027.441,,10.344,110.228,4.081,34
2010-10-28 12:00:06,,,,66.485,,,,139.0,,84.92,1004.395,,11.3,116.798,4.475,34
2010-10-28 12:15:06,,,,67.041,,,,139.0,,85.54,990.723,,11.325,121.883,3.806,34
2010-10-28 12:30:06,,,,67.234,,,,139.0,,82.73,964.844,,11.4,125.91,3.744,34
2010-10-28 12:45:06,,,,67.872,,,,139.0,,83.17,962.5,,11.288,123.638,3.525,34
2010-10-28 13:00:06,,,,68.338,,,,139.0,,87.62,942.48,,10.994,120.375,2.819,34
2010-10-28 13:15:06,,,,68.672,,,,139.0,,86.42,875.7809999999998,,11.006,126.023,2.931,34
2010-10-28 13:30:06,,,,69.431,,,,139.0,,88.26999999999998,833.2029999999999,,10.956,115.2,3.494,34
2010-10-28 13:45:06,,,,69.664,,,,139.0,,86.59,787.0119999999998,,11.106,109.913,3.675,34
2010-10-28 14:00:06,,,,69.725,,,,139.0,,81.54,746.484,,11.3,118.845,3.863,34
2010-10-28 14:15:06,,,,69.735,,,,139.0,,82.48999999999998,707.617,,10.906,108.36,3.306,34
2010-10-28 14:30:06,,,,70.119,,,,139.0,,82.78,643.262,,10.95,118.575,2.825,34
2010-10-28 14:45:06,,,,70.292,,,,139.0,,80.86,589.453,,11.406,122.603,3.006,34
2010-10-28 15:00:06,,,,70.069,,,,139.0,,78.28,490.137,,11.688,104.602,3.337,34
2010-10-28 15:15:06,,,,69.846,,,,139.0,,78.51999999999998,422.754,,12.231,125.91,2.425,34
2010-10-28 15:30:06,,,,69.603,,,,139.0,,76.34,337.109,,12.731,133.178,2.337,34
2010-10-28 15:45:06,,,,68.874,,,,139.0,,74.17,309.473,,12.981,159.12,1.962,34
2010-10-28 16:00:06,,,,68.429,,,,139.0,,73.61,271.484,,13.175,181.913,1.931,34
2010-10-28 16:15:06,,,,67.862,,,,139.0,,74.04,195.02,,13.106,210.938,1.956,34
2010-10-28 16:30:06,,,,66.748,,,,139.0,,69.95,77.051,,13.869,201.488,2.012,34
2010-10-28 16:45:06,,,,65.533,,,,139.0,,65.12,19.043,,14.913,208.44,1.587,34
2010-10-28 17:00:06,,,,64.369,,,,139.0,,61.68,7.129,,16.05,224.955,1.406,34
2010-10-28 17:15:06,,,,63.154,,,,139.0,,58.19,0.977,,18.025,222.3,0.4939999999999999,34
2010-10-28 17:30:06,,,,61.291,,,,139.0,,53.61,0.195,,20.313,222.323,0.512,34
2010-10-28 17:45:06,,,,60.45,,,,139.0,,50.09,0.195,,21.325,222.345,0.519,34
2010-10-28 18:00:06,,,,59.498,,,,139.0,,48.1,0.195,,22.975,222.345,0.631,34
2010-10-28 18:15:06,,,,58.314,,,,139.0,,46.62,0.195,,25.106,222.368,0.512,34
2010-10-28 18:30:06,,,,57.139,,,,139.0,,45.38,0.098,,27.306,222.39,0.7189999999999999,34
2010-10-28 18:45:06,,,,56.339,,,,139.0,,44.49,0.098,,28.1,223.02,0.8,34
2010-10-29 06:00:06,,,,47.227,,,,139.0,,39.99,2.246,,45.188,288.698,1.925,34
2010-10-29 06:15:06,,,,47.348,,,,139.0,,40.92,8.105,,50.263,281.543,1.356,34
2010-10-29 06:30:06,,,,46.65,,,,139.0,,40.28,19.336,,53.644,269.055,0.2059999999999999,34
2010-10-29 06:45:06,,,,46.336,,,,139.0,,39.46,35.449,,55.819,269.123,0.4119999999999999,34
2010-10-29 07:00:06,,,,46.842,,,,139.0,,40.89,82.715,,53.825,305.685,1.063,34
2010-10-29 07:15:06,,,,47.632,,,,139.0,,45.09,161.719,,50.769,314.28,0.4879999999999999,34
2010-10-29 07:30:06,,,,48.958,,,,139.0,,51.74,286.719,,47.675,314.28,0.662,34
2010-10-29 07:45:06,,,,50.133,,,,139.0,,60.91,304.004,,47.331,314.258,0.194,34
2010-10-29 08:00:06,,,,51.358,,,,139.0,,68.72,469.238,,46.2,313.56,0.381,34
2010-10-29 08:15:06,,,,53.059,,,,139.0,,80.01999999999998,556.445,,43.619,311.333,0.375,34
2010-10-29 08:30:06,,,,55.023,,,,139.0,,84.62,627.246,,41.1,165.465,0.8629999999999999,34
2010-10-29 08:45:06,,,,56.795,,,,139.0,,88.65999999999998,670.605,,36.762,121.433,1.056,34
2010-10-29 09:00:06,,,,58.314,,,,139.0,,87.25,761.523,,34.506,145.935,1.35,34
2010-10-29 09:15:06,,,,59.772,,,,139.0,,90.87,784.4729999999998,,30.794,132.458,1.563,34
2010-10-29 09:30:06,,,,61.007,,,,139.0,,92.91,778.125,,28.412,113.063,1.294,34
2010-10-29 09:45:06,,,,62.232,,,,139.0,,92.44,881.738,,26.544,129.78,1.663,34
2010-10-29 10:00:06,,,,63.427,,,,139.0,,93.09,877.051,,24.581,138.308,1.881,34
2010-10-29 10:15:06,,,,64.267,,,,139.0,,89.93,867.676,,23.994,124.335,1.925,34
2010-10-29 10:30:06,,,,65.118,,,,139.0,,89.76999999999998,796.6799999999998,,22.875,110.655,1.944,34
2010-10-29 10:45:06,,,,66.252,,,,139.0,,92.98,960.547,,22.669,125.077,1.731,34
2010-10-29 11:00:06,,,,67.831,,,,139.0,,96.15,1004.98,,21.637,119.723,1.981,34
2010-10-29 11:15:06,,,,68.915,,,,139.0,,94.23,1033.887,,21.338,116.618,2.713,34
2010-10-29 11:30:06,,,,69.603,,,,139.0,,92.65,892.969,,21.025,103.635,2.856,34
2010-10-29 11:45:06,,,,69.775,,,,139.0,,88.06,778.32,,21.05,129.668,2.087,34
2010-10-29 12:00:06,,,,71.031,,,,139.0,,90.56,876.3669999999998,,20.131,131.94,2.306,34
2010-10-29 12:15:06,,,,71.598,,,,139.0,,88.79,631.738,,20.263,135.135,1.906,34
2010-10-29 12:30:06,,,,72.165,,,,139.0,,91.2,740.82,,19.681,139.028,1.375,34
2010-10-29 12:45:06,,,,72.843,,,,139.0,,91.98,858.594,,19.331,124.088,1.844,34
2010-10-29 13:00:06,,,,73.754,,,,139.0,,99.47,881.9339999999999,,18.463,140.872,1.469,34
2010-10-29 13:15:06,,,,74.625,,,,139.0,,103.4,889.551,,18.075,86.107,1.894,34
2010-10-29 13:30:06,,,,74.46299999999998,,,,139.0,,95.87,844.5309999999998,,18.725,94.95,1.925,34
2010-10-29 13:45:06,,,,74.83799999999998,,,,139.0,,97.18,753.9059999999998,,18.481,121.77,1.831,34
2010-10-29 14:00:06,,,,74.10899999999998,,,,139.0,,88.53,400.098,,19.169,114.547,2.069,34
2010-10-29 14:15:06,,,,74.36199999999998,,,,139.0,,86.4,622.656,,18.75,176.805,1.631,34
2010-10-29 14:30:06,,,,75.455,,,,139.0,,91.16,514.941,,18.119,168.998,1.625,34
2010-10-29 14:45:06,,,,75.283,,,,139.0,,88.20999999999998,573.145,,18.306,150.345,1.288,34
2010-10-29 15:00:06,,,,75.759,,,,139.0,,90.08,560.449,,18.125,131.85,2.125,34
2010-10-29 15:15:06,,,,75.729,,,,139.0,,88.92,385.742,,18.538,132.48,1.438,34
2010-10-29 15:30:06,,,,74.91899999999998,,,,139.0,,83.84,258.008,,19.194,122.423,1.144,34
2010-10-29 15:45:06,,,,74.078,,,,139.0,,79.54999999999998,145.117,,20.469,127.035,0.7379999999999999,34
2010-10-29 16:00:06,,,,73.046,,,,139.0,,76.0,102.734,,21.263,99.068,1.0,34
2010-10-29 16:15:06,,,,72.09399999999998,,,,139.0,,73.58,70.703,,22.281,149.04,0.3059999999999999,34
2010-10-29 16:30:06,,,,71.223,,,,139.0,,71.12,36.816,,23.319,145.125,0.0439999999999999,34
2010-10-29 16:45:06,,,,70.16,,,,139.0,,67.55,17.773,,24.225,144.203,0.275,34
2010-10-29 17:00:06,,,,68.712,,,,139.0,,64.16,4.59,,26.263,142.65,0.025,34
2010-10-29 17:15:06,,,,67.781,,,,139.0,,61.4,0.2929999999999999,,27.15,135.293,1.038,34
2010-10-29 17:30:06,,,,67.011,,,,139.0,,59.86,0.098,,28.931,336.128,0.6129999999999999,34
2010-10-29 17:45:06,,,,65.492,,,,139.0,,57.43,0.098,,30.738,334.868,0.4189999999999999,34
2010-10-29 18:00:06,,,,64.936,,,,139.0,,55.68,0.098,,31.388,325.688,1.012,34
2010-10-29 18:15:06,,,,64.217,,,,139.0,,54.25,0.098,,32.988,315.293,0.756,34
2010-10-29 18:30:06,,,,63.548,,,,139.0,,53.5,0.0,,34.688,312.728,0.525,34
2010-10-29 18:45:06,,,,62.89,,,,139.0,,52.52,0.0,,35.556,312.75,0.281,34
2010-10-03 06:00:00,3.0,6.0,285.0,66.292,2.0,8.0,309.0,0.0,46.0,58.53,8.397999999999998,-199.0,61.35,313.583,1.012,34
2010-10-03 06:15:00,7.0,58.0,285.0,65.948,16.0,58.0,359.0,0.0,54.0,58.09,15.234,843.0,63.194,305.752,1.231,34
2010-10-03 06:30:00,15.0,125.0,285.0,66.566,33.0,129.0,381.0,0.0,58.0,59.37,92.578,948.0,61.938,314.235,0.625,34
2010-10-03 06:45:00,22.0,195.0,284.0,67.082,52.0,199.0,384.0,0.0,60.0,64.3,223.73,986.0,62.063,308.835,0.556,34
2010-10-03 07:00:00,31.0,275.0,285.0,68.965,72.0,283.0,388.0,0.0,59.0,72.23999999999998,290.918,995.0,57.875,300.532,0.675,34
2010-10-03 07:15:00,41.0,356.0,283.0,70.595,95.0,368.0,383.0,0.0,59.0,80.18,344.434,996.0,55.731,282.735,0.8629999999999999,34
2010-10-03 07:30:00,17.0,144.0,282.0,71.75,41.0,148.0,353.0,0.0,58.0,83.33,188.574,963.0,53.463,269.213,0.794,34
2010-10-03 07:45:00,24.0,209.0,283.0,72.732,57.0,216.0,379.0,0.0,59.0,82.03,224.609,987.0,50.613,321.255,1.469,34
2010-10-03 08:00:00,44.0,378.0,283.0,74.2,102.0,391.0,380.0,0.0,58.0,84.23999999999998,279.297,-996.0,47.331,305.1,1.206,34
2010-10-03 08:15:00,30.0,261.0,285.0,75.84999999999998,75.0,268.0,355.0,0.0,60.0,86.4,328.711,-994.0,44.969,106.965,1.5,34
2010-10-03 08:30:00,29.0,257.0,285.0,76.336,71.0,265.0,371.0,0.0,59.0,81.61,223.633,989.0,44.725,142.65,3.119,34
2010-10-03 08:45:00,22.0,195.0,285.0,76.822,53.0,201.0,372.0,0.0,58.0,80.40999999999998,216.797,979.0,43.731,160.2,2.744,34
2010-10-03 09:00:00,33.0,284.0,285.0,77.004,79.0,291.0,364.0,0.0,59.0,80.43,224.609,995.0,42.956,143.663,3.025,34
2010-10-03 09:15:00,32.0,279.0,285.0,77.44,82.0,286.0,347.0,0.0,59.0,80.87,271.777,995.0,41.906,138.465,3.225,34
2010-10-03 09:30:00,27.0,237.0,286.0,77.744,69.0,243.0,347.0,0.0,59.0,80.93,242.871,988.0,40.444,143.82,3.406,34
2010-10-03 09:45:00,25.0,220.0,284.0,78.655,64.0,226.0,351.0,0.0,59.0,82.79,208.789,987.0,39.631,159.547,3.125,34
2010-10-03 10:00:00,32.0,280.0,286.0,79.202,78.0,288.0,365.0,0.0,58.0,82.72,221.387,-995.0,39.55,166.77,3.344,34
2010-10-03 10:15:00,40.0,348.0,284.0,79.313,94.0,360.0,379.0,0.0,60.0,82.12999999999998,275.195,996.0,40.181,151.988,4.219,34
2010-10-03 10:30:00,42.0,368.0,285.0,79.15099999999998,103.0,382.0,369.0,0.0,59.0,81.54999999999998,351.953,996.0,40.625,157.297,6.825,34
2010-10-03 10:45:00,57.0,490.0,284.0,79.647,134.0,508.0,376.0,0.0,59.0,83.17,437.988,999.0,37.713,151.65,5.356,34
2010-10-03 11:00:00,43.0,376.0,285.0,79.65699999999998,104.0,390.0,370.0,0.0,60.0,83.01,429.297,-996.0,38.181,147.577,5.825,34
2010-10-03 11:15:00,49.0,426.0,285.0,78.44199999999998,118.0,442.0,373.0,0.0,60.0,80.65,352.441,996.0,41.244,154.665,5.825,34
2010-10-03 11:30:00,45.0,388.0,285.0,78.361,109.0,402.0,364.0,0.0,60.0,80.84999999999998,366.113,999.0,40.969,143.258,4.931,34
2010-10-03 11:45:00,38.0,325.0,283.0,77.825,90.0,334.0,371.0,0.0,60.0,81.86,296.973,995.0,43.869,100.35,2.994,34
2010-10-03 12:00:00,154.0,1336.0,288.0,77.693,364.0,1410.0,385.0,0.0,60.0,83.54999999999998,455.762,-999.0,41.681,92.925,3.581,34
2010-10-03 12:15:00,120.0,1032.0,285.0,80.042,320.0,1081.0,336.0,0.0,59.0,94.68,1293.164,999.0,36.644,121.905,3.269,34
2010-10-03 12:30:00,111.0,950.0,285.0,81.51,293.0,995.0,338.0,0.0,60.0,103.02,1094.824,-999.0,37.306,114.952,3.231,34
2010-10-03 12:45:00,109.0,931.0,285.0,81.095,284.0,976.0,342.0,0.0,61.0,103.13,1036.426,999.0,39.206,108.562,4.144,34
2010-10-03 13:00:00,106.0,909.0,285.0,80.346,278.0,951.0,340.0,0.0,59.0,102.55,1009.277,999.0,38.463,119.993,4.381,34
2010-10-03 13:15:00,102.0,872.0,285.0,80.903,270.0,914.0,337.0,0.0,59.0,104.65,982.715,999.0,35.175,121.545,3.45,34
2010-10-03 13:30:00,98.0,839.0,285.0,81.976,262.0,877.0,332.0,0.0,60.0,106.84,940.332,999.0,32.831,174.375,3.456,34
2010-10-03 13:45:00,93.0,799.0,285.0,82.90699999999998,253.0,834.0,327.0,0.0,61.0,107.46,900.879,999.0,31.2,119.745,2.981,34
2010-10-03 14:00:00,89.0,762.0,285.0,83.687,233.0,797.0,340.0,0.0,60.0,106.19,851.465,999.0,30.55,144.09,2.181,34
2010-10-03 14:15:00,85.0,734.0,285.0,84.04099999999998,223.0,766.0,342.0,0.0,59.0,107.11,804.7849999999999,-999.0,30.35,150.908,2.475,34
2010-10-03 14:30:00,78.0,668.0,285.0,84.122,200.0,700.0,348.0,0.0,61.0,102.42,726.855,-999.0,30.194,128.633,2.675,34
2010-10-03 14:45:00,10.0,85.0,285.0,83.50499999999998,25.0,86.0,333.0,0.0,58.0,97.28,272.168,-912.0,30.375,146.43,3.556,34
2010-10-03 15:00:00,13.0,108.0,284.0,82.14799999999998,29.0,110.0,370.0,0.0,60.0,91.87,353.223,952.0,30.981,193.545,3.063,34
2010-10-03 15:15:00,17.0,147.0,286.0,82.016,41.0,152.0,367.0,0.0,59.0,91.06,434.277,964.0,30.369,155.678,3.237,34
2010-10-03 15:30:00,47.0,407.0,285.0,83.019,115.0,421.0,361.0,0.0,59.0,94.17,438.672,999.0,28.575,140.535,2.663,34
2010-10-03 15:45:00,11.0,87.0,285.0,83.161,25.0,90.0,361.0,0.0,59.0,91.99,256.445,915.0,27.669,133.29,2.863,34
2010-10-03 16:00:00,15.0,135.0,286.0,81.86499999999998,39.0,137.0,346.0,0.0,59.0,85.93,92.188,-961.0,28.594,125.437,2.487,34
2010-10-03 16:15:00,5.0,37.0,286.0,81.146,10.0,37.0,351.0,0.0,59.0,84.26999999999998,81.152,717.0,29.425,251.753,1.644,34
2010-10-03 16:30:00,4.0,21.0,284.0,80.70999999999998,6.0,21.0,339.0,0.0,59.0,81.51999999999998,32.227,-551.0,30.563,182.97,1.569,34
2010-10-03 16:45:00,6.0,43.0,285.0,80.265,11.0,43.0,361.0,0.0,58.0,79.29,34.473,-780.0,31.494,55.867,1.794,34
2010-10-03 17:00:00,5.0,32.0,286.0,80.08199999999998,9.0,31.0,336.0,0.0,58.0,78.9,56.543,-685.0,31.331,194.085,2.175,34
2010-10-03 17:15:00,3.0,-2.0,283.0,79.536,1.0,4.0,301.0,0.0,58.0,78.61,16.211,0.0,33.125,87.863,3.075,34
2010-10-03 17:30:00,0.0,-2.0,284.0,78.412,1.0,0.0,332.0,0.0,58.0,76.78,3.711,0.0,34.863,101.745,2.313,34
2010-10-03 17:45:00,0.0,-2.0,283.0,77.602,1.0,0.0,152.0,0.0,58.0,75.36,0.684,0.0,36.719,136.868,2.344,34
2010-10-03 18:00:00,0.0,-2.0,284.0,77.096,1.0,0.0,8.0,0.0,57.0,75.4,0.2929999999999999,0.0,38.931,86.76,2.969,34
2010-10-03 18:15:00,0.0,-3.0,284.0,76.64,0.0,0.0,1.0,0.0,56.0,75.03,0.2929999999999999,0.0,40.712,89.955,2.95,34
2010-10-03 18:30:00,0.0,-2.0,284.0,76.316,0.0,0.0,1.0,0.0,56.0,75.15999999999998,0.2929999999999999,0.0,41.369,115.628,3.631,34
2010-10-03 18:45:00,0.0,-2.0,286.0,76.134,1.0,0.0,5.0,0.0,55.0,74.62999999999998,0.2929999999999999,0.0,41.325,117.63,2.144,34
2010-10-30 06:00:06,,,,50.578,,,,139.0,,43.72,2.441,,60.188,263.745,1.019,34
2010-10-30 06:15:06,,,,51.5,,,,139.0,,46.86,12.207,,56.294,213.728,1.913,34
2010-10-30 06:30:06,,,,51.044,,,,139.0,,45.59,23.828,,59.763,256.027,1.044,34
2010-10-30 06:45:06,,,,51.297,,,,139.0,,46.03,45.703,,59.913,253.89,1.088,34
2010-10-30 07:00:06,,,,52.947,,,,139.0,,51.46,253.418,,54.931,277.492,2.85,34
2010-10-30 07:15:06,,,,56.076,,,,139.0,,63.29,331.738,,47.006,285.188,1.65,34
2010-10-30 07:30:06,,,,57.97,,,,139.0,,70.56,329.785,,44.525,266.4,0.8689999999999999,34
2010-10-30 07:45:06,,,,59.367,,,,139.0,,70.81,242.48,,40.481,211.928,2.556,34
2010-10-30 08:00:06,,,,60.379,,,,139.0,,68.99,278.613,,39.769,265.883,2.75,34
2010-10-30 08:15:06,,,,61.361,,,,139.0,,76.09,540.527,,35.531,229.275,6.769,34
2010-10-30 08:30:06,,,,62.576,,,,139.0,,78.97,618.848,,30.325,247.68,9.744,34
2010-10-30 08:45:06,,,,62.587,,,,139.0,,76.98,658.984,,31.213,251.505,10.513,34
2010-10-30 09:00:06,,,,62.414,,,,139.0,,80.29,682.031,,35.313,254.453,10.038,34
2010-10-30 09:15:06,,,,61.351,,,,139.0,,73.47,236.621,,38.6,225.293,8.4,34
2010-10-30 09:30:06,,,,60.784,,,,139.0,,67.17,174.121,,40.3,198.495,5.9,34
2010-10-30 09:45:06,,,,60.713,,,,139.0,,67.05,251.074,,40.831,219.083,7.5,34
2010-10-30 10:00:06,,,,60.511,,,,139.0,,69.23,369.629,,40.919,223.965,6.725,34
2010-10-30 10:15:06,,,,61.189,,,,139.0,,79.7,941.113,,39.388,219.285,6.888,34
2010-10-30 10:30:06,,,,63.093,,,,139.0,,83.9,967.285,,35.662,212.423,9.619,34
2010-10-30 10:45:06,,,,63.862,,,,139.0,,82.26999999999998,992.773,,34.656,193.297,10.0,34
2010-10-30 11:00:06,,,,64.541,,,,139.0,,80.69,1006.348,,32.619,208.193,12.181,34
2010-10-30 11:15:06,,,,65.351,,,,139.0,,81.54999999999998,1013.574,,30.044,210.532,12.488,34
2010-10-30 11:30:06,,,,65.948,,,,139.0,,83.23,1014.063,,29.281,204.48,10.275,34
2010-10-30 11:45:06,,,,66.677,,,,139.0,,86.98999999999998,1007.617,,28.031,220.41,9.05,34
2010-10-30 12:00:06,,,,67.315,,,,139.0,,88.92,1003.223,,25.913,215.415,8.205999999999998,34
2010-10-30 12:15:06,,,,67.71,,,,139.0,,90.45,987.402,,25.594,216.54,6.881,34
2010-10-30 12:30:06,,,,68.408,,,,139.0,,95.71,972.363,,25.113,216.225,6.956,34
2010-10-30 12:45:06,,,,69.107,,,,139.0,,100.81,973.145,,24.419,241.133,3.65,34
2010-10-30 13:00:06,,,,69.927,,,,139.0,,97.37,920.703,,23.319,205.133,7.8,34
2010-10-30 13:15:06,,,,69.694,,,,139.0,,89.79999999999998,880.664,,22.4,229.028,9.087,34
2010-10-30 13:30:06,,,,69.735,,,,139.0,,87.56,844.4339999999999,,22.263,232.763,10.225,34
2010-10-30 13:45:06,,,,69.208,,,,139.0,,84.9,801.3669999999998,,22.45,226.373,10.781,34
2010-10-30 14:00:06,,,,69.259,,,,139.0,,84.87,750.293,,22.844,229.59,9.406,34
2010-10-30 14:15:06,,,,69.158,,,,139.0,,83.23,695.898,,23.65,230.828,10.381,34
2010-10-30 14:30:06,,,,69.077,,,,139.0,,82.79999999999998,638.965,,24.194,227.318,9.294,34
2010-10-30 14:45:06,,,,69.107,,,,139.0,,82.2,575.684,,24.344,225.495,8.394,34
2010-10-30 15:00:06,,,,68.894,,,,139.0,,79.70999999999998,511.719,,24.269,220.928,8.431,34
2010-10-30 15:15:06,,,,68.55,,,,139.0,,78.18,444.434,,24.762,216.0,7.875,34
2010-10-30 15:30:06,,,,68.064,,,,139.0,,75.94,375.488,,25.9,213.008,6.938,34
2010-10-30 15:45:06,,,,67.669,,,,139.0,,74.26999999999998,303.516,,26.094,213.188,7.163,34
2010-10-30 16:00:06,,,,67.041,,,,139.0,,71.69,232.617,,26.4,209.205,7.069,34
2010-10-30 16:15:06,,,,66.434,,,,139.0,,69.76,163.965,,26.994,211.095,6.331,34
2010-10-30 16:30:06,,,,65.847,,,,139.0,,66.99,40.234,,28.288,199.125,5.825,34
2010-10-30 16:45:06,,,,65.037,,,,139.0,,64.75,9.277,,28.625,215.775,5.444,34
2010-10-30 17:00:06,,,,64.581,,,,139.0,,63.85,3.027,,28.4,215.528,5.606,34
2010-10-30 17:15:06,,,,64.004,,,,139.0,,62.8,0.2929999999999999,,29.844,214.47,5.275,34
2010-10-30 17:30:06,,,,63.174,,,,139.0,,61.38,0.0,,31.744,219.15,3.531,34
2010-10-30 17:45:06,,,,62.587,,,,139.0,,60.07,0.098,,32.4,224.685,3.506,34
2010-10-30 18:00:06,,,,61.999,,,,139.0,,59.0,0.195,,33.375,219.285,2.969,34
2010-10-30 18:15:06,,,,61.027,,,,139.0,,57.86,0.098,,35.388,216.518,3.3,34
2010-10-30 18:30:06,,,,60.491,,,,139.0,,57.63,0.195,,35.819,199.53,3.863,34
2010-10-30 18:45:06,,,,60.592,,,,139.0,,58.96,0.098,,34.975,212.603,4.812,34
2010-10-31 06:00:06,,,,47.217,,,,139.0,,38.99,2.734,,60.5,217.62,0.769,34
2010-10-31 06:15:06,,,,46.822,,,,139.0,,38.89,10.156,,61.744,25.942,0.188,34
2010-10-31 06:30:06,,,,46.427,,,,139.0,,38.94,20.215,,63.056,96.278,0.262,34
2010-10-31 06:45:06,,,,46.802,,,,139.0,,40.9,44.922,,63.381,230.895,0.45,34
2010-10-31 07:00:06,,,,48.3,,,,139.0,,46.36,231.641,,60.675,140.918,0.219,34
2010-10-31 07:15:06,,,,50.447,,,,139.0,,57.81,361.133,,56.738,149.94,0.462,34
2010-10-31 07:30:06,,,,52.715,,,,139.0,,64.78,281.055,,52.6,112.95,0.388,34
2010-10-31 07:45:06,,,,54.719,,,,139.0,,68.31,432.031,,49.019,122.378,0.969,34
2010-10-31 08:00:06,,,,56.431,,,,139.0,,71.13,327.246,,44.381,159.863,2.631,34
2010-10-31 08:15:06,,,,57.048,,,,139.0,,69.07,249.707,,40.9,284.895,2.6,34
2010-10-31 08:30:06,,,,56.491,,,,139.0,,67.42,194.629,,41.85,271.058,2.725,34
2010-10-31 08:45:06,,,,56.491,,,,139.0,,69.9,531.738,,41.95,311.377,3.494,34
2010-10-31 09:00:06,,,,57.97,,,,139.0,,83.62999999999998,699.707,,39.406,227.588,3.375,34
2010-10-31 09:15:06,,,,59.245,,,,139.0,,93.2,779.1989999999998,,37.569,307.845,2.763,34
2010-10-31 09:30:06,,,,59.832,,,,139.0,,94.58,757.0309999999998,,37.281,134.19,1.219,34
2010-10-31 09:45:06,,,,60.531,,,,139.0,,101.4,871.094,,35.856,181.215,1.3,34
2010-10-31 10:00:06,,,,61.584,,,,139.0,,107.59,903.906,,34.675,236.318,1.156,34
2010-10-31 10:15:06,,,,62.637,,,,139.0,,103.1,935.84,,34.306,164.993,1.413,34
2010-10-31 10:30:06,,,,63.852,,,,139.0,,98.95,970.605,,32.125,157.388,1.769,34
2010-10-31 10:45:06,,,,65.614,,,,139.0,,92.3,1006.641,,30.331,160.92,2.044,34
2010-10-31 11:00:06,,,,65.867,,,,139.0,,88.95,805.469,,30.944,114.413,2.713,34
2010-10-31 11:15:06,,,,65.735,,,,139.0,,94.61,1005.957,,30.631,125.955,1.831,34
2010-10-31 11:30:06,,,,66.424,,,,139.0,,97.58,999.609,,29.775,105.593,1.631,34
2010-10-31 11:45:06,,,,67.153,,,,139.0,,100.27,996.191,,28.594,120.24,2.119,34
2010-10-31 12:00:06,,,,68.064,,,,139.0,,108.43,988.379,,27.225,198.585,1.806,34
2010-10-31 12:15:06,,,,68.854,,,,139.0,,106.34,974.609,,26.838,189.113,1.406,34
2010-10-31 12:30:06,,,,69.988,,,,139.0,,98.53,954.492,,25.55,163.44,1.906,34
2010-10-31 12:45:06,,,,70.636,,,,139.0,,108.44,928.516,,24.362,203.22,1.637,34
2010-10-31 13:00:06,,,,71.132,,,,139.0,,110.4,898.145,,23.575,257.985,2.281,34
2010-10-31 13:15:06,,,,71.871,,,,139.0,,101.9,863.379,,23.506,171.675,2.563,34
2010-10-31 13:30:06,,,,71.891,,,,139.0,,96.34,823.926,,23.581,150.008,1.937,34
2010-10-31 13:45:06,,,,71.507,,,,139.0,,94.68,778.5159999999998,,23.438,127.035,2.069,34
2010-10-31 14:00:06,,,,72.033,,,,139.0,,99.51,730.566,,22.663,193.725,1.212,34
2010-10-31 14:15:06,,,,72.387,,,,139.0,,93.27,677.344,,22.894,149.783,1.894,34
2010-10-31 14:30:06,,,,72.863,,,,139.0,,95.32,619.727,,21.95,169.875,1.969,34
2010-10-31 14:45:06,,,,72.54999999999998,,,,139.0,,93.52,559.961,,22.156,164.587,1.344,34
2010-10-31 15:00:06,,,,72.19499999999998,,,,139.0,,87.89,497.07,,22.031,79.2,1.212,34
2010-10-31 15:15:06,,,,71.821,,,,139.0,,84.34,430.273,,23.006,163.935,1.425,34
2010-10-31 15:30:06,,,,71.841,,,,139.0,,84.51999999999998,359.668,,22.737,193.815,1.794,34
2010-10-31 15:45:06,,,,71.122,,,,139.0,,83.33,286.133,,23.025,230.22,1.256,34
2010-10-31 16:00:06,,,,70.393,,,,139.0,,80.04,201.66,,24.038,185.018,1.294,34
2010-10-31 16:15:06,,,,69.553,,,,139.0,,75.23,144.531,,24.675,194.445,0.888,34
2010-10-31 16:30:06,,,,68.408,,,,139.0,,69.9,25.586,,25.806,183.263,0.438,34
2010-10-31 16:45:06,,,,67.315,,,,139.0,,64.83,11.328,,27.15,214.088,0.25,34
2010-10-31 17:00:06,,,,65.837,,,,139.0,,60.71,5.566,,29.538,214.11,0.0,34
2010-10-31 17:15:06,,,,63.964,,,,139.0,,56.71,0.391,,32.244,214.11,0.1749999999999999,34
2010-10-31 17:30:06,,,,63.397,,,,139.0,,53.98,0.098,,32.838,214.133,0.331,34
2010-10-31 17:45:06,,,,61.979,,,,139.0,,51.3,0.098,,35.881,214.155,0.0,34
2010-10-31 18:00:06,,,,60.926,,,,139.0,,49.01,0.195,,37.45,214.155,0.0439999999999999,34
2010-10-31 18:15:06,,,,60.4,,,,139.0,,47.66,0.195,,39.306,214.223,0.638,34
2010-10-31 18:30:06,,,,60.156,,,,139.0,,46.98,0.195,,40.944,247.05,0.894,34
2010-10-31 18:45:06,,,,59.519,,,,139.0,,46.61,0.195,,42.906,254.52,0.6189999999999999,34
2010-10-04 06:00:00,6.0,43.0,285.0,67.133,10.0,43.0,390.0,0.0,53.0,62.26,25.098,761.0,65.831,317.34,0.7309999999999999,34
2010-10-04 06:15:00,10.0,83.0,285.0,67.953,22.0,83.0,375.0,0.0,57.0,63.08,43.359,-898.0,63.269,317.363,0.5,34
2010-10-04 06:30:00,20.0,172.0,284.0,68.986,46.0,176.0,383.0,0.0,58.0,65.4,140.234,977.0,58.313,333.833,1.406,34
2010-10-04 06:45:00,30.0,267.0,285.0,70.342,72.0,275.0,376.0,0.0,59.0,72.15999999999998,251.66,989.0,53.825,54.63,1.331,34
2010-10-04 07:00:00,13.0,106.0,284.0,71.648,28.0,108.0,377.0,0.0,59.0,77.42,245.801,929.0,51.169,212.13,1.931,34
2010-10-04 07:15:00,42.0,363.0,283.0,71.851,95.0,378.0,396.0,0.0,59.0,76.76999999999998,211.133,996.0,50.469,108.9,1.631,34
2010-10-04 07:30:00,50.0,432.0,284.0,72.003,114.0,452.0,391.0,0.0,60.0,80.90999999999998,421.484,-996.0,49.094,105.008,1.081,34
2010-10-04 07:45:00,61.0,530.0,285.0,73.10599999999998,150.0,549.0,363.0,0.0,59.0,88.04999999999998,541.016,-997.0,46.063,87.05299999999998,1.694,34
2010-10-04 08:00:00,65.0,565.0,285.0,74.301,160.0,589.0,365.0,0.0,59.0,95.55,587.207,-999.0,44.419,117.405,1.4,34
2010-10-04 08:15:00,73.0,627.0,285.0,75.101,183.0,656.0,356.0,0.0,60.0,99.38,641.406,-999.0,44.175,156.105,1.444,34
2010-10-04 08:30:00,77.0,658.0,284.0,75.84999999999998,191.0,688.0,358.0,0.0,60.0,100.69,696.875,997.0,44.138,116.707,1.825,34
2010-10-04 08:45:00,82.0,704.0,284.0,76.286,218.0,731.0,334.0,0.0,60.0,94.2,742.773,999.0,45.081,142.605,2.537,34
2010-10-04 09:00:00,87.0,749.0,284.0,76.792,222.0,781.0,350.0,0.0,61.0,95.2,794.8239999999998,1000.0,44.863,152.303,2.006,34
2010-10-04 09:15:00,91.0,783.0,285.0,77.379,240.0,818.0,338.0,0.0,60.0,102.43,841.895,999.0,44.231,124.155,1.55,34
2010-10-04 09:30:00,96.0,820.0,284.0,77.997,253.0,858.0,337.0,0.0,59.0,100.91,888.77,999.0,43.419,135.517,2.081,34
2010-10-04 09:45:00,101.0,860.0,284.0,79.32299999999998,264.0,899.0,338.0,0.0,59.0,100.69,933.984,-999.0,41.638,160.605,2.837,34
2010-10-04 10:00:00,102.0,868.0,283.0,80.822,285.0,905.0,316.0,0.0,60.0,103.23,961.621,-999.0,40.087,151.83,2.369,34
2010-10-04 10:15:00,30.0,263.0,284.0,81.38899999999998,83.0,270.0,324.0,0.0,59.0,101.87,1038.574,989.0,39.4,147.735,2.413,34
2010-10-04 10:30:00,21.0,183.0,283.0,82.796,53.0,187.0,349.0,0.0,59.0,103.17,580.859,978.0,36.525,198.81,2.975,34
2010-10-04 10:45:00,121.0,1039.0,284.0,83.09,313.0,1088.0,346.0,0.0,59.0,103.14,612.695,-1000.0,34.613,186.772,4.469,34
2010-10-04 11:00:00,53.0,457.0,284.0,84.58799999999998,139.0,475.0,338.0,0.0,60.0,108.79,1076.172,999.0,28.6,218.07,6.55,34
2010-10-04 11:15:00,89.0,766.0,286.0,85.915,248.0,797.0,320.0,0.0,60.0,112.6,1096.973,-999.0,24.975,214.583,7.5,34
2010-10-04 11:30:00,98.0,842.0,286.0,87.73699999999998,264.0,880.0,331.0,0.0,59.0,111.31,914.355,-999.0,23.719,187.515,6.275,34
2010-10-04 11:45:00,132.0,1134.0,285.0,86.623,350.0,1190.0,339.0,0.0,59.0,100.63,852.051,-999.0,35.219,156.307,3.287,34
2010-10-04 12:00:00,110.0,942.0,285.0,86.846,291.0,985.0,336.0,0.0,60.0,108.18,1194.727,-999.0,26.925,203.243,5.206,34
2010-10-04 12:15:00,117.0,997.0,284.0,88.506,310.0,1046.0,336.0,0.0,60.0,111.76,1173.047,998.0,16.675,212.4,8.55,34
2010-10-04 12:30:00,121.0,1032.0,284.0,88.638,317.0,1084.0,340.0,0.0,62.0,110.09,932.8130000000002,-999.0,17.45,219.195,8.15,34
2010-10-04 12:45:00,111.0,950.0,283.0,86.674,292.0,996.0,339.0,0.0,60.0,104.3,1076.465,999.0,31.037,183.082,7.256,34
2010-10-04 13:00:00,110.0,939.0,285.0,85.06399999999998,295.0,982.0,331.0,0.0,60.0,102.91,1021.387,-1000.0,31.019,149.22,5.394,34
2010-10-04 13:15:00,35.0,303.0,283.0,86.147,94.0,313.0,330.0,0.0,61.0,109.42,1017.773,990.0,27.781,207.045,3.837,34
2010-10-04 13:30:00,114.0,981.0,285.0,87.73699999999998,313.0,1027.0,327.0,0.0,61.0,107.4,1030.371,-1000.0,23.7,165.938,4.15,34
2010-10-04 13:45:00,46.0,392.0,283.0,89.479,118.0,407.0,342.0,0.0,60.0,108.88,842.09,-996.0,17.75,237.51,9.294,34
2010-10-04 14:00:00,44.0,383.0,284.0,89.02299999999998,109.0,398.0,361.0,0.0,60.0,101.94,449.316,-996.0,17.237,218.115,8.181,34
2010-10-04 14:15:00,112.0,954.0,284.0,88.405,282.0,1001.0,353.0,0.0,61.0,98.98,820.1169999999998,999.0,15.519,194.647,8.556,34
2010-10-04 14:30:00,105.0,897.0,285.0,89.924,276.0,941.0,339.0,0.0,59.0,103.01,1006.348,-999.0,14.263,188.348,8.513,34
2010-10-04 14:45:00,87.0,746.0,285.0,89.418,214.0,783.0,364.0,0.0,61.0,101.9,653.125,-999.0,16.094,197.685,10.431,34
2010-10-04 15:00:00,47.0,406.0,285.0,87.342,113.0,419.0,370.0,0.0,59.0,94.21,272.266,-999.0,19.919,189.45,9.731000000000002,34
2010-10-04 15:15:00,77.0,662.0,285.0,86.512,189.0,693.0,365.0,0.0,60.0,93.21,671.875,-999.0,18.262,193.185,10.763,34
2010-10-04 15:30:00,11.0,97.0,283.0,87.403,28.0,99.0,350.0,0.0,58.0,95.67,566.016,934.0,20.331,183.6,10.138,34
2010-10-04 15:45:00,7.0,54.0,285.0,85.358,14.0,54.0,378.0,0.0,58.0,89.31,100.391,833.0,22.594,180.202,8.994,34
2010-10-04 16:00:00,9.0,76.0,283.0,83.45399999999998,21.0,78.0,362.0,0.0,59.0,84.70999999999998,86.816,904.0,23.769,180.923,9.244,34
2010-10-04 16:15:00,4.0,32.0,284.0,83.069,8.0,32.0,372.0,0.0,58.0,83.93,54.785,705.0,25.025,167.603,7.631,34
2010-10-04 16:30:00,8.0,67.0,284.0,82.644,18.0,67.0,368.0,0.0,58.0,83.14,78.80899999999998,876.0,25.875,168.683,5.619,34
2010-10-04 16:45:00,3.0,9.0,283.0,82.968,3.0,9.0,307.0,0.0,58.0,83.61,35.84,279.0,23.581,167.625,7.006,34
2010-10-04 17:00:00,3.0,1.0,285.0,82.462,1.0,5.0,306.0,0.0,58.0,82.84999999999998,11.328,0.0,23.138,164.678,6.313,34
2010-10-04 17:15:00,0.0,-3.0,285.0,80.35599999999998,0.0,0.0,363.0,0.0,58.0,79.36,6.055,0.0,33.125,116.775,4.419,34
2010-10-04 17:30:00,3.0,-9.0,284.0,75.061,0.0,2.0,292.0,0.0,58.0,73.98,2.441,0.0,45.219,129.803,6.119,34
2010-10-04 17:45:00,0.0,-3.0,284.0,72.37699999999998,1.0,0.0,132.0,0.0,58.0,71.69,0.4879999999999999,0.0,50.081,127.957,5.906,34
2010-10-04 18:00:00,0.0,-2.0,284.0,71.142,1.0,0.0,9.0,0.0,58.0,70.58,0.195,0.0,51.775,101.43,4.938,34
2010-10-04 18:15:00,0.0,-2.0,284.0,70.454,1.0,0.0,3.0,0.0,57.0,69.37,0.0,0.0,54.05,103.275,5.506,34
2010-10-04 18:30:00,0.0,-2.0,284.0,69.229,1.0,0.0,3.0,0.0,56.0,67.9,0.195,0.0,57.6,109.013,6.313,34
2010-10-04 18:45:00,0.0,-3.0,285.0,68.044,1.0,0.0,3.0,0.0,56.0,67.26,0.195,0.0,60.575,111.915,7.325,34
2010-10-05 06:00:00,4.0,21.0,283.0,57.028,6.0,20.0,342.0,0.0,46.0,56.96,12.109,533.0,59.913,156.87,1.931,34
2010-10-05 06:15:00,8.0,60.0,283.0,57.058,15.0,60.0,386.0,0.0,55.0,56.99,19.043,848.0,60.819,171.023,1.75,34
2010-10-05 06:30:00,15.0,126.0,283.0,56.937,32.0,129.0,398.0,0.0,58.0,55.18,94.434,958.0,61.25,164.138,0.8559999999999999,34
2010-10-05 06:45:00,23.0,199.0,283.0,57.413,51.0,205.0,400.0,0.0,59.0,59.01,218.945,-979.0,59.531,186.3,1.156,34
2010-10-05 07:00:00,32.0,275.0,283.0,58.425,68.0,286.0,412.0,0.0,59.0,64.48,292.773,-990.0,56.856,220.41,0.662,34
2010-10-05 07:15:00,42.0,363.0,282.0,59.417,93.0,376.0,402.0,0.0,60.0,69.89,367.871,996.0,54.975,266.13,0.762,34
2010-10-05 07:30:00,52.0,445.0,282.0,60.511,117.0,461.0,393.0,0.0,61.0,74.47,430.957,-999.0,52.131,164.565,1.25,34
2010-10-05 07:45:00,61.0,522.0,282.0,61.422,141.0,544.0,383.0,0.0,59.0,77.04,508.496,-999.0,50.281,114.547,1.525,34
2010-10-05 08:00:00,70.0,595.0,282.0,62.506,162.0,621.0,380.0,0.0,59.0,76.73999999999998,583.887,-999.0,48.65,116.303,2.437,34
2010-10-05 08:15:00,77.0,654.0,282.0,63.093,181.0,685.0,377.0,0.0,60.0,77.87,647.754,-999.0,46.806,141.592,2.106,34
2010-10-05 08:30:00,84.0,716.0,282.0,64.115,200.0,750.0,372.0,0.0,60.0,80.79999999999998,711.621,999.0,44.337,146.363,3.144,34
2010-10-05 08:45:00,90.0,768.0,282.0,65.401,218.0,806.0,368.0,0.0,61.0,83.08,771.777,998.0,41.706,165.69,2.713,34
2010-10-05 09:00:00,95.0,811.0,284.0,66.242,229.0,849.0,368.0,0.0,59.0,85.54999999999998,828.9059999999998,999.0,40.494,152.145,2.737,34
2010-10-05 09:15:00,100.0,853.0,285.0,66.707,248.0,893.0,358.0,0.0,59.0,84.72,879.883,-999.0,39.9,163.867,2.681,34
2010-10-05 09:30:00,103.0,880.0,284.0,67.112,262.0,923.0,350.0,0.0,61.0,96.43,923.73,999.0,38.819,176.918,2.15,34
2010-10-05 09:45:00,106.0,911.0,284.0,67.993,271.0,954.0,350.0,0.0,60.0,95.88,967.09,-998.0,37.838,149.558,2.094,34
2010-10-05 10:00:00,108.0,932.0,285.0,68.398,282.0,976.0,344.0,0.0,61.0,97.77,1010.059,999.0,36.662,112.253,1.719,34
2010-10-05 10:15:00,111.0,953.0,285.0,69.563,292.0,997.0,339.0,0.0,60.0,102.94,1034.082,999.0,34.162,185.287,2.262,34
2010-10-05 10:30:00,112.0,963.0,284.0,70.373,295.0,1009.0,339.0,0.0,60.0,107.97,1063.77,999.0,32.631,190.8,1.969,34
2010-10-05 10:45:00,115.0,988.0,284.0,71.122,303.0,1034.0,339.0,0.0,58.0,105.83,1074.805,-999.0,30.719,194.108,3.106,34
2010-10-05 11:00:00,115.0,988.0,284.0,72.44799999999998,310.0,1034.0,331.0,0.0,59.0,111.29,781.3479999999998,-999.0,28.975,176.782,3.231,34
2010-10-05 11:15:00,116.0,992.0,284.0,73.653,315.0,1038.0,327.0,0.0,59.0,103.53,928.027,-999.0,28.312,141.255,2.194,34
2010-10-05 11:30:00,117.0,999.0,284.0,73.268,307.0,1047.0,338.0,0.0,59.0,98.43,1104.395,999.0,28.387,124.605,2.95,34
2010-10-05 11:45:00,115.0,981.0,284.0,73.10599999999998,304.0,1027.0,336.0,0.0,61.0,98.47,1109.082,-999.0,26.981,173.115,1.881,34
2010-10-05 12:00:00,115.0,978.0,282.0,74.18,304.0,1026.0,335.0,0.0,60.0,102.37,1101.758,-999.0,26.063,164.948,2.963,34
2010-10-05 12:15:00,114.0,970.0,284.0,74.807,301.0,1015.0,335.0,0.0,61.0,108.43,1087.988,1000.0,24.656,168.728,2.563,34
2010-10-05 12:30:00,110.0,939.0,284.0,75.49599999999998,308.0,981.0,317.0,0.0,59.0,109.48,1072.07,-999.0,23.131,223.043,2.294,34
2010-10-05 12:45:00,111.0,946.0,283.0,75.56699999999998,290.0,990.0,340.0,0.0,61.0,99.32,1051.172,999.0,23.431,119.475,3.369,34
2010-10-05 13:00:00,107.0,908.0,282.0,75.506,276.0,950.0,342.0,0.0,60.0,91.81,1021.875,-999.0,22.213,151.605,2.938,34
2010-10-05 13:15:00,104.0,885.0,283.0,75.739,274.0,927.0,336.0,0.0,60.0,97.38,985.254,-999.0,22.375,140.783,2.313,34
2010-10-05 13:30:00,101.0,862.0,283.0,76.367,266.0,901.0,337.0,0.0,60.0,93.68,948.047,999.0,22.594,138.51,3.325,34
2010-10-05 13:45:00,97.0,828.0,283.0,76.22499999999998,250.0,866.0,345.0,0.0,60.0,93.85,907.617,-999.0,21.981,111.33,4.294,34
2010-10-05 14:00:00,93.0,791.0,282.0,76.286,230.0,827.0,357.0,0.0,60.0,91.34,857.6169999999998,-999.0,21.781,117.023,4.094,34
2010-10-05 14:15:00,87.0,746.0,282.0,76.438,221.0,777.0,349.0,0.0,60.0,90.36,805.469,999.0,20.025,105.705,4.812,34
2010-10-05 14:30:00,81.0,688.0,282.0,76.397,204.0,719.0,351.0,0.0,59.0,87.70999999999998,750.7809999999998,999.0,18.625,122.827,4.344,34
2010-10-05 14:45:00,75.0,638.0,283.0,76.37699999999998,186.0,665.0,355.0,0.0,61.0,89.14,694.531,999.0,16.75,112.455,4.625,34
2010-10-05 15:00:00,70.0,598.0,283.0,76.468,166.0,623.0,374.0,0.0,60.0,84.23999999999998,509.375,999.0,16.513,135.967,3.55,34
2010-10-05 15:15:00,17.0,145.0,282.0,76.043,40.0,148.0,366.0,0.0,59.0,82.2,480.273,-964.0,16.137,120.015,3.113,34
2010-10-05 15:30:00,15.0,126.0,282.0,75.405,35.0,129.0,368.0,0.0,60.0,80.22,163.574,-958.0,16.363,95.603,4.375,34
2010-10-05 15:45:00,6.0,47.0,283.0,74.372,12.0,48.0,385.0,0.0,59.0,76.33,78.906,813.0,18.05,110.16,4.037,34
2010-10-05 16:00:00,10.0,78.0,283.0,74.03799999999998,21.0,81.0,370.0,0.0,59.0,75.47,183.691,-892.0,19.869,160.515,4.163,34
2010-10-05 16:15:00,5.0,33.0,284.0,73.896,9.0,33.0,365.0,0.0,59.0,75.73,184.082,714.0,19.531,156.623,3.669,34
2010-10-05 16:30:00,4.0,27.0,284.0,73.441,7.0,27.0,370.0,0.0,58.0,74.61,29.98,625.0,19.756,159.232,4.087,34
2010-10-05 16:45:00,3.0,16.0,285.0,72.367,4.0,14.0,368.0,0.0,59.0,73.19,24.609,428.0,20.531,164.183,3.719,34
2010-10-05 17:00:00,3.0,5.0,283.0,71.8,2.0,6.0,304.0,0.0,59.0,72.64,16.016,0.0,20.787,161.438,3.994,34
2010-10-05 17:15:00,3.0,-3.0,284.0,70.899,1.0,4.0,297.0,0.0,58.0,70.72,8.788999999999998,0.0,21.356,172.44,4.063,34
2010-10-05 17:30:00,0.0,-2.0,282.0,69.765,0.0,0.0,329.0,0.0,58.0,68.06,0.0,0.0,22.088,163.372,3.7,34
2010-10-05 17:45:00,0.0,-2.0,283.0,69.289,0.0,0.0,105.0,0.0,58.0,68.8,0.2929999999999999,0.0,22.3,164.318,4.631,34
2010-10-05 18:00:00,0.0,-3.0,285.0,69.087,0.0,0.0,8.0,0.0,57.0,68.84,0.195,0.0,23.069,164.745,3.694,34
2010-10-05 18:15:00,0.0,-3.0,285.0,68.469,0.0,0.0,3.0,0.0,57.0,67.71,0.195,0.0,24.569,162.45,3.269,34
2010-10-05 18:30:00,0.0,-2.0,285.0,68.206,1.0,0.0,3.0,0.0,56.0,67.42,0.195,0.0,25.569,160.875,1.944,34
2010-10-05 18:45:00,0.0,-3.0,285.0,67.517,1.0,0.0,3.0,0.0,56.0,65.73,0.195,0.0,26.494,130.612,1.656,34
2010-10-06 06:00:00,5.0,32.0,283.0,50.234,10.0,32.0,316.0,0.0,46.0,37.61,19.238,-666.0,51.138,203.31,0.4249999999999999,34
2010-10-06 06:15:00,10.0,83.0,282.0,51.155,25.0,85.0,343.0,0.0,55.0,40.33,40.039,-911.0,51.294,276.975,2.137,34
2010-10-06 06:30:00,17.0,144.0,282.0,54.071,35.0,148.0,419.0,0.0,59.0,46.66,119.336,972.0,46.556,332.213,1.512,34
2010-10-06 06:45:00,23.0,202.0,282.0,55.843,51.0,207.0,404.0,0.0,59.0,52.15,151.367,986.0,43.656,326.34,1.131,34
2010-10-06 07:00:00,27.0,236.0,282.0,57.058,59.0,243.0,408.0,0.0,58.0,57.81,228.223,-994.0,41.65,315.878,1.481,34
2010-10-06 07:15:00,44.0,375.0,282.0,58.415,95.0,390.0,409.0,0.0,59.0,63.71,289.941,996.0,37.769,159.885,1.663,34
2010-10-06 07:30:00,53.0,452.0,282.0,59.924,119.0,469.0,392.0,0.0,60.0,69.46,453.125,-996.0,33.219,109.778,1.55,34
2010-10-06 07:45:00,60.0,517.0,284.0,61.28,139.0,538.0,384.0,0.0,60.0,76.68,503.32,-999.0,31.606,74.22799999999998,1.256,34
2010-10-06 08:00:00,67.0,575.0,284.0,62.151,154.0,600.0,386.0,0.0,60.0,84.58,577.734,-999.0,29.419,272.678,1.175,34
2010-10-06 08:15:00,75.0,642.0,283.0,62.87,176.0,670.0,379.0,0.0,59.0,92.91,641.309,-999.0,28.188,292.342,1.188,34
2010-10-06 08:30:00,81.0,691.0,283.0,64.085,194.0,722.0,370.0,0.0,60.0,94.49,706.445,1000.0,25.769,112.703,1.531,34
2010-10-06 08:45:00,87.0,741.0,284.0,64.804,214.0,774.0,359.0,0.0,60.0,99.79,760.1559999999998,-999.0,25.763,237.465,1.094,34
2010-10-06 09:00:00,92.0,789.0,283.0,65.766,232.0,826.0,355.0,0.0,61.0,103.93,816.3089999999999,999.0,25.938,196.65,1.863,34
2010-10-06 09:15:00,98.0,831.0,283.0,66.758,247.0,870.0,350.0,0.0,61.0,99.89,868.75,999.0,25.444,145.598,1.744,34
2010-10-06 09:30:00,102.0,870.0,283.0,67.497,262.0,914.0,346.0,0.0,60.0,106.38,921.973,999.0,24.731,204.863,1.794,34
2010-10-06 09:45:00,103.0,885.0,285.0,68.338,257.0,927.0,358.0,0.0,60.0,99.22,962.598,999.0,24.019,164.768,2.256,34
2010-10-06 10:00:00,108.0,924.0,285.0,68.824,281.0,968.0,342.0,0.0,60.0,100.05,996.875,999.0,23.556,120.78,2.025,34
2010-10-06 10:15:00,109.0,931.0,285.0,69.755,274.0,973.0,353.0,0.0,62.0,95.8,1025.879,-999.0,22.044,153.945,2.287,34
2010-10-06 10:30:00,111.0,955.0,285.0,70.474,288.0,999.0,345.0,0.0,59.0,100.28,1052.441,999.0,21.419,148.905,2.275,34
2010-10-06 10:45:00,115.0,984.0,285.0,71.183,305.0,1031.0,336.0,0.0,59.0,99.28,1074.707,-999.0,20.188,170.505,2.906,34
2010-10-06 11:00:00,116.0,992.0,286.0,73.147,304.0,1039.0,340.0,0.0,61.0,100.14,1092.188,-999.0,18.512,174.758,3.963,34
2010-10-06 11:15:00,115.0,990.0,286.0,73.187,313.0,1038.0,329.0,0.0,59.0,90.2,1097.07,999.0,19.313,164.092,2.906,34
2010-10-06 11:30:00,118.0,1011.0,286.0,73.37,314.0,1058.0,336.0,0.0,60.0,90.81,1096.289,-999.0,19.531,146.093,3.781,34
2010-10-06 11:45:00,121.0,1043.0,286.0,73.70399999999998,320.0,1093.0,340.0,0.0,60.0,91.57,1123.828,-1000.0,19.275,136.193,3.006,34
2010-10-06 12:00:00,141.0,1205.0,285.0,73.825,356.0,1269.0,354.0,0.0,60.0,92.66,566.309,-999.0,19.469,168.795,2.688,34
2010-10-06 12:15:00,124.0,1063.0,285.0,73.744,321.0,1115.0,345.0,0.0,60.0,88.34999999999998,1034.473,999.0,19.4,181.823,3.481,34
2010-10-06 12:30:00,81.0,695.0,284.0,75.263,205.0,726.0,351.0,0.0,60.0,90.83,1037.891,-999.0,18.175,135.158,3.45,34
2010-10-06 12:45:00,41.0,351.0,284.0,76.15399999999998,102.0,364.0,355.0,0.0,60.0,87.34,935.645,-996.0,16.769,157.995,4.694,34
2010-10-06 13:00:00,88.0,750.0,283.0,76.67,224.0,785.0,348.0,0.0,59.0,94.62,865.7229999999998,999.0,16.137,176.782,2.813,34
2010-10-06 13:15:00,76.0,641.0,282.0,77.318,189.0,669.0,352.0,0.0,60.0,89.45,845.898,999.0,16.213,175.005,3.6,34
2010-10-06 13:30:00,97.0,828.0,283.0,76.873,243.0,869.0,355.0,0.0,61.0,89.9,732.813,999.0,16.137,137.363,2.9,34
2010-10-06 13:45:00,105.0,895.0,283.0,77.79399999999998,265.0,939.0,352.0,0.0,61.0,89.83,770.4099999999999,999.0,16.0,149.423,2.663,34
2010-10-06 14:00:00,71.0,602.0,282.0,77.693,176.0,629.0,354.0,0.0,59.0,90.83,809.863,999.0,16.025,115.335,2.725,34
2010-10-06 14:15:00,24.0,207.0,282.0,77.855,58.0,213.0,362.0,0.0,59.0,90.15,524.316,-987.0,15.956,129.083,2.525,34
2010-10-06 14:30:00,24.0,205.0,282.0,77.187,57.0,211.0,366.0,0.0,59.0,85.26,570.898,-986.0,16.763,112.32,2.813,34
2010-10-06 14:45:00,59.0,506.0,283.0,77.197,147.0,526.0,355.0,0.0,59.0,84.03,666.113,997.0,17.056,161.325,3.375,34
2010-10-06 15:00:00,18.0,156.0,282.0,77.23699999999998,43.0,160.0,366.0,0.0,59.0,83.76,338.086,-974.0,17.031,160.313,4.013,34
2010-10-06 15:15:00,13.0,114.0,282.0,75.992,31.0,117.0,374.0,0.0,59.0,79.17,141.992,954.0,17.5,170.1,3.225,34
2010-10-06 15:30:00,10.0,81.0,281.0,74.71599999999998,21.0,81.0,375.0,0.0,59.0,76.22,103.711,922.0,18.606,191.543,4.225,34
2010-10-06 15:45:00,7.0,54.0,282.0,74.03799999999998,13.0,54.0,388.0,0.0,58.0,74.76,96.973,-869.0,20.506,173.205,3.363,34
2010-10-06 16:00:00,6.0,40.0,282.0,73.10599999999998,11.0,41.0,355.0,0.0,58.0,73.61,42.285,-769.0,20.406,158.22,4.275,34
2010-10-06 16:15:00,6.0,40.0,283.0,72.205,11.0,41.0,350.0,0.0,58.0,72.56999999999998,37.695,-769.0,19.506,167.4,4.431,34
2010-10-06 16:30:00,5.0,31.0,283.0,72.084,9.0,32.0,354.0,0.0,58.0,73.04,36.914,-676.0,18.588,164.295,5.569,34
2010-10-06 16:45:00,3.0,14.0,283.0,71.507,4.0,16.0,356.0,0.0,58.0,71.75,24.609,-407.0,18.938,169.448,6.138,34
2010-10-06 17:00:00,2.0,4.0,283.0,70.98,1.0,5.0,304.0,0.0,58.0,71.72,14.746,0.0,18.313,161.775,5.875,34
2010-10-06 17:15:00,3.0,-5.0,283.0,70.231,0.0,2.0,296.0,0.0,58.0,70.91,6.836,0.0,18.213,166.522,4.7,34
2010-10-06 17:30:00,3.0,-9.0,282.0,69.775,0.0,2.0,292.0,0.0,58.0,70.34,2.246,0.0,19.15,158.49,4.213,34
2010-10-06 17:45:00,0.0,-2.0,284.0,69.492,1.0,0.0,85.0,0.0,58.0,70.18,0.0,0.0,19.556,160.155,5.225,34
2010-10-06 18:00:00,0.0,-2.0,284.0,68.975,1.0,0.0,7.0,0.0,57.0,69.23,0.195,0.0,20.35,163.215,4.163,34
2010-10-06 18:15:00,0.0,-2.0,285.0,68.287,1.0,0.0,4.0,0.0,56.0,67.91,0.098,0.0,21.081,169.538,4.762,34
2010-10-06 18:30:00,0.0,-3.0,285.0,67.851,0.0,0.0,3.0,0.0,56.0,66.99,0.195,0.0,22.819,171.81,5.288,34
2010-10-06 18:45:00,0.0,-3.0,285.0,67.335,0.0,0.0,3.0,0.0,55.0,65.97,0.195,0.0,23.756,174.128,4.337,34
2010-10-07 06:00:00,4.0,22.0,283.0,56.319,6.0,21.0,369.0,0.0,46.0,54.38,14.453,-566.0,48.444,84.89199999999998,0.456,34
2010-10-07 06:15:00,4.0,28.0,284.0,56.42,7.0,27.0,394.0,0.0,54.0,55.04,28.809,636.0,48.213,106.695,0.956,34
2010-10-07 06:30:00,7.0,56.0,283.0,57.119,14.0,56.0,389.0,0.0,57.0,56.95,40.82,823.0,46.3,92.97,0.819,34
2010-10-07 06:45:00,10.0,79.0,282.0,57.726,20.0,81.0,393.0,0.0,58.0,58.62,62.793,-893.0,45.644,119.723,0.7439999999999999,34
2010-10-07 07:00:00,9.0,74.0,283.0,57.949,19.0,75.0,380.0,0.0,58.0,59.24,78.31999999999998,872.0,45.35,95.693,0.525,34
2010-10-07 07:15:00,15.0,132.0,282.0,58.101,35.0,135.0,376.0,0.0,58.0,59.45,67.09,960.0,44.363,68.917,1.706,34
2010-10-07 07:30:00,64.0,546.0,282.0,58.344,140.0,572.0,406.0,0.0,58.0,61.61,275.684,-997.0,44.488,92.61,1.338,34
2010-10-07 07:45:00,67.0,576.0,284.0,59.883,152.0,602.0,392.0,0.0,59.0,67.75,477.246,-999.0,41.856,131.22,1.475,34
2010-10-07 08:00:00,69.0,588.0,283.0,61.432,160.0,614.0,382.0,0.0,59.0,74.65999999999998,562.793,999.0,38.844,113.445,1.744,34
2010-10-07 08:15:00,84.0,720.0,285.0,62.232,198.0,754.0,379.0,0.0,60.0,77.5,642.09,999.0,38.075,110.228,3.013,34
2010-10-07 08:30:00,54.0,469.0,283.0,62.556,127.0,486.0,381.0,0.0,60.0,75.93,403.32,999.0,39.863,119.857,2.913,34
2010-10-07 08:45:00,64.0,549.0,284.0,62.647,149.0,573.0,382.0,0.0,59.0,75.31,521.191,997.0,40.05,163.193,2.425,34
2010-10-07 09:00:00,96.0,822.0,283.0,63.66,237.0,860.0,360.0,0.0,61.0,84.78,687.793,999.0,39.412,181.665,2.369,34
2010-10-07 09:15:00,99.0,849.0,283.0,64.601,245.0,889.0,361.0,0.0,61.0,95.48,862.793,-1000.0,37.488,197.505,3.463,34
2010-10-07 09:30:00,105.0,892.0,283.0,66.535,257.0,936.0,361.0,0.0,59.0,83.89,909.473,999.0,35.469,158.827,4.188,34
2010-10-07 09:45:00,110.0,942.0,283.0,67.295,276.0,989.0,357.0,0.0,61.0,83.26999999999998,954.395,1000.0,34.288,155.25,4.1,34
2010-10-07 10:00:00,75.0,639.0,282.0,68.661,190.0,666.0,348.0,0.0,58.0,94.16,999.512,-999.0,31.813,175.455,2.95,34
2010-10-07 10:15:00,117.0,997.0,283.0,69.816,302.0,1047.0,345.0,0.0,61.0,102.4,976.172,-999.0,30.719,208.373,4.063,34
2010-10-07 10:30:00,110.0,938.0,283.0,70.646,277.0,984.0,353.0,0.0,58.0,93.81,897.5589999999999,-999.0,28.563,156.173,3.456,34
2010-10-07 10:45:00,124.0,1058.0,283.0,72.307,316.0,1112.0,350.0,0.0,60.0,93.25,1105.273,-999.0,24.775,168.885,6.125,34
2010-10-07 11:00:00,121.0,1035.0,284.0,72.742,307.0,1086.0,352.0,0.0,60.0,99.11,1099.121,-999.0,24.244,192.6,4.513,34
2010-10-07 11:15:00,123.0,1055.0,283.0,73.248,317.0,1107.0,347.0,0.0,61.0,99.16,1124.121,-1000.0,23.956,166.522,5.469,34
2010-10-07 11:30:00,109.0,934.0,284.0,73.805,276.0,980.0,353.0,0.0,60.0,95.85,931.836,-999.0,24.375,174.24,4.688,34
2010-10-07 11:45:00,126.0,1080.0,284.0,73.947,327.0,1134.0,344.0,0.0,59.0,96.01,1012.109,999.0,24.275,173.408,5.112,34
2010-10-07 12:00:00,125.0,1063.0,284.0,74.494,314.0,1117.0,354.0,0.0,59.0,91.25,809.082,-999.0,23.762,166.343,4.175,34
2010-10-07 12:15:00,117.0,996.0,283.0,74.757,307.0,1043.0,338.0,0.0,60.0,93.45,1102.832,999.0,22.475,172.642,4.812,34
2010-10-07 12:30:00,115.0,980.0,283.0,75.557,304.0,1028.0,336.0,0.0,59.0,98.42,1060.254,-999.0,21.688,182.88,4.256,34
2010-10-07 12:45:00,112.0,966.0,286.0,76.18399999999998,294.0,1011.0,342.0,0.0,60.0,103.51,1057.227,999.0,20.838,208.17,3.3,34
2010-10-07 13:00:00,108.0,922.0,284.0,76.265,291.0,965.0,330.0,0.0,60.0,107.34,1037.891,999.0,21.206,178.875,3.6,34
2010-10-07 13:15:00,105.0,904.0,285.0,76.346,277.0,946.0,339.0,0.0,60.0,99.61,1004.688,999.0,21.375,185.513,2.563,34
2010-10-07 13:30:00,102.0,873.0,285.0,76.873,267.0,914.0,340.0,0.0,60.0,91.48,974.316,999.0,20.506,147.24,3.881,34
2010-10-07 13:45:00,98.0,837.0,285.0,76.50799999999998,251.0,876.0,347.0,0.0,59.0,96.22,885.1559999999998,-999.0,20.088,187.898,4.313,34
2010-10-07 14:00:00,32.0,274.0,283.0,76.873,77.0,282.0,362.0,0.0,58.0,98.1,769.238,994.0,19.5,208.642,3.363,34
2010-10-07 14:15:00,85.0,730.0,284.0,75.44499999999998,212.0,764.0,357.0,0.0,60.0,90.51,536.328,999.0,20.706,150.255,3.131,34
2010-10-07 14:30:00,78.0,668.0,285.0,75.27299999999998,194.0,699.0,358.0,0.0,59.0,94.83,735.645,999.0,20.306,199.89,2.625,34
2010-10-07 14:45:00,71.0,611.0,285.0,75.81999999999998,177.0,637.0,358.0,0.0,60.0,94.47,675.488,-997.0,20.244,160.178,1.494,34
2010-10-07 15:00:00,63.0,544.0,285.0,76.64,156.0,567.0,360.0,0.0,60.0,98.24,575.879,997.0,19.656,261.473,2.15,34
2010-10-07 15:15:00,47.0,402.0,283.0,76.59999999999998,113.0,415.0,366.0,0.0,60.0,95.32,522.07,999.0,19.85,139.478,1.4,34
2010-10-07 15:30:00,47.0,402.0,283.0,76.15399999999998,114.0,415.0,362.0,0.0,60.0,87.19,399.609,996.0,20.369,187.2,2.537,34
2010-10-07 15:45:00,37.0,321.0,283.0,75.415,88.0,332.0,371.0,0.0,60.0,84.78,405.273,995.0,20.575,249.885,1.719,34
2010-10-07 16:00:00,27.0,236.0,283.0,75.263,66.0,245.0,371.0,0.0,60.0,85.76,330.078,988.0,20.537,280.845,1.863,34
2010-10-07 16:15:00,17.0,151.0,283.0,74.655,43.0,153.0,358.0,0.0,58.0,83.56999999999998,254.59,973.0,21.175,270.967,1.35,34
2010-10-07 16:30:00,11.0,87.0,283.0,73.83499999999998,23.0,87.0,369.0,0.0,59.0,78.89,160.449,915.0,21.95,205.38,3.631,34
2010-10-07 16:45:00,4.0,17.0,283.0,72.357,4.0,17.0,364.0,0.0,58.0,73.81999999999998,63.77,448.0,23.006,231.795,2.537,34
2010-10-07 17:00:00,3.0,6.0,284.0,71.102,2.0,8.0,305.0,0.0,58.0,69.82,17.871,-192.0,24.175,269.213,3.163,34
2010-10-07 17:15:00,3.0,-3.0,285.0,70.119,1.0,5.0,297.0,0.0,58.0,67.03,9.473,-79.0,25.063,291.353,2.0,34
2010-10-07 17:30:00,0.0,-2.0,283.0,69.239,1.0,0.0,322.0,0.0,58.0,65.13,2.93,0.0,26.038,266.513,2.525,34
2010-10-07 17:45:00,0.0,-2.0,284.0,68.631,0.0,0.0,80.0,0.0,58.0,64.69,0.2929999999999999,0.0,26.825,270.945,2.563,34
2010-10-07 18:00:00,0.0,-3.0,283.0,67.933,1.0,0.0,7.0,0.0,57.0,62.87,0.2929999999999999,0.0,27.887,300.51,1.756,34
2010-10-07 18:15:00,0.0,-3.0,285.0,67.335,1.0,0.0,4.0,0.0,57.0,61.33,0.195,0.0,28.531,301.23,1.75,34
2010-10-07 18:30:00,0.0,-2.0,285.0,66.576,1.0,0.0,4.0,0.0,56.0,59.82,0.195,0.0,30.012,316.193,0.65,34
2010-10-07 18:45:00,0.0,-2.0,285.0,65.999,1.0,0.0,5.0,0.0,56.0,62.04,0.098,0.0,31.306,138.353,0.919,34
2010-10-08 06:00:00,3.0,16.0,284.0,58.051,4.0,14.0,349.0,0.0,44.0,57.11,11.035,-428.0,36.8,287.865,4.225,34
2010-10-08 06:15:00,6.0,47.0,286.0,57.838,11.0,48.0,413.0,0.0,53.0,55.83,17.676,813.0,37.838,306.653,2.037,34
2010-10-08 06:30:00,14.0,116.0,286.0,57.656,30.0,118.0,390.0,0.0,58.0,55.11,69.629,944.0,38.831,261.45,2.056,34
2010-10-08 06:45:00,19.0,163.0,284.0,58.688,52.0,168.0,318.0,0.0,59.0,60.5,214.844,-967.0,37.25,262.193,4.075,34
2010-10-08 07:00:00,27.0,241.0,285.0,60.126,74.0,248.0,333.0,0.0,60.0,65.03,289.258,988.0,35.65,289.35,5.025,34
2010-10-08 07:15:00,41.0,355.0,283.0,61.523,92.0,367.0,395.0,0.0,60.0,68.56,364.258,996.0,34.588,248.107,4.125,34
2010-10-08 07:30:00,50.0,430.0,283.0,62.789,112.0,450.0,400.0,0.0,60.0,72.48999999999998,427.93,-996.0,33.225,242.663,4.825,34
2010-10-08 07:45:00,60.0,511.0,283.0,63.72,138.0,530.0,381.0,0.0,59.0,76.37,494.238,999.0,31.969,237.938,4.525,34
2010-10-08 08:00:00,68.0,583.0,283.0,64.571,159.0,607.0,379.0,0.0,59.0,81.09999999999998,572.852,999.0,31.269,213.75,4.1,34
2010-10-08 08:15:00,76.0,649.0,283.0,65.999,178.0,677.0,378.0,0.0,60.0,84.4,637.109,999.0,29.819,248.355,5.475,34
2010-10-08 08:30:00,82.0,703.0,285.0,67.001,197.0,737.0,372.0,0.0,60.0,87.34,700.781,-999.0,29.0,119.79,3.787,34
2010-10-08 08:45:00,87.0,750.0,284.0,67.406,217.0,785.0,360.0,0.0,60.0,93.35,759.277,-998.0,28.669,134.28,2.819,34
2010-10-08 09:00:00,92.0,789.0,285.0,68.084,235.0,824.0,349.0,0.0,59.0,99.84,814.746,999.0,28.063,181.575,2.456,34
2010-10-08 09:15:00,96.0,828.0,286.0,69.411,245.0,868.0,352.0,0.0,61.0,103.96,866.211,999.0,27.113,166.388,1.894,34
2010-10-08 09:30:00,99.0,857.0,286.0,70.423,252.0,896.0,354.0,0.0,59.0,102.73,913.477,-998.0,26.075,151.56,2.963,34
2010-10-08 09:45:00,102.0,878.0,286.0,71.426,261.0,918.0,349.0,0.0,59.0,109.12,951.367,999.0,25.688,150.03,1.2,34
2010-10-08 10:00:00,106.0,904.0,285.0,72.34699999999998,278.0,945.0,337.0,0.0,60.0,114.53,987.305,999.0,24.425,256.32,2.644,34
2010-10-08 10:15:00,108.0,928.0,285.0,72.732,284.0,972.0,340.0,0.0,62.0,111.2,1017.09,-999.0,24.506,166.815,2.356,34
2010-10-08 10:30:00,110.0,946.0,285.0,73.43,299.0,989.0,328.0,0.0,60.0,100.94,1042.773,-999.0,24.156,116.775,2.987,34
2010-10-08 10:45:00,112.0,961.0,285.0,73.825,299.0,1004.0,334.0,0.0,59.0,99.31,1063.477,-1000.0,23.413,103.185,2.569,34
2010-10-08 11:00:00,114.0,972.0,284.0,74.342,297.0,1016.0,340.0,0.0,59.0,97.22,1079.59,-1000.0,22.8,114.39,2.669,34
2010-10-08 11:15:00,114.0,972.0,284.0,75.0,305.0,1017.0,332.0,0.0,60.0,103.11,1090.625,999.0,22.069,171.157,2.413,34
2010-10-08 11:30:00,114.0,969.0,283.0,75.516,304.0,1013.0,331.0,0.0,59.0,103.81,1095.898,998.0,21.188,98.977,2.344,34
2010-10-08 11:45:00,112.0,961.0,284.0,75.77899999999998,314.0,1005.0,319.0,0.0,59.0,108.76,1096.68,999.0,20.438,147.33,2.075,34
2010-10-08 12:00:00,111.0,955.0,284.0,77.10599999999998,299.0,999.0,331.0,0.0,61.0,110.93,1087.793,-1000.0,19.531,200.408,2.019,34
2010-10-08 12:15:00,110.0,942.0,284.0,77.491,293.0,985.0,334.0,0.0,59.0,102.42,1074.609,999.0,19.525,120.87,2.6,34
2010-10-08 12:30:00,106.0,909.0,285.0,77.683,278.0,950.0,340.0,0.0,61.0,111.49,1058.398,999.0,18.925,216.495,1.906,34
2010-10-08 12:45:00,105.0,903.0,287.0,79.03,285.0,943.0,330.0,0.0,59.0,115.64,1037.891,999.0,18.463,185.625,2.025,34
2010-10-08 13:00:00,101.0,873.0,287.0,79.364,283.0,911.0,320.0,0.0,59.0,100.99,1006.152,-998.0,18.5,161.123,2.137,34
2010-10-08 13:15:00,99.0,857.0,286.0,79.495,263.0,897.0,339.0,0.0,60.0,102.55,971.094,999.0,18.006,145.373,3.55,34
2010-10-08 13:30:00,95.0,820.0,286.0,79.43399999999998,254.0,858.0,336.0,0.0,61.0,105.64,934.277,999.0,17.9,173.7,2.131,34
2010-10-08 13:45:00,91.0,785.0,286.0,80.65999999999998,235.0,820.0,346.0,0.0,60.0,112.26,891.113,999.0,16.981,244.823,3.225,34
2010-10-08 14:00:00,87.0,747.0,286.0,80.852,225.0,781.0,345.0,0.0,59.0,112.55,843.652,-998.0,17.019,261.585,3.031,34
2010-10-08 14:15:00,80.0,691.0,286.0,81.125,215.0,719.0,333.0,0.0,59.0,112.81,791.895,-998.0,16.875,263.588,2.394,34
2010-10-08 14:30:00,74.0,638.0,286.0,81.682,197.0,664.0,335.0,0.0,61.0,110.54,734.375,-999.0,16.644,254.25,1.95,34
2010-10-08 14:45:00,68.0,588.0,286.0,81.33799999999998,171.0,611.0,354.0,0.0,60.0,103.45,672.461,-999.0,16.781,207.45,2.494,34
2010-10-08 15:00:00,61.0,526.0,286.0,80.974,150.0,549.0,363.0,0.0,61.0,100.27,606.934,999.0,16.944,171.99,2.669,34
2010-10-08 15:15:00,53.0,461.0,286.0,80.406,134.0,479.0,354.0,0.0,59.0,94.3,539.746,996.0,17.487,130.253,2.719,34
2010-10-08 15:30:00,44.0,386.0,286.0,80.194,113.0,399.0,351.0,0.0,60.0,92.91,471.484,-996.0,17.431,97.02,2.213,34
2010-10-08 15:45:00,35.0,310.0,286.0,79.748,89.0,319.0,356.0,0.0,60.0,91.08,400.391,-995.0,17.544,207.292,1.956,34
2010-10-08 16:00:00,26.0,228.0,286.0,79.688,66.0,234.0,354.0,0.0,59.0,90.61,327.148,988.0,17.5,238.118,1.525,34
2010-10-08 16:15:00,16.0,141.0,285.0,79.343,39.0,144.0,361.0,0.0,59.0,87.06999999999998,255.762,-963.0,17.987,144.518,1.631,34
2010-10-08 16:30:00,10.0,81.0,282.0,78.402,22.0,82.0,366.0,0.0,59.0,82.04,184.961,-922.0,18.7,96.84,2.35,34
2010-10-08 16:45:00,5.0,35.0,284.0,77.349,9.0,36.0,357.0,0.0,58.0,78.81999999999998,73.242,702.0,19.431,139.545,1.363,34
2010-10-08 17:00:00,3.0,5.0,284.0,76.113,2.0,6.0,306.0,0.0,58.0,74.84999999999998,17.188,159.0,20.35,84.51,1.613,34
2010-10-08 17:15:00,3.0,-5.0,286.0,75.162,1.0,5.0,298.0,0.0,58.0,72.62,7.129,-119.0,21.131,76.16299999999998,1.575,34
2010-10-08 17:30:00,2.0,-9.0,281.0,74.22,0.0,2.0,292.0,0.0,59.0,70.61,1.953,0.0,22.113,69.413,0.8379999999999999,34
2010-10-08 17:45:00,0.0,-2.0,282.0,73.349,1.0,0.0,57.0,0.0,58.0,67.35,0.2929999999999999,0.0,22.931,79.01999999999998,1.081,34
2010-10-08 18:00:00,0.0,-3.0,284.0,72.408,1.0,0.0,6.0,0.0,57.0,64.72,0.195,0.0,24.031,69.457,0.788,34
2010-10-08 18:15:00,0.0,-2.0,284.0,71.314,1.0,0.0,3.0,0.0,56.0,62.27,0.195,0.0,25.581,90.765,0.4689999999999999,34
2010-10-08 18:30:00,0.0,-2.0,284.0,69.917,1.0,0.0,2.0,0.0,56.0,60.55,0.2929999999999999,0.0,27.563,91.462,0.2379999999999999,34
2010-10-08 18:45:00,0.0,-2.0,285.0,68.52,1.0,0.0,2.0,0.0,55.0,58.04,0.195,0.0,29.294,99.99,0.4119999999999999,34
2010-10-09 06:00:00,3.0,14.0,284.0,53.818,4.0,13.0,337.0,0.0,44.0,43.59,9.863,407.0,56.9,241.83,0.631,34
2010-10-09 06:15:00,7.0,49.0,283.0,54.082,13.0,51.0,372.0,0.0,53.0,44.24,15.332,804.0,55.4,278.978,1.569,34
2010-10-09 06:30:00,13.0,113.0,284.0,56.603,29.0,114.0,391.0,0.0,59.0,47.63,59.082,943.0,46.094,300.847,1.712,34
2010-10-09 06:45:00,21.0,182.0,284.0,58.901,47.0,186.0,387.0,0.0,58.0,56.11,211.816,-978.0,41.075,291.555,2.031,34
2010-10-09 07:00:00,30.0,265.0,284.0,60.835,68.0,274.0,400.0,0.0,59.0,64.27,281.738,-989.0,38.463,312.503,2.481,34
2010-10-09 07:15:00,40.0,346.0,283.0,62.354,88.0,359.0,402.0,0.0,59.0,70.72,359.473,999.0,37.45,293.378,1.813,34
2010-10-09 07:30:00,49.0,425.0,283.0,63.457,111.0,442.0,394.0,0.0,59.0,76.65,426.465,999.0,35.975,272.61,1.319,34
2010-10-09 07:45:00,58.0,500.0,282.0,64.733,135.0,521.0,381.0,0.0,59.0,83.03,491.113,997.0,33.581,274.253,1.813,34
2010-10-09 08:00:00,66.0,567.0,283.0,65.786,157.0,591.0,375.0,0.0,60.0,91.42,572.363,-999.0,32.356,300.375,1.169,34
2010-10-09 08:15:00,73.0,626.0,284.0,66.728,175.0,654.0,371.0,0.0,61.0,98.15,636.621,999.0,32.431,184.792,1.088,34
2010-10-09 08:30:00,80.0,681.0,283.0,68.186,198.0,712.0,357.0,0.0,61.0,99.41,700.293,-999.0,31.194,139.905,1.469,34
2010-10-09 08:45:00,84.0,725.0,284.0,69.492,216.0,756.0,348.0,0.0,60.0,99.7,756.3479999999998,999.0,29.412,178.448,1.075,34
2010-10-09 09:00:00,90.0,770.0,283.0,,228.0,807.0,351.0,0.0,61.0,,,-998.0,,,,34
2010-10-09 09:15:00,94.0,810.0,284.0,71.739,245.0,847.0,343.0,0.0,61.0,107.57,867.5779999999999,999.0,28.387,177.953,1.488,34
2010-10-09 09:30:00,98.0,839.0,283.0,72.85299999999998,251.0,880.0,348.0,0.0,59.0,106.28,907.715,999.0,27.319,156.623,1.687,34
2010-10-09 09:45:00,101.0,862.0,283.0,73.461,257.0,901.0,348.0,0.0,59.0,103.91,947.656,1000.0,26.569,84.555,1.844,34
2010-10-09 10:00:00,104.0,893.0,284.0,74.818,276.0,935.0,336.0,0.0,61.0,106.42,983.398,-998.0,25.413,127.957,2.187,34
2010-10-09 10:15:00,107.0,911.0,283.0,75.79,290.0,953.0,327.0,0.0,61.0,107.83,1015.43,-999.0,24.044,128.925,1.831,34
2010-10-09 10:30:00,109.0,924.0,282.0,76.944,291.0,968.0,331.0,0.0,59.0,111.25,1041.406,999.0,23.025,133.065,1.225,34
2010-10-09 10:45:00,109.0,936.0,284.0,78.058,295.0,980.0,331.0,0.0,61.0,107.52,1060.645,-999.0,22.369,158.85,2.019,34
2010-10-09 11:00:00,110.0,939.0,285.0,78.62399999999998,300.0,984.0,327.0,0.0,60.0,106.1,1075.195,-998.0,22.119,129.263,1.981,34
2010-10-09 11:15:00,110.0,939.0,284.0,79.55599999999998,307.0,982.0,318.0,0.0,60.0,103.51,1082.91,-999.0,21.806,142.582,2.05,34
2010-10-09 11:30:00,111.0,945.0,283.0,80.477,307.0,988.0,320.0,0.0,61.0,106.81,1086.719,-999.0,21.206,107.348,2.069,34
2010-10-09 11:45:00,111.0,946.0,284.0,81.075,304.0,988.0,323.0,0.0,59.0,110.38,1087.305,-1000.0,20.425,71.528,2.556,34
2010-10-09 12:00:00,110.0,942.0,284.0,82.06699999999998,302.0,985.0,325.0,0.0,61.0,112.07,1081.543,999.0,19.65,141.548,2.675,34
2010-10-09 12:15:00,108.0,928.0,285.0,82.31999999999998,302.0,968.0,319.0,0.0,59.0,105.02,1069.434,1000.0,19.594,122.648,3.15,34
2010-10-09 12:30:00,106.0,907.0,283.0,82.59399999999998,298.0,947.0,316.0,0.0,61.0,103.7,1051.367,-999.0,19.569,120.195,2.244,34
2010-10-09 12:45:00,105.0,897.0,283.0,83.555,284.0,938.0,328.0,0.0,60.0,101.64,1028.027,999.0,18.869,123.39,2.75,34
2010-10-09 13:00:00,103.0,877.0,284.0,83.45399999999998,276.0,916.0,330.0,0.0,59.0,98.32,973.926,-999.0,18.95,160.583,2.713,34
2010-10-09 13:15:00,97.0,828.0,282.0,84.315,271.0,864.0,317.0,0.0,60.0,107.17,967.383,-999.0,17.694,110.61,2.75,34
2010-10-09 13:30:00,92.0,781.0,283.0,84.63899999999998,250.0,818.0,325.0,0.0,60.0,106.34,926.172,-999.0,17.45,105.615,2.356,34
2010-10-09 13:45:00,88.0,749.0,282.0,85.11499999999998,230.0,783.0,338.0,0.0,61.0,106.5,854.688,999.0,16.919,145.418,3.294,34
2010-10-09 14:00:00,85.0,731.0,284.0,85.186,228.0,762.0,331.0,0.0,59.0,103.37,831.738,999.0,17.275,97.672,2.881,34
2010-10-09 14:15:00,79.0,685.0,286.0,84.679,209.0,715.0,340.0,0.0,59.0,100.51,780.664,1000.0,17.581,125.775,2.694,34
2010-10-09 14:30:00,74.0,631.0,284.0,84.79099999999998,193.0,656.0,337.0,0.0,61.0,97.07,722.9489999999998,999.0,17.369,119.655,3.231,34
2010-10-09 14:45:00,67.0,576.0,284.0,84.86199999999998,170.0,599.0,351.0,0.0,61.0,99.29,662.598,999.0,17.075,93.128,2.256,34
2010-10-09 15:00:00,59.0,514.0,285.0,84.68899999999998,150.0,535.0,355.0,0.0,61.0,94.7,599.902,999.0,17.213,145.98,2.113,34
2010-10-09 15:15:00,52.0,446.0,284.0,84.70999999999998,131.0,464.0,352.0,0.0,59.0,93.91,534.473,996.0,17.275,114.48,1.831,34
2010-10-09 15:30:00,43.0,378.0,285.0,84.48699999999998,110.0,388.0,350.0,0.0,60.0,93.39,466.895,-999.0,16.956,148.793,1.919,34
2010-10-09 15:45:00,37.0,318.0,284.0,84.851,90.0,329.0,363.0,0.0,59.0,95.19,400.488,-995.0,16.263,232.29,2.9,34
2010-10-09 16:00:00,28.0,240.0,284.0,84.507,68.0,248.0,362.0,0.0,60.0,91.82,344.043,-988.0,16.763,101.723,1.913,34
2010-10-09 16:15:00,16.0,139.0,284.0,83.626,38.0,141.0,362.0,0.0,59.0,87.84,261.426,971.0,17.512,117.202,2.475,34
2010-10-09 16:30:00,9.0,72.0,284.0,83.019,20.0,74.0,354.0,0.0,59.0,85.42,188.867,-899.0,17.412,96.637,2.794,34
2010-10-09 16:45:00,4.0,29.0,283.0,82.037,8.0,28.0,352.0,0.0,58.0,83.08,39.941,687.0,17.875,108.9,2.087,34
2010-10-09 17:00:00,3.0,1.0,283.0,80.903,1.0,5.0,304.0,0.0,58.0,80.7,13.867,0.0,18.813,118.598,2.069,34
2010-10-09 17:15:00,0.0,-2.0,282.0,79.516,1.0,0.0,357.0,0.0,58.0,78.2,5.371,0.0,21.0,141.57,1.587,34
2010-10-09 17:30:00,2.0,-9.0,282.0,78.432,1.0,4.0,292.0,0.0,58.0,77.39,1.66,0.0,21.981,140.063,1.069,34
2010-10-09 17:45:00,0.0,-2.0,281.0,76.91299999999998,1.0,0.0,49.0,0.0,58.0,74.34999999999998,0.391,0.0,23.469,172.013,1.231,34
2010-10-09 18:00:00,0.0,-2.0,281.0,76.083,1.0,0.0,3.0,0.0,57.0,72.76999999999998,0.391,0.0,23.706,179.145,1.219,34
2010-10-09 18:15:00,0.0,-3.0,282.0,75.283,1.0,0.0,1.0,0.0,56.0,72.76999999999998,0.195,0.0,24.425,173.565,1.544,34
2010-10-09 18:30:00,0.0,-3.0,283.0,74.676,1.0,0.0,1.0,0.0,56.0,71.05,0.0,0.0,24.988,170.1,1.581,34
2010-10-09 18:45:00,0.0,-3.0,285.0,73.673,1.0,0.0,1.0,0.0,55.0,67.22,0.195,0.0,26.3,217.62,0.6999999999999998,34
