system_id,timestamp,ac_power,poa_irradiance,ambient_temp,sin_hora,cos_hora,sin_dia_anual,cos_dia_anual,experiment,predicted_ac_power,residual_ac_power,target
1239,2019-08-31 06:00:00,280.0,55.13025,11.747224562000005,1.0,6.123233995736766e-17,-0.8631421280499115,-0.5049610547215202,regresion_individual_ac_power,708.7110602557548,-428.7110602557548,ac_power
1239,2019-08-31 07:00:00,2855.0,203.21975,15.266947065800004,0.9659258262890684,-0.2588190451025206,-0.8631421280499115,-0.5049610547215202,regresion_individual_ac_power,3461.3659425952965,-606.3659425952965,ac_power
1239,2019-08-31 08:00:00,6860.0,377.35825,16.932086087900004,0.8660254037844387,-0.4999999999999998,-0.8631421280499115,-0.5049610547215202,regresion_individual_ac_power,6719.036281420518,140.9637185794818,ac_power
1239,2019-08-31 09:00:00,10375.0,449.9938,19.347225170000005,0.7071067811865476,-0.7071067811865475,-0.8631421280499115,-0.5049610547215202,regresion_individual_ac_power,8278.35882506535,2096.64117493465,ac_power
1239,2019-08-31 10:00:00,12405.0,614.0664999999999,21.1465308695,0.4999999999999999,-0.8660254037844387,-0.8631421280499115,-0.5049610547215202,regresion_individual_ac_power,11443.721223263363,961.2787767366372,ac_power
1239,2019-08-31 11:00:00,9600.0,507.8205,21.47139200660001,0.258819045102521,-0.9659258262890682,-0.8631421280499115,-0.5049610547215202,regresion_individual_ac_power,9780.415396313272,-180.41539631327214,ac_power
1239,2019-08-31 12:00:00,5580.0,302.9425,20.8441697342,1.2246467991473532e-16,-1.0,-0.8631421280499115,-0.5049610547215202,regresion_individual_ac_power,6171.815456486892,-591.8154564868919,ac_power
1239,2019-08-31 13:00:00,12200.0,613.39,20.3463919166,-0.2588190451025208,-0.9659258262890684,-0.8631421280499115,-0.5049610547215202,regresion_individual_ac_power,11853.178495894994,346.82150410500617,ac_power
1239,2019-08-31 14:00:00,6395.0,334.7725,20.512503041,-0.4999999999999997,-0.8660254037844388,-0.8631421280499115,-0.5049610547215202,regresion_individual_ac_power,6677.247895635683,-282.24789563568265,ac_power
1239,2019-08-31 15:00:00,6225.0,331.84925,20.8036141754,-0.7071067811865471,-0.7071067811865479,-0.8631421280499115,-0.5049610547215202,regresion_individual_ac_power,6461.741038822706,-236.7410388227063,ac_power
1239,2019-08-31 16:00:00,6270.0,348.692,20.741669726000005,-0.8660254037844385,-0.5000000000000004,-0.8631421280499115,-0.5049610547215202,regresion_individual_ac_power,6540.653761379342,-270.65376137934163,ac_power
1239,2019-08-31 17:00:00,1120.0,91.4105,19.364864060300004,-0.9659258262890684,-0.2588190451025206,-0.8631421280499115,-0.5049610547215202,regresion_individual_ac_power,1643.6485641219083,-523.6485641219083,ac_power
1239,2019-08-31 18:00:00,330.0,53.38475,18.539308438700004,-1.0,-1.8369701987210287e-16,-0.8631421280499115,-0.5049610547215202,regresion_individual_ac_power,752.1554663893139,-422.1554663893139,ac_power
1239,2019-09-01 06:00:00,270.0,58.48975,5.821390754600005,1.0,6.123233995736766e-17,-0.8717063187093217,-0.4900286664290594,regresion_individual_ac_power,521.5910616147726,-251.59106161477257,ac_power
1239,2019-09-01 07:00:00,3030.0,215.39325,9.1315299083,0.9659258262890684,-0.2588190451025206,-0.8717063187093217,-0.4900286664290594,regresion_individual_ac_power,3498.931983021773,-468.9319830217728,ac_power
1239,2019-09-01 08:00:00,7020.0,379.8015,13.721530275500005,0.8660254037844387,-0.4999999999999998,-0.8717063187093217,-0.4900286664290594,regresion_individual_ac_power,6712.824878132905,307.1751218670952,ac_power
1239,2019-09-01 09:00:00,10700.0,533.65125,17.463613908200003,0.7071067811865476,-0.7071067811865475,-0.8717063187093217,-0.4900286664290594,regresion_individual_ac_power,9734.65540641117,965.3445935888303,ac_power
1239,2019-09-01 10:00:00,12800.0,660.90625,20.6248641611,0.4999999999999999,-0.8660254037844387,-0.8717063187093217,-0.4900286664290594,regresion_individual_ac_power,12274.558618772693,525.4413812273069,ac_power
1239,2019-09-01 11:00:00,14600.0,748.17175,21.8033364776,0.258819045102521,-0.9659258262890682,-0.8717063187093217,-0.4900286664290594,regresion_individual_ac_power,14073.740335752243,526.2596642477565,ac_power
1239,2019-09-01 12:00:00,15035.0,770.90475,19.210141825700003,1.2246467991473532e-16,-1.0,-0.8717063187093217,-0.4900286664290594,regresion_individual_ac_power,14651.990900713881,383.0090992861187,ac_power
1239,2019-09-01 13:00:00,14619.5,754.30225,19.601252968100003,-0.2588190451025208,-0.9659258262890684,-0.8717063187093217,-0.4900286664290594,regresion_individual_ac_power,14407.178857829016,212.32114217098388,ac_power
1239,2019-09-01 14:00:00,13105.0,679.9957499999999,22.755280998200003,-0.4999999999999997,-0.8660254037844388,-0.8717063187093217,-0.4900286664290594,regresion_individual_ac_power,12964.183960854403,140.81603914559673,ac_power
1239,2019-09-01 15:00:00,10744.0,564.7484000000001,22.7705587772,-0.7071067811865471,-0.7071067811865479,-0.8717063187093217,-0.4900286664290594,regresion_individual_ac_power,10683.129227050129,60.870772949871025,ac_power
1239,2019-09-01 16:00:00,7470.0,420.48925,23.44430883110001,-0.8660254037844385,-0.5000000000000004,-0.8717063187093217,-0.4900286664290594,regresion_individual_ac_power,7779.0244859133545,-309.0244859133545,ac_power
1239,2019-09-01 17:00:00,3310.0,254.99,22.763614332200007,-0.9659258262890684,-0.2588190451025206,-0.8717063187093217,-0.4900286664290594,regresion_individual_ac_power,4517.403111057248,-1207.4031110572478,ac_power
1239,2019-09-01 18:00:00,205.0,73.914,20.7808363958,-1.0,-1.8369701987210287e-16,-0.8717063187093217,-0.4900286664290594,regresion_individual_ac_power,1072.8565225279688,-867.8565225279688,ac_power
1239,2019-09-02 06:00:00,10.0,5.36675,10.068057761000002,1.0,6.123233995736766e-17,-0.8800122039735356,-0.4749510720670502,regresion_individual_ac_power,-161.67432964049215,171.67432964049215,ac_power
1239,2019-09-02 07:00:00,10.0,20.8568,9.97922442056,0.9659258262890684,-0.2588190451025206,-0.8800122039735356,-0.4749510720670502,regresion_individual_ac_power,217.42560352735222,-207.42560352735222,ac_power
1239,2019-09-02 08:00:00,265.0,40.07675,10.162224435200004,0.8660254037844387,-0.4999999999999998,-0.8800122039735356,-0.4749510720670502,regresion_individual_ac_power,677.0448909957015,-412.0448909957015,ac_power
1239,2019-09-02 09:00:00,500.0,47.071000000000005,10.402224454400002,0.7071067811865476,-0.7071067811865475,-0.8800122039735356,-0.4749510720670502,regresion_individual_ac_power,921.6078256814433,-421.6078256814433,ac_power
1239,2019-09-02 10:00:00,1520.0,89.55625,10.606668915200002,0.4999999999999999,-0.8660254037844387,-0.8800122039735356,-0.4749510720670502,regresion_individual_ac_power,1787.7923831986432,-267.79238319864317,ac_power
1239,2019-09-02 11:00:00,3055.0,160.91775,11.3997245342,0.258819045102521,-0.9659258262890682,-0.8800122039735356,-0.4749510720670502,regresion_individual_ac_power,3212.6568865159506,-157.65688651595065,ac_power
1239,2019-09-02 12:00:00,2535.0,133.90925,11.980696802900002,1.2246467991473532e-16,-1.0,-0.8800122039735356,-0.4749510720670502,regresion_individual_ac_power,2796.119647733467,-261.119647733467,ac_power
1239,2019-09-02 13:00:00,1495.0,87.15675,12.592363518500004,-0.2588190451025208,-0.9659258262890684,-0.8800122039735356,-0.4749510720670502,regresion_individual_ac_power,1959.4456006361647,-464.4456006361647,ac_power
1239,2019-09-02 14:00:00,1885.0,102.886,12.900419098700002,-0.4999999999999997,-0.8660254037844388,-0.8800122039735356,-0.4749510720670502,regresion_individual_ac_power,2215.5648717005074,-330.5648717005074,ac_power
1239,2019-09-02 15:00:00,1550.0,93.61425,12.9241691006,-0.7071067811865471,-0.7071067811865479,-0.8800122039735356,-0.4749510720670502,regresion_individual_ac_power,1951.6653064171142,-401.66530641711415,ac_power
1239,2019-09-02 16:00:00,1135.0,70.85975,13.346113578800002,-0.8660254037844385,-0.5000000000000004,-0.8800122039735356,-0.4749510720670502,regresion_individual_ac_power,1424.4202650390416,-289.4202650390416,ac_power
1239,2019-09-02 17:00:00,5.0,24.0635,13.957780294400004,-0.9659258262890684,-0.2588190451025206,-0.8800122039735356,-0.4749510720670502,regresion_individual_ac_power,440.8754438529468,-435.8754438529468,ac_power
1239,2019-09-02 18:00:00,15.0,11.17,13.441669142000004,-1.0,-1.8369701987210287e-16,-0.8800122039735356,-0.4749510720670502,regresion_individual_ac_power,49.090840699026444,-34.090840699026444,ac_power
1239,2019-09-03 06:00:00,10.0,9.92625,13.012919107700004,1.0,6.123233995736766e-17,-0.888057322629493,-0.4597327394521046,regresion_individual_ac_power,0.04569805704954888,9.954301942950451,ac_power
1239,2019-09-03 07:00:00,195.0,39.79325,12.560141293700005,0.9659258262890684,-0.2588190451025206,-0.888057322629493,-0.4597327394521046,regresion_individual_ac_power,648.8790918424143,-453.87909184241425,ac_power
1239,2019-09-03 08:00:00,5145.0,286.493,14.495002559600003,0.8660254037844387,-0.4999999999999998,-0.888057322629493,-0.4597327394521046,regresion_individual_ac_power,5131.312676012438,13.687323987562195,ac_power
1239,2019-09-03 09:00:00,7985.0,403.9525,16.507224942800004,0.7071067811865476,-0.7071067811865475,-0.888057322629493,-0.4597327394521046,regresion_individual_ac_power,7464.96872776429,520.0312722357103,ac_power
1239,2019-09-03 10:00:00,12525.0,652.856,17.913613944200005,0.4999999999999999,-0.8660254037844387,-0.888057322629493,-0.4597327394521046,regresion_individual_ac_power,12121.547878602454,403.45212139754585,ac_power
1239,2019-09-03 11:00:00,14655.0,725.068,20.368891918400003,0.258819045102521,-0.9659258262890682,-0.888057322629493,-0.4597327394521046,regresion_individual_ac_power,13669.434945403162,985.5650545968383,ac_power
1239,2019-09-03 12:00:00,15395.0,761.15275,18.516808436900007,1.2246467991473532e-16,-1.0,-0.888057322629493,-0.4597327394521046,regresion_individual_ac_power,14462.806349606644,932.1936503933557,ac_power
1239,2019-09-03 13:00:00,13755.0,680.5844999999999,18.664586226500003,-0.2588190451025208,-0.9659258262890684,-0.888057322629493,-0.4597327394521046,regresion_individual_ac_power,13064.530002211992,690.4699977880082,ac_power
1239,2019-09-03 14:00:00,12175.0,628.8142499999999,20.977780856000003,-0.4999999999999997,-0.8660254037844388,-0.888057322629493,-0.4597327394521046,regresion_individual_ac_power,12068.053740418782,106.94625958121833,ac_power
1239,2019-09-03 15:00:00,10695.0,556.493,22.3433365208,-0.7071067811865471,-0.7071067811865479,-0.888057322629493,-0.4597327394521046,regresion_individual_ac_power,10559.512374587883,135.48762541211727,ac_power
1239,2019-09-03 16:00:00,6500.0,361.86875,21.382919777300003,-0.8660254037844385,-0.5000000000000004,-0.888057322629493,-0.4597327394521046,regresion_individual_ac_power,6804.940245647809,-304.9402456478092,ac_power
1239,2019-09-03 17:00:00,2289.25,159.369,18.902225134400005,-0.9659258262890684,-0.2588190451025206,-0.888057322629493,-0.4597327394521046,regresion_individual_ac_power,2932.101375177059,-642.8513751770588,ac_power
1239,2019-09-03 18:00:00,285.0,46.8835,16.936391643800004,-1.0,-1.8369701987210287e-16,-0.888057322629493,-0.4597327394521046,regresion_individual_ac_power,715.4599570162868,-430.4599570162868,ac_power
1239,2019-09-04 06:00:00,5.0,18.08575,11.6122245512,1.0,6.123233995736766e-17,-0.8958392907349089,-0.4443781781046134,regresion_individual_ac_power,116.69674879817444,-111.69674879817444,ac_power
1239,2019-09-04 07:00:00,260.0,47.16725,11.9512523561,0.9659258262890684,-0.2588190451025206,-0.8958392907349089,-0.4443781781046134,regresion_individual_ac_power,763.9794993237729,-503.97949932377287,ac_power
1239,2019-09-04 08:00:00,2390.0,133.32025,12.700835749400005,0.8660254037844387,-0.4999999999999998,-0.8958392907349089,-0.4443781781046134,regresion_individual_ac_power,2433.9137992474834,-43.91379924748344,ac_power
1239,2019-09-04 09:00:00,4045.0,218.33875,15.3176415143,0.7071067811865476,-0.7071067811865475,-0.8958392907349089,-0.4443781781046134,regresion_individual_ac_power,4192.155857256121,-147.15585725612073,ac_power
1239,2019-09-04 10:00:00,3705.0,199.03125,17.005141649300004,0.4999999999999999,-0.8660254037844387,-0.8958392907349089,-0.4443781781046134,regresion_individual_ac_power,4070.8054459839186,-365.8054459839186,ac_power
1239,2019-09-04 11:00:00,1165.0,78.56099999999999,17.346808343300005,0.258819045102521,-0.9659258262890682,-0.8958392907349089,-0.4443781781046134,regresion_individual_ac_power,2016.710746849279,-851.7107468492791,ac_power
1239,2019-09-04 12:00:00,2870.0,155.922,15.895558227200004,1.2246467991473532e-16,-1.0,-0.8958392907349089,-0.4443781781046134,regresion_individual_ac_power,3424.8955195734716,-554.8955195734716,ac_power
1239,2019-09-04 13:00:00,830.0,61.304,16.126252690100003,-0.2588190451025208,-0.9659258262890684,-0.8958392907349089,-0.4443781781046134,regresion_individual_ac_power,1678.3420360556402,-848.3420360556402,ac_power
1239,2019-09-04 14:00:00,5530.0,281.12625,17.075419432700006,-0.4999999999999997,-0.8660254037844388,-0.8958392907349089,-0.4443781781046134,regresion_individual_ac_power,5695.021654611397,-165.02165461139703,ac_power
1239,2019-09-04 15:00:00,3710.0,209.04475,19.32403072370001,-0.7071067811865471,-0.7071067811865479,-0.8958392907349089,-0.4443781781046134,regresion_individual_ac_power,4270.207779157373,-560.2077791573729,ac_power
1239,2019-09-04 16:00:00,1290.0,91.847,19.581391855400003,-0.8660254037844385,-0.5000000000000004,-0.8958392907349089,-0.4443781781046134,regresion_individual_ac_power,1938.0543246894822,-648.0543246894822,ac_power
1239,2019-09-04 17:00:00,1585.0,121.4955,19.445141844500004,-0.9659258262890684,-0.2588190451025206,-0.8958392907349089,-0.4443781781046134,regresion_individual_ac_power,2260.0206355096466,-675.0206355096466,ac_power
1239,2019-09-04 18:00:00,230.0,30.085,19.0723640369,-1.0,-1.8369701987210287e-16,-0.8958392907349089,-0.4443781781046134,regresion_individual_ac_power,403.358734734491,-173.358734734491,ac_power
1239,2019-09-05 06:00:00,185.0,47.211,8.224585391300003,1.0,6.123233995736766e-17,-0.9033558023246842,-0.4288919379124841,regresion_individual_ac_power,481.02276298204083,-296.02276298204083,ac_power
1239,2019-09-05 07:00:00,2405.0,168.92425,9.8769466346,0.9659258262890684,-0.2588190451025206,-0.9033558023246842,-0.4288919379124841,regresion_individual_ac_power,2753.223443290843,-348.2234432908431,ac_power
1239,2019-09-05 08:00:00,6405.0,350.39325,12.635974633100002,0.8660254037844387,-0.4999999999999998,-0.9033558023246842,-0.4288919379124841,regresion_individual_ac_power,6175.278518730175,229.72148126982484,ac_power
1239,2019-09-05 09:00:00,8760.0,429.63075,14.559585898100003,0.7071067811865476,-0.7071067811865475,-0.9033558023246842,-0.4288919379124841,regresion_individual_ac_power,7864.973236886772,895.0267631132283,ac_power
1239,2019-09-05 10:00:00,12000.0,597.28975,17.720975039900004,0.4999999999999999,-0.8660254037844387,-0.9033558023246842,-0.4288919379124841,regresion_individual_ac_power,11141.03739252399,858.9626074760108,ac_power
1239,2019-09-05 11:00:00,14445.0,713.30925,20.2100030168,0.258819045102521,-0.9659258262890682,-0.9033558023246842,-0.4288919379124841,regresion_individual_ac_power,13459.09640160657,985.90359839343,ac_power
1239,2019-09-05 12:00:00,15040.0,747.343,19.394447396000004,1.2246467991473532e-16,-1.0,-0.9033558023246842,-0.4288919379124841,regresion_individual_ac_power,14222.123837649535,817.8761623504652,ac_power
1239,2019-09-05 13:00:00,14705.0,723.34475,19.684169641400004,-0.2588190451025208,-0.9659258262890684,-0.9033558023246842,-0.4288919379124841,regresion_individual_ac_power,13845.885627657779,859.114372342221,ac_power
1239,2019-09-05 14:00:00,13445.0,657.3934999999999,21.039725305400005,-0.4999999999999997,-0.8660254037844388,-0.9033558023246842,-0.4288919379124841,regresion_individual_ac_power,12591.593215930585,853.4067840694152,ac_power
1239,2019-09-05 15:00:00,10280.0,515.5,21.242225321600007,-0.7071067811865471,-0.7071067811865479,-0.9033558023246842,-0.4288919379124841,regresion_individual_ac_power,9851.80229789418,428.1977021058192,ac_power
1239,2019-09-05 16:00:00,7400.0,405.08675,20.5461141548,-0.8660254037844385,-0.5000000000000004,-0.9033558023246842,-0.4288919379124841,regresion_individual_ac_power,7622.538263344686,-222.53826334468613,ac_power
1239,2019-09-05 17:00:00,2175.0,163.38275,19.533614073800003,-0.9659258262890684,-0.2588190451025206,-0.9033558023246842,-0.4288919379124841,regresion_individual_ac_power,3029.8880239198484,-854.8880239198484,ac_power
1239,2019-09-05 18:00:00,10.0,28.7105,16.946113866800005,-1.0,-1.8369701987210287e-16,-0.9033558023246842,-0.4288919379124841,regresion_individual_ac_power,427.99214622062823,-417.99214622062823,ac_power
1239,2019-09-06 06:00:00,195.0,44.83275,6.530001922400004,1.0,6.123233995736766e-17,-0.9106046300942162,-0.4132786077829044,regresion_individual_ac_power,349.356572348609,-154.356572348609,ac_power
1239,2019-09-06 07:00:00,2665.0,198.00575,8.903752112300005,0.9659258262890684,-0.2588190451025206,-0.9106046300942162,-0.4132786077829044,regresion_individual_ac_power,3196.7866999058842,-531.7866999058842,ac_power
1239,2019-09-06 08:00:00,5295.75,294.30325,12.057919031300004,0.8660254037844387,-0.4999999999999998,-0.9106046300942162,-0.4132786077829044,regresion_individual_ac_power,5190.969914547544,104.78008545245575,ac_power
1239,2019-09-06 09:00:00,10069.5,507.9295,16.429863825500004,0.7071067811865476,-0.7071067811865475,-0.9106046300942162,-0.4132786077829044,regresion_individual_ac_power,9275.405368145273,794.0946318547267,ac_power
1239,2019-09-06 10:00:00,11490.0,581.97425,17.595836141000003,0.4999999999999999,-0.8660254037844387,-0.9106046300942162,-0.4132786077829044,regresion_individual_ac_power,10869.94351715945,620.0564828405495,ac_power
1239,2019-09-06 11:00:00,14175.0,716.73425,18.861391797800007,0.258819045102521,-0.9659258262890682,-0.9106046300942162,-0.4132786077829044,regresion_individual_ac_power,13505.321582158964,669.6784178410362,ac_power
1239,2019-09-06 12:00:00,12675.0,634.8137499999999,17.394586124900005,1.2246467991473532e-16,-1.0,-0.9106046300942162,-0.4132786077829044,regresion_individual_ac_power,12169.034665174038,505.9653348259617,ac_power
1239,2019-09-06 13:00:00,14760.0,743.4377499999999,18.2215306355,-0.2588190451025208,-0.9659258262890684,-0.9106046300942162,-0.4132786077829044,regresion_individual_ac_power,14184.88177214193,575.1182278580709,ac_power
1239,2019-09-06 14:00:00,13050.0,674.8905,21.848336481200004,-0.4999999999999997,-0.8660254037844388,-0.9106046300942162,-0.4132786077829044,regresion_individual_ac_power,12905.077883105481,144.9221168945187,ac_power
1239,2019-09-06 15:00:00,10565.0,548.77,22.8636143402,-0.7071067811865471,-0.7071067811865479,-0.9106046300942162,-0.4132786077829044,regresion_individual_ac_power,10434.874854244237,130.1251457557628,ac_power
1239,2019-09-06 16:00:00,7065.0,400.549,20.7752808398,-0.8660254037844385,-0.5000000000000004,-0.9106046300942162,-0.4132786077829044,regresion_individual_ac_power,7549.069191666318,-484.06919166631815,ac_power
1239,2019-09-06 17:00:00,2835.0,228.5925,21.316669772000004,-0.9659258262890684,-0.2588190451025206,-0.9106046300942162,-0.4132786077829044,regresion_individual_ac_power,4179.501278504382,-1344.5012785043818,ac_power
1239,2019-09-06 18:00:00,60.0,46.229,17.321669452400005,-1.0,-1.8369701987210287e-16,-0.9106046300942162,-0.4132786077829044,regresion_individual_ac_power,755.3309210448356,-695.3309210448356,ac_power
1239,2019-09-07 06:00:00,20.0,6.501250000000001,7.397640880700004,1.0,6.123233995736766e-17,-0.9175836260593934,-0.3975428142825566,regresion_individual_ac_power,-234.65053487150942,254.65053487150942,ac_power
1239,2019-09-07 07:00:00,80.0,32.528,8.0894464916,0.9659258262890684,-0.2588190451025206,-0.9175836260593934,-0.3975428142825566,regresion_individual_ac_power,343.6493555184618,-263.6493555184618,ac_power
1239,2019-09-07 08:00:00,800.0,64.86025000000001,9.38889104,0.8660254037844387,-0.4999999999999998,-0.9175836260593934,-0.3975428142825566,regresion_individual_ac_power,1094.1309855655327,-294.1309855655327,ac_power
1239,2019-09-07 09:00:00,1075.0,74.4028,10.506891129440003,0.7071067811865476,-0.7071067811865475,-0.9175836260593934,-0.3975428142825566,regresion_individual_ac_power,1449.2534366664759,-374.25343666647586,ac_power
1239,2019-09-07 10:00:00,1540.0,94.94525,11.7218078933,0.4999999999999999,-0.8660254037844387,-0.9175836260593934,-0.3975428142825566,regresion_individual_ac_power,1997.194195300849,-457.19419530084906,ac_power
1239,2019-09-07 11:00:00,950.0,68.6345,12.2562523805,0.258819045102521,-0.9659258262890682,-0.9175836260593934,-0.3975428142825566,regresion_individual_ac_power,1630.1683635773898,-680.1683635773898,ac_power
1239,2019-09-07 12:00:00,1430.0,88.618,12.448891284800002,1.2246467991473532e-16,-1.0,-0.9175836260593934,-0.3975428142825566,regresion_individual_ac_power,2039.758166933737,-609.7581669337369,ac_power
1239,2019-09-07 13:00:00,1370.0,86.9165,12.629030188100002,-0.2588190451025208,-0.9659258262890684,-0.9175836260593934,-0.3975428142825566,regresion_individual_ac_power,2011.2904227586068,-641.2904227586068,ac_power
1239,2019-09-07 14:00:00,880.0,62.3295,11.973613469000004,-0.4999999999999997,-0.8660254037844388,-0.9175836260593934,-0.3975428142825566,regresion_individual_ac_power,1465.0161136678516,-585.0161136678516,ac_power
1239,2019-09-07 15:00:00,625.0,49.1085,11.6248634411,-0.7071067811865471,-0.7071067811865479,-0.9175836260593934,-0.3975428142825566,regresion_individual_ac_power,1118.1386988429026,-493.1386988429026,ac_power
1239,2019-09-07 16:00:00,205.0,34.775,10.582780024400003,-0.8660254037844385,-0.5000000000000004,-0.9175836260593934,-0.3975428142825566,regresion_individual_ac_power,692.2135995438452,-487.21359954384525,ac_power
1239,2019-09-07 17:00:00,-15.0,26.35425,9.248474362100003,-0.9659258262890684,-0.2588190451025206,-0.9175836260593934,-0.3975428142825566,regresion_individual_ac_power,357.00804531761946,-372.00804531761946,ac_power
1239,2019-09-07 18:00:00,-45.0,8.77025,8.725140986900001,-1.0,-1.8369701987210287e-16,-0.9175836260593934,-0.3975428142825566,regresion_individual_ac_power,-85.43781621953974,40.43781621953974,ac_power
1239,2019-09-08 06:00:00,60.0,16.646,6.324724128200002,1.0,6.123233995736766e-17,-0.9242907221930934,-0.3816892202666586,regresion_individual_ac_power,-127.49070539302761,187.4907053930276,ac_power
1239,2019-09-08 07:00:00,1785.0,121.648,7.0531964087000025,0.9659258262890684,-0.2588190451025206,-0.9242907221930934,-0.3816892202666586,regresion_individual_ac_power,1789.2059331695723,-4.20593316957229,ac_power
1239,2019-09-08 08:00:00,4185.0,229.836,8.812224327200003,0.8660254037844387,-0.4999999999999998,-0.9242907221930934,-0.3816892202666586,regresion_individual_ac_power,3903.0654090386324,281.9345909613676,ac_power
1239,2019-09-08 09:00:00,10040.0,492.8545,11.333613417800004,0.7071067811865476,-0.7071067811865475,-0.9242907221930934,-0.3816892202666586,regresion_individual_ac_power,8807.113371204074,1232.8866287959263,ac_power
1239,2019-09-08 10:00:00,9810.0,525.18625,13.994308075100005,0.4999999999999999,-0.8660254037844387,-0.9242907221930934,-0.3816892202666586,regresion_individual_ac_power,9751.569847950053,58.43015204994663,ac_power
1239,2019-09-08 11:00:00,10095.0,494.92725,15.054585937700004,0.258819045102521,-0.9659258262890682,-0.9242907221930934,-0.3816892202666586,regresion_individual_ac_power,9456.951392858908,638.0486071410924,ac_power
1239,2019-09-08 12:00:00,5705.0,292.23075,14.923752593900003,1.2246467991473532e-16,-1.0,-0.9242907221930934,-0.3816892202666586,regresion_individual_ac_power,5904.372792337397,-199.3727923373972,ac_power
1239,2019-09-08 13:00:00,6510.0,325.50075,15.793058219000004,-0.2588190451025208,-0.9659258262890684,-0.9242907221930934,-0.3816892202666586,regresion_individual_ac_power,6560.272070574065,-50.272070574064855,ac_power
1239,2019-09-08 14:00:00,7305.0,371.66425,17.166947217800008,-0.4999999999999997,-0.8660254037844388,-0.9242907221930934,-0.3816892202666586,regresion_individual_ac_power,7388.058047024719,-83.05804702471869,ac_power
1239,2019-09-08 15:00:00,11650.0,566.005,17.481947243000004,-0.7071067811865471,-0.7071067811865479,-0.9242907221930934,-0.3816892202666586,regresion_individual_ac_power,10764.476411958882,885.5235880411183,ac_power
1239,2019-09-08 16:00:00,2130.0,123.917,15.726947102600004,-0.8660254037844385,-0.5000000000000004,-0.9242907221930934,-0.3816892202666586,regresion_individual_ac_power,2549.314833064426,-419.3148330644258,ac_power
1239,2019-09-08 17:00:00,2450.0,182.29775,15.475141526900003,-0.9659258262890684,-0.2588190451025206,-0.9242907221930934,-0.3816892202666586,regresion_individual_ac_power,3409.2115408444333,-959.2115408444333,ac_power
1239,2019-09-08 18:00:00,70.0,61.9585,13.870696954100003,-1.0,-1.8369701987210287e-16,-0.9242907221930934,-0.3816892202666586,regresion_individual_ac_power,1050.81695581513,-980.8169558151301,ac_power
1239,2019-09-09 06:00:00,80.0,38.81125,5.911390761800003,1.0,6.123233995736766e-17,-0.9307239310379792,-0.3657225234972692,regresion_individual_ac_power,217.38010365281752,-137.38010365281752,ac_power
1239,2019-09-09 07:00:00,2300.0,179.81075,9.134446575200002,0.9659258262890684,-0.2588190451025206,-0.9307239310379792,-0.3657225234972692,regresion_individual_ac_power,2908.4902481945787,-608.4902481945787,ac_power
1239,2019-09-09 08:00:00,6230.0,330.737,12.385557946400002,0.8660254037844387,-0.4999999999999998,-0.9307239310379792,-0.3657225234972692,regresion_individual_ac_power,5833.5968578043985,396.4031421956015,ac_power
1239,2019-09-09 09:00:00,9895.0,487.575,15.1658359466,0.7071067811865476,-0.7071067811865475,-0.9307239310379792,-0.3657225234972692,regresion_individual_ac_power,8890.059544403832,1004.9404555961682,ac_power
1239,2019-09-09 10:00:00,11385.0,594.9114999999999,19.020280699400004,0.4999999999999999,-0.8660254037844387,-0.9307239310379792,-0.3657225234972692,regresion_individual_ac_power,11121.510506346864,263.4894936531364,ac_power
1239,2019-09-09 11:00:00,9370.0,460.479,16.631113841600005,0.258819045102521,-0.9659258262890682,-0.9307239310379792,-0.3657225234972692,regresion_individual_ac_power,8908.97091418389,461.0290858161097,ac_power
1239,2019-09-09 12:00:00,7025.0,354.844,16.404724934600004,1.2246467991473532e-16,-1.0,-0.9307239310379792,-0.3657225234972692,regresion_individual_ac_power,7109.563575105309,-84.5635751053087,ac_power
1239,2019-09-09 13:00:00,3935.0,219.62575,16.5973638389,-0.2588190451025208,-0.9659258262890684,-0.9307239310379792,-0.3657225234972692,regresion_individual_ac_power,4672.437179722163,-737.4371797221629,ac_power
1239,2019-09-09 14:00:00,11930.0,580.49125,17.879863941500005,-0.4999999999999997,-0.8660254037844388,-0.9307239310379792,-0.3657225234972692,regresion_individual_ac_power,11188.530703402663,741.4692965973372,ac_power
1239,2019-09-09 15:00:00,5100.0,270.698,18.258197305100005,-0.7071067811865471,-0.7071067811865479,-0.9307239310379792,-0.3657225234972692,regresion_individual_ac_power,5452.438198763833,-352.4381987638326,ac_power
1239,2019-09-09 16:00:00,3800.0,218.3385,18.831808462100003,-0.8660254037844385,-0.5000000000000004,-0.9307239310379792,-0.3657225234972692,regresion_individual_ac_power,4318.3950621705935,-518.3950621705935,ac_power
1239,2019-09-09 17:00:00,2200.0,152.88925,17.234447223200004,-0.9659258262890684,-0.2588190451025206,-0.9307239310379792,-0.3657225234972692,regresion_individual_ac_power,2917.0251124568535,-717.0251124568535,ac_power
1239,2019-09-09 18:00:00,295.0,52.35925,15.670697098100003,-1.0,-1.8369701987210287e-16,-0.9307239310379792,-0.3657225234972692,regresion_individual_ac_power,918.3654392932237,-623.3654392932237,ac_power
1239,2019-09-10 06:00:00,75.0,25.9615,3.492501679400001,1.0,6.123233995736766e-17,-0.9368813462954316,-0.3496474552512282,regresion_individual_ac_power,-185.96141663083267,260.9614166308327,ac_power
1239,2019-09-10 07:00:00,2025.0,138.949,5.930974096700003,0.9659258262890684,-0.2588190451025206,-0.9368813462954316,-0.3496474552512282,regresion_individual_ac_power,1997.7813135987835,27.218686401216473,ac_power
1239,2019-09-10 08:00:00,6175.0,332.59125,10.465974459500003,0.8660254037844387,-0.4999999999999998,-0.9368813462954316,-0.3496474552512282,regresion_individual_ac_power,5765.758587923635,409.2414120763651,ac_power
1239,2019-09-10 09:00:00,9905.0,494.18525,15.544030421300004,0.7071067811865476,-0.7071067811865475,-0.9368813462954316,-0.3496474552512282,regresion_individual_ac_power,9016.292457220541,888.7075427794589,ac_power
1239,2019-09-10 10:00:00,11845.0,618.6477500000001,19.8612529889,0.4999999999999999,-0.8660254037844387,-0.9368813462954316,-0.3496474552512282,regresion_individual_ac_power,11544.700018606902,300.2999813930983,ac_power
1239,2019-09-10 11:00:00,13415.0,700.1977499999999,21.5852809046,0.258819045102521,-0.9659258262890682,-0.9368813462954316,-0.3496474552512282,regresion_individual_ac_power,13232.982706762383,182.0172932376172,ac_power
1239,2019-09-10 12:00:00,13390.0,692.32175,18.951252916100003,1.2246467991473532e-16,-1.0,-0.9368813462954316,-0.3496474552512282,regresion_individual_ac_power,13228.299758288807,161.70024171119258,ac_power
1239,2019-09-10 13:00:00,10480.0,540.93775,19.577225188400003,-0.2588190451025208,-0.9659258262890684,-0.9368813462954316,-0.3496474552512282,regresion_individual_ac_power,10578.170597225295,-98.17059722529484,ac_power
1239,2019-09-10 14:00:00,7730.0,406.22125,19.444864066700003,-0.4999999999999997,-0.8660254037844388,-0.9368813462954316,-0.3496474552512282,regresion_individual_ac_power,8080.4360005517865,-350.4360005517865,ac_power
1239,2019-09-10 15:00:00,4480.0,244.67075,17.7675028214,-0.7071067811865471,-0.7071067811865479,-0.9368813462954316,-0.3496474552512282,regresion_individual_ac_power,4983.774593372301,-503.77459337230084,ac_power
1239,2019-09-10 16:00:00,3475.0,198.7255,18.4761139892,-0.8660254037844385,-0.5000000000000004,-0.9368813462954316,-0.3496474552512282,regresion_individual_ac_power,3977.913106859449,-502.9131068594488,ac_power
1239,2019-09-10 17:00:00,775.0,66.67099999999999,16.894030529300004,-0.9659258262890684,-0.2588190451025206,-0.9368813462954316,-0.3496474552512282,regresion_individual_ac_power,1389.1843674565225,-614.1843674565225,ac_power
1239,2019-09-10 18:00:00,10.0,20.04925,15.610141537700004,-1.0,-1.8369701987210287e-16,-0.9368813462954316,-0.3496474552512282,regresion_individual_ac_power,364.48891180020223,-354.48891180020223,ac_power
1239,2019-09-11 06:00:00,10.0,2.90175,13.409308028300002,1.0,6.123233995736766e-17,-0.9427611433904206,-0.333468778918187,regresion_individual_ac_power,-16.256868037629715,26.256868037629715,ac_power
1239,2019-09-11 07:00:00,335.0,49.305,13.797502503800004,0.9659258262890684,-0.2588190451025206,-0.9427611433904206,-0.333468778918187,regresion_individual_ac_power,931.4898569059458,-596.4898569059458,ac_power
1239,2019-09-11 08:00:00,240.0,44.724,14.866252589300004,0.8660254037844387,-0.4999999999999998,-0.9427611433904206,-0.333468778918187,regresion_individual_ac_power,1056.2375693537758,-816.2375693537758,ac_power
1239,2019-09-11 09:00:00,1085.0,82.96775,15.690280433000002,0.7071067811865476,-0.7071067811865475,-0.9427611433904206,-0.333468778918187,regresion_individual_ac_power,1907.5038526124004,-822.5038526124004,ac_power
1239,2019-09-11 10:00:00,1835.0,112.7255,16.213474919300005,0.4999999999999999,-0.8660254037844387,-0.9427611433904206,-0.333468778918187,regresion_individual_ac_power,2592.164890407276,-757.1648904072758,ac_power
1239,2019-09-11 11:00:00,2175.0,131.33475,17.860141717700003,0.258819045102521,-0.9659258262890682,-0.9427611433904206,-0.333468778918187,regresion_individual_ac_power,3089.6793103732884,-914.6793103732884,ac_power
1239,2019-09-11 12:00:00,3095.0,170.059,17.576113917200004,1.2246467991473532e-16,-1.0,-0.9427611433904206,-0.333468778918187,regresion_individual_ac_power,3834.56359429268,-739.5635942926801,ac_power
1239,2019-09-11 13:00:00,1195.0,78.779,17.332641675500003,-0.2588190451025208,-0.9659258262890684,-0.9427611433904206,-0.333468778918187,regresion_individual_ac_power,2156.663508075419,-961.663508075419,ac_power
1239,2019-09-11 14:00:00,2905.0,158.2345,17.285002782800007,-0.4999999999999997,-0.8660254037844388,-0.9427611433904206,-0.333468778918187,regresion_individual_ac_power,3538.740354836481,-633.740354836481,ac_power
1239,2019-09-11 15:00:00,930.0,78.0375,16.756252740500006,-0.7071067811865471,-0.7071067811865479,-0.9427611433904206,-0.333468778918187,regresion_individual_ac_power,1942.1661317288585,-1012.1661317288585,ac_power
1239,2019-09-11 16:00:00,310.0,44.9635,15.697363766900004,-0.8660254037844385,-0.5000000000000004,-0.9427611433904206,-0.333468778918187,regresion_individual_ac_power,1163.9640383347187,-853.9640383347187,ac_power
1239,2019-09-11 17:00:00,-20.0,24.609,15.154447056800004,-0.9659258262890684,-0.2588190451025206,-0.9427611433904206,-0.333468778918187,regresion_individual_ac_power,624.5125400275715,-644.5125400275715,ac_power
1239,2019-09-11 18:00:00,0.0,6.34875,14.275558097600005,-1.0,-1.8369701987210287e-16,-0.9427611433904206,-0.333468778918187,regresion_individual_ac_power,122.10071936364648,-122.10071936364648,ac_power
1239,2019-09-12 06:00:00,5.0,14.726,7.828057581800003,1.0,6.123233995736766e-17,-0.9483615800121716,-0.3171912885891059,regresion_individual_ac_power,-42.74795810980868,47.74795810980868,ac_power
1239,2019-09-12 07:00:00,1920.0,140.58475,9.272085475100004,0.9659258262890684,-0.2588190451025206,-0.9483615800121716,-0.3171912885891059,regresion_individual_ac_power,2266.9741256989573,-346.9741256989573,ac_power
1239,2019-09-12 08:00:00,4500.0,283.24225,12.554446848800003,0.8660254037844387,-0.4999999999999998,-0.9483615800121716,-0.3171912885891059,regresion_individual_ac_power,5040.926723791649,-540.9267237916492,ac_power
1239,2019-09-12 09:00:00,8575.0,468.529,14.800141472900004,0.7071067811865476,-0.7071067811865475,-0.9483615800121716,-0.3171912885891059,regresion_individual_ac_power,8549.74747994288,25.25252005711991,ac_power
1239,2019-09-12 10:00:00,10475.0,606.5837499999999,17.7195861509,0.4999999999999999,-0.8660254037844387,-0.9483615800121716,-0.3171912885891059,regresion_individual_ac_power,11300.260410349989,-825.2604103499889,ac_power
1239,2019-09-12 11:00:00,8925.0,446.4945,18.360697313300005,0.258819045102521,-0.9659258262890682,-0.9483615800121716,-0.3171912885891059,regresion_individual_ac_power,8728.270235761227,196.729764238773,ac_power
1239,2019-09-12 12:00:00,15075.0,784.71425,18.51125288090001,1.2246467991473532e-16,-1.0,-0.9483615800121716,-0.3171912885891059,regresion_individual_ac_power,14847.601464520134,227.39853547986604,ac_power
1239,2019-09-12 13:00:00,13100.0,680.41,19.658752972700007,-0.2588190451025208,-0.9659258262890684,-0.9483615800121716,-0.3171912885891059,regresion_individual_ac_power,13078.36003442398,21.639965576019677,ac_power
1239,2019-09-12 14:00:00,12360.0,648.8854999999999,20.264864132300005,-0.4999999999999997,-0.8660254037844388,-0.9483615800121716,-0.3171912885891059,regresion_individual_ac_power,12458.707722801542,-98.70772280154233,ac_power
1239,2019-09-12 15:00:00,12695.0,651.307,18.567502885400003,-0.7071067811865471,-0.7071067811865479,-0.9483615800121716,-0.3171912885891059,regresion_individual_ac_power,12314.489371837797,380.5106281622029,ac_power
1239,2019-09-12 16:00:00,6975.0,391.64825,19.8316696532,-0.8660254037844385,-0.5000000000000004,-0.9483615800121716,-0.3171912885891059,regresion_individual_ac_power,7463.937232406892,-488.9372324068918,ac_power
1239,2019-09-12 17:00:00,2800.0,221.7855,18.628058445800004,-0.9659258262890684,-0.2588190451025206,-0.9483615800121716,-0.3171912885891059,regresion_individual_ac_power,4191.8185665729225,-1391.8185665729225,ac_power
1239,2019-09-12 18:00:00,-15.0,48.17075,15.601669314800002,-1.0,-1.8369701987210287e-16,-0.9483615800121716,-0.3171912885891059,regresion_individual_ac_power,895.2223927234936,-910.2223927234936,ac_power
1239,2019-09-13 06:00:00,55.0,27.074,3.699168362600004,1.0,6.123233995736766e-17,-0.9536809966304456,-0.300819807635668,regresion_individual_ac_power,-145.5058398542435,200.5058398542435,ac_power
1239,2019-09-13 07:00:00,2130.0,163.143,5.973057433400004,0.9659258262890684,-0.2588190451025206,-0.9536809966304456,-0.300819807635668,regresion_individual_ac_power,2407.9734544513485,-277.9734544513485,ac_power
1239,2019-09-13 08:00:00,6055.0,329.62425,10.29166889,0.8660254037844387,-0.4999999999999998,-0.9536809966304456,-0.300819807635668,regresion_individual_ac_power,5702.96354007857,352.0364599214299,ac_power
1239,2019-09-13 09:00:00,9975.0,490.6725,14.579308121900002,0.7071067811865476,-0.7071067811865475,-0.9536809966304456,-0.300819807635668,regresion_individual_ac_power,8919.881136402735,1055.1188635972649,ac_power
1239,2019-09-13 10:00:00,12245.0,619.8262500000001,17.93055839,0.4999999999999999,-0.8660254037844387,-0.9536809966304456,-0.300819807635668,regresion_individual_ac_power,11534.183579682895,710.8164203171054,ac_power
1239,2019-09-13 11:00:00,13945.0,704.4300000000001,19.478752958300003,0.258819045102521,-0.9659258262890682,-0.9536809966304456,-0.300819807635668,regresion_individual_ac_power,13287.643903259284,657.3560967407157,ac_power
1239,2019-09-13 12:00:00,14660.0,739.598,17.3495861213,1.2246467991473532e-16,-1.0,-0.9536809966304456,-0.300819807635668,regresion_individual_ac_power,14014.043990568818,645.9560094311819,ac_power
1239,2019-09-13 13:00:00,14095.0,711.673,18.06403062290001,-0.2588190451025208,-0.9659258262890684,-0.9536809966304456,-0.300819807635668,regresion_individual_ac_power,13597.77361347512,497.2263865248806,ac_power
1239,2019-09-13 14:00:00,12620.0,637.58425,20.032641891500003,-0.4999999999999997,-0.8660254037844388,-0.9536809966304456,-0.300819807635668,regresion_individual_ac_power,12257.776580656737,362.22341934326323,ac_power
1239,2019-09-13 15:00:00,9910.0,517.61625,20.72180861330001,-0.7071067811865471,-0.7071067811865479,-0.9536809966304456,-0.300819807635668,regresion_individual_ac_power,9955.835750638327,-45.83575063832723,ac_power
1239,2019-09-13 16:00:00,6270.0,362.436,20.682503054600005,-0.8660254037844385,-0.5000000000000004,-0.9536809966304456,-0.300819807635668,regresion_individual_ac_power,6953.579290418375,-683.5792904183754,ac_power
1239,2019-09-13 17:00:00,2130.0,197.00225,19.044169590200006,-0.9659258262890684,-0.2588190451025206,-0.9536809966304456,-0.300819807635668,regresion_individual_ac_power,3768.086926141309,-1638.086926141309,ac_power
1239,2019-09-13 18:00:00,-125.0,33.641,15.219308173100004,-1.0,-1.8369701987210287e-16,-0.9536809966304456,-0.300819807635668,regresion_individual_ac_power,652.4813076688956,-777.4813076688956,ac_power
1239,2019-09-14 06:00:00,15.0,10.843,6.732640827500002,1.0,6.123233995736766e-17,-0.9587178169872964,-0.2843591872810036,regresion_individual_ac_power,-167.3270174804369,182.3270174804369,ac_power
1239,2019-09-14 07:00:00,240.0,50.13425,7.341390876200003,0.9659258262890684,-0.2588190451025206,-0.9587178169872964,-0.2843591872810036,regresion_individual_ac_power,624.6759973953206,-384.67599739532056,ac_power
1239,2019-09-14 08:00:00,150.0,38.266000000000005,8.657640981500002,0.8660254037844387,-0.4999999999999998,-0.9587178169872964,-0.2843591872810036,regresion_individual_ac_power,628.782545795018,-478.782545795018,ac_power
1239,2019-09-14 09:00:00,110.0,32.572,8.896807667300001,0.7071067811865476,-0.7071067811865475,-0.9587178169872964,-0.2843591872810036,regresion_individual_ac_power,644.463205684315,-534.463205684315,ac_power
1239,2019-09-14 10:00:00,840.0,64.8208,9.086002126880002,0.4999999999999999,-0.8660254037844387,-0.9587178169872964,-0.2843591872810036,regresion_individual_ac_power,1308.0993700249273,-468.09937002492734,ac_power
1239,2019-09-14 11:00:00,985.0,67.45649999999999,9.7205577332,0.258819045102521,-0.9659258262890682,-0.9587178169872964,-0.2843591872810036,regresion_individual_ac_power,1472.5828001609407,-487.5828001609407,ac_power
1239,2019-09-14 12:00:00,840.0,60.75875,10.3633355624,1.2246467991473532e-16,-1.0,-0.9587178169872964,-0.2843591872810036,regresion_individual_ac_power,1438.2317676531998,-598.2317676531998,ac_power
1239,2019-09-14 13:00:00,1390.0,84.27675,10.641946695800003,-0.2588190451025208,-0.9659258262890684,-0.9587178169872964,-0.2843591872810036,regresion_individual_ac_power,1885.5433257402797,-495.54332574027967,ac_power
1239,2019-09-14 14:00:00,1420.0,86.02175,10.945418942300003,-0.4999999999999997,-0.8660254037844388,-0.9587178169872964,-0.2843591872810036,regresion_individual_ac_power,1901.895246625621,-481.895246625621,ac_power
1239,2019-09-14 15:00:00,1225.0,83.42575,11.862363460100005,-0.7071067811865471,-0.7071067811865479,-0.9587178169872964,-0.2843591872810036,regresion_individual_ac_power,1844.305816409983,-619.305816409983,ac_power
1239,2019-09-14 16:00:00,820.0,66.06025,12.981946883000004,-0.8660254037844385,-0.5000000000000004,-0.9587178169872964,-0.2843591872810036,regresion_individual_ac_power,1482.1690549641935,-662.1690549641935,ac_power
1239,2019-09-14 17:00:00,810.0,66.27825,13.558474706900004,-0.9659258262890684,-0.2588190451025206,-0.9587178169872964,-0.2843591872810036,regresion_individual_ac_power,1368.3861982776207,-558.3861982776207,ac_power
1239,2019-09-14 18:00:00,20.0,21.99075,13.4826413675,-1.0,-1.8369701987210287e-16,-0.9587178169872964,-0.2843591872810036,regresion_individual_ac_power,428.7326406916866,-408.7326406916866,ac_power
1239,2019-09-15 06:00:00,15.0,12.71875,13.7987525039,1.0,6.123233995736766e-17,-0.9634705485641486,-0.2678143051621748,regresion_individual_ac_power,206.04348065839122,-191.04348065839122,ac_power
1239,2019-09-15 07:00:00,390.0,61.086000000000006,14.351669214800005,0.9659258262890684,-0.2588190451025206,-0.9634705485641486,-0.2678143051621748,regresion_individual_ac_power,1193.6549418526397,-803.6549418526397,ac_power
1239,2019-09-15 08:00:00,1505.0,148.41725,14.786113694,0.8660254037844387,-0.4999999999999998,-0.9634705485641486,-0.2678143051621748,regresion_individual_ac_power,2868.4639492592987,-1363.4639492592987,ac_power
1239,2019-09-15 09:00:00,8845.0,454.392,16.356947153000004,0.7071067811865476,-0.7071067811865475,-0.9634705485641486,-0.2678143051621748,regresion_individual_ac_power,8368.304433015763,476.6955669842373,ac_power
1239,2019-09-15 10:00:00,8380.0,475.37925000000007,17.460975019100005,0.4999999999999999,-0.8660254037844387,-0.9634705485641486,-0.2678143051621748,regresion_individual_ac_power,9024.41598045081,-644.4159804508108,ac_power
1239,2019-09-15 11:00:00,4955.0,253.92075,17.497363910900006,0.258819045102521,-0.9659258262890682,-0.9634705485641486,-0.2678143051621748,regresion_individual_ac_power,5314.930086619103,-359.93008661910335,ac_power
1239,2019-09-15 12:00:00,3415.0,195.80225,17.532502802600003,1.2246467991473532e-16,-1.0,-0.9634705485641486,-0.2678143051621748,regresion_individual_ac_power,4350.980520002398,-935.9805200023984,ac_power
1239,2019-09-15 13:00:00,3220.0,176.84349999999998,17.365002789200002,-0.2588190451025208,-0.9659258262890684,-0.9634705485641486,-0.2678143051621748,regresion_individual_ac_power,4002.1680639235983,-782.1680639235983,ac_power
1239,2019-09-15 14:00:00,4920.0,260.095,16.868752749500004,-0.4999999999999997,-0.8660254037844388,-0.9634705485641486,-0.2678143051621748,regresion_individual_ac_power,5423.880723892276,-503.88072389227636,ac_power
1239,2019-09-15 15:00:00,4315.0,238.27875,16.826530523900004,-0.7071067811865471,-0.7071067811865479,-0.9634705485641486,-0.2678143051621748,regresion_individual_ac_power,4905.721359425837,-590.7213594258374,ac_power
1239,2019-09-15 16:00:00,3215.0,186.879,16.6086138398,-0.8660254037844385,-0.5000000000000004,-0.9634705485641486,-0.2678143051621748,regresion_individual_ac_power,3806.2350108919,-591.2350108919,ac_power
1239,2019-09-15 17:00:00,1460.0,103.73725,15.960419343500003,-0.9659258262890684,-0.2588190451025206,-0.9634705485641486,-0.2678143051621748,regresion_individual_ac_power,2119.4210773391947,-659.4210773391947,ac_power
1239,2019-09-15 18:00:00,-20.0,21.3365,14.631530348300004,-1.0,-1.8369701987210287e-16,-0.9634705485641486,-0.2678143051621748,regresion_individual_ac_power,460.99110788293547,-480.99110788293547,ac_power
1239,2019-09-16 06:00:00,60.0,37.37866666666666,8.494585412900003,1.0,6.123233995736766e-17,-0.9679377830240642,-0.2511900638848195,regresion_individual_ac_power,396.89674942972215,-336.89674942972215,ac_power
1239,2019-09-16 07:00:00,585.0,77.66625,9.826252186100003,0.9659258262890684,-0.2588190451025206,-0.9679377830240642,-0.2511900638848195,regresion_individual_ac_power,1270.17439309281,-685.1743930928101,ac_power
1239,2019-09-16 08:00:00,2465.0,139.2105,11.374585643300003,0.8660254037844387,-0.4999999999999998,-0.9679377830240642,-0.2511900638848195,regresion_individual_ac_power,2552.9154437051284,-87.91544370512838,ac_power
1239,2019-09-16 09:00:00,5985.0,314.57075,13.5570858179,0.7071067811865476,-0.7071067811865475,-0.9679377830240642,-0.2511900638848195,regresion_individual_ac_power,5860.1686183216725,124.83138167832749,ac_power
1239,2019-09-16 10:00:00,5195.0,269.71625,15.411808188500004,0.4999999999999999,-0.8660254037844387,-0.9679377830240642,-0.2511900638848195,regresion_individual_ac_power,5370.733368847797,-175.73336884779656,ac_power
1239,2019-09-16 11:00:00,6020.0,312.82550000000003,16.241530477100003,0.258819045102521,-0.9659258262890682,-0.9679377830240642,-0.2511900638848195,regresion_individual_ac_power,6313.4833706076415,-293.4833706076415,ac_power
1239,2019-09-16 12:00:00,8750.0,449.178,16.904030530100002,1.2246467991473532e-16,-1.0,-0.9679377830240642,-0.2511900638848195,regresion_individual_ac_power,8858.143103062854,-108.1431030628537,ac_power
1239,2019-09-16 13:00:00,3620.0,200.8635,16.383613821800004,-0.2588190451025208,-0.9659258262890684,-0.9679377830240642,-0.2511900638848195,regresion_individual_ac_power,4405.8465907560485,-785.8465907560485,ac_power
1239,2019-09-16 14:00:00,3530.0,197.11125,16.6226416187,-0.4999999999999997,-0.8660254037844388,-0.9679377830240642,-0.2511900638848195,regresion_individual_ac_power,4288.892110515361,-758.8921105153613,ac_power
1239,2019-09-16 15:00:00,965.0,71.383,15.7619471054,-0.7071067811865471,-0.7071067811865479,-0.9679377830240642,-0.2511900638848195,regresion_individual_ac_power,1868.1490424813833,-903.1490424813833,ac_power
1239,2019-09-16 16:00:00,275.0,40.49125,15.262919287700006,-0.8660254037844385,-0.5000000000000004,-0.9679377830240642,-0.2511900638848195,regresion_individual_ac_power,1154.0964616542774,-879.0964616542774,ac_power
1239,2019-09-16 17:00:00,-90.0,24.609,14.6525025722,-0.9659258262890684,-0.2588190451025206,-0.9679377830240642,-0.2511900638848195,regresion_individual_ac_power,696.6188215917668,-786.6188215917668,ac_power
1239,2019-09-16 18:00:00,-55.0,7.221,13.907085845900005,-1.0,-1.8369701987210287e-16,-0.9679377830240642,-0.2511900638848195,regresion_individual_ac_power,213.8205149777907,-268.8205149777907,ac_power
1239,2019-09-17 06:00:00,10.0,5.08325,9.360696593300002,1.0,6.123233995736766e-17,-0.9721181966290612,-0.2344913895704105,regresion_individual_ac_power,-74.53930333890219,84.53930333890219,ac_power
1239,2019-09-17 07:00:00,70.0,23.36525,9.744724401800005,0.9659258262890684,-0.2588190451025206,-0.9721181966290612,-0.2344913895704105,regresion_individual_ac_power,366.5077646427203,-296.5077646427203,ac_power
1239,2019-09-17 08:00:00,490.0,66.3655,10.1047244306,0.8660254037844387,-0.4999999999999998,-0.9721181966290612,-0.2344913895704105,regresion_individual_ac_power,1238.8692776395364,-748.8692776395364,ac_power
1239,2019-09-17 09:00:00,2550.0,155.9875,10.376113341200002,0.7071067811865476,-0.7071067811865475,-0.9721181966290612,-0.2344913895704105,regresion_individual_ac_power,2927.272013720758,-377.27201372075797,ac_power
1239,2019-09-17 10:00:00,8595.0,423.5220000000001,12.361807944500004,0.4999999999999999,-0.8660254037844387,-0.9721181966290612,-0.2344913895704105,regresion_individual_ac_power,7871.84703878927,723.1529612107297,ac_power
1239,2019-09-17 11:00:00,5375.0,287.10375,13.786252502900002,0.258819045102521,-0.9659258262890682,-0.9721181966290612,-0.2344913895704105,regresion_individual_ac_power,5727.709652771196,-352.7096527711956,ac_power
1239,2019-09-17 12:00:00,5080.0,268.8655,13.852363619300004,1.2246467991473532e-16,-1.0,-0.9721181966290612,-0.2344913895704105,regresion_individual_ac_power,5483.848711998685,-403.84871199868485,ac_power
1239,2019-09-17 13:00:00,3685.0,201.7145,13.4191691402,-0.2588190451025208,-0.9659258262890684,-0.9721181966290612,-0.2344913895704105,regresion_individual_ac_power,4258.447076362047,-573.4470763620466,ac_power
1239,2019-09-17 14:00:00,5315.0,278.50825,13.600696932500002,-0.4999999999999997,-0.8660254037844388,-0.9721181966290612,-0.2344913895704105,regresion_individual_ac_power,5607.322398085151,-292.3223980851508,ac_power
1239,2019-09-17 15:00:00,2900.0,165.97925,13.002919106900004,-0.7071067811865471,-0.7071067811865479,-0.9721181966290612,-0.2344913895704105,regresion_individual_ac_power,3445.1293254313614,-545.1293254313614,ac_power
1239,2019-09-17 16:00:00,1400.0,93.134,12.214169043800002,-0.8660254037844385,-0.5000000000000004,-0.9721181966290612,-0.2344913895704105,regresion_individual_ac_power,1965.2393538190054,-565.2393538190054,ac_power
1239,2019-09-17 17:00:00,210.0,39.008,11.4266689808,-0.9659258262890684,-0.2588190451025206,-0.9721181966290612,-0.2344913895704105,regresion_individual_ac_power,826.5953786316718,-616.5953786316718,ac_power
1239,2019-09-17 18:00:00,-115.0,6.719250000000001,10.231252218500003,-1.0,-1.8369701987210287e-16,-0.9721181966290612,-0.2344913895704105,regresion_individual_ac_power,74.49341088585811,-189.4934108858581,ac_power
1239,2019-09-18 06:00:00,45.0,23.14725,0.2568069761000027,1.0,6.123233995736766e-17,-0.9760105506323682,-0.2177232303965322,regresion_individual_ac_power,-570.5917662331046,615.5917662331046,ac_power
1239,2019-09-18 07:00:00,2090.0,164.84475,2.944029413300004,0.9659258262890684,-0.2588190451025206,-0.9760105506323682,-0.2177232303965322,regresion_individual_ac_power,2132.980519441475,-42.980519441474826,ac_power
1239,2019-09-18 08:00:00,5805.0,318.345,7.105279746200002,0.8660254037844387,-0.4999999999999998,-0.9760105506323682,-0.2177232303965322,regresion_individual_ac_power,5256.66620620511,548.33379379489,ac_power
1239,2019-09-18 09:00:00,9800.0,473.69975,11.537641211900002,0.7071067811865476,-0.7071067811865475,-0.9760105506323682,-0.2177232303965322,regresion_individual_ac_power,8453.569766711478,1346.4302332885218,ac_power
1239,2019-09-18 10:00:00,12130.0,599.5585,15.655141541300004,0.4999999999999999,-0.8660254037844387,-0.9760105506323682,-0.2177232303965322,regresion_individual_ac_power,11097.20315237109,1032.7968476289097,ac_power
1239,2019-09-18 11:00:00,13830.0,680.99925,17.567641694300008,0.258819045102521,-0.9659258262890682,-0.9760105506323682,-0.2177232303965322,regresion_individual_ac_power,12818.796983246772,1011.2030167532284,ac_power
1239,2019-09-18 12:00:00,14765.75,706.89525,15.932224896800006,1.2246467991473532e-16,-1.0,-0.9760105506323682,-0.2177232303965322,regresion_individual_ac_power,13358.158778053194,1407.5912219468064,ac_power
1239,2019-09-18 13:00:00,14030.0,682.11175,16.158474914900005,-0.2588190451025208,-0.9659258262890684,-0.9760105506323682,-0.2177232303965322,regresion_individual_ac_power,12989.858483173215,1040.141516826785,ac_power
1239,2019-09-18 14:00:00,12450.0,606.34325,18.535141771700005,-0.4999999999999997,-0.8660254037844388,-0.9760105506323682,-0.2177232303965322,regresion_individual_ac_power,11686.59357936421,763.4064206357907,ac_power
1239,2019-09-18 15:00:00,9605.0,485.328,19.731947423,-0.7071067811865471,-0.7071067811865479,-0.9760105506323682,-0.2177232303965322,regresion_individual_ac_power,9413.31199685345,191.68800314654982,ac_power
1239,2019-09-18 16:00:00,5720.0,332.242,19.842780765200008,-0.8660254037844385,-0.5000000000000004,-0.9760105506323682,-0.2177232303965322,regresion_individual_ac_power,6482.69500366085,-762.6950036608496,ac_power
1239,2019-09-18 17:00:00,1725.0,166.59,18.795280681400005,-0.9659258262890684,-0.2588190451025206,-0.9760105506323682,-0.2177232303965322,regresion_individual_ac_power,3315.8768404844095,-1590.8768404844095,ac_power
1239,2019-09-18 18:00:00,-100.0,30.565,15.0631970495,-1.0,-1.8369701987210287e-16,-0.9760105506323682,-0.2177232303965322,regresion_individual_ac_power,683.026928870218,-783.026928870218,ac_power
1239,2019-09-19 06:00:00,30.0,21.48925,-0.4294430787999985,1.0,6.123233995736766e-17,-0.97961369164549,-0.2008905551306352,regresion_individual_ac_power,-683.6373923004384,713.6373923004384,ac_power
1239,2019-09-19 07:00:00,1930.0,151.646,2.5855571624000024,0.9659258262890684,-0.2588190451025206,-0.97961369164549,-0.2008905551306352,regresion_individual_ac_power,1870.0495433385354,59.950456661464614,ac_power
1239,2019-09-19 08:00:00,5785.0,305.21125,6.337501907000002,0.8660254037844387,-0.4999999999999998,-0.97961369164549,-0.2008905551306352,regresion_individual_ac_power,4960.012579851239,824.987420148761,ac_power
1239,2019-09-19 09:00:00,9460.0,463.53325,12.080419033100004,0.7071067811865476,-0.7071067811865475,-0.97961369164549,-0.2008905551306352,regresion_individual_ac_power,8314.566624083356,1145.4333759166439,ac_power
1239,2019-09-19 10:00:00,11655.0,589.19575,16.704308291900006,0.4999999999999999,-0.8660254037844387,-0.97961369164549,-0.2008905551306352,regresion_individual_ac_power,10963.234292772877,691.7657072271231,ac_power
1239,2019-09-19 11:00:00,13200.0,665.2915,20.285975245100005,0.258819045102521,-0.9659258262890682,-0.97961369164549,-0.2008905551306352,regresion_individual_ac_power,12623.086066487103,576.9139335128966,ac_power
1239,2019-09-19 12:00:00,13680.0,702.5097499999999,19.95403077410001,1.2246467991473532e-16,-1.0,-0.97961369164549,-0.2008905551306352,regresion_individual_ac_power,13425.330727584967,254.66927241503254,ac_power
1239,2019-09-19 13:00:00,13364.5,671.50875,19.862641877900003,-0.2588190451025208,-0.9659258262890684,-0.97961369164549,-0.2008905551306352,regresion_individual_ac_power,12931.89641216212,432.6035878378807,ac_power
1239,2019-09-19 14:00:00,11905.0,599.4712499999999,21.623197574300008,-0.4999999999999997,-0.8660254037844388,-0.97961369164549,-0.2008905551306352,regresion_individual_ac_power,11624.265602884963,280.7343971150367,ac_power
1239,2019-09-19 15:00:00,9075.0,474.2015,23.109725471000004,-0.7071067811865471,-0.7071067811865479,-0.97961369164549,-0.2008905551306352,regresion_individual_ac_power,9238.202945592006,-163.20294559200556,ac_power
1239,2019-09-19 16:00:00,5465.0,318.08325,22.4895865325,-0.8660254037844385,-0.5000000000000004,-0.97961369164549,-0.2008905551306352,regresion_individual_ac_power,6242.803593088092,-777.8035930880924,ac_power
1239,2019-09-19 17:00:00,1500.0,154.395,21.4756975625,-0.9659258262890684,-0.2588190451025206,-0.97961369164549,-0.2008905551306352,regresion_individual_ac_power,3111.9619737431403,-1611.9619737431403,ac_power
1239,2019-09-19 18:00:00,-50.0,23.25625,18.590002887200008,-1.0,-1.8369701987210287e-16,-0.97961369164549,-0.2008905551306352,regresion_individual_ac_power,608.7558634064428,-658.7558634064428,ac_power
1239,2019-09-20 06:00:00,35.0,17.606,7.6072242308000035,1.0,6.123233995736766e-17,-0.9829265519799822,-0.1839983516576798,regresion_individual_ac_power,41.54376437479391,-6.543764374793909,ac_power
1239,2019-09-20 07:00:00,780.0,112.311,9.826113297200004,0.9659258262890684,-0.2588190451025206,-0.9829265519799822,-0.1839983516576798,regresion_individual_ac_power,1871.7275317857839,-1091.7275317857839,ac_power
1239,2019-09-20 08:00:00,3355.0,196.80575,12.738474641300002,0.8660254037844387,-0.4999999999999998,-0.9829265519799822,-0.1839983516576798,regresion_individual_ac_power,3632.1615623148755,-277.1615623148755,ac_power
1239,2019-09-20 09:00:00,3265.0,184.10875,15.106808164100002,0.7071067811865476,-0.7071067811865475,-0.9829265519799822,-0.1839983516576798,regresion_individual_ac_power,3734.6467771295374,-469.64677712953744,ac_power
1239,2019-09-20 10:00:00,6085.0,318.01775,17.746252819700004,0.4999999999999999,-0.8660254037844387,-0.9829265519799822,-0.1839983516576798,regresion_individual_ac_power,6343.422987731939,-258.42298773193943,ac_power
1239,2019-09-20 11:00:00,6675.0,341.29549999999995,20.7598641719,0.258819045102521,-0.9659258262890682,-0.9829265519799822,-0.1839983516576798,regresion_individual_ac_power,7007.200113944204,-332.2001139442036,ac_power
1239,2019-09-20 12:00:00,11430.0,557.322,21.531947567000003,1.2246467991473532e-16,-1.0,-0.9829265519799822,-0.1839983516576798,regresion_individual_ac_power,10921.549450258613,508.45054974138657,ac_power
1239,2019-09-20 13:00:00,12900.0,632.87225,23.437503275000005,-0.2588190451025208,-0.9659258262890684,-0.9829265519799822,-0.1839983516576798,regresion_individual_ac_power,12299.485218195478,600.5147818045225,ac_power
1239,2019-09-20 14:00:00,11170.0,558.82725,25.265558976800005,-0.4999999999999997,-0.8660254037844388,-0.9829265519799822,-0.1839983516576798,regresion_individual_ac_power,10903.916999715364,266.083000284636,ac_power
1239,2019-09-20 15:00:00,8875.0,468.79075,25.027781180000005,-0.7071067811865471,-0.7071067811865479,-0.9829265519799822,-0.1839983516576798,regresion_individual_ac_power,9130.573054877264,-255.57305487726444,ac_power
1239,2019-09-20 16:00:00,3940.0,229.9885,25.150281189800005,-0.8660254037844385,-0.5000000000000004,-0.9829265519799822,-0.1839983516576798,regresion_individual_ac_power,4662.538128456644,-722.5381284566438,ac_power
1239,2019-09-20 17:00:00,690.0,57.46425000000001,23.4372254972,-0.9659258262890684,-0.2588190451025206,-0.9829265519799822,-0.1839983516576798,regresion_individual_ac_power,1403.1315338421423,-713.1315338421423,ac_power
1239,2019-09-20 18:00:00,-50.0,20.52925,22.5275032022,-1.0,-1.8369701987210287e-16,-0.9829265519799822,-0.1839983516576798,regresion_individual_ac_power,527.7949365145821,-577.7949365145821,ac_power
1239,2019-09-21 06:00:00,15.0,17.82375,10.992085612700002,1.0,6.123233995736766e-17,-0.9859481499638304,-0.1670516255021195,regresion_individual_ac_power,258.1164673931903,-243.1164673931903,ac_power
1239,2019-09-21 07:00:00,1015.0,146.08275,13.277085795500003,0.9659258262890684,-0.2588190451025206,-0.9859481499638304,-0.1670516255021195,regresion_individual_ac_power,2626.162733978696,-1611.162733978696,ac_power
1239,2019-09-21 08:00:00,4855.0,304.70975000000004,17.079724988600006,0.8660254037844387,-0.4999999999999998,-0.9859481499638304,-0.1670516255021195,regresion_individual_ac_power,5622.263201514006,-767.2632015140061,ac_power
1239,2019-09-21 09:00:00,9360.0,459.36625,19.194725157800008,0.7071067811865476,-0.7071067811865475,-0.9859481499638304,-0.1670516255021195,regresion_individual_ac_power,8552.638112455266,807.3618875447337,ac_power
1239,2019-09-21 10:00:00,11615.0,580.1594,21.71855869304,0.4999999999999999,-0.8660254037844387,-0.9859481499638304,-0.1670516255021195,regresion_individual_ac_power,10935.807622441966,679.1923775580344,ac_power
1239,2019-09-21 11:00:00,13330.0,658.63725,23.063336578400005,0.258819045102521,-0.9659258262890682,-0.9859481499638304,-0.1670516255021195,regresion_individual_ac_power,12545.992444725143,784.0075552748567,ac_power
1239,2019-09-21 12:00:00,14220.0,694.4815,21.163475315300005,1.2246467991473532e-16,-1.0,-0.9859481499638304,-0.1670516255021195,regresion_individual_ac_power,13311.819926853701,908.180073146299,ac_power
1239,2019-09-21 13:00:00,13110.0,651.329,21.783614253800007,-0.2588190451025208,-0.9659258262890684,-0.9859481499638304,-0.1670516255021195,regresion_individual_ac_power,12617.483723010551,492.51627698944867,ac_power
1239,2019-09-21 14:00:00,11675.0,583.71975,23.2461143708,-0.4999999999999997,-0.8660254037844388,-0.9859481499638304,-0.1670516255021195,regresion_individual_ac_power,11367.236670440994,307.7633295590058,ac_power
1239,2019-09-21 15:00:00,9050.0,462.9225,25.095281185400005,-0.7071067811865471,-0.7071067811865479,-0.9859481499638304,-0.1670516255021195,regresion_individual_ac_power,9040.608548528871,9.391451471128676,ac_power
1239,2019-09-21 16:00:00,5115.0,308.26575,24.9968089553,-0.8660254037844385,-0.5000000000000004,-0.9859481499638304,-0.1670516255021195,regresion_individual_ac_power,6062.641903794552,-947.6419037945516,ac_power
1239,2019-09-21 17:00:00,1420.0,152.0605,23.938058870600003,-0.9659258262890684,-0.2588190451025206,-0.9859481499638304,-0.1670516255021195,regresion_individual_ac_power,3068.8051247118638,-1648.8051247118638,ac_power
1239,2019-09-21 18:00:00,-30.0,18.7185,19.842919654100005,-1.0,-1.8369701987210287e-16,-0.9859481499638304,-0.1670516255021195,regresion_individual_ac_power,569.0621237996115,-599.0621237996115,ac_power
1239,2019-09-22 06:00:00,20.0,16.864,8.262502061000003,1.0,6.123233995736766e-17,-0.9886775902323404,-0.1500553983446526,regresion_individual_ac_power,89.66551124503894,-69.66551124503894,ac_power
1239,2019-09-22 07:00:00,1115.0,142.11200000000002,11.073474508100002,0.9659258262890684,-0.2588190451025206,-0.9886775902323404,-0.1500553983446526,regresion_individual_ac_power,2454.586071290577,-1339.586071290577,ac_power
1239,2019-09-22 08:00:00,3505.0,222.17825,13.187224677200003,0.8660254037844387,-0.4999999999999998,-0.9886775902323404,-0.1500553983446526,regresion_individual_ac_power,4095.3288316172866,-590.3288316172866,ac_power
1239,2019-09-22 09:00:00,8400.0,422.82375,18.6533362256,0.7071067811865476,-0.7071067811865475,-0.9886775902323404,-0.1500553983446526,regresion_individual_ac_power,7931.893622916332,468.1063770836681,ac_power
1239,2019-09-22 10:00:00,10485.0,535.2875,22.545697648100003,0.4999999999999999,-0.8660254037844387,-0.9886775902323404,-0.1500553983446526,regresion_individual_ac_power,10184.36570763907,300.63429236093,ac_power
1239,2019-09-22 11:00:00,12295.0,614.43725,25.413058988600003,0.258819045102521,-0.9659258262890682,-0.9886775902323404,-0.1500553983446526,regresion_individual_ac_power,11783.777705594279,511.2222944057212,ac_power
1239,2019-09-22 12:00:00,10595.0,529.3315,25.134725633,1.2246467991473532e-16,-1.0,-0.9886775902323404,-0.1500553983446526,regresion_individual_ac_power,10466.206178135792,128.79382186420844,ac_power
1239,2019-09-22 13:00:00,10100.0,511.9,26.151531269900005,-0.2588190451025208,-0.9659258262890684,-0.9886775902323404,-0.1500553983446526,regresion_individual_ac_power,10179.282239874552,-79.28223987455203,ac_power
1239,2019-09-22 14:00:00,7840.0,407.02875,27.238336912400005,-0.4999999999999997,-0.8660254037844388,-0.9886775902323404,-0.1500553983446526,regresion_individual_ac_power,8222.087095300707,-382.087095300707,ac_power
1239,2019-09-22 15:00:00,6765.0,363.854,27.543753603500004,-0.7071067811865471,-0.7071067811865479,-0.9886775902323404,-0.1500553983446526,regresion_individual_ac_power,7254.749626772835,-489.74962677283474,ac_power
1239,2019-09-22 16:00:00,1580.0,116.6085,25.912503473000005,-0.8660254037844385,-0.5000000000000004,-0.9886775902323404,-0.1500553983446526,regresion_individual_ac_power,2694.1276769119568,-1114.1276769119568,ac_power
1239,2019-09-22 17:00:00,730.0,67.0635,25.189586748500005,-0.9659258262890684,-0.2588190451025206,-0.9886775902323404,-0.1500553983446526,regresion_individual_ac_power,1576.2187715915466,-846.2187715915466,ac_power
1239,2019-09-22 18:00:00,-65.0,9.861,24.1629199997,-1.0,-1.8369701987210287e-16,-0.9886775902323404,-0.1500553983446526,regresion_individual_ac_power,346.91300740315546,-411.91300740315546,ac_power
1239,2019-09-23 06:00:00,0.0,5.018,23.5231977263,1.0,6.123233995736766e-17,-0.9911140639934546,-0.1330147065341963,regresion_individual_ac_power,191.54927707583852,-191.54927707583852,ac_power
1239,2019-09-23 07:00:00,30.0,32.114000000000004,23.345836601,0.9659258262890684,-0.2588190451025206,-0.9911140639934546,-0.1330147065341963,regresion_individual_ac_power,905.2153486275515,-875.2153486275515,ac_power
1239,2019-09-23 08:00:00,650.0,82.40074999999999,23.381114381600003,0.8660254037844387,-0.4999999999999998,-0.9911140639934546,-0.1330147065341963,regresion_individual_ac_power,2002.0818003451036,-1352.0818003451036,ac_power
1239,2019-09-23 09:00:00,235.0,46.01075,22.9650032372,0.7071067811865476,-0.7071067811865475,-0.9911140639934546,-0.1330147065341963,regresion_individual_ac_power,1626.2919233203238,-1391.2919233203238,ac_power
1239,2019-09-23 10:00:00,130.0,41.64775,22.021392050600006,0.4999999999999999,-0.8660254037844387,-0.9911140639934546,-0.1330147065341963,regresion_individual_ac_power,1719.1700987309937,-1589.1700987309937,ac_power
1239,2019-09-23 11:00:00,800.0,86.04400000000001,19.87389187880001,0.258819045102521,-0.9659258262890682,-0.9911140639934546,-0.1330147065341963,regresion_individual_ac_power,2557.6886192476354,-1757.6886192476354,ac_power
1239,2019-09-23 12:00:00,465.0,61.52224999999999,19.5912529673,1.2246467991473532e-16,-1.0,-0.9911140639934546,-0.1330147065341963,regresion_individual_ac_power,2165.246332346079,-1700.2463323460788,ac_power
1239,2019-09-23 13:00:00,80.0,36.1935,18.252363971300003,-0.2588190451025208,-0.9659258262890684,-0.9911140639934546,-0.1330147065341963,regresion_individual_ac_power,1645.0101062411763,-1565.0101062411763,ac_power
1239,2019-09-23 14:00:00,210.0,41.473,17.600002808000006,-0.4999999999999997,-0.8660254037844388,-0.9911140639934546,-0.1330147065341963,regresion_individual_ac_power,1643.8588289142308,-1433.8588289142308,ac_power
1239,2019-09-23 15:00:00,500.0,65.013,17.397641680700005,-0.7071067811865471,-0.7071067811865479,-0.9911140639934546,-0.1330147065341963,regresion_individual_ac_power,1944.435668825895,-1444.435668825895,ac_power
1239,2019-09-23 16:00:00,195.0,41.88775,17.934725057,-0.8660254037844385,-0.5000000000000004,-0.9911140639934546,-0.1330147065341963,regresion_individual_ac_power,1398.0358957183462,-1203.0358957183462,ac_power
1239,2019-09-23 17:00:00,-50.0,18.15125,18.719447342,-0.9659258262890684,-0.2588190451025206,-0.9911140639934546,-0.1330147065341963,regresion_individual_ac_power,811.3389706676244,-861.3389706676244,ac_power
1239,2019-09-23 18:00:00,0.0,4.952500000000001,18.6123640001,-1.0,-1.8369701987210287e-16,-0.9911140639934546,-0.1330147065341963,regresion_individual_ac_power,380.77204171697235,-380.77204171697235,ac_power
1239,2019-09-24 06:00:00,15.0,4.363333333333333,12.693613526600004,1.0,6.123233995736766e-17,-0.9932568492674144,-0.1159345995955006,regresion_individual_ac_power,153.42030430746968,-138.42030430746968,ac_power
1239,2019-09-24 07:00:00,20.0,16.886,12.686669081600003,0.9659258262890684,-0.2588190451025206,-0.9932568492674144,-0.1159345995955006,regresion_individual_ac_power,506.143898244738,-486.143898244738,ac_power
1239,2019-09-24 08:00:00,50.0,26.33225,12.446113506800003,0.8660254037844387,-0.4999999999999998,-0.9932568492674144,-0.1159345995955006,regresion_individual_ac_power,792.9168988723877,-742.9168988723877,ac_power
1239,2019-09-24 09:00:00,310.0,49.21775,12.394030169300002,0.7071067811865476,-0.7071067811865475,-0.9932568492674144,-0.1159345995955006,regresion_individual_ac_power,1306.8631062996997,-996.8631062996997,ac_power
1239,2019-09-24 10:00:00,425.0,56.32975,11.850002348000002,0.4999999999999999,-0.8660254037844387,-0.9932568492674144,-0.1159345995955006,regresion_individual_ac_power,1492.1909042434768,-1067.1909042434768,ac_power
1239,2019-09-24 11:00:00,170.0,35.5825,11.475835651400002,0.258819045102521,-0.9659258262890682,-0.9932568492674144,-0.1159345995955006,regresion_individual_ac_power,1163.9129261560533,-993.9129261560533,ac_power
1239,2019-09-24 12:00:00,540.0,61.58775,11.872502349800005,1.2246467991473532e-16,-1.0,-0.9932568492674144,-0.1159345995955006,regresion_individual_ac_power,1693.5693081601567,-1153.5693081601567,ac_power
1239,2019-09-24 13:00:00,1150.0,116.49975,12.267502381400002,-0.2588190451025208,-0.9659258262890684,-0.9932568492674144,-0.1159345995955006,regresion_individual_ac_power,2707.2944069520736,-1557.2944069520736,ac_power
1239,2019-09-24 14:00:00,1145.0,115.12525,12.950974658300003,-0.4999999999999997,-0.8660254037844388,-0.9932568492674144,-0.1159345995955006,regresion_individual_ac_power,2694.7821966556585,-1549.7821966556585,ac_power
1239,2019-09-24 15:00:00,925.75,95.4905,12.142363482500002,-0.7071067811865471,-0.7071067811865479,-0.9932568492674144,-0.1159345995955006,regresion_individual_ac_power,2198.553457551334,-1272.8034575513338,ac_power
1239,2019-09-24 16:00:00,875.0,94.63975,11.765557896800004,-0.8660254037844385,-0.5000000000000004,-0.9932568492674144,-0.1159345995955006,regresion_individual_ac_power,2045.5117071123236,-1170.5117071123236,ac_power
1239,2019-09-24 17:00:00,-80.0,20.5295,11.4363912038,-0.9659258262890684,-0.2588190451025206,-0.9932568492674144,-0.1159345995955006,regresion_individual_ac_power,594.6534574952457,-674.6534574952457,ac_power
1239,2019-09-24 18:00:00,15.0,3.294,10.878196714700003,-1.0,-1.8369701987210287e-16,-0.9932568492674144,-0.1159345995955006,regresion_individual_ac_power,142.67397742240587,-127.67397742240587,ac_power
1239,2019-09-25 06:00:00,5.0,1.876,7.9122242552000035,1.0,6.123233995736766e-17,-0.9951053111006974,-0.0988201387328721,regresion_individual_ac_power,-155.1220603797458,160.1220603797458,ac_power
1239,2019-09-25 07:00:00,10.0,20.72525,8.193474277700002,0.9659258262890684,-0.2588190451025206,-0.9951053111006974,-0.0988201387328721,regresion_individual_ac_power,272.8678319924961,-262.8678319924961,ac_power
1239,2019-09-25 08:00:00,865.0,95.25025,8.729307653900003,0.8660254037844387,-0.4999999999999998,-0.9951053111006974,-0.0988201387328721,regresion_individual_ac_power,1669.7550770011494,-804.7550770011494,ac_power
1239,2019-09-25 09:00:00,1610.0,161.8995,9.999307755500006,0.7071067811865476,-0.7071067811865475,-0.9951053111006974,-0.0988201387328721,regresion_individual_ac_power,3040.547065932063,-1430.547065932063,ac_power
1239,2019-09-25 10:00:00,1960.0,183.825,10.723335591200003,0.4999999999999999,-0.8660254037844387,-0.9951053111006974,-0.0988201387328721,regresion_individual_ac_power,3611.4762103102667,-1651.4762103102667,ac_power
1239,2019-09-25 11:00:00,1450.0,143.421,11.065141174100004,0.258819045102521,-0.9659258262890682,-0.9951053111006974,-0.0988201387328721,regresion_individual_ac_power,3034.045069135566,-1584.0450691355659,ac_power
1239,2019-09-25 12:00:00,2955.0,272.509,11.2691689682,1.2246467991473532e-16,-1.0,-0.9951053111006974,-0.0988201387328721,regresion_individual_ac_power,5386.206234178187,-2431.2062341781866,ac_power
1239,2019-09-25 13:00:00,1225.0,129.0005,11.599724550200005,-0.2588190451025208,-0.9659258262890684,-0.9951053111006974,-0.0988201387328721,regresion_individual_ac_power,2881.5918653053072,-1656.5918653053072,ac_power
1239,2019-09-25 14:00:00,1740.75,172.9605,12.388474613300003,-0.4999999999999997,-0.8660254037844388,-0.9951053111006974,-0.0988201387328721,regresion_individual_ac_power,3693.8331527792225,-1953.0831527792225,ac_power
1239,2019-09-25 15:00:00,540.0,72.62675,11.599585661300004,-0.7071067811865471,-0.7071067811865479,-0.9951053111006974,-0.0988201387328721,regresion_individual_ac_power,1759.4781313488447,-1219.4781313488447,ac_power
1239,2019-09-25 16:00:00,270.0,48.6725,10.944168942200005,-0.8660254037844385,-0.5000000000000004,-0.9951053111006974,-0.0988201387328721,regresion_individual_ac_power,1182.4710324520397,-912.4710324520397,ac_power
1239,2019-09-25 17:00:00,-35.0,21.53275,10.626530027900005,-0.9659258262890684,-0.2588190451025206,-0.9951053111006974,-0.0988201387328721,regresion_individual_ac_power,571.6165728023132,-606.6165728023132,ac_power
1239,2019-09-25 18:00:00,20.0,0.371,9.540835496600003,-1.0,-1.8369701987210287e-16,-0.9951053111006974,-0.0988201387328721,regresion_individual_ac_power,23.146142796835306,-3.1461427968353064,ac_power
1239,2019-09-26 06:00:00,5.0,7.41725,7.271113092800001,1.0,6.123233995736766e-17,-0.99665890175417,-0.0816763953304228,regresion_individual_ac_power,-108.16540472477527,113.16540472477527,ac_power
1239,2019-09-26 07:00:00,360.0,56.96275,7.663474235300002,0.9659258262890684,-0.2588190451025206,-0.99665890175417,-0.0816763953304228,regresion_individual_ac_power,829.141454295841,-469.14145429584096,ac_power
1239,2019-09-26 08:00:00,830.0,93.98525,8.9008354454,0.8660254037844387,-0.4999999999999998,-0.99665890175417,-0.0816763953304228,regresion_individual_ac_power,1670.1025612190952,-840.1025612190952,ac_power
1239,2019-09-26 09:00:00,4530.0,389.51,12.090419033900002,0.7071067811865476,-0.7071067811865475,-0.99665890175417,-0.0816763953304228,regresion_individual_ac_power,7059.569353342848,-2529.5693533428484,ac_power
1239,2019-09-26 10:00:00,3400.0,309.77125,14.3431969919,0.4999999999999999,-0.8660254037844387,-0.99665890175417,-0.0816763953304228,regresion_individual_ac_power,6069.978344927352,-2669.978344927352,ac_power
1239,2019-09-26 11:00:00,3995.0,365.31575,15.735280436600002,0.258819045102521,-0.9659258262890682,-0.99665890175417,-0.0816763953304228,regresion_individual_ac_power,7272.80206163894,-3277.8020616389404,ac_power
1239,2019-09-26 12:00:00,6785.0,603.9,18.152641741100005,1.2246467991473532e-16,-1.0,-0.99665890175417,-0.0816763953304228,regresion_individual_ac_power,11654.426214454368,-4869.426214454368,ac_power
1239,2019-09-26 13:00:00,5270.0,484.3025,20.869447514000008,-0.2588190451025208,-0.9659258262890684,-0.99665890175417,-0.0816763953304228,regresion_individual_ac_power,9709.75474682644,-4439.75474682644,ac_power
1239,2019-09-26 14:00:00,3340.0,309.94575,21.261808656500005,-0.4999999999999997,-0.8660254037844388,-0.99665890175417,-0.0816763953304228,regresion_individual_ac_power,6589.597718282238,-3249.597718282238,ac_power
1239,2019-09-26 15:00:00,1340.0,136.91975,20.80639195340001,-0.7071067811865471,-0.7071067811865479,-0.99665890175417,-0.0816763953304228,regresion_individual_ac_power,3381.848513123886,-2041.8485131238858,ac_power
1239,2019-09-26 16:00:00,255.0,46.033,19.9384752173,-0.8660254037844385,-0.5000000000000004,-0.99665890175417,-0.0816763953304228,regresion_individual_ac_power,1581.2735422909486,-1326.2735422909486,ac_power
1239,2019-09-26 17:00:00,15.0,7.875499999999999,17.192224997600004,-0.9659258262890684,-0.2588190451025206,-0.99665890175417,-0.0816763953304228,regresion_individual_ac_power,666.1734620262741,-651.1734620262741,ac_power
1239,2019-09-26 18:00:00,15.0,1.65825,16.0518082397,-1.0,-1.8369701987210287e-16,-0.99665890175417,-0.0816763953304228,regresion_individual_ac_power,353.9313822867516,-338.9313822867516,ac_power
1239,2019-09-27 06:00:00,15.0,10.29725,8.237224281200003,1.0,6.123233995736766e-17,-0.9979171608653922,-0.0645084494493162,regresion_individual_ac_power,20.974381463238956,-5.974381463238956,ac_power
1239,2019-09-27 07:00:00,710.0,120.29575,9.7966688504,0.9659258262890684,-0.2588190451025206,-0.9979171608653922,-0.0645084494493162,regresion_individual_ac_power,2044.4663071932378,-1334.4663071932378,ac_power
1239,2019-09-27 08:00:00,2780.0,309.553,11.332363417700002,0.8660254037844387,-0.4999999999999998,-0.9979171608653922,-0.0645084494493162,regresion_individual_ac_power,5448.268114030629,-2668.2681140306286,ac_power
1239,2019-09-27 09:00:00,3630.0,349.9135,12.991807994900004,0.7071067811865476,-0.7071067811865475,-0.9979171608653922,-0.0645084494493162,regresion_individual_ac_power,6461.889194439026,-2831.889194439026,ac_power
1239,2019-09-27 10:00:00,6109.5,553.9404999999999,15.312085958300006,0.4999999999999999,-0.8660254037844387,-0.9979171608653922,-0.0645084494493162,regresion_individual_ac_power,10286.969485644877,-4177.469485644877,ac_power
1239,2019-09-27 11:00:00,4945.0,445.07675,16.351252708100002,0.258819045102521,-0.9659258262890682,-0.9979171608653922,-0.0645084494493162,regresion_individual_ac_power,8691.855832358866,-3746.855832358866,ac_power
1239,2019-09-27 12:00:00,5900.0,481.139,15.8465304455,1.2246467991473532e-16,-1.0,-0.9979171608653922,-0.0645084494493162,regresion_individual_ac_power,9403.287364617463,-3503.287364617463,ac_power
1239,2019-09-27 13:00:00,7909.999999999999,672.0545000000001,17.249863891100006,-0.2588190451025208,-0.9659258262890684,-0.9979171608653922,-0.0645084494493162,regresion_individual_ac_power,12843.767709651816,-4933.767709651817,ac_power
1239,2019-09-27 14:00:00,6450.0,541.2435,18.598475110100004,-0.4999999999999997,-0.8660254037844388,-0.9979171608653922,-0.0645084494493162,regresion_individual_ac_power,10574.333893287258,-4124.3338932872575,ac_power
1239,2019-09-27 15:00:00,4805.0,428.147,19.291530721100003,-0.7071067811865471,-0.7071067811865479,-0.9979171608653922,-0.0645084494493162,regresion_individual_ac_power,8474.83460927432,-3669.8346092743195,ac_power
1239,2019-09-27 16:00:00,2650.0,274.472,19.068197369900005,-0.8660254037844385,-0.5000000000000004,-0.9979171608653922,-0.0645084494493162,regresion_individual_ac_power,5580.5307208549275,-2930.5307208549275,ac_power
1239,2019-09-27 17:00:00,460.0,119.07399999999998,18.573197330300005,-0.9659258262890684,-0.2588190451025206,-0.9979171608653922,-0.0645084494493162,regresion_individual_ac_power,2647.274189862523,-2187.274189862523,ac_power
1239,2019-09-27 18:00:00,-30.0,10.6245,14.988613710200005,-1.0,-1.8369701987210287e-16,-0.9979171608653922,-0.0645084494493162,regresion_individual_ac_power,497.2414848058861,-527.2414848058861,ac_power
1239,2019-09-28 06:00:00,20.0,1.65825,9.833196631100003,1.0,6.123233995736766e-17,-0.9988797155850336,-0.0473213883224323,regresion_individual_ac_power,3.8034384512179713,16.19656154878203,ac_power
1239,2019-09-28 07:00:00,20.0,18.08575,9.948613307,0.9659258262890684,-0.2588190451025206,-0.9988797155850336,-0.0473213883224323,regresion_individual_ac_power,396.02324552315054,-376.02324552315054,ac_power
1239,2019-09-28 08:00:00,310.0,51.661,10.3409744495,0.8660254037844387,-0.4999999999999998,-0.9988797155850336,-0.0473213883224323,regresion_individual_ac_power,1104.6648386344655,-794.6648386344655,ac_power
1239,2019-09-28 09:00:00,595.0,74.41575,11.024446726400004,0.7071067811865476,-0.7071067811865475,-0.9988797155850336,-0.0473213883224323,regresion_individual_ac_power,1668.55098758847,-1073.55098758847,ac_power
1239,2019-09-28 10:00:00,1900.0,179.74525,13.015696885700004,0.4999999999999999,-0.8660254037844387,-0.9988797155850336,-0.0473213883224323,regresion_individual_ac_power,3758.8537118275926,-1858.8537118275926,ac_power
1239,2019-09-28 11:00:00,2880.0,269.9345,15.299308179500004,0.258819045102521,-0.9659258262890682,-0.9988797155850336,-0.0473213883224323,regresion_individual_ac_power,5607.153415008537,-2727.153415008537,ac_power
1239,2019-09-28 12:00:00,1595.0,161.83425,16.393336044800005,1.2246467991473532e-16,-1.0,-0.9988797155850336,-0.0473213883224323,regresion_individual_ac_power,3864.3563944738135,-2269.3563944738135,ac_power
1239,2019-09-28 13:00:00,1505.0,148.70025,16.330141595300006,-0.2588190451025208,-0.9659258262890684,-0.9988797155850336,-0.0473213883224323,regresion_individual_ac_power,3630.885168750081,-2125.885168750081,ac_power
1239,2019-09-28 14:00:00,615.0,77.90625,16.088474909300004,-0.4999999999999997,-0.8660254037844388,-0.9988797155850336,-0.0473213883224323,regresion_individual_ac_power,2304.35734186239,-1689.35734186239,ac_power
1239,2019-09-28 15:00:00,250.0,42.60725,15.558058200200003,-0.7071067811865471,-0.7071067811865479,-0.9988797155850336,-0.0473213883224323,regresion_individual_ac_power,1545.919380237362,-1295.919380237362,ac_power
1239,2019-09-28 16:00:00,-15.0,25.307,15.001391489000005,-0.8660254037844385,-0.5000000000000004,-0.9988797155850336,-0.0473213883224323,regresion_individual_ac_power,1080.3082769427099,-1095.3082769427099,ac_power
1239,2019-09-28 17:00:00,-120.0,12.108,14.1983358692,-0.9659258262890684,-0.2588190451025206,-0.9988797155850336,-0.0473213883224323,regresion_individual_ac_power,664.2796000813769,-784.2796000813769,ac_power
1239,2019-09-28 18:00:00,10.0,1.7235,13.957919183300003,-1.0,-1.8369701987210287e-16,-0.9988797155850336,-0.0473213883224323,regresion_individual_ac_power,325.5114628031736,-315.5114628031736,ac_power
1239,2019-09-29 06:00:00,20.0,6.174,7.711252016900004,1.0,6.123233995736766e-17,-0.9995462806873572,-0.0301203048469083,regresion_individual_ac_power,-70.38084555703222,90.38084555703222,ac_power
1239,2019-09-29 07:00:00,255.0,43.1965,7.0222241840000015,0.9659258262890684,-0.2588190451025206,-0.9995462806873572,-0.0301203048469083,regresion_individual_ac_power,562.2091881352767,-307.2091881352767,ac_power
1239,2019-09-29 08:00:00,3225.0,337.87075000000004,8.837640995900005,0.8660254037844387,-0.4999999999999998,-0.9995462806873572,-0.0301203048469083,regresion_individual_ac_power,5709.860234679626,-2484.860234679626,ac_power
1239,2019-09-29 09:00:00,3315.0,292.25275,10.056807760100003,0.7071067811865476,-0.7071067811865475,-0.9995462806873572,-0.0301203048469083,regresion_individual_ac_power,5260.392390983896,-1945.392390983896,ac_power
1239,2019-09-29 10:00:00,6155.0,517.02675,11.359030086500002,0.4999999999999999,-0.8660254037844387,-0.9995462806873572,-0.0301203048469083,regresion_individual_ac_power,9365.644453520195,-3210.6444535201954,ac_power
1239,2019-09-29 11:00:00,5085.0,450.29075,12.419307949100002,0.258819045102521,-0.9659258262890682,-0.9995462806873572,-0.0301203048469083,regresion_individual_ac_power,8501.296061844998,-3416.296061844998,ac_power
1239,2019-09-29 12:00:00,3345.0,285.577,11.693752335500005,1.2246467991473532e-16,-1.0,-0.9995462806873572,-0.0301203048469083,regresion_individual_ac_power,5672.204854320143,-2327.2048543201427,ac_power
1239,2019-09-29 13:00:00,5920.0,526.8442500000001,12.229585711700004,-0.2588190451025208,-0.9659258262890684,-0.9995462806873572,-0.0301203048469083,regresion_individual_ac_power,9968.75077644882,-4048.75077644882,ac_power
1239,2019-09-29 14:00:00,4555.0,405.58875,13.122502449800002,-0.4999999999999997,-0.8660254037844388,-0.9995462806873572,-0.0301203048469083,regresion_individual_ac_power,7888.5083740636255,-3333.5083740636255,ac_power
1239,2019-09-29 15:00:00,5035.0,438.9025,14.016946965800004,-0.7071067811865471,-0.7071067811865479,-0.9995462806873572,-0.0301203048469083,regresion_individual_ac_power,8425.683602123165,-3390.6836021231647,ac_power
1239,2019-09-29 16:00:00,2630.0,274.95225,13.2647246834,-0.8660254037844385,-0.5000000000000004,-0.9995462806873572,-0.0301203048469083,regresion_individual_ac_power,5358.546504086123,-2728.5465040861227,ac_power
1239,2019-09-29 17:00:00,430.0,113.14,12.9959746619,-0.9659258262890684,-0.2588190451025206,-0.9995462806873572,-0.0301203048469083,regresion_individual_ac_power,2367.0521620936897,-1937.0521620936897,ac_power
1239,2019-09-29 18:00:00,-30.0,10.16625,9.512641049900004,-1.0,-1.8369701987210287e-16,-0.9995462806873572,-0.0301203048469083,regresion_individual_ac_power,237.54890709273513,-267.54890709273513,ac_power
1239,2019-09-30 06:00:00,0.0,8.7265,1.4730570734000006,1.0,6.123233995736766e-17,-0.999916658654738,-0.0129102960750088,regresion_individual_ac_power,-666.294384765534,666.294384765534,ac_power
1239,2019-09-30 07:00:00,740.0,113.1835,4.029862833500002,0.9659258262890684,-0.2588190451025206,-0.999916658654738,-0.0129102960750088,regresion_individual_ac_power,1385.820561288503,-645.8205612885031,ac_power
1239,2019-09-30 08:00:00,2910.0,276.58825,7.154446416800003,0.8660254037844387,-0.4999999999999998,-0.999916658654738,-0.0129102960750088,regresion_individual_ac_power,4535.722082992019,-1625.7220829920188,ac_power
1239,2019-09-30 09:00:00,2891.0,262.277,8.135974273100002,0.7071067811865476,-0.7071067811865475,-0.999916658654738,-0.0129102960750088,regresion_individual_ac_power,4566.373855313902,-1675.373855313902,ac_power
1239,2019-09-30 10:00:00,5715.0,479.91725,10.325418892700004,0.4999999999999999,-0.8660254037844387,-0.999916658654738,-0.0129102960750088,regresion_individual_ac_power,8638.051967161411,-2923.051967161411,ac_power
1239,2019-09-30 11:00:00,7465.0,620.197,11.8259745683,0.258819045102521,-0.9659258262890682,-0.999916658654738,-0.0129102960750088,regresion_individual_ac_power,11353.289571716328,-3888.2895717163283,ac_power
1239,2019-09-30 12:00:00,7785.0,637.40975,10.941391164200004,1.2246467991473532e-16,-1.0,-0.999916658654738,-0.0129102960750088,regresion_individual_ac_power,11706.192463314446,-3921.1924633144463,ac_power
1239,2019-09-30 13:00:00,7435.0,612.12475,11.445002315600004,-0.2588190451025208,-0.9659258262890684,-0.999916658654738,-0.0129102960750088,regresion_individual_ac_power,11375.70672282615,-3940.7067228261494,ac_power
1239,2019-09-30 14:00:00,6255.0,527.38975,13.406530250300005,-0.4999999999999997,-0.8660254037844388,-0.999916658654738,-0.0129102960750088,regresion_individual_ac_power,10038.553406331113,-3783.5534063311134,ac_power
1239,2019-09-30 15:00:00,4540.0,407.61775,14.847919254500002,-0.7071067811865471,-0.7071067811865479,-0.999916658654738,-0.0129102960750088,regresion_individual_ac_power,7937.444254425804,-3397.4442544258036,ac_power
1239,2019-09-30 16:00:00,2410.0,251.67425000000003,14.6286136814,-0.8660254037844385,-0.5000000000000004,-0.999916658654738,-0.0129102960750088,regresion_individual_ac_power,5044.38929000559,-2634.38929000559,ac_power
1239,2019-09-30 17:00:00,170.0,52.01025,12.365974611500006,-0.9659258262890684,-0.2588190451025206,-0.999916658654738,-0.0129102960750088,regresion_individual_ac_power,1284.1332906229027,-1114.1332906229027,ac_power
1239,2019-09-30 18:00:00,-45.0,5.090333333333333,9.279029920100005,-1.0,-1.8369701987210287e-16,-0.999916658654738,-0.0129102960750088,regresion_individual_ac_power,145.44338609073043,-190.44338609073043,ac_power
1239,2019-10-01 06:00:00,15.0,2.57425,6.694585268900001,1.0,6.123233995736766e-17,-0.99999073973619,0.0043035382962438,regresion_individual_ac_power,-200.46228243693054,215.46228243693054,ac_power
1239,2019-10-01 07:00:00,200.0,35.212,6.828057501800002,0.9659258262890684,-0.2588190451025206,-0.99999073973619,0.0043035382962438,regresion_individual_ac_power,424.7949154716639,-224.7949154716639,ac_power
1239,2019-10-01 08:00:00,635.0,74.852,7.280974204700002,0.8660254037844387,-0.4999999999999998,-0.99999073973619,0.0043035382962438,regresion_individual_ac_power,1221.064227609912,-586.064227609912,ac_power
1239,2019-10-01 09:00:00,1260.0,127.14625,8.135974273100002,0.7071067811865476,-0.7071067811865475,-0.99999073973619,0.0043035382962438,regresion_individual_ac_power,2296.8984508959893,-1036.8984508959893,ac_power
1239,2019-10-01 10:00:00,1770.0,167.419,9.1244465744,0.4999999999999999,-0.8660254037844387,-0.99999073973619,0.0043035382962438,regresion_individual_ac_power,3199.9225418267997,-1429.9225418267997,ac_power
1239,2019-10-01 11:00:00,1555.0,155.44175,9.546529941500005,0.258819045102521,-0.9659258262890682,-0.99999073973619,0.0043035382962438,regresion_individual_ac_power,3128.4634372299856,-1573.4634372299856,ac_power
1239,2019-10-01 12:00:00,915.0,95.643,9.595696612100005,1.2246467991473532e-16,-1.0,-0.99999073973619,0.0043035382962438,regresion_individual_ac_power,2133.9471104708264,-1218.9471104708264,ac_power
1239,2019-10-01 13:00:00,475.0,68.08925,9.8248632971,-0.2588190451025208,-0.9659258262890684,-0.99999073973619,0.0043035382962438,regresion_individual_ac_power,1675.9245710846471,-1200.9245710846471,ac_power
1239,2019-10-01 14:00:00,235.0,42.25825,8.597224310000001,-0.4999999999999997,-0.8660254037844388,-0.99999073973619,0.0043035382962438,regresion_individual_ac_power,1049.3645655330965,-814.3645655330965,ac_power
1239,2019-10-01 15:00:00,-30.0,22.4055,8.3834742929,-0.7071067811865471,-0.7071067811865479,-0.99999073973619,0.0043035382962438,regresion_individual_ac_power,622.6721513673217,-652.6721513673217,ac_power
1239,2019-10-01 16:00:00,-93.33333333333331,17.947666666666667,8.345002067600001,-0.8660254037844385,-0.5000000000000004,-0.99999073973619,0.0043035382962438,regresion_individual_ac_power,472.92752719959026,-566.2608605329235,ac_power
1239,2019-10-01 17:00:00,75.0,17.36575,8.232918725300003,-0.9659258262890684,-0.2588190451025206,-0.99999073973619,0.0043035382962438,regresion_individual_ac_power,372.19545711695423,-297.19545711695423,ac_power
1239,2019-10-01 18:00:00,10.0,0.0,8.601529865900002,-1.0,-1.8369701987210287e-16,-0.99999073973619,0.0043035382962438,regresion_individual_ac_power,17.708075352562332,-7.708075352562332,ac_power
1239,2019-10-02 06:00:00,5.0,2.63975,6.274029679700005,1.0,6.123233995736766e-17,-0.9997685019798908,0.0215160974362222,regresion_individual_ac_power,-231.63440501303137,236.63440501303137,ac_power
1239,2019-10-02 07:00:00,5.0,16.84225,5.461251836900004,0.9659258262890684,-0.2588190451025206,-0.9997685019798908,0.0215160974362222,regresion_individual_ac_power,-12.36585681163126,17.36585681163126,ac_power
1239,2019-10-02 08:00:00,400.0,55.36975,5.011251800900002,0.8660254037844387,-0.4999999999999998,-0.9997685019798908,0.0215160974362222,regresion_individual_ac_power,640.9473231166994,-240.9473231166994,ac_power
1239,2019-10-02 09:00:00,1210.0,120.8845,5.244724041800003,0.7071067811865476,-0.7071067811865475,-0.9997685019798908,0.0215160974362222,regresion_individual_ac_power,1847.5832097351818,-637.5832097351818,ac_power
1239,2019-10-02 10:00:00,1486.6666666666667,154.32925,6.368335242800002,0.4999999999999999,-0.8660254037844387,-0.9997685019798908,0.0215160974362222,regresion_individual_ac_power,2650.056428469826,-1163.3897618031594,ac_power
1239,2019-10-02 11:00:00,1440.0,140.99925,7.0095852941000025,0.258819045102521,-0.9659258262890682,-0.9997685019798908,0.0215160974362222,regresion_individual_ac_power,2576.581778680218,-1136.5817786802181,ac_power
1239,2019-10-02 12:00:00,2485.0,226.498,7.643890900400001,1.2246467991473532e-16,-1.0,-0.9997685019798908,0.0215160974362222,regresion_individual_ac_power,4199.433923292062,-1714.433923292062,ac_power
1239,2019-10-02 13:00:00,1970.0,187.272,7.957363147700003,-0.2588190451025208,-0.9659258262890684,-0.9997685019798908,0.0215160974362222,regresion_individual_ac_power,3568.6175145469233,-1598.6175145469233,ac_power
1239,2019-10-02 14:00:00,3085.0,274.21025,9.0401410121,-0.4999999999999997,-0.8660254037844388,-0.9997685019798908,0.0215160974362222,regresion_individual_ac_power,5201.783743485511,-2116.783743485511,ac_power
1239,2019-10-02 15:00:00,2105.0,187.054,8.265418727900002,-0.7071067811865471,-0.7071067811865479,-0.9997685019798908,0.0215160974362222,regresion_individual_ac_power,3520.480953653614,-1415.480953653614,ac_power
1239,2019-10-02 16:00:00,1090.0,113.99075,7.590279785000002,-0.8660254037844385,-0.5000000000000004,-0.9997685019798908,0.0215160974362222,regresion_individual_ac_power,2084.148242365144,-994.1482423651441,ac_power
1239,2019-10-02 17:00:00,150.0,36.739,6.672085267100001,-0.9659258262890684,-0.2588190451025206,-0.9997685019798908,0.0215160974362222,regresion_individual_ac_power,562.4560399394161,-412.4560399394161,ac_power
1239,2019-10-02 18:00:00,-60.0,3.40325,5.646807407300002,-1.0,-1.8369701987210287e-16,-0.9997685019798908,0.0215160974362222,regresion_individual_ac_power,-181.86340442159724,121.86340442159724,ac_power
1239,2019-10-03 06:00:00,0.0,5.694,-0.4251375228999982,1.0,6.123233995736766e-17,-0.9992500112396836,0.0387222808921739,regresion_individual_ac_power,-968.0082392369984,968.0082392369984,ac_power
1239,2019-10-03 07:00:00,615.0,104.348,1.0834737089000015,0.9659258262890684,-0.2588190451025206,-0.9992500112396836,0.0387222808921739,regresion_individual_ac_power,858.4213480919257,-243.42134809192567,ac_power
1239,2019-10-03 08:00:00,2882.75,264.06575,4.825696230500004,0.8660254037844387,-0.4999999999999998,-0.9992500112396836,0.0387222808921739,regresion_individual_ac_power,4055.733334647317,-1172.983334647317,ac_power
1239,2019-10-03 09:00:00,3745.0,321.74875,6.545557479200003,0.7071067811865476,-0.7071067811865475,-0.9992500112396836,0.0387222808921739,regresion_individual_ac_power,5374.287531621804,-1629.2875316218042,ac_power
1239,2019-10-03 10:00:00,4430.0,384.36175,7.622779787600002,0.4999999999999999,-0.8660254037844387,-0.9992500112396836,0.0387222808921739,regresion_individual_ac_power,6716.921760874736,-2286.921760874736,ac_power
1239,2019-10-03 11:00:00,5800.0,502.80275000000006,9.016113232400002,0.258819045102521,-0.9659258262890682,-0.9992500112396836,0.0387222808921739,regresion_individual_ac_power,9045.609779574443,-3245.6097795744427,ac_power
1239,2019-10-03 12:00:00,7040.0,585.74875,10.028891091200004,1.2246467991473532e-16,-1.0,-0.9992500112396836,0.0387222808921739,regresion_individual_ac_power,10700.072496037006,-3660.072496037006,ac_power
1239,2019-10-03 13:00:00,7055.0,597.9005,11.097502287800005,-0.2588190451025208,-0.9659258262890684,-0.9992500112396836,0.0387222808921739,regresion_individual_ac_power,11076.30769815406,-4021.30769815406,ac_power
1239,2019-10-03 14:00:00,5480.0,494.3165,12.053891253200003,-0.4999999999999997,-0.8660254037844388,-0.9992500112396836,0.0387222808921739,regresion_individual_ac_power,9346.328283797679,-3866.3282837976785,ac_power
1239,2019-10-03 15:00:00,3525.0,319.56675,11.734585672100003,-0.7071067811865471,-0.7071067811865479,-0.9992500112396836,0.0387222808921739,regresion_individual_ac_power,6184.963771320215,-2659.9637713202146,ac_power
1239,2019-10-03 16:00:00,1630.0,177.9565,10.6630578086,-0.8660254037844385,-0.5000000000000004,-0.9992500112396836,0.0387222808921739,regresion_individual_ac_power,3504.462066330152,-1874.462066330152,ac_power
1239,2019-10-03 17:00:00,310.0,55.283,9.5648632763,-0.9659258262890684,-0.2588190451025206,-0.9992500112396836,0.0387222808921739,regresion_individual_ac_power,1167.0535191700155,-857.0535191700155,ac_power
1239,2019-10-03 18:00:00,-95.0,1.92,7.280974204700003,-1.0,-1.8369701987210287e-16,-0.9992500112396836,0.0387222808921739,regresion_individual_ac_power,-42.04714435039534,-52.95285564960466,ac_power
1239,2019-10-04 06:00:00,0.0,1.7746666666666666,3.4952794574000032,1.0,6.123233995736766e-17,-0.9984354211555644,0.055916990100603,regresion_individual_ac_power,-527.1989798817579,527.1989798817579,ac_power
1239,2019-10-04 07:00:00,190.0,33.2045,3.1818072101000032,0.9659258262890684,-0.2588190451025206,-0.9984354211555644,0.055916990100603,regresion_individual_ac_power,-12.34614996210803,202.34614996210803,ac_power
1239,2019-10-04 08:00:00,704.0,76.72824999999999,3.4068072281000017,0.8660254037844387,-0.4999999999999998,-0.9984354211555644,0.055916990100603,regresion_individual_ac_power,789.2651127414233,-85.26511274142331,ac_power
1239,2019-10-04 09:00:00,1855.0,175.666,5.067362916500001,0.7071067811865476,-0.7071067811865475,-0.9984354211555644,0.055916990100603,regresion_individual_ac_power,2745.172294943029,-890.1722949430291,ac_power
1239,2019-10-04 10:00:00,1610.0,158.38675,5.717362968500003,0.4999999999999999,-0.8660254037844387,-0.9984354211555644,0.055916990100603,regresion_individual_ac_power,2635.875335035787,-1025.875335035787,ac_power
1239,2019-10-04 11:00:00,4880.0,416.95525,7.892779809200002,0.258819045102521,-0.9659258262890682,-0.9984354211555644,0.055916990100603,regresion_individual_ac_power,7441.14763997622,-2561.1476399762196,ac_power
1239,2019-10-04 12:00:00,1220.0,131.291,8.164168719800003,1.2246467991473532e-16,-1.0,-0.9984354211555644,0.055916990100603,regresion_individual_ac_power,2607.483512773792,-1387.483512773792,ac_power
1239,2019-10-04 13:00:00,1725.0,165.2375,7.161390861800003,-0.2588190451025208,-0.9659258262890684,-0.9984354211555644,0.055916990100603,regresion_individual_ac_power,3085.9891350796374,-1360.9891350796374,ac_power
1239,2019-10-04 14:00:00,2220.0,198.59475,7.244446424000003,-0.4999999999999997,-0.8660254037844388,-0.9984354211555644,0.055916990100603,regresion_individual_ac_power,3664.341758658693,-1444.341758658693,ac_power
1239,2019-10-04 15:00:00,1590.0,154.76575,7.2161130884,-0.7071067811865471,-0.7071067811865479,-0.9984354211555644,0.055916990100603,regresion_individual_ac_power,2840.348707404242,-1250.3487074042418,ac_power
1239,2019-10-04 16:00:00,535.0,68.8525,6.160140781700001,-0.8660254037844385,-0.5000000000000004,-0.9984354211555644,0.055916990100603,regresion_individual_ac_power,1144.5597345037504,-609.5597345037504,ac_power
1239,2019-10-04 17:00:00,215.0,53.90825,5.898612983000004,-0.9659258262890684,-0.2588190451025206,-0.9984354211555644,0.055916990100603,regresion_individual_ac_power,788.7042037764372,-573.7042037764372,ac_power
1239,2019-10-04 18:00:00,-65.0,1.309,5.080140695300004,-1.0,-1.8369701987210287e-16,-0.9984354211555644,0.055916990100603,regresion_individual_ac_power,-262.39041769575067,197.39041769575067,ac_power
1239,2019-10-05 06:00:00,5.0,3.9705,2.931390523400001,1.0,6.123233995736766e-17,-0.9973249731081556,0.0730951298980777,regresion_individual_ac_power,-555.883010010557,560.883010010557,ac_power
1239,2019-10-05 07:00:00,185.0,42.86925,2.6080571642000034,0.9659258262890684,-0.2588190451025206,-0.9973249731081556,0.0730951298980777,regresion_individual_ac_power,70.4368578101546,114.5631421898454,ac_power
1239,2019-10-05 08:00:00,840.0,91.54175,3.7511128112000014,0.8660254037844387,-0.4999999999999998,-0.9973249731081556,0.0730951298980777,regresion_individual_ac_power,1080.9051971604235,-240.90519716042354,ac_power
1239,2019-10-05 09:00:00,2720.0,267.16375,6.248890788800002,0.7071067811865476,-0.7071067811865475,-0.9973249731081556,0.0730951298980777,regresion_individual_ac_power,4423.679730222147,-1703.6797302221466,ac_power
1239,2019-10-05 10:00:00,6215.0,524.99,9.4059743747,0.4999999999999999,-0.8660254037844387,-0.9973249731081556,0.0730951298980777,regresion_individual_ac_power,9273.646173491787,-3058.6461734917866,ac_power
1239,2019-10-05 11:00:00,7545.0,619.3895,10.602502248200004,0.258819045102521,-0.9659258262890682,-0.9973249731081556,0.0730951298980777,regresion_individual_ac_power,11182.698754146624,-3637.698754146624,ac_power
1239,2019-10-05 12:00:00,7730.0,625.9345,10.751668926800004,1.2246467991473532e-16,-1.0,-0.9973249731081556,0.0730951298980777,regresion_individual_ac_power,11449.166672088635,-3719.166672088635,ac_power
1239,2019-10-05 13:00:00,7157.25,592.7955,12.0693079211,-0.2588190451025208,-0.9659258262890684,-0.9973249731081556,0.0730951298980777,regresion_individual_ac_power,11070.987862907108,-3913.737862907108,ac_power
1239,2019-10-05 14:00:00,6075.0,508.64975,13.919724735800004,-0.4999999999999997,-0.8660254037844388,-0.9973249731081556,0.0730951298980777,regresion_individual_ac_power,9750.22145996884,-3675.2214599688396,ac_power
1239,2019-10-05 15:00:00,4485.0,389.292,14.821113696800005,-0.7071067811865471,-0.7071067811865479,-0.9973249731081556,0.0730951298980777,regresion_individual_ac_power,7641.739318782398,-3156.739318782398,ac_power
1239,2019-10-05 16:00:00,2150.0,237.297,14.801391473000004,-0.8660254037844385,-0.5000000000000004,-0.9973249731081556,0.0730951298980777,regresion_individual_ac_power,4854.991827315254,-2704.9918273152543,ac_power
1239,2019-10-05 17:00:00,225.0,81.98599999999999,14.016946965800004,-0.9659258262890684,-0.2588190451025206,-0.9973249731081556,0.0730951298980777,regresion_individual_ac_power,1970.1974975683997,-1745.1974975683997,ac_power
1239,2019-10-05 18:00:00,-50.0,2.3125,9.175141022900004,-1.0,-1.8369701987210287e-16,-0.9973249731081556,0.0730951298980777,regresion_individual_ac_power,147.68579867341123,-197.68579867341123,ac_power
1239,2019-10-06 06:00:00,10.0,6.63225,-1.1172209115999987,1.0,6.123233995736766e-17,-0.9959189961471792,0.0902516100310407,regresion_individual_ac_power,-1058.7280965087577,1068.7280965087577,ac_power
1239,2019-10-06 07:00:00,280.0,44.28725,0.3243069815000021,0.9659258262890684,-0.2588190451025206,-0.9959189961471792,0.0902516100310407,regresion_individual_ac_power,-230.22301605344273,510.22301605344273,ac_power
1239,2019-10-06 08:00:00,1225.0,116.4125,1.9330571102000027,0.8660254037844387,-0.4999999999999998,-0.9959189961471792,0.0902516100310407,regresion_individual_ac_power,1230.9011127889048,-5.901112788904811,ac_power
1239,2019-10-06 09:00:00,2560.0,231.64675,4.441668422000001,0.7071067811865476,-0.7071067811865475,-0.9959189961471792,0.0902516100310407,regresion_individual_ac_power,3590.856534953693,-1030.856534953693,ac_power
1239,2019-10-06 10:00:00,2840.0,267.862,6.247224122000002,0.4999999999999999,-0.8660254037844387,-0.9959189961471792,0.0902516100310407,regresion_individual_ac_power,4564.5971579878915,-1724.5971579878915,ac_power
1239,2019-10-06 11:00:00,4060.0,363.025,8.465002077200001,0.258819045102521,-0.9659258262890682,-0.9959189961471792,0.0902516100310407,regresion_individual_ac_power,6583.467728550835,-2523.467728550835,ac_power
1239,2019-10-06 12:00:00,4485.0,392.1062500000001,10.760002260800002,1.2246467991473532e-16,-1.0,-0.9959189961471792,0.0902516100310407,regresion_individual_ac_power,7438.972364556865,-2953.9723645568647,ac_power
1239,2019-10-06 13:00:00,6980.0,599.275,13.107085781900006,-0.2588190451025208,-0.9659258262890684,-0.9959189961471792,0.0902516100310407,regresion_individual_ac_power,11273.03731988914,-4293.037319889139,ac_power
1239,2019-10-06 14:00:00,2620.0,241.87875000000005,13.035280220600004,-0.4999999999999997,-0.8660254037844388,-0.9959189961471792,0.0902516100310407,regresion_individual_ac_power,5055.979737738507,-2435.9797377385066,ac_power
1239,2019-10-06 15:00:00,1775.0,173.39675,12.651391301000002,-0.7071067811865471,-0.7071067811865479,-0.9959189961471792,0.0902516100310407,regresion_individual_ac_power,3740.848447207426,-1965.848447207426,ac_power
1239,2019-10-06 16:00:00,415.0,60.14775,12.315419051900005,-0.8660254037844385,-0.5000000000000004,-0.9959189961471792,0.0902516100310407,regresion_individual_ac_power,1630.0914093134575,-1215.0914093134575,ac_power
1239,2019-10-06 17:00:00,-30.0,9.9265,11.968057913000004,-0.9659258262890684,-0.2588190451025206,-0.9959189961471792,0.0902516100310407,regresion_individual_ac_power,615.5298739297561,-645.5298739297561,ac_power
1239,2019-10-06 18:00:00,10.0,2.1597500000000003,10.755696704900004,-1.0,-1.8369701987210287e-16,-0.9959189961471792,0.0902516100310407,regresion_individual_ac_power,277.06252166508216,-267.06252166508216,ac_power
1239,2019-10-07 06:00:00,10.0,2.5307500000000003,12.9636135482,1.0,6.123233995736766e-17,-0.994217906893952,0.107381346664163,regresion_individual_ac_power,317.6497219425712,-307.6497219425712,ac_power
1239,2019-10-07 07:00:00,10.0,11.12625,13.1295857837,0.9659258262890684,-0.2588190451025206,-0.994217906893952,0.107381346664163,regresion_individual_ac_power,615.9535491495772,-605.9535491495772,ac_power
1239,2019-10-07 08:00:00,15.0,23.62725,13.426252474100004,0.8660254037844387,-0.4999999999999998,-0.994217906893952,0.107381346664163,regresion_individual_ac_power,989.5255945265615,-974.5255945265615,ac_power
1239,2019-10-07 09:00:00,725.0,79.76075,14.101252528100003,0.7071067811865476,-0.7071067811865475,-0.994217906893952,0.107381346664163,regresion_individual_ac_power,2113.541661651541,-1388.5416616515408,ac_power
1239,2019-10-07 10:00:00,910.0,93.7235,15.378058185800004,0.4999999999999999,-0.8660254037844387,-0.994217906893952,0.107381346664163,regresion_individual_ac_power,2580.701097817749,-1670.701097817749,ac_power
1239,2019-10-07 11:00:00,635.0,75.7905,14.105419195100003,0.258819045102521,-0.9659258262890682,-0.994217906893952,0.107381346664163,regresion_individual_ac_power,2266.0292997994356,-1631.0292997994356,ac_power
1239,2019-10-07 12:00:00,435.0,56.76625,12.017363472500003,1.2246467991473532e-16,-1.0,-0.994217906893952,0.107381346664163,regresion_individual_ac_power,1777.6279849390507,-1342.6279849390507,ac_power
1239,2019-10-07 13:00:00,535.0,66.693,12.214169043800004,-0.2588190451025208,-0.9659258262890684,-0.994217906893952,0.107381346664163,regresion_individual_ac_power,1969.987767833436,-1434.987767833436,ac_power
1239,2019-10-07 14:00:00,600.0,72.23424999999999,12.474169064600002,-0.4999999999999997,-0.8660254037844388,-0.994217906893952,0.107381346664163,regresion_individual_ac_power,2052.168932038878,-1452.1689320388782,ac_power
1239,2019-10-07 15:00:00,410.0,60.14775,12.274585715300004,-0.7071067811865471,-0.7071067811865479,-0.994217906893952,0.107381346664163,regresion_individual_ac_power,1745.434488776456,-1335.434488776456,ac_power
1239,2019-10-07 16:00:00,190.0,42.10575,11.965141246100004,-0.8660254037844385,-0.5000000000000004,-0.994217906893952,0.107381346664163,regresion_individual_ac_power,1301.598794720805,-1111.598794720805,ac_power
1239,2019-10-07 17:00:00,-45.0,10.42825,11.686946779400005,-0.9659258262890684,-0.2588190451025206,-0.994217906893952,0.107381346664163,regresion_individual_ac_power,617.0913744433278,-662.0913744433278,ac_power
1239,2019-10-07 18:00:00,10.0,1.46175,10.979307833900004,-1.0,-1.8369701987210287e-16,-0.994217906893952,0.107381346664163,regresion_individual_ac_power,294.3917295933493,-284.3917295933493,ac_power
1430,2010-07-28 09:00:00,191.623333,621.359516,20.03361625,0.7071067811865476,-0.7071067811865475,-0.4405187843504952,-0.8977433935342336,regresion_individual_ac_power,184.96242250637874,6.660910493621259,ac_power
1430,2010-07-28 10:00:00,259.51499975,878.2463329999999,21.91698325,0.4999999999999999,-0.8660254037844387,-0.4405187843504952,-0.8977433935342336,regresion_individual_ac_power,256.5272173002594,2.987782449740621,ac_power
1430,2010-07-28 11:00:00,287.753333,959.7943495,23.73344975,0.258819045102521,-0.9659258262890682,-0.4405187843504952,-0.8977433935342336,regresion_individual_ac_power,282.99719380398824,4.756139196011759,ac_power
1430,2010-07-28 12:00:00,279.52999975,915.3721995,24.574533,1.2246467991473532e-16,-1.0,-0.4405187843504952,-0.8977433935342336,regresion_individual_ac_power,275.48745559852557,4.042544151474431,ac_power
1430,2010-07-28 13:00:00,237.9866665,760.9736330000001,25.39211625,-0.2588190451025208,-0.9659258262890684,-0.4405187843504952,-0.8977433935342336,regresion_individual_ac_power,237.15705400599455,0.8296124940054597,ac_power
1430,2010-07-28 14:00:00,189.9716665,612.12409975,26.2245495,-0.4999999999999997,-0.8660254037844388,-0.4405187843504952,-0.8977433935342336,regresion_individual_ac_power,197.64908262419505,-7.677416124195048,ac_power
1430,2010-07-28 15:00:00,103.593333,342.1999995,24.15964975,-0.7071067811865471,-0.7071067811865479,-0.4405187843504952,-0.8977433935342336,regresion_individual_ac_power,119.32966428052686,-15.736331280526855,ac_power
1430,2010-07-28 16:00:00,223.83999975,721.46476625,25.78129975,-0.8660254037844385,-0.5000000000000004,-0.4405187843504952,-0.8977433935342336,regresion_individual_ac_power,232.08856667091143,-8.24856692091143,ac_power
1430,2010-07-28 17:00:00,238.263333,723.0618665,25.05646625,-0.9659258262890684,-0.2588190451025206,-0.4405187843504952,-0.8977433935342336,regresion_individual_ac_power,233.00937585683613,5.253957143163859,ac_power
1430,2010-07-28 18:00:00,15.413333,50.5739995,23.54094975,-1.0,-1.8369701987210287e-16,-0.4405187843504952,-0.8977433935342336,regresion_individual_ac_power,22.48449242511326,-7.07115942511326,ac_power
1430,2010-07-29 06:00:00,65.87166625,283.813483,19.0241995,1.0,6.123233995736766e-17,-0.455906693508459,-0.8900275764346766,regresion_individual_ac_power,88.61521952818795,-22.743553278187946,ac_power
1430,2010-07-29 07:00:00,204.8149995,695.52993275,21.34566625,0.9659258262890684,-0.2588190451025206,-0.455906693508459,-0.8900275764346766,regresion_individual_ac_power,204.07613563951796,0.7388638604820414,ac_power
1430,2010-07-29 08:00:00,274.43166625,931.9852165,21.83089975,0.8660254037844387,-0.4999999999999998,-0.455906693508459,-0.8900275764346766,regresion_individual_ac_power,268.3059233226476,6.125742927352405,ac_power
1430,2010-07-29 09:00:00,288.0849995,977.47291625,23.23426625,0.7071067811865476,-0.7071067811865475,-0.455906693508459,-0.8900275764346766,regresion_individual_ac_power,282.82479335261235,5.260206147387635,ac_power
1430,2010-07-29 10:00:00,290.20666625,977.544133,24.86693325,0.4999999999999999,-0.8660254037844387,-0.455906693508459,-0.8900275764346766,regresion_individual_ac_power,286.74965186493273,3.457014385067282,ac_power
1430,2010-07-29 11:00:00,286.393333,963.9943495,26.34249975,0.258819045102521,-0.9659258262890682,-0.455906693508459,-0.8900275764346766,regresion_individual_ac_power,287.6505280989235,-1.2571950989234892,ac_power
1430,2010-07-29 12:00:00,293.10499975,989.0085495,28.032683,1.2246467991473532e-16,-1.0,-0.455906693508459,-0.8900275764346766,regresion_individual_ac_power,299.62561863422184,-6.520618884221847,ac_power
1430,2010-07-29 13:00:00,157.9199995,515.2499162500001,27.4111665,-0.2588190451025208,-0.9659258262890684,-0.455906693508459,-0.8900275764346766,regresion_individual_ac_power,169.03915058593924,-11.11915108593925,ac_power
1430,2010-07-29 14:00:00,77.3899995,245.40714975,26.69946625,-0.4999999999999997,-0.8660254037844388,-0.455906693508459,-0.8900275764346766,regresion_individual_ac_power,91.1235656486241,-13.733566148624092,ac_power
1430,2010-07-29 15:00:00,39.09499975,130.688933,22.27668275,-0.7071067811865471,-0.7071067811865479,-0.455906693508459,-0.8900275764346766,regresion_individual_ac_power,58.03317085951687,-18.938171109516873,ac_power
1430,2010-07-29 16:00:00,73.7649995,239.304883,21.89829975,-0.8660254037844385,-0.5000000000000004,-0.455906693508459,-0.8900275764346766,regresion_individual_ac_power,88.78709248253371,-15.022092982533707,ac_power
1430,2010-07-29 17:00:00,81.32666625,261.1554165,22.98634975,-0.9659258262890684,-0.2588190451025206,-0.455906693508459,-0.8900275764346766,regresion_individual_ac_power,93.05622743157295,-11.729561181572947,ac_power
1430,2010-07-29 18:00:00,26.28666625,84.74596625,23.3859165,-1.0,-1.8369701987210287e-16,-0.455906693508459,-0.8900275764346766,regresion_individual_ac_power,34.406734498543905,-8.120068248543905,ac_power
1430,2010-07-31 06:00:00,0.0,47.3249,15.9435,1.0,6.123233995736766e-17,-0.4862727071086902,-0.8738071036110807,regresion_individual_ac_power,24.221852458280978,-24.221852458280978,ac_power
1430,2010-07-31 11:00:00,286.45499975,954.80466625,25.29026625,0.258819045102521,-0.9659258262890682,-0.4862727071086902,-0.8738071036110807,regresion_individual_ac_power,285.35077848304024,1.1042212669597689,ac_power
1430,2010-07-31 12:00:00,280.0016665,922.0097665,25.8501665,1.2246467991473532e-16,-1.0,-0.4862727071086902,-0.8738071036110807,regresion_individual_ac_power,280.57483730539445,-0.5731708053944544,ac_power
1430,2010-07-31 13:00:00,292.3066665,965.751683,26.526733,-0.2588190451025208,-0.9659258262890684,-0.4862727071086902,-0.8738071036110807,regresion_individual_ac_power,296.91100863578595,-4.6043421357859415,ac_power
1430,2010-07-31 14:00:00,238.523333,793.8055165,27.1921165,-0.4999999999999997,-0.8660254037844388,-0.4862727071086902,-0.8738071036110807,regresion_individual_ac_power,252.44802889527506,-13.92469589527505,ac_power
1430,2010-07-31 15:00:00,190.81499975000003,630.9966499999999,27.067733,-0.7071067811865471,-0.7071067811865479,-0.4862727071086902,-0.8738071036110807,regresion_individual_ac_power,206.939679729575,-16.124679979574978,ac_power
1430,2010-07-31 16:00:00,135.50499975,433.99558275,26.627083,-0.8660254037844385,-0.5000000000000004,-0.4862727071086902,-0.8738071036110807,regresion_individual_ac_power,147.89925924523428,-12.39425949523428,ac_power
1430,2010-07-31 17:00:00,153.8666665,473.08731625,26.53676625,-0.9659258262890684,-0.2588190451025206,-0.4862727071086902,-0.8738071036110807,regresion_individual_ac_power,158.6033460891673,-4.736679589167295,ac_power
1430,2010-07-31 18:00:00,69.018333,201.1096495,25.711883,-1.0,-1.8369701987210287e-16,-0.4862727071086902,-0.8738071036110807,regresion_individual_ac_power,70.89084820577607,-1.8725152057760681,ac_power
1430,2010-08-02 06:00:00,66.4616665,279.37826625,19.599233,1.0,6.123233995736766e-17,-0.5160623910158526,-0.8565509959010037,regresion_individual_ac_power,89.8667498974425,-23.405083397442496,ac_power
1430,2010-08-02 07:00:00,210.94999975,706.998233,21.3529165,0.9659258262890684,-0.2588190451025206,-0.5160623910158526,-0.8565509959010037,regresion_individual_ac_power,209.56097008757777,1.3890296624222174,ac_power
1430,2010-08-02 08:00:00,186.508333,590.1972497500001,21.6802165,0.8660254037844387,-0.4999999999999998,-0.5160623910158526,-0.8565509959010037,regresion_individual_ac_power,179.11845437090855,7.3898786290914416,ac_power
1430,2010-08-02 09:00:00,143.14999975,465.78721625,22.7200165,0.7071067811865476,-0.7071067811865475,-0.5160623910158526,-0.8565509959010037,regresion_individual_ac_power,147.88255486808248,-4.732555118082473,ac_power
1430,2010-08-02 10:00:00,195.4749995,646.217333,23.642833,0.4999999999999999,-0.8660254037844387,-0.5160623910158526,-0.8565509959010037,regresion_individual_ac_power,199.60767186084823,-4.1326723608482325,ac_power
1430,2010-08-02 11:00:00,272.933333,907.25838275,25.81819975,0.258819045102521,-0.9659258262890682,-0.5160623910158526,-0.8565509959010037,regresion_individual_ac_power,274.5451179097307,-1.6117849097307158,ac_power
1430,2010-08-02 12:00:00,247.603333,839.722983,26.42629975,1.2246467991473532e-16,-1.0,-0.5160623910158526,-0.8565509959010037,regresion_individual_ac_power,260.1409933126141,-12.537660312614122,ac_power
1430,2010-08-02 13:00:00,193.7516665,649.6200662499999,26.7650165,-0.2588190451025208,-0.9659258262890684,-0.5160623910158526,-0.8565509959010037,regresion_individual_ac_power,210.46891971572424,-16.71725321572424,ac_power
1430,2010-08-02 14:00:00,227.76666625,753.06569975,27.53401625,-0.4999999999999997,-0.8660254037844388,-0.5160623910158526,-0.8565509959010037,regresion_individual_ac_power,242.55016325167125,-14.783497001671265,ac_power
1430,2010-08-02 15:00:00,19.25333325,66.84488300000001,22.69206625,-0.7071067811865471,-0.7071067811865479,-0.5160623910158526,-0.8565509959010037,regresion_individual_ac_power,42.203709314426995,-22.950376064426994,ac_power
1430,2010-08-02 16:00:00,10.17333325,37.680316000000005,18.470533,-0.8660254037844385,-0.5000000000000004,-0.5160623910158526,-0.8565509959010037,regresion_individual_ac_power,32.16736613520686,-21.994032885206863,ac_power
1430,2010-08-02 17:00:00,16.013333,56.32789975,18.062883,-0.9659258262890684,-0.2588190451025206,-0.5160623910158526,-0.8565509959010037,regresion_individual_ac_power,35.1004222086774,-19.0870892086774,ac_power
1430,2010-08-02 18:00:00,4.4366665,19.7169165,19.42779975,-1.0,-1.8369701987210287e-16,-0.5160623910158526,-0.8565509959010037,regresion_individual_ac_power,20.265811001866684,-15.829144501866683,ac_power
1430,2010-08-03 06:00:00,62.8949995,280.1412165,16.759549749999998,1.0,6.123233995736766e-17,-0.5307300481619331,-0.8475409228928312,regresion_individual_ac_power,90.66593982444837,-27.770940324448375,ac_power
1430,2010-08-03 07:00:00,130.3116665,432.4137495,18.2345165,0.9659258262890684,-0.2588190451025206,-0.5307300481619331,-0.8475409228928312,regresion_individual_ac_power,133.93663021759258,-3.6249637175925784,ac_power
1430,2010-08-03 08:00:00,287.27999975,982.964783,21.6052165,0.8660254037844387,-0.4999999999999998,-0.5307300481619331,-0.8475409228928312,regresion_individual_ac_power,284.0261065646282,3.253893185371794,ac_power
1430,2010-08-03 09:00:00,307.018333,1062.5228165,22.6188995,0.7071067811865476,-0.7071067811865475,-0.5307300481619331,-0.8475409228928312,regresion_individual_ac_power,306.9045416204808,0.11379137951917073,ac_power
1430,2010-08-03 10:00:00,293.33666625,985.2701665,23.3800495,0.4999999999999999,-0.8660254037844387,-0.5307300481619331,-0.8475409228928312,regresion_individual_ac_power,289.83821182990744,3.498454420092571,ac_power
1430,2010-08-03 11:00:00,251.053333,836.401633,24.63388325,0.258819045102521,-0.9659258262890682,-0.5307300481619331,-0.8475409228928312,regresion_individual_ac_power,254.9391623228816,-3.885829322881591,ac_power
1430,2010-08-03 12:00:00,234.0199995,767.74218275,25.65201625,1.2246467991473532e-16,-1.0,-0.5307300481619331,-0.8475409228928312,regresion_individual_ac_power,240.50288471374645,-6.482885213746442,ac_power
1430,2010-08-03 13:00:00,66.788333,206.07879975,24.640683,-0.2588190451025208,-0.9659258262890684,-0.5307300481619331,-0.8475409228928312,regresion_individual_ac_power,84.85690879166998,-18.068575791669986,ac_power
1430,2010-08-03 14:00:00,203.41666625,674.79828275,25.9427165,-0.4999999999999997,-0.8660254037844388,-0.5307300481619331,-0.8475409228928312,regresion_individual_ac_power,220.07594149497652,-16.659275244976527,ac_power
1430,2010-08-03 15:00:00,196.92499975,690.80606625,26.5347165,-0.7071067811865471,-0.7071067811865479,-0.5307300481619331,-0.8475409228928312,regresion_individual_ac_power,226.667702534989,-29.74270278498898,ac_power
1430,2010-08-03 16:00:00,79.8999995,253.23868299999995,25.00254975,-0.8660254037844385,-0.5000000000000004,-0.5307300481619331,-0.8475409228928312,regresion_individual_ac_power,96.06940211348035,-16.169402613480344,ac_power
1430,2010-08-03 17:00:00,16.2599995,57.0119665,21.4877165,-0.9659258262890684,-0.2588190451025206,-0.5307300481619331,-0.8475409228928312,regresion_individual_ac_power,34.91784050537353,-18.657841005373534,ac_power
1430,2010-08-03 18:00:00,105.63999975,297.0555495,21.8808995,-1.0,-1.8369701987210287e-16,-0.5307300481619331,-0.8475409228928312,regresion_individual_ac_power,105.9038163729991,-0.26381662299910147,ac_power
1430,2010-08-04 06:00:00,39.03499975,182.60958325,14.93829975,1.0,6.123233995736766e-17,-0.5452404385406507,-0.8382797052177745,regresion_individual_ac_power,63.989052961792616,-24.95405321179262,ac_power
1430,2010-08-04 07:00:00,149.77999975,510.019983,18.53351625,0.9659258262890684,-0.2588190451025206,-0.5452404385406507,-0.8382797052177745,regresion_individual_ac_power,155.61304085812807,-5.8330411081280715,ac_power
1430,2010-08-04 08:00:00,182.23333275,589.904783,21.15504975,0.8660254037844387,-0.4999999999999998,-0.5452404385406507,-0.8382797052177745,regresion_individual_ac_power,179.99613143949304,2.237201310506947,ac_power
1430,2010-08-04 09:00:00,249.14666625,817.909183,21.41759975,0.7071067811865476,-0.7071067811865475,-0.5452404385406507,-0.8382797052177745,regresion_individual_ac_power,242.0591460690327,7.087520180967317,ac_power
1430,2010-08-04 10:00:00,295.938333,993.586183,23.23551625,0.4999999999999999,-0.8660254037844387,-0.5452404385406507,-0.8382797052177745,regresion_individual_ac_power,292.3734467582235,3.5648862417764917,ac_power
1430,2010-08-04 11:00:00,284.363333,942.1537995,23.7502665,0.258819045102521,-0.9659258262890682,-0.5452404385406507,-0.8382797052177745,regresion_individual_ac_power,282.4827444021547,1.8805885978453034,ac_power
1430,2010-08-04 12:00:00,288.773333,949.79859975,25.265133,1.2246467991473532e-16,-1.0,-0.5452404385406507,-0.8382797052177745,regresion_individual_ac_power,290.04380586100217,-1.2704728610021903,ac_power
1430,2010-08-04 13:00:00,249.7799995,814.35396625,25.584733,-0.2588190451025208,-0.9659258262890684,-0.5452404385406507,-0.8382797052177745,regresion_individual_ac_power,257.01853239140274,-7.238532891402741,ac_power
1430,2010-08-04 14:00:00,83.22499975,269.488033,25.18976625,-0.4999999999999997,-0.8660254037844388,-0.5452404385406507,-0.8382797052177745,regresion_individual_ac_power,104.06534987109593,-20.840350121095938,ac_power
1430,2010-08-04 15:00:00,72.0366665,235.13541625,25.1524995,-0.7071067811865471,-0.7071067811865479,-0.5452404385406507,-0.8382797052177745,regresion_individual_ac_power,93.16377319412881,-21.127106694128813,ac_power
1430,2010-08-04 16:00:00,124.58499975,385.72439975,22.815233,-0.8660254037844385,-0.5000000000000004,-0.5452404385406507,-0.8382797052177745,regresion_individual_ac_power,136.7954795868935,-12.210479836893498,ac_power
1430,2010-08-04 17:00:00,46.2599995,157.37146625,20.816533,-0.9659258262890684,-0.2588190451025206,-0.5452404385406507,-0.8382797052177745,regresion_individual_ac_power,66.55614082716659,-20.296141327166588,ac_power
1430,2010-08-04 18:00:00,21.00166625,66.6198495,18.54504975,-1.0,-1.8369701987210287e-16,-0.5452404385406507,-0.8382797052177745,regresion_individual_ac_power,36.50379071029332,-15.502124460293324,ac_power
1430,2010-08-05 06:00:00,26.518333,131.79023275,14.805883,1.0,6.123233995736766e-17,-0.5595892624101763,-0.828770087174504,regresion_individual_ac_power,50.56598265649728,-24.047649656497285,ac_power
1430,2010-08-05 07:00:00,188.40166625,625.5428995,17.1707665,0.9659258262890684,-0.2588190451025206,-0.5595892624101763,-0.828770087174504,regresion_individual_ac_power,185.66177335237506,2.739892897624941,ac_power
1430,2010-08-05 08:00:00,281.078333,943.42041625,18.94244975,0.8660254037844387,-0.4999999999999998,-0.5595892624101763,-0.828770087174504,regresion_individual_ac_power,270.5693710818281,10.508961918171906,ac_power
1430,2010-08-05 09:00:00,295.163333,984.58099975,19.7491995,0.7071067811865476,-0.7071067811865475,-0.5595892624101763,-0.828770087174504,regresion_individual_ac_power,282.8988198133957,12.264513186604347,ac_power
1430,2010-08-05 10:00:00,297.7316665,975.078533,21.77659975,0.4999999999999999,-0.8660254037844387,-0.5595892624101763,-0.828770087174504,regresion_individual_ac_power,285.7423622427482,11.989304257251831,ac_power
1430,2010-08-05 11:00:00,288.11499975000004,946.50273275,22.85686625,0.258819045102521,-0.9659258262890682,-0.5595892624101763,-0.828770087174504,regresion_individual_ac_power,282.83636097139095,5.278638778609093,ac_power
1430,2010-08-05 12:00:00,251.68666625,825.65561625,23.94386625,1.2246467991473532e-16,-1.0,-0.5595892624101763,-0.828770087174504,regresion_individual_ac_power,255.69559465768538,-4.008928407685374,ac_power
1430,2010-08-05 13:00:00,153.973333,490.82183325,24.03009975,-0.2588190451025208,-0.9659258262890684,-0.5595892624101763,-0.828770087174504,regresion_individual_ac_power,166.8561720487995,-12.882839048799497,ac_power
1430,2010-08-05 14:00:00,79.94666625,263.41635,23.93548325,-0.4999999999999997,-0.8660254037844388,-0.5595892624101763,-0.828770087174504,regresion_individual_ac_power,103.16607511431862,-23.21940886431861,ac_power
1430,2010-08-05 15:00:00,151.14166625,525.2621995,24.890933,-0.7071067811865471,-0.7071067811865479,-0.5595892624101763,-0.828770087174504,regresion_individual_ac_power,179.33607008231633,-28.19440383231634,ac_power
1430,2010-08-05 16:00:00,121.1799995,406.950683,24.997433,-0.8660254037844385,-0.5000000000000004,-0.5595892624101763,-0.828770087174504,regresion_individual_ac_power,144.15380283524237,-22.97380333524238,ac_power
1430,2010-08-05 17:00:00,35.23333275,117.51041625,24.11999975,-0.9659258262890684,-0.2588190451025206,-0.5595892624101763,-0.828770087174504,regresion_individual_ac_power,53.78338256538197,-18.550049815381968,ac_power
1430,2010-08-05 18:00:00,0.91499975,9.80889975,21.3159995,-1.0,-1.8369701987210287e-16,-0.5595892624101763,-0.828770087174504,regresion_individual_ac_power,18.292149504685582,-17.377149754685583,ac_power
1430,2010-08-06 06:00:00,45.8466665,215.6448495,15.732483,1.0,6.123233995736766e-17,-0.5737722679043243,-0.8190148866680802,regresion_individual_ac_power,74.35250449616045,-28.50583799616045,ac_power
1430,2010-08-06 07:00:00,199.9316665,677.97728275,19.29909975,0.9659258262890684,-0.2588190451025206,-0.5737722679043243,-0.8190148866680802,regresion_individual_ac_power,202.33926594240916,-2.4075994424091505,ac_power
1430,2010-08-06 08:00:00,276.368333,939.38573275,22.19716625,0.8660254037844387,-0.4999999999999998,-0.5737722679043243,-0.8190148866680802,regresion_individual_ac_power,275.1034058286873,1.2649271713127064,ac_power
1430,2010-08-06 09:00:00,290.40166625,980.631483,23.7056495,0.7071067811865476,-0.7071067811865475,-0.5737722679043243,-0.8190148866680802,regresion_individual_ac_power,288.974926464217,1.4267397857830133,ac_power
1430,2010-08-06 10:00:00,288.5599995,970.100433,24.666883,0.4999999999999999,-0.8660254037844387,-0.5737722679043243,-0.8190148866680802,regresion_individual_ac_power,289.61566566900626,-1.0556661690062583,ac_power
1430,2010-08-06 11:00:00,282.60833275,946.1199495,25.701833,0.258819045102521,-0.9659258262890682,-0.5737722679043243,-0.8190148866680802,regresion_individual_ac_power,287.6061902972482,-4.997857547248202,ac_power
1430,2010-08-06 12:00:00,261.783333,872.0906662499999,26.5837495,1.2246467991473532e-16,-1.0,-0.5737722679043243,-0.8190148866680802,regresion_individual_ac_power,272.1234735670521,-10.34014056705206,ac_power
1430,2010-08-06 13:00:00,126.75499975,425.06791625,25.65968275,-0.2588190451025208,-0.9659258262890684,-0.5737722679043243,-0.8190148866680802,regresion_individual_ac_power,149.92177656279603,-23.16677681279603,ac_power
1430,2010-08-06 14:00:00,225.64999975,743.15899975,26.98401625,-0.4999999999999997,-0.8660254037844388,-0.5737722679043243,-0.8190148866680802,regresion_individual_ac_power,242.58710627969703,-16.93710652969702,ac_power
1430,2010-08-06 15:00:00,61.43333274999999,214.94416625,20.359483,-0.7071067811865471,-0.7071067811865479,-0.5737722679043243,-0.8190148866680802,regresion_individual_ac_power,88.60590466932177,-27.172571919321783,ac_power
1430,2010-08-06 16:00:00,150.88999975000002,467.3130995,20.23971625,-0.8660254037844385,-0.5000000000000004,-0.5737722679043243,-0.8190148866680802,regresion_individual_ac_power,160.78183145547226,-9.891831705472242,ac_power
1430,2010-08-06 17:00:00,245.94666625,751.8971497499999,24.80231625,-0.9659258262890684,-0.2588190451025206,-0.5737722679043243,-0.8190148866680802,regresion_individual_ac_power,247.8086145332516,-1.8619482832516212,ac_power
1430,2010-08-06 18:00:00,108.223333,296.61688325,23.570783,-1.0,-1.8369701987210287e-16,-0.5737722679043243,-0.8190148866680802,regresion_individual_ac_power,107.58854541616925,0.6347875838307431,ac_power
1430,2010-08-07 06:00:00,57.1216665,273.72479975,19.248483,1.0,6.123233995736766e-17,-0.5877852522924734,-0.8090169943749472,regresion_individual_ac_power,91.67556858934167,-34.55390208934166,ac_power
1430,2010-08-07 07:00:00,175.2249995,572.30631625,21.79339975,0.9659258262890684,-0.2588190451025206,-0.5877852522924734,-0.8090169943749472,regresion_individual_ac_power,176.36271590703487,-1.1377164070348726,ac_power
1430,2010-08-07 08:00:00,283.63166625,949.017883,24.83064975,0.8660254037844387,-0.4999999999999998,-0.5877852522924734,-0.8090169943749472,regresion_individual_ac_power,281.5777578924707,2.0539083575293375,ac_power
1430,2010-08-07 09:00:00,289.57499975,985.62496625,26.67428325,0.7071067811865476,-0.7071067811865475,-0.5877852522924734,-0.8090169943749472,regresion_individual_ac_power,294.78476447073,-5.209764720729993,ac_power
1430,2010-08-07 10:00:00,289.03499975,972.59134975,27.07394975,0.4999999999999999,-0.8660254037844387,-0.5877852522924734,-0.8090169943749472,regresion_individual_ac_power,294.1147746804295,-5.079774930429494,ac_power
1430,2010-08-07 11:00:00,275.60666625,933.373783,28.09259975,0.258819045102521,-0.9659258262890682,-0.5877852522924734,-0.8090169943749472,regresion_individual_ac_power,287.79730611960156,-12.190639869601569,ac_power
1430,2010-08-07 12:00:00,252.05999975000003,853.2777995,29.07949975,1.2246467991473532e-16,-1.0,-0.5877852522924734,-0.8090169943749472,regresion_individual_ac_power,270.1837027562997,-18.12370300629965,ac_power
1430,2010-08-07 13:00:00,101.33333325,339.78016625,27.5362165,-0.2588190451025208,-0.9659258262890684,-0.5877852522924734,-0.8090169943749472,regresion_individual_ac_power,126.67128859161382,-25.33795534161382,ac_power
1430,2010-08-07 14:00:00,178.33166649999998,591.1979495,28.11573325,-0.4999999999999997,-0.8660254037844388,-0.5877852522924734,-0.8090169943749472,regresion_individual_ac_power,200.4665474824433,-22.13488098244332,ac_power
1430,2010-08-07 15:00:00,40.03999975,134.20739974999998,26.51271625,-0.7071067811865471,-0.7071067811865479,-0.5877852522924734,-0.8090169943749472,regresion_individual_ac_power,65.17747556310995,-25.13747581310995,ac_power
1430,2010-08-07 16:00:00,14.66666625,52.962016250000005,24.7190665,-0.8660254037844385,-0.5000000000000004,-0.5877852522924734,-0.8090169943749472,regresion_individual_ac_power,38.71004134791498,-24.043375097914982,ac_power
1430,2010-08-07 17:00:00,105.45833325,324.4807495,22.58489975,-0.9659258262890684,-0.2588190451025206,-0.5877852522924734,-0.8090169943749472,regresion_individual_ac_power,119.32617233174379,-13.867839081743796,ac_power
1430,2010-08-07 18:00:00,84.64666625000001,233.056433,23.4731665,-1.0,-1.8369701987210287e-16,-0.5877852522924734,-0.8090169943749472,regresion_individual_ac_power,88.60105122113438,-3.954384971134374,ac_power
1430,2010-08-08 06:00:00,65.613333,271.98659975,15.959383,1.0,6.123233995736766e-17,-0.6016240632249227,-0.7987793728863648,regresion_individual_ac_power,90.95741098459662,-25.344077984596623,ac_power
1430,2010-08-08 07:00:00,181.898333,616.3227995,19.45924975,0.9659258262890684,-0.2588190451025206,-0.6016240632249227,-0.7987793728863648,regresion_individual_ac_power,187.1790451366342,-5.280712136634179,ac_power
1430,2010-08-08 08:00:00,282.1516665,962.635083,23.0093165,0.8660254037844387,-0.4999999999999998,-0.6016240632249227,-0.7987793728863648,regresion_individual_ac_power,283.5521350394838,-1.4004685394838248,ac_power
1430,2010-08-08 09:00:00,303.14166625,1028.699283,23.57069975,0.7071067811865476,-0.7071067811865475,-0.6016240632249227,-0.7987793728863648,regresion_individual_ac_power,302.57259807856883,0.5690681714311836,ac_power
1430,2010-08-08 10:00:00,298.3949995,992.574033,25.139783,0.4999999999999999,-0.8660254037844387,-0.6016240632249227,-0.7987793728863648,regresion_individual_ac_power,297.57233568702304,0.8226638129769412,ac_power
1430,2010-08-08 11:00:00,289.39333275,963.7260995,25.723683,0.258819045102521,-0.9659258262890682,-0.6016240632249227,-0.7987793728863648,regresion_individual_ac_power,293.74582937271487,-4.3524966227148525,ac_power
1430,2010-08-08 12:00:00,233.293333,781.0567665,25.9776665,1.2246467991473532e-16,-1.0,-0.6016240632249227,-0.7987793728863648,regresion_individual_ac_power,248.24290543680988,-14.949572436809888,ac_power
1430,2010-08-08 13:00:00,182.12999975,605.132983,25.5223495,-0.2588190451025208,-0.9659258262890684,-0.6016240632249227,-0.7987793728863648,regresion_individual_ac_power,202.08242139181615,-19.95242164181616,ac_power
1430,2010-08-08 14:00:00,153.5466665,516.13744975,25.68556625,-0.4999999999999997,-0.8660254037844388,-0.6016240632249227,-0.7987793728863648,regresion_individual_ac_power,178.72580322497814,-25.17913672497815,ac_power
1430,2010-08-08 15:00:00,147.863333,499.875383,25.85551625,-0.7071067811865471,-0.7071067811865479,-0.6016240632249227,-0.7987793728863648,regresion_individual_ac_power,174.7534039269744,-26.890070926974403,ac_power
1430,2010-08-08 16:00:00,78.3416665,259.927133,24.467233,-0.8660254037844385,-0.5000000000000004,-0.6016240632249227,-0.7987793728863648,regresion_individual_ac_power,102.52434798010924,-24.18268148010924,ac_power
1430,2010-08-08 17:00:00,154.2216665,474.77596625,25.88161625,-0.9659258262890684,-0.2588190451025206,-0.6016240632249227,-0.7987793728863648,regresion_individual_ac_power,165.98494449098513,-11.76327799098513,ac_power
1430,2010-08-08 18:00:00,28.7266665,88.99178325,22.504333000000003,-1.0,-1.8369701987210287e-16,-0.6016240632249227,-0.7987793728863648,regresion_individual_ac_power,44.81403241298688,-16.087365912986883,ac_power
1430,2010-08-10 06:00:00,13.1566665,108.552283,15.19011625,1.0,6.123233995736766e-17,-0.6287628145958345,-0.7775971469736268,regresion_individual_ac_power,47.07111408680369,-33.91444758680369,ac_power
1430,2010-08-10 07:00:00,144.88166625,506.633783,17.114832749999998,0.9659258262890684,-0.2588190451025206,-0.6287628145958345,-0.7775971469736268,regresion_individual_ac_power,156.7683606162979,-11.886694366297917,ac_power
1430,2010-08-10 08:00:00,272.83999975,897.1087332499999,20.074483,0.8660254037844387,-0.4999999999999998,-0.6287628145958345,-0.7775971469736268,regresion_individual_ac_power,263.0929620035546,9.747037746445415,ac_power
1430,2010-08-10 09:00:00,302.34999975,1005.3405995,23.223133,0.7071067811865476,-0.7071067811865475,-0.6287628145958345,-0.7775971469736268,regresion_individual_ac_power,297.1826085997743,5.167391150225683,ac_power
1430,2010-08-10 10:00:00,302.47666625,997.6043665,25.282383,0.4999999999999999,-0.8660254037844387,-0.6287628145958345,-0.7775971469736268,regresion_individual_ac_power,300.5136769686801,1.9629892813198921,ac_power
1430,2010-08-10 11:00:00,306.69666625,1013.48373275,26.91116625,0.258819045102521,-0.9659258262890682,-0.6287628145958345,-0.7775971469736268,regresion_individual_ac_power,310.19154915239744,-3.4948829023974213,ac_power
1430,2010-08-10 12:00:00,271.79833325000004,899.8006495,26.968233,1.2246467991473532e-16,-1.0,-0.6287628145958345,-0.7775971469736268,regresion_individual_ac_power,283.2201962756111,-11.42186302561106,ac_power
1430,2010-08-10 13:00:00,231.338333,767.804433,26.96511625,-0.2588190451025208,-0.9659258262890684,-0.6287628145958345,-0.7775971469736268,regresion_individual_ac_power,250.21472295214485,-18.876389952144848,ac_power
1430,2010-08-10 14:00:00,177.848333,583.128633,25.71983275,-0.4999999999999997,-0.8660254037844388,-0.6287628145958345,-0.7775971469736268,regresion_individual_ac_power,199.48806890124777,-21.639735901247775,ac_power
1430,2010-08-10 15:00:00,301.55999975,1005.6304995,27.81389975,-0.7071067811865471,-0.7071067811865479,-0.6287628145958345,-0.7775971469736268,regresion_individual_ac_power,324.0008442247736,-22.4408444747736,ac_power
1430,2010-08-10 16:00:00,294.03999975,974.3372495,28.26066625,-0.8660254037844385,-0.5000000000000004,-0.6287628145958345,-0.7775971469736268,regresion_individual_ac_power,318.1459035867763,-24.105903836776292,ac_power
1430,2010-08-10 17:00:00,209.21166625,664.7377495,26.93888325,-0.9659258262890684,-0.2588190451025206,-0.6287628145958345,-0.7775971469736268,regresion_individual_ac_power,225.762900664091,-16.551234414091,ac_power
1430,2010-08-10 18:00:00,38.03666625,117.47101625,25.47311625,-1.0,-1.8369701987210287e-16,-0.6287628145958345,-0.7775971469736268,regresion_individual_ac_power,53.608798050065786,-15.572131800065783,ac_power
1430,2010-08-12 06:00:00,17.54,111.84054975,18.0980665,1.0,6.123233995736766e-17,-0.655156357209085,-0.7554933140726804,regresion_individual_ac_power,49.729690657267966,-32.18969065726797,ac_power
1430,2010-08-12 07:00:00,80.64833300000001,283.5286995,19.37426625,0.9659258262890684,-0.2588190451025206,-0.655156357209085,-0.7554933140726804,regresion_individual_ac_power,99.7063925977042,-19.058059597704187,ac_power
1430,2010-08-12 08:00:00,223.57999975,729.7782997500001,22.10736625,0.8660254037844387,-0.4999999999999998,-0.655156357209085,-0.7554933140726804,regresion_individual_ac_power,223.46361072510447,0.1163890248955397,ac_power
1430,2010-08-12 09:00:00,74.36833275,247.837066,23.796433,0.7071067811865476,-0.7071067811865475,-0.655156357209085,-0.7554933140726804,regresion_individual_ac_power,96.39323778971644,-22.024905039716444,ac_power
1430,2010-08-12 10:00:00,155.30499974999998,524.210583,25.039333,0.4999999999999999,-0.8660254037844387,-0.655156357209085,-0.7554933140726804,regresion_individual_ac_power,175.32299608961648,-20.017996339616502,ac_power
1430,2010-08-12 11:00:00,168.91333325,561.2017165,26.77206625,0.258819045102521,-0.9659258262890682,-0.655156357209085,-0.7554933140726804,regresion_individual_ac_power,189.3132069853174,-20.399873735317414,ac_power
1430,2010-08-12 12:00:00,150.05999975,497.57896625,23.58694975,1.2246467991473532e-16,-1.0,-0.655156357209085,-0.7554933140726804,regresion_individual_ac_power,171.86260245739624,-21.802602707396233,ac_power
1430,2010-08-12 13:00:00,193.463333,657.45168325,26.417983,-0.2588190451025208,-0.9659258262890684,-0.655156357209085,-0.7554933140726804,regresion_individual_ac_power,220.7033929604728,-27.24005996047279,ac_power
1430,2010-08-12 14:00:00,135.54333325000002,425.48369975,27.77623325,-0.4999999999999997,-0.8660254037844388,-0.655156357209085,-0.7554933140726804,regresion_individual_ac_power,156.93989826099107,-21.396565010991054,ac_power
1430,2010-08-12 15:00:00,233.18499975,778.975183,28.422383,-0.7071067811865471,-0.7071067811865479,-0.655156357209085,-0.7554933140726804,regresion_individual_ac_power,261.0358022809555,-27.85080253095552,ac_power
1430,2010-08-12 16:00:00,203.52499975,688.5312329999999,27.72874975,-0.8660254037844385,-0.5000000000000004,-0.655156357209085,-0.7554933140726804,regresion_individual_ac_power,235.00623992781885,-31.481240177818847,ac_power
1430,2010-08-12 17:00:00,118.668333,366.28594975,25.35531625,-0.9659258262890684,-0.2588190451025206,-0.655156357209085,-0.7554933140726804,regresion_individual_ac_power,136.22763160664286,-17.559298606642855,ac_power
1430,2010-08-12 18:00:00,112.62666625,316.8449665,25.176733,-1.0,-1.8369701987210287e-16,-0.655156357209085,-0.7554933140726804,regresion_individual_ac_power,118.4883504988403,-5.861684248840305,ac_power
1430,2010-08-13 06:00:00,11.98,89.403783,13.838683,1.0,6.123233995736766e-17,-0.6680638642135333,-0.7441039398713608,regresion_individual_ac_power,42.90870064763393,-30.928700647633928,ac_power
1430,2010-08-13 07:00:00,135.2899995,479.2683665,16.173299749999998,0.9659258262890684,-0.2588190451025206,-0.6680638642135333,-0.7441039398713608,regresion_individual_ac_power,150.04147864722674,-14.751479147226746,ac_power
1430,2010-08-13 08:00:00,265.3949995,891.3014665000001,20.0553495,0.8660254037844387,-0.4999999999999998,-0.6680638642135333,-0.7441039398713608,regresion_individual_ac_power,263.2151640075424,2.1798354924575847,ac_power
1430,2010-08-13 09:00:00,301.82833275,1009.291383,21.15024975,0.7071067811865476,-0.7071067811865475,-0.6680638642135333,-0.7441039398713608,regresion_individual_ac_power,296.10259143125245,5.725741318747566,ac_power
1430,2010-08-13 10:00:00,300.813333,997.570033,22.1471165,0.4999999999999999,-0.8660254037844387,-0.6680638642135333,-0.7441039398713608,regresion_individual_ac_power,296.8378912690323,3.9754417309677024,ac_power
1430,2010-08-13 11:00:00,294.198333,971.066733,22.809483,0.258819045102521,-0.9659258262890682,-0.6680638642135333,-0.7441039398713608,regresion_individual_ac_power,294.0536503052882,0.14468269471177564,ac_power
1430,2010-08-13 12:00:00,289.08999975,943.255033,24.10208325,1.2246467991473532e-16,-1.0,-0.6680638642135333,-0.7441039398713608,regresion_individual_ac_power,292.6121863159623,-3.522186565962272,ac_power
1430,2010-08-13 13:00:00,289.91999975,940.788333,25.60491625,-0.2588190451025208,-0.9659258262890684,-0.6680638642135333,-0.7441039398713608,regresion_individual_ac_power,298.16225373884777,-8.242253988847779,ac_power
1430,2010-08-13 14:00:00,291.878333,925.215383,26.32151625,-0.4999999999999997,-0.8660254037844388,-0.6680638642135333,-0.7441039398713608,regresion_individual_ac_power,298.49258287730925,-6.614249877309248,ac_power
1430,2010-08-13 15:00:00,294.1999995,949.214883,26.89214975,-0.7071067811865471,-0.7071067811865479,-0.6680638642135333,-0.7441039398713608,regresion_individual_ac_power,309.1352775985496,-14.935278098549588,ac_power
1430,2010-08-13 16:00:00,286.97833275,932.7354665,27.1830995,-0.8660254037844385,-0.5000000000000004,-0.6680638642135333,-0.7441039398713608,regresion_individual_ac_power,307.26915899065443,-20.29082624065444,ac_power
1430,2010-08-13 17:00:00,254.216666,790.1064662499999,26.95024975,-0.9659258262890684,-0.2588190451025206,-0.6680638642135333,-0.7441039398713608,regresion_individual_ac_power,266.12528834517616,-11.908622345176155,ac_power
1430,2010-08-13 18:00:00,142.008333,392.801933,25.69441625,-1.0,-1.8369701987210287e-16,-0.6680638642135333,-0.7441039398713608,regresion_individual_ac_power,143.00856076904162,-1.0002277690416292,ac_power
1430,2010-08-15 06:00:00,8.823333250000001,66.570233,12.57831625,1.0,6.123233995736766e-17,-0.6932812268869771,-0.7206671495538615,regresion_individual_ac_power,36.94637804022504,-28.12304479022504,ac_power
1430,2010-08-15 07:00:00,123.73333325,441.86653275,14.7311665,0.9659258262890684,-0.2588190451025206,-0.6932812268869771,-0.7206671495538615,regresion_individual_ac_power,139.3459867179664,-15.61265346796641,ac_power
1430,2010-08-15 08:00:00,257.12166625,849.0740165,15.81661625,0.8660254037844387,-0.4999999999999998,-0.6932812268869771,-0.7206671495538615,regresion_individual_ac_power,244.81310903390175,12.308557216098222,ac_power
1430,2010-08-15 09:00:00,295.178333,980.45979975,17.22861625,0.7071067811865476,-0.7071067811865475,-0.6932812268869771,-0.7206671495538615,regresion_individual_ac_power,280.8386534004103,14.339679599589715,ac_power
1430,2010-08-15 10:00:00,296.69999975,983.27511625,18.44919975,0.4999999999999999,-0.8660254037844387,-0.6932812268869771,-0.7206671495538615,regresion_individual_ac_power,285.8635435033241,10.836456246675937,ac_power
1430,2010-08-15 11:00:00,290.13666625,954.4117665,20.333533,0.258819045102521,-0.9659258262890682,-0.6932812268869771,-0.7206671495538615,regresion_individual_ac_power,285.6366510210265,4.500015228973496,ac_power
1430,2010-08-15 12:00:00,284.99666625,928.0891995,21.477333,1.2246467991473532e-16,-1.0,-0.6932812268869771,-0.7206671495538615,regresion_individual_ac_power,284.69493229556406,0.30173395443591744,ac_power
1430,2010-08-15 13:00:00,286.438333,920.42794975,22.81734975,-0.2588190451025208,-0.9659258262890684,-0.6932812268869771,-0.7206671495538615,regresion_individual_ac_power,289.0525645331902,-2.614231533190207,ac_power
1430,2010-08-15 14:00:00,294.29333325000005,942.52649975,23.869833,-0.4999999999999997,-0.8660254037844388,-0.6932812268869771,-0.7206671495538615,regresion_individual_ac_power,300.61751034693407,-6.324177096934022,ac_power
1430,2010-08-15 15:00:00,292.698333,956.4984995,24.737033,-0.7071067811865471,-0.7071067811865479,-0.6932812268869771,-0.7206671495538615,regresion_individual_ac_power,309.4057946555547,-16.70746165555471,ac_power
1430,2010-08-15 16:00:00,284.72999975,917.057033,25.05724975,-0.8660254037844385,-0.5000000000000004,-0.6932812268869771,-0.7206671495538615,regresion_individual_ac_power,301.52173076928136,-16.79173101928137,ac_power
1430,2010-08-15 17:00:00,248.68499975,764.7756494999999,25.32879975,-0.9659258262890684,-0.2588190451025206,-0.6932812268869771,-0.7206671495538615,regresion_individual_ac_power,258.8239870773583,-10.138987327358308,ac_power
1430,2010-08-15 18:00:00,132.72666625,371.24503325,24.56851625,-1.0,-1.8369701987210287e-16,-0.6932812268869771,-0.7206671495538615,regresion_individual_ac_power,138.06782193170812,-5.3411556817081305,ac_power
1430,2010-08-16 06:00:00,0.91,22.04136625,13.4352665,1.0,6.123233995736766e-17,-0.7055836101071774,-0.70862667826446,regresion_individual_ac_power,25.985579327450857,-25.075579327450857,ac_power
1430,2010-08-16 07:00:00,36.7299995,123.245283,13.8590495,0.9659258262890684,-0.2588190451025206,-0.7055836101071774,-0.70862667826446,regresion_individual_ac_power,55.36160104450737,-18.63160154450737,ac_power
1430,2010-08-16 08:00:00,105.9299995,335.385683,15.25064975,0.8660254037844387,-0.4999999999999998,-0.7055836101071774,-0.70862667826446,regresion_individual_ac_power,113.90586629207574,-7.975866792075749,ac_power
1430,2010-08-16 09:00:00,174.278333,591.1051495,17.52284975,0.7071067811865476,-0.7071067811865475,-0.7055836101071774,-0.70862667826446,regresion_individual_ac_power,184.3689175723428,-10.090584572342806,ac_power
1430,2010-08-16 10:00:00,156.003333,503.42554975,17.764682999999998,0.4999999999999999,-0.8660254037844387,-0.7055836101071774,-0.70862667826446,regresion_individual_ac_power,164.07502779883873,-8.071694798838735,ac_power
1430,2010-08-16 11:00:00,84.91666625,264.06474975000003,18.05611625,0.258819045102521,-0.9659258262890682,-0.7055836101071774,-0.70862667826446,regresion_individual_ac_power,104.39209140911801,-19.475425159118004,ac_power
1430,2010-08-16 12:00:00,89.783333,264.371233,16.767366250000002,1.2246467991473532e-16,-1.0,-0.7055836101071774,-0.70862667826446,regresion_individual_ac_power,104.30328631082446,-14.519953310824462,ac_power
1430,2010-08-16 13:00:00,125.68166625,371.2692665,18.172733,-0.2588190451025208,-0.9659258262890684,-0.7055836101071774,-0.70862667826446,regresion_individual_ac_power,135.87313619073285,-10.191469940732844,ac_power
1430,2010-08-16 14:00:00,148.60166625,466.63414975,20.07069975,-0.4999999999999997,-0.8660254037844388,-0.7055836101071774,-0.70862667826446,regresion_individual_ac_power,165.56454829436112,-16.962882044361123,ac_power
1430,2010-08-16 15:00:00,235.28499975,743.27218275,22.0961665,-0.7071067811865471,-0.7071067811865479,-0.7055836101071774,-0.70862667826446,regresion_individual_ac_power,246.4337132894277,-11.148713539427689,ac_power
1430,2010-08-16 16:00:00,186.6716665,617.09971625,23.30809975,-0.8660254037844385,-0.5000000000000004,-0.7055836101071774,-0.70862667826446,regresion_individual_ac_power,213.7165938437833,-27.044927343783314,ac_power
1430,2010-08-16 17:00:00,22.9466665,76.9957995,20.357633,-0.9659258262890684,-0.2588190451025206,-0.7055836101071774,-0.70862667826446,regresion_individual_ac_power,51.25934311200606,-28.312676612006058,ac_power
1430,2010-08-16 18:00:00,45.2,132.21484974999998,17.37196625,-1.0,-1.8369701987210287e-16,-0.7055836101071774,-0.70862667826446,regresion_individual_ac_power,64.12089066983471,-18.920890669834705,ac_power
1430,2010-08-19 06:00:00,0.0,11.44911625,19.89691625,1.0,6.123233995736766e-17,-0.7412220108485957,-0.6712599575675315,regresion_individual_ac_power,26.421571108204585,-26.421571108204585,ac_power
1430,2010-08-19 07:00:00,11.56999975,71.2610665,20.669833,0.9659258262890684,-0.2588190451025206,-0.7412220108485957,-0.6712599575675315,regresion_individual_ac_power,46.58507460043273,-35.01507485043273,ac_power
1430,2010-08-19 08:00:00,50.293333,161.0145495,22.087483,0.8660254037844387,-0.4999999999999998,-0.7412220108485957,-0.6712599575675315,regresion_individual_ac_power,74.91517907713295,-24.62184607713295,ac_power
1430,2010-08-19 09:00:00,55.75499975,178.59909975,22.07066625,0.7071067811865476,-0.7071067811865475,-0.7412220108485957,-0.6712599575675315,regresion_individual_ac_power,82.70548473481483,-26.95048498481483,ac_power
1430,2010-08-19 10:00:00,106.97833275,337.8422995,22.542333,0.4999999999999999,-0.8660254037844387,-0.7412220108485957,-0.6712599575675315,regresion_individual_ac_power,128.72110618376144,-21.74277343376143,ac_power
1430,2010-08-19 11:00:00,155.013333,486.6002995,23.197333,0.258819045102521,-0.9659258262890682,-0.7412220108485957,-0.6712599575675315,regresion_individual_ac_power,171.6783771042646,-16.66504410426461,ac_power
1430,2010-08-19 12:00:00,97.3399995,314.95411625,23.27904975,1.2246467991473532e-16,-1.0,-0.7412220108485957,-0.6712599575675315,regresion_individual_ac_power,127.38678451123907,-30.046785011239066,ac_power
1430,2010-08-19 13:00:00,129.37333275,412.9867665,23.3391995,-0.2588190451025208,-0.9659258262890684,-0.7412220108485957,-0.6712599575675315,regresion_individual_ac_power,155.79446982836586,-26.42113707836586,ac_power
1430,2010-08-19 14:00:00,175.373333,578.75443275,23.681233,-0.4999999999999997,-0.8660254037844388,-0.7412220108485957,-0.6712599575675315,regresion_individual_ac_power,203.44454396337588,-28.071210963375876,ac_power
1430,2010-08-19 15:00:00,167.5916665,549.92168275,24.12691625,-0.7071067811865471,-0.7071067811865479,-0.7412220108485957,-0.6712599575675315,regresion_individual_ac_power,197.00829876133702,-29.416632261337014,ac_power
1430,2010-08-19 16:00:00,55.21999975,174.8186495,22.74018275,-0.8660254037844385,-0.5000000000000004,-0.7412220108485957,-0.6712599575675315,regresion_individual_ac_power,86.14692867760743,-30.926928927607435,ac_power
1430,2010-08-19 17:00:00,90.96833275,307.22806625,20.8888495,-0.9659258262890684,-0.2588190451025206,-0.7412220108485957,-0.6712599575675315,regresion_individual_ac_power,122.47385655573224,-31.50552380573224,ac_power
1430,2010-08-19 18:00:00,41.00166625,117.52824975,18.86879975,-1.0,-1.8369701987210287e-16,-0.7412220108485957,-0.6712599575675315,regresion_individual_ac_power,62.2784387120368,-21.276772462036803,ac_power
1430,2010-08-20 06:00:00,0.0,22.4940165,16.72033275,1.0,6.123233995736766e-17,-0.7526668275320083,-0.6584015846980489,regresion_individual_ac_power,29.87716257104513,-29.87716257104513,ac_power
1430,2010-08-20 07:00:00,37.38999975,169.231383,17.61554975,0.9659258262890684,-0.2588190451025206,-0.7526668275320083,-0.6584015846980489,regresion_individual_ac_power,72.96738639872888,-35.577386648728876,ac_power
1430,2010-08-20 08:00:00,226.9366665,753.8960995,19.86409975,0.8660254037844387,-0.4999999999999998,-0.7526668275320083,-0.6584015846980489,regresion_individual_ac_power,231.56594211423788,-4.6292756142378835,ac_power
1430,2010-08-20 09:00:00,292.2816665,972.9473495,22.52659975,0.7071067811865476,-0.7071067811865475,-0.7526668275320083,-0.6584015846980489,regresion_individual_ac_power,294.04109912883337,-1.7594326288333946,ac_power
1430,2010-08-20 10:00:00,290.3066665,974.1580165,23.27288275,0.4999999999999999,-0.8660254037844387,-0.7526668275320083,-0.6584015846980489,regresion_individual_ac_power,297.7777474998828,-7.471080999882815,ac_power
1430,2010-08-20 11:00:00,283.888333,946.65271625,24.10983275,0.258819045102521,-0.9659258262890682,-0.7526668275320083,-0.6584015846980489,regresion_individual_ac_power,295.1853778331706,-11.297044833170617,ac_power
1430,2010-08-20 12:00:00,281.068333,921.975433,25.5156165,1.2246467991473532e-16,-1.0,-0.7526668275320083,-0.6584015846980489,regresion_individual_ac_power,294.80419579610407,-13.735862796104072,ac_power
1430,2010-08-20 13:00:00,264.693333,842.8446665,25.606533,-0.2588190451025208,-0.9659258262890684,-0.7526668275320083,-0.6584015846980489,regresion_individual_ac_power,277.12180727388966,-12.428474273889663,ac_power
1430,2010-08-20 14:00:00,256.028333,835.6094664999999,26.2163665,-0.4999999999999997,-0.8660254037844388,-0.7526668275320083,-0.6584015846980489,regresion_individual_ac_power,279.1337611533487,-23.105428153348726,ac_power
1430,2010-08-20 15:00:00,267.848333,888.17213325,26.55586625,-0.7071067811865471,-0.7071067811865479,-0.7526668275320083,-0.6584015846980489,regresion_individual_ac_power,297.04880314276625,-29.20047014276622,ac_power
1430,2010-08-20 16:00:00,283.79833325,930.17321625,26.68064975,-0.8660254037844385,-0.5000000000000004,-0.7526668275320083,-0.6584015846980489,regresion_individual_ac_power,311.5821334823794,-27.783800232379406,ac_power
1430,2010-08-20 17:00:00,206.728333,656.4623832499999,26.14573275,-0.9659258262890684,-0.2588190451025206,-0.7526668275320083,-0.6584015846980489,regresion_individual_ac_power,231.338823785692,-24.610490785692008,ac_power
1430,2010-08-20 18:00:00,83.27333300000001,234.52006625,25.06904975,-1.0,-1.8369701987210287e-16,-0.7526668275320083,-0.6584015846980489,regresion_individual_ac_power,99.86526172571509,-16.59192872571508,ac_power
1430,2010-08-22 06:00:00,3.29333325,50.03731625,19.7137,1.0,6.123233995736766e-17,-0.7748840413670406,-0.6321034111873488,regresion_individual_ac_power,39.57904315085554,-36.28570990085554,ac_power
1430,2010-08-22 07:00:00,115.753333,430.13758275,20.62406625,0.9659258262890684,-0.2588190451025206,-0.7748840413670406,-0.6321034111873488,regresion_individual_ac_power,147.34519945256991,-31.591866452569917,ac_power
1430,2010-08-22 08:00:00,253.94333275,850.83769975,23.99008325,0.8660254037844387,-0.4999999999999998,-0.7748840413670406,-0.6321034111873488,regresion_individual_ac_power,265.2758832117271,-11.332550461727095,ac_power
1430,2010-08-22 09:00:00,289.663333,993.385283,27.646433,0.7071067811865476,-0.7071067811865475,-0.7748840413670406,-0.6321034111873488,regresion_individual_ac_power,310.3655478297974,-20.702214829797356,ac_power
1430,2010-08-22 10:00:00,292.613333,982.297283,29.36503325,0.4999999999999999,-0.8660254037844387,-0.7748840413670406,-0.6321034111873488,regresion_individual_ac_power,312.57849024992765,-19.965157249927643,ac_power
1430,2010-08-22 11:00:00,279.633333,938.78169975,29.7244165,0.258819045102521,-0.9659258262890682,-0.7748840413670406,-0.6321034111873488,regresion_individual_ac_power,304.6158634837042,-24.98253048370418,ac_power
1430,2010-08-22 12:00:00,274.323333,913.60084975,30.008783,1.2246467991473532e-16,-1.0,-0.7748840413670406,-0.6321034111873488,regresion_individual_ac_power,301.6686088537699,-27.34527585376992,ac_power
1430,2010-08-22 13:00:00,277.11833275000004,911.2918,30.5492165,-0.2588190451025208,-0.9659258262890684,-0.7748840413670406,-0.6321034111873488,regresion_individual_ac_power,305.2121865763305,-28.093853826330474,ac_power
1430,2010-08-22 14:00:00,244.558333,836.3952662500001,30.5481165,-0.4999999999999997,-0.8660254037844388,-0.7748840413670406,-0.6321034111873488,regresion_individual_ac_power,286.98162800427554,-42.42329500427553,ac_power
1430,2010-08-22 15:00:00,85.32999975,261.04611624999995,29.56858275,-0.7071067811865471,-0.7071067811865479,-0.7748840413670406,-0.6321034111873488,regresion_individual_ac_power,117.87206689627553,-32.54206714627553,ac_power
1430,2010-08-22 16:00:00,165.8116665,549.8339665,30.18518325,-0.8660254037844385,-0.5000000000000004,-0.7748840413670406,-0.6321034111873488,regresion_individual_ac_power,204.03400197046912,-38.22233547046912,ac_power
1430,2010-08-22 17:00:00,121.74166625,378.345483,29.12314975,-0.9659258262890684,-0.2588190451025206,-0.7748840413670406,-0.6321034111873488,regresion_individual_ac_power,149.3736405608922,-27.631974310892204,ac_power
1430,2010-08-22 18:00:00,42.538333,134.02048299999998,27.949033,-1.0,-1.8369701987210287e-16,-0.7748840413670406,-0.6321034111873488,regresion_individual_ac_power,68.99437392813944,-26.456040928139437,ac_power
1430,2010-08-23 06:00:00,0.0,14.002483,22.83468275,1.0,6.123233995736766e-17,-0.7856498550787144,-0.6186714032625032,regresion_individual_ac_power,29.751164379653627,-29.751164379653627,ac_power
1430,2010-08-23 07:00:00,17.78833325,101.125133,20.669933,0.9659258262890684,-0.2588190451025206,-0.7856498550787144,-0.6186714032625032,regresion_individual_ac_power,57.95635854994465,-40.16802529994465,ac_power
1430,2010-08-23 08:00:00,206.6749995,711.0798665,21.655683,0.8660254037844387,-0.4999999999999998,-0.7856498550787144,-0.6186714032625032,regresion_individual_ac_power,225.45081149248543,-18.775811992485416,ac_power
1430,2010-08-23 09:00:00,267.0166665,965.6422995,24.305483,0.7071067811865476,-0.7071067811865475,-0.7856498550787144,-0.6186714032625032,regresion_individual_ac_power,297.9109915918707,-30.894325091870712,ac_power
1430,2010-08-23 10:00:00,248.338333,838.18944975,25.89734975,0.4999999999999999,-0.8660254037844387,-0.7856498550787144,-0.6186714032625032,regresion_individual_ac_power,269.59649965675146,-21.258166656751456,ac_power
1430,2010-08-23 11:00:00,192.3949995,654.6974162500001,24.85663275,0.258819045102521,-0.9659258262890682,-0.7856498550787144,-0.6186714032625032,regresion_individual_ac_power,222.00713542086942,-29.612135920869406,ac_power
1430,2010-08-23 12:00:00,192.9849995,646.8722164999999,24.99068275,1.2246467991473532e-16,-1.0,-0.7856498550787144,-0.6186714032625032,regresion_individual_ac_power,222.80414310664833,-29.81914360664834,ac_power
1430,2010-08-23 13:00:00,217.308333,725.9864665,25.51618275,-0.2588190451025208,-0.9659258262890684,-0.7856498550787144,-0.6186714032625032,regresion_individual_ac_power,247.67990614629886,-30.371573146298857,ac_power
1430,2010-08-23 14:00:00,118.30333275,382.6153995,25.2682995,-0.4999999999999997,-0.8660254037844388,-0.7856498550787144,-0.6186714032625032,regresion_individual_ac_power,153.3601475070687,-35.05681475706869,ac_power
1430,2010-08-23 15:00:00,35.818333,116.3292165,19.08379975,-0.7071067811865471,-0.7071067811865479,-0.7856498550787144,-0.6186714032625032,regresion_individual_ac_power,71.65757796720612,-35.83924496720612,ac_power
1430,2010-08-23 16:00:00,70.4949995,237.02616625,19.81579975,-0.8660254037844385,-0.5000000000000004,-0.7856498550787144,-0.6186714032625032,regresion_individual_ac_power,105.43033678700095,-34.93533728700095,ac_power
1430,2010-08-23 17:00:00,83.30166650000001,261.52678275,19.7909995,-0.9659258262890684,-0.2588190451025206,-0.7856498550787144,-0.6186714032625032,regresion_individual_ac_power,110.94103091033305,-27.639364410333044,ac_power
1430,2010-08-23 18:00:00,53.48666625,159.500033,19.596983,-1.0,-1.8369701987210287e-16,-0.7856498550787144,-0.6186714032625032,regresion_individual_ac_power,78.06168960211157,-24.57502335211157,ac_power
1430,2010-08-24 06:00:00,0.0,3.99791625,9.75896625,1.0,6.123233995736766e-17,-0.7961828637826154,-0.6050560696488494,regresion_individual_ac_power,21.325812671945073,-21.325812671945073,ac_power
1430,2010-08-24 07:00:00,0.0,16.83301625,9.8404495,0.9659258262890684,-0.2588190451025206,-0.7961828637826154,-0.6050560696488494,regresion_individual_ac_power,26.38731540401322,-26.38731540401322,ac_power
1430,2010-08-24 08:00:00,6.4616665,40.0619995,10.04724975,0.8660254037844387,-0.4999999999999998,-0.7961828637826154,-0.6050560696488494,regresion_individual_ac_power,34.20068594714656,-27.73901944714656,ac_power
1430,2010-08-24 09:00:00,37.14499975,117.215533,11.0407995,0.7071067811865476,-0.7071067811865475,-0.7961828637826154,-0.6050560696488494,regresion_individual_ac_power,56.798134144077686,-19.65313439407769,ac_power
1430,2010-08-24 10:00:00,180.84666650000003,605.22081625,14.85968275,0.4999999999999999,-0.8660254037844387,-0.7961828637826154,-0.6050560696488494,regresion_individual_ac_power,187.6757346559781,-6.829068155978064,ac_power
1430,2010-08-24 11:00:00,236.4966665,783.7257665,16.9071165,0.258819045102521,-0.9659258262890682,-0.7961828637826154,-0.6050560696488494,regresion_individual_ac_power,239.0963698723661,-2.5997033723660934,ac_power
1430,2010-08-24 12:00:00,264.2166665,864.39508325,18.464533,1.2246467991473532e-16,-1.0,-0.7961828637826154,-0.6050560696488494,regresion_individual_ac_power,266.27273111423915,-2.056064614239176,ac_power
1430,2010-08-24 13:00:00,284.41999975,896.6255832499999,19.82024975,-0.2588190451025208,-0.9659258262890684,-0.7961828637826154,-0.6050560696488494,regresion_individual_ac_power,281.5209219873425,2.899077762657498,ac_power
1430,2010-08-24 14:00:00,285.65666625,907.904283,21.777583,-0.4999999999999997,-0.8660254037844388,-0.7961828637826154,-0.6050560696488494,regresion_individual_ac_power,292.98498285819835,-7.3283166081983495,ac_power
1430,2010-08-24 15:00:00,285.62166625,923.78361625,22.656983,-0.7071067811865471,-0.7071067811865479,-0.7961828637826154,-0.6050560696488494,regresion_individual_ac_power,302.6789373383324,-17.057271088332413,ac_power
1430,2010-08-24 16:00:00,276.45166625,870.3956329999999,23.1535495,-0.8660254037844385,-0.5000000000000004,-0.7961828637826154,-0.6050560696488494,regresion_individual_ac_power,291.6409777591891,-15.18931150918911,ac_power
1430,2010-08-24 17:00:00,233.573333,694.96529975,23.0250995,-0.9659258262890684,-0.2588190451025206,-0.7961828637826154,-0.6050560696488494,regresion_individual_ac_power,242.44647005126595,-8.873137051265957,ac_power
1430,2010-08-24 18:00:00,106.33499975,290.72564950000003,22.2672665,-1.0,-1.8369701987210287e-16,-0.7961828637826154,-0.6050560696488494,regresion_individual_ac_power,120.00705821277687,-13.672058462776874,ac_power
1430,2010-08-25 06:00:00,3.31333325,48.14406625,12.7337165,1.0,6.123233995736766e-17,-0.8064799463209447,-0.5912614448635782,regresion_individual_ac_power,36.872178185589526,-33.558844935589526,ac_power
1430,2010-08-25 07:00:00,105.0766665,391.98303275,15.09106625,0.9659258262890684,-0.2588190451025206,-0.8064799463209447,-0.5912614448635782,regresion_individual_ac_power,131.84524188328822,-26.768575383288223,ac_power
1430,2010-08-25 08:00:00,239.82499975,805.0829162499999,19.669433,0.8660254037844387,-0.4999999999999998,-0.8064799463209447,-0.5912614448635782,regresion_individual_ac_power,247.40563033965532,-7.580630589655328,ac_power
1430,2010-08-25 09:00:00,283.6449995,952.861816,21.1846995,0.7071067811865476,-0.7071067811865475,-0.8064799463209447,-0.5912614448635782,regresion_individual_ac_power,289.20204822141375,-5.557048721413764,ac_power
1430,2010-08-25 10:00:00,288.54333325,960.5788495,22.70399975,0.4999999999999999,-0.8660254037844387,-0.8064799463209447,-0.5912614448635782,regresion_individual_ac_power,296.52234025692064,-7.979007006920654,ac_power
1430,2010-08-25 11:00:00,281.358333,922.3365495,23.7340165,0.258819045102521,-0.9659258262890682,-0.8064799463209447,-0.5912614448635782,regresion_individual_ac_power,291.7699670059163,-10.411634005916312,ac_power
1430,2010-08-25 12:00:00,276.2466665,903.32924975,24.6269495,1.2246467991473532e-16,-1.0,-0.8064799463209447,-0.5912614448635782,regresion_individual_ac_power,292.01364975704496,-15.766983257044956,ac_power
1430,2010-08-25 13:00:00,276.9999995,878.37726625,25.430533,-0.2588190451025208,-0.9659258262890684,-0.8064799463209447,-0.5912614448635782,regresion_individual_ac_power,290.42485610883966,-13.424856608839661,ac_power
1430,2010-08-25 14:00:00,280.99499975,882.7349664999999,26.0688665,-0.4999999999999997,-0.8660254037844388,-0.8064799463209447,-0.5912614448635782,regresion_individual_ac_power,296.0466088669633,-15.051609116963334,ac_power
1430,2010-08-25 15:00:00,280.303333,924.3278165,26.807416250000003,-0.7071067811865471,-0.7071067811865479,-0.8064799463209447,-0.5912614448635782,regresion_individual_ac_power,311.8734244373968,-31.570091437396798,ac_power
1430,2010-08-25 16:00:00,272.865,883.747133,26.9813165,-0.8660254037844385,-0.5000000000000004,-0.8064799463209447,-0.5912614448635782,regresion_individual_ac_power,302.8460740674177,-29.981074067417694,ac_power
1430,2010-08-25 17:00:00,230.58999975,703.2317995000001,26.623133,-0.9659258262890684,-0.2588190451025206,-0.8064799463209447,-0.5912614448635782,regresion_individual_ac_power,250.11580066594695,-19.525800915946945,ac_power
1430,2010-08-25 18:00:00,103.548333,285.81108325,25.5296665,-1.0,-1.8369701987210287e-16,-0.8064799463209447,-0.5912614448635782,regresion_individual_ac_power,120.36466656784779,-16.816333567847792,ac_power
1430,2010-08-26 06:00:00,1.995,52.49274975,18.32576625,1.0,6.123233995736766e-17,-0.8165380514459157,-0.5772916165517278,regresion_individual_ac_power,42.713590993202345,-40.71859099320235,ac_power
1430,2010-08-26 07:00:00,108.59166625,411.7368495,20.25469975,0.9659258262890684,-0.2588190451025206,-0.8165380514459157,-0.5772916165517278,regresion_individual_ac_power,144.78283823435186,-36.191171984351854,ac_power
1430,2010-08-26 08:00:00,249.1699995,834.885933,23.20664975,0.8660254037844387,-0.4999999999999998,-0.8165380514459157,-0.5772916165517278,regresion_individual_ac_power,262.74116676227504,-13.571167262275054,ac_power
1430,2010-08-26 09:00:00,286.7516665,982.5999495,26.74098325,0.7071067811865476,-0.7071067811865475,-0.8165380514459157,-0.5772916165517278,regresion_individual_ac_power,309.39017372766705,-22.63850722766705,ac_power
1430,2010-08-26 10:00:00,286.303333,973.17636625,27.96643325,0.4999999999999999,-0.8660254037844387,-0.8165380514459157,-0.5772916165517278,regresion_individual_ac_power,311.50449737881627,-25.20116437881626,ac_power
1430,2010-08-26 11:00:00,278.96166625,939.6642165,28.9000995,0.258819045102521,-0.9659258262890682,-0.8165380514459157,-0.5772916165517278,regresion_individual_ac_power,307.3328737900996,-28.37120754009959,ac_power
1430,2010-08-26 12:00:00,273.22166625,909.19113275,29.2398995,1.2246467991473532e-16,-1.0,-0.8165380514459157,-0.5772916165517278,regresion_individual_ac_power,303.13013702482056,-29.908470774820557,ac_power
1430,2010-08-26 13:00:00,273.37666625,900.38171625,29.47411625,-0.2588190451025208,-0.9659258262890684,-0.8165380514459157,-0.5772916165517278,regresion_individual_ac_power,304.507832765284,-31.13116651528395,ac_power
1430,2010-08-26 14:00:00,281.33333275,923.88404975,30.1643995,-0.4999999999999997,-0.8660254037844388,-0.8165380514459157,-0.5772916165517278,regresion_individual_ac_power,315.2927676791252,-33.959434929125166,ac_power
1430,2010-08-26 15:00:00,284.2016665,945.04799975,30.55509975,-0.7071067811865471,-0.7071067811865479,-0.8165380514459157,-0.5772916165517278,regresion_individual_ac_power,324.62060853181913,-40.41894203181914,ac_power
1430,2010-08-26 16:00:00,277.40166625,894.5210997499998,30.0833665,-0.8660254037844385,-0.5000000000000004,-0.8165380514459157,-0.5772916165517278,regresion_individual_ac_power,311.16986590800434,-33.768199658004335,ac_power
1430,2010-08-26 17:00:00,232.99999975,716.518333,29.46914975,-0.9659258262890684,-0.2588190451025206,-0.8165380514459157,-0.5772916165517278,regresion_individual_ac_power,257.6169967890668,-24.616997039066774,ac_power
1430,2010-08-26 18:00:00,90.90333275,256.2433665,28.03241625,-1.0,-1.8369701987210287e-16,-0.8165380514459157,-0.5772916165517278,regresion_individual_ac_power,111.9444167473002,-21.04108399730019,ac_power
1430,2010-08-27 06:00:00,0.0,44.877316500000006,19.20434975,1.0,6.123233995736766e-17,-0.8263541987239094,-0.5631507242749187,regresion_individual_ac_power,41.59953990315299,-41.59953990315299,ac_power
1430,2010-08-27 07:00:00,100.45666625,384.21119975,21.37716625,0.9659258262890684,-0.2588190451025206,-0.8263541987239094,-0.5631507242749187,regresion_individual_ac_power,139.1930013185615,-38.7363350685615,ac_power
1430,2010-08-27 08:00:00,236.268333,801.14244975,25.05294975,0.8660254037844387,-0.4999999999999998,-0.8263541987239094,-0.5631507242749187,regresion_individual_ac_power,257.6710347565291,-21.40270175652907,ac_power
1430,2010-08-27 09:00:00,278.7249995,954.878533,27.6610995,0.7071067811865476,-0.7071067811865475,-0.8263541987239094,-0.5631507242749187,regresion_individual_ac_power,304.53711252040057,-25.812113020400545,ac_power
1430,2010-08-27 10:00:00,278.26999950000004,947.5835165,29.479533,0.4999999999999999,-0.8660254037844387,-0.8263541987239094,-0.5631507242749187,regresion_individual_ac_power,308.1491595223249,-29.879160022324868,ac_power
1430,2010-08-27 11:00:00,233.25833275,784.28781625,29.379133,0.258819045102521,-0.9659258262890682,-0.8263541987239094,-0.5631507242749187,regresion_individual_ac_power,266.95800225098503,-33.69966950098504,ac_power
1430,2010-08-27 12:00:00,96.74999975,300.38203275,27.84966625,1.2246467991473532e-16,-1.0,-0.8263541987239094,-0.5631507242749187,regresion_individual_ac_power,133.84987923182013,-37.099879481820125,ac_power
1430,2010-08-27 13:00:00,155.21999975,500.58621625,28.13341625,-0.2588190451025208,-0.9659258262890684,-0.8263541987239094,-0.5631507242749187,regresion_individual_ac_power,192.08037774274345,-36.86037799274345,ac_power
1430,2010-08-27 14:00:00,175.4716665,622.36789975,28.58981625,-0.4999999999999997,-0.8660254037844388,-0.8263541987239094,-0.5631507242749187,regresion_individual_ac_power,228.5872254214382,-53.11555892143821,ac_power
1430,2010-08-27 15:00:00,188.39666625,637.23126625,29.13711625,-0.7071067811865471,-0.7071067811865479,-0.8263541987239094,-0.5631507242749187,regresion_individual_ac_power,234.4985076162558,-46.1018413662558,ac_power
1430,2010-08-27 16:00:00,204.553333,675.15308275,29.25269975,-0.8660254037844385,-0.5000000000000004,-0.8263541987239094,-0.5631507242749187,regresion_individual_ac_power,246.17162738953073,-41.61829438953072,ac_power
1430,2010-08-27 17:00:00,67.33333275000001,217.91328325,28.15331625,-0.9659258262890684,-0.2588190451025206,-0.8263541987239094,-0.5631507242749187,regresion_individual_ac_power,104.46632426137953,-37.132991511379515,ac_power
1430,2010-08-27 18:00:00,25.448333,81.8150495,26.86076625,-1.0,-1.8369701987210287e-16,-0.8263541987239094,-0.5631507242749187,regresion_individual_ac_power,57.80469445101985,-32.35636145101985,ac_power
1430,2010-08-28 06:00:00,0.0,19.6087995,20.962233,1.0,6.123233995736766e-17,-0.8359254794186365,-0.5488429582847199,regresion_individual_ac_power,35.582237973676754,-35.582237973676754,ac_power
1430,2010-08-28 07:00:00,6.995,83.65636624999999,21.158083,0.9659258262890684,-0.2588190451025206,-0.8359254794186365,-0.5488429582847199,regresion_individual_ac_power,57.0752105757379,-50.0802105757379,ac_power
1430,2010-08-28 08:00:00,217.413333,742.485083,23.57684975,0.8660254037844387,-0.4999999999999998,-0.8359254794186365,-0.5488429582847199,regresion_individual_ac_power,240.5179604179806,-23.104627417980595,ac_power
1430,2010-08-28 09:00:00,277.8049995,955.335033,27.39181625,0.7071067811865476,-0.7071067811865475,-0.8359254794186365,-0.5488429582847199,regresion_individual_ac_power,305.07620540627545,-27.27120590627544,ac_power
1430,2010-08-28 10:00:00,283.31999975,950.07829975,27.804383,0.4999999999999999,-0.8660254037844387,-0.8359254794186365,-0.5488429582847199,regresion_individual_ac_power,306.872801267618,-23.55280151761798,ac_power
1430,2010-08-28 11:00:00,265.55499975,862.2143664999999,28.08836625,0.258819045102521,-0.9659258262890682,-0.8359254794186365,-0.5488429582847199,regresion_individual_ac_power,287.0116243998939,-21.45662464989391,ac_power
1430,2010-08-28 12:00:00,211.5299995,698.6834165,28.16883325,1.2246467991473532e-16,-1.0,-0.8359254794186365,-0.5488429582847199,regresion_individual_ac_power,245.89165016884039,-34.36165066884038,ac_power
1430,2010-08-28 13:00:00,259.72666625,910.420683,29.04471625,-0.2588190451025208,-0.9659258262890684,-0.8359254794186365,-0.5488429582847199,regresion_individual_ac_power,308.47153669015427,-48.74487044015427,ac_power
1430,2010-08-28 14:00:00,158.4849995,548.09946625,28.859633,-0.4999999999999997,-0.8660254037844388,-0.8359254794186365,-0.5488429582847199,regresion_individual_ac_power,208.5559924520173,-50.07099295201732,ac_power
1430,2010-08-28 15:00:00,46.99333275,158.94699975,27.65816625,-0.7071067811865471,-0.7071067811865479,-0.8359254794186365,-0.5488429582847199,regresion_individual_ac_power,93.17981236049503,-46.186479610495034,ac_power
1430,2010-08-28 16:00:00,39.708333,137.4727665,27.39789975,-0.8660254037844385,-0.5000000000000004,-0.8359254794186365,-0.5488429582847199,regresion_individual_ac_power,83.96696380584116,-44.25863080584116,ac_power
1430,2010-08-28 17:00:00,79.06166625,247.49114975,27.194033,-0.9659258262890684,-0.2588190451025206,-0.8359254794186365,-0.5488429582847199,regresion_individual_ac_power,114.59742044639039,-35.535754196390386,ac_power
1430,2010-08-28 18:00:00,12.93499975,45.9276665,25.41756625,-1.0,-1.8369701987210287e-16,-0.8359254794186365,-0.5488429582847199,regresion_individual_ac_power,47.79646743093079,-34.86146768093079,ac_power
1430,2010-08-29 06:00:00,0.27333325,35.71193325,15.98369975,1.0,6.123233995736766e-17,-0.8452490573530634,-0.5343725582809785,regresion_individual_ac_power,38.546254570571925,-38.272921320571925,ac_power
1430,2010-08-29 07:00:00,105.45666625,406.2729165,18.57568275,0.9659258262890684,-0.2588190451025206,-0.8452490573530634,-0.5343725582809785,regresion_individual_ac_power,143.18379938899915,-37.72713313899915,ac_power
1430,2010-08-29 08:00:00,248.47666625,831.07251625,22.02574975,0.8660254037844387,-0.4999999999999998,-0.8452490573530634,-0.5343725582809785,regresion_individual_ac_power,261.6447212254525,-13.168054975452492,ac_power
1430,2010-08-29 09:00:00,290.37666625,1008.04006625,24.4091665,0.7071067811865476,-0.7071067811865475,-0.8452490573530634,-0.5343725582809785,regresion_individual_ac_power,313.6729117623039,-23.29624551230387,ac_power
1430,2010-08-29 10:00:00,254.06166625,908.19923325,25.39926625,0.4999999999999999,-0.8660254037844387,-0.8452490573530634,-0.5343725582809785,regresion_individual_ac_power,292.00835671003483,-37.94669046003483,ac_power
1430,2010-08-29 11:00:00,237.87499975,783.64181625,25.6609165,0.258819045102521,-0.9659258262890682,-0.8452490573530634,-0.5343725582809785,regresion_individual_ac_power,262.6053705930776,-24.730370843077623,ac_power
1430,2010-08-29 12:00:00,272.778333,905.83043275,26.6505995,1.2246467991473532e-16,-1.0,-0.8452490573530634,-0.5343725582809785,regresion_individual_ac_power,300.18242559631256,-27.40409259631258,ac_power
1430,2010-08-29 13:00:00,294.608333,978.7521165,27.930533,-0.2588190451025208,-0.9659258262890684,-0.8452490573530634,-0.5343725582809785,regresion_individual_ac_power,325.9759380141345,-31.367605014134483,ac_power
1430,2010-08-29 14:00:00,202.923333,713.64341625,27.73406625,-0.4999999999999997,-0.8660254037844388,-0.8452490573530634,-0.5343725582809785,regresion_individual_ac_power,255.2578328880801,-52.334499888080074,ac_power
1430,2010-08-29 15:00:00,153.63166625,521.0672995,28.247583,-0.7071067811865471,-0.7071067811865479,-0.8452490573530634,-0.5343725582809785,regresion_individual_ac_power,201.63399353228667,-48.00232728228667,ac_power
1430,2010-08-29 16:00:00,124.3649995,414.82801625,27.766133,-0.8660254037844385,-0.5000000000000004,-0.8452490573530634,-0.5343725582809785,regresion_individual_ac_power,169.07997321637413,-44.71497371637413,ac_power
1430,2010-08-29 17:00:00,97.47333275,314.0894165,27.070833,-0.9659258262890684,-0.2588190451025206,-0.8452490573530634,-0.5343725582809785,regresion_individual_ac_power,136.05899653888372,-38.58566378888372,ac_power
1430,2010-08-29 18:00:00,34.8749995,107.01494975,23.502633,-1.0,-1.8369701987210287e-16,-0.8452490573530634,-0.5343725582809785,regresion_individual_ac_power,67.89298254026971,-33.01798304026971,ac_power
